ssp,spec,estimator,L,year,point,q025,q05,q10,q25,q50,q75,q90,q95,q975
SSP585,Interactive,AFE,0,2021,-3.580295461824701e-5,-2.817595671041673e-4,-2.460686463006678e-4,-1.9938359248979908e-4,-1.1368075407974798e-4,-2.581572930798748e-5,5.040459214838977e-5,1.324878956846965e-4,1.777071906807203e-4,2.102896325014869e-4
SSP585,Interactive,AFE,0,2022,-1.1628852913803112e-4,-8.571365354606703e-4,-7.485941151950615e-4,-6.065029660942023e-4,-3.4957468071580844e-4,-8.757907157525002e-5,1.415883425460729e-4,3.8845973108017097e-4,5.261078899787217e-4,6.212502211865532e-4
SSP585,Interactive,AFE,0,2023,-2.501962541585634e-4,-0.0017387700145075182,-0.001517181050367783,-0.0012295151884669899,-7.179904784321844e-4,-1.8938366597770484e-4,2.668269429916825e-4,7.590726603762702e-4,0.001038156436206061,0.0012280568491170316
SSP585,Interactive,AFE,0,2024,-4.461130653229395e-4,-0.002935512096055462,-0.0025561772590442676,-0.0020761326311475536,-0.0012302097972503034,-3.5157654041173547e-4,4.1991704284166653e-4,0.0012356437547270233,0.0017069306637015555,0.0020298357885394913
SSP585,Interactive,AFE,0,2025,-7.124600653541924e-4,-0.0044489100781662455,-0.003879607978476407,-0.003159580347346469,-0.0018873012532938382,-5.725856640298455e-4,5.977594635582784e-4,0.0018096501258797254,0.002525796499506172,0.00301071538263461
SSP585,Interactive,AFE,0,2026,-0.001120456238030032,-0.006352899226256775,-0.005549939786713032,-0.004556215381264683,-0.0027706522435239356,-9.239410006510185e-4,7.208646504716087e-4,0.0024399428346415517,0.0034164587878912516,0.0041099741977832895
SSP585,Interactive,AFE,0,2027,-0.0015758268081766946,-0.008550108031765518,-0.007500040294554711,-0.006159275243362905,-0.0037623393136538286,-0.0013171278453552038,8.82537977751896e-4,0.00319844807184966,0.004477580034636773,0.0054088262182090605
SSP585,Interactive,AFE,0,2028,-0.002130497069404602,-0.011092150282394724,-0.009775689102991408,-0.00801707268604186,-0.004944540973434747,-0.0018032083255068998,0.001032120684397786,0.004040873293774475,0.005657729462085767,0.006874771746293871
SSP585,Interactive,AFE,0,2029,-0.0027924741713031276,-0.013985109981404004,-0.012379727749610148,-0.010107122578060323,-0.00632238571462701,-0.0023877922210939206,0.001166904773848898,0.004956388998251774,0.006949294059039963,0.008495339503721647
SSP585,Interactive,AFE,0,2030,-0.003569547013051233,-0.017234441752256267,-0.015281957889059089,-0.012450875876863065,-0.00790990387981591,-0.0030765639432289715,0.0012702016986239628,0.005942200186829298,0.008391588283041191,0.010282273165856046
SSP585,Interactive,AFE,0,2031,-0.004605257833709908,-0.02097422714964259,-0.01873736684845344,-0.015257062526375976,-0.0098600931499159,-0.004027646663979423,0.001210931397644277,0.006919143887545555,0.009859018035575881,0.012188108592580685
SSP585,Interactive,AFE,0,2032,-0.0056578229476743624,-0.024977288761744057,-0.022347703072828018,-0.018201127445253883,-0.011873003011599242,-0.004954449715279252,0.0012294111587637935,0.008066565769582446,0.011526750306389697,0.014233254034366885
SSP585,Interactive,AFE,0,2033,-0.006848694710859471,-0.029350865557642682,-0.02627791241500291,-0.021432131651591777,-0.014067128903133441,-0.006034948646984062,0.001199796974405476,0.009162731647571533,0.013262289333409047,0.016394211297016754
SSP585,Interactive,AFE,0,2034,-0.008184669163114888,-0.03409763442998257,-0.03063611147611813,-0.02494286222984656,-0.016454556962367084,-0.007246321934017086,0.0010962313459064177,0.010359502701806834,0.015100257963188255,0.01877666567893381
SSP585,Interactive,AFE,0,2035,-0.009672289138148216,-0.03921954219891047,-0.03533074743309027,-0.02877190778053874,-0.019081290750103008,-0.008582849796815006,9.902064740067162e-4,0.011575390959444421,0.016990001450827283,0.02130179268006846
SSP585,Interactive,AFE,0,2036,-0.011526046639014687,-0.0449082040762791,-0.04060770858140578,-0.033108051570546526,-0.022111841057575576,-0.010264367288134402,5.064049644296631e-4,0.01260031914575448,0.018738569914231926,0.02368195863955725
SSP585,Interactive,AFE,0,2037,-0.013349151181536678,-0.05080585926856047,-0.04599376267327013,-0.037574026453372024,-0.02528111695100091,-0.011906125337271145,2.0476690298049105e-4,0.013832680608898043,0.02071819579722894,0.02629219291263495
SSP585,Interactive,AFE,0,2038,-0.015339683288930872,-0.05707808276140527,-0.05172829331000374,-0.04234506183306862,-0.028731240115187295,-0.013694620016033499,-2.1870472248086692e-4,0.015084954101235008,0.022773799328818234,0.02899370399849716
SSP585,Interactive,AFE,0,2039,-0.01750278505186731,-0.06378903767764066,-0.05780392441538268,-0.04742276833090414,-0.032364850118827754,-0.015667388526023063,-6.460508951656174e-4,0.016332396807580366,0.024893109379537277,0.031783677153089385
SSP585,Interactive,AFE,0,2040,-0.019843311009874354,-0.07091712176229123,-0.0641278917614365,-0.052801494359597856,-0.03618292596881484,-0.017693708822307364,-0.0011724540299175301,0.017576317603299453,0.027082137734705927,0.034656847769048635
SSP585,Interactive,AFE,0,2041,-0.022547467101355356,-0.0785984384901673,-0.0710156180013835,-0.058636099652145605,-0.040306432021023075,-0.02007502422384544,-0.0020980728367733237,0.018574993692211387,0.029076004608176782,0.03744310053438154
SSP585,Interactive,AFE,0,2042,-0.025236211618313686,-0.0864420930021929,-0.07813093072061486,-0.06461063098807585,-0.044586824287689814,-0.02253462788204319,-0.0028248415957874418,0.01975909640970921,0.03137638340187113,0.04050375525167415
SSP585,Interactive,AFE,0,2043,-0.028107882081142566,-0.09463869095430547,-0.0856438113823421,-0.07079599139474353,-0.04904692387900722,-0.02517063953924753,-0.0036289883373491205,0.020924021774207897,0.03372216183250355,0.04368753858850436
SSP585,Interactive,AFE,0,2044,-0.031165583294698984,-0.10310181513946576,-0.09345035944988762,-0.0771255182269407,-0.05388994874259201,-0.027986604154471184,-0.004559308311733262,0.02206471097526555,0.036109131342348395,0.046973613470522514
SSP585,Interactive,AFE,0,2045,-0.034412111951404256,-0.11187028907514235,-0.10150568540802171,-0.08390121764806825,-0.05894452857941421,-0.030980820176056023,-0.005605089634490662,0.023176277235736398,0.038533179332119194,0.050334349202942524
SSP585,Interactive,AFE,0,2046,-0.03783342642371268,-0.12089937316131737,-0.10983128342336784,-0.09096492217987308,-0.06421975363136448,-0.034116338729191675,-0.0067454012369445315,0.024301521784706428,0.040898037293361326,0.053751966335375975
SSP585,Interactive,AFE,0,2047,-0.04140155788903166,-0.13024680070761233,-0.11843280245133457,-0.09829857393421575,-0.06966803836715063,-0.03751090214695857,-0.007967505394177399,0.025429550644096192,0.04344818085170545,0.057317720113684044
SSP585,Interactive,AFE,0,2048,-0.04515460849953512,-0.1398887370190515,-0.12731711960431455,-0.10580953506180914,-0.0752711632378032,-0.04091731340610444,-0.00916243516363921,0.026528436633577995,0.04603425451450837,0.060955765246760094
SSP585,Interactive,AFE,0,2049,-0.04909360851582667,-0.1498149460653605,-0.13647311733764877,-0.1135801243277619,-0.08120215929958813,-0.04445462205655726,-0.010579938812272871,0.027587126331560324,0.048653210103591554,0.0646625955464709
SSP585,Interactive,AFE,0,2050,-0.05321928278830668,-0.16001468046964745,-0.14588942092132848,-0.12160575857172835,-0.08746427343585156,-0.04816192815690984,-0.012115485991597424,0.028750109089146877,0.051302101781730516,0.06843479111403994
SSP585,Interactive,AFE,0,2051,-0.05707165539324632,-0.16991466475962128,-0.15501142892543102,-0.12961589418470845,-0.09335408621281777,-0.05174800065353258,-0.0131230157030581,0.030288633473414407,0.05428553861542397,0.07258769608160966
SSP585,Interactive,AFE,0,2052,-0.06143327209329419,-0.1804957185273283,-0.16478591756836974,-0.13805111690710895,-0.09980092436066945,-0.055724860778566365,-0.014713524971313785,0.03176263954304058,0.05712747239316886,0.0766227348100419
SSP585,Interactive,AFE,0,2053,-0.06596603367172649,-0.19139288708264732,-0.17477990359137918,-0.14671531699774,-0.10643868270767798,-0.059911388182803615,-0.016281748796947826,0.033097408551809517,0.060009211343131474,0.08073157760888802
SSP585,Interactive,AFE,0,2054,-0.07066883683584457,-0.20244307332726494,-0.18498239227341373,-0.15560220546385697,-0.11318094453636404,-0.06412029450270723,-0.01794287406914402,0.03418694244399389,0.06292933674675713,0.08491230837086602
SSP585,Interactive,AFE,0,2055,-0.07554029897306869,-0.21356982361678162,-0.19537397829820954,-0.1647027015024957,-0.12009382946043448,-0.06849691354747411,-0.01977932538962618,0.03521364449160433,0.06588656582807331,0.08916313425822452
SSP585,Interactive,AFE,0,2056,-0.07951262904260648,-0.2237959120396248,-0.20464146715648465,-0.17330991774277096,-0.1263260370975031,-0.07215456840722301,-0.020806764429169095,0.03725005325288657,0.06978658963440305,0.09439378175029686
SSP585,Interactive,AFE,0,2057,-0.08451044321449275,-0.23519484069925223,-0.21532324670113287,-0.18267701492286714,-0.13349940238131056,-0.07666960916860455,-0.02282468531373502,0.03872883105061847,0.07303561460364637,0.09908035947932207
SSP585,Interactive,AFE,0,2058,-0.08965221421707881,-0.24674039824695768,-0.22603104936060475,-0.19222614701252258,-0.14091962453335974,-0.08132210986251565,-0.024942064878175046,0.04034548226181034,0.0763429903975189,0.103877498166281
SSP585,Interactive,AFE,0,2059,-0.09493487473083106,-0.25841892811240824,-0.23678276380777286,-0.2019494760430234,-0.14857314986575848,-0.08611064609400954,-0.027158664409354966,0.04182531765026386,0.07970944743788458,0.10878758842013833
SSP585,Interactive,AFE,0,2060,-0.10035512756853537,-0.2702167019424508,-0.2478423477827094,-0.2118389627569243,-0.15648533065173795,-0.09103364635436167,-0.029465483457915442,0.04314218431980993,0.08314669944106858,0.11381331372411702
SSP585,Interactive,AFE,0,2061,-0.10407693753617742,-0.2802563061479354,-0.2570141133284811,-0.2205130774585248,-0.16317038922847565,-0.09439590158294131,-0.029458420335306906,0.046426465481807774,0.08930601351131094,0.12131209764742092
SSP585,Interactive,AFE,0,2062,-0.10948573428943753,-0.2920159344689836,-0.2681371384018108,-0.23039798789691732,-0.17091826670928925,-0.09919025507049584,-0.031443881307010924,0.048287137873580396,0.09348959135673,0.1269684116211616
SSP585,Interactive,AFE,0,2063,-0.11500028169055843,-0.30384061099490706,-0.2795661375566757,-0.24039804380360907,-0.17874256140075423,-0.1040651881579876,-0.033471107104770664,0.049971623313628685,0.09781281482647464,0.13278644369190706
SSP585,Interactive,AFE,0,2064,-0.1206159813365274,-0.31575954118751065,-0.29108097526728105,-0.25050427776516243,-0.18656961717252846,-0.10906775958985954,-0.035543936512774404,0.05163092788092574,0.10228281648977286,0.13877213502925442
SSP585,Interactive,AFE,0,2065,-0.1263280784400731,-0.3279917273375518,-0.3022749726771707,-0.26070767457900323,-0.19425159671263748,-0.11417004714507617,-0.03755097846322078,0.05328594279217971,0.1065353964518783,0.1449049382840043
SSP585,Interactive,AFE,0,2066,-0.12965551044887413,-0.33804920382252823,-0.3103943998300778,-0.26902788690813223,-0.20027054053712057,-0.117298281423524,-0.037004355435852704,0.05748912788320055,0.11295979225041852,0.1535947247891458
SSP585,Interactive,AFE,0,2067,-0.13526603572480256,-0.35014495045194693,-0.3211868544456501,-0.2792109906489116,-0.20793748023459,-0.12252701332463184,-0.03868860606060087,0.059519905809521226,0.11756560570558235,0.1600420374173616
SSP585,Interactive,AFE,0,2068,-0.14094079951013683,-0.36225430903247685,-0.3319576174166459,-0.2894551446674362,-0.21593451161887717,-0.1276547172949996,-0.04043288439736653,0.06154228726478351,0.12228256492931257,0.16665622721859794
SSP585,Interactive,AFE,0,2069,-0.14667428525972848,-0.3743658824759993,-0.3434843230838383,-0.29975146000912645,-0.22426722734765892,-0.1328281896379933,-0.04216822631024733,0.0636078946368389,0.12711710419818925,0.1734427687285102
SSP585,Interactive,AFE,0,2070,-0.1524608986763033,-0.38646781194178853,-0.3552055533671452,-0.310089696561525,-0.23248085701904525,-0.13827637595763725,-0.04375936805916689,0.06571604212981078,0.13207324870658685,0.1804074824871683
SSP585,Interactive,AFE,0,2071,-0.15512380069780807,-0.3948320802913212,-0.36382086796896146,-0.31795177410578707,-0.23736216455562592,-0.14012029897341122,-0.04264594921313883,0.0703446581834133,0.14110982720441625,0.19391567540763227
SSP585,Interactive,AFE,0,2072,-0.16073587859089666,-0.4057072498073792,-0.3745975525765921,-0.32814092907440545,-0.2452625687000683,-0.145112725498578,-0.04431758289350393,0.07325560365916904,0.1470996144184136,0.20375828060747767
SSP585,Interactive,AFE,0,2073,-0.16637154520090103,-0.4164780378432709,-0.38455297545287304,-0.3383382589039242,-0.25309072380727154,-0.15011851343925697,-0.04578948665431032,0.07653208543388978,0.15289554704688973,0.2123789971504878
SSP585,Interactive,AFE,0,2074,-0.17202496197329642,-0.4271353242811796,-0.39551217976325925,-0.3485355096458084,-0.26114388016198825,-0.15532537516016837,-0.047414631241157024,0.07920580377612449,0.15860247728810054,0.220566136434588
SSP585,Interactive,AFE,0,2075,-0.17769028359158545,-0.4384141478402413,-0.40642657744328986,-0.35872457930066454,-0.26941984148947734,-0.15982771230671022,-0.049035616023485384,0.0819706459678251,0.16445451403864594,0.22896386887962414
SSP585,Interactive,AFE,0,2076,-0.17940467170816288,-0.4469663154882574,-0.41404704380146545,-0.36599268599676327,-0.27412955077061496,-0.16148705258712592,-0.0457919302748617,0.08930029354377803,0.17584860634805632,0.24134167203398826
SSP585,Interactive,AFE,0,2077,-0.18483698646397018,-0.4582227735406092,-0.423907169072753,-0.3760121006511789,-0.28121240468260156,-0.16570318161179265,-0.04654414576222962,0.09259711614747562,0.18313601165080393,0.25047345919330255
SSP585,Interactive,AFE,0,2078,-0.19025556840182822,-0.469383537072657,-0.4339150302372608,-0.38599800121910244,-0.28903582706167796,-0.16999181231819777,-0.04792846076716489,0.09601648466508234,0.19069249598696217,0.25985564963063834
SSP585,Interactive,AFE,0,2079,-0.19565468965734,-0.4805244884811047,-0.4439801879674921,-0.3959431930199407,-0.2970853636214641,-0.17571318939859787,-0.04945266639591339,0.10009387174635638,0.19801682769816784,0.26949672861248064
SSP585,Interactive,AFE,0,2080,-0.20102866711077982,-0.49199721375578487,-0.4539323736391449,-0.40580126350784734,-0.3042422560281388,-0.18075576590915882,-0.050566052864752103,0.10446911583869416,0.20479545749679462,0.2794055815552911
SSP585,Interactive,AFE,0,2081,-0.2015608273572368,-0.5004110375946049,-0.4604533850735011,-0.41213154993683065,-0.30616380950744315,-0.18076809179073677,-0.04568578721290284,0.11472209688925254,0.21588629477642643,0.2946317665186401
SSP585,Interactive,AFE,0,2082,-0.20662047111626325,-0.5115931993309067,-0.47042482812561087,-0.42201325420332725,-0.3132601537841596,-0.18504935210484652,-0.04577279323896777,0.11932783573519687,0.22365646364311598,0.3054875745980905
SSP585,Interactive,AFE,0,2083,-0.21163141757053017,-0.5224559560061363,-0.47985102816930314,-0.43158143362057344,-0.32066565249487666,-0.18957926665084718,-0.046216592040927235,0.12434834176834617,0.23345149508525334,0.31900934718717044
SSP585,Interactive,AFE,0,2084,-0.21658826653427443,-0.5322616364906235,-0.4898424969526515,-0.4405548046025535,-0.32805161079269957,-0.19428489554760286,-0.04718815483426056,0.1294289587732399,0.2426840901429499,0.33123009234582484
SSP585,Interactive,AFE,0,2085,-0.2214856906103817,-0.5419042371565227,-0.4997214654046425,-0.4484795189000052,-0.3355418507605722,-0.19784383963297386,-0.04823560490142889,0.13464194873018087,0.25125668630419645,0.34273731809801095
SSP585,Interactive,AFE,0,2086,-0.22083422567473088,-0.5472175023787119,-0.506072864113013,-0.4539296304606433,-0.3370121116093982,-0.19665118461470332,-0.040090639858455124,0.14767890148267726,0.2666524267585211,0.3635086761257755
SSP585,Interactive,AFE,0,2087,-0.22536821325499612,-0.5567880888747523,-0.5164546401662565,-0.4619162452655555,-0.34439984929177914,-0.20026022041366304,-0.0395505925915928,0.15585643672614252,0.27614758417511787,0.37860696898549917
SSP585,Interactive,AFE,0,2088,-0.22982253683127207,-0.5674241842637108,-0.5253379513004945,-0.4711051180486292,-0.3510327395975489,-0.20445483499342365,-0.03965088615691803,0.16524105679454681,0.28745886035443,0.3942657208836545
SSP585,Interactive,AFE,0,2089,-0.2341922189434964,-0.5779648811643487,-0.5334481819596035,-0.4800227883775116,-0.3575461067377955,-0.20776010135760348,-0.039221222129379896,0.1748596346922109,0.2977832376611727,0.4105378209211221
SSP585,Interactive,AFE,0,2090,-0.23847235914436837,-0.5883459019219712,-0.5426093997730488,-0.487814968002709,-0.3636248225292318,-0.21197580556815138,-0.03902906320008839,0.18405768450323529,0.3104576804926512,0.4274500497471312
SSP585,Interactive,AFE,0,2091,-0.2365278254792722,-0.595382646958791,-0.5473510715907283,-0.4924784615977049,-0.3649194269598531,-0.2099755249196551,-0.030911119611885585,0.202590088623444,0.33688419095941563,0.45494355491197563
SSP585,Interactive,AFE,0,2092,-0.2404071959909081,-0.6039375403587114,-0.5561078625538184,-0.49981573155187853,-0.3707824434144744,-0.2134309119423799,-0.028303573735917714,0.21029480822912322,0.35404332513304143,0.4737603168908344
SSP585,Interactive,AFE,0,2093,-0.24417990812795354,-0.6117747025585456,-0.5647274011169505,-0.5069838133573565,-0.3768405274969344,-0.21599858899640118,-0.025971116883941908,0.21811087456992376,0.3698933734222457,0.4931412328864776
SSP585,Interactive,AFE,0,2094,-0.24784139577402586,-0.6194225112442507,-0.5731885677720617,-0.5146976839945384,-0.3830620400140192,-0.21821286862831235,-0.024178967400681983,0.22616120432823542,0.3843749448615958,0.5137753561248481
SSP585,Interactive,AFE,0,2095,-0.25138715412069124,-0.6268254707924386,-0.5814980812748779,-0.5214137842410933,-0.38952688639890154,-0.22084498708825107,-0.02334201295500904,0.2342817426457371,0.3992545787894049,0.5350547708446505
SSP585,Interactive,AFE,0,2096,-0.2479648179752474,-0.6306753336699656,-0.5854709574356879,-0.5217235889955726,-0.38863334699898594,-0.21503828019854704,-0.014309399117919508,0.24817482975724792,0.4246540752334549,0.5695507243184985
SSP585,Interactive,AFE,0,2097,-0.251021776490825,-0.6388320502473845,-0.594809350048142,-0.5278171700378406,-0.39405605893817436,-0.21738378602235314,-0.012579086404683804,0.26120233388920205,0.4411270502216651,0.5933207001805069
SSP585,Interactive,AFE,0,2098,-0.2539468540695302,-0.6468649581493617,-0.6040315448781369,-0.5348401660077231,-0.4012667464350992,-0.21869487892174228,-0.010465754491033041,0.27088369460372497,0.4582348666605217,0.6182873465569177
SSP585,Interactive,AFE,0,2099,-0.2567357966827979,-0.6547766539557413,-0.6110119500692839,-0.5427210305099234,-0.4052270002663131,-0.22050823643043826,-0.007218645454508399,0.28407340778680784,0.47673382715513374,0.6489383041175586
SSP585,Interactive,AFE,0,2100,-0.2593843761142064,-0.662038751770819,-0.616619440385894,-0.549469176032482,-0.4104266035160229,-0.22160595275501493,0.0017323952605965975,0.2941074480531992,0.5011198550749155,0.6793827162642798
SSP585,Interactive,AFE,1,2021,-3.0875785312911574e-5,-2.7879816753461625e-4,-2.2996686716995058e-4,-1.8903280572831748e-4,-1.1561124880657414e-4,-2.9301647441970502e-5,5.162482323106676e-5,1.3856484331331576e-4,1.8457645612393044e-4,2.1251919604060027e-4
SSP585,Interactive,AFE,1,2022,-9.095696676841847e-5,-9.083214949963975e-4,-7.252344462480243e-4,-5.842058481462797e-4,-3.373603180249207e-4,-8.598819548077952e-5,1.6599706169628803e-4,4.2968679613921725e-4,5.639906403807182e-4,6.603515255099942e-4
SSP585,Interactive,AFE,1,2023,-1.8631551069925312e-4,-0.0018816842638584214,-0.0016244878323089683,-0.0012378810049048505,-6.948096575561669e-4,-1.8038780424911582e-4,3.4224358185303005e-4,9.102217457162443e-4,0.0011819671960350052,0.001410223294724877
SSP585,Interactive,AFE,1,2024,-3.230025653311319e-4,-0.003219505101754064,-0.0028607543571600004,-0.002228300281923923,-0.0012227357191657573,-3.022082727721642e-4,5.852112632032669e-4,0.0015686574449812255,0.002003296829492573,0.002453161636151406
SSP585,Interactive,AFE,1,2025,-5.070399965672046e-4,-0.004975104620238685,-0.004420403952222812,-0.0034446439747319755,-0.0019150978200639657,-4.787404639109427e-4,9.288694889509896e-4,0.00242127387782638,0.0030512078459751894,0.0038376365400558604
SSP585,Interactive,AFE,1,2026,-7.903329686240745e-4,-0.00716336239658405,-0.006396350003489998,-0.0049997703242064765,-0.002823462744263816,-7.059835942031523e-4,0.001304602780813513,0.0034778877572065217,0.004296034338712214,0.005496111818746633
SSP585,Interactive,AFE,1,2027,-0.001102246778650784,-0.009790142284948886,-0.008613476318545683,-0.006809248355428366,-0.0039035055056152734,-9.665169659541228e-4,0.001696788284025863,0.004685438356573757,0.005871259377021153,0.007273908415645326
SSP585,Interactive,AFE,1,2028,-0.0014818507526286329,-0.012867519158826404,-0.011181134749647981,-0.00896926657421201,-0.005131989497474343,-0.0012954796530970092,0.002193742840826185,0.005985147466745677,0.0075611432048519715,0.00941952833240294
SSP585,Interactive,AFE,1,2029,-0.0019351191403689239,-0.016258384334200928,-0.014185546609628813,-0.011464770346146534,-0.006580624132897894,-0.0016586560720438515,0.0026993033941413724,0.007468733803076311,0.009563480147332068,0.011835013255515276
SSP585,Interactive,AFE,1,2030,-0.0024679677537414735,-0.02020272099820884,-0.017480920672499407,-0.014273925973100466,-0.008217213446366889,-0.002169964753967246,0.0032808080987588584,0.009200884498843777,0.011802182388132396,0.014517435352190529
SSP585,Interactive,AFE,1,2031,-0.0031764443528590203,-0.02443689143592274,-0.02138177636817651,-0.017462843169691076,-0.01016344251581619,-0.002819067563893163,0.003888377269154808,0.010967213522423691,0.014181433228423228,0.017431123195082124
SSP585,Interactive,AFE,1,2032,-0.003898864205918895,-0.028894945190526964,-0.025681227884987168,-0.0208914737942848,-0.01222989345333822,-0.00346837626777613,0.0045695277631909725,0.012879785732594165,0.016749100193408032,0.02077183583893536
SSP585,Interactive,AFE,1,2033,-0.004718436931262948,-0.03390294848833139,-0.03039313722758243,-0.024665559836935892,-0.014557963702306692,-0.004225851957915472,0.0052301768868566745,0.014838417810482374,0.019570132554072604,0.024408468297617468
SSP585,Interactive,AFE,1,2034,-0.005640730732179633,-0.039444026571559494,-0.03550119693191008,-0.028778920739820912,-0.017059388750154558,-0.004973639672810504,0.005954459182712202,0.017141675362966124,0.022457993452333673,0.02838829293471696
SSP585,Interactive,AFE,1,2035,-0.006671235939673226,-0.045401811343109194,-0.04077111433497371,-0.03323623500751881,-0.019792372760850774,-0.005946898483027152,0.006707730207680729,0.01961836626590752,0.025761914548569693,0.032616103966038396
SSP585,Interactive,AFE,1,2036,-0.007947857531343527,-0.051935556539475784,-0.04650922382922739,-0.038164687286744214,-0.022845826168808786,-0.007147138851415158,0.007285200364740563,0.02207638025868597,0.028918006743602422,0.03693427849414426
SSP585,Interactive,AFE,1,2037,-0.009216599025537064,-0.058759532486983596,-0.05244676329234595,-0.0433369737165229,-0.025918395146745432,-0.008310712497692052,0.008203404029648309,0.024847924483380225,0.03268299935410376,0.04142834359835866
SSP585,Interactive,AFE,1,2038,-0.010607483530951645,-0.06599439303259176,-0.05880481803367995,-0.048971854135612586,-0.029271967354494693,-0.009552945067054897,0.009111234333422757,0.02777835116674865,0.03647327669265206,0.0461489064733442
SSP585,Interactive,AFE,1,2039,-0.012125403862674355,-0.07373046822634555,-0.06560121493952781,-0.054902395742333424,-0.032865910190256836,-0.011058436966526253,0.009899093383619828,0.030668498490140597,0.04044405867397491,0.05109655013545691
SSP585,Interactive,AFE,1,2040,-0.013775148085708122,-0.0819273534942486,-0.07275000449234954,-0.06116173149765682,-0.036735497328360484,-0.012548735228442132,0.010638880729018807,0.033622426598796225,0.04458288630288564,0.056267844548877226
SSP585,Interactive,AFE,1,2041,-0.015671133930634462,-0.09045144218778911,-0.08040323699731378,-0.06780752626452431,-0.0409183953250811,-0.01425975420004949,0.011435287409800043,0.03669778688283564,0.048763215793000046,0.06149437164590935
SSP585,Interactive,AFE,1,2042,-0.01758220123879639,-0.09913364599937584,-0.08824717856405635,-0.07474137647340667,-0.045278458197508586,-0.01589949559285153,0.012291502506735275,0.04007588447860212,0.05325736125812188,0.06714288454314175
SSP585,Interactive,AFE,1,2043,-0.019633619483947595,-0.10842443403661113,-0.09644283058234328,-0.08200357118673451,-0.049946464515431804,-0.017765028548023087,0.013241049428717566,0.0435760717503574,0.057909154730162844,0.07325130544172137
SSP585,Interactive,AFE,1,2044,-0.02182931010779643,-0.11807637507359853,-0.10510794375342694,-0.08933213293477843,-0.05473856743392136,-0.0198443151007498,0.014190722150904056,0.04718759813036539,0.0627246267222716,0.07974454850771989
SSP585,Interactive,AFE,1,2045,-0.02417306020532739,-0.12791483480152774,-0.11411290850117424,-0.09676128900283557,-0.059551368265200855,-0.022020459614028154,0.015142208443826521,0.05089270155026417,0.06769676833654384,0.08650450168723336
SSP585,Interactive,AFE,1,2046,-0.02664242312770959,-0.13779123864953163,-0.12340672179526994,-0.10480601553509754,-0.06463590692296384,-0.02431613729577381,0.015975079996490726,0.05468577579959065,0.07271657623779759,0.09352954493721943
SSP585,Interactive,AFE,1,2047,-0.029249147400063236,-0.14832819208341558,-0.13279895221970414,-0.11321800624614978,-0.07008609281930223,-0.026642410904338554,0.016907444175841724,0.058711195408732694,0.07824856447985139,0.10095516332396799
SSP585,Interactive,AFE,1,2048,-0.03200734476825673,-0.15919661970552668,-0.14268914872741562,-0.12195620238580888,-0.07579019086004146,-0.029202030178306526,0.01783488613016082,0.06285478307138515,0.08381180802940698,0.10863323054879323
SSP585,Interactive,AFE,1,2049,-0.034919838511506374,-0.17036989264044783,-0.15288178674155353,-0.13098214888958337,-0.0816166120671093,-0.031880841257080794,0.018795764461479125,0.067148643043633,0.08980133946779364,0.11654384153455238
SSP585,Interactive,AFE,1,2050,-0.03798929515858729,-0.18183547608469905,-0.16336121109409277,-0.1402873201265919,-0.08768597587416982,-0.03479914111064508,0.01964041215387885,0.07200732998936885,0.09610223252256206,0.12473132692202221
SSP585,Interactive,AFE,1,2051,-0.04088877498899912,-0.19316988723783626,-0.17356342695814425,-0.14930216114664766,-0.09349994918196619,-0.037345357126097656,0.020610600371728793,0.07687671373986257,0.10272847701903998,0.1335426422148773
SSP585,Interactive,AFE,1,2052,-0.04418481391636231,-0.20510514843262925,-0.1843774127522378,-0.15899208895449862,-0.09989177377945752,-0.04036199368479748,0.02150530912401072,0.08187325790294105,0.10948067486348455,0.14240802446775774
SSP585,Interactive,AFE,1,2053,-0.04763394380804509,-0.21728464902886185,-0.19489704272731403,-0.1689202927463555,-0.1067519745284152,-0.0433897814996938,0.022344061097971324,0.0869770405647958,0.1164075045879439,0.15156882500966193
SSP585,Interactive,AFE,1,2054,-0.05123769185413374,-0.22968777159812861,-0.20592839493779755,-0.17909270291213938,-0.11377478334983818,-0.046495856053893836,0.02299202802651701,0.09188696091654659,0.12307609421506896,0.16102765296956265
SSP585,Interactive,AFE,1,2055,-0.05499741528127444,-0.2423053484722208,-0.2174638592079294,-0.18930374891621513,-0.12093100861381331,-0.04971706247128177,0.02346125062207627,0.0968385577982536,0.1299201898718413,0.17078730829793237
SSP585,Interactive,AFE,1,2056,-0.05816574347951953,-0.2543029562249255,-0.2284893338177037,-0.19888254805381697,-0.12702400790916032,-0.052540059252392746,0.024918404572915887,0.10299840085992895,0.1375379300406118,0.18155006714792996
SSP585,Interactive,AFE,1,2057,-0.06209902559527136,-0.26686843189032416,-0.2403131426511991,-0.2094226051312018,-0.13434854733976337,-0.05609067729303763,0.025491041471931153,0.10838508669435853,0.14490542591326386,0.19209661093849226
SSP585,Interactive,AFE,1,2058,-0.06617808860124141,-0.279582269118114,-0.2523035091672175,-0.2201657929916045,-0.14184043655905798,-0.059618937269567684,0.026030892427151786,0.11387845389898081,0.1527304401401152,0.20297356744883815
SSP585,Interactive,AFE,1,2059,-0.07040309176205806,-0.29279651781883365,-0.2644473162993967,-0.23103982318925118,-0.14949321155987647,-0.06311164861198432,0.02654336608636959,0.11949621784521285,0.1612460456770614,0.2141859347012108
SSP585,Interactive,AFE,1,2060,-0.07477402348718398,-0.3058768620994676,-0.2767313598105111,-0.24204025647886204,-0.15733410082400584,-0.06687813413780114,0.027250604123237043,0.12523969475400049,0.1700259871354803,0.22573898901846137
SSP585,Interactive,AFE,1,2061,-0.07799958721909295,-0.3176161257934635,-0.28761794180559336,-0.2518503469444584,-0.16407844107966849,-0.06959855929037595,0.029235130625987094,0.13309666416859176,0.17948855096757224,0.23885021855793898
SSP585,Interactive,AFE,1,2062,-0.08246655011343773,-0.33069747486024736,-0.29982665638919476,-0.2630319520228049,-0.1717816704202634,-0.07332590182091658,0.029923846527062092,0.1394508061026618,0.18982230069747172,0.2513472791360933
SSP585,Interactive,AFE,1,2063,-0.08706321312280596,-0.34385216601721774,-0.31211174129451646,-0.2742012610191719,-0.17951476375141187,-0.07708834995812724,0.030603878387056083,0.1459690290817706,0.20070185150224887,0.26422801988984634
SSP585,Interactive,AFE,1,2064,-0.09178844301217048,-0.35706624562205713,-0.32445939621809433,-0.2854107958786576,-0.1876993955429433,-0.08091951916398848,0.03127688931041095,0.15308979548810553,0.2104236624741088,0.277500602443853
SSP585,Interactive,AFE,1,2065,-0.09664095330502209,-0.3703258961280543,-0.3368931275797443,-0.2966877269939269,-0.1956096130886241,-0.08498872497773952,0.03219203046519886,0.15995072535425212,0.22053700612870142,0.29173718397451465
SSP585,Interactive,AFE,1,2066,-0.09985434636960833,-0.38247995303626353,-0.34772991228851174,-0.3063093855499483,-0.2023381178318266,-0.08804760390629279,0.03501356047551751,0.1696210527221754,0.23192297136146173,0.3069888336240283
SSP585,Interactive,AFE,1,2067,-0.10475311485775762,-0.39569029005954803,-0.3603913692603327,-0.3173404220274918,-0.209907094324546,-0.0916162391892002,0.03650730984251682,0.1772983514051588,0.24258664325765553,0.3222478405712576
SSP585,Interactive,AFE,1,2068,-0.10976121176074882,-0.40890178287129414,-0.3730798383440674,-0.3281622332766138,-0.2171469741576707,-0.09562001828751399,0.03778286833559885,0.18514526476182208,0.2535865067295768,0.3383204828515193
SSP585,Interactive,AFE,1,2069,-0.11487648007502149,-0.42168251003639146,-0.3857825825980338,-0.33894230071981346,-0.22462564050472872,-0.09984694112180659,0.03903396260666492,0.19322035062111334,0.26487254752847095,0.3549314119590352
SSP585,Interactive,AFE,1,2070,-0.12009663986664387,-0.4343656019407645,-0.39848709253105113,-0.3500853031643506,-0.23224667206862604,-0.10415202796822493,0.04021257531650757,0.20153129981695958,0.2764490901188898,0.3721017662356264
SSP585,Interactive,AFE,1,2071,-0.12312022780071252,-0.4438967352379781,-0.4088693226785795,-0.35905854395352416,-0.23876207550370404,-0.10623030830276076,0.04348495422049703,0.2130359340106404,0.28998008801053243,0.38987268339399106
SSP585,Interactive,AFE,1,2072,-0.12834210259015721,-0.45620930316662855,-0.42140170567615814,-0.37013823227206916,-0.24613029827802288,-0.11058081960762517,0.04462850033918392,0.2216385612180672,0.3023485931256552,0.40826694660981455
SSP585,Interactive,AFE,1,2073,-0.13365092997146344,-0.46839877674116187,-0.4338970914578677,-0.381087759192276,-0.25408578357793155,-0.11498858632368403,0.04609882910792418,0.23045335253732516,0.31505883487265934,0.4272821457829225
SSP585,Interactive,AFE,1,2074,-0.1390438560902949,-0.4808293973513291,-0.4463444478943292,-0.39256372961687813,-0.26296115647694607,-0.11919426405358557,0.048243811813706405,0.2394854943919975,0.32811934951370386,0.4469381148576123
SSP585,Interactive,AFE,1,2075,-0.1445179420435282,-0.49363553955529044,-0.4587330929877983,-0.40376466016843,-0.27191916116152176,-0.12345675148799429,0.04996949339968898,0.2487404306954506,0.3415390563355407,0.46725558362079966
SSP585,Interactive,AFE,1,2076,-0.14714313890851283,-0.5057395398002622,-0.46977096315004435,-0.41078929047134055,-0.2783683249409732,-0.12626289914014743,0.05365072599526027,0.2623445165778998,0.3581885918899773,0.49114228503663376
SSP585,Interactive,AFE,1,2077,-0.1525809712428785,-0.5183616086136353,-0.48225691078020516,-0.42214940427447745,-0.28660169100355537,-0.13097007440389047,0.05538061792002591,0.27248090215839044,0.3726187332142444,0.5125424976135158
SSP585,Interactive,AFE,1,2078,-0.15808324326582524,-0.5304277575050789,-0.494677689890542,-0.4335881800806024,-0.29511312865081973,-0.13562316868140295,0.05810309157160459,0.28312956509895193,0.3874558789503025,0.5351314765553378
SSP585,Interactive,AFE,1,2079,-0.1636467116632313,-0.5420756518960858,-0.5070235447337911,-0.4446292504852841,-0.30280742561589874,-0.13925982762948985,0.059654415426469376,0.29386009749879893,0.40271168826771886,0.5606314043423183
SSP585,Interactive,AFE,1,2080,-0.16926808688225292,-0.5535649505881216,-0.519285016235487,-0.45515815076121097,-0.31090496962566305,-0.14332202014440282,0.0610757223270188,0.30476479773697857,0.42042211167813087,0.5871581772476552
SSP585,Interactive,AFE,1,2081,-0.17131377150565774,-0.5614927015655183,-0.52922628655011,-0.46395699518846933,-0.3154535187113026,-0.14638082996481283,0.06798644926437264,0.32094887815061585,0.4409651653821876,0.6117654905499005
SSP585,Interactive,AFE,1,2082,-0.17684153834310923,-0.573401141689892,-0.5411733175961976,-0.4743867403427593,-0.32451700283224333,-0.15044792372169224,0.06999470162029259,0.3323138762316946,0.4603566329787234,0.6402738266931005
SSP585,Interactive,AFE,1,2083,-0.18241087923935229,-0.5854618758403307,-0.5523451436826561,-0.484283989250084,-0.3336127311497195,-0.1543162031333037,0.07212379734318197,0.3439507290427073,0.48410664233394596,0.667098023157412
SSP585,Interactive,AFE,1,2084,-0.1880184032489146,-0.5973768989196925,-0.5635975611498834,-0.4947271921488712,-0.3419670425864843,-0.15773724573376496,0.07395954726210313,0.35586626647952607,0.5089503915053454,0.6933445416718118
SSP585,Interactive,AFE,1,2085,-0.19366070928951173,-0.6091388515389582,-0.5747893198272434,-0.5036140823136813,-0.35087746049321145,-0.1611791276466566,0.07685701705005171,0.36806760592656496,0.53044704569491,0.7203843152702684
SSP585,Interactive,AFE,1,2086,-0.19511341572052698,-0.6191949487748954,-0.5827860945765452,-0.510893500048117,-0.35646893595240936,-0.16125917588433547,0.08492997754845466,0.38566384252079766,0.551573995955122,0.7534897264930485
SSP585,Interactive,AFE,1,2087,-0.20062422235732913,-0.6305842408339957,-0.5930892524029956,-0.521476079779434,-0.3648695625837319,-0.1652236666132007,0.08735013045065271,0.3987105751925606,0.572386039635637,0.7826955022960302
SSP585,Interactive,AFE,1,2088,-0.2061551464943211,-0.641801557634459,-0.6032291694924063,-0.5313460222645271,-0.3732400608353426,-0.16947531941067207,0.0897429073470325,0.4146861751282055,0.5937949233239803,0.8127536490322488
SSP585,Interactive,AFE,1,2089,-0.21170286115340575,-0.6528413431177025,-0.6135445855875785,-0.5413539103832047,-0.38156500068312954,-0.1743466777315879,0.09219235147931021,0.4304509258151458,0.6216313079027315,0.8551078521928466
SSP585,Interactive,AFE,1,2090,-0.21726405952256012,-0.6636984632517722,-0.6240780067531525,-0.551614909472406,-0.3893462701643912,-0.1778153421515652,0.098059759394031,0.45073494401257297,0.6515411494576029,0.8917618554866638
SSP585,Interactive,AFE,1,2091,-0.2180211919953099,-0.6711368715619304,-0.6315164471715544,-0.5566171176504946,-0.39369799134639616,-0.17444013013686444,0.10682329808936702,0.4771304278205577,0.6926264240442095,0.9331478045311183
SSP585,Interactive,AFE,1,2092,-0.2234213429623022,-0.6805669802144059,-0.6416427260107677,-0.5652511030323354,-0.4018724066802746,-0.17700560763448275,0.10951121036894162,0.49715527629834877,0.7260755455315355,0.9688688474514184
SSP585,Interactive,AFE,1,2093,-0.2288223806169516,-0.689791036107371,-0.6515471887806131,-0.5727463133932833,-0.40924617564156185,-0.17959845753154163,0.11314772636039161,0.5187540619211991,0.7606295728791491,1.0057895165005843
SSP585,Interactive,AFE,1,2094,-0.23422120571236427,-0.698807821267015,-0.6613773666644994,-0.5823984089495436,-0.4164760940358174,-0.18129502308426104,0.11648784566507198,0.539702667196913,0.788337556062966,1.0439566957203137
SSP585,Interactive,AFE,1,2095,-0.2396147625689078,-0.7074983904019607,-0.6707332909700602,-0.590905218184609,-0.42467657724082786,-0.18254763804240542,0.1194093161034927,0.557474151552528,0.8165964390811868,1.092896749526194
SSP585,Interactive,AFE,1,2096,-0.23952780208981017,-0.7136693676180786,-0.6765061691201658,-0.5977311840705842,-0.42689841028950926,-0.17803020662057228,0.12829500888437168,0.5788889754151934,0.8513126218585898,1.1634506614651068
SSP585,Interactive,AFE,1,2097,-0.24469254749214775,-0.7220796612446535,-0.6862339294703995,-0.6066523362113209,-0.4343232495376854,-0.18097420433525163,0.13172719430098734,0.6005296137775413,0.8817090233084128,1.2231932994036616
SSP585,Interactive,AFE,1,2098,-0.249840371334894,-0.7302840014581353,-0.6957865178537621,-0.6163553455207476,-0.4403362220856943,-0.18176256364610766,0.13567321678186484,0.6265089095233836,0.9130402055589674,1.2837877815259624
SSP585,Interactive,AFE,1,2099,-0.2549685474164388,-0.7382826823585968,-0.704765556086786,-0.6259106985878018,-0.4472574367314702,-0.1841877935271325,0.14100286992324962,0.6482076001124114,0.9453388994043042,1.342812402211523
SSP585,Interactive,AFE,1,2100,-0.26007440952584715,-0.7460479050817072,-0.713492895813121,-0.6349748377991982,-0.4541757261878747,-0.1871046999925785,0.1462094215520564,0.6693896486958875,0.9832386834131823,1.4048393121230074
SSP585,Interactive,AFE,2,2021,-2.283323351759403e-5,-2.795576421823404e-4,-2.424888924841717e-4,-1.9075785382256514e-4,-1.1429313379340833e-4,-2.3871026339605805e-5,7.127341421753197e-5,1.4887922160728985e-4,2.0508256040085987e-4,2.5119064115812766e-4
SSP585,Interactive,AFE,2,2022,-1.0879560608723082e-4,-8.768476821393589e-4,-7.58861480442463e-4,-6.220896551566324e-4,-3.8106270397894604e-4,-1.2072435797899628e-4,1.7013833543610968e-4,4.010463833057587e-4,5.413689217486304e-4,6.586947370751326e-4
SSP585,Interactive,AFE,2,2023,-2.2702425935772208e-4,-0.001847003307351619,-0.0016594203439644962,-0.0012878518789996905,-8.210422364748615e-4,-2.313467557048532e-4,3.8364449713457205e-4,9.047028938111046e-4,0.0011498877408943062,0.0014006446806600736
SSP585,Interactive,AFE,2,2024,-3.8136239024577634e-4,-0.0032954075113301173,-0.002921918640816446,-0.0023002534384004235,-0.001404546319054678,-4.055337842004403e-4,6.448126599729043e-4,0.0015874510532222221,0.0020805744071851085,0.002452581309948358
SSP585,Interactive,AFE,2,2025,-5.756647116520464e-4,-0.00520133500521909,-0.004533680266386763,-0.003668318495787104,-0.002147329590206498,-6.504433049788205e-4,0.001015825974248874,0.0025242019313334472,0.0032892850154785814,0.003920494258530316
SSP585,Interactive,AFE,2,2026,-8.559972965639373e-4,-0.007513734151679274,-0.0064660383914085795,-0.005357886845142734,-0.003143053373496102,-9.863547528157213e-4,0.0014364830207315715,0.0036396625936064185,0.004729268396624396,0.005693506292294829
SSP585,Interactive,AFE,2,2027,-0.0011546691680186516,-0.01037838760046889,-0.008671951672042988,-0.0071343062803573935,-0.0043024554039519936,-0.0013592176872928574,0.001979790582759766,0.004975400471247094,0.006486168100693486,0.007767414363587432
SSP585,Interactive,AFE,2,2028,-0.0015064751132123355,-0.013696625299146975,-0.011356087386781788,-0.009307945980376976,-0.005634861425924453,-0.0017952101649775232,0.0025639964769597068,0.006525500098320581,0.00850491404958955,0.010208325846768257
SSP585,Interactive,AFE,2,2029,-0.0019152187563192813,-0.017414888697217714,-0.014414400607810147,-0.01189838202933986,-0.007154943797477636,-0.002224081865421279,0.00325954319096855,0.008347299034037548,0.010794858630309484,0.012911740118341206
SSP585,Interactive,AFE,2,2030,-0.002384684282001115,-0.021516333768532493,-0.017837762635980848,-0.014851251739956483,-0.008841657728063168,-0.0027919241871466882,0.003992831693956922,0.010340128764511248,0.01349855994478778,0.01618254036539134
SSP585,Interactive,AFE,2,2031,-0.00299956528781109,-0.026092673677496726,-0.021710624272270284,-0.018099312084553364,-0.01088670292604721,-0.0034657145670630163,0.004789637402530134,0.012435247651978544,0.01624166831647083,0.01959882256981051
SSP585,Interactive,AFE,2,2032,-0.0036119959214248043,-0.031072350573376272,-0.02605729057863961,-0.021758070280804176,-0.012924689410492685,-0.004248267399722949,0.005721603054893443,0.014915998170483993,0.019487276829685117,0.023556055552673153
SSP585,Interactive,AFE,2,2033,-0.004296018480253294,-0.03647154377972376,-0.030807417580548297,-0.025628604228210713,-0.015139481678787675,-0.005128602963998863,0.006703461458170967,0.017634837786606485,0.022973581652626772,0.02771550086624263
SSP585,Interactive,AFE,2,2034,-0.005055151447414863,-0.04228320159453008,-0.03594658335667348,-0.02980828154478543,-0.017713522953678174,-0.006136813162418542,0.0075783871824410265,0.020465847657962714,0.026697359337855144,0.032180035267346405
SSP585,Interactive,AFE,2,2035,-0.0058928795178391224,-0.048839353069889006,-0.04149225210278764,-0.034313972023560735,-0.020372578096258726,-0.007035233247441763,0.008531824989498782,0.023718171089738706,0.030709397901039177,0.03700194432249337
SSP585,Interactive,AFE,2,2036,-0.006930743969047137,-0.05601634085525727,-0.04763411061508557,-0.03934918482412035,-0.023469043207549722,-0.008099971480851342,0.009428268563005993,0.02710119470356465,0.03516527838092855,0.04203810510280881
SSP585,Interactive,AFE,2,2037,-0.007940750795683904,-0.06353478880539509,-0.05411435827753215,-0.0443889126418045,-0.02668894129520538,-0.009183024553289565,0.010620549837419058,0.03071430471891372,0.03985494696600642,0.04761474063793301
SSP585,Interactive,AFE,2,2038,-0.009037750353850682,-0.07150922129880534,-0.06100689438811359,-0.049839302219781834,-0.030196966933252023,-0.010473701463426577,0.012064469114635934,0.03449564840352771,0.04502945126098202,0.053533321137563275
SSP585,Interactive,AFE,2,2039,-0.010224851291842363,-0.07993247465568408,-0.0681034417439195,-0.05564797638542879,-0.03386010756472241,-0.011738714694357666,0.013256751714189441,0.038460089122741514,0.05002642905016803,0.059715371246777685
SSP585,Interactive,AFE,2,2040,-0.011505117408748822,-0.0887964457656993,-0.0757334800587205,-0.061792556827918343,-0.037486763769067705,-0.013056764720099867,0.014683719866967093,0.042802840799986516,0.055506039254231296,0.06606612361836772
SSP585,Interactive,AFE,2,2041,-0.012991365012482436,-0.098172856528969,-0.08393076709978034,-0.06832747707269606,-0.04150506562774808,-0.014739473796653413,0.01589615603912381,0.04708077382691429,0.061032179608498126,0.07276765217824088
SSP585,Interactive,AFE,2,2042,-0.014458631772813257,-0.10788775457163843,-0.09200333272384849,-0.07527502896203093,-0.045479002981351824,-0.0163424812839007,0.017201583494817874,0.05165031099216518,0.0670721452738412,0.07978310902969803
SSP585,Interactive,AFE,2,2043,-0.016024632105669734,-0.11799968053349989,-0.10038883372785039,-0.08265070228946743,-0.04962218936412671,-0.018093521678679947,0.018665626143999192,0.05678661420147087,0.073446158778193,0.08710710218836318
SSP585,Interactive,AFE,2,2044,-0.01769198442891673,-0.12831590432278073,-0.10909785042670628,-0.08992137474010782,-0.054172860917122756,-0.019743507344020306,0.020264250030877673,0.06206731740622125,0.08037234855741718,0.09484367628912593
SSP585,Interactive,AFE,2,2045,-0.019463253071594355,-0.1383549888866478,-0.11818485093887034,-0.09757341980928105,-0.05896121859232331,-0.021453416597475572,0.02198727393065608,0.06756185997673207,0.08788819842735562,0.10356842249951238
SSP585,Interactive,AFE,2,2046,-0.02136314263724326,-0.14850453216718593,-0.12773698941200062,-0.10545584946331056,-0.06387951341308395,-0.023251641965913783,0.023551070001995078,0.07289742194837115,0.09545917437429388,0.1125301769060397
SSP585,Interactive,AFE,2,2047,-0.023322120037516436,-0.15907532382293985,-0.1373764432760325,-0.11352298255591745,-0.06900642732753798,-0.025080601994609708,0.025070139889826815,0.07833336279382071,0.10350309462974985,0.12217085561617584
SSP585,Interactive,AFE,2,2048,-0.025387712315168898,-0.16988298934927393,-0.14749748111056446,-0.12200590320366574,-0.07437022311873911,-0.026835822345193716,0.026611866305755405,0.08408058156442527,0.11136015405727946,0.13228406787100302
SSP585,Interactive,AFE,2,2049,-0.02756201909794953,-0.18101904141864056,-0.15781304502749144,-0.13085979374405343,-0.08001416491914451,-0.028852953111327073,0.028289704757775702,0.09046563587152961,0.12005510557480072,0.14304243843658107
SSP585,Interactive,AFE,2,2050,-0.029847080216624966,-0.19308303935269536,-0.1684102490860518,-0.13996408074322628,-0.0857524405502382,-0.031248745478526407,0.030595835466047105,0.09704032013984423,0.12910815983060922,0.15386720155598502
SSP585,Interactive,AFE,2,2051,-0.032074926594555686,-0.2049818126279054,-0.1787158510150314,-0.14892375302134467,-0.09126921845330821,-0.033396880340857193,0.03251943659013201,0.10397206839684153,0.13868044117840644,0.16511713038011286
SSP585,Interactive,AFE,2,2052,-0.03452930486392225,-0.2174916881418284,-0.18973015630684542,-0.15842545309928555,-0.09719523340947392,-0.03558723177141482,0.03448580565727577,0.11075635174113677,0.14873714438042818,0.17744697534333206
SSP585,Interactive,AFE,2,2053,-0.037093468779407446,-0.23023807478838176,-0.20098093298881234,-0.16789970920783534,-0.10335662468652435,-0.03822421014310495,0.036471817855517785,0.1177053414168124,0.15866003915302623,0.18990571624855154
SSP585,Interactive,AFE,2,2054,-0.03976891683935524,-0.24320469457488034,-0.212455729787684,-0.1775813186482409,-0.10987089896834373,-0.04074666543223471,0.03870352006608213,0.1248616224208947,0.1692938834302084,0.20241425272887417
SSP585,Interactive,AFE,2,2055,-0.04255708210818321,-0.25637499778075745,-0.22414176023570276,-0.1875756064078405,-0.1161073235076357,-0.043447099746484474,0.04133527694812561,0.13292553898778467,0.180292128048433,0.21540333659975555
SSP585,Interactive,AFE,2,2056,-0.04502624312289216,-0.26884259610797323,-0.23498728300091112,-0.197450178985423,-0.12220458947376614,-0.045750903949471455,0.04413373891158878,0.14133100306069307,0.1919122917288746,0.22886374821955863
SSP585,Interactive,AFE,2,2057,-0.04795829273850716,-0.28224116911359287,-0.2469952455906379,-0.20786706967765303,-0.12901779394886095,-0.04816441007004946,0.04708891536033838,0.15024005654525718,0.20395233440395438,0.2435973832244166
SSP585,Interactive,AFE,2,2058,-0.05099890540967322,-0.29578392876254167,-0.25916748144932944,-0.21845880066480025,-0.13586891332799264,-0.050612873152371674,0.04943585740196099,0.1594781359842636,0.21674886695915677,0.25850739720503685
SSP585,Interactive,AFE,2,2059,-0.05414891312558734,-0.30945385483230614,-0.27145043715671596,-0.22921603745995228,-0.14329783348023953,-0.053215614682108836,0.051954222620733015,0.1683036354742903,0.23024114862045653,0.273790388579795
SSP585,Interactive,AFE,2,2060,-0.05740907704066489,-0.32323392285644625,-0.28374963060893427,-0.2401293207658163,-0.15075874774688472,-0.05594248763442694,0.054633064977319346,0.17730076347961177,0.2439923293474553,0.2896394240767402
SSP585,Interactive,AFE,2,2061,-0.06000875625362423,-0.33572563440576875,-0.2954594630048813,-0.2506011199346537,-0.15717273805727672,-0.058146908671306674,0.057586612832715156,0.1892110721758843,0.2581932013796352,0.3060872009191475
SSP585,Interactive,AFE,2,2062,-0.063373842634595,-0.3495088659395126,-0.3077721348062451,-0.2617455325769875,-0.1645934346297591,-0.06136762757510544,0.060499743117814586,0.20020526065953548,0.2735432525491353,0.3251202610794097
SSP585,Interactive,AFE,2,2063,-0.06684164317604468,-0.3633436855557906,-0.32067218954887544,-0.27297825317962204,-0.17244757388234683,-0.06498390829011519,0.06334480343593502,0.21132470915806056,0.28907328766419443,0.34653301727633157
SSP585,Interactive,AFE,2,2064,-0.07041230961342415,-0.3772138427927221,-0.333658864023737,-0.2843205418027319,-0.18052410163703458,-0.06851464783099476,0.06617931295327706,0.22220098919328715,0.3053886555264,0.3663564840391576
SSP585,Interactive,AFE,2,2065,-0.074085922749898,-0.39110333012473714,-0.3459155690436652,-0.29574042467987904,-0.18868466390438152,-0.0718422478941092,0.06926541198262498,0.23317650910174897,0.32236900628497167,0.38693285704367814
SSP585,Interactive,AFE,2,2066,-0.07680231666397874,-0.4033018223495905,-0.3575436380774927,-0.30657693760946153,-0.19554792859704725,-0.073975342997395,0.07393154823461573,0.2461478577754813,0.33953182064438214,0.4079137501344974
SSP585,Interactive,AFE,2,2067,-0.0805619428030333,-0.41704655992320466,-0.3697197637650751,-0.31808092933477755,-0.2038265550693759,-0.07737188748519763,0.07714764188405138,0.2600781158664757,0.3586322039463206,0.43016150334140796
SSP585,Interactive,AFE,2,2068,-0.08441631844848219,-0.4307603300537293,-0.38257613222160997,-0.3294261385587913,-0.21185746540469186,-0.08104382938877869,0.08132458787126723,0.2735819750619651,0.37715566161650455,0.45331410910572667
SSP585,Interactive,AFE,2,2069,-0.08836501120529772,-0.4444288117376854,-0.3954792055074518,-0.3402127441165106,-0.22013799990240557,-0.08490470023774799,0.08503285391752846,0.2875510859610483,0.39713386564063136,0.47740818239579114
SSP585,Interactive,AFE,2,2070,-0.09240752236745386,-0.4580381085253049,-0.40839489938060364,-0.351381627108463,-0.22879745203017446,-0.08862538071137643,0.0887722221954183,0.30193369656999547,0.4175518099054659,0.5024823641890714
SSP585,Interactive,AFE,2,2071,-0.09515579526080842,-0.46961386412566286,-0.42024086482217304,-0.3617965058969133,-0.23525094035266628,-0.0903046474054604,0.09384196429676955,0.3159477582085713,0.43789991634778,0.5279135108396242
SSP585,Interactive,AFE,2,2072,-0.09926675165696086,-0.48295948006177153,-0.4330927338397291,-0.3735768544864353,-0.2432874918042497,-0.09334857652094475,0.0977488127578574,0.33125129865579966,0.4606285827411873,0.5550031388807459
SSP585,Interactive,AFE,2,2073,-0.10346321858205432,-0.4962058083393834,-0.4459171137728697,-0.38537552894254634,-0.2515165647398051,-0.09688175961659568,0.10302715025534276,0.3470971619263459,0.4826374536083005,0.583194201937104
SSP585,Interactive,AFE,2,2074,-0.10774430101469079,-0.509341199854807,-0.45870716214242097,-0.3970824366570218,-0.26008362784315076,-0.09994964232869696,0.10815952431460385,0.36350381276716215,0.5048870729784722,0.6125340170006827
SSP585,Interactive,AFE,2,2075,-0.11210904589929549,-0.5223143066510274,-0.47145137966714334,-0.4081594782755828,-0.26805503926909724,-0.10355099498933296,0.11375432735022883,0.38049058451410683,0.5305777532906536,0.6430725650043605
SSP585,Interactive,AFE,2,2076,-0.11478650947620783,-0.5330526104843792,-0.48229972428426027,-0.4190818960878774,-0.2747601143433629,-0.10575790469420071,0.1199628738052585,0.39690734902413455,0.5556079416340021,0.6738308013324817
SSP585,Interactive,AFE,2,2077,-0.11920603320528733,-0.5457221197396239,-0.49342948845854073,-0.4300866033816171,-0.2834149868567615,-0.1094926528041259,0.12590701168587481,0.41500888488107335,0.586843242813427,0.7072657957340586
SSP585,Interactive,AFE,2,2078,-0.12370127184377722,-0.5582403420724951,-0.5043857129937906,-0.44060856837031065,-0.29078336322431364,-0.11232141867892592,0.13240311586409503,0.43281781193078195,0.6155971861881747,0.7415727539278245
SSP585,Interactive,AFE,2,2079,-0.128270973326706,-0.5703905890984022,-0.5151593036305384,-0.4510440758660831,-0.29963865330635175,-0.11599240861813431,0.13882687417437417,0.4505716929928023,0.6437838141608229,0.7776752254669952
SSP585,Interactive,AFE,2,2080,-0.13291383711041493,-0.5823818696748183,-0.5265799944621187,-0.4622405518465199,-0.30853535546841104,-0.11967437862994346,0.14521603795527355,0.4718797701242902,0.671773186668815,0.8153054659737936
SSP585,Interactive,AFE,2,2081,-0.1354206689618862,-0.5924358100241721,-0.5351307170315972,-0.47243721455693444,-0.3133410409866562,-0.12183031863573401,0.15354494148935743,0.4905770845032247,0.7023751599158901,0.8527579761406899
SSP585,Interactive,AFE,2,2082,-0.1400855145920561,-0.6042105886412806,-0.5457922211818825,-0.48371119295513804,-0.32164451347346823,-0.12482835366640771,0.16032182443353787,0.5136600074911896,0.7325999786026347,0.8935029665144522
SSP585,Interactive,AFE,2,2083,-0.14481509707643214,-0.6157979133786596,-0.5567598504392943,-0.49473550964418705,-0.33011541886165763,-0.1280492217815839,0.16749953926358457,0.5343674771293986,0.7646481362192606,0.9359961672207964
SSP585,Interactive,AFE,2,2084,-0.14960789962666543,-0.6271343620841539,-0.5678183061393727,-0.5044691489621169,-0.33880550115018504,-0.1316776400822281,0.17623254304213715,0.5556475561067408,0.8009285357607259,0.9803037096346473
SSP585,Interactive,AFE,2,2085,-0.15446236746911646,-0.6382269654690107,-0.57874762442144,-0.5149562053626434,-0.3476512406537873,-0.13484984896440955,0.18250835148627925,0.5810660883008619,0.83523293285976,1.0261685510139413
SSP585,Interactive,AFE,2,2086,-0.15680608678332675,-0.6469917240278734,-0.5878132863740473,-0.5240651141966297,-0.35227095277909826,-0.13608502489965968,0.1911138971809267,0.6064455105580617,0.8723615181258136,1.071531758644625
SSP585,Interactive,AFE,2,2087,-0.16166189032915734,-0.6577425497107219,-0.5979230262978242,-0.5351979276962001,-0.36063190130382783,-0.13902070967938263,0.19787905904231579,0.6349650346495559,0.9086373367164335,1.1212228294038065
SSP585,Interactive,AFE,2,2088,-0.16657127596186305,-0.6682846194225585,-0.6078478615024729,-0.5462371172980743,-0.3688947081233135,-0.14223541897899417,0.2052968204943063,0.6674507444388272,0.9480765257937385,1.182474623835525
SSP585,Interactive,AFE,2,2089,-0.17153255314982596,-0.678614828013525,-0.6175837345454661,-0.5571763338622051,-0.37708483039469853,-0.1446646742430019,0.213152093169997,0.6984795033441294,0.9889563866346337,1.2642028878359766
SSP585,Interactive,AFE,2,2090,-0.17654400352866306,-0.6887305456892459,-0.6283750920120245,-0.567886388132803,-0.3851036870364013,-0.1463178758296244,0.22118574350614206,0.7322529895789918,1.031351170752351,1.3516593474267284
SSP585,Interactive,AFE,2,2091,-0.17866712497797088,-0.6963003131096567,-0.6363350618280641,-0.5740545869715907,-0.391209693138889,-0.14623960743190823,0.23368802802632604,0.7621714416063786,1.0760234604907892,1.418946095066996
SSP585,Interactive,AFE,2,2092,-0.18366525731585892,-0.7059694719386461,-0.6454607405185373,-0.5822934993797418,-0.39888919311866633,-0.14751339174218214,0.2425280474761649,0.7930811209633294,1.1215343618546314,1.5174749687627653
SSP585,Interactive,AFE,2,2093,-0.1887061801499612,-0.7154211941510339,-0.6555472708862153,-0.5903302299129101,-0.4067977119765299,-0.14883168988457773,0.25292082289041384,0.8286620717604697,1.1688753022992655,1.6232865572776545
SSP585,Interactive,AFE,2,2094,-0.19378810948408498,-0.724654592775948,-0.6654003734152637,-0.5984835879662951,-0.4152643659220222,-0.15137204591977116,0.26400207130596215,0.8620220907097961,1.232134021487372,1.7266116912962315
SSP585,Interactive,AFE,2,2095,-0.1989092427494079,-0.7336691698218624,-0.6740464490635233,-0.6085068523684023,-0.42306524047848304,-0.15263849083714015,0.2756943850200005,0.8958396724098608,1.2857400805644454,1.8031521974772176
SSP585,Interactive,AFE,2,2096,-0.20069146877982813,-0.7402006119570735,-0.682796201203868,-0.6160968843569903,-0.42988063179756153,-0.14989904158061457,0.2877393537324079,0.9338376679298289,1.3412224463535485,1.888423372675342
SSP585,Interactive,AFE,2,2097,-0.20575488059658775,-0.7487684621986266,-0.6919898268276782,-0.625259328087373,-0.43566455893148304,-0.14883233084526704,0.3015716053157638,0.9701869249755761,1.4090516331594802,1.971171429574007
SSP585,Interactive,AFE,2,2098,-0.2108497894170822,-0.7571206482646736,-0.7011517203087639,-0.6338581185018574,-0.4433880776341298,-0.1494418667366727,0.31484081011525705,1.0083352042188152,1.4859273718593877,2.057472992860558
SSP585,Interactive,AFE,2,2099,-0.21597439083408265,-0.7652580243358723,-0.7101339750904918,-0.6423075488791103,-0.4509956338775226,-0.15078205451229354,0.32709396031543,1.0491010098878606,1.5564186097733295,2.147503782664297
SSP585,Interactive,AFE,2,2100,-0.22112687046902169,-0.7733966971263384,-0.7189351420010313,-0.65060683308898,-0.45936869480947684,-0.15221939684418012,0.3407169241418095,1.0901552655634104,1.6368548654272577,2.2414496639758013
SSP585,Interactive,IFE,0,2021,-7.469157774575574e-5,-2.4133735031943714e-4,-2.1521334447156535e-4,-1.9019447275110403e-4,-1.3860280017582993e-4,-8.173946046396985e-5,-1.5551732424068376e-5,3.713664070661427e-5,7.074562785488451e-5,9.600244791077014e-5
SSP585,Interactive,IFE,0,2022,-2.3033108799375146e-4,-7.306174310186181e-4,-6.53112438823339e-4,-5.772038040353644e-4,-4.2196322100609973e-4,-2.516906279201869e-4,-5.361570895781598e-5,1.074318041592859e-4,2.0540737113990918e-4,2.80444541264385e-4
SSP585,Interactive,IFE,0,2023,-4.731004818310236e-4,-0.0014740614176460942,-0.0013207902530571192,-0.0011657131584168813,-8.566632891029435e-4,-5.146463340865437e-4,-1.1593020725747527e-4,2.0414960283572374e-4,4.0260890493101146e-4,5.458901415864798e-4
SSP585,Interactive,IFE,0,2024,-8.090973811082369e-4,-0.0024773979649710645,-0.002222027994548459,-0.0019689407884053043,-0.0014530588260772415,-8.811007027240136e-4,-2.087168991770083e-4,3.2012732423354357e-4,6.636186132374375e-4,8.850307509580313e-4
SSP585,Interactive,IFE,0,2025,-0.0012443246421254273,-0.003746271666019846,-0.0033700488705714956,-0.0029930710348329503,-0.0022080267910957463,-0.0013552165855584275,-3.47768603243398e-4,4.495292322198588e-4,9.605667602443188e-4,0.0012923063002997872
SSP585,Interactive,IFE,0,2026,-0.0018339456356137873,-0.005340100957721439,-0.004824699276143801,-0.004286567700305855,-0.0031758364894645397,-0.0019975106898286743,-5.813932552472534e-4,5.487642195559417e-4,0.0012435899160451506,0.0017338299964961086
SSP585,Interactive,IFE,0,2027,-0.0025035060721474434,-0.00717709222152853,-0.006496112429561329,-0.005773749275342178,-0.00428888421711951,-0.0027146691523395883,-8.238522973570417e-4,6.737314827719228e-4,0.0015853331348314112,0.0022608214287072625
SSP585,Interactive,IFE,0,2028,-0.0032930993951424403,-0.009298445061175848,-0.00844397171106227,-0.0074927666412346935,-0.005608092848254892,-0.0035600876994604236,-0.0011222408280740503,7.887685691215803e-4,0.001965867398854514,0.002841208447063056
SSP585,Interactive,IFE,0,2029,-0.0042084708403600235,-0.011688831717676266,-0.010646842802408579,-0.009474712244108684,-0.007122765930399538,-0.004545738022298296,-0.001479933814800577,8.907748925457669e-4,0.002383282583867061,0.003469618986345065
SSP585,Interactive,IFE,0,2030,-0.005255224024153349,-0.01437128331558827,-0.01312883613393806,-0.011618260588575824,-0.008836417170805744,-0.00567155321045526,-0.0018889729082161022,0.0010118532746024706,0.0028833795342459666,0.004140717494115228
SSP585,Interactive,IFE,0,2031,-0.00654765505646282,-0.017446823641750805,-0.01600634092014005,-0.014156128265143208,-0.010874376678534553,-0.007013854429201716,-0.00249890471587505,9.586090247553105e-4,0.0032158599488935134,0.004770936919377486
SSP585,Interactive,IFE,0,2032,-0.007892154661705453,-0.020717527793298902,-0.019079520022404824,-0.01691330698780017,-0.012995768468672286,-0.008433747873252406,-0.0030888290570008914,0.0010904651868075107,0.0036370863716612854,0.005542120607007971
SSP585,Interactive,IFE,0,2033,-0.009384842520579029,-0.02429417638204964,-0.022443832494127958,-0.01996111236851557,-0.015324039106041853,-0.00997632591496661,-0.003791331052464181,0.0011111660446880196,0.004052961648023749,0.006248481408686955
SSP585,Interactive,IFE,0,2034,-0.011030636562295304,-0.02816596796803124,-0.026102316727231862,-0.023174565836521565,-0.017942956482603495,-0.011674824778929893,-0.004587447956016372,0.0010617097805934374,0.0045748695733210795,0.0070151977127903995
SSP585,Interactive,IFE,0,2035,-0.012834286851531651,-0.03242579006871331,-0.03005808261649207,-0.026753916818387947,-0.020774770092289813,-0.013554610673061351,-0.005422340644823304,0.001030358290484703,0.005078222119020512,0.007802831907366519
SSP585,Interactive,IFE,0,2036,-0.014970161641208346,-0.037255188613226874,-0.034484616832487776,-0.030744736339105693,-0.02398104454692071,-0.015715455281416324,-0.006549586567414306,7.356658157011932e-4,0.005365100533140654,0.008489580353312175
SSP585,Interactive,IFE,0,2037,-0.017116651741841737,-0.0422344943550045,-0.03905592289952889,-0.03474661816982323,-0.027213505867385024,-0.017927727486674594,-0.007656928487448311,5.165681033790125e-4,0.00574942553039972,0.009253105962680983
SSP585,Interactive,IFE,0,2038,-0.0194326050632061,-0.04736992430845557,-0.04385600394068125,-0.03904533615990266,-0.03077406817110026,-0.02024999493367119,-0.008884972670098856,2.328037116136278e-4,0.006106208991969805,0.009971124916402698
SSP585,Interactive,IFE,0,2039,-0.02192180909828456,-0.05266872186322879,-0.04894107377212816,-0.04368299556820164,-0.034459965938276965,-0.022919383680816474,-0.01015911294178587,-6.983219974087876e-5,0.006429796360287693,0.01085995708064834
SSP585,Interactive,IFE,0,2040,-0.02458786069361718,-0.05823810483731054,-0.054328724055056926,-0.04859588568499731,-0.03836106680190848,-0.025755027854908352,-0.01139458938672111,-2.603611653372149e-4,0.00671162578022418,0.01169528160624461
SSP585,Interactive,IFE,0,2041,-0.027595357611512328,-0.06441167873779367,-0.060321353773688996,-0.05387050495455358,-0.04264616467523932,-0.028850906215960148,-0.013073054788970417,-6.425982779557157e-4,0.0068340094290697635,0.012349759696118685
SSP585,Interactive,IFE,0,2042,-0.03061656911558641,-0.07081280619768009,-0.06643063186636236,-0.059309129273862914,-0.04692689002977363,-0.03201866659738106,-0.014717966239285035,-0.0010360351355732066,0.0070765296504958575,0.013380817265787269
SSP585,Interactive,IFE,0,2043,-0.03381938632770298,-0.07758542746570035,-0.07283968222497454,-0.06495900670628886,-0.05150177659340116,-0.035331941008900525,-0.01659710744273199,-0.0016159402519927203,0.007574790535368158,0.014376198294937428
SSP585,Interactive,IFE,0,2044,-0.037206232993563515,-0.08476490848686606,-0.07928229632611404,-0.07090705621037131,-0.056443560294794,-0.03887285959872899,-0.01860758322233702,-0.0021654529211846216,0.007611960266819605,0.015326274329912536
SSP585,Interactive,IFE,0,2045,-0.040779327262885245,-0.09204090840079478,-0.08578557849304239,-0.0772429982996874,-0.06151791228007894,-0.04250613735343883,-0.02066770472611354,-0.002747644730997253,0.00757283008094758,0.016351959313122708
SSP585,Interactive,IFE,0,2046,-0.044570631949670814,-0.09965695626757569,-0.09262239729583528,-0.08369732717019217,-0.06681906337456178,-0.04636011305416882,-0.022870163098765994,-0.003514191020250145,0.00748740398210007,0.017326823258692607
SSP585,Interactive,IFE,0,2047,-0.04848415869489475,-0.10755647691514082,-0.09998642241455372,-0.09045268740222173,-0.07226044445039553,-0.05011787824361541,-0.025123110341126714,-0.004371402578323353,0.007405509224871828,0.018496861954048337
SSP585,Interactive,IFE,0,2048,-0.05258236256793447,-0.11572425049200882,-0.10761837030502619,-0.09745635509321704,-0.07810338937696043,-0.054336697687460744,-0.027616853935475333,-0.004928987178056331,0.007632541267381769,0.019474222546260033
SSP585,Interactive,IFE,0,2049,-0.05686627739746419,-0.12419390399856746,-0.11551401813436879,-0.104630383710044,-0.08401234881934869,-0.05854036259027107,-0.030299094661646958,-0.005665019011632107,0.007568339401909716,0.020381694465612294
SSP585,Interactive,IFE,0,2050,-0.061336729137148605,-0.13299228662477366,-0.12366875054583006,-0.11222170860117522,-0.09020861668483895,-0.0630203053552913,-0.03302761545262606,-0.006543996127264006,0.0076094269916145724,0.02121095403258863
SSP585,Interactive,IFE,0,2051,-0.06572119219549688,-0.14144412110411092,-0.13173825571937986,-0.11946352652671498,-0.0963072491829497,-0.06743120226544236,-0.035577626050029176,-0.007379676988253247,0.0076566944874281355,0.022098165392475402
SSP585,Interactive,IFE,0,2052,-0.07047853622587297,-0.1506067424130545,-0.14031188500280797,-0.12736271895881218,-0.10285494327063119,-0.07213123814057143,-0.038171750544436445,-0.008323784115242825,0.007675665012257419,0.023106867922608913
SSP585,Interactive,IFE,0,2053,-0.07541321940356704,-0.15999631170895381,-0.14913710569487781,-0.13544642381860236,-0.10971057351056249,-0.07701696629731347,-0.041151434058348535,-0.009507722172104823,0.007635414700864761,0.02407363066602278
SSP585,Interactive,IFE,0,2054,-0.08052482377142478,-0.16958533905369402,-0.15820085484928134,-0.14372045941806838,-0.11655693064224334,-0.08203543701163196,-0.044328786655279645,-0.010866796137784417,0.007596313446057921,0.025122963920821875
SSP585,Interactive,IFE,0,2055,-0.08581273191842687,-0.17931846827549636,-0.1674754979477357,-0.1521975004539656,-0.1236294843029539,-0.0873004315615547,-0.047581852388766305,-0.012353081511251706,0.007690597538279098,0.02615701340190259
SSP585,Interactive,IFE,0,2056,-0.09058606931490754,-0.1881620944515217,-0.17623382403909005,-0.15987292677895654,-0.13023682728867353,-0.0920607915009935,-0.050358980485164045,-0.013162152171772166,0.007885348483612505,0.027535100462825278
SSP585,Interactive,IFE,0,2057,-0.09609088223097006,-0.19814416081859115,-0.18580935406754034,-0.16857848377133366,-0.1377334867070498,-0.09750116746576015,-0.05386643798015023,-0.014352172899293154,0.007944848635542028,0.028627883820456043
SSP585,Interactive,IFE,0,2058,-0.1017565606399421,-0.20818242434585307,-0.19544497988107562,-0.17745075367736174,-0.14538243567108938,-0.10308978777079608,-0.05749995093510474,-0.01566036735472475,0.007962448914123487,0.029719466801365398
SSP585,Interactive,IFE,0,2059,-0.1075812901217088,-0.21857938317965106,-0.20522747382896234,-0.18648193526134293,-0.15328568458541983,-0.10899249879055606,-0.061239928948559036,-0.01730243264932164,0.007933517932327914,0.03080852297639592
SSP585,Interactive,IFE,0,2060,-0.11356307811608257,-0.2290114411865318,-0.21531432278596963,-0.19566405107200838,-0.16128572706974784,-0.11504633069737613,-0.0651182347760344,-0.019033621940675205,0.007869574644851524,0.031893727490141834
SSP585,Interactive,IFE,0,2061,-0.11848272462335274,-0.2383666980942288,-0.2243119806816683,-0.20327360525064908,-0.1674021875895238,-0.11968832852467187,-0.06773071481545562,-0.01933020911840226,0.008169247752876875,0.03372469331589141
SSP585,Interactive,IFE,0,2062,-0.12459029335925109,-0.24908720095634335,-0.23455254548821777,-0.21252045767855646,-0.17543002238148886,-0.12570461724866194,-0.07156132549710101,-0.020832346792460984,0.008109844569727263,0.0349282459069978
SSP585,Interactive,IFE,0,2063,-0.13083420043749006,-0.25994185169926276,-0.24492915018756423,-0.22217469776142762,-0.1835557897145208,-0.1320034986787023,-0.07542759417300188,-0.022382780389740606,0.008017740319785076,0.036135743270187405
SSP585,Interactive,IFE,0,2064,-0.13721146115923755,-0.27091792607009046,-0.2554329330835323,-0.23190900853228003,-0.1917950249347099,-0.13844133448212564,-0.07951612234865182,-0.023979884489186205,0.007891561876704633,0.037346426612274136
SSP585,Interactive,IFE,0,2065,-0.14371895174593918,-0.28200977492367796,-0.2660549310520986,-0.24163551883228238,-0.20014034806433648,-0.14500604997304223,-0.0837832620662505,-0.02562189471532105,0.007729940782411587,0.038559544865219036
SSP585,Interactive,IFE,0,2066,-0.14869457536578523,-0.2918443989177504,-0.2751511371153386,-0.2499276742495796,-0.20691743461914944,-0.15049682073778592,-0.08612100365587202,-0.025178834739436513,0.008140104598069785,0.040867249708386795
SSP585,Interactive,IFE,0,2067,-0.1552689438047925,-0.3028894782790796,-0.28582491703389085,-0.25997005032652365,-0.21543397500552156,-0.15711289263592826,-0.09044501029318747,-0.0266415678818624,0.007991599490167527,0.04222065414224736
SSP585,Interactive,IFE,0,2068,-0.16195205996966133,-0.31400403603432486,-0.2965755041883882,-0.2701492858046016,-0.2241060385223721,-0.1637617390323673,-0.09468117854092639,-0.02819265474285708,0.007810714204026334,0.04358492650030138
SSP585,Interactive,IFE,0,2069,-0.16874013597789628,-0.32517858137587147,-0.3073874561872594,-0.2804287550455903,-0.23288000165758588,-0.17045255926653102,-0.09887194756370546,-0.029869813908114957,0.007596416356919746,0.04495981049370332
SSP585,Interactive,IFE,0,2070,-0.17562929156668028,-0.3364036830944777,-0.3182628278487046,-0.29080058513239715,-0.2417498622134978,-0.17734857676071525,-0.10312214988358173,-0.03161894346834042,0.007347683926762733,0.046345063719340454
SSP585,Interactive,IFE,0,2071,-0.18047488599811767,-0.3454600807271816,-0.3271858006318172,-0.29933738357181305,-0.2484549394637766,-0.1823985600901829,-0.10572938727526654,-0.03186757040083676,0.00792955116441226,0.049233361871200705
SSP585,Interactive,IFE,0,2072,-0.18738050482294644,-0.3562636848598405,-0.33786872274343194,-0.30896544065395565,-0.25736888302276184,-0.1893343088070497,-0.11014858329124289,-0.033581025604120525,0.007699835816756739,0.050776882729583035
SSP585,Interactive,IFE,0,2073,-0.1943667562987721,-0.3669035873440371,-0.3475084775563645,-0.3185541877916339,-0.266259959907169,-0.1962758552981947,-0.11466941380889761,-0.03533653203433268,0.007438890805903022,0.05233900344682383
SSP585,Interactive,IFE,0,2074,-0.20142942670598973,-0.3775075270655407,-0.3576129368252153,-0.32799367671075147,-0.27508070019073516,-0.2033235967447357,-0.11923128772947023,-0.037178866463866235,0.007145983240822122,0.05391988250879768
SSP585,Interactive,IFE,0,2075,-0.20856425736102924,-0.3880664317488763,-0.3677424569070264,-0.33771949262369017,-0.2840816563400085,-0.21048181411742606,-0.12357978356940352,-0.03909283261859918,0.006820394697940651,0.05551969860775271
SSP585,Interactive,IFE,0,2076,-0.21308115161568497,-0.3950854632696668,-0.3726559332351638,-0.3453247768612412,-0.29120709604195305,-0.2158813144973754,-0.12389219958425654,-0.038892942470475145,0.008537679163825097,0.05911630559403738
SSP585,Interactive,IFE,0,2077,-0.2201911949119001,-0.4056803149801921,-0.38319693595556475,-0.3555187547479058,-0.2998860275402342,-0.22278229960275958,-0.12766079159359964,-0.04067046005225667,0.008560026043174778,0.06088668412064624
SSP585,Interactive,IFE,0,2078,-0.22735501321235552,-0.41664586299470396,-0.39373070236009944,-0.36550936747709395,-0.3081616186153336,-0.2298934783419454,-0.13213025132964742,-0.04236448960377561,0.008602771086166873,0.06267564691977469
SSP585,Interactive,IFE,0,2079,-0.23456827726926888,-0.4275830552380457,-0.40425013591325115,-0.37557404701559605,-0.31745874654226475,-0.23682462365347579,-0.1368936211370127,-0.04414222326606097,0.008668854553009206,0.06449123114904262
SSP585,Interactive,IFE,0,2080,-0.24182665510996915,-0.43848445457637525,-0.414748286953532,-0.38572520565961904,-0.32674200403519615,-0.2442897697170957,-0.1417128659934877,-0.04594200069996058,0.008761339572768909,0.0663339738764881
SSP585,Interactive,IFE,0,2081,-0.2458472163771913,-0.44689518900725617,-0.42226349086737436,-0.3926144031431036,-0.33214945407883883,-0.24884130577408287,-0.1421029721240647,-0.04492844816228172,0.012715416070823039,0.07078042157858369
SSP585,Interactive,IFE,0,2082,-0.2530211483943401,-0.45782659731968933,-0.4327367225529731,-0.4028161454860815,-0.3399862348556311,-0.25579935779254476,-0.14645190878711678,-0.04648599366791934,0.013164326616035817,0.07283422584020677
SSP585,Interactive,IFE,0,2083,-0.2602230289709707,-0.46873460918435067,-0.4422299063271646,-0.41298154561446937,-0.34860114952416904,-0.2628348150621222,-0.15094438775413477,-0.04802915927464257,0.013666903521522054,0.07674356702963517
SSP585,Interactive,IFE,0,2084,-0.267448650536544,-0.47918935120820394,-0.4522705126827251,-0.42288207328062566,-0.3577122777748048,-0.2694084717981636,-0.15565532404854437,-0.049554444751848295,0.014227394996576381,0.08147616216078846
SSP585,Interactive,IFE,0,2085,-0.27469383785999724,-0.4893976272725148,-0.4621133260870781,-0.432743461463215,-0.3665408723331055,-0.2759942421296593,-0.1604089553828604,-0.05105827727100612,0.014850203108520544,0.08650664632317577
SSP585,Interactive,IFE,0,2086,-0.27821269626733014,-0.49644426333690206,-0.46788797969900353,-0.4395844866867351,-0.37069874685338366,-0.2797332981750847,-0.16187472771182748,-0.047554569512283894,0.024898641054335497,0.09458000639535895
SSP585,Interactive,IFE,0,2087,-0.2853354558817941,-0.5063635840295079,-0.4780169916364306,-0.44921616668287023,-0.3786243103984156,-0.28660711476065304,-0.16599853258779962,-0.04860807054399086,0.02835026271053775,0.0973290323351732
SSP585,Interactive,IFE,0,2088,-0.2924629311949668,-0.5159123332712324,-0.48818523754635834,-0.45821344713020196,-0.38660544997648505,-0.29351584451301926,-0.16940169202228278,-0.049635462453835974,0.0297160488948734,0.10012238057989786
SSP585,Interactive,IFE,0,2089,-0.2995912161888489,-0.5247763381525616,-0.49828828632150934,-0.4674003866708265,-0.39434405394344973,-0.30042552514287096,-0.17365163136904188,-0.050607355011018554,0.029964604732892575,0.10296053172387672
SSP585,Interactive,IFE,0,2090,-0.3067164631411471,-0.5352044462150611,-0.5083210127822744,-0.47605450775112057,-0.4021748527787057,-0.3073906743493139,-0.17803975933638874,-0.05151926775176223,0.030218747553706016,0.10584397647950711
SSP585,Interactive,IFE,0,2091,-0.3096531992850452,-0.5416444993324739,-0.5160826868533652,-0.4799863406227637,-0.4068144177233187,-0.3108844432812506,-0.17630732627044626,-0.04745508827932985,0.03664436021646325,0.1105417134955868
SSP585,Interactive,IFE,0,2092,-0.31662797324488245,-0.5518164293091669,-0.5260960154461298,-0.4884990536455667,-0.41399078031707925,-0.31607904962108646,-0.1803846900605675,-0.0486718592436389,0.03791559762817313,0.11359238329512947
SSP585,Interactive,IFE,0,2093,-0.32358739025972794,-0.5619019370209631,-0.535958224705972,-0.4975095538789286,-0.42166016914353743,-0.32263843953021504,-0.18430090239229763,-0.04854014427116345,0.03865770043421136,0.11669257776754138
SSP585,Interactive,IFE,0,2094,-0.33052796926172523,-0.5718965740275956,-0.5455341189246474,-0.507124426488362,-0.42938391573005524,-0.3296713181381846,-0.18804310753669978,-0.04834296379869131,0.03942268814439407,0.1198429127061085
SSP585,Interactive,IFE,0,2095,-0.33744630485263305,-0.5817960792912836,-0.5546925737611025,-0.5160715148488726,-0.43769030808119025,-0.3359961936040105,-0.19232061845467585,-0.048774440881843815,0.04021206903257601,0.12304401605675862
SSP585,Interactive,IFE,0,2096,-0.3396762523426258,-0.5894567477271624,-0.5592714121401704,-0.5209416240508767,-0.4422749120045487,-0.337580817050594,-0.19152317334515112,-0.043517629573366294,0.05115187669658861,0.12851071682944976
SSP585,Interactive,IFE,0,2097,-0.34638459772165187,-0.5990381505249689,-0.5672963233297087,-0.5300001801882772,-0.45048033236046003,-0.3443588527550151,-0.19543728186664422,-0.04315623935003347,0.0533002660453366,0.13384950691745184
SSP585,Interactive,IFE,0,2098,-0.3530600875181207,-0.608105360699744,-0.5762902127942416,-0.5389478189803769,-0.4587068401643195,-0.35120328441389737,-0.19911474841064955,-0.04193721960240246,0.056305827840311524,0.14045667427745312
SSP585,Interactive,IFE,0,2099,-0.3596997750987846,-0.6170143227129317,-0.5834335860257813,-0.5474357691129604,-0.46665050955314047,-0.3580035724710388,-0.2027500560400208,-0.04146332847889407,0.06075243252734822,0.14560790878235377
SSP585,Interactive,IFE,0,2100,-0.3663007987576946,-0.625795999540364,-0.5905993062974445,-0.5558233745693288,-0.4746707767273165,-0.364746233841548,-0.206521754331143,-0.04102135680439234,0.06546887058237676,0.1499839051432753
SSP585,Interactive,IFE,1,2021,-1.469976883595736e-4,-3.311464778768536e-4,-3.0416211738419906e-4,-2.6264680630788684e-4,-2.0722027313313518e-4,-1.420467778983081e-4,-7.984675380937056e-5,-2.594757060733199e-5,8.549902479915076e-6,3.8517729316606094e-5
SSP585,Interactive,IFE,1,2022,-4.4701310053707477e-4,-9.91310375790294e-4,-8.987314761875142e-4,-8.093928674887563e-4,-6.141258605868727e-4,-4.322315088519102e-4,-2.453595736559844e-4,-8.735760176635793e-5,7.803841725628554e-6,7.90140507047231e-5
SSP585,Interactive,IFE,1,2023,-9.044512020423001e-4,-0.0020312729917485394,-0.0018686792681068154,-0.0016455287898876738,-0.001250999952493087,-8.765110257067943e-4,-4.933950532204634e-4,-1.5744600166922582e-4,2.949785792428764e-5,1.6929471615628722e-4
SSP585,Interactive,IFE,1,2024,-0.001523636446462917,-0.0034471001011155914,-0.003203797373198436,-0.0028046299911311024,-0.0021638096984119837,-0.0014806387964592105,-7.886812595785386e-4,-2.4038247667591549e-4,1.1880936368604522e-4,3.4406962259408383e-4
SSP585,Interactive,IFE,1,2025,-0.002308802698992918,-0.00528736661885357,-0.004903804196969569,-0.0042689107024616035,-0.003260317775453686,-0.0022516898194077095,-0.0011882191406723808,-3.344445903993076e-4,2.153423570702693e-4,4.834022119531251e-4
SSP585,Interactive,IFE,1,2026,-0.0033028288075861445,-0.007537887600736962,-0.006990924844442975,-0.006134412174790493,-0.00468847913369505,-0.0032283371807019234,-0.001721173824633021,-5.032325435943119e-4,2.617282099666828e-4,7.937099860865824e-4
SSP585,Interactive,IFE,1,2027,-0.004445551441571771,-0.010142783820950574,-0.009446636419976373,-0.00832281961107304,-0.006327662951132712,-0.004318563801169073,-0.0023266838203603035,-5.97487306840061e-4,3.7833311867080263e-4,0.0011537729421342065
SSP585,Interactive,IFE,1,2028,-0.005768454227439546,-0.013195346361862315,-0.012222299734477143,-0.010791711467828313,-0.008220023058326698,-0.005607768860709461,-0.0029437784529484645,-7.835036164603002e-4,4.926328740562866e-4,0.0014965463705863204
SSP585,Interactive,IFE,1,2029,-0.007275358729713188,-0.016632269308986137,-0.015381534248748885,-0.013672712636144158,-0.0103498507151992,-0.007029691740629396,-0.003705313690740175,-9.631198176171186e-4,5.596178546255157e-4,0.0019024580640523256
SSP585,Interactive,IFE,1,2030,-0.008969932668185798,-0.02047858653285269,-0.018839581786745836,-0.01688771215159528,-0.01280338829998523,-0.008667965269193723,-0.0046352904420331464,-0.0011729501436843256,6.125690217224955e-4,0.0022967241830975814
SSP585,Interactive,IFE,1,2031,-0.010931735485519067,-0.02483101935181909,-0.02293095028372444,-0.020547513633560444,-0.015543009997449092,-0.010532018573467916,-0.005636046349211804,-0.0015228954197680443,6.58250751974553e-4,0.0027201020099276996
SSP585,Interactive,IFE,1,2032,-0.013025219742638261,-0.02962851566582783,-0.027238929953458297,-0.02436487279727435,-0.018491046507412956,-0.012522470931923546,-0.0066195714169735576,-0.001877827561170296,8.213995319255375e-4,0.0032168999370783646
SSP585,Interactive,IFE,1,2033,-0.015316643407803698,-0.034850479596851114,-0.03205418283933734,-0.028623100264758894,-0.021724953932394597,-0.014690502406447536,-0.0077819713051124895,-0.0022349302507047135,9.305475925449375e-4,0.003793750523997702
SSP585,Interactive,IFE,1,2034,-0.017808865102276084,-0.04049352665058487,-0.037199262640806606,-0.0332225688525775,-0.025295323621508464,-0.017013952812976074,-0.009120542603421017,-0.002618922927907174,0.0011088241066684653,0.004283257751837004
SSP585,Interactive,IFE,1,2035,-0.020504549697199503,-0.04651679036187303,-0.04256095003638745,-0.03812238822099323,-0.029102053767504493,-0.019679127388784856,-0.010501737626824298,-0.003067624894491705,0.0013402306219323912,0.0047606759570526305
SSP585,Interactive,IFE,1,2036,-0.023515530207097735,-0.052979444798206037,-0.0485289648044059,-0.04352673953940556,-0.03323723926571315,-0.02250819326238379,-0.012119471199215914,-0.003689503165052809,0.001384192537528596,0.005119610168163617
SSP585,Interactive,IFE,1,2037,-0.026635310893356023,-0.05973465773141119,-0.054631742447572094,-0.0491911258604214,-0.03750765815376064,-0.025613186662721166,-0.013785047954289087,-0.004300284271987974,0.0016136981399735178,0.005692346922518324
SSP585,Interactive,IFE,1,2038,-0.029963756573975653,-0.06684908191584238,-0.06110885072997368,-0.05504705461809124,-0.042033020739843135,-0.028689517123469843,-0.015574979941938988,-0.004854599721743912,0.0018636228339128258,0.006316301883714917
SSP585,Interactive,IFE,1,2039,-0.03350247012864027,-0.07433899006880633,-0.06803429211209933,-0.06139982023643646,-0.046919631915244175,-0.032080604918577116,-0.01744566201725814,-0.0054975573477443855,0.0021134373149087485,0.006966852411594599
SSP585,Interactive,IFE,1,2040,-0.03725283390053369,-0.0822723415825711,-0.07535493871223327,-0.06810542045404815,-0.052140223396863306,-0.03579731726136626,-0.019394439746835634,-0.006231741590103645,0.002384928416516046,0.0076500785228334894
SSP585,Interactive,IFE,1,2041,-0.04130444245545861,-0.09066943559517848,-0.08321802268717099,-0.07527637016421583,-0.057507205840718334,-0.03955721192452155,-0.02166708132555109,-0.007147718440911563,0.002656591342926783,0.008372619553448273
SSP585,Interactive,IFE,1,2042,-0.045478137005007135,-0.09931314221905922,-0.09142065535665617,-0.08264773153047228,-0.06317690378314739,-0.0435831461368239,-0.02396653649109942,-0.007830760232103636,0.002516429504753004,0.008966586957950535
SSP585,Interactive,IFE,1,2043,-0.04986320271220812,-0.10829898102119034,-0.09998298729235042,-0.09029816217055218,-0.06910139958846356,-0.04771106275034781,-0.02623260950543438,-0.008696457551580468,0.0022051009174423545,0.00954615977193298
SSP585,Interactive,IFE,1,2044,-0.05445988133880708,-0.11763495835243111,-0.10889221654662118,-0.09803600555132767,-0.07516091093518401,-0.052223491851674464,-0.028921908359672205,-0.009642106547389418,0.0018990647734258204,0.01010704576668561
SSP585,Interactive,IFE,1,2045,-0.05926818358895258,-0.12730910182085822,-0.11778428759839188,-0.10604165075697577,-0.08171458847194668,-0.056720250210886,-0.031469469354436425,-0.010614859658674612,0.0016841669939486694,0.010758597027193348
SSP585,Interactive,IFE,1,2046,-0.06426638896631265,-0.13725456550799203,-0.12691362760759778,-0.11448867484089,-0.08823030949539254,-0.061499550780148404,-0.0343398862907473,-0.011688756713149038,0.001745163737165779,0.01155944902034803
SSP585,Interactive,IFE,1,2047,-0.06947466956055792,-0.14753589339946482,-0.13632057768354278,-0.1230811966283928,-0.09530909092295778,-0.06644392241038416,-0.03730938792729949,-0.012732540935929957,0.00214805661166726,0.01251643188274749
SSP585,Interactive,IFE,1,2048,-0.07488894654667455,-0.15809356728844817,-0.14624977215356325,-0.13192590915464758,-0.10242837933590396,-0.07153868187611345,-0.04050402332927347,-0.013905821108283384,0.002612776111971886,0.013651243126659064
SSP585,Interactive,IFE,1,2049,-0.08050812742488944,-0.16864908900032125,-0.15651785912161176,-0.14101663898314004,-0.109989996253023,-0.07694011917662796,-0.04388445480525274,-0.015118440409177978,0.0026283654854159415,0.01426403410313392
SSP585,Interactive,IFE,1,2050,-0.08633089490746759,-0.1798976062191597,-0.16706307714749563,-0.15075281999275125,-0.11765762073338987,-0.08258802871985321,-0.04742457498733499,-0.016378234304254845,0.0027227337092761094,0.015161293385928186
SSP585,Interactive,IFE,1,2051,-0.09210967184542085,-0.1910795765942323,-0.1773209269408727,-0.16042787089195204,-0.12519832848586282,-0.08819423297449352,-0.05087962646249858,-0.017623103655837587,0.003060301243186645,0.015798962425436765
SSP585,Interactive,IFE,1,2052,-0.09828032880860016,-0.20280822071920393,-0.18827221778189598,-0.17062359207813593,-0.13340502569960122,-0.09417488904559168,-0.05462787106410699,-0.018989434209444378,0.003551072419310533,0.016499669757284636
SSP585,Interactive,IFE,1,2053,-0.10464325769122862,-0.21467650095458993,-0.19945344209389315,-0.1810254925100403,-0.14172620410112224,-0.10029557291912977,-0.05823546915121039,-0.02056000074422439,0.004013581374153507,0.01715171097190263
SSP585,Interactive,IFE,1,2054,-0.1111960854367281,-0.2267391410273267,-0.21084946705281182,-0.19164150304878874,-0.15023715875072746,-0.10659768016388643,-0.06206580969282213,-0.021974135877449282,0.00450946896913222,0.017812642367796276
SSP585,Interactive,IFE,1,2055,-0.11793623365689776,-0.23900664940598526,-0.2224486185205138,-0.20213834462766866,-0.1591539342290495,-0.11300220991265425,-0.06615113614992474,-0.023477121216213356,0.005021615221177286,0.01846388473077941
SSP585,Interactive,IFE,1,2056,-0.12432022606737303,-0.2508483037419437,-0.23315247655813237,-0.21234625707445434,-0.1675690285506279,-0.1190742605756483,-0.06988541898028772,-0.02479922196268308,0.005282214794439269,0.01950905696651184
SSP585,Interactive,IFE,1,2057,-0.1313428724388802,-0.2634105098743138,-0.24495922096388412,-0.22301984535813466,-0.17653444912186894,-0.12594372988234204,-0.07426899017141972,-0.026497638607314095,0.0052931913979279285,0.02039593127149242
SSP585,Interactive,IFE,1,2058,-0.13853689849004425,-0.27613088836582944,-0.25690893005856746,-0.23382515331350875,-0.18592692698992208,-0.13294225790033326,-0.07850906804944738,-0.02802028866612085,0.005277753177351397,0.021285647464581312
SSP585,Interactive,IFE,1,2059,-0.14589877427709363,-0.28899532778412373,-0.2689821362330723,-0.2451437054365212,-0.19555031589100993,-0.13992035880968384,-0.08326447600180795,-0.02989284197660898,0.0052345564651587176,0.022177082546620347
SSP585,Interactive,IFE,1,2060,-0.1534247953481317,-0.3019896459863056,-0.28117673134573207,-0.25664100787198607,-0.20528730525325786,-0.14729616955373553,-0.08802683613960777,-0.031815550313448675,0.005162285810857311,0.023599151141078745
SSP585,Interactive,IFE,1,2061,-0.16020549677741458,-0.31413400702291777,-0.29237648257951415,-0.2671661153714146,-0.21339063012818757,-0.15335676875285442,-0.09168156473497205,-0.03325508342519055,0.0054471137159231514,0.02554815466351086
SSP585,Interactive,IFE,1,2062,-0.16793288721649657,-0.3272478012103697,-0.30508472791251295,-0.27880731898680766,-0.22243710861308963,-0.16076935323080244,-0.09660803255264802,-0.03476428710855844,0.005386303699355019,0.026988290391239417
SSP585,Interactive,IFE,1,2063,-0.17580454922714606,-0.3404441570808612,-0.31789702256927993,-0.2905626918663107,-0.23202485871931725,-0.1682327109492428,-0.10171180997045942,-0.036571717322624674,0.005299112819024231,0.027387574481118837
SSP585,Interactive,IFE,1,2064,-0.1838160285746817,-0.3537090844089475,-0.3307842200669377,-0.3023271943737151,-0.24196464934628906,-0.17590181595211551,-0.10641776138909734,-0.03787956520075436,0.005184641747726503,0.029013709457832337
SSP585,Interactive,IFE,1,2065,-0.19196274094982546,-0.367028694575338,-0.34311422215907994,-0.31412193489424217,-0.25195702477042314,-0.1837336393961712,-0.11121122459973812,-0.03914340478901298,0.006110916837172072,0.03085084103791748
SSP585,Interactive,IFE,1,2066,-0.19903870426129633,-0.37917744603147513,-0.3548570584173128,-0.3248414412352742,-0.2606005240018118,-0.19016154540619967,-0.11542637515107831,-0.03998604091997112,0.006541193711846134,0.032503208241782634
SSP585,Interactive,IFE,1,2067,-0.20732788239083866,-0.39247844306449087,-0.36722826614943194,-0.33676943702516743,-0.2707038042628476,-0.198064085610819,-0.12030730793220926,-0.04230487314060752,0.007234674228980246,0.034472860357665794
SSP585,Interactive,IFE,1,2068,-0.21573160692073967,-0.4057904256430544,-0.3796129939414292,-0.3488224002830355,-0.2808943579982248,-0.20595222479801956,-0.12554829500572018,-0.04360860039416595,0.007405889572035992,0.035689489423916955
SSP585,Interactive,IFE,1,2069,-0.2242448173921816,-0.4191003749768688,-0.3919999912638651,-0.3610321420636395,-0.29128345364865754,-0.21392131412792809,-0.1309439748233763,-0.044771640600842065,0.007572690159055667,0.03705758562772502
SSP585,Interactive,IFE,1,2070,-0.23286237305229762,-0.4323955183042948,-0.4043782408594201,-0.3732735247794038,-0.3018444006619895,-0.2220897671048525,-0.13643143088231643,-0.04550117414464667,0.007718201996907802,0.039669192005936535
SSP585,Interactive,IFE,1,2071,-0.24006692490094417,-0.44421465624312334,-0.41601489485138327,-0.3833750302164513,-0.3106761480366059,-0.22872326607849092,-0.13972503933248942,-0.046847071325360305,0.00832651642354259,0.04262074058416774
SSP585,Interactive,IFE,1,2072,-0.24877160211305505,-0.4573590232051324,-0.4283323809536915,-0.3955032484523777,-0.32069788971454743,-0.2367079369475924,-0.14515021490348345,-0.047742165804890456,0.008436808169267356,0.0442279983384979
SSP585,Interactive,IFE,1,2073,-0.2575603939624249,-0.4704496916333386,-0.4406100325742602,-0.407625591437214,-0.3311635634446747,-0.2446711039851836,-0.15062484279595945,-0.048126607146535536,0.008537637249747678,0.045500825568757314
SSP585,Interactive,IFE,1,2074,-0.26642795523394347,-0.48347528638346604,-0.4528094676667551,-0.4197314489790194,-0.34168391404495535,-0.2530070533599937,-0.15573298798941868,-0.04936265443993976,0.008628871808348136,0.04676836414871175
SSP585,Interactive,IFE,1,2075,-0.27536890975329376,-0.4964247880856241,-0.46490264201114184,-0.431810453329722,-0.35222454373398115,-0.2616270078061756,-0.16054653398733248,-0.05028684135356351,0.00871039898335971,0.04804688060396188
SSP585,Interactive,IFE,1,2076,-0.28253695898893794,-0.5064209995913228,-0.4762717588629761,-0.44129078174342146,-0.3611679609489913,-0.2676145142668065,-0.1628642750229832,-0.05171323778250529,0.009563246922840104,0.0522095895587157
SSP585,Interactive,IFE,1,2077,-0.291517942983444,-0.5190949425659293,-0.48822317708948415,-0.45316973944432265,-0.37174090141666183,-0.27586924392031786,-0.16754838764057853,-0.053237143948994196,0.01063909402395206,0.053713682472926516
SSP585,Interactive,IFE,1,2078,-0.3005535812987732,-0.531646624938781,-0.5000863481801516,-0.4649899826740456,-0.38205657300561546,-0.2841815044566956,-0.17287757595100153,-0.05482205551881576,0.011832667595893031,0.05529427733519508
SSP585,Interactive,IFE,1,2079,-0.3096385117637179,-0.5440664805716698,-0.5115453098304162,-0.47668880041485034,-0.392265550644489,-0.29244286631269983,-0.17826934743822118,-0.05640551782374048,0.01315503928884044,0.05935237819064531
SSP585,Interactive,IFE,1,2080,-0.3187673848839512,-0.5563454574377186,-0.5236189068886887,-0.48802457095809726,-0.4026825523656411,-0.30055185149404395,-0.1841279889187353,-0.05811355294644001,0.014618277193840894,0.06154009197626472
SSP585,Interactive,IFE,1,2081,-0.32574831300325846,-0.5658844819258367,-0.5345034344582301,-0.4970278564088995,-0.41079538311470365,-0.3056280614025647,-0.187343783139156,-0.059561467853979096,0.016084414435295416,0.06415109113465844
SSP585,Interactive,IFE,1,2082,-0.3348573700440849,-0.57778213868386,-0.5460300332685799,-0.508373630888473,-0.42130668579613995,-0.31384929890725743,-0.19266080714990177,-0.061286437376042,0.017833460725130833,0.06632951643140174
SSP585,Interactive,IFE,1,2083,-0.34399284402014774,-0.5895126839037031,-0.5574358922529892,-0.5196074857534089,-0.4314405002617353,-0.32238166229866677,-0.19790253915452813,-0.06300905472070581,0.019762954004882885,0.0685368161168977
SSP585,Interactive,IFE,1,2084,-0.3531495899571996,-0.6010694732180315,-0.5687145032798407,-0.5307736262059379,-0.44152545448958774,-0.3307701321698601,-0.20411755099149737,-0.06452058564294583,0.02118729311870979,0.07079700714791419
SSP585,Interactive,IFE,1,2085,-0.36232251242894553,-0.6124498047007237,-0.5798597092656829,-0.5417499779940717,-0.45164310033114613,-0.3389987885859292,-0.21013780587258069,-0.06593744398893002,0.02166613302477897,0.07340248080213843
SSP585,Interactive,IFE,1,2086,-0.36907651437938604,-0.6209567536301378,-0.5900845930442183,-0.5503179351139229,-0.4590145684421386,-0.3452408769538656,-0.21375642046516186,-0.06416545217713542,0.023188774947357542,0.07776521545699003
SSP585,Interactive,IFE,1,2087,-0.37818296938137996,-0.6319171601269414,-0.600902742299069,-0.561070996742784,-0.46885426085406046,-0.35373388811306744,-0.21938893984099248,-0.06587975040782754,0.023719912428838797,0.07997657808355078
SSP585,Interactive,IFE,1,2088,-0.38729002343506136,-0.6426879748944129,-0.6114397234613755,-0.5712854667195164,-0.4784178161250126,-0.36197206010340366,-0.22504759842671962,-0.06846031274098602,0.02591679500520184,0.08302035549652051
SSP585,Interactive,IFE,1,2089,-0.3963929287638248,-0.6534058579600969,-0.6214278634322415,-0.5814679633597891,-0.4875806046032367,-0.3702567733229351,-0.23085432790928748,-0.07108609613075022,0.026623087486190116,0.08647714853745862
SSP585,Interactive,IFE,1,2090,-0.4054870154492014,-0.6642515829490497,-0.6312334161954689,-0.5915802098566211,-0.4965548656543757,-0.3782092773970847,-0.23644464316478628,-0.07369729599967832,0.028786683056790652,0.08990300064713722
SSP585,Interactive,IFE,1,2091,-0.41195411538879867,-0.6729109850758045,-0.638108032046424,-0.5993046728109644,-0.5042895574782305,-0.3831634275383109,-0.23915749039310408,-0.07288735768656968,0.030948905078921774,0.09770024155892262
SSP585,Interactive,IFE,1,2092,-0.4209484432336813,-0.6831700589325352,-0.647535195660846,-0.6092748136443296,-0.5137100716220744,-0.3913227027696004,-0.2448004888639108,-0.07410559260250758,0.03520019642791368,0.10212350060702967
SSP585,Interactive,IFE,1,2093,-0.4299207237131174,-0.6928777967017207,-0.656890320635712,-0.6190886988302113,-0.5231510582670958,-0.3991565185853124,-0.24913892839548005,-0.07465079760062708,0.03915365591457645,0.10658049559015333
SSP585,Interactive,IFE,1,2094,-0.43886672549509753,-0.7009874890190004,-0.6669923840009484,-0.6287831748782353,-0.5326627849029086,-0.40724097764214323,-0.2538158266753575,-0.07521849688791211,0.04329194132765604,0.11124566146087096
SSP585,Interactive,IFE,1,2095,-0.4477823144902583,-0.7096774873627133,-0.676926756594266,-0.6382975349934059,-0.54181756695912,-0.4150864185559192,-0.25918628830607116,-0.0754733470353734,0.04424144137297889,0.1161286285706391
SSP585,Interactive,IFE,1,2096,-0.45385138177983275,-0.7161471447431355,-0.6851707221517783,-0.6450652807598584,-0.5478151540615352,-0.41928311249847505,-0.2622308485551421,-0.07422494744482484,0.04892961353864272,0.1298017557422788
SSP585,Interactive,IFE,1,2097,-0.4626199605140109,-0.7250587593788862,-0.6947469655193081,-0.6543962935386838,-0.5559657460138892,-0.42670520789935756,-0.26747523552673436,-0.07446441449140123,0.05563073418922133,0.13555880578504811
SSP585,Interactive,IFE,1,2098,-0.4713470632213468,-0.7337655547302744,-0.7041433760042228,-0.6630090365070772,-0.5639866790845574,-0.4337453375680199,-0.27199097989106785,-0.07457077015156963,0.0613954710321252,0.1414956936608208
SSP585,Interactive,IFE,1,2099,-0.4800290727233377,-0.7422675757791555,-0.7133364978844917,-0.6720624920882696,-0.5731014468386701,-0.4414377516812505,-0.27815971175001974,-0.07486345527887638,0.06363578939728189,0.1560371847963527
SSP585,Interactive,IFE,1,2100,-0.4886624798402902,-0.7505651826818032,-0.7223312076659374,-0.6805846939056428,-0.5819881360308435,-0.44896198416588196,-0.2840377076831859,-0.07659513464179553,0.06517273176855448,0.1614304010882236
SSP585,Interactive,IFE,2,2021,-9.567761467776936e-5,-2.6528546858830274e-4,-2.2725278575848605e-4,-2.0381636121744596e-4,-1.5637146418640002e-4,-9.548970723294303e-5,-2.6308432296728856e-5,2.568934945013092e-5,5.8183044908810484e-5,8.526620589397459e-5
SSP585,Interactive,IFE,2,2022,-2.054133062182606e-4,-6.916455521273346e-4,-6.172574636520601e-4,-5.30583486000491e-4,-3.7890018299552297e-4,-1.9137883490261132e-4,-1.4803761497900192e-5,1.4944380935530969e-4,2.56148955387081e-4,3.1909642647046647e-4
SSP585,Interactive,IFE,2,2023,-4.644420481114686e-4,-0.001513189706035345,-0.0013232847148610949,-0.0011461696379977183,-8.109614922644781e-4,-4.3820175044589904e-4,-4.2211489009486014e-5,2.845207330383959e-4,4.4122581748115e-4,5.729082111126271e-4
SSP585,Interactive,IFE,2,2024,-8.776553554711297e-4,-0.0027363191634527883,-0.0024179837965098705,-0.0020469598158828427,-0.0014569971038193297,-7.938204192138865e-4,-1.5802279445037426e-4,3.869540992827103e-4,6.881137992915002e-4,9.507139187591606e-4
SSP585,Interactive,IFE,2,2025,-0.0014498890808323228,-0.004438838484831601,-0.003840600130058447,-0.0032203458840273204,-0.002350637527861965,-0.0013198632924300568,-3.764309223374396e-4,4.71627303742861e-4,9.987003800807192e-4,0.001364783689431148
SSP585,Interactive,IFE,2,2026,-0.0022320903161142658,-0.006647096388158247,-0.005617099136071962,-0.004812600905591258,-0.003513715157253239,-0.0020311311877959093,-7.142719352414839e-4,5.442725360851331e-4,0.001312270417195882,0.0018770012157615036
SSP585,Interactive,IFE,2,2027,-0.0031512187458914154,-0.009139343781565737,-0.007791238876248397,-0.006658098584965666,-0.004909915481158933,-0.0028739376106565184,-0.0010610803103448252,6.444413133756433e-4,0.0016251135171493662,0.0024479424807571414
SSP585,Interactive,IFE,2,2028,-0.004245255273875981,-0.012098846771042782,-0.010244456877908014,-0.008902007098376552,-0.006595997778311907,-0.003903501029054901,-0.001547846454212215,7.519625409736279e-4,0.0020004640722869316,0.0031435687593071512
SSP585,Interactive,IFE,2,2029,-0.00551859504508434,-0.01550852901381156,-0.013205090968817078,-0.011482172510867805,-0.008468143358452224,-0.005086213155775066,-0.0020589619527531244,8.94234368288128e-4,0.0023604084117563864,0.0038700733577285923
SSP585,Interactive,IFE,2,2030,-0.006975498234231936,-0.019241897953292834,-0.016589295597788035,-0.014335726112566437,-0.010615531777759146,-0.0064767767519864905,-0.0026877160269883626,0.0010506903073064242,0.002793990856244243,0.004723391384588693
SSP585,Interactive,IFE,2,2031,-0.008708800465645372,-0.023491306067803145,-0.020414742006306576,-0.01769171824207604,-0.013105573936331993,-0.00814395377470245,-0.0034516244963812004,0.0010463011094213662,0.003136126820556872,0.005592194261363939
SSP585,Interactive,IFE,2,2032,-0.010557535771625992,-0.028078407769501094,-0.02458359000917335,-0.021247766890138332,-0.015885486127493964,-0.009892760888330743,-0.004220196034293244,9.792124757290982e-4,0.0034073125287683243,0.0064579814745527936
SSP585,Interactive,IFE,2,2033,-0.012601148920269534,-0.03315211807073943,-0.029129325134093366,-0.025162171360254393,-0.018920248337189444,-0.01185697281841619,-0.005073502306423061,0.001018912428831634,0.003870303425479634,0.007372650477500564
SSP585,Interactive,IFE,2,2034,-0.01484300084048662,-0.03885348954615388,-0.033973835233753795,-0.0293649717475027,-0.02226515200608542,-0.014032948603038942,-0.0060195061277968365,0.0011110700801838114,0.004464358010632849,0.008360813402768315
SSP585,Interactive,IFE,2,2035,-0.017286265993219585,-0.044713873654860056,-0.03912678271584707,-0.034073279486657546,-0.025953500629008835,-0.016370272328407043,-0.007013007170470514,0.0010433098343682033,0.00521241855911263,0.00937879480837271
SSP585,Interactive,IFE,2,2036,-0.020059071273011098,-0.0514177925443764,-0.044666689983750035,-0.03939646413946297,-0.0300649357527544,-0.019051458863384496,-0.008231832780068393,7.363549885396356e-4,0.0055858282549238044,0.010408969206984763
SSP585,Interactive,IFE,2,2037,-0.022921605376972964,-0.058231968621592356,-0.05053526713748641,-0.04459232086987247,-0.03428049613891887,-0.021680032892865186,-0.009433065736824259,6.207578047704452e-4,0.00622016505713044,0.01169150656322267
SSP585,Interactive,IFE,2,2038,-0.025991517404883258,-0.06536781027536198,-0.05695179737166393,-0.05014533103623994,-0.038720599823664825,-0.024516418423071396,-0.010820217987798142,1.8434026859086858e-4,0.006755324061947752,0.013039610140410851
SSP585,Interactive,IFE,2,2039,-0.02927084802345703,-0.07287892773753199,-0.0638172762417466,-0.05594466148002619,-0.04343134137426827,-0.027656455142542724,-0.01237206160954002,-1.2075022197783834e-4,0.007449329982147543,0.01443053701797552
SSP585,Interactive,IFE,2,2040,-0.0327614193387783,-0.0807561073885616,-0.07116654976810849,-0.06221243776273466,-0.048620879907526726,-0.030964240032771373,-0.013997465364622402,-4.036912676039442e-4,0.008119934648498623,0.015562280414685884
SSP585,Interactive,IFE,2,2041,-0.03656404094710586,-0.0891277437724332,-0.07905106028360873,-0.06920366674256179,-0.054121540817011704,-0.03465039664753283,-0.0159677184184501,-7.963480772420593e-4,0.008231637045561704,0.01659554061122064
SSP585,Interactive,IFE,2,2042,-0.040474370460448106,-0.09772565616281038,-0.0872567261366709,-0.0764137932926627,-0.05985106086888631,-0.038395353714749225,-0.017799395142288704,-0.0010973329395732583,0.008996608564651296,0.018354375346980846
SSP585,Interactive,IFE,2,2043,-0.044596192420223946,-0.1066719546417191,-0.0958047435868605,-0.08381905060189312,-0.06563020944821521,-0.042337156324550596,-0.019524804532970147,-0.0014123415146392166,0.009909946389309806,0.020242029619068683
SSP585,Interactive,IFE,2,2044,-0.0489301317636317,-0.11620365385380195,-0.10421615735147743,-0.09142399310851797,-0.07189848460859624,-0.046646315642678016,-0.02167004669583114,-0.0018835585798629856,0.010647387775696883,0.021443109774464435
SSP585,Interactive,IFE,2,2045,-0.053476581948038504,-0.12610131495177754,-0.11291305294412218,-0.09928991124610223,-0.07831779308917478,-0.05109570584445339,-0.023809062521037677,-0.0022395107347614514,0.011675574935020382,0.02307874375049208
SSP585,Interactive,IFE,2,2046,-0.058208951522932706,-0.13637471124623365,-0.12197565733790383,-0.10735353499531998,-0.08472527559315982,-0.05564562880695101,-0.025964183679480113,-0.0027251356932658987,0.012529193313258413,0.02457335501027238
SSP585,Interactive,IFE,2,2047,-0.06314972210994774,-0.14721900114159173,-0.13138097785720465,-0.11583669528803252,-0.0911848618211005,-0.060539593383985346,-0.028241330450033325,-0.0032085038223892515,0.013709546584680177,0.026002212409893484
SSP585,Interactive,IFE,2,2048,-0.0682973727227747,-0.15838818655572667,-0.14138515289047862,-0.12463117778323456,-0.0978059459142962,-0.06548376171603848,-0.030610625682397613,-0.0037012602227523813,0.01497531642755438,0.027426834259048818
SSP585,Interactive,IFE,2,2049,-0.0736511322929072,-0.16987251799667738,-0.15159592584049433,-0.13368403294867695,-0.10494707471087975,-0.07056642188942935,-0.03315874787988898,-0.00417587045409241,0.016320599471883288,0.028845246318364957
SSP585,Interactive,IFE,2,2050,-0.079210003861921785,-0.1816567777610851,-0.16210270932171714,-0.14326197616544054,-0.11231296141758085,-0.0759632720493496,-0.03589921105542512,-0.004435322621695043,0.01732532428102482,0.0302535578381421
SSP585,Interactive,IFE,2,2051,-0.08469830197709138,-0.19307458551555393,-0.172196468897697,-0.15270804380581196,-0.11976730992753992,-0.08130436944677416,-0.03842843397411502,-0.005136906636313193,0.018389275029069736,0.03200856459815318
SSP585,Interactive,IFE,2,2052,-0.09059561218687862,-0.20526916492961594,-0.1826495243170307,-0.1626898774769084,-0.12781845154835514,-0.08692360545989353,-0.04132500806320047,-0.006113492680013893,0.019766108063866607,0.03393223819351572
SSP585,Interactive,IFE,2,2053,-0.09668618210669244,-0.21770015076499227,-0.1933018985818383,-0.17261823061080855,-0.1360494356018635,-0.0928476483672468,-0.04442426823797585,-0.006549980251306397,0.020563150038255682,0.03632433665547053
SSP585,Interactive,IFE,2,2054,-0.10296789059622591,-0.23035001276833839,-0.2041410622715605,-0.18275339137452487,-0.14445845352121228,-0.09857456499119199,-0.04792974385352369,-0.00718806198808989,0.02174922958277349,0.03882518611701722
SSP585,Interactive,IFE,2,2055,-0.10943840955452278,-0.24320092941728527,-0.2154408291474884,-0.19308463661570366,-0.15311330669650755,-0.10461290314284122,-0.05100629987600708,-0.007518124129793356,0.022590977534556203,0.041438768065449265
SSP585,Interactive,IFE,2,2056,-0.11550081925609745,-0.25496950383838624,-0.22651369239331925,-0.20288817892987135,-0.16117515151062614,-0.11045622802459304,-0.053911212130621694,-0.008005300607199367,0.02380976060425627,0.04391604538262326
SSP585,Interactive,IFE,2,2057,-0.12224171337015566,-0.267973934662605,-0.2384822901518349,-0.2135994690795357,-0.1700436245489548,-0.11718989451075851,-0.057433689037938634,-0.007473214356231111,0.024847368319267045,0.046738483688253334
SSP585,Interactive,IFE,2,2058,-0.12915471073803553,-0.2811114208454029,-0.25060480526647755,-0.22452793656257242,-0.17906081529077547,-0.12354832479559602,-0.06062192460414717,-0.008686224648897609,0.025666730111430378,0.04968326794553994
SSP585,Interactive,IFE,2,2059,-0.13623646614238205,-0.29436374489163886,-0.26244044787753157,-0.23531992473142235,-0.18838578945402035,-0.1299689277739337,-0.06403187333895416,-0.009182462881022395,0.02633525217238548,0.05266131198670775
SSP585,Interactive,IFE,2,2060,-0.14348345723218436,-0.307712737231158,-0.2743915744810401,-0.24629102201239317,-0.1978970760874654,-0.13672320772935265,-0.06775895726902109,-0.009460820965575083,0.027548475871383836,0.05496755382885807
SSP585,Interactive,IFE,2,2061,-0.14990582158167298,-0.31920313211741963,-0.2852769824608445,-0.25633881673318515,-0.20661438343768299,-0.14271073000451695,-0.07084117981578358,-0.009960359953966153,0.029327824450967446,0.05792156157146656
SSP585,Interactive,IFE,2,2062,-0.15734143692255043,-0.332459429585613,-0.297485902368034,-0.26777779366935367,-0.2160501670042535,-0.14965094057771333,-0.07449228889271148,-0.010380888008673698,0.03064868916728305,0.06070492532837748
SSP585,Interactive,IFE,2,2063,-0.16492172625899004,-0.345747668960018,-0.31008683383222196,-0.279037440174272,-0.22532692868471563,-0.15695274204865095,-0.07857386221380586,-0.011171689818345817,0.03130452213229458,0.06325641347731199
SSP585,Interactive,IFE,2,2064,-0.17264236501977948,-0.35905084830451384,-0.3227812506301995,-0.28992228536084863,-0.2345860704211552,-0.16397363355044237,-0.08215495980607113,-0.012113593700941156,0.03193918737147236,0.06637413395035605
SSP585,Interactive,IFE,2,2065,-0.18049889476062875,-0.37235230355753995,-0.33555574160313584,-0.30111679895222415,-0.2442224753456837,-0.1713825943232492,-0.08615857064666929,-0.013312980569774318,0.03252411048945325,0.06925941969269377
SSP585,Interactive,IFE,2,2066,-0.1871910794627758,-0.38326765396526286,-0.34675427792550695,-0.311433418097504,-0.25286811288977484,-0.17790473902243786,-0.08897003277785662,-0.013047223212975748,0.035714355888887224,0.07393885553300687
SSP585,Interactive,IFE,2,2067,-0.19518077951012125,-0.39675497571010165,-0.35951582831655887,-0.32292531057539314,-0.26250770747261143,-0.18565633751274124,-0.09277982436753338,-0.014187744535589221,0.03717768714885493,0.07645825327253412
SSP585,Interactive,IFE,2,2068,-0.20328537291181847,-0.4102695125499248,-0.3723127542762755,-0.3344141075373445,-0.2721006995527035,-0.19353244907902079,-0.09673029229708521,-0.0150532233959903,0.03869596509751839,0.07902455251894121
SSP585,Interactive,IFE,2,2069,-0.2114998907363178,-0.42376360932596374,-0.3851322886628418,-0.3462270994135451,-0.2820258370091861,-0.2012776184770938,-0.10041008997528159,-0.015296028743314087,0.0398719334531021,0.0816409819546608
SSP585,Interactive,IFE,2,2070,-0.21981927874431262,-0.4372176017721502,-0.3979196350553171,-0.3582152547769173,-0.2925020823998247,-0.2091277905101151,-0.10461085675653989,-0.01578824009246616,0.040766638063243925,0.08431103191397135
SSP585,Interactive,IFE,2,2071,-0.22662186654458438,-0.4485863048225177,-0.40892155166807675,-0.3675233247831743,-0.3011364356255648,-0.2156063113381821,-0.10763761936642716,-0.0152594464811017,0.044134142280504024,0.09032963148154029
SSP585,Interactive,IFE,2,2072,-0.2350219288056592,-0.46182637823836115,-0.42165668289590236,-0.37861775955065263,-0.311478014857555,-0.22302240515257393,-0.11185232262971168,-0.015562367180256796,0.04523841581711344,0.09344279722171038
SSP585,Interactive,IFE,2,2073,-0.24350656712394325,-0.4749915779038481,-0.43436947259105496,-0.38967019727145097,-0.3216823647492755,-0.2304326613666816,-0.1161495541246104,-0.016007597988986207,0.04634657974536072,0.09661659751383865
SSP585,Interactive,IFE,2,2074,-0.25207050073801274,-0.48807014881637323,-0.44675020569611196,-0.40068216055309647,-0.3320007252023615,-0.23824400958845615,-0.11992153957976673,-0.01657765184098872,0.04745979347640091,0.10150407008515995
SSP585,Interactive,IFE,2,2075,-0.2607084118866687,-0.5010507870302101,-0.4593403865761787,-0.41240157785269416,-0.34210119280459783,-0.24589139367252627,-0.12460048224654754,-0.017404530227923945,0.051366740136682604,0.10823125288814946
SSP585,Interactive,IFE,2,2076,-0.2674623449801963,-0.5116480558147191,-0.4697379053763441,-0.421767430909868,-0.35036916008858915,-0.25109218273954675,-0.12684497497635513,-0.01781868189598947,0.055209565785388603,0.11289335318531638
SSP585,Interactive,IFE,2,2077,-0.2761348945584019,-0.5240023373876862,-0.4822075869626188,-0.4332132193809191,-0.36056550229812717,-0.25923075706068427,-0.13087298538491487,-0.01900383021507233,0.056802728412667265,0.12015364163875783
SSP585,Interactive,IFE,2,2078,-0.28486257048941044,-0.5359860475618201,-0.4946027160528075,-0.44501681255317005,-0.37053056354677727,-0.2674222085306063,-0.13479203422580366,-0.020317158814125023,0.05838825156394246,0.12781757469201976
SSP585,Interactive,IFE,2,2079,-0.29364003935092264,-0.5478096832483768,-0.5069138185626052,-0.4566690997687146,-0.380473877657542,-0.275558741478643,-0.13884240141224005,-0.02167460225847985,0.060713522019714215,0.13347656386448292
SSP585,Interactive,IFE,2,2080,-0.3024619730678909,-0.5594653111295904,-0.5191209033560279,-0.4682553635191482,-0.3903997183567337,-0.2833523676762352,-0.14320629272345142,-0.01945109688267914,0.06228565980293368,0.138427165097672
SSP585,Interactive,IFE,2,2081,-0.30901823828415365,-0.5685862414470553,-0.5295112053606768,-0.47647192773969094,-0.39828554242302755,-0.2880295581390826,-0.14575070714547886,-0.01921984334741969,0.06791106649529566,0.14329820163490317
SSP585,Interactive,IFE,2,2082,-0.31781315568384105,-0.5798354538491295,-0.5414575574424398,-0.48659559876393604,-0.4076949869713257,-0.2952342405318757,-0.14983493790703623,-0.01658198964161437,0.07033664524293545,0.14949319360982116
SSP585,Interactive,IFE,2,2083,-0.3266347495700831,-0.5909109441157577,-0.5532851643564695,-0.4970847242879396,-0.41712228898361925,-0.3026443640775735,-0.15412486243151197,-0.015936633847543884,0.07286876872298668,0.1581714414871147
SSP585,Interactive,IFE,2,2084,-0.33547786350024666,-0.6022941953896985,-0.5639438135274197,-0.5081244220916618,-0.4269285376484226,-0.30996574849592734,-0.1582834693578885,-0.015951486689945883,0.07551344871223023,0.16730524953537357
SSP585,Interactive,IFE,2,2085,-0.344337381806866,-0.6134983899926642,-0.5746280515021917,-0.5190354231583998,-0.4371317714113101,-0.316773800774897,-0.16242489349430575,-0.015714026025033613,0.07851884640530443,0.17687443751916615
SSP585,Interactive,IFE,2,2086,-0.35066782251476725,-0.6216339629328763,-0.5830614532701258,-0.5266114278772723,-0.4445850934624829,-0.3226572642202458,-0.16545306137507473,-0.013714081808374419,0.08430908076495924,0.1844587437278805
SSP585,Interactive,IFE,2,2087,-0.35945664746723127,-0.6324178343893819,-0.5932667150368849,-0.5371744215228703,-0.4545766525180338,-0.32931576607473045,-0.16943975855022575,-0.014703366645870308,0.09079348043716182,0.19480922303495235
SSP585,Interactive,IFE,2,2088,-0.36824607344104854,-0.6430116211775088,-0.6032872416573096,-0.5477661999740066,-0.46393851015602394,-0.3364654369967979,-0.17196367950865657,-0.015758091412502992,0.09460530244166132,0.21283351589320906
SSP585,Interactive,IFE,2,2089,-0.37703128923107077,-0.6534118460498028,-0.6134576759948909,-0.5575827028917457,-0.47253056045624064,-0.3435498594235882,-0.1750756607922072,-0.01420599382073819,0.0984225056600192,0.2241219518534359
SSP585,Interactive,IFE,2,2090,-0.3858075504823909,-0.6640521814125631,-0.6242451467677874,-0.5678652724152693,-0.4816519169837775,-0.3507097165505904,-0.17951719446340111,-0.0120715761366104,0.10228675718637711,0.23450981709826527
SSP585,Interactive,IFE,2,2091,-0.39184463832098715,-0.672301102359379,-0.6341911951940579,-0.5751601780008491,-0.488640986768734,-0.355479660798786,-0.1823772569080752,-0.01017307231181611,0.11327436892105619,0.2423124102034042
SSP585,Interactive,IFE,2,2092,-0.4005202092071092,-0.6827046884585153,-0.6445600113583693,-0.5849125025875885,-0.49752282681490045,-0.36275946102869144,-0.1864016897189803,-0.009370875320474998,0.11780697122010364,0.25351024625811214
SSP585,Interactive,IFE,2,2093,-0.4091734077101049,-0.6929056158564049,-0.6542276789023223,-0.5948862151543084,-0.5068437271668693,-0.36978942712219265,-0.19091967809729063,-0.008474779200040571,0.1225395355043248,0.26507707428921984
SSP585,Interactive,IFE,2,2094,-0.4177998769513488,-0.7028917324880964,-0.6642327066840565,-0.6043209696661785,-0.5159641859766197,-0.37721592542382504,-0.1945787011670662,-0.007475962055685133,0.12748085081758967,0.27747660096957977
SSP585,Interactive,IFE,2,2095,-0.4263953435612723,-0.7126625378216213,-0.6723165593692109,-0.6141253234488515,-0.5243790073540799,-0.3843861212094528,-0.19781463321716727,-0.0037151320771210104,0.13292421409809785,0.28882176887892697
SSP585,Interactive,IFE,2,2096,-0.43200996791878,-0.7198749673968544,-0.6781539118864722,-0.6210331332011375,-0.5292194010851107,-0.38709376409790236,-0.19968630844975102,0.0058572564299518345,0.1415581041206332,0.2984641302239148
SSP585,Interactive,IFE,2,2097,-0.4404543893807643,-0.7284965711057474,-0.6871262447837719,-0.6300067678866474,-0.5383985789970452,-0.39528800696164146,-0.2042724699129731,0.009423163967210452,0.14640990323198516,0.3113333898302984
SSP585,Interactive,IFE,2,2098,-0.4488562589513727,-0.736549271264528,-0.6962427657769439,-0.6388654179093445,-0.5470671822800509,-0.4023385315143133,-0.20914657070037165,0.010246590589178674,0.15139615647867877,0.3282917551996856
SSP585,Interactive,IFE,2,2099,-0.4572117582242933,-0.7443947345777392,-0.7040895556410076,-0.6475371008445163,-0.5553895496130917,-0.4085283619901766,-0.2134247787290222,0.010864625749522,0.16233546471137547,0.34190570072845045
SSP585,Interactive,IFE,2,2100,-0.46551716018770817,-0.7520345591322938,-0.712768087082275,-0.6559946232880874,-0.5639636488011113,-0.41597416501715495,-0.21729432301574914,0.016420250346324397,0.1727155557633907,0.35819300380562435
