ssp,spec,estimator,method,L,component,year,point,q025,q05,q10,q25,q50,q75,q90,q95,q975
SSP585,Interactive,AFE,Country resampling,0,All,2021,-3.580295461824701e-5,-2.7987776396393437e-4,-2.3855583852799289e-4,-2.0106354408663262e-4,-1.2005576009974095e-4,-2.832613514791582e-5,5.0169125257848446e-5,1.24807187562559e-4,1.7616118800531917e-4,2.1799918580185922e-4
SSP585,Interactive,AFE,Country resampling,0,All,2022,-1.1628852913803112e-4,-8.493867781861869e-4,-7.263879515082783e-4,-6.10819338205415e-4,-3.7083224946204973e-4,-9.50689504667368e-5,1.434133260467818e-4,3.6551671121802813e-4,5.197428773338724e-4,6.462691160695199e-4
SSP585,Interactive,AFE,Country resampling,0,All,2023,-2.501962541585634e-4,-0.0017141799021299197,-0.0014742683648929446,-0.0012392541439590788,-7.605660190703745e-4,-2.1247277263503062e-4,2.692685114322746e-4,7.151921806372921e-4,0.0010263360291381408,0.0012797839017765931
SSP585,Interactive,AFE,Country resampling,0,All,2024,-4.461130653229395e-4,-0.0028916349140232387,-0.0024910383238437193,-0.0021017496945489153,-0.0012913864261326902,-3.8848039993932826e-4,4.2381053216966613e-4,0.0011659656343337545,0.001690770119146755,0.0021134714595029136
SSP585,Interactive,AFE,Country resampling,0,All,2025,-7.124600653541924e-4,-0.004387964167011596,-0.0037857405418266817,-0.0032079056270920337,-0.0019840599580787377,-6.088864191325927e-4,5.799612349302596e-4,0.001715053716329962,0.0025148345720225835,0.0031206714761482673
SSP585,Interactive,AFE,Country resampling,0,All,2026,-0.001120456238030032,-0.00628948755347101,-0.0054400401825503595,-0.004630891525688607,-0.002915199228118004,-9.439364981246867e-4,6.942929249937335e-4,0.0022794944726787234,0.0034169138685629635,0.004237681889350062
SSP585,Interactive,AFE,Country resampling,0,All,2027,-0.0015758268081766946,-0.00847963798338556,-0.007343541796874458,-0.006243589577972087,-0.003988851806596999,-0.0013473088440156267,8.678799481696697e-4,0.0029950629794737397,0.004483839505894556,0.005584728049328956
SSP585,Interactive,AFE,Country resampling,0,All,2028,-0.002130497069404602,-0.011024567981300897,-0.009554520349113456,-0.008134535109289343,-0.005257669554066674,-0.0018539064565529229,0.0010450824620725219,0.003777255837632399,0.005688841911396232,0.007097607193729731
SSP585,Interactive,AFE,Country resampling,0,All,2029,-0.0027924741713031276,-0.013912979426610073,-0.012080241372649968,-0.01028070178920195,-0.006719974272507312,-0.002463199554103346,0.0012114790475531434,0.00460288757699945,0.007016485840464365,0.008770647109731914
SSP585,Interactive,AFE,Country resampling,0,All,2030,-0.003569547013051233,-0.017140727158561457,-0.014927354819079947,-0.012700413367489715,-0.00835803062437715,-0.0031715821672251288,0.0013404920331726022,0.005543868288683853,0.008460905582212668,0.010598479638805662
SSP585,Interactive,AFE,Country resampling,0,All,2031,-0.004605257833709908,-0.020794239845322155,-0.018257768511697945,-0.015575083794909572,-0.010338441292151196,-0.00411457388869485,0.001373814160249509,0.006459570075505107,0.009899847298509944,0.012383140571403446
SSP585,Interactive,AFE,Country resampling,0,All,2032,-0.0056578229476743624,-0.024711803158966778,-0.021791285842931794,-0.01863636080483072,-0.012392217395218535,-0.005083730536257436,0.0014722235427061525,0.00738216834451564,0.011468857996451464,0.014476931624132345
SSP585,Interactive,AFE,Country resampling,0,All,2033,-0.006848694710859582,-0.02898022216949299,-0.025663463541151878,-0.021991554347517275,-0.01465484924268376,-0.006199853966751878,0.0014811341678079848,0.008390542278762014,0.013104376818428376,0.016709469425659734
SSP585,Interactive,AFE,Country resampling,0,All,2034,-0.008184669163115,-0.03360061252787207,-0.029877679097669863,-0.025635765288786118,-0.0171496116994789,-0.007410234609856403,0.0014632199979218163,0.009471572103809623,0.014780198320289671,0.019076590508435073
SSP585,Interactive,AFE,Country resampling,0,All,2035,-0.009672289138148216,-0.038631058104363375,-0.034435205742579286,-0.029636544767471552,-0.019936549131589903,-0.00874922476738621,0.0013509854427258827,0.010543502744929725,0.016581715165045703,0.02157438403257693
SSP585,Interactive,AFE,Country resampling,0,All,2036,-0.011526046639014687,-0.04421307701104239,-0.03961033186145016,-0.034123244998181715,-0.02304570394783753,-0.010435930090805456,9.495530771460037e-4,0.011400658991795189,0.018116011796620386,0.0238850332063342
SSP585,Interactive,AFE,Country resampling,0,All,2037,-0.013349151181536678,-0.05002658622623804,-0.044880211790792546,-0.038587518172854184,-0.02627125397683147,-0.012114820090295464,7.077436136640469e-4,0.012357715534625908,0.019978613867906937,0.026616532074080664
SSP585,Interactive,AFE,Country resampling,0,All,2038,-0.015339683288931094,-0.05620919519962159,-0.05047767183466905,-0.043481462378822555,-0.029762598912140503,-0.013926859839551609,4.3574855970401893e-4,0.013462160167937758,0.02188821634749636,0.029470177915912766
SSP585,Interactive,AFE,Country resampling,0,All,2039,-0.01750278505186753,-0.06275928904158604,-0.05641214033190631,-0.048698439029791984,-0.03339426251809971,-0.0158969070713727,1.5921214967368202e-4,0.014633128713718736,0.02389040177812928,0.03244328836256498
SSP585,Interactive,AFE,Country resampling,0,All,2040,-0.019843311009874465,-0.06966802211544156,-0.06271873079241924,-0.05419347910678883,-0.03735030708109574,-0.018007147132868606,-2.835742278838038e-4,0.015692323434846504,0.02620229431321889,0.035504654543210216
SSP585,Interactive,AFE,Country resampling,0,All,2041,-0.02254746710135558,-0.0770747520585357,-0.0695468736929286,-0.060161353970565476,-0.04167640164822323,-0.02058591985588848,-9.519030649298987e-4,0.01657390935315513,0.02823193764806056,0.038382622908118266
SSP585,Interactive,AFE,Country resampling,0,All,2042,-0.025236211618313686,-0.08468571075407699,-0.07649110970218527,-0.06633362119926738,-0.04610886282020166,-0.02310730674914757,-0.0016713359314143028,0.017565475492292714,0.030455936087624293,0.041617627943112134
SSP585,Interactive,AFE,Country resampling,0,All,2043,-0.028107882081142677,-0.09264207539213047,-0.08366982018519306,-0.0727993879259327,-0.05078950106921831,-0.025793999604624196,-0.002506728087597526,0.018525332286491652,0.032878009240629294,0.04515490859597849
SSP585,Interactive,AFE,Country resampling,0,All,2044,-0.031165583294699206,-0.1009381065357127,-0.09114324759810108,-0.07957320413481811,-0.05556283014650179,-0.02863816659207824,-0.003455892061611371,0.01944974052837612,0.03536017444659288,0.048730638829901904
SSP585,Interactive,AFE,Country resampling,0,All,2045,-0.03441211195140448,-0.10956738295517583,-0.09894890135237192,-0.08663585373732419,-0.0607496242622583,-0.031642757772357366,-0.00452317614975406,0.020501403092223525,0.037889705249326285,0.052414272860200485
SSP585,Interactive,AFE,Country resampling,0,All,2046,-0.0378334264237129,-0.11842442800967035,-0.10710530447507852,-0.09388701975949956,-0.06611062160749148,-0.03478917224016187,-0.005588353995294865,0.021431157690826975,0.04038302862322615,0.05598631991509799
SSP585,Interactive,AFE,Country resampling,0,All,2047,-0.04140155788903199,-0.12764301988523086,-0.11548396009148987,-0.10130018308422646,-0.0717445613415455,-0.03807888877211962,-0.00669207322533702,0.022412841653425702,0.04304307216453777,0.05995257820160425
SSP585,Interactive,AFE,Country resampling,0,All,2048,-0.045154608499535454,-0.13716237468851666,-0.12415355913571223,-0.10896667197012011,-0.07759662226253805,-0.04157542660150826,-0.007947739723098146,0.02335796240289678,0.04575258876337444,0.06400200829444962
SSP585,Interactive,AFE,Country resampling,0,All,2049,-0.049093608515827,-0.14697328888474534,-0.13314041341930138,-0.11688765055359804,-0.08366104116315756,-0.04519013333009114,-0.0091953586814926,0.02429021709225179,0.04850821110570265,0.06797999904970471
SSP585,Interactive,AFE,Country resampling,0,All,2050,-0.05321928278830712,-0.156998342913072,-0.14240026255420293,-0.1251429309311225,-0.09000635273281954,-0.04896305973864484,-0.010617085563027207,0.02510105291043252,0.051031447376713154,0.07204092785327106
SSP585,Interactive,AFE,Country resampling,0,All,2051,-0.05707165539324677,-0.16686854185949201,-0.15140160965427302,-0.1331323429517223,-0.09604437036136071,-0.05248029796822551,-0.011702775113407116,0.026411287773174183,0.05403578247669745,0.0765258950324295
SSP585,Interactive,AFE,Country resampling,0,All,2052,-0.06143327209329441,-0.17733407355267317,-0.1610875459521198,-0.14180395755076633,-0.10254275361634119,-0.05643488701531907,-0.013280100045286958,0.027302645333314682,0.05673793004844062,0.0808958498720238
SSP585,Interactive,AFE,Country resampling,0,All,2053,-0.06596603367172671,-0.18792136907024193,-0.17103703638100956,-0.15085286808599394,-0.10922760976768081,-0.06062401696473951,-0.015003236274424792,0.028171903651113106,0.060044982191782725,0.08536035850469845
SSP585,Interactive,AFE,Country resampling,0,All,2054,-0.0706688368358449,-0.19873171174704907,-0.18120290046649987,-0.16013284996809485,-0.11623778637442098,-0.0649394455177002,-0.016780120723661696,0.029019274663432525,0.06343477799774835,0.08991828163384519
SSP585,Interactive,AFE,Country resampling,0,All,2055,-0.07554029897306913,-0.2097545684850816,-0.19157179905368188,-0.16963528292289934,-0.1234576920605884,-0.06922243672956946,-0.01861818512819438,0.029845275541344883,0.06687478213175689,0.09456673617761653
SSP585,Interactive,AFE,Country resampling,0,All,2056,-0.07951262904260692,-0.22044223761346854,-0.200935390905461,-0.1781294856338413,-0.12966330460039113,-0.07283535587491163,-0.019161961512235176,0.031725243116308983,0.07089894659196064,0.10023105412714764
SSP585,Interactive,AFE,Country resampling,0,All,2057,-0.08451044321449319,-0.23175797783351534,-0.21134376661999196,-0.18782131506580374,-0.1370735448249248,-0.0774822101237786,-0.020867224750738184,0.032673837371829016,0.07521141763840229,0.10527644898573907
SSP585,Interactive,AFE,Country resampling,0,All,2058,-0.08965221421707925,-0.24324473469489308,-0.22199192324524464,-0.19767126451489536,-0.14464475296976276,-0.08224602564582484,-0.02265608542227429,0.03360002689538046,0.07874720973764482,0.11043339153655246
SSP585,Interactive,AFE,Country resampling,0,All,2059,-0.09493487473083151,-0.2548910037703667,-0.2327684774122038,-0.20768505813330979,-0.15237011052794525,-0.08701044523971985,-0.024525534149127004,0.03459053610652596,0.08221191119591355,0.11570440334668991
SSP585,Interactive,AFE,Country resampling,0,All,2060,-0.10035512756853582,-0.26668513694669144,-0.24363318109193013,-0.21785228463046152,-0.16024256600129086,-0.0919280763570639,-0.026449491225592425,0.03584909316105357,0.08573248878572796,0.12109058330259304
SSP585,Interactive,AFE,Country resampling,0,All,2061,-0.10407693753617786,-0.27653338832529056,-0.25258591445894346,-0.22601447956188778,-0.1660834876326212,-0.09538006130406179,-0.02695817376106957,0.0395065395677534,0.09084053121084654,0.12834299071426597
SSP585,Interactive,AFE,Country resampling,0,All,2062,-0.10948573428943797,-0.2875155999202909,-0.2633930166484659,-0.23568011498272937,-0.17382208505615385,-0.10025507766732422,-0.028944451556607714,0.0412379164145282,0.0947595729032795,0.13428109422953097
SSP585,Interactive,AFE,Country resampling,0,All,2063,-0.11500028169055898,-0.2988048085816425,-0.27427078030829793,-0.24547715286444982,-0.18145213081886669,-0.1051814864639189,-0.031071574696206694,0.04305398131715273,0.09876350311927105,0.1403687089162482
SSP585,Interactive,AFE,Country resampling,0,All,2064,-0.12061598133652796,-0.31062064713119797,-0.28520684385953393,-0.25535659701877894,-0.18876003214000053,-0.11043168370913964,-0.033287588986992855,0.044962400722538064,0.10287530516719044,0.1466093524068876
SSP585,Interactive,AFE,Country resampling,0,All,2065,-0.12632807844007377,-0.32247862952606554,-0.29618895285475555,-0.2652416197804342,-0.19659799219214663,-0.11578383409782117,-0.035301021003944943,0.04697134337251257,0.10707863121600605,0.1530068076168603
SSP585,Interactive,AFE,Country resampling,0,All,2066,-0.1296555104488747,-0.3320514690262898,-0.304620345085959,-0.27287237879471155,-0.20261332635308069,-0.11868831528808838,-0.03501463979511055,0.050478776070995504,0.1135677960609067,0.1620650952108199
SSP585,Interactive,AFE,Country resampling,0,All,2067,-0.1352660357248031,-0.34371855539592006,-0.31541017382923914,-0.2832401270633387,-0.21081565960721188,-0.12363384342315381,-0.03658681302225106,0.05208597457167628,0.1184877481968497,0.169135429428409
SSP585,Interactive,AFE,Country resampling,0,All,2068,-0.1409407995101376,-0.3553790342055744,-0.3262084604008571,-0.2936381983240206,-0.21909972520133714,-0.1286109596054219,-0.038470734429579656,0.05370384137048922,0.12320759455858513,0.17640458405977488
SSP585,Interactive,AFE,Country resampling,0,All,2069,-0.14667428525972903,-0.36702084704064264,-0.3371097919943361,-0.30327289428637805,-0.22727585258203697,-0.13397690200585705,-0.040411101593829046,0.05533237195485267,0.1282327542968491,0.1838790194810812
SSP585,Interactive,AFE,Country resampling,0,All,2070,-0.15246089867630397,-0.3792010029684205,-0.3480032044844355,-0.3130517984263562,-0.23516662671306868,-0.1389451868769372,-0.04216430221598316,0.056971612848897284,0.13336792001404957,0.19139158416586521
SSP585,Interactive,AFE,Country resampling,0,All,2071,-0.15512380069780873,-0.3882624663133164,-0.3556558672835423,-0.3198702673513446,-0.24028377833078418,-0.14079451507482488,-0.04072322701378889,0.06215230200482892,0.1416212416892913,0.2004743755319158
SSP585,Interactive,AFE,Country resampling,0,All,2072,-0.16073587859089733,-0.39964027985603184,-0.3661545124666249,-0.3301312951403572,-0.24853800106819415,-0.1459967993056816,-0.042208179611333246,0.06471252485300842,0.1473204249880612,0.20816402231376213
SSP585,Interactive,AFE,Country resampling,0,All,2073,-0.1663715452009018,-0.41144997939596895,-0.3765927961243717,-0.3404061632795658,-0.2564889998355586,-0.1511071628105537,-0.04381777692206315,0.06773474902617771,0.1531970707357663,0.21600943417890203
SSP585,Interactive,AFE,Country resampling,0,All,2074,-0.1720249619732972,-0.4232298486037109,-0.38728851974518824,-0.35068698063837345,-0.2639018680021321,-0.15554087740426714,-0.04506246049842483,0.07092308051664963,0.15925914724145956,0.22401238859532374
SSP585,Interactive,AFE,Country resampling,0,All,2075,-0.17769028359158623,-0.4348631259777338,-0.3974463932207394,-0.3607630827073764,-0.27157746386860326,-0.16102909322661357,-0.04597533708198173,0.07434499922391516,0.16551507462359782,0.234093332002624
SSP585,Interactive,AFE,Country resampling,0,All,2076,-0.17940467170816365,-0.44454679103468864,-0.40441764799382585,-0.36687139635358235,-0.27677798721262203,-0.16313554215012227,-0.042892205060250155,0.08311087727712513,0.17631572525384795,0.2506542588093603
SSP585,Interactive,AFE,Country resampling,0,All,2077,-0.18483698646397106,-0.4561158496868225,-0.4152330526400036,-0.37703488613590674,-0.2850921302833379,-0.16857153824026005,-0.04376262708860154,0.08625229219134482,0.18386212871611485,0.263016625895343
SSP585,Interactive,AFE,Country resampling,0,All,2078,-0.1902555684018291,-0.46655522562227797,-0.42566695199567045,-0.3869058534565769,-0.2927570509309647,-0.17240259133862967,-0.044172073406774065,0.08951923892311617,0.19200849349099494,0.2740485581611281
SSP585,Interactive,AFE,Country resampling,0,All,2079,-0.19565468965734079,-0.476391937503288,-0.43647005719030896,-0.3965234835129103,-0.3009206090098082,-0.1764525480548076,-0.04513954384135849,0.09312755068192027,0.20071900585288743,0.2851329942816502
SSP585,Interactive,AFE,Country resampling,0,All,2080,-0.20102866711078082,-0.4860766158443181,-0.44695669832162516,-0.40557230347556505,-0.3086834865277445,-0.1810783462718064,-0.046749641484474636,0.09746189027700525,0.20978768541415113,0.29652805268824206
SSP585,Interactive,AFE,Country resampling,0,All,2081,-0.20156082735723768,-0.49256058585465007,-0.4536123580656509,-0.4104585276230016,-0.31099113999069355,-0.1807585803923571,-0.042147165429961275,0.10858551497748557,0.22438265653946468,0.31451210959517617
SSP585,Interactive,AFE,Country resampling,0,All,2082,-0.20662047111626425,-0.5031713283608442,-0.4635835361101441,-0.42006468765373944,-0.31792167636492097,-0.18550549552166445,-0.04230706796597161,0.11452920513430584,0.23419822762762593,0.3271396272996613
SSP585,Interactive,AFE,Country resampling,0,All,2083,-0.21163141757053117,-0.513660651173876,-0.47346655879012706,-0.4289380180404438,-0.3254008906927296,-0.18838771977164853,-0.04265453329631064,0.12034849211248802,0.24442658351878066,0.3402086368906082
SSP585,Interactive,AFE,Country resampling,0,All,2084,-0.21658826653427543,-0.5240228864514916,-0.4831506600157231,-0.43771102811234885,-0.3318939263690264,-0.19138375831304316,-0.04282213308018959,0.12638685940465216,0.25512628094287876,0.35373741445971946
SSP585,Interactive,AFE,Country resampling,0,All,2085,-0.2214856906103827,-0.5328008538465173,-0.4926620046211707,-0.4458958323213618,-0.3382112488086485,-0.1944391144518272,-0.04174128808399205,0.13153354747396498,0.26931821987222376,0.3677451023058354
SSP585,Interactive,AFE,Country resampling,0,All,2086,-0.22083422567473177,-0.5364001439848288,-0.498305627071427,-0.44898692967194737,-0.34129452131426363,-0.19057358968586707,-0.03625572384540654,0.14054174483565407,0.28780630649413114,0.3934628580503445
SSP585,Interactive,AFE,Country resampling,0,All,2087,-0.22536821325499712,-0.5452231382822411,-0.5080505654174788,-0.4567394710322491,-0.3477091052180866,-0.19418262975763045,-0.03542390544021656,0.14739787523749823,0.29894289510399163,0.41090227702220944
SSP585,Interactive,AFE,Country resampling,0,All,2088,-0.22982253683127307,-0.5553016137351438,-0.5177022063239802,-0.464996076444428,-0.3538238260591292,-0.19796254142248676,-0.034927559621511894,0.15273284600894996,0.3118697351511064,0.4342743667933756
SSP585,Interactive,AFE,Country resampling,0,All,2089,-0.2341922189434974,-0.5657123789667282,-0.5265296002930466,-0.47355810619750244,-0.3612249453749169,-0.2015626571037294,-0.0332526949896661,0.1582641534682817,0.32470105189917114,0.4590813087617714
SSP585,Interactive,AFE,Country resampling,0,All,2090,-0.23847235914436948,-0.5758874155349551,-0.5354232237096265,-0.4824777742035154,-0.3691887409634041,-0.20556883980969903,-0.03309522344731761,0.16400010848080399,0.3365970920065268,0.48507827510456214
SSP585,Interactive,AFE,Country resampling,0,All,2091,-0.2365278254792733,-0.5829145963465255,-0.5392695382497231,-0.48410958450216457,-0.36998641393133297,-0.20241879063294155,-0.026743518087119195,0.18088522736539364,0.35528526241905256,0.5169125954981441
SSP585,Interactive,AFE,Country resampling,0,All,2092,-0.24040719599090932,-0.5927140642017693,-0.5477345930968087,-0.4926310872353191,-0.3737496573836074,-0.2030705653708717,-0.025772469962510675,0.19148796029893334,0.3682344620940101,0.5383431383642804
SSP585,Interactive,AFE,Country resampling,0,All,2093,-0.24417990812795465,-0.6023641264303203,-0.5561208167024682,-0.4997351673885221,-0.37992946152471296,-0.20557292088534912,-0.022559320069911487,0.20234428719648892,0.3816042556336318,0.5605687050308247
SSP585,Interactive,AFE,Country resampling,0,All,2094,-0.24784139577402708,-0.6116845845431965,-0.5643997885830391,-0.5050398622059636,-0.3861564611119525,-0.2068916306893983,-0.019848898672313264,0.21360368093929008,0.40257541125926594,0.5837211208444326
SSP585,Interactive,AFE,Country resampling,0,All,2095,-0.25138715412069246,-0.6203110285491742,-0.5724855509468759,-0.5122107994490395,-0.3926872506231135,-0.20938020426342668,-0.017776174507451392,0.22546126243066045,0.42362021316992654,0.6078467742343482
SSP585,Interactive,AFE,Country resampling,0,All,2096,-0.2479648179752485,-0.6246934744729237,-0.5761299875285752,-0.5151067618233997,-0.3937802360943632,-0.20627201519569338,-0.0044643298127612085,0.2442461353893162,0.4476875530948354,0.6439014841624171
SSP585,Interactive,AFE,Country resampling,0,All,2097,-0.25102177649082624,-0.6311813635410449,-0.5836598147268249,-0.5222661586684239,-0.3989450209029456,-0.20926993565723684,-0.003228310849656413,0.25242687724095897,0.47139515111080227,0.6677724525869562
SSP585,Interactive,AFE,Country resampling,0,All,2098,-0.25394685406953144,-0.6374713225596365,-0.5910676692614847,-0.529457980363391,-0.4044002850127084,-0.20982509461130838,5.911140242083057e-4,0.26143892790210127,0.49592962274921326,0.6925001154325341
SSP585,Interactive,AFE,Country resampling,0,All,2099,-0.25673579668279933,-0.6435637030314642,-0.5987927841585301,-0.5353041661462361,-0.40835107639739276,-0.21138227435280516,0.004902818507511619,0.27618379841322876,0.5162607476540819,0.7181221235134828
SSP585,Interactive,AFE,Country resampling,0,All,2100,-0.25938437611420784,-0.6494589535792731,-0.6056891322903578,-0.5428913391036996,-0.4121521819852003,-0.21201255288411497,0.01027594182985675,0.296532218657172,0.5449637863507354,0.7446781154775888
SSP585,Interactive,AFE,Country resampling,0,Dir,2021,-1.2216772256523623e-4,-3.6463721655384247e-4,-3.2537853149692815e-4,-2.8398476862295796e-4,-1.9887106544297373e-4,-9.33715011598446e-5,3.3152007045123e-7,9.803927678753155e-5,1.5527770596107657e-4,2.2686627773059725e-4
SSP585,Interactive,AFE,Country resampling,0,Dir,2022,-3.8094703522761897e-4,-0.0011124941603969068,-9.899800793107148e-4,-8.658576944948426e-4,-6.138851989926641e-4,-2.940776016151503e-4,-1.0145319492282923e-5,2.779016083461539e-4,4.506476891378952e-4,6.592185105115217e-4
SSP585,Interactive,AFE,Country resampling,0,Dir,2023,-7.905263787966188e-4,-0.0022612122288230923,-0.002011863619491333,-0.0017641533505457607,-0.0012553035172260252,-6.148711909171323e-4,-4.3401800388670475e-5,5.307349013734531e-4,8.72682744467057e-4,0.0012845082631978853
SSP585,Interactive,AFE,Country resampling,0,Dir,2024,-0.001364797671985496,-0.003827135328491443,-0.0034059422808278006,-0.002984859620204072,-0.002144726692486054,-0.0010745924049773703,-1.1990827371646806e-4,8.450052299329824e-4,0.0014071989329257676,0.002086032685147414
SSP585,Interactive,AFE,Country resampling,0,Dir,2025,-0.0021173130350762293,-0.00583271046353737,-0.0051933287385012294,-0.004550199374684471,-0.0032936294895475615,-0.0016876887148075115,-2.45697462378236e-4,0.00117978649437458,0.002040100787476783,0.0030494283089044926
SSP585,Interactive,AFE,Country resampling,0,Dir,2026,-0.003107236786017431,-0.00835094910320336,-0.007417825841019604,-0.006537101671674572,-0.004745511122836027,-0.002528799846259422,-4.706659619502229e-4,0.0015215844021267747,0.002713017487472291,0.004173913645889958
SSP585,Interactive,AFE,Country resampling,0,Dir,2027,-0.004272732360729892,-0.011298088426422206,-0.0100529234174089,-0.008860152228135675,-0.006471860244039812,-0.003491155659843037,-7.395331074421807e-4,0.0019178992507594256,0.0034761419690666584,0.005461593349889504
SSP585,Interactive,AFE,Country resampling,0,Dir,2028,-0.005657711614056038,-0.014692930105126428,-0.013124908506601769,-0.011582143756580477,-0.0084843170322485,-0.004625453418964642,-0.0011104748229618377,0.0022974650687636717,0.0042997136476491055,0.00681983526697154
SSP585,Interactive,AFE,Country resampling,0,Dir,2029,-0.007273960008497116,-0.018544045605073244,-0.016588043247740582,-0.014687275027184466,-0.010753014554367057,-0.005953076378370725,-0.0015865436286080503,0.002623520202171694,0.005168685120763737,0.008278116949015183
SSP585,Interactive,AFE,Country resampling,0,Dir,2030,-0.009132665838753273,-0.022921497751638292,-0.02042978610903253,-0.01819886109419535,-0.01340624005805352,-0.0075329182172357845,-0.0021416361293526975,0.0029560126304658133,0.006067473140205391,0.009824952082822962
SSP585,Interactive,AFE,Country resampling,0,Dir,2031,-0.011306342621447918,-0.02784300443380728,-0.02488387638668312,-0.02217232470040238,-0.01643747517187688,-0.009412436860281481,-0.0029363652267934137,0.003341657356130258,0.006909905533724945,0.011326531821793506
SSP585,Interactive,AFE,Country resampling,0,Dir,2032,-0.013683149562246921,-0.03314686484377955,-0.029743167118979192,-0.026478502308496188,-0.01978539495498116,-0.011487625098932142,-0.003779674177629755,0.003598255903474182,0.007851188377122509,0.013000970980007224
SSP585,Interactive,AFE,Country resampling,0,Dir,2033,-0.01632850317680623,-0.038933346508742105,-0.0350183674409374,-0.03129530852942251,-0.023433640483148277,-0.01379852500909623,-0.004708173292614748,0.003795255533973711,0.008749413571763365,0.014733500357132043
SSP585,Interactive,AFE,Country resampling,0,Dir,2034,-0.019250225283033107,-0.0452028344952337,-0.04077933918740925,-0.036544966967943425,-0.027395413628114623,-0.016331527358394937,-0.005745315764150272,0.003970318409700729,0.009649797636270696,0.01658477165668122
SSP585,Interactive,AFE,Country resampling,0,Dir,2035,-0.02245535901736362,-0.05195433693690179,-0.04696955858113903,-0.04222741599069471,-0.0317121178643148,-0.019068041807985936,-0.006908708561981586,0.004178243740818524,0.010521223877192318,0.01852747656816902
SSP585,Interactive,AFE,Country resampling,0,Dir,2036,-0.025988610284831792,-0.05934315719653001,-0.05374289927433808,-0.048284951868691764,-0.03645891085194744,-0.022202017408498698,-0.0083319299930667,0.004261059934974056,0.011325158492841401,0.020269804214656996
SSP585,Interactive,AFE,Country resampling,0,Dir,2037,-0.029756439514207145,-0.06706673428068777,-0.06089568481130721,-0.054683036378890895,-0.04144342031346854,-0.025505196047205525,-0.009935349652774483,0.004243616673835462,0.01216234938679764,0.022234562020977656
SSP585,Interactive,AFE,Country resampling,0,Dir,2038,-0.03381536445678135,-0.07525724319267497,-0.06849158008806173,-0.06145489198580178,-0.046771845367857,-0.02904150972684494,-0.011729892403036263,0.004197048508214985,0.012992430650744378,0.02424737016525835
SSP585,Interactive,AFE,Country resampling,0,Dir,2039,-0.038168282815042254,-0.08390766903771552,-0.07652176623246917,-0.06859451946853072,-0.0523983796965046,-0.03277609194326181,-0.013708185511065285,0.004078241643992444,0.01380417149546691,0.02630878983795558
SSP585,Interactive,AFE,Country resampling,0,Dir,2040,-0.042817228509860916,-0.09300965761602828,-0.08497570183247483,-0.07612847886813798,-0.05837609900487478,-0.03682250006561344,-0.015874595934119023,0.0038643497090161925,0.014563217326109568,0.028420782093049875
SSP585,Interactive,AFE,Country resampling,0,Dir,2041,-0.04761418457016675,-0.10257837675495715,-0.09377670516863786,-0.0839188629991924,-0.06464192749023451,-0.04096318412334038,-0.018126638235749865,0.003689824287473844,0.015374312461273808,0.03061438019208901
SSP585,Interactive,AFE,Country resampling,0,Dir,2042,-0.05279055073938477,-0.11252304006419836,-0.10297788749235351,-0.09224067513425796,-0.07129101201129673,-0.045522810095680044,-0.020360929378456044,0.003464947875134628,0.016096484327385575,0.032921640557972975
SSP585,Interactive,AFE,Country resampling,0,Dir,2043,-0.05825124968734241,-0.12287722851438788,-0.11254795552807913,-0.10099251967580544,-0.07823997536551705,-0.05033800074447842,-0.02286219720125479,0.0030526484845456517,0.016779323734606444,0.03530985488438231
SSP585,Interactive,AFE,Country resampling,0,Dir,2044,-0.06399412849119679,-0.13362713404266297,-0.1224696248334123,-0.1100745143246317,-0.08547766506981652,-0.055362829387712476,-0.025577911910359824,0.00253104269343456,0.017582846889135098,0.03778806133157907
SSP585,Interactive,AFE,Country resampling,0,Dir,2045,-0.0700162121432063,-0.14475786692713036,-0.1327243569138196,-0.11946902768038113,-0.0930132877415378,-0.060703544408461374,-0.028457163591356888,0.0018569978270246439,0.018521699541808028,0.040366865993712045
SSP585,Interactive,AFE,Country resampling,0,Dir,2046,-0.07572153282085259,-0.15591204003210757,-0.14280082006538394,-0.12848870178771604,-0.10042176153573223,-0.06565107959177235,-0.031159833484416227,0.001596954508110084,0.020359004235675056,0.04369769079075801
SSP585,Interactive,AFE,Country resampling,0,Dir,2047,-0.08215979327767897,-0.16767124733559516,-0.15358677993554049,-0.13846623001067668,-0.10841872766666608,-0.07124823306738814,-0.03438859938443173,9.493949424428e-4,0.021215651266748264,0.04671318464733135
SSP585,Interactive,AFE,Country resampling,0,Dir,2048,-0.08884777269639921,-0.17974897469712448,-0.16464341193885396,-0.1487620283054376,-0.11655295471420593,-0.07710772268071547,-0.03778704936848559,1.210440968069626e-4,0.021890349452170513,0.04989706946735373
SSP585,Interactive,AFE,Country resampling,0,Dir,2049,-0.09577888446062544,-0.19212651913547668,-0.17609448865196323,-0.15933693410794111,-0.12481343622051558,-0.08324176781891818,-0.041238990783687424,-7.975724927131296e-4,0.022527436110764423,0.053268298298143266
SSP585,Interactive,AFE,Country resampling,0,Dir,2050,-0.10294587180480452,-0.20478419495604333,-0.18782373977523642,-0.16987846956483935,-0.13346798704506704,-0.08953638788075463,-0.04450623717307403,-8.720792181793107e-4,0.02312775962867784,0.05684769794440352
SSP585,Interactive,AFE,Country resampling,0,Dir,2051,-0.10897679317452236,-0.21669883462768214,-0.1983524601177928,-0.17941993911783632,-0.14137348614741585,-0.09457522545342556,-0.04685435929910589,-4.8413753499861994e-4,0.025049857486172594,0.06301055478577794
SSP585,Interactive,AFE,Country resampling,0,Dir,2052,-0.11635212996740729,-0.22943860861578344,-0.21006138984742972,-0.1904196558517727,-0.15042364319288817,-0.10095824185175173,-0.050656884906658345,-6.880628850203461e-4,0.026091246272272654,0.06705631155321189
SSP585,Interactive,AFE,Country resampling,0,Dir,2053,-0.12391587245447921,-0.2422737874647614,-0.2219434402298776,-0.20157607493603907,-0.15950057787086896,-0.10740683130261913,-0.05460448538497237,-0.0013694120076417492,0.030892741787644333,0.07193016819919959
SSP585,Interactive,AFE,Country resampling,0,Dir,2054,-0.13165798005589824,-0.2555865816199602,-0.23448829252700226,-0.2126559817716857,-0.16864716625629284,-0.11407721901829143,-0.05830786969816876,-0.0020660496132402797,0.03352929488129583,0.07717826974868632
SSP585,Interactive,AFE,Country resampling,0,Dir,2055,-0.1395679707484263,-0.2685706823787698,-0.2467083472609528,-0.22402256937729828,-0.17781638273870298,-0.12065503297352437,-0.06261784173440124,-0.002758414641270499,0.03558374070075397,0.08275659782433671
SSP585,Interactive,AFE,Country resampling,0,Dir,2056,-0.14532850557831645,-0.27899344515457336,-0.2566134494160446,-0.23399647193108083,-0.18553122478842804,-0.1256007740371568,-0.06435029058005426,-0.001201055449738708,0.04068090032774229,0.09231773745377649
SSP585,Interactive,AFE,Country resampling,0,Dir,2057,-0.15321616316797648,-0.2917267461005646,-0.2685125982629132,-0.24517415098326834,-0.19534844030256462,-0.13221589282330914,-0.06823043361338216,-0.0017098634901820048,0.04427268906195015,0.09746849728050747
SSP585,Interactive,AFE,Country resampling,0,Dir,2058,-0.16121398897293038,-0.3041394782145813,-0.2810018393445314,-0.256586290855832,-0.20530839406877124,-0.1391684165935979,-0.0717540204344575,-0.0021814902323741944,0.048032198998389425,0.1023205570311872
SSP585,Interactive,AFE,Country resampling,0,Dir,2059,-0.1693097901364029,-0.31597020030907186,-0.2927020957410482,-0.2681511020079556,-0.2146859465609402,-0.1458478358824336,-0.07484613935210391,-0.0019683864144492583,0.050314104632691446,0.11362679829172448
SSP585,Interactive,AFE,Country resampling,0,Dir,2060,-0.1774911703126104,-0.32766373412464794,-0.30536363319975385,-0.2797892181948189,-0.2245756165968969,-0.15249868089519353,-0.07802419850907585,-0.0017228514029240104,0.052765368788811336,0.1271964311458498
SSP585,Interactive,AFE,Country resampling,0,Dir,2061,-0.18230343938074,-0.3376923106211427,-0.31545515895633514,-0.28892823641039916,-0.23124810855800887,-0.15614166710202387,-0.07892443341046518,0.002900941326715864,0.05881363409380647,0.14984663349846514
SSP585,Interactive,AFE,Country resampling,0,Dir,2062,-0.1902133942971359,-0.3507828042117497,-0.32814367503730735,-0.30002872704980865,-0.24102613937765452,-0.16328332457027456,-0.08213285248268995,0.004837381293984952,0.06457985784789701,0.16116914266943907
SSP585,Interactive,AFE,Country resampling,0,Dir,2063,-0.1981471745999186,-0.36292848179835385,-0.34084117724962815,-0.3108279478539107,-0.25102170155816533,-0.17008065424257224,-0.08530844953824185,0.0058969118506127845,0.07088220897032435,0.17334864432957833
SSP585,Interactive,AFE,Country resampling,0,Dir,2064,-0.2060918605779486,-0.37576405924981143,-0.3531396718486063,-0.3210526445404033,-0.2606837315180829,-0.17659272620340638,-0.08930740447213187,0.006109157484946153,0.08186338965057484,0.186476839010508
SSP585,Interactive,AFE,Country resampling,0,Dir,2065,-0.214034534361771,-0.3881028184139196,-0.3651495667040062,-0.3316819504259768,-0.2678976340771646,-0.18338420495253566,-0.09119591098414909,0.009707076169757987,0.08701903723180021,0.203762378731937
SSP585,Interactive,AFE,Country resampling,0,Dir,2066,-0.2176468893440351,-0.3962485043488315,-0.3730779617112393,-0.3404755338298803,-0.2719440757291621,-0.1860372178198747,-0.09091238490998105,0.01700653997615561,0.09753010147454699,0.2356222663496308
SSP585,Interactive,AFE,Country resampling,0,Dir,2067,-0.22516557685318372,-0.40963893989922245,-0.3845521537639588,-0.3512463706051536,-0.2807293986462809,-0.19138522275022646,-0.09133578233472334,0.017954850742392333,0.1039706006003075,0.262788974518828
SSP585,Interactive,AFE,Country resampling,0,Dir,2068,-0.23262702654752299,-0.4220318137865323,-0.39588868069468763,-0.36155567044878095,-0.288557504118167,-0.19698975278026637,-0.09229275041710008,0.024172414886444653,0.11599860520532472,0.2893226175533637
SSP585,Interactive,AFE,Country resampling,0,Dir,2069,-0.24001874944800106,-0.43198462684595657,-0.4071013777170152,-0.371190050806898,-0.2976573671806123,-0.20322192304628217,-0.09461024043469624,0.026845289095310264,0.1265128186492688,0.3103334571885055
SSP585,Interactive,AFE,Country resampling,0,Dir,2070,-0.2473283837610014,-0.4443614577653122,-0.41807621192361866,-0.38232977003955965,-0.30634714583969813,-0.20949867616041884,-0.09569856185971143,0.0336440340664605,0.13416279886318014,0.3283866995188326
SSP585,Interactive,AFE,Country resampling,0,Dir,2071,-0.2493923623012716,-0.45220122649556177,-0.4242410049386022,-0.3876103232181118,-0.3092547487155315,-0.2106193712901181,-0.09206574079542884,0.04216499351456426,0.15549446607088357,0.3717706336499238
SSP585,Interactive,AFE,Country resampling,0,Dir,2072,-0.256165121333764,-0.4638585523403489,-0.4348512161523497,-0.3969809334486099,-0.31707013799960126,-0.21550882887682887,-0.09373842031245849,0.04572461790141183,0.17085280872166753,0.39266247262173903
SSP585,Interactive,AFE,Country resampling,0,Dir,2073,-0.2628101722786569,-0.47438308310586064,-0.44567449960648037,-0.40621055758345065,-0.32461695490108555,-0.2194029535492943,-0.0941582419688681,0.05076056587850302,0.18930798141951902,0.41625021023835823
SSP585,Interactive,AFE,Country resampling,0,Dir,2074,-0.26931610238908077,-0.4833501757918995,-0.4569721093555364,-0.41596582126788567,-0.33338852952012915,-0.22463495690480872,-0.09330600588707841,0.0589159721723376,0.22018433693955589,0.43687563222690995
SSP585,Interactive,AFE,Country resampling,0,Dir,2075,-0.2756716559247574,-0.49469947096079947,-0.46685603889045496,-0.4258545846998659,-0.3411179615259913,-0.2297805776654555,-0.09347098469021928,0.06567109757265116,0.2423649289420138,0.46825015789222096
SSP585,Interactive,AFE,Country resampling,0,Dir,2076,-0.2759088992134452,-0.5029631993059547,-0.47327681817019135,-0.43018323222890087,-0.34328377033069235,-0.22721877966845389,-0.08381794987887975,0.07474965034648103,0.27246907782097285,0.5170215192101592
SSP585,Interactive,AFE,Country resampling,0,Dir,2077,-0.28165175127515363,-0.5128203739293813,-0.4838125277069568,-0.440125902762921,-0.3499221610355496,-0.23187070591966719,-0.08170437920082219,0.08600897236601454,0.29542417983159586,0.5501267637230468
SSP585,Interactive,AFE,Country resampling,0,Dir,2078,-0.28720742766226015,-0.5233392576181293,-0.4941821302824212,-0.448039592441736,-0.35681565606697907,-0.23448708861978035,-0.08136264495625303,0.09337668954978508,0.32799647729960646,0.5822893160127106
SSP585,Interactive,AFE,Country resampling,0,Dir,2079,-0.29256549293356504,-0.5339798702858238,-0.5035161363816189,-0.45646861471108313,-0.3636596503937656,-0.2393726724431388,-0.079074102601835,0.10400657301838058,0.3637487810825235,0.6236896838137231
SSP585,Interactive,AFE,Country resampling,0,Dir,2080,-0.2977155998077887,-0.5435270353076447,-0.5132619442837626,-0.4633480743211875,-0.37106898525720194,-0.24150759765459462,-0.07627039287104723,0.121080572202454,0.4118332461711059,0.6774392600839549
SSP585,Interactive,AFE,Country resampling,0,Dir,2081,-0.29593835301868443,-0.5481828834148337,-0.5168337544064795,-0.4648270377105326,-0.3721884243861049,-0.2375977142252637,-0.0639329035677923,0.14789757193346575,0.4586122598118164,0.760954767212279
SSP585,Interactive,AFE,Country resampling,0,Dir,2082,-0.300381127973286,-0.5571869733692867,-0.5242411261184733,-0.47370316606754537,-0.37736863646064067,-0.239381992369679,-0.059908586158510385,0.1671711755090304,0.49844089508948913,0.8419000039212222
SSP585,Interactive,AFE,Country resampling,0,Dir,2083,-0.30458262747941034,-0.5659408462788089,-0.532273174037923,-0.4811677534702313,-0.3826353165895743,-0.2411361172735741,-0.05413185381732599,0.17777787053884037,0.5480636794565682,0.9201868462076285
SSP585,Interactive,AFE,Country resampling,0,Dir,2084,-0.3085327434815047,-0.5740329469846659,-0.5416205333277934,-0.49033669026014604,-0.3888366120046746,-0.2425931423268205,-0.04833965344328059,0.19752445934069712,0.6022501723637809,0.9797847340792961
SSP585,Interactive,AFE,Country resampling,0,Dir,2085,-0.3122213127889165,-0.5818078332724456,-0.5499838383833634,-0.49821619449937465,-0.39380803778205015,-0.24372591899369256,-0.04270185677024291,0.2229406736620034,0.6544926498170792,1.0883198868081263
SSP585,Interactive,AFE,Country resampling,0,Dir,2086,-0.30851271236030764,-0.5825376704114734,-0.5568206737707146,-0.5021714926973675,-0.3940292246609234,-0.2380317921171074,-0.02558043540569846,0.2627758634282373,0.7266553793546136,1.2294637038386882
SSP585,Interactive,AFE,Country resampling,0,Dir,2087,-0.31143247112299155,-0.5909788907566013,-0.5644941312929543,-0.509413997798912,-0.3997460097688016,-0.23806256401419745,-0.01784109041231352,0.2928684761243451,0.7880390215641944,1.361978446080213
SSP585,Interactive,AFE,Country resampling,0,Dir,2088,-0.3140592125125644,-0.5991576663367361,-0.5703102596905725,-0.5176201652076206,-0.40348048279599746,-0.23740669883528276,-0.007165028961388847,0.30958708147368896,0.8543811537685437,1.4865394593992767
SSP585,Interactive,AFE,Country resampling,0,Dir,2089,-0.3163822476487549,-0.6058968872945332,-0.5784495899360697,-0.5247439649040423,-0.4060067430243828,-0.23497450791961538,0.0020113260464432736,0.32694724348543136,0.9259094044624472,1.623827881721195
SSP585,Interactive,AFE,Country resampling,0,Dir,2090,-0.31839063326264927,-0.6123552836837811,-0.5858166438116265,-0.5313865047473956,-0.4083277155715238,-0.23193733288000634,0.016483850811256973,0.3668329922941802,1.0022700911646776,1.747626894198069
SSP585,Interactive,AFE,Country resampling,0,Dir,2091,-0.31274031970664706,-0.6140789877645527,-0.5861436299307698,-0.5304705395368378,-0.40531701913571794,-0.2230641438145045,0.039001724732804444,0.407624147480476,1.0768796275975996,1.914322360463623
SSP585,Interactive,AFE,Country resampling,0,Dir,2092,-0.31393183014984105,-0.6205709068795527,-0.5922920981751983,-0.5362768727440084,-0.40902087980646007,-0.22137063986951894,0.05188662986721543,0.435983760127998,1.1641062068643484,2.087941995915668
SSP585,Interactive,AFE,Country resampling,0,Dir,2093,-0.3147763092504714,-0.6282860788672029,-0.5966326934975736,-0.5421973003795266,-0.4126604371468465,-0.21850009372010193,0.06372531808891385,0.47594953593508443,1.2516121078871107,2.2791224297366823
SSP585,Interactive,AFE,Country resampling,0,Dir,2094,-0.31526142928896417,-0.6361995978352998,-0.60146764563374,-0.5477333971863253,-0.4146591991047932,-0.2157568079628146,0.08558818259233364,0.529735320035722,1.3670968896328188,2.5010032804009907
SSP585,Interactive,AFE,Country resampling,0,Dir,2095,-0.31537436309229505,-0.643832167389632,-0.6046535638384533,-0.552943479104423,-0.41706371962311567,-0.21118118526372348,0.10476806675477746,0.5742068113708613,1.493224269551795,2.782389551336762
SSP585,Interactive,AFE,Country resampling,0,Dir,2096,-0.3075044820502071,-0.6473566364745554,-0.6060841335274112,-0.5522206461603606,-0.41467021045115493,-0.201902085372962,0.12654553547371833,0.6221673358902536,1.597943298469926,3.1115100891736147
SSP585,Interactive,AFE,Country resampling,0,Dir,2097,-0.3066624618566738,-0.6550734335144286,-0.613595578264204,-0.555718434344391,-0.41713831337296914,-0.19579925068509402,0.15342799560673792,0.673556504654791,1.721736559920632,3.4645311018033267
SSP585,Interactive,AFE,Country resampling,0,Dir,2098,-0.30540794796804904,-0.6634651594354944,-0.6188364235323248,-0.5613346690736938,-0.41999234316716477,-0.19176267059395097,0.17967208513895094,0.7264327713818091,1.8948079906005282,3.8172220008358706
SSP585,Interactive,AFE,Country resampling,0,Dir,2099,-0.3037255124268521,-0.6716327654168074,-0.623677379751472,-0.5651984807605009,-0.42104619494158846,-0.18613133797168024,0.20681506995695548,0.789049893941478,2.0859121829475087,4.253812918098145
SSP585,Interactive,AFE,Country resampling,0,Dir,2100,-0.3015989021538874,-0.67875479980314,-0.626006810941564,-0.569885848895928,-0.42293588496283385,-0.1794167766799274,0.22939585277182878,0.8584870391280709,2.32508655010689,4.744374485178963
SSP585,Interactive,AFE,Country resampling,0,IE,2021,8.636476794698922e-5,-1.9078682217876227e-4,-1.295253426848053e-4,-6.74736162646794e-5,2.185109112162742e-5,8.200291724475006e-5,1.1921584732971224e-4,1.5088091141167716e-4,1.7093012483552217e-4,1.896609167626989e-4
SSP585,Interactive,AFE,Country resampling,0,IE,2022,2.6465850608958785e-4,-5.617394726141367e-4,-3.8023828078328494e-4,-1.9343820371913177e-4,7.109856578907392e-5,2.5007754550865346e-4,3.6376671092791524e-4,4.5760880389362775e-4,5.175545537909332e-4,5.739077401886755e-4
SSP585,Interactive,AFE,Country resampling,0,IE,2023,5.403301246380554e-4,-0.0011031077395290856,-7.317366923519974e-4,-3.6872962205586335e-4,1.5134000348637766e-4,5.081635668529039e-4,7.405519913936398e-4,9.257182468286885e-4,0.0010477401487663017,0.0011578759430346055
SSP585,Interactive,AFE,Country resampling,0,IE,2024,9.186846066625565e-4,-0.0018060734004789606,-0.0011718572765941847,-5.825961818988312e-4,2.6842297284301875e-4,8.672772331088652e-4,0.001254218839672111,0.0015614226328790949,0.0017692142162204938,0.001948389459266311
SSP585,Interactive,AFE,Country resampling,0,IE,2025,0.0014048529697220369,-0.0026627197042076276,-0.0016893298566350743,-8.251865258200097e-4,4.261718162776873e-4,0.0013246534493860374,0.0019150862965354731,0.0023670525725037585,0.002682181838888903,0.002966407174798927
SSP585,Interactive,AFE,Country resampling,0,IE,2026,0.001986780547987399,-0.003650969350541017,-0.002303861207415325,-0.0011051669682218379,6.13294121907193e-4,0.001863454918736518,0.0026932656860502724,0.0033296420025994977,0.003772216106778503,0.00415474709940499
SSP585,Interactive,AFE,Country resampling,0,IE,2027,0.002696905552553197,-0.004788107189182239,-0.0030322975045655454,-0.0013985068723404658,8.627333436767026e-4,0.002534132946057366,0.003640569421452272,0.004485707561595577,0.005060125393296215,0.005613867734449471
SSP585,Interactive,AFE,Country resampling,0,IE,2028,0.003527214544651436,-0.006056416439856268,-0.0038047599197718607,-0.0016893141483702244,0.0011476769059226843,0.0033128856760418768,0.004736166943856618,0.00582784603180523,0.006565110943156225,0.007314047877907439
SSP585,Interactive,AFE,Country resampling,0,IE,2029,0.004481485837193988,-0.00743128721714677,-0.004604213474770829,-0.0019971091723477662,0.001493842022646047,0.004226706048950368,0.005995052873156659,0.007406170002482815,0.008278794546874739,0.009261387026062167
SSP585,Interactive,AFE,Country resampling,0,IE,2030,0.00556311882570204,-0.008909386500925225,-0.005452959468854395,-0.0023160354419755613,0.0019547771366659195,0.005230745768364964,0.007415472539885615,0.00915650464801171,0.010205074508476183,0.011462627074761873
SSP585,Interactive,AFE,Country resampling,0,IE,2031,0.00670108478773801,-0.010512470868161216,-0.006358959210260805,-0.0026886544006535897,0.002416759904873056,0.006274450110800078,0.008910159952313118,0.010944089183507345,0.01228410441416973,0.01368398150115717
SSP585,Interactive,AFE,Country resampling,0,IE,2032,0.008025326614572559,-0.012224803087653374,-0.0073687540271537115,-0.0029992894246185673,0.0029689828301248944,0.007505467410372668,0.010613778020244713,0.013041660799777177,0.014648251662406526,0.01614656536988173
SSP585,Interactive,AFE,Country resampling,0,IE,2033,0.009479808465946649,-0.014041464619580925,-0.008433116173044802,-0.0032771499743155298,0.003641919905117613,0.008859498076121575,0.01252090138975151,0.015339319323613565,0.017227092881159294,0.018955471685596147
SSP585,Interactive,AFE,Country resampling,0,IE,2034,0.011065556119918107,-0.01596061474292789,-0.009549885504120503,-0.0034800982569448964,0.0043557204431733665,0.010292899396188215,0.01455289198152973,0.017814440569062805,0.020018659262983983,0.022031878225564367
SSP585,Interactive,AFE,Country resampling,0,IE,2035,0.012783069879215403,-0.017981359610427978,-0.010647842690051807,-0.0036575890431368766,0.005148731897215986,0.011875678360688369,0.01671644011344592,0.020501793426246175,0.023012976295177793,0.025344134120331013
SSP585,Interactive,AFE,Country resampling,0,IE,2036,0.014462563645817106,-0.02021982500669436,-0.011790858366125022,-0.00393238550170004,0.005842773729776235,0.013351961381557365,0.018892125568571005,0.02320239461196144,0.02593060824821447,0.02858979255265813
SSP585,Interactive,AFE,Country resampling,0,IE,2037,0.016407288332670467,-0.022445119610348393,-0.013074747995701413,-0.00414967711428885,0.006644285302281533,0.015179106009475973,0.021362772434885297,0.026221843044670536,0.029149773349340328,0.03238225987086738
SSP585,Interactive,AFE,Country resampling,0,IE,2038,0.018475681167850255,-0.024763767759116168,-0.014433899481222584,-0.004415127654492655,0.007555138609616041,0.0171322032337774,0.02401983459105725,0.029516785020636517,0.03265974760171357,0.03644875876160164
SSP585,Interactive,AFE,Country resampling,0,IE,2039,0.020665497763174723,-0.02718648303422408,-0.015719975485106497,-0.004674984830249839,0.008580563324814161,0.019165049112059185,0.026816986162462142,0.03275665970355018,0.03631540160347775,0.040655453548114694
SSP585,Interactive,AFE,Country resampling,0,IE,2040,0.02297391749998645,-0.029763035341029816,-0.017018947654652207,-0.004898458760806367,0.00973694250728932,0.02127613663280503,0.02979763391072021,0.03625861282690326,0.04015529377255892,0.04494692869669485
SSP585,Interactive,AFE,Country resampling,0,IE,2041,0.025066717468811173,-0.03266469265794814,-0.0193730548470406,-0.005362262201257293,0.01045764864330248,0.023126183393352817,0.03252397273910315,0.03967828012886104,0.0437449080585595,0.04901445423554923
SSP585,Interactive,AFE,Country resampling,0,IE,2042,0.02755433912107108,-0.03568120937394574,-0.02122027322326255,-0.005654930523767953,0.01164294600000429,0.02548080234169675,0.03565001679111365,0.043478331731079095,0.04790482045738291,0.05379558704375736
SSP585,Interactive,AFE,Country resampling,0,IE,2043,0.030143367606199734,-0.03889886977872124,-0.022984208597766714,-0.005800758327330333,0.01280975851355895,0.027942006629537552,0.0389390528350283,0.047546866590371814,0.05233807695642775,0.05887101302234859
SSP585,Interactive,AFE,Country resampling,0,IE,2044,0.03282854519649758,-0.04229825730684888,-0.024830267328555353,-0.006203709450147352,0.013858584815913011,0.030290194496870315,0.04236808335337844,0.05176359354903194,0.05703138540859817,0.06421808282280538
SSP585,Interactive,AFE,Country resampling,0,IE,2045,0.035604100191801824,-0.04573651305255581,-0.02674673675370663,-0.006683870508378651,0.015030926766679248,0.03292188227572895,0.045911851613217675,0.055634202596225805,0.061539025846705765,0.06959007423397591
SSP585,Interactive,AFE,Country resampling,0,IE,2046,0.03788810639713969,-0.049352427265434214,-0.029641384748227514,-0.007657547206676607,0.01588019448974895,0.03498438970964041,0.04887950935039234,0.05920681414150583,0.06552278045119599,0.07403055928891211
SSP585,Interactive,AFE,Country resampling,0,IE,2047,0.04075823538864698,-0.05328230257068114,-0.03211187972371963,-0.00830395756509712,0.017193745152476625,0.037523029317548195,0.05252023507401418,0.06357843285199169,0.070186380299994,0.07953277427495277
SSP585,Interactive,AFE,Country resampling,0,IE,2048,0.043693164196863754,-0.05741842254537504,-0.03420169097684643,-0.008965231862513245,0.01852544421995192,0.040014967141322966,0.056247053008784936,0.06789141489812621,0.07518503929810348,0.08516374412410999
SSP585,Interactive,AFE,Country resampling,0,IE,2049,0.04668527594479843,-0.06177244382704643,-0.03645900200762255,-0.009762807361089785,0.01966764077269803,0.04249462448175184,0.06000146852618615,0.07204773766810749,0.08035942940898501,0.09111661839729966
SSP585,Interactive,AFE,Country resampling,0,IE,2050,0.0497265890164974,-0.06635691380322721,-0.0390572869159482,-0.01068117884098217,0.020913004430083038,0.04534500400609981,0.06384536332779928,0.07668398634883158,0.08577032581211268,0.0972968007488181
SSP585,Interactive,AFE,Country resampling,0,IE,2051,0.05190513778127559,-0.07286605990426574,-0.04282479584063825,-0.012745798781303707,0.021192535118732675,0.047161240489175416,0.06698511859004017,0.08001567518195767,0.09035514062460448,0.10255452694269544
SSP585,Interactive,AFE,Country resampling,0,IE,2052,0.05491885787411288,-0.0800019272979578,-0.046274314429794766,-0.013661535290342308,0.02224792356445013,0.04983321979043054,0.07082594679878568,0.08481310865267716,0.09555074656512041,0.10852337263604635
SSP585,Interactive,AFE,Country resampling,0,IE,2053,0.057949838782752505,-0.08749512554692522,-0.04965024929352113,-0.014400897437078074,0.02290587319823631,0.05272107352284672,0.07473339883924829,0.08938898816371496,0.10100527507316333,0.11468513140889716
SSP585,Interactive,AFE,Country resampling,0,IE,2054,0.06098914322005333,-0.09414724759224703,-0.053241925147530476,-0.016360775766985667,0.02411263031041927,0.055417396583131495,0.07846207075518566,0.09367550336052533,0.10664776926701657,0.12117102393111834
SSP585,Interactive,AFE,Country resampling,0,IE,2055,0.06402767177535718,-0.10070357161218486,-0.05722239161916896,-0.01820646906634934,0.025020326224342,0.05815462756876155,0.08231290664211852,0.0983303027186183,0.11253453078142835,0.1275227686580426
SSP585,Interactive,AFE,Country resampling,0,IE,2056,0.06581587653570953,-0.11058628106431305,-0.0632123951381992,-0.021408676705765236,0.024319623907449878,0.05977777640226806,0.08527300143949765,0.10190729874314876,0.1170652253628923,0.13127136133146472
SSP585,Interactive,AFE,Country resampling,0,IE,2057,0.06870571995348329,-0.11959152165023734,-0.06779441762695688,-0.02333052147053088,0.02503125197124187,0.06231148605216147,0.08932079990505348,0.10677975031676214,0.12241806719860553,0.13680879850798383
SSP585,Interactive,AFE,Country resampling,0,IE,2058,0.07156177475585113,-0.1286413360685963,-0.0728413318774768,-0.025217488720057257,0.02560846907218678,0.06465131321215223,0.09269218015135833,0.11151257991576434,0.12821960710843078,0.1423215638477042
SSP585,Interactive,AFE,Country resampling,0,IE,2059,0.0743749154055714,-0.1397321377071067,-0.07896299709684794,-0.02725279308657612,0.02574571614120716,0.06690670745859606,0.0967888681891243,0.11642498271222448,0.13406234327919161,0.14886963723825675
SSP585,Interactive,AFE,Country resampling,0,IE,2060,0.0771360427440746,-0.15206715483224026,-0.0861019007978275,-0.030764874614547747,0.026355458049974356,0.0688571953445305,0.10053009288929957,0.12120692118697489,0.13993943295271832,0.1542275207074856
SSP585,Interactive,AFE,Country resampling,0,IE,2061,0.07822650184456215,-0.17093836052171493,-0.0972102117404284,-0.03587785454039809,0.025418588921828134,0.06967244683835744,0.10258944295843775,0.12477385349547214,0.14368927934021555,0.15784372115961157
SSP585,Interactive,AFE,Country resampling,0,IE,2062,0.08072766000769793,-0.18187617899560243,-0.10661730959984383,-0.03983985720831055,0.02487671948661216,0.07181477164536643,0.10552405443574375,0.12881270164952421,0.14897060994158318,0.1642112002045777
SSP585,Interactive,AFE,Country resampling,0,IE,2063,0.08314689290935962,-0.19899000181648,-0.11692287802777213,-0.0438919614986048,0.024113064955955027,0.07362844381416678,0.10913870643452878,0.1340481054059198,0.15546636596076283,0.17069697508844311
SSP585,Interactive,AFE,Country resampling,0,IE,2064,0.08547587924142064,-0.21454341157698126,-0.12712932737710247,-0.04697735543769482,0.023612704519055033,0.07540920307316384,0.11288936332950764,0.1387532644385829,0.16180193150046884,0.17838104797203852
SSP585,Interactive,AFE,Country resampling,0,IE,2065,0.08770645592169724,-0.23048890122434235,-0.13577475156489283,-0.052355921190375264,0.023131483973208244,0.07756621343743303,0.11581558699922928,0.14281077730677608,0.16748476585610272,0.18506314166742874
SSP585,Interactive,AFE,Country resampling,0,IE,2066,0.0879913788951604,-0.2550520746699634,-0.14944893245221022,-0.05963988564738364,0.0206787644112654,0.07761622187105649,0.11651106458063973,0.14431665676640687,0.1700452244431223,0.19090088390532428
SSP585,Interactive,AFE,Country resampling,0,IE,2067,0.08989954112838061,-0.2759321989228502,-0.15957782946545332,-0.06412161136696985,0.0194718171180103,0.07880412132642117,0.11920019594621062,0.14799698199867453,0.1752093028373983,0.19797603897807314
SSP585,Interactive,AFE,Country resampling,0,IE,2068,0.09168622703738538,-0.298400886761648,-0.170411061152523,-0.07004320086677406,0.01853198003872769,0.07968879480059865,0.12183153747292899,0.1522962109312704,0.18110667731296423,0.20345207974488308
SSP585,Interactive,AFE,Country resampling,0,IE,2069,0.09334446418827202,-0.32207732983200776,-0.18231120331224435,-0.07602757457472574,0.01653206855342737,0.08085011074311677,0.12448420825787715,0.15703960094225589,0.1869401756670841,0.2110754603331368
SSP585,Interactive,AFE,Country resampling,0,IE,2070,0.09486748508469744,-0.3475539453052699,-0.1991350333789094,-0.08277458538997821,0.013783851101421718,0.08169674518336051,0.12713987304276259,0.16089042786972732,0.19201890049556178,0.2170569990034484
SSP585,Interactive,AFE,Country resampling,0,IE,2071,0.09426856160346286,-0.3842149504349461,-0.22429736621081584,-0.09843546684255247,0.008509754588071544,0.08105378113908085,0.12688263727694032,0.16468388911613763,0.19552634465558869,0.22107862321926655
SSP585,Interactive,AFE,Country resampling,0,IE,2072,0.09542924274286668,-0.4153665366751359,-0.24348042136787473,-0.10780285244155943,0.006344237720967344,0.08194727787568545,0.12956659954744806,0.16899468082847297,0.20000159550329902,0.22684109855586418
SSP585,Interactive,AFE,Country resampling,0,IE,2073,0.09643862707775508,-0.44900040936669794,-0.2651795494179207,-0.11606695449778351,0.0033955534421295785,0.08244429716280105,0.13202746336071328,0.17273200867142546,0.2057992731813378,0.23241914676241499
SSP585,Interactive,AFE,Country resampling,0,IE,2074,0.09729114041578357,-0.48534736656054217,-0.29045735699734787,-0.1268573347502937,0.0017522822805632332,0.08317154475587218,0.13374156370620466,0.1763402368358871,0.2114880892523412,0.24137676831186913
SSP585,Interactive,AFE,Country resampling,0,IE,2075,0.09798137233317117,-0.5246650807780535,-0.3160771439061976,-0.13632832152987082,-0.0015634272578286534,0.08377128762235841,0.13510234735179757,0.18056173951980342,0.21668829055862324,0.2511247146896747
SSP585,Interactive,AFE,Country resampling,0,IE,2076,0.09650422750528154,-0.5761065373501176,-0.35154631116481116,-0.1506431889345796,-0.008221696288774144,0.08272257357783325,0.135497818061641,0.1833766137527332,0.2211378071323579,0.2552678443192205
SSP585,Interactive,AFE,Country resampling,0,IE,2077,0.09681476481118256,-0.6228671183126946,-0.3814777842096405,-0.162791154264276,-0.012152045931604294,0.0817288543798827,0.13741914825929977,0.18729015787583664,0.22561483414588618,0.2599050169147381
SSP585,Interactive,AFE,Country resampling,0,IE,2078,0.09695185926043104,-0.6732958569704643,-0.4102510759046635,-0.17586733670439067,-0.016526726414836296,0.08159289146008686,0.13923157474978065,0.1911555260126772,0.22875178882928332,0.2670163784913863
SSP585,Interactive,AFE,Country resampling,0,IE,2079,0.09691080327622426,-0.728061149069342,-0.4411093668929694,-0.1953607758461632,-0.021559600937275242,0.08116408288883042,0.14054503939634486,0.19445846771813755,0.23262421846243056,0.2754257145534772
SSP585,Interactive,AFE,Country resampling,0,IE,2080,0.0966869326970079,-0.7876137443465016,-0.47371149724847295,-0.20885826575266278,-0.02652013431010619,0.08084333464744803,0.14167172894745247,0.19720754171162758,0.2379525764991702,0.28255025282764556
SSP585,Interactive,AFE,Country resampling,0,IE,2081,0.09437752566144675,-0.8650836584247353,-0.5172639940609612,-0.22516317299038574,-0.03513879487607241,0.0785341109796005,0.14101068333065184,0.19958978712589712,0.2416517775808095,0.2844103071713688
SSP585,Interactive,AFE,Country resampling,0,IE,2082,0.09376065685702173,-0.9359950327445719,-0.5568092436595096,-0.2434173797171683,-0.040200466964121245,0.07707741247725114,0.14156653433734467,0.20304194878905416,0.24666032619224026,0.2917512894577393
SSP585,Interactive,AFE,Country resampling,0,IE,2083,0.09295120990887917,-1.0131653727376568,-0.5989448718657031,-0.26260698930881227,-0.048283944553044245,0.0763342850962595,0.14233348675633875,0.2065723462181914,0.2507317326062092,0.29711614290330945
SSP585,Interactive,AFE,Country resampling,0,IE,2084,0.09194447694722929,-1.0989482391953158,-0.6477118295684208,-0.2857574916583008,-0.05651087217819897,0.07503275935578296,0.142222569091072,0.21056691702643518,0.25330369307046435,0.30228952708559287
SSP585,Interactive,AFE,Country resampling,0,IE,2085,0.09073562217853381,-1.198786817769328,-0.6986659394735599,-0.30560056928528045,-0.06427910502557993,0.07426307675780391,0.14277081458404955,0.21397184775576777,0.25929396256848836,0.3073129441627308
SSP585,Interactive,AFE,Country resampling,0,IE,2086,0.08767848668557587,-1.3277370798779293,-0.7621851660464026,-0.3348973133196187,-0.07637684532335096,0.07187638899861004,0.14259182133958678,0.2166104966355444,0.26602113343884426,0.3104963675684261
SSP585,Interactive,AFE,Country resampling,0,IE,2087,0.08606425786799443,-1.455986170103373,-0.8228364854212775,-0.3585047469150739,-0.08258102114748175,0.06948124881294898,0.14332680793991723,0.21914365869839833,0.27163956956128193,0.3153093815210859
SSP585,Interactive,AFE,Country resampling,0,IE,2088,0.08423667568129134,-1.5935868896504126,-0.8881612982066305,-0.38327775839415934,-0.09214536649428731,0.06646394862880894,0.14422145963267294,0.22063588817907337,0.2765084972540029,0.3199928882662488
SSP585,Interactive,AFE,Country resampling,0,IE,2089,0.08219002870525749,-1.7254535006876108,-0.9588336743928229,-0.4096421003721274,-0.10058483308762631,0.06293114768945901,0.14487615599542664,0.22348522708562993,0.2814819629361175,0.3262883841295453
SSP585,Interactive,AFE,Country resampling,0,IE,2090,0.07991827411827979,-1.8698670985203152,-1.035470296725734,-0.4433275359271596,-0.1104100479009375,0.05986542018871144,0.14497201443390997,0.2263916721375515,0.28575747506091825,0.3304985656751498
SSP585,Interactive,AFE,Country resampling,0,IE,2091,0.07621249422737375,-2.045235690398508,-1.1277665747554049,-0.4885510089790126,-0.12424943377388337,0.05648851542826894,0.14318435434069046,0.22622032373015236,0.290668856620602,0.3344806337961731
SSP585,Interactive,AFE,Country resampling,0,IE,2092,0.07352463415893173,-2.2199113471391274,-1.21966560085187,-0.5213041133604954,-0.13474755339599193,0.052932705440393746,0.14237577155337677,0.22784472733240788,0.2963065270154882,0.3407437636815127
SSP585,Interactive,AFE,Country resampling,0,IE,2093,0.07059640112251675,-2.414030878810454,-1.3199701447033374,-0.5496084876792594,-0.14691292683946997,0.04878848882436404,0.14172623141087437,0.23053956661974084,0.30035685863909833,0.3518082716072159
SSP585,Interactive,AFE,Country resampling,0,IE,2094,0.06742003351493708,-2.6454225004307066,-1.4295858535606676,-0.5963596321879132,-0.15921734092336834,0.04410363268187406,0.14166266396686159,0.23172310753676365,0.30465736866466303,0.35364723812018245
SSP585,Interactive,AFE,Country resampling,0,IE,2095,0.0639872089716026,-2.9032384292871196,-1.5482292228927446,-0.6375718515340111,-0.1724729211814257,0.04117412896225736,0.14073977864519718,0.2329569427899253,0.3084498544017892,0.35922327568401546
SSP585,Interactive,AFE,Country resampling,0,IE,2096,0.05953966407495859,-3.200499829014128,-1.6884651948273321,-0.6945632213885136,-0.18864594192448692,0.0373157387594073,0.14148115689126908,0.23300109937074856,0.31420006641473053,0.37641087663059253
SSP585,Interactive,AFE,Country resampling,0,IE,2097,0.05564068536584754,-3.5222729886470914,-1.8234239487858055,-0.7507948286742019,-0.21038444696978367,0.03393253141165081,0.1414330993905041,0.23533335095754937,0.3184885430819354,0.38490219325736946
SSP585,Interactive,AFE,Country resampling,0,IE,2098,0.05146109389851761,-3.882879838051556,-1.9673914417795024,-0.8107438235784116,-0.22309096224659145,0.03042528127627836,0.13908023921629595,0.2376877279086,0.3191966558040828,0.3924884414956937
SSP585,Interactive,AFE,Country resampling,0,IE,2099,0.04698971574405275,-4.287888322119346,-2.1246668188311384,-0.8738668741715777,-0.24249253492063608,0.025781658923016315,0.13714465160647074,0.23975648501641839,0.32158925819216155,0.3999776051623577
SSP585,Interactive,AFE,Country resampling,0,IE,2100,0.04221452603967957,-4.743785982033688,-2.296693774233451,-0.9485526948269525,-0.25938816741795934,0.020294319030370322,0.13534321526557233,0.24226437417297342,0.325072790935679,0.40709626372932767
SSP585,Interactive,AFE,Country resampling,1,All,2021,-3.0875785312911574e-5,-2.701236723506833e-4,-2.321220436079019e-4,-1.9473682764065137e-4,-1.240954621772039e-4,-3.0246603632766433e-5,5.293260053496063e-5,1.3503571926607453e-4,1.810512821377118e-4,2.2892228003256178e-4
SSP585,Interactive,AFE,Country resampling,1,All,2022,-9.095696676841847e-5,-8.118869421081309e-4,-7.114195499357157e-4,-6.019631821833959e-4,-3.6870223083959597e-4,-8.797769092938612e-5,0.00017614987760705691,4.115569836914857e-4,5.641599790171535e-4,6.479688791327373e-4
SSP585,Interactive,AFE,Country resampling,1,All,2023,-1.8631551069925312e-4,-0.0017404112218610322,-0.0014910048067160399,-0.001281887471115095,-7.737032690696144e-4,-2.0059144915518523e-4,3.767705478483485e-4,8.788300533721261e-4,0.0011689088274110077,0.0013938525454023406
SSP585,Interactive,AFE,Country resampling,1,All,2024,-3.230025653311319e-4,-0.0031670509413693647,-0.0026049678736630223,-0.002200550946655433,-0.0013175377458584658,-3.589304879576538e-4,6.794205786494478e-4,0.001515312861219398,0.002004049007643338,0.002414188983541109
SSP585,Interactive,AFE,Country resampling,1,All,2025,-5.070399965672046e-4,-0.004902345940791436,-0.004017190772049911,-0.0034302164192696605,-0.002047499331461311,-5.474677913182568e-4,0.0010562444500655799,0.00234676707155832,0.0031218137753588836,0.0037374935020982438
SSP585,Interactive,AFE,Country resampling,1,All,2026,-7.903329686240745e-4,-0.007114156974924746,-0.00583471710200027,-0.004929233952705514,-0.002975085299304625,-8.540490295953496e-4,0.0014571213045392328,0.003343489846752124,0.004448625201157441,0.005226311777575609
SSP585,Interactive,AFE,Country resampling,1,All,2027,-0.001102246778650784,-0.009629230368494168,-0.007927890611202531,-0.0066963128091848565,-0.004092355327019487,-0.0012012700932392262,0.001869294098235108,0.004565425616938668,0.006017859273392378,0.0070638604131336765
SSP585,Interactive,AFE,Country resampling,1,All,2028,-0.0014818507526286329,-0.012574027513977067,-0.010360242015771315,-0.008734077508795979,-0.0053631556596606955,-0.0016299384090904812,0.002404612124866534,0.00591978262457502,0.007736820296095446,0.00909384169839909
SSP585,Interactive,AFE,Country resampling,1,All,2029,-0.0019351191403689239,-0.015926993861045617,-0.013148607120249322,-0.011059724295895523,-0.006892367007383132,-0.0021319834622722245,0.0029276664602091995,0.007483251117878709,0.00968802627315689,0.011453685281785652
SSP585,Interactive,AFE,Country resampling,1,All,2030,-0.0024679677537415845,-0.019636659545084225,-0.016299835741898683,-0.013670823082984307,-0.008673375332563543,-0.0027303446791443475,0.0034801965911603894,0.00915831309789219,0.011795208394344104,0.014124509242416622
SSP585,Interactive,AFE,Country resampling,1,All,2031,-0.0031764443528591313,-0.023986503265278892,-0.019964047390909595,-0.01673894146469399,-0.01056061964463395,-0.00344549260471666,0.004083382904522093,0.011037255068703455,0.014045732471639748,0.016974377969447646
SSP585,Interactive,AFE,Country resampling,1,All,2032,-0.003898864205918895,-0.028608514023387776,-0.02392461384271895,-0.02001623146507079,-0.01265752923236832,-0.004164154758361516,0.004780169616793284,0.01299542793478228,0.016561262781508046,0.020078858398878827
SSP585,Interactive,AFE,Country resampling,1,All,2033,-0.004718436931263059,-0.03379388766240657,-0.028274434406613647,-0.023530820647761595,-0.015012984244675676,-0.005004479188070843,0.00549950857689846,0.015093292882539537,0.019236957339722822,0.023500948977212836
SSP585,Interactive,AFE,Country resampling,1,All,2034,-0.005640730732179855,-0.03933058536444092,-0.03294242858789686,-0.027467227326971676,-0.01755120116756481,-0.005872308374033519,0.006243661493738284,0.017396360557480485,0.02226517831741318,0.027306897339955574
SSP585,Interactive,AFE,Country resampling,1,All,2035,-0.006671235939673448,-0.045291873405333666,-0.03791905952227255,-0.03168897586553802,-0.02028709049752503,-0.007066760269917927,0.0069042315240546714,0.01977215652289919,0.025531416596457267,0.03138215404104251
SSP585,Interactive,AFE,Country resampling,1,All,2036,-0.007947857531343638,-0.05188132277810137,-0.043492085752362665,-0.03645770482173305,-0.023505152132357127,-0.008355071331119623,0.007635131054445632,0.02210674401402728,0.02877900777369038,0.03561990929726894
SSP585,Interactive,AFE,Country resampling,1,All,2037,-0.009216599025537286,-0.058692495338971,-0.04913428418488746,-0.041428220166090934,-0.026859461238447235,-0.009642996481059818,0.008232084410419782,0.024654865187068345,0.03244581551248638,0.04025993928306343
SSP585,Interactive,AFE,Country resampling,1,All,2038,-0.010607483530951867,-0.06599394320028616,-0.0551731811577433,-0.046333588422205634,-0.030463521104123287,-0.011111349986716756,0.009017029795877818,0.027334239437512085,0.03631589066436165,0.04515012446622334
SSP585,Interactive,AFE,Country resampling,1,All,2039,-0.012125403862674689,-0.07372959407548185,-0.06182315752017044,-0.051823622423756176,-0.03412416354280118,-0.01254151711347995,0.009988626054587835,0.03041217491146189,0.04016560628715007,0.05030407607713654
SSP585,Interactive,AFE,Country resampling,1,All,2040,-0.013775148085708566,-0.08188438870138252,-0.06885741450016679,-0.057398150704052464,-0.03819147088730221,-0.014159695572521502,0.010713853494816072,0.03359852572756923,0.044301456378921716,0.055719954409252016
SSP585,Interactive,AFE,Country resampling,1,All,2041,-0.015671133930634795,-0.09049817542920155,-0.07632433803414981,-0.06373704052558168,-0.042462104012074287,-0.015923413828975608,0.011449669414731245,0.03691601594435916,0.049003155706982354,0.06132018623681651
SSP585,Interactive,AFE,Country resampling,1,All,2042,-0.017582201238796724,-0.09919960778669963,-0.08382110251679792,-0.07030598540224048,-0.0466688581277834,-0.017701991829933372,0.012211482652223216,0.04041262066173077,0.053417957982223305,0.06729456789487087
SSP585,Interactive,AFE,Country resampling,1,All,2043,-0.01963361948394793,-0.10826100820731077,-0.09162697434425432,-0.07709816683855429,-0.05133451742758449,-0.01972476773916837,0.013095740973417758,0.043935240023178924,0.058161422059285456,0.07353315513420919
SSP585,Interactive,AFE,Country resampling,1,All,2044,-0.021829310107796873,-0.11767337826386932,-0.09974262559648364,-0.08429016652080557,-0.05638103241216191,-0.02168343539870332,0.01423533902871621,0.047651385190184796,0.06371833786658197,0.0800351065348772
SSP585,Interactive,AFE,Country resampling,1,All,2045,-0.024173060205327834,-0.12742710755182082,-0.1081599038576766,-0.09140922364063774,-0.06166065743219662,-0.02387761541904615,0.014984486861004787,0.051491815806575296,0.06898371597694757,0.08679968700198895
SSP585,Interactive,AFE,Country resampling,1,All,2046,-0.026642423127710146,-0.1375321741546453,-0.11682869986726675,-0.09906779859566547,-0.06708995672302392,-0.02622313280744426,0.015916055529899886,0.05526779444896307,0.07446021153139068,0.0938549057656708
SSP585,Interactive,AFE,Country resampling,1,All,2047,-0.029249147400063902,-0.1479092171636738,-0.12578138120006324,-0.10703224773078888,-0.07241221676033949,-0.028789000798578823,0.017025725815471626,0.059432542699855775,0.08017427618466563,0.1012135563123843
SSP585,Interactive,AFE,Country resampling,1,All,2048,-0.032007344768257395,-0.1585889010029124,-0.13499969153647262,-0.11527985409293506,-0.07817162680966022,-0.031185751562736674,0.018266202419861544,0.06435432542580866,0.08609930906695581,0.10884316972451233
SSP585,Interactive,AFE,Country resampling,1,All,2049,-0.03491983851150704,-0.16957278087322852,-0.14447463820434095,-0.12379867093406327,-0.08425801664347207,-0.033971625959001495,0.019084066995047277,0.06865542447189231,0.09223580870667386,0.11674417921839779
SSP585,Interactive,AFE,Country resampling,1,All,2050,-0.037989295158588066,-0.18084258654750965,-0.15419588698669687,-0.13258175112962875,-0.08964241519298122,-0.03678783562582494,0.019952310752026137,0.07307835058886243,0.0986032259711122,0.12491714501141477
SSP585,Interactive,AFE,Country resampling,1,All,2051,-0.04088877498900001,-0.19201811552444709,-0.16376354013720784,-0.14120805137628756,-0.09566587202904811,-0.039185890602409956,0.02105042843169913,0.0777184807402521,0.10558403688627713,0.13366162924740263
SSP585,Interactive,AFE,Country resampling,1,All,2052,-0.044184813916362975,-0.2037130491840746,-0.17387562434474998,-0.1502024147473599,-0.10187363992570675,-0.04222129185608631,0.02181691387787893,0.08229199707986463,0.1135887298333229,0.14251222121574003
SSP585,Interactive,AFE,Country resampling,1,All,2053,-0.047633943808045864,-0.21563923001810517,-0.18419488752787377,-0.1593709048321599,-0.10858857224457066,-0.045516027594224906,0.022491122363376637,0.08727154718650516,0.12073417857200357,0.15165400343643753
SSP585,Interactive,AFE,Country resampling,1,All,2054,-0.051237691854134515,-0.22778282746514786,-0.19471006012000827,-0.16869747052131612,-0.11550906965179417,-0.048956440428043146,0.022926984770947456,0.09293747847827086,0.12751733842322419,0.16108927959721497
SSP585,Interactive,AFE,Country resampling,1,All,2055,-0.05499741528127533,-0.24012976704836914,-0.20541318826599367,-0.17817408596477394,-0.12263232181368647,-0.05234071331415757,0.023473409775443932,0.09877663747075911,0.13534891849059455,0.17082053593626007
SSP585,Interactive,AFE,Country resampling,1,All,2056,-0.058165743479520415,-0.2519697885762386,-0.21568038266922718,-0.18696896915950675,-0.1293843683905708,-0.05527862814852419,0.025148909001812936,0.10493661281577843,0.1440870769410968,0.1815645902245639
SSP585,Interactive,AFE,Country resampling,1,All,2057,-0.06209902559527225,-0.26457671423066526,-0.226778450107347,-0.19720237640833918,-0.13679106312378106,-0.058676354576068734,0.02570552549283256,0.11120234432593762,0.15292030724067185,0.19413903142804598
SSP585,Interactive,AFE,Country resampling,1,All,2058,-0.06617808860124241,-0.27733607643808045,-0.23820924818690845,-0.20725894805036488,-0.14432561072674335,-0.06226362420235565,0.02647256823232136,0.11710910492778573,0.1614842312537736,0.20801972644275382
SSP585,Interactive,AFE,Country resampling,1,All,2059,-0.07040309176205894,-0.290233248142322,-0.24980982119272405,-0.21733292877004484,-0.15203417945945738,-0.06597070571464553,0.027224318922760893,0.12383521284580479,0.17088638503975992,0.22153813464275016
SSP585,Interactive,AFE,Country resampling,1,All,2060,-0.07477402348718509,-0.30325356403065384,-0.2615689425626356,-0.22717532287572278,-0.15995011254335875,-0.06979778501916684,0.027961008649882213,0.13125565484455376,0.18049554261822595,0.2338021006504364
SSP585,Interactive,AFE,Country resampling,1,All,2061,-0.07799958721909395,-0.3152498906267627,-0.2724499078082461,-0.23585551110991304,-0.16691338337161363,-0.072794810525518,0.030327973481009907,0.13858243118822258,0.19045153322376626,0.246894427590208
SSP585,Interactive,AFE,Country resampling,1,All,2062,-0.08246655011343884,-0.3283298443896236,-0.28435141044665274,-0.24614042155532576,-0.17482802231589048,-0.07670968286666818,0.031313610534965786,0.14596007866619312,0.2009679784183083,0.2601775781859677
SSP585,Interactive,AFE,Country resampling,1,All,2063,-0.08706321312280707,-0.34148157042108435,-0.29605328046846924,-0.2569320183400306,-0.18299855019204686,-0.08058122467090711,0.032310480761716,0.15321873789328494,0.21187354018259882,0.2749045084144519
SSP585,Interactive,AFE,Country resampling,1,All,2064,-0.0917884430121716,-0.3546908332699878,-0.30733160601090115,-0.2678280554493822,-0.1913785923155099,-0.08493400014544111,0.03343553978392466,0.1606450026731027,0.22412052593394796,0.2885633721747638
SSP585,Interactive,AFE,Country resampling,1,All,2065,-0.09664095330502331,-0.36794355368823806,-0.3186276206540836,-0.278817358206926,-0.19978094525914958,-0.08943648642203211,0.03485583257434455,0.16815663264398098,0.2351052102899081,0.30422499282652565
SSP585,Interactive,AFE,Country resampling,1,All,2066,-0.09985434636960977,-0.3798037452251949,-0.32852683145878286,-0.2876104932293091,-0.20674441426042853,-0.09257558899940127,0.03664942902590107,0.17755001260478984,0.24760615528079102,0.32023957554807253
SSP585,Interactive,AFE,Country resampling,1,All,2067,-0.10475311485775896,-0.3929813519449147,-0.34080879794103613,-0.29853579182436124,-0.21528970899310096,-0.09694748431159866,0.03795449373862059,0.1856761607075268,0.2587489023328889,0.3358601544505984
SSP585,Interactive,AFE,Country resampling,1,All,2068,-0.10976121176075015,-0.4061569825245281,-0.3531533702608917,-0.3095111861296633,-0.22395860849293617,-0.10102691748267217,0.03951259606050078,0.1939061427998511,0.2726680638873008,0.3516727074533253
SSP585,Interactive,AFE,Country resampling,1,All,2069,-0.11487648007502271,-0.4193177267589616,-0.36552463494634446,-0.3206360656845978,-0.232673217133416,-0.10558611254951145,0.04108844947179435,0.20322099704268243,0.2854424958768819,0.3679230513929704
SSP585,Interactive,AFE,Country resampling,1,All,2070,-0.1200966398666452,-0.4324509796186531,-0.3779050407950363,-0.3319036503754038,-0.24119025726006652,-0.11021599854095948,0.04224261737160118,0.21221448591115474,0.2983892622938971,0.38468045399060696
SSP585,Interactive,AFE,Country resampling,1,All,2071,-0.12312022780071408,-0.4438646792863749,-0.38904422688213663,-0.3405789797074805,-0.24742476987831294,-0.11166924391190614,0.04480026264378073,0.22334028026058592,0.3130866415512362,0.40468130797852
SSP585,Interactive,AFE,Country resampling,1,All,2072,-0.12834210259015877,-0.4568100943912711,-0.40045091703970725,-0.351656905672766,-0.2561043282939015,-0.11639029438710041,0.04642603228178693,0.2330171412049087,0.3266368201260186,0.42286985815201905
SSP585,Interactive,AFE,Country resampling,1,All,2073,-0.13365092997146488,-0.46969031013123924,-0.4113724351478079,-0.36252355825592625,-0.26483103512712153,-0.12110032298605022,0.04849775447609772,0.2442721212622767,0.3415753105302658,0.4416449756317297
SSP585,Interactive,AFE,Country resampling,1,All,2074,-0.13904385609029646,-0.4824943876094928,-0.4222417722540039,-0.3728658662022617,-0.27359807315669477,-0.12570703073060008,0.05035904324773138,0.253827782550191,0.3570530456326182,0.46168919574265144
SSP585,Interactive,AFE,Country resampling,1,All,2075,-0.14451794204352975,-0.49495393480704136,-0.4343504678159341,-0.38411426255308684,-0.28234800353135336,-0.1304429326962122,0.05197719484374563,0.26393173395927444,0.37303468774122434,0.4819495871011884
SSP585,Interactive,AFE,Country resampling,1,All,2076,-0.14714313890851427,-0.504092323200896,-0.444524659548062,-0.3926399805142133,-0.2877893390498283,-0.13217860944435095,0.05577541194830349,0.27764346225936,0.3890503218364754,0.5056650486282795
SSP585,Interactive,AFE,Country resampling,1,All,2077,-0.15258097124288017,-0.5164950679996184,-0.4560233127160827,-0.40404317108113214,-0.2967228435146855,-0.1369097685894024,0.05797907951927511,0.28888137651574614,0.4060530518409713,0.5310784520229735
SSP585,Interactive,AFE,Country resampling,1,All,2078,-0.1580832432658268,-0.5287758117464937,-0.46594005305642,-0.4151073420457637,-0.3055116733894214,-0.14168433497477673,0.060736094602452495,0.3005562467362377,0.42236771399290185,0.5576307990946898
SSP585,Interactive,AFE,Country resampling,1,All,2079,-0.1636467116632332,-0.5410108638907086,-0.4775126473338911,-0.4264359934280262,-0.314132808860812,-0.14593508640510205,0.063548433853643,0.3127865600798983,0.4419241783988661,0.5889317608266011
SSP585,Interactive,AFE,Country resampling,1,All,2080,-0.1692680868822547,-0.5533465632221244,-0.4889836446801497,-0.43732508245668394,-0.32289349631593345,-0.15005483169285805,0.06642213611154502,0.32475973529933455,0.4608560219444804,0.615557346940808
SSP585,Interactive,AFE,Country resampling,1,All,2081,-0.17131377150565952,-0.5638340678379742,-0.498165999799648,-0.44534127240182286,-0.32806160823046543,-0.15158595100940803,0.07662841794854897,0.33996666134672926,0.47952352773195683,0.6463241381533581
SSP585,Interactive,AFE,Country resampling,1,All,2082,-0.17684153834311112,-0.5758553237325843,-0.5096114243256608,-0.45604620276552044,-0.3368381487434367,-0.15599821135547637,0.08246270187297627,0.3532374051384701,0.49967356918875705,0.673236097921161
SSP585,Interactive,AFE,Country resampling,1,All,2083,-0.18241087923935417,-0.5877292046096453,-0.5210126202927393,-0.46670494358223785,-0.34540154730839634,-0.16032254382384598,0.0861026112680181,0.36687429191403603,0.520492321697815,0.701058585350251
SSP585,Interactive,AFE,Country resampling,1,All,2084,-0.1880184032489166,-0.5994486642872536,-0.532318005470868,-0.47748612802770907,-0.35368807220717957,-0.16482753723836985,0.08920887456388815,0.38214255131044683,0.5420033308274941,0.7300686915402858
SSP585,Interactive,AFE,Country resampling,1,All,2085,-0.19366070928951373,-0.6110070958092393,-0.5434663984461755,-0.48815991064799885,-0.36192301263913695,-0.16954163516372667,0.09342953537213966,0.39750561835371323,0.5642312428683898,0.7661663413442147
SSP585,Interactive,AFE,Country resampling,1,All,2086,-0.1951134157205291,-0.6198894042372621,-0.5508613344761422,-0.494258244550987,-0.3661793205370638,-0.17058330428705093,0.10082349522701473,0.4176385128520874,0.5957167011101139,0.8074016226909303
SSP585,Interactive,AFE,Country resampling,1,All,2087,-0.20062422235733113,-0.6302849035841093,-0.5615440157619372,-0.5028882834667726,-0.37454181259111663,-0.1749757311818514,0.10533662215101702,0.4336787549993023,0.6229292388754476,0.8588011820690523
SSP585,Interactive,AFE,Country resampling,1,All,2088,-0.20615514649432298,-0.6404874008352763,-0.5721003432266222,-0.5116549540327165,-0.38288537024817393,-0.1783761636454108,0.11075095425416798,0.45465523140117886,0.6513801193820055,0.9022432128088412
SSP585,Interactive,AFE,Country resampling,1,All,2089,-0.21170286115340775,-0.6513419339411806,-0.5825253698312748,-0.5218827277072592,-0.39084368446333606,-0.18175813551651826,0.1144114245677183,0.4737172706079028,0.6811394642319457,0.9479894260774764
SSP585,Interactive,AFE,Country resampling,1,All,2090,-0.21726405952256234,-0.6621184027786259,-0.5928144729656801,-0.5324742425481215,-0.3983123824363042,-0.18554688856374418,0.11817406519864665,0.4930538907676686,0.7122822336533908,0.9860622817263468
SSP585,Interactive,AFE,Country resampling,1,All,2091,-0.2180211919953119,-0.6706483048666163,-0.6002651834686737,-0.5406697306463013,-0.401916640602398,-0.18460203179064988,0.12494573383990415,0.5180963098800833,0.7497354680809094,1.027969515330399
SSP585,Interactive,AFE,Country resampling,1,All,2092,-0.22342134296230443,-0.6806111595408831,-0.6102016876045462,-0.5504735806177251,-0.4103054183903609,-0.18849811672035188,0.12906190213970326,0.5366357646698893,0.7836310277641597,1.0688000250096965
SSP585,Interactive,AFE,Country resampling,1,All,2093,-0.2288223806169538,-0.6903810309141998,-0.6200589966918351,-0.5585301565514218,-0.41816282910581903,-0.19100098643465374,0.13329815908936143,0.5557608843890707,0.818610034629836,1.1110800309649556
SSP585,Interactive,AFE,Country resampling,1,All,2094,-0.2342212057123666,-0.6999400061617911,-0.6299603809581718,-0.5665067638096344,-0.42462493642294896,-0.19570818381003952,0.13988126288983993,0.5783040772875179,0.8496126588471591,1.1548700060376125
SSP585,Interactive,AFE,Country resampling,1,All,2095,-0.23961476256891012,-0.7092837226267379,-0.6395219827595289,-0.5741096121532316,-0.43200829131022334,-0.1997891514724333,0.14700842221160004,0.5992009166172628,0.88077903808217,1.2002337339340714
SSP585,Interactive,AFE,Country resampling,1,All,2096,-0.2395278020898124,-0.71465330684718,-0.6457488224598121,-0.5784337208851686,-0.4363315156831659,-0.19529490543187467,0.1591828907783096,0.6281186145353322,0.9164088160945614,1.2505771889004682
SSP585,Interactive,AFE,Country resampling,1,All,2097,-0.2446925474921502,-0.7226829749716727,-0.6549107265536547,-0.5854361638391862,-0.44385537322661184,-0.19754835267635562,0.16680311583657081,0.6513427438207766,0.9498417415084195,1.299584700902298
SSP585,Interactive,AFE,Country resampling,1,All,2098,-0.24984037133489645,-0.7305135719150632,-0.6639148621567531,-0.5934218366466883,-0.4524231144948101,-0.2015698396609179,0.1724354426712168,0.6755251621724301,0.992617194115237,1.350397189146903
SSP585,Interactive,AFE,Country resampling,1,All,2099,-0.25496854741644126,-0.7381411614756935,-0.6727594595925827,-0.6010527188804506,-0.4597062559512991,-0.20526313500746146,0.1804379886774935,0.702983550367895,1.0395021778181108,1.4030948831844468
SSP585,Interactive,AFE,Country resampling,1,All,2100,-0.2600744095258496,-0.7455245758602645,-0.6814430149454018,-0.6095416574032266,-0.4667911596404185,-0.20945479887776147,0.1879192379573537,0.7339659946751255,1.0893468590070716,1.4577626569410727
SSP585,Interactive,AFE,Country resampling,1,Dir,2021,-1.214013226780164e-4,-3.84968396801999e-4,-3.4748501818408496e-4,-2.9621398561707757e-4,-2.0469446201581976e-4,-1.1020346554979632e-4,-1.4006985657594173e-5,8.60736713179655e-5,1.622881776167649e-4,2.2034434399031397e-4
SSP585,Interactive,AFE,Country resampling,1,Dir,2022,-3.4418870349872677e-4,-0.0012019666062741575,-0.0010598124660117724,-8.746218723068022e-4,-6.27746005764207e-4,-3.1502532874116973e-4,-2.1382974403544308e-5,2.754329782749698e-4,5.187192392967275e-4,6.608759825555143e-4
SSP585,Interactive,AFE,Country resampling,1,Dir,2023,-6.769228826293272e-4,-0.0024834384825759615,-0.0022483603684506693,-0.001832143501963246,-0.0012811186433552835,-6.635111363300639e-4,-3.883297231416227e-6,6.3723974448342e-4,0.0011032622321530462,0.0013737007094562269
SSP585,Interactive,AFE,Country resampling,1,Dir,2024,-0.0011281710556995117,-0.004368729378477865,-0.003800258753488006,-0.0031364246569519747,-0.0021716973125687766,-0.0011405827275522418,1.9487991698763363e-5,0.001116711093152656,0.001955930698858875,0.002291295060391756
SSP585,Interactive,AFE,Country resampling,1,Dir,2025,-0.0017064869328161647,-0.006829976988246713,-0.005845381525515204,-0.004895504206839407,-0.0033735790847920777,-0.0017543560016363147,4.2215534706679936e-5,0.0017544721810147212,0.0030336614628776342,0.0035085255181282024
SSP585,Interactive,AFE,Country resampling,1,Dir,2026,-0.002450990941133546,-0.009930341025362494,-0.00839196490431056,-0.007000313351017695,-0.00483940949077824,-0.0025724236924897226,5.567729813338307e-5,0.0024822511661113603,0.0041831926080832605,0.004979614589781949
SSP585,Interactive,AFE,Country resampling,1,Dir,2027,-0.003318077348293702,-0.013426514986884098,-0.011324396039468814,-0.00940046601255765,-0.00656757616765663,-0.003419988665729845,1.0098136038727556e-4,0.0033487691197652066,0.00556203149699994,0.0068342039006803745
SSP585,Interactive,AFE,Country resampling,1,Dir,2028,-0.004338301417338153,-0.017521904789961282,-0.014801852687314127,-0.012237347658096196,-0.0085691093040961,-0.004476247977096004,1.3855838279264177e-4,0.004392322361361246,0.007163869218383735,0.00897717703357212
SSP585,Interactive,AFE,Country resampling,1,Dir,2029,-0.0055197301453813186,-0.022305544651496364,-0.01868235857021312,-0.015498149029163211,-0.010904506851808632,-0.005624304617897813,1.7322599614982837e-4,0.005396616051079396,0.008904552933980337,0.011503847436319973
SSP585,Interactive,AFE,Country resampling,1,Dir,2030,-0.0068702803228757325,-0.02741259960846666,-0.02319529013465133,-0.01920623538889219,-0.013384700663719579,-0.006918694345028398,2.039622731465629e-4,0.006501383012134744,0.010819816644277124,0.014089661847995613
SSP585,Interactive,AFE,Country resampling,1,Dir,2031,-0.00842588291640567,-0.03312319039955425,-0.028196779811813594,-0.02329882626349797,-0.016298920622323687,-0.008542941216897582,2.775931009016408e-4,0.007802835326800529,0.012949445137397929,0.016903805127905694
SSP585,Interactive,AFE,Country resampling,1,Dir,2032,-0.010133142327091837,-0.03940341995796346,-0.03360309204383535,-0.027827594635930653,-0.01948802220710444,-0.010253405766924462,2.723663204268201e-4,0.009448879117818798,0.015378171373445947,0.019959679909737738
SSP585,Interactive,AFE,Country resampling,1,Dir,2033,-0.012028372769616325,-0.04636668696476454,-0.03948048135455873,-0.03276548908868806,-0.02308342136980493,-0.01205477038430841,2.675349678024075e-4,0.011075837930212256,0.018060184983983596,0.023229130313166924
SSP585,Interactive,AFE,Country resampling,1,Dir,2034,-0.014118139390693285,-0.053895168657061884,-0.045830201396292146,-0.03809752309479751,-0.02690852562002613,-0.014081770102621738,1.6901469302726957e-4,0.012853881604766358,0.021009223465430736,0.02677328613881797
SSP585,Interactive,AFE,Country resampling,1,Dir,2035,-0.016408754902971112,-0.06199714069693973,-0.05280856012388757,-0.04397455605033975,-0.03114712023725616,-0.0163875674826352,-9.441799094800363e-5,0.014727520990037674,0.02417066728651419,0.030529972012628383
SSP585,Interactive,AFE,Country resampling,1,Dir,2036,-0.018902820821320554,-0.07084360938493363,-0.06009181729523068,-0.05030585021063313,-0.03555028847917674,-0.018986678360900733,-3.104795444504038e-4,0.01664977917132131,0.027404577881174064,0.03447318268274759
SSP585,Interactive,AFE,Country resampling,1,Dir,2037,-0.021591055550294502,-0.0795420600610364,-0.06784378313326908,-0.05677431428302496,-0.04041209626905809,-0.021667958189888537,-5.678558900017727e-4,0.018600743050823865,0.030636357414161115,0.03883537296234138
SSP585,Interactive,AFE,Country resampling,1,Dir,2038,-0.024490646790962356,-0.0887954217766897,-0.0760486270320232,-0.06377784732646895,-0.04560479033304016,-0.024549585453038536,-8.343114048472711e-4,0.020515631486528182,0.03391566369624782,0.0433076219339248
SSP585,Interactive,AFE,Country resampling,1,Dir,2039,-0.027606114315485097,-0.09901548201025445,-0.08494322848870044,-0.07118245007390257,-0.05112672411518068,-0.027609363427192946,-9.43821824648472e-4,0.022479957974297506,0.03776860376754712,0.048189101814174046
SSP585,Interactive,AFE,Country resampling,1,Dir,2040,-0.030941650118871067,-0.10979260986927246,-0.09431462198019547,-0.07892277860180018,-0.05697424353940639,-0.030772246080788435,-0.001151169691405718,0.02447192182870183,0.041506921254773094,0.0536224581600259
SSP585,Interactive,AFE,Country resampling,1,Dir,2041,-0.03436345493896065,-0.121045798470144,-0.10400591775460497,-0.08726962999238586,-0.0630204413886587,-0.03403863326132611,-0.001470018531977868,0.027043877635509896,0.045227276905048956,0.05958462458687015
SSP585,Interactive,AFE,Country resampling,1,Dir,2042,-0.03810143945374789,-0.13277288375001348,-0.11420038046101287,-0.09592643380424053,-0.06940027275354546,-0.03753252576194954,-0.0021279489846456334,0.029609851981452478,0.04960989655626299,0.06571481927923532
SSP585,Interactive,AFE,Country resampling,1,Dir,2043,-0.04206130432651756,-0.14401093371620216,-0.12415348700389774,-0.10491414186531807,-0.07608389243289423,-0.04120979315210899,-0.0029139616528232604,0.032307870844395306,0.05425066744845673,0.0721934429473273
SSP585,Interactive,AFE,Country resampling,1,Dir,2044,-0.046245273057824554,-0.15562181263706254,-0.1343204933202937,-0.11428809322353088,-0.08320556128375356,-0.04508126302512938,-0.003769263685701879,0.0351371064245859,0.05853001106226784,0.07902965076973305
SSP585,Interactive,AFE,Country resampling,1,Dir,2045,-0.05065520084535102,-0.1683963764729522,-0.14545494015459948,-0.12397988657417579,-0.09028183555904368,-0.04924614749340578,-0.004440880355437937,0.038078890580451163,0.06292348842209382,0.08623314021562666
SSP585,Interactive,AFE,Country resampling,1,Dir,2046,-0.054863523587448726,-0.18106318348307654,-0.15668075224276481,-0.13337170093002365,-0.09744942567326784,-0.0531242367450665,-0.00473673047396217,0.04143199554480915,0.06787618505428339,0.09417141347328845
SSP585,Interactive,AFE,Country resampling,1,Dir,2047,-0.05964229835735613,-0.19440416449996875,-0.16863864785913224,-0.1429867939695331,-0.10518371086095185,-0.05755138086260814,-0.005538195486577718,0.0446612097931374,0.07294551072776967,0.10229403491604423
SSP585,Interactive,AFE,Country resampling,1,Dir,2048,-0.06463983434379938,-0.2079299859191613,-0.18093522772892048,-0.15367462541152083,-0.11321128869080299,-0.06205098687091726,-0.006505809907381366,0.04826380775720973,0.07867161388428015,0.11076282902264334
SSP585,Interactive,AFE,Country resampling,1,Dir,2049,-0.06985604697295933,-0.2220859548273345,-0.1935228097784925,-0.16468106932530552,-0.12137734000951769,-0.0667203082342015,-0.007152505817408755,0.051379249634244895,0.08424531293301654,0.11965285439792442
SSP585,Interactive,AFE,Country resampling,1,Dir,2050,-0.07529048474136113,-0.23647203722602433,-0.20589982973787807,-0.1753542795221822,-0.12943212203767074,-0.07158703344683276,-0.007861172790858018,0.05482720504019145,0.09002656664004521,0.12897753877361742
SSP585,Interactive,AFE,Country resampling,1,Dir,2051,-0.0800166008518135,-0.24976991895441272,-0.21664314334818222,-0.1858594975191124,-0.1375655376641732,-0.07593215405794118,-0.008020839028100274,0.05897427296074884,0.09736103327027201,0.13903723380822444
SSP585,Interactive,AFE,Country resampling,1,Dir,2052,-0.085729297320295,-0.26429402876698577,-0.22970262191856228,-0.19714544930993028,-0.14642916060734867,-0.08068284524873748,-0.00896223506106747,0.06259008622195882,0.10492752034136556,0.14931223687871814
SSP585,Interactive,AFE,Country resampling,1,Dir,2053,-0.09164218910096333,-0.27898346316328326,-0.24299673525496546,-0.20864366078364102,-0.1553418212733638,-0.08600567776847173,-0.009804545997326525,0.06629293809669363,0.11326549533063161,0.16003795641595187
SSP585,Interactive,AFE,Country resampling,1,Dir,2054,-0.09775298339189087,-0.2938113370127011,-0.2565077674819578,-0.22030499319144298,-0.1645229941508969,-0.0915486308052404,-0.010480670851490514,0.0700869920650718,0.12009125058081735,0.1712506176275624
SSP585,Interactive,AFE,Country resampling,1,Dir,2055,-0.10405906452961056,-0.3087508923919526,-0.27021772798100285,-0.23221056583299265,-0.17428432633464072,-0.09666856022791459,-0.011399912933808792,0.07439206434368924,0.12715305661816134,0.18297365074126715
SSP585,Interactive,AFE,Country resampling,1,Dir,2056,-0.10902279246607793,-0.3217229296401722,-0.28281384630387385,-0.2428429318159374,-0.18242363891946295,-0.10106341788036366,-0.01079908729249221,0.07958697514379216,0.1361173164680035,0.19550881536987358
SSP585,Interactive,AFE,Country resampling,1,Dir,2057,-0.1155011898663717,-0.33652078646485123,-0.2967307493344451,-0.2551576184766714,-0.19225724121101884,-0.10615186944147542,-0.011874801945826186,0.08427196922633666,0.14443326931937814,0.21025530261651856
SSP585,Interactive,AFE,Country resampling,1,Dir,2058,-0.12214942965428599,-0.3513350606791866,-0.3107843500912486,-0.2675861188091375,-0.20208343090347622,-0.11197301290069556,-0.012811718179493198,0.08880755203783532,0.15305103409936477,0.2260771060108877
SSP585,Interactive,AFE,Country resampling,1,Dir,2059,-0.12896337728334295,-0.3661671818945131,-0.32495636616292084,-0.27995215774609594,-0.2120200425627618,-0.11803221916834855,-0.01215519108579502,0.09327642473643265,0.16585049806387905,0.2386970271669036
SSP585,Interactive,AFE,Country resampling,1,Dir,2060,-0.13593864749593798,-0.3813163084166204,-0.3391992343358128,-0.2920337568064041,-0.22181341455201695,-0.12419409754143645,-0.012649413185316066,0.09909862001356415,0.17565468260508693,0.251741395261413
SSP585,Interactive,AFE,Country resampling,1,Dir,2061,-0.1407819424850425,-0.39280368359563655,-0.3517593575062335,-0.3023847964677785,-0.22974874809916818,-0.1279547322927403,-0.010056096417251414,0.10613206847180727,0.1902099043200116,0.2679849128904993
SSP585,Interactive,AFE,Country resampling,1,Dir,2062,-0.14780000992692077,-0.4071904138011557,-0.3657609952679416,-0.31418874381697626,-0.23937462555121308,-0.132726609318229,-0.01074900596785447,0.11153907152582354,0.2005127501828437,0.2925483449908949
SSP585,Interactive,AFE,Country resampling,1,Dir,2063,-0.15494843174302875,-0.4216595708059636,-0.3796576286129549,-0.32669501807100654,-0.2496368928691208,-0.13880354570335368,-0.009386000179829157,0.11717990437468831,0.21080003764845437,0.3162470065503461
SSP585,Interactive,AFE,Country resampling,1,Dir,2064,-0.1622217793217544,-0.43635703077028126,-0.39394596301710055,-0.33906389609711995,-0.2598543358580404,-0.1443134237863113,-0.00979701040038039,0.1228956053433136,0.22136198319192368,0.33452719571954054
SSP585,Interactive,AFE,Country resampling,1,Dir,2065,-0.1696144672818145,-0.45128392734789075,-0.4070142683341103,-0.3516873549464568,-0.2701501979774569,-0.15005273297386407,-0.010753581904085263,0.1290594904602729,0.23281231920457285,0.3532628288364576
SSP585,Interactive,AFE,Country resampling,1,Dir,2066,-0.17421933957457603,-0.464521224100829,-0.417928478199919,-0.361760429350446,-0.2786876122583976,-0.15398098712006475,-0.007223487220796215,0.14092296994176653,0.2527692664106486,0.37462536263690754
SSP585,Interactive,AFE,Country resampling,1,Dir,2067,-0.18157498385977378,-0.4794245796785882,-0.4320305444406502,-0.37399232233807533,-0.28825390296086423,-0.16008012302138958,-0.007581834978420798,0.14916820961862204,0.2670011004039604,0.3939037929911715
SSP585,Interactive,AFE,Country resampling,1,Dir,2068,-0.18901980234163596,-0.49416901205890196,-0.44513352602137257,-0.38617086105196646,-0.297460834887232,-0.16500890186386225,-0.007370604497692779,0.1559073833558538,0.27990574024415193,0.41538106671945413
SSP585,Interactive,AFE,Country resampling,1,Dir,2069,-0.19654773316390417,-0.5075113555114943,-0.45783033878127133,-0.39828270472246935,-0.30666670493812,-0.17026722997768423,-0.004090727554013435,0.16391704742259786,0.2968899565454332,0.4377442743691731
SSP585,Interactive,AFE,Country resampling,1,Dir,2070,-0.20415265252370685,-0.5218083076615135,-0.4703661201526372,-0.41098733356599687,-0.31714970779622087,-0.17618156268117324,-0.003233055827403686,0.17344572947540066,0.3127316559243257,0.4610300411042684
SSP585,Interactive,AFE,Country resampling,1,Dir,2071,-0.20829779908594936,-0.5344516557222638,-0.4787381778332649,-0.42105459622196717,-0.32352467339366187,-0.1787555438398165,4.633947957281559e-4,0.18574956262624243,0.34281327348895785,0.4846645026260426
SSP585,Interactive,AFE,Country resampling,1,Dir,2072,-0.215795121321945,-0.548187763111006,-0.49061550038943935,-0.43326432638691087,-0.3330311300959202,-0.18491296965638604,0.0023017951638339418,0.19691061470850485,0.3584185325538823,0.5098635374351809
SSP585,Interactive,AFE,Country resampling,1,Dir,2073,-0.22334217851076488,-0.5617260222842185,-0.5022938960074145,-0.4452367686584861,-0.3428597502120837,-0.19076706693446643,0.0038568809967919893,0.2100416595055024,0.3763296147924871,0.5417259712737461
SSP585,Interactive,AFE,Country resampling,1,Dir,2074,-0.23093289240132597,-0.5750671618228721,-0.513764916710699,-0.45660882643587003,-0.35258461944528585,-0.19640673103092332,0.0060382611969170275,0.22060618514381766,0.3937523560312812,0.5787542531623922
SSP585,Interactive,AFE,Country resampling,1,Dir,2075,-0.2385612061207808,-0.587713607834991,-0.5248979372571435,-0.468881128922611,-0.36190784701049317,-0.20186745323433725,0.010063634305750024,0.23344775073996324,0.4167638532715435,0.6188593367400206
SSP585,Interactive,AFE,Country resampling,1,Dir,2076,-0.2420350323599917,-0.5977590537412775,-0.5319179237907484,-0.4770009833271121,-0.36820145891055783,-0.20499389254078587,0.018227986945364205,0.2480720874496116,0.4429305209742255,0.663308816789697
SSP585,Interactive,AFE,Country resampling,1,Dir,2077,-0.24950522082857163,-0.6104861001481997,-0.5427511926936786,-0.4884438167439553,-0.3763992652870983,-0.21024212613886478,0.020989688561908137,0.26651205109235243,0.4733233737499286,0.7215197805176073
SSP585,Interactive,AFE,Country resampling,1,Dir,2078,-0.2569902081431531,-0.6225654273488134,-0.5534702940643383,-0.49979575553714556,-0.38525640458478905,-0.2156754485572625,0.024515441173253216,0.28554312448314356,0.5081575355486276,0.7725203940002751
SSP585,Interactive,AFE,Country resampling,1,Dir,2079,-0.2644843306140735,-0.6350357644336637,-0.5651246778440785,-0.5114299723251545,-0.3938809030937775,-0.22157203070063997,0.02801747237934149,0.2999526297492446,0.5371918957481956,0.8273158853347782
SSP585,Interactive,AFE,Country resampling,1,Dir,2080,-0.27198200543960305,-0.6455124713806681,-0.5772462531703711,-0.5222017161625885,-0.4022770783472946,-0.22743123120611658,0.029614846722751775,0.3209431047809381,0.5654885278794476,0.885385478334078
SSP585,Interactive,AFE,Country resampling,1,Dir,2081,-0.2746416086340656,-0.6531213715225634,-0.5880954474838724,-0.5286244416095222,-0.4078776641381553,-0.22673595133466584,0.040939799166681445,0.35109471857877717,0.6031378269840912,0.9656723794565771
SSP585,Interactive,AFE,Country resampling,1,Dir,2082,-0.28192389183909683,-0.6650923908478606,-0.6001629257946023,-0.5384697387237755,-0.41518563314601753,-0.2316066316852629,0.046603939704869035,0.37249295527154314,0.6438290027114333,1.0354088768373788
SSP585,Interactive,AFE,Country resampling,1,Dir,2083,-0.28919059062582364,-0.6757923204089438,-0.6073978514907548,-0.5499621787459489,-0.42403065671123297,-0.23644334612726864,0.05222335887162738,0.391368489416199,0.6816789042430245,1.1104186932458107
SSP585,Interactive,AFE,Country resampling,1,Dir,2084,-0.2964367138334376,-0.6857159804071189,-0.6188032515847288,-0.5595213046662674,-0.43159788683727085,-0.2413348760709112,0.0632172125161467,0.4126839109975395,0.7131883775531901,1.1909638412627392
SSP585,Interactive,AFE,Country resampling,1,Dir,2085,-0.30365738672832965,-0.6953421355514039,-0.6282104248097606,-0.5684267641822939,-0.43953527470357356,-0.246743538636776,0.06975246310299948,0.43313631957340426,0.7460916475681235,1.2778582484267538
SSP585,Interactive,AFE,Country resampling,1,Dir,2086,-0.30556497303431174,-0.7012504471057659,-0.635439791593973,-0.5727459286161548,-0.44346835423641384,-0.24587782988672607,0.07916137392288691,0.4589331644010532,0.7979965963155644,1.3785324567390977
SSP585,Interactive,AFE,Country resampling,1,Dir,2087,-0.31254042270483207,-0.7103041321317214,-0.6459197956818769,-0.5809725339568529,-0.4516876327130732,-0.24954544081083485,0.0853630462800073,0.48657091093898786,0.8409107745663956,1.45329864772681
SSP585,Interactive,AFE,Country resampling,1,Dir,2088,-0.31947566698493834,-0.7201595624402557,-0.6559203045811498,-0.5890859580172,-0.45938842942544994,-0.2531509179735958,0.09595065485258497,0.5059955977915416,0.8791437060485005,1.5322537121314546
SSP585,Interactive,AFE,Country resampling,1,Dir,2089,-0.3263665118994449,-0.7302960351506765,-0.6650963140928157,-0.5972143398940777,-0.46642338351980533,-0.255737904442971,0.10831959762520593,0.5256389167869762,0.9293369424489959,1.6158619019106346
SSP585,Interactive,AFE,Country resampling,1,Dir,2090,-0.33320889343509497,-0.7401704638626462,-0.6746565793572209,-0.6070250981202352,-0.4731939132796642,-0.2582863379832106,0.12004443206763055,0.5549279682236156,0.9863265127092885,1.7038858864629172
SSP585,Interactive,AFE,Country resampling,1,Dir,2091,-0.33438078266280913,-0.7461345012845473,-0.6809589029819499,-0.6131494712056501,-0.47781878083228285,-0.2563197330877036,0.1394615830581617,0.5970171972181874,1.0574523635256874,1.8136494733269188
SSP585,Interactive,AFE,Country resampling,1,Dir,2092,-0.34097211938076755,-0.755712518491176,-0.6901099445657993,-0.6225513647968438,-0.4861044632257985,-0.25756572356548535,0.14783332125562854,0.6220654446008327,1.1172478073626766,1.9132055574456968
SSP585,Interactive,AFE,Country resampling,1,Dir,2093,-0.34750463128549725,-0.7650427225789117,-0.6990575670328264,-0.6296003492101343,-0.4923345362193555,-0.259416669062966,0.16000167504041862,0.668217767243088,1.186269696296185,2.045968155206157
SSP585,Interactive,AFE,Country resampling,1,Dir,2094,-0.3539749307950666,-0.7741252212587264,-0.7077870696069086,-0.6381699584967677,-0.5013755717992132,-0.2601286230199212,0.16888935698318358,0.7045457631588046,1.2600216118402785,2.235180004289689
SSP585,Interactive,AFE,Country resampling,1,Dir,2095,-0.3603797571503369,-0.7818728306996369,-0.7167129532590668,-0.6478050388135504,-0.5080758087401878,-0.2619992896423306,0.18116077650872686,0.7459989363580991,1.3388879707710997,2.3717885382649704
SSP585,Interactive,AFE,Country resampling,1,Dir,2096,-0.36073049998994033,-0.785455551167426,-0.7217024382175482,-0.6540496083687933,-0.5102938351493561,-0.25925978871301314,0.2063318165936165,0.8210734412924979,1.4454863598683554,2.5654876095920045
SSP585,Interactive,AFE,Country resampling,1,Dir,2097,-0.3668414183640416,-0.7917701684142924,-0.729861251149974,-0.6612560394450695,-0.5171630839765954,-0.2603018004671695,0.22074574392559743,0.8946860900482494,1.5357202340329608,2.794588551718829
SSP585,Interactive,AFE,Country resampling,1,Dir,2098,-0.37287921906398025,-0.79787196885234,-0.7378236338188809,-0.6694582645661183,-0.5240822728430858,-0.26180394767220166,0.24449674895090623,0.9476130065011017,1.6020613470633522,3.0465819700583063
SSP585,Interactive,AFE,Country resampling,1,Dir,2099,-0.3788412723856097,-0.8037663392877165,-0.7463971986739004,-0.6774778224003298,-0.5302936354403035,-0.26414348991573633,0.251892979516167,1.0115142733285172,1.6821919951100441,3.3197931633016005
SSP585,Interactive,AFE,Country resampling,1,Dir,2100,-0.3847250589116624,-0.8094587168074834,-0.7549982222918938,-0.6864466422636386,-0.5369847577823272,-0.2642906857779298,0.26858649746463054,1.088863188345457,1.7870458589091163,3.5726656453692662
SSP585,Interactive,AFE,Country resampling,1,IE,2021,9.052553736510482e-5,-1.5348010043743642e-4,-1.0482665928721047e-4,-4.342537838069038e-5,4.12401810817864e-5,9.05615749886568e-5,1.3047871324825544e-4,1.6207938606055405e-4,1.7686762099686226e-4,1.9495389842453248e-4
SSP585,Interactive,AFE,Country resampling,1,IE,2022,2.532317367303083e-4,-4.937015994273513e-4,-3.3806135688844714e-4,-7.693813710734075e-5,1.1723470504212963e-4,2.550709237066906e-4,3.866881285461421e-4,4.8166766233916916e-4,5.489934036199073e-4,6.030661754786587e-4
SSP585,Interactive,AFE,Country resampling,1,IE,2023,4.906073719300741e-4,-0.001019437478645513,-6.672448206090975e-4,-1.5628558992260012e-4,2.04092180311366e-4,5.007233734000138e-4,7.681674826386098e-4,9.98573665144753e-4,0.0011430327343458391,0.0012687104506701658
SSP585,Interactive,AFE,Country resampling,1,IE,2024,8.051684903683798e-4,-0.0017532037041275066,-0.0010825742425981998,-2.7186673573913466e-4,3.046884134904615e-4,8.163211650832336e-4,0.001292208681303586,0.0017274549380647763,0.001949882443846407,0.002207668230485868
SSP585,Interactive,AFE,Country resampling,1,IE,2025,0.0011994469362489601,-0.0026865352706921864,-0.0016736710139354626,-4.5667025231064243e-4,4.552682405990771e-4,0.0012045415142027394,0.001971206926170227,0.0026573137904972845,0.0030240240777691827,0.0034405174177100204
SSP585,Interactive,AFE,Country resampling,1,IE,2026,0.0016606579725094717,-0.0036752798248965543,-0.002326978423923776,-6.647422995744278e-4,6.024868396578842e-4,0.0016523103084561397,0.0027804861156578986,0.0037519592130920935,0.004281421338454149,0.004939171547638532
SSP585,Interactive,AFE,Country resampling,1,IE,2027,0.002215830569642918,-0.004888169274901466,-0.003068635973734007,-9.594926583736507e-4,7.875043295064998e-4,0.002203407434926863,0.003736724095068006,0.005039837634669053,0.005771978065545351,0.006670287892430912
SSP585,Interactive,AFE,Country resampling,1,IE,2028,0.00285645066470952,-0.006252519204963169,-0.003892477461032745,-0.0012434734739466212,9.686091954398957e-4,0.002840001231260103,0.004842203213958091,0.006567752231169511,0.007529973592408512,0.008639816465593192
SSP585,Interactive,AFE,Country resampling,1,IE,2029,0.0035846110050123947,-0.007825024280423417,-0.004768773079034238,-0.0015761883350940864,0.0011963463823585485,0.003543106731595136,0.006073629239824074,0.008309258548066611,0.009497877908929952,0.010895872003825247
SSP585,Interactive,AFE,Country resampling,1,IE,2030,0.004402312569134148,-0.009738429985763781,-0.005670645010023251,-0.001992892560496118,0.0014835644143331994,0.004331273841997885,0.007489867864166194,0.010194540339794778,0.011657852065183017,0.013403577988714754
SSP585,Interactive,AFE,Country resampling,1,IE,2031,0.005249438563546538,-0.011921570913494793,-0.0065630998751358745,-0.0023216278348777595,0.0018103059491336726,0.005156367077404633,0.009014317000850175,0.012241141654148347,0.013994625448157364,0.015712662736310154
SSP585,Interactive,AFE,Country resampling,1,IE,2032,0.0062342781211729426,-0.01429336738296693,-0.007762959257814961,-0.0027326235841458437,0.002098259231822247,0.0060702719681572925,0.010674161856938286,0.01455694236174976,0.016675959786659946,0.018626595892213063
SSP585,Interactive,AFE,Country resampling,1,IE,2033,0.007309935838353265,-0.01689687678800658,-0.008964700851102037,-0.003151998050134885,0.0024429964352089273,0.007049712582195,0.01246205554328797,0.017047207559196233,0.019595267496073106,0.021872613119983054
SSP585,Interactive,AFE,Country resampling,1,IE,2034,0.00847740865851343,-0.01968849387661729,-0.010165995190036647,-0.0036435075693340476,0.002871720862826471,0.008072545871739556,0.01435208128773674,0.019705121394333034,0.022434815917276866,0.02536146164406538
SSP585,Interactive,AFE,Country resampling,1,IE,2035,0.009737518963297664,-0.02234519599646124,-0.011421279284511313,-0.004112849593998635,0.003337486226468095,0.009280606115875334,0.016362098367244504,0.02252219112104772,0.025812725079303243,0.029091386375202775
SSP585,Interactive,AFE,Country resampling,1,IE,2036,0.010954963289976916,-0.025162134821111393,-0.01271727476541121,-0.004715154726632918,0.0035925225017373053,0.010404395835896751,0.01841876952921659,0.025479270470382655,0.029104009998761025,0.03270087863827181
SSP585,Interactive,AFE,Country resampling,1,IE,2037,0.012374456524757216,-0.02810117362577438,-0.014066497402291558,-0.005170966522625585,0.004009737392372981,0.011721127335519943,0.020765262626464442,0.028616932046203362,0.0327418905447615,0.03693048986297833
SSP585,Interactive,AFE,Country resampling,1,IE,2038,0.01388316326001049,-0.031165947297299053,-0.015623327165992249,-0.005840341126402837,0.004571532273969364,0.013155528234807146,0.023260365344569378,0.03189032065044514,0.0366016342746639,0.04079921047966341
SSP585,Interactive,AFE,Country resampling,1,IE,2039,0.015480710452810409,-0.034353549485621665,-0.017634961799810223,-0.006722798376606121,0.00517624101779518,0.014578670862533782,0.02593882055210403,0.03516291463513755,0.040676726225871054,0.04557387203526317
SSP585,Interactive,AFE,Country resampling,1,IE,2040,0.0171665020331625,-0.03766554742336972,-0.019325454255399457,-0.007695641247563056,0.005795188002240215,0.016138295189566998,0.02875852765859288,0.03880617352263457,0.04486207985470372,0.049900937429261445
SSP585,Interactive,AFE,Country resampling,1,IE,2041,0.018692321008325852,-0.04127260991817072,-0.021082725354176577,-0.008852788858647043,0.006044096065927401,0.017559256637456222,0.0312460908234882,0.04229707864796799,0.04898711863377524,0.0540304541935458
SSP585,Interactive,AFE,Country resampling,1,IE,2042,0.020519238214951163,-0.04489114461728568,-0.022693162129629643,-0.00983092677139774,0.0066031371711039455,0.019229730828402625,0.03424197782970406,0.04591446255696531,0.05356862928347804,0.05872825370027109
SSP585,Interactive,AFE,Country resampling,1,IE,2043,0.02242768484256963,-0.04864621198590909,-0.02497834617712044,-0.010734300088587034,0.007200040879721592,0.020960886707379167,0.037356095456021615,0.050306625730492695,0.0582583478544788,0.06421283743168744
SSP585,Interactive,AFE,Country resampling,1,IE,2044,0.02441596295002768,-0.05254033349010438,-0.027071206264745917,-0.011730464477531165,0.007896423194523328,0.022723779099864727,0.04053424063046179,0.054642024093723554,0.06304736233669936,0.06992369976986598
SSP585,Interactive,AFE,Country resampling,1,IE,2045,0.02648214064002319,-0.056576771622681085,-0.029069898502575277,-0.012796774764286077,0.00880612620462598,0.024451138208557155,0.043838574260766816,0.05924173842979675,0.06812051605173244,0.07496677046906411
SSP585,Interactive,AFE,Country resampling,1,IE,2046,0.02822110045973858,-0.0612927760712764,-0.031532035378329167,-0.014512882757117086,0.00910715080582869,0.0260211537064739,0.046963297224951406,0.06396334033017934,0.07283766697996051,0.08008052076674967
SSP585,Interactive,AFE,Country resampling,1,IE,2047,0.030393150957292225,-0.0657436788864428,-0.03433656940689598,-0.015829731534225577,0.009618201416596861,0.02793360509096704,0.05033366166600334,0.06878181455923214,0.07847450498343488,0.08614032916278784
SSP585,Interactive,AFE,Country resampling,1,IE,2048,0.03263248957554199,-0.07035865053801969,-0.03731043084057337,-0.017255416214140652,0.010313953194756198,0.029848424503430115,0.05395759310512091,0.07349914981241325,0.08332230221198932,0.09219706588261961
SSP585,Interactive,AFE,Country resampling,1,IE,2049,0.03493620846145229,-0.0751451316884893,-0.04044092797002461,-0.018590018647346506,0.010875287385235216,0.0319070407520744,0.05758240843443807,0.07817828122988348,0.08895222710261945,0.09833719066848075
SSP585,Interactive,AFE,Country resampling,1,IE,2050,0.037301189582773064,-0.0804188548976146,-0.043733655224105696,-0.01992449693855007,0.011250331015776077,0.03411983719278183,0.061372214772581646,0.08288149683807827,0.09522196776521354,0.10509404743822008
SSP585,Interactive,AFE,Country resampling,1,IE,2051,0.03912782586281349,-0.08898517806837854,-0.04756268631455249,-0.021793387057969116,0.011429626665756004,0.035856958871804456,0.06431613466342678,0.08793894930954133,0.10086334271918049,0.11185243349295476
SSP585,Interactive,AFE,Country resampling,1,IE,2052,0.04154448340393202,-0.0944658588072004,-0.05122723731529116,-0.02323636416975645,0.011807978606212716,0.03808462975791166,0.0679591098591941,0.09311580374317986,0.10647795767558735,0.11892059347420357
SSP585,Interactive,AFE,Country resampling,1,IE,2053,0.04400824529291747,-0.09968542171529221,-0.055132754901749965,-0.025361176147034037,0.012234010770258708,0.04000132558891384,0.07175507291580852,0.09789606995983101,0.11331184875607281,0.12529290796477752
SSP585,Interactive,AFE,Country resampling,1,IE,2054,0.046515291537756354,-0.10498756072737618,-0.0589585552460426,-0.026261361432880187,0.012585858395014526,0.04214128457545335,0.07513786505027534,0.10246113535606652,0.11903721782816566,0.13103784910514651
SSP585,Interactive,AFE,Country resampling,1,IE,2055,0.049061649248335226,-0.11054348359207314,-0.06339347923369397,-0.02955159570825313,0.013218109490169216,0.04417886967844614,0.07897891680901431,0.10698359587535303,0.1251591826219155,0.1381126633602937
SSP585,Interactive,AFE,Country resampling,1,IE,2056,0.05085704898655752,-0.11942102742356064,-0.06798461525009253,-0.032219246627022885,0.012782520287137084,0.045691365594300426,0.08174956299464581,0.11144852814202398,0.1311454742679625,0.14514948897591679
SSP585,Interactive,AFE,Country resampling,1,IE,2057,0.05340216427109945,-0.1267421718223434,-0.07281775971007932,-0.03480875276448953,0.012953196833572156,0.047501237947134844,0.08492562354136352,0.116825120181589,0.13799107141085637,0.15285451046879825
SSP585,Interactive,AFE,Country resampling,1,IE,2058,0.05597134105304358,-0.13508089480546423,-0.07787169168120399,-0.03670637963087473,0.013244316668323763,0.04975263033095767,0.08865996131486018,0.1211047109885612,0.1443029614393322,0.1607016159535519
SSP585,Interactive,AFE,Country resampling,1,IE,2059,0.058560285521284006,-0.1479113437917311,-0.08345066272327967,-0.04007194490529533,0.013205700299501466,0.05211103283516477,0.09255330942985773,0.12675812744602838,0.15101020074548377,0.16863412479490444
SSP585,Interactive,AFE,Country resampling,1,IE,2060,0.06116462400875289,-0.16084989851178755,-0.08866748370214358,-0.04283259008391997,0.013556524521933094,0.05402943570051,0.09611202181304582,0.13305609460421097,0.1583596493499638,0.17489399510211812
SSP585,Interactive,AFE,Country resampling,1,IE,2061,0.06278235526594855,-0.17227724592911156,-0.09584916499267662,-0.046681621098291146,0.012892425403785157,0.05544174120571366,0.09842432399943365,0.13724449458470273,0.16454504078652793,0.18140096210728862
SSP585,Interactive,AFE,Country resampling,1,IE,2062,0.06533345981348193,-0.18337831671276203,-0.1026362337586595,-0.04932071439512315,0.01276702274512903,0.05713103984710616,0.10274599725233424,0.14353221273426625,0.171618524409253,0.19033262572410217
SSP585,Interactive,AFE,Country resampling,1,IE,2063,0.06788521862022168,-0.19669472478256017,-0.10865962791889991,-0.05234515370595312,0.012561114679416424,0.05913903785689617,0.10656789368610747,0.14850255515219962,0.17790642917085783,0.20009262529844074
SSP585,Interactive,AFE,Country resampling,1,IE,2064,0.07043333630958282,-0.21088401397685963,-0.11715496116623791,-0.055416061379305985,0.012419125094278505,0.06051554060513353,0.10988841949516492,0.15287466933317828,0.18520095805963938,0.20893102073115083
SSP585,Interactive,AFE,Country resampling,1,IE,2065,0.0729735139767912,-0.22591566422312623,-0.12275617003098577,-0.0585592312367486,0.011887191037828676,0.06215657211780662,0.11265302394766111,0.157527083303117,0.19373996659639184,0.21704978483546333
SSP585,Interactive,AFE,Country resampling,1,IE,2066,0.07436499320496626,-0.2421804630602905,-0.13136630800157567,-0.06353095802112296,0.011351015083846033,0.06220281848427839,0.11436435664924316,0.16136068467244907,0.2008415245401453,0.22537553795204585
SSP585,Interactive,AFE,Country resampling,1,IE,2067,0.07682186900201482,-0.2650605486232053,-0.13925823525928016,-0.0675090209181675,0.010074852600409273,0.06377074299278868,0.11770195124830404,0.16672661822699816,0.20991619493875813,0.2340701530798616
SSP585,Interactive,AFE,Country resampling,1,IE,2068,0.0792585905808858,-0.2840788507435955,-0.14643607638284975,-0.07207127507100361,0.009685779267683048,0.06464619028675839,0.12139454202125391,0.1737151006746284,0.21707847278363687,0.24168869840762106
SSP585,Interactive,AFE,Country resampling,1,IE,2069,0.08167125308888146,-0.30428967800831497,-0.15333641456551975,-0.07598042276424377,0.009286407018680026,0.06546291710474167,0.12444160020603923,0.1783117808663176,0.22399481926222514,0.25024847482820134
SSP585,Interactive,AFE,Country resampling,1,IE,2070,0.08405601265706164,-0.3258776058884191,-0.16199147790217308,-0.08086415915070662,0.008866938529809965,0.06642897675192894,0.1273987543250036,0.18348583252315348,0.22942734502013012,0.2609280822438329
SSP585,Interactive,AFE,Country resampling,1,IE,2071,0.08517757128523529,-0.35553858238022173,-0.17706246435270362,-0.08636354044639283,0.0070764884513879744,0.06628021841474663,0.1294526208060976,0.1878193689162863,0.23372189854158612,0.2689847011314935
SSP585,Interactive,AFE,Country resampling,1,IE,2072,0.08745301873178624,-0.38048960020548683,-0.18890477661254929,-0.09689725133206488,0.004586513488996302,0.06732406288027148,0.13280217050393547,0.19333510822333055,0.24224238208521803,0.2788818341314823
SSP585,Interactive,AFE,Country resampling,1,IE,2073,0.0896912485393,-0.40538109207444895,-0.2016098498799292,-0.10465383396898788,0.003496404972911149,0.06899439738169821,0.13542841959245847,0.19788580141235296,0.2506881410482331,0.2898959488180862
SSP585,Interactive,AFE,Country resampling,1,IE,2074,0.09188903631102951,-0.4319039224053756,-0.21426012795700494,-0.11030878506632226,0.0017945447163142114,0.07003124922005,0.13768814807410953,0.20351161278643104,0.25696342698365215,0.2992394471401324
SSP585,Interactive,AFE,Country resampling,1,IE,2075,0.09404326407725105,-0.46619846535338477,-0.2274137071807233,-0.11909714823616332,9.302290606136854e-4,0.070871667207061,0.14030583686997014,0.21009976376194095,0.2641887701080041,0.30980992275011926
SSP585,Interactive,AFE,Country resampling,1,IE,2076,0.09489189345147742,-0.5003923090767419,-0.2375946512344114,-0.12635801554672393,-4.8630834041976656e-4,0.0704913536980506,0.14170554434517177,0.216004435711039,0.2722358086239418,0.32177024904629836
SSP585,Interactive,AFE,Country resampling,1,IE,2077,0.09692424958569146,-0.5330872947159832,-0.25025737769168144,-0.13330563343425442,-0.0021401383120357997,0.07112163552115325,0.1436640640373718,0.22273701832124568,0.28118396410506213,0.3356119035964461
SSP585,Interactive,AFE,Country resampling,1,IE,2078,0.09890696487732631,-0.5648465589661088,-0.2661209086410982,-0.14101131214186877,-0.005312423998369509,0.07212299262291183,0.14678164131901392,0.23014721482882744,0.29270341455160853,0.3459498369825011
SSP585,Interactive,AFE,Country resampling,1,IE,2079,0.10083761895084031,-0.6056231274253738,-0.2792907441852764,-0.1535192993551345,-0.007831450548007463,0.07276822713872366,0.15005148534690443,0.23695786513296824,0.29806632929164983,0.355949525701377
SSP585,Interactive,AFE,Country resampling,1,IE,2080,0.10271391855734835,-0.6458952455450222,-0.30295638637695743,-0.16192562458375387,-0.010953573228210528,0.07344175162509159,0.15302272873336883,0.24282716855617462,0.30507811264353907,0.36598140942132756
SSP585,Interactive,AFE,Country resampling,1,IE,2081,0.1033278371284061,-0.7009333149832789,-0.3216051644955128,-0.1726559948580977,-0.01300838835700216,0.072610572199034,0.15448782396672855,0.24703023357850545,0.3144302429487798,0.37494261549208824
SSP585,Interactive,AFE,Country resampling,1,IE,2082,0.10508235349598571,-0.7465282950565626,-0.3459481026192869,-0.18171757756608556,-0.01689280855518918,0.0728991557179568,0.15573895123682638,0.25464397338345757,0.32508228176783144,0.3843636407427572
SSP585,Interactive,AFE,Country resampling,1,IE,2083,0.10677971138646947,-0.7933427235999573,-0.37727360148724254,-0.1947278076340972,-0.0197182866052725,0.07309120514203121,0.15859633408637674,0.2596995243733788,0.3376669280706724,0.39880491802032947
SSP585,Interactive,AFE,Country resampling,1,IE,2084,0.108418310584521,-0.8433052214996949,-0.4126415852611077,-0.20469080434852388,-0.02350801128224997,0.07337542913260292,0.16204774995335308,0.26587582613939303,0.34982198953197113,0.41396327881240363
SSP585,Interactive,AFE,Country resampling,1,IE,2085,0.10999667743881592,-0.8966693515415092,-0.4488189917568379,-0.22341117603591026,-0.027785815093990862,0.07294464226355596,0.1632835229203221,0.2700159407421998,0.3583283089949795,0.42878050721487815
SSP585,Interactive,AFE,Country resampling,1,IE,2086,0.11045155731378264,-0.9665658620361504,-0.47559007076315507,-0.24121353130915898,-0.030870712935208877,0.07196844901111704,0.1644205842605098,0.2723734742932181,0.37062138348841117,0.4426922512170042
SSP585,Interactive,AFE,Country resampling,1,IE,2087,0.11191620034750094,-1.0284688813543368,-0.49621207731876926,-0.2506595129496241,-0.03352058692970669,0.07091078741629098,0.16607293361610725,0.2771353053035696,0.3807095188597104,0.45826621500610076
SSP585,Interactive,AFE,Country resampling,1,IE,2088,0.11332052049061536,-1.0947451390408776,-0.5319939134477264,-0.2619253594337144,-0.03686311642868137,0.07053043750894361,0.16744826739389207,0.28451588556511465,0.392677643010668,0.4672171875045787
SSP585,Interactive,AFE,Country resampling,1,IE,2089,0.11466365074603713,-1.1657660406543937,-0.5785210417008292,-0.28460964648111875,-0.04358470639555581,0.07057319890987118,0.16839733606995616,0.29171380277879266,0.4048757701125919,0.4753418112604672
SSP585,Interactive,AFE,Country resampling,1,IE,2090,0.11594483391253263,-1.2419400765029418,-0.6203799068382181,-0.30204214977941723,-0.04892383070732648,0.06880307492160254,0.17084283148411103,0.29479442903129127,0.4167940765230626,0.4997734163252625
SSP585,Interactive,AFE,Country resampling,1,IE,2091,0.11635959066749724,-1.338876188173109,-0.6597353445248472,-0.3256099404943791,-0.052317192636673615,0.06784799525956153,0.17252944251207927,0.29746965585191726,0.425077417616526,0.5099142261223149
SSP585,Interactive,AFE,Country resampling,1,IE,2092,0.11755077641846312,-1.4276206873021295,-0.7007544617617907,-0.35173557306412284,-0.05846623641955012,0.06586919399521118,0.17532761010391956,0.3022929266245759,0.43637330063367097,0.5334348049881171
SSP585,Interactive,AFE,Country resampling,1,IE,2093,0.11868225066854343,-1.5230503441232146,-0.7637886261889907,-0.36926936081726064,-0.0640546530394363,0.06588807193672297,0.17781711949292367,0.3088236009558864,0.4476348451535195,0.5541317861279783
SSP585,Interactive,AFE,Country resampling,1,IE,2094,0.11975372508269999,-1.6257702484506937,-0.8236211061577327,-0.38858117335535824,-0.07033483565602194,0.06335431312615103,0.178984654044496,0.31263903301116724,0.4594390611488622,0.5757508073382277
SSP585,Interactive,AFE,Country resampling,1,IE,2095,0.12076499458142675,-1.7364491046793522,-0.8886293578391976,-0.4302574243819048,-0.07726974496499528,0.062246565190873404,0.1798770158557835,0.32074826430099973,0.471079249318777,0.5934612205633487
SSP585,Interactive,AFE,Country resampling,1,IE,2096,0.12120269790012794,-1.8863409440041268,-0.9525422793738209,-0.4521841037291138,-0.08397783958536226,0.06118730166611347,0.18270600654076813,0.3208460357657339,0.4796077963831367,0.610631454824206
SSP585,Interactive,AFE,Country resampling,1,IE,2097,0.12214887087189141,-2.1335771333970035,-1.0282754626252155,-0.4869221340740093,-0.08962567918973766,0.06028628950229553,0.18392555738188324,0.33031318239020563,0.49500518485237477,0.6278702110992259
SSP585,Interactive,AFE,Country resampling,1,IE,2098,0.1230388477290838,-2.383305197233944,-1.120758021211874,-0.5158996703881475,-0.09535789263539515,0.05886699978297644,0.18497262128925576,0.3379112581840283,0.5035667188078795,0.645459325925333
SSP585,Interactive,AFE,Country resampling,1,IE,2099,0.12387272496916846,-2.579309404270278,-1.222025028103926,-0.548870724624394,-0.1037175016387242,0.05726472516924236,0.18685577833718775,0.34743568418841486,0.5157751472951088,0.6647012937826092
SSP585,Interactive,AFE,Country resampling,1,IE,2100,0.12465064938581283,-2.7929079932591168,-1.3447395167392042,-0.5833224224204347,-0.11177351041458233,0.056234651824630055,0.18796790060892865,0.35310380192395374,0.5281428317865586,0.6845822281119454
SSP585,Interactive,AFE,Country resampling,2,All,2021,-2.283323351759403e-5,-2.7613992388649536e-4,-2.483355447675806e-4,-1.9270906306240176e-4,-1.1089210327033805e-4,-2.6339622667181928e-5,6.189241361398423e-5,1.5607099014298688e-4,2.2100419288499906e-4,2.600947981646784e-4
SSP585,Interactive,AFE,Country resampling,2,All,2022,-1.0879560608723082e-4,-8.587574053506908e-4,-7.744607594667829e-4,-6.21737234264641e-4,-3.880314928573769e-4,-1.1943325775121139e-4,1.6898390197123137e-4,4.309799206755117e-4,5.615372146562601e-4,7.256232886053204e-4
SSP585,Interactive,AFE,Country resampling,2,All,2023,-2.2702425935772208e-4,-0.0018700920022190288,-0.0016683567455027968,-0.0013343458671253748,-8.205064698282027e-4,-2.3972498468760595e-4,3.9360914939262637e-4,9.158111511147429e-4,0.0012013080556799282,0.0015521146929776907
SSP585,Interactive,AFE,Country resampling,2,All,2024,-3.8136239024577634e-4,-0.003348045174028058,-0.0028303483739005155,-0.002307771757263377,-0.0014188804819609269,-3.859150562315894e-4,7.059824397718795e-4,0.001664826164774658,0.002163808106817421,0.002672764117253334
SSP585,Interactive,AFE,Country resampling,2,All,2025,-5.756647116520464e-4,-0.0051893151735240145,-0.004420455019087932,-0.00358204088146834,-0.0021789409905434987,-5.774063362458115e-4,0.0011669194041655784,0.0026076686027023846,0.0033966087282947697,0.0042745844202247574
SSP585,Interactive,AFE,Country resampling,2,All,2026,-8.559972965639373e-4,-0.007669637081979253,-0.006427257783073026,-0.005215592910028333,-0.0031707320606802203,-8.380654390335307e-4,0.0016393114130424102,0.0038471401721857706,0.004876593274338858,0.006120525009483272
SSP585,Interactive,AFE,Country resampling,2,All,2027,-0.0011546691680186516,-0.01041243341711367,-0.008914978113329669,-0.007134814526185129,-0.004256598731420758,-0.0011361673513918813,0.002290975424846853,0.005280073940814378,0.006718752930037339,0.008555522406487598
SSP585,Interactive,AFE,Country resampling,2,All,2028,-0.0015064751132123355,-0.013568742150916436,-0.011622176963501329,-0.009346236112204143,-0.005577829214194419,-0.0015285352196501845,0.00306434200191269,0.006855125058392298,0.008772999653562945,0.011265356897468054
SSP585,Interactive,AFE,Country resampling,2,All,2029,-0.0019152187563192813,-0.01732685868942772,-0.01480727543206714,-0.011881468614940839,-0.007119348971583284,-0.0019728174366446805,0.003927999918203751,0.00873045949003004,0.01121661283871762,0.014351508949532576
SSP585,Interactive,AFE,Country resampling,2,All,2030,-0.002384684282001226,-0.021597843506006076,-0.018193041317436518,-0.014722840279326865,-0.008855825070960333,-0.0024743414340938075,0.004998733545399259,0.010855220462046143,0.014149113701321499,0.01786587619528627
SSP585,Interactive,AFE,Country resampling,2,All,2031,-0.002999565287811201,-0.026242791189114253,-0.022342011228757307,-0.01797119846379933,-0.010856356361448716,-0.002770280019943061,0.006018752202422151,0.013179973035000115,0.01735135395826214,0.02170290985155414
SSP585,Interactive,AFE,Country resampling,2,All,2032,-0.0036119959214248043,-0.03121004991792133,-0.02666298099456833,-0.021499009837992022,-0.01303587338153811,-0.003349177768158018,0.007183518490519458,0.015997775116155123,0.02073067571787167,0.025973345857080048
SSP585,Interactive,AFE,Country resampling,2,All,2033,-0.004296018480253405,-0.03659010446986822,-0.031397652291113576,-0.025332339165090357,-0.015252293087425844,-0.004000419366882835,0.008496046884255593,0.018911724132542985,0.024274732544598287,0.030645964608111538
SSP585,Interactive,AFE,Country resampling,2,All,2034,-0.005055151447414863,-0.042374052194236275,-0.03661648412181491,-0.02955338834902278,-0.01781765738399435,-0.00472958029637055,0.009721859663853583,0.02196311927737447,0.02812786554793034,0.035715348895124024
SSP585,Interactive,AFE,Country resampling,2,All,2035,-0.0058928795178391224,-0.048549669063741745,-0.04208411125368714,-0.0341152762405411,-0.020530021643103857,-0.005354492131014299,0.011160946094962432,0.025334033511043314,0.03244026633263923,0.041364113277545
SSP585,Interactive,AFE,Country resampling,2,All,2036,-0.006930743969047137,-0.05535125883071671,-0.04809338707504807,-0.03910464697280744,-0.023590834523537663,-0.006194501012573628,0.01270454046035574,0.02902139787605562,0.03686919946071673,0.04771351459793782
SSP585,Interactive,AFE,Country resampling,2,All,2037,-0.007940750795684126,-0.06227355259271788,-0.054346313568461556,-0.044259918898739925,-0.026614842584322812,-0.006963509843034454,0.014233338856810107,0.03282228166463781,0.041845139792225636,0.054399727654338564
SSP585,Interactive,AFE,Country resampling,2,All,2038,-0.009037750353850793,-0.06949529108830585,-0.060991570827332864,-0.04981749843661258,-0.030017919757344497,-0.007906901755335538,0.015764766548720388,0.036652421447052747,0.047238373988915845,0.061454286235427515
SSP585,Interactive,AFE,Country resampling,2,All,2039,-0.010224851291842363,-0.0767218899265492,-0.0681018096857291,-0.05563338311060415,-0.033491178851618564,-0.00888254784524839,0.017299709717190748,0.0410318785767486,0.05298398191328874,0.0689891190333083
SSP585,Interactive,AFE,Country resampling,2,All,2040,-0.011505117408748822,-0.08501701634449252,-0.07529748133078128,-0.061631893812729745,-0.037309419068577904,-0.009756077721918444,0.019019121072721523,0.04572918076701596,0.05882289787784338,0.07701591383196447
SSP585,Interactive,AFE,Country resampling,2,All,2041,-0.012991365012482659,-0.09375107645315914,-0.08323682567746388,-0.06811462389306856,-0.04137467491776667,-0.011121206648638027,0.020579055343605768,0.0503253865127999,0.06488766061728694,0.08532301906416223
SSP585,Interactive,AFE,Country resampling,2,All,2042,-0.01445863177281359,-0.10270532177899185,-0.0908809682004577,-0.07485150112775071,-0.045531522564087684,-0.012557434577399607,0.022422857747875558,0.05549435642709837,0.07150714236764336,0.09434807738836344
SSP585,Interactive,AFE,Country resampling,2,All,2043,-0.016024632105669956,-0.11183549844801494,-0.09875245593926239,-0.0819309390251544,-0.04985452514434621,-0.013927222511568471,0.024403330178669747,0.06066944001631194,0.07846472492470258,0.10389945112102357
SSP585,Interactive,AFE,Country resampling,2,All,2044,-0.01769198442891695,-0.12147873774299492,-0.10708388697196472,-0.0891368065766644,-0.054311165448886506,-0.015261010027880773,0.026531616968128502,0.06601365294961066,0.08576491514611399,0.11399150443552243
SSP585,Interactive,AFE,Country resampling,2,All,2045,-0.01946325307159469,-0.13145714259107869,-0.11574997375840898,-0.09653646808843758,-0.05884528818031168,-0.01649915334889912,0.028736203521683934,0.07154237832652989,0.09340397497586025,0.12437294741425636
SSP585,Interactive,AFE,Country resampling,2,All,2046,-0.02136314263724337,-0.14173793260805123,-0.12461340137158061,-0.10440728895704551,-0.06356468171686158,-0.017793094400970932,0.0309854049218109,0.07750557976923926,0.10123711240886396,0.13494605925023817
SSP585,Interactive,AFE,Country resampling,2,All,2047,-0.023322120037516658,-0.15226384649022448,-0.13380921363779263,-0.11244609001361075,-0.0687004426744234,-0.019325623204242526,0.03370425993437409,0.08386435763450706,0.10956052676235532,0.14593454532427858
SSP585,Interactive,AFE,Country resampling,2,All,2048,-0.02538771231516912,-0.1632163064387682,-0.14325045320992025,-0.12076266462772259,-0.07395252445524331,-0.021083288481680063,0.037037875911847595,0.09070941867574933,0.11840596500064925,0.15736928681206544
SSP585,Interactive,AFE,Country resampling,2,All,2049,-0.027562019097949975,-0.17439646553185686,-0.15292617660888383,-0.12924521894573365,-0.07908470689358435,-0.022839077095658855,0.03968237661608526,0.09775552958823258,0.1275890248776454,0.16927198612310226
SSP585,Interactive,AFE,Country resampling,2,All,2050,-0.0298470802166253,-0.18584565431597225,-0.16281341822608475,-0.13802625433014376,-0.08490158182100707,-0.02457207394934824,0.04217973197087288,0.10511028876147904,0.1371210695648412,0.18165163743304066
SSP585,Interactive,AFE,Country resampling,2,All,2051,-0.03207492659455602,-0.19719467981961417,-0.17278566244028634,-0.14693134224590285,-0.09038418512538829,-0.02628570931100771,0.044837358073887945,0.11242195216023843,0.14708757325030472,0.19511243566862171
SSP585,Interactive,AFE,Country resampling,2,All,2052,-0.034529304863922694,-0.20906578761479694,-0.18277862947158993,-0.1563545616660407,-0.09597148658755675,-0.028303784202176885,0.04818078399760756,0.12001497578834054,0.1583600429276973,0.20864959967553168
SSP585,Interactive,AFE,Country resampling,2,All,2053,-0.03709346877940789,-0.22115775600182105,-0.1935055296000411,-0.16570440523937624,-0.10235858691419442,-0.030453071704838686,0.051365234894545864,0.12741159892329826,0.16912409657524724,0.22271207674968171
SSP585,Interactive,AFE,Country resampling,2,All,2054,-0.039768916839355795,-0.23345298774546258,-0.2043421428185444,-0.17529744395309377,-0.10874789574537816,-0.032245302053876435,0.05442426066208811,0.1362042648959454,0.18038754128022644,0.23809137179610168
SSP585,Interactive,AFE,Country resampling,2,All,2055,-0.042557082108183875,-0.2459278939849971,-0.21534130250145342,-0.18526827105222743,-0.11512414587148018,-0.03439548139069998,0.05740574882380767,0.14435105792740222,0.19408692939842867,0.2553577428533546
SSP585,Interactive,AFE,Country resampling,2,All,2056,-0.04502624312289283,-0.257844850263663,-0.2259790413317837,-0.19479833073420338,-0.1209570152078483,-0.03625282240055555,0.06103082531287357,0.1539002182026237,0.2065220224547622,0.27204812114124444
SSP585,Interactive,AFE,Country resampling,2,All,2057,-0.04795829273850771,-0.2705586240322024,-0.2372090997148177,-0.20466278197517127,-0.12771052548159775,-0.038482961257385595,0.06438955132040014,0.1627235084174072,0.22073721241645933,0.2888702637063074
SSP585,Interactive,AFE,Country resampling,2,All,2058,-0.05099890540967389,-0.28341211873365596,-0.2487772050874312,-0.2151570463317919,-0.13461564072872856,-0.04092267647834985,0.06820999599901267,0.17182053716963833,0.2346974990865984,0.3063289411385403
SSP585,Interactive,AFE,Country resampling,2,All,2059,-0.054148913125588116,-0.2963905312088219,-0.26046677201745994,-0.22580480710356193,-0.14201709096134596,-0.043496482064965314,0.07223241554446641,0.1814393113423124,0.2484400044844064,0.32513158653415786
SSP585,Interactive,AFE,Country resampling,2,All,2060,-0.05740907704066556,-0.30931260585412707,-0.27181428473248836,-0.2365933051841077,-0.14946564334087212,-0.04605993470622577,0.0764890859313277,0.1913260641021963,0.2626189699128922,0.3453273313364885
SSP585,Interactive,AFE,Country resampling,2,All,2061,-0.060008756253625006,-0.32150075216065194,-0.28256710499999677,-0.2461003339077849,-0.15510078478547906,-0.04740793122931258,0.08091476852272539,0.2030124984579132,0.278206453104334,0.3659754718949313
SSP585,Interactive,AFE,Country resampling,2,All,2062,-0.06337384263459567,-0.3343321941364782,-0.29451832865444827,-0.2570142705645681,-0.1626781024847528,-0.04987140810398816,0.0856524508706758,0.2138541506947896,0.29548148225657384,0.38794053354937397
SSP585,Interactive,AFE,Country resampling,2,All,2063,-0.06684164317604546,-0.3476394630797479,-0.30700414933759773,-0.2679868458542696,-0.1698047125251109,-0.05252375566481282,0.09103113845807415,0.2259332460691707,0.31426808602798617,0.41173015445402933
SSP585,Interactive,AFE,Country resampling,2,All,2064,-0.07041230961342515,-0.36112133970437255,-0.31956391528002714,-0.2783749631570333,-0.17752156785245807,-0.05482048916950283,0.09635391166244767,0.23794061492533095,0.3323315737557685,0.4377077044564644
SSP585,Interactive,AFE,Country resampling,2,All,2065,-0.074085922749899,-0.37442124343232486,-0.3321951870573277,-0.2895753615782579,-0.18523418811078116,-0.05707849343574206,0.10080087358361911,0.25049904482282975,0.3503079727087521,0.46503003660387404
SSP585,Interactive,AFE,Country resampling,2,All,2066,-0.07680231666397963,-0.38628949188744743,-0.3438729403703539,-0.2995859502670447,-0.19162866051716726,-0.05824664692228765,0.10722615310288813,0.2662979121768197,0.3699351737114921,0.49119318616193225
SSP585,Interactive,AFE,Country resampling,2,All,2067,-0.08056194280303419,-0.39950607507765024,-0.3565586450584298,-0.310866454280029,-0.19891422689604746,-0.0598797384653188,0.11195594756376087,0.2802807221434061,0.3912820024656028,0.5211785936912368
SSP585,Interactive,AFE,Country resampling,2,All,2068,-0.0844163184484833,-0.41271232267559715,-0.36876969148834243,-0.322099283334066,-0.20585801308329504,-0.06176264496494782,0.11818129611137645,0.29457822625765995,0.41247914339639,0.5527590321293953
SSP585,Interactive,AFE,Country resampling,2,All,2069,-0.08836501120529883,-0.42589555908249677,-0.38092772755128945,-0.3333767483429956,-0.2138415375565428,-0.06372009685384655,0.12326943947117319,0.30946895408801656,0.4330297339557919,0.5827577871235898
SSP585,Interactive,AFE,Country resampling,2,All,2070,-0.09240752236745509,-0.4390434311076963,-0.3930900629098227,-0.3446535560041555,-0.22177748166889005,-0.06548268860051626,0.12833599865157863,0.3249844107709706,0.4563116171766041,0.612363137992175
SSP585,Interactive,AFE,Country resampling,2,All,2071,-0.09515579526080953,-0.4504324436278854,-0.4049036469164368,-0.35511435821948323,-0.22902927818830995,-0.06666100752320708,0.13712111500946006,0.3410073474813038,0.47936225129480203,0.6471917546958283
SSP585,Interactive,AFE,Country resampling,2,All,2072,-0.0992667516569622,-0.46337693903920185,-0.417045743336232,-0.36638209160960555,-0.23693476797603288,-0.06935053203082997,0.14297433991876368,0.35707699015637856,0.5044983254777705,0.6797395238591146
SSP585,Interactive,AFE,Country resampling,2,All,2073,-0.10346321858205565,-0.47624950645703307,-0.42916230395855726,-0.37738490804344366,-0.24443117281447305,-0.07249223889076173,0.1489016814775625,0.376016786256559,0.5306908709456153,0.7135507078492248
SSP585,Interactive,AFE,Country resampling,2,All,2074,-0.10774430101469223,-0.4890395108745555,-0.44124378516295115,-0.3888187834388501,-0.25190849161607115,-0.07488242827833169,0.1550213911818621,0.3928286702956269,0.5579870270265392,0.7486681195188745
SSP585,Interactive,AFE,Country resampling,2,All,2075,-0.11210904589929693,-0.501736719288345,-0.45328089992196147,-0.4003827135712866,-0.2593710057258515,-0.07750916810768571,0.1628422613970636,0.41074355157570075,0.5864366769478879,0.79826678383119265
SSP585,Interactive,AFE,Country resampling,2,All,2076,-0.11478650947620928,-0.5124298688335618,-0.4648455346656114,-0.4106867460135492,-0.26587681429634524,-0.0783313333965231,0.17260730410367192,0.4321681151825156,0.6141302824770468,0.8434657733812018
SSP585,Interactive,AFE,Country resampling,2,All,2077,-0.11920603320528878,-0.5248598622165486,-0.47676721837759933,-0.42088373233021104,-0.2734299759522111,-0.08098003245431584,0.17975856567927762,0.45453174142914377,0.6448469862516313,0.8838186637832831
SSP585,Interactive,AFE,Country resampling,2,All,2078,-0.12370127184377888,-0.5371693116605802,-0.4886173603176229,-0.43219069015191364,-0.2804751589730806,-0.08379892481523404,0.18749346696602331,0.4765043044913977,0.6752648866943256,0.9259449997316295
SSP585,Interactive,AFE,Country resampling,2,All,2079,-0.12827097332670767,-0.5493498040484778,-0.500286079627041,-0.4434711669623484,-0.28833085613796017,-0.0863529665928085,0.1957941512919842,0.49733976674128505,0.7101794253000138,0.9801215640906062
SSP585,Interactive,AFE,Country resampling,2,All,2080,-0.1329138371104166,-0.5613933610354501,-0.5118490180939775,-0.4542987924043561,-0.2952151340614336,-0.08921933990073516,0.20399023322240667,0.5186922958198907,0.7459494028954381,1.0372567650809192
SSP585,Interactive,AFE,Country resampling,2,All,2081,-0.13542066896188798,-0.5712236358518687,-0.5224359466669586,-0.46315611097737164,-0.30104104396355763,-0.08862772518052886,0.2176955366752915,0.544211092123022,0.7794136887298467,1.0873283045035327
SSP585,Interactive,AFE,Country resampling,2,All,2082,-0.14008551459205798,-0.5829260545251537,-0.5318694225991696,-0.47380409568652354,-0.30827873671173867,-0.0911375251356682,0.22668051663641337,0.5666985954169155,0.8172622443580272,1.140310689199334
SSP585,Interactive,AFE,Country resampling,2,All,2083,-0.14481509707643414,-0.5944713267628963,-0.5423973468672275,-0.4842969835608738,-0.3163887463807748,-0.09258323456185868,0.23538324268634042,0.5911342416241897,0.8567672191182475,1.1944087642473096
SSP585,Interactive,AFE,Country resampling,2,All,2084,-0.14960789962666743,-0.6058533261826289,-0.5536811107392374,-0.4940374043958855,-0.32443423868019916,-0.09517916770143109,0.24424759981245048,0.6172892424914492,0.8995733902318068,1.2508408633908068
SSP585,Interactive,AFE,Country resampling,2,All,2085,-0.15446236746911857,-0.6170663590000462,-0.5648045835785637,-0.5043945785730506,-0.33186657213947246,-0.09645747976869817,0.2553015189166344,0.6465205349317608,0.9423191381800307,1.313028700937653
SSP585,Interactive,AFE,Country resampling,2,All,2086,-0.15680608678332875,-0.6260045351589582,-0.5730891213175658,-0.5131909556974086,-0.33789387647604907,-0.0944620685628213,0.2690405591689059,0.6798129324433799,0.9837961902538489,1.3801089131887436
SSP585,Interactive,AFE,Country resampling,2,All,2087,-0.16166189032915956,-0.6368328209339589,-0.5838662635225894,-0.5231521728799148,-0.3462660508811952,-0.09437135405990704,0.2780493256745135,0.7122676702228015,1.0298212015253263,1.4461721985682148
SSP585,Interactive,AFE,Country resampling,2,All,2088,-0.16657127596186516,-0.6474484115172088,-0.5944975483579069,-0.5330197094896083,-0.3531684054755968,-0.09365708344139201,0.2887904491585064,0.7436830917041851,1.078574919587612,1.523256019931066
SSP585,Interactive,AFE,Country resampling,2,All,2089,-0.17153255314982807,-0.657978350100443,-0.6048286824519763,-0.5426854806616948,-0.36169949672678736,-0.09467598327874477,0.2990023179364082,0.7753162644573253,1.1295328404780942,1.5951406529055976
SSP585,Interactive,AFE,Country resampling,2,All,2090,-0.1765440035286654,-0.668133698660066,-0.615415915100726,-0.5518351400891905,-0.3693593939216506,-0.09537483614556358,0.31035228108226653,0.8092938777965599,1.1828128607229098,1.6702456595172375
SSP585,Interactive,AFE,Country resampling,2,All,2091,-0.1786671249779731,-0.6761595454459368,-0.6229316961214197,-0.5581380554714884,-0.37400289481308646,-0.09219530442924806,0.3280608874045132,0.8522483995647412,1.2484135662842863,1.7489558028368768
SSP585,Interactive,AFE,Country resampling,2,All,2092,-0.18366525731586136,-0.6860392387679893,-0.6329684246900198,-0.5679434551812644,-0.38161774728759545,-0.09232518669105516,0.34320456516783115,0.8881444660306168,1.3022812167125555,1.8310281429307074
SSP585,Interactive,AFE,Country resampling,2,All,2093,-0.18870618014996365,-0.6957227778370173,-0.642811353516232,-0.5776084482700444,-0.3895302732539906,-0.0928570377399961,0.3588895451408589,0.9281784720580932,1.3574703147140852,1.9168453224854696
SSP585,Interactive,AFE,Country resampling,2,All,2094,-0.19378810948408753,-0.7052081401550422,-0.6525456266715404,-0.5873806374840465,-0.3970331850743456,-0.09436937964476771,0.377775588097257,0.9776920333638567,1.416414782616558,2.0066028587386553
SSP585,Interactive,AFE,Country resampling,2,All,2095,-0.19890924274941046,-0.7144936589547551,-0.6620590224553381,-0.5972160644410848,-0.4034378841483762,-0.09359321852988939,0.3959008579342512,1.0202086235523586,1.4834050956478044,2.114524214536129
SSP585,Interactive,AFE,Country resampling,2,All,2096,-0.20069146877983057,-0.7215655961906488,-0.6699063093738017,-0.6038073930091128,-0.40803773981795677,-0.09083644028591586,0.41625664606132473,1.0684256084297743,1.5443651245775833,2.224042561901259
SSP585,Interactive,AFE,Country resampling,2,All,2097,-0.20575488059659042,-0.7304362926319384,-0.6786768468116788,-0.6130100875203139,-0.41534105900441204,-0.09026784649790298,0.4315755358829474,1.1138500419389528,1.6272563582294866,2.3492637798429943
SSP585,Interactive,AFE,Country resampling,2,All,2098,-0.21084978941708488,-0.7390925528441551,-0.6871739974997468,-0.6227654721302508,-0.42215113267328863,-0.09043220839412064,0.44621441978915627,1.1710237536929453,1.7115112716711873,2.485368831739583
SSP585,Interactive,AFE,Country resampling,2,All,2099,-0.21597439083408554,-0.7475421852249965,-0.6955333700580565,-0.6323989161252401,-0.4292587068813588,-0.09177421176475725,0.46357129864256624,1.2321787949778122,1.8136744096791069,2.632275742464214
SSP585,Interactive,AFE,Country resampling,2,All,2100,-0.22112687046902446,-0.7557905344391173,-0.7039762164196515,-0.641017071538269,-0.4368997701518181,-0.0929844443521477,0.48261537315821174,1.292244295018482,1.9127721551804122,2.7620453925450206
SSP585,Interactive,AFE,Country resampling,2,Dir,2021,-9.381429901234029e-5,-3.7477968385901396e-4,-3.3497819038437183e-4,-2.82885768614427e-4,-1.8875688681560532e-4,-8.796798964588737e-5,1.5486791267504962e-5,1.3315369153183988e-4,2.1010407708550448e-4,2.808827715454598e-4
SSP585,Interactive,AFE,Country resampling,2,Dir,2022,-2.9811338614182947e-4,-0.0011905584698216481,-0.001050958189397555,-9.040217971706843e-4,-5.947051642818668e-4,-2.828959925669783e-4,3.78466312108694e-5,3.692480633375573e-4,6.083801051137927e-4,7.564644760288451e-4
SSP585,Interactive,AFE,Country resampling,2,Dir,2023,-4.7128961983777806e-4,-0.002566730557861885,-0.0022253394564595904,-0.0018088705412764858,-0.0011887180337826486,-4.43054539619292e-4,2.688414838801223e-4,9.898548286228828e-4,0.001373641254170676,0.0017746782958828694
SSP585,Interactive,AFE,Country resampling,2,Dir,2024,-6.215859800505763e-4,-0.004551408219781644,-0.0038264253941296235,-0.003104927423972914,-0.0019240836399028183,-5.620063035556289e-4,7.400100406053656e-4,0.0019566932329804668,0.002671533173672246,0.0032964359151419526
SSP585,Interactive,AFE,Country resampling,2,Dir,2025,-7.571708941864763e-4,-0.007110269930136112,-0.005887172874394953,-0.004722066430817451,-0.0028463057571261052,-6.673457346150768e-4,0.0014185700144874192,0.003298536272706576,0.004460882079430004,0.0054233518969035045
SSP585,Interactive,AFE,Country resampling,2,Dir,2026,-9.241175730061446e-4,-0.01017669176749032,-0.008412535984586116,-0.006697110019127283,-0.003976867179273119,-7.908147046549185e-4,0.0022662714876868217,0.004880244426772817,0.006741700810339345,0.008042341904605036
SSP585,Interactive,AFE,Country resampling,2,Dir,2027,-0.0010687001490651271,-0.013645253267936294,-0.011449329548137759,-0.009127351549179851,-0.005307464005784995,-8.769310549198717e-4,0.003385766357637654,0.006792746576818654,0.009539690098087649,0.010863102223093035
SSP585,Interactive,AFE,Country resampling,2,Dir,2028,-0.001225924257412081,-0.017807145837026906,-0.014817063509459133,-0.011882643522606573,-0.0068700617118565566,-0.0010430267801520565,0.0045827785809555155,0.009142063889011287,0.012566127728763627,0.014686842831757937
SSP585,Interactive,AFE,Country resampling,2,Dir,2029,-0.00140400378130201,-0.02233900505659956,-0.01879356238603077,-0.014988581992378413,-0.00857357690175084,-0.0011222301135266344,0.00591944818335477,0.011696539751837444,0.01622595687752413,0.018882267400169496
SSP585,Interactive,AFE,Country resampling,2,Dir,2030,-0.0016110426946180922,-0.027604770952475686,-0.02319924741443021,-0.018443450943247817,-0.010600397034992132,-0.001344467057917631,0.0073919190940170965,0.01475429100346011,0.020220520905681036,0.0236138466086034
SSP585,Interactive,AFE,Country resampling,2,Dir,2031,-0.0019075299606149398,-0.03351497573236654,-0.028077612088838293,-0.022357617073734706,-0.012801349017793784,-0.001579509417081737,0.009048787498116051,0.018154827890419292,0.024549889739609358,0.029016955595480485
SSP585,Interactive,AFE,Country resampling,2,Dir,2032,-0.002201890780810567,-0.039548800183360454,-0.03330200506068809,-0.02658359753154834,-0.01518902594838531,-0.0018250508067917393,0.010915521747220491,0.02178664621375915,0.02938913435906402,0.034734087503267425
SSP585,Interactive,AFE,Country resampling,2,Dir,2033,-0.0025485640456208714,-0.046666323593589985,-0.039011182814559675,-0.031210564045535114,-0.017700476429267975,-0.002087338973295272,0.012815874672190752,0.025809375765214592,0.03488311642433389,0.04109167690568674
SSP585,Interactive,AFE,Country resampling,2,Dir,2034,-0.0029551184999829783,-0.054027822761945024,-0.0452319895763602,-0.03620576930050705,-0.020564560125691023,-0.00236347768634787,0.014801325260101528,0.030142562892496408,0.0406191700310151,0.04793097905856648
SSP585,Interactive,AFE,Country resampling,2,Dir,2035,-0.00342898242233991,-0.061886612178620376,-0.05201329685339246,-0.04162666345520279,-0.023662272369737336,-0.0028589882473631367,0.016951387967195086,0.03487815327347065,0.04674791342242289,0.05473233300308059
SSP585,Interactive,AFE,Country resampling,2,Dir,2036,-0.0040243680644134194,-0.07028357336854495,-0.05944126831772998,-0.04738589182278701,-0.027003713839735016,-0.0033900686387779433,0.019370099982432387,0.03993667574759367,0.053094696512849045,0.06239213870415463
SSP585,Interactive,AFE,Country resampling,2,Dir,2037,-0.004644091974005948,-0.07917578952293174,-0.0665309948921704,-0.05350659226639649,-0.03058613793147813,-0.003935943161365585,0.0218158125485875,0.04510282972838056,0.06028237689283202,0.07089271391955218
SSP585,Interactive,AFE,Country resampling,2,Dir,2038,-0.005348811638010265,-0.08854925157926535,-0.07416816576358422,-0.06011639142319326,-0.034424566068318785,-0.00461603562474977,0.024557871417510035,0.05088269960075574,0.06850073920951388,0.08016450173351393
SSP585,Interactive,AFE,Country resampling,2,Dir,2039,-0.006144977898924209,-0.09839352571439783,-0.08263740700093633,-0.06683916722376568,-0.03850826931367851,-0.005048336569460077,0.02774373666456792,0.056985954023331994,0.0767180107666653,0.09004339953352576
SSP585,Interactive,AFE,Country resampling,2,Dir,2040,-0.007038857675214838,-0.10849575334747125,-0.09151402771400725,-0.07442291334381647,-0.042648899101114884,-0.005696705732411322,0.030946785169026658,0.06337239430776338,0.08534244485415217,0.10053990164075348
SSP585,Interactive,AFE,Country resampling,2,Dir,2041,-0.007975541087004046,-0.11911833609532788,-0.10067299555633413,-0.08140082303757776,-0.04711391160169362,-0.006741495580762313,0.03429697422919825,0.06986559195036157,0.0942753307826761,0.11161698544910084
SSP585,Interactive,AFE,Country resampling,2,Dir,2042,-0.00904059656061873,-0.12999227846378686,-0.1099904385782213,-0.08955107023180796,-0.05195622898269622,-0.00758318752344922,0.03741263361362124,0.0764504974198503,0.10437763618031218,0.12342061780835366
SSP585,Interactive,AFE,Country resampling,2,Dir,2043,-0.010213276376508484,-0.1412047449075248,-0.1195178902000838,-0.09782079690351392,-0.05680453366467572,-0.008560664062990608,0.041121677975423154,0.0837998185027305,0.11501909394264972,0.1358763263935913
SSP585,Interactive,AFE,Country resampling,2,Dir,2044,-0.011498478246904309,-0.15273374549274743,-0.12966704615616254,-0.10628217240667119,-0.06196854047215966,-0.009705605076038348,0.0445143937881432,0.09157638049537452,0.1259555924640137,0.1490011952503819
SSP585,Interactive,AFE,Country resampling,2,Dir,2045,-0.012900874366503001,-0.1645567030409594,-0.1403856523850667,-0.11517908485843824,-0.06709679184332501,-0.010929598530254714,0.048020608563578315,0.09997817153615389,0.13725516439337357,0.1633078145539087
SSP585,Interactive,AFE,Country resampling,2,Dir,2046,-0.014084788494935774,-0.17680743218261752,-0.15026452032915058,-0.12380170127819498,-0.07217598837851341,-0.011824424118067833,0.05201267462843956,0.10939980232157219,0.14924423100848463,0.17875527815574094
SSP585,Interactive,AFE,Country resampling,2,Dir,2047,-0.01564746775579806,-0.189184384926724,-0.16164517471622994,-0.1329590589847246,-0.07739554321012318,-0.012890984839190822,0.0559776042255849,0.11850641603544701,0.16177297754211156,0.19508436853799754
SSP585,Interactive,AFE,Country resampling,2,Dir,2048,-0.01732899483693906,-0.20237616268524541,-0.1715409935757438,-0.14277425449568185,-0.08344232568996751,-0.014045117087917613,0.060395417245373895,0.12768789170280453,0.17491516000746962,0.2124241342318529
SSP585,Interactive,AFE,Country resampling,2,Dir,2049,-0.01913250559605917,-0.21587302089274574,-0.18232626158587056,-0.15282478410494332,-0.08915634725595822,-0.015260161251463622,0.065155618474803,0.13696976119308857,0.18837867962712745,0.23083897100504208
SSP585,Interactive,AFE,Country resampling,2,Dir,2050,-0.021060885013982178,-0.22961330077675077,-0.19390831863412017,-0.16315089479708703,-0.09516946327986578,-0.016562285607130633,0.06972973731368104,0.14686626869394215,0.20223050603396356,0.2503872297809736
SSP585,Interactive,AFE,Country resampling,2,Dir,2051,-0.022251247730791346,-0.24249623676994508,-0.20498330407015394,-0.1730038493317501,-0.10070520423555782,-0.016322317360839445,0.07553047043302907,0.1586184556445317,0.2170237070473264,0.2717119916105813
SSP585,Interactive,AFE,Country resampling,2,Dir,2052,-0.02426618849535145,-0.2564994329216296,-0.2174984069324109,-0.1832867204248838,-0.10664375476871518,-0.017332879383056332,0.08090757917189184,0.17009016563462767,0.23312289196138306,0.29177693052673276
SSP585,Interactive,AFE,Country resampling,2,Dir,2053,-0.026395550813801627,-0.27067406753923134,-0.22996435559677383,-0.19403947948433067,-0.11322468224483925,-0.018412173956929623,0.08626962654871145,0.18174551211743947,0.250549178024835,0.31274159450523714
SSP585,Interactive,AFE,Country resampling,2,Dir,2054,-0.028640419774668247,-0.2851792512463395,-0.24286776365905985,-0.20451392765195472,-0.12025755194086893,-0.019112541080438195,0.091702614748156,0.19388892560160714,0.26891900123334533,0.3346708145615604
SSP585,Interactive,AFE,Country resampling,2,Dir,2055,-0.031001622212106006,-0.29969731035695185,-0.25594858285105165,-0.21579571497835337,-0.127383845559269,-0.020456265527204698,0.09824767544750429,0.20717738085794873,0.28796925468255696,0.3604709076418141
SSP585,Interactive,AFE,Country resampling,2,Dir,2056,-0.03192235421267897,-0.313222598049664,-0.2672240209545827,-0.2249867540390782,-0.13322121083499427,-0.020053464364820306,0.10630577815352349,0.22178552457266493,0.30787687838766303,0.3868775282349873
SSP585,Interactive,AFE,Country resampling,2,Dir,2057,-0.03426966274603693,-0.3271073137555089,-0.280353596255498,-0.23618795334254095,-0.13878105104013794,-0.021574982229171924,0.11280797736243059,0.2358527392543741,0.3271858439299849,0.4145138253784668
SSP585,Interactive,AFE,Country resampling,2,Dir,2058,-0.036712500985749186,-0.3413480397991196,-0.29358649406718673,-0.24717652176846,-0.14626756021506618,-0.02260313686383708,0.11899574898936494,0.2500904160171555,0.3472663450074532,0.44181511270436774
SSP585,Interactive,AFE,Country resampling,2,Dir,2059,-0.03924981958142415,-0.35628047017172204,-0.30690322585366475,-0.25735926368803275,-0.15295242301072726,-0.02400976607995875,0.1254567750035715,0.26593904125359397,0.3681438734371176,0.4703726347163168
SSP585,Interactive,AFE,Country resampling,2,Dir,2060,-0.04188031647766377,-0.3712389069982562,-0.3202844855673525,-0.2690262801956677,-0.16023311247686728,-0.025074935548191957,0.13312066806028255,0.2810500392479036,0.3898453913042335,0.500239687102504
SSP585,Interactive,AFE,Country resampling,2,Dir,2061,-0.04213474172243836,-0.3841288380575667,-0.33208709562123306,-0.2781746787823099,-0.165703566273975,-0.023689989157869074,0.14246606969025466,0.3030058794328362,0.4163297689780947,0.533314465698409
SSP585,Interactive,AFE,Country resampling,2,Dir,2062,-0.044613902263113236,-0.39852179584901215,-0.3457892209885642,-0.2893522891670722,-0.17238080508679504,-0.023065005283299744,0.15051703534587785,0.3200857829557351,0.4429165941494088,0.5663177274519942
SSP585,Interactive,AFE,Country resampling,2,Dir,2063,-0.047155946970721896,-0.4119766628697467,-0.35950214423152194,-0.29954935576111924,-0.17812318965912197,-0.02327024469058342,0.1600897798833641,0.3396153829394969,0.4709720834028816,0.6008494312313969
SSP585,Interactive,AFE,Country resampling,2,Dir,2064,-0.04975779749378384,-0.4253308331146307,-0.3722800898554129,-0.31120534958544777,-0.184071031871428,-0.024567977493015813,0.17348218909724133,0.3606952393709849,0.49977594409870396,0.6369805171445313
SSP585,Interactive,AFE,Country resampling,2,Dir,2065,-0.05241614395196326,-0.43865911081607967,-0.38579643504461053,-0.3233190309686522,-0.1903524487983589,-0.024648091835136943,0.18220506484149324,0.3820827137292375,0.5285027243994925,0.6747863631743407
SSP585,Interactive,AFE,Country resampling,2,Dir,2066,-0.05184821813190521,-0.45153502597328943,-0.396897477232333,-0.3323042068416753,-0.1943088840235708,-0.022251763041039152,0.19529426974537312,0.41156365619538515,0.5644249495852308,0.7176969127148807
SSP585,Interactive,AFE,Country resampling,2,Dir,2067,-0.05426492750226575,-0.4645707315946812,-0.4103124166287238,-0.34315573206713407,-0.20039722235605106,-0.02280803238437712,0.20802931031417943,0.43867398925051587,0.5965969849455939,0.7604583147776499
SSP585,Interactive,AFE,Country resampling,2,Dir,2068,-0.056705491108947514,-0.4778739017599315,-0.42366159678870685,-0.35331732755310225,-0.2066672541525667,-0.02286016073052649,0.219537031473931,0.4673283838899301,0.6320223956199805,0.8134744329066876
SSP585,Interactive,AFE,Country resampling,2,Dir,2069,-0.05916518035557028,-0.4911382185371041,-0.43693877155455124,-0.36307966491317556,-0.2128122546771128,-0.02290318539202546,0.23221378922812036,0.4947547821438349,0.6685706928597936,0.8606760302621422
SSP585,Interactive,AFE,Country resampling,2,Dir,2070,-0.06163906314958767,-0.5042605221568053,-0.45014727114625597,-0.37317959291269004,-0.2196936826605339,-0.022306183932905177,0.24708082343651694,0.5329218228314632,0.7103531999567969,0.9102499960194271
SSP585,Interactive,AFE,Country resampling,2,Dir,2071,-0.059935212951713335,-0.5171034149542649,-0.460680891745787,-0.3817812312126146,-0.2248666088487937,-0.015403306382240745,0.27007381313018186,0.5689522849168002,0.7617500630698364,0.9683422742843163
SSP585,Interactive,AFE,Country resampling,2,Dir,2072,-0.06207930498588021,-0.5308831958252408,-0.47366433066325386,-0.3912038412884802,-0.2297434754031541,-0.011727188269425204,0.28483403454905193,0.5971256769209019,0.8032220744790536,1.0237736689772496
SSP585,Interactive,AFE,Country resampling,2,Dir,2073,-0.06420463121423026,-0.5425839832374741,-0.48655225222411363,-0.40225061727802736,-0.2357758749210792,-0.010494075826126159,0.2984852100694589,0.6301758536205339,0.8487875238710606,1.081688274355082
SSP585,Interactive,AFE,Country resampling,2,Dir,2074,-0.06630521946612267,-0.5551074317609206,-0.49933373404548226,-0.4128371305899119,-0.240910828106027,-0.0047356210057686865,0.31440279628625845,0.6648747508426819,0.9129846790181287,1.1425911199567742
SSP585,Interactive,AFE,Country resampling,2,Dir,2075,-0.06837492015390412,-0.5685001768989982,-0.5119983825421505,-0.4237069529227715,-0.2486950870655155,8.348423062531918e-5,0.32780560292859257,0.6988193469352056,0.9649251551809,1.2066185648905654
SSP585,Interactive,AFE,Country resampling,2,Dir,2076,-0.06518205017779632,-0.5801957829800063,-0.5216594250894795,-0.43268959689511194,-0.24942100572250273,0.012259211979728013,0.3531178213840943,0.7534486982285726,1.0277163887116665,1.313875102188439
SSP585,Interactive,AFE,Country resampling,2,Dir,2077,-0.06683608662727936,-0.5933824170518991,-0.533978030115466,-0.44373465233580883,-0.2564249469130593,0.018201211851911148,0.37201191997353167,0.7899102602173556,1.1102327775682597,1.4123440567160628
SSP585,Interactive,AFE,Country resampling,2,Dir,2078,-0.06842675272814647,-0.6034278596193605,-0.5461536637179302,-0.4547402437009036,-0.26329401294631427,0.023077342585143823,0.39888846681721907,0.8304908927939424,1.196928702539089,1.5191209996191184
SSP585,Interactive,AFE,Country resampling,2,Dir,2079,-0.06994708732824484,-0.6141779964904885,-0.5581783376549307,-0.46238669965964846,-0.26972877836503717,0.02606819965326257,0.41906885957113854,0.8797952162036513,1.2860205268252618,1.6310996114557024
SSP585,Interactive,AFE,Country resampling,2,Dir,2080,-0.07138995943603854,-0.6259871733888744,-0.5677162451071405,-0.47375160850787046,-0.27600801630001137,0.03465373818542983,0.43747524357196627,0.9314321473867665,1.3634746665621416,1.723524345316766
SSP585,Interactive,AFE,Country resampling,2,Dir,2081,-0.06640308316586296,-0.6368819229553445,-0.5771043928135469,-0.4811262753964811,-0.2735388812400775,0.04980335038823225,0.47510321281107987,0.9940117320951527,1.4475439024720307,1.8342987390258985
SSP585,Interactive,AFE,Country resampling,2,Dir,2082,-0.06732367650122295,-0.6484026321960441,-0.589167038585481,-0.49068919696200597,-0.27908748633673097,0.05673214462530585,0.49837638723477573,1.0568341372366168,1.5291191323834235,1.938081769895689
SSP585,Interactive,AFE,Country resampling,2,Dir,2083,-0.06813299343003099,-0.6592566982657218,-0.6001833784952633,-0.4982795346661787,-0.28450372110378896,0.06189918933702032,0.5260960617669475,1.1424206706505011,1.6473301472879072,2.0614063268138487
SSP585,Interactive,AFE,Country resampling,2,Dir,2084,-0.06882308130239201,-0.66976529489732906,-0.6105118433856532,-0.5080384497022471,-0.28712062441501496,0.06758223731978252,0.5662398246734677,1.2140203519342079,1.7381082051366863,2.2584205666456336
SSP585,Interactive,AFE,Country resampling,2,Dir,2085,-0.06938579563166158,-0.6800462032301354,-0.6222277489953485,-0.516829593415397,-0.28957492172870136,0.07524033109876782,0.592226624891922,1.293075745306697,1.8522687287260624,2.4456929108473204
SSP585,Interactive,AFE,Country resampling,2,Dir,2086,-0.06250499019233491,-0.690415527211964,-0.6308828796857702,-0.5229588391871106,-0.2881547151228122,0.08897757037284038,0.6405511954496003,1.3884162732374805,1.9855804281783433,2.736711795283598
SSP585,Interactive,AFE,Country resampling,2,Dir,2087,-0.06245092811742525,-0.700250849340945,-0.640251382691107,-0.5325132276445586,-0.2924376169726426,0.10047609432569016,0.6741258362220834,1.4706776231450216,2.118008820726795,3.0296432455211355
SSP585,Interactive,AFE,Country resampling,2,Dir,2088,-0.06223479408920907,-0.7098548085317196,-0.6464374324089164,-0.5415558186507412,-0.2985815408198127,0.10799465300921662,0.7212009856819956,1.5577608978477209,2.2573561090677785,3.2890490009437308
SSP585,Interactive,AFE,Country resampling,2,Dir,2089,-0.06184752118662096,-0.7192272248126683,-0.6555550944702095,-0.5500143450095916,-0.30243998314088166,0.11684267393988768,0.7583215149475245,1.6507451211957085,2.4416181921472284,3.498213835015839
SSP585,Interactive,AFE,Country resampling,2,Dir,2090,-0.06127979699195263,-0.7283683260627418,-0.6650165748286101,-0.5580219117786033,-0.30493452747478944,0.13269291473724465,0.8236466267950067,1.7688036949811619,2.6453091312911,3.7178567973937584
SSP585,Interactive,AFE,Country resampling,2,Dir,2091,-0.05229699197409399,-0.7351961369323021,-0.671419001613883,-0.5636225661527978,-0.3060122101886097,0.14687284967768466,0.8801492449612451,1.8893740384110218,2.852847379564338,3.991572324357328
SSP585,Interactive,AFE,Country resampling,2,Dir,2092,-0.0510280682092944,-0.7440321163241662,-0.6797130685779402,-0.5725485832684839,-0.3091514010002029,0.1584728062935088,0.9251016569349313,2.011185473313183,3.0706405584175385,4.352981115186738
SSP585,Interactive,AFE,Country resampling,2,Dir,2093,-0.04954306266339237,-0.7525696632386367,-0.687654196721766,-0.5809780971560261,-0.3118174401217727,0.17145481059558343,0.9698356262342298,2.150189280667347,3.3052125171238362,4.65868053675979
SSP585,Interactive,AFE,Country resampling,2,Dir,2094,-0.047831541768746155,-0.7608057403536258,-0.6952948781983191,-0.5884216655117489,-0.31440922635171364,0.1841462882662186,1.0213284629593613,2.2961368727310676,3.5162913136390044,5.087265502266673
SSP585,Interactive,AFE,Country resampling,2,Dir,2095,-0.04588274097071454,-0.76873751063863,-0.7026619198435559,-0.5953222735480141,-0.31669669683878837,0.2002445785248954,1.081619385183572,2.474293512104524,3.831829772317502,5.562660912955785
SSP585,Interactive,AFE,Country resampling,2,Dir,2096,-0.034398507797177125,-0.7738891518309093,-0.7074279200583161,-0.5988626559906123,-0.31066658518752577,0.21342056203686643,1.1621491581649597,2.6639262472533307,4.22180508245868,6.120281310965661
SSP585,Interactive,AFE,Country resampling,2,Dir,2097,-0.03157283178897019,-0.7817491618104369,-0.716153252018073,-0.6035757012802067,-0.31314142484050167,0.235085638528011,1.2321170701662547,2.8783115718218615,4.563354075466637,6.618113751030413
SSP585,Interactive,AFE,Country resampling,2,Dir,2098,-0.028468011998759257,-0.7897831076690481,-0.7246363765657574,-0.6126362564375871,-0.31757165568078394,0.24936685495918332,1.3046430798681385,3.0570228561032775,4.921297965909261,7.1970132933326445
SSP585,Interactive,AFE,Country resampling,2,Dir,2099,-0.025071688195892228,-0.7970179286620379,-0.7317900095783889,-0.6210420178405794,-0.31920017072155693,0.2627155948283869,1.373570055397602,3.2959785086995783,5.3373122925117205,7.9970905107519155
SSP585,Interactive,AFE,Country resampling,2,Dir,2100,-0.021371035990479403,-0.8033896334408486,-0.7403590562636937,-0.6275795048352903,-0.3212743078250573,0.27692246256051545,1.4609699146866633,3.553050149773531,5.796895997906339,8.744285126314205
SSP585,Interactive,AFE,Country resampling,2,IE,2021,7.098106549474625e-5,-1.5738790706289196e-4,-9.395807104014551e-5,-4.118583188830183e-5,2.7381143022142673e-5,7.396602222586868e-5,1.1073814871517818e-4,1.4205358024867997e-4,1.6317622979226116e-4,1.8539164393481796e-4
SSP585,Interactive,AFE,Country resampling,2,IE,2022,1.8931778005459865e-4,-4.514197428668709e-4,-3.1083341925436934e-4,-1.4627329860641413e-4,4.138735657732706e-5,1.9869734416816387e-4,3.185573693265664e-4,4.3388143522147263e-4,5.33822740615425e-4,6.042830978039647e-4
SSP585,Interactive,AFE,Country resampling,2,IE,2023,2.44265360480056e-4,-0.0010150666451271522,-6.718301786297065e-4,-4.17284915292615e-4,-6.64717612713639e-5,2.5518613089325903e-4,5.5718009839828e-4,8.614107803347039e-4,0.0010838222939890116,0.001301436061105071
SSP585,Interactive,AFE,Country resampling,2,IE,2024,2.4022358980479996e-4,-0.0018349886427821314,-0.001380026085446684,-9.155659913429258e-4,-3.17109705147367e-4,2.6388209407668395e-4,8.388068396092407e-4,0.0014170011572472551,0.001838035311470215,0.00226253415530748
SSP585,Interactive,AFE,Country resampling,2,IE,2025,1.8150618253442996e-4,-0.003150703159380533,-0.0022951629641822235,-0.0016017113965776542,-7.613922323223554e-4,2.2372655806202069e-4,0.0011829424457767135,0.0021370796178801,0.002810805130749899,0.0035364382887133
SSP585,Interactive,AFE,Country resampling,2,IE,2026,6.81202764422073e-5,-0.004779672892583994,-0.003499169886149028,-0.0025256625957722706,-0.001272644701010378,1.4342160711550145e-4,0.0016005940526015172,0.0030417179285865737,0.004129243640680185,0.005040264325657824
SSP585,Interactive,AFE,Country resampling,2,IE,2027,-8.596901895352449e-5,-0.006655159965408333,-0.004797670978413059,-0.0036061592914093826,-0.0019221325341824136,5.0500189429758535e-5,0.0020567979717643903,0.004074229972540433,0.005666206095983642,0.006850725804262523
SSP585,Interactive,AFE,Country resampling,2,IE,2028,-2.805508558002545e-4,-0.0088537412963273,-0.006506094676707336,-0.004910026045029214,-0.002729292812099493,-1.3054065696704864e-4,0.0025674096067818675,0.005263579220109271,0.007390074967514658,0.009075932240167166
SSP585,Interactive,AFE,Country resampling,2,IE,2029,-5.112149750172712e-4,-0.011570037314796841,-0.008517317918453565,-0.006450438415204829,-0.003608761808699179,-3.496727067687222e-4,0.0031640661076523247,0.006643024215224636,0.009327014290112278,0.01173981423606188
SSP585,Interactive,AFE,Country resampling,2,IE,2030,-7.736415873831337e-4,-0.014524045528499532,-0.010619224573082902,-0.008079137660295966,-0.004625655307099935,-5.38868270692161e-4,0.003818560106605945,0.008218067277036667,0.011299477879321998,0.01433723155488824
SSP585,Interactive,AFE,Country resampling,2,IE,2031,-0.0010920353271962613,-0.01787338255771141,-0.012767999852633242,-0.010019485058438193,-0.005724272703662686,-7.86120406118862e-4,0.004498826164254982,0.00985354817067703,0.013249373043995647,0.017124377679681828
SSP585,Interactive,AFE,Country resampling,2,IE,2032,-0.0014101051406142373,-0.02165465412995765,-0.015368945523280384,-0.011965508810389058,-0.007039808452149354,-0.0010511230126857285,0.005242387563550416,0.011666667935806863,0.015823035277148064,0.0202092792142203
SSP585,Interactive,AFE,Country resampling,2,IE,2033,-0.0017474544346325338,-0.0257980531311497,-0.018253643467303432,-0.01427887494580603,-0.008364764156509302,-0.0013546844464984442,0.006112729035930242,0.013707130423818837,0.018593982823886555,0.02346152675758049
SSP585,Interactive,AFE,Country resampling,2,IE,2034,-0.0021000329474318846,-0.030306549458960372,-0.021336281392633327,-0.016722580747682292,-0.009725635877256722,-0.0016743464331009372,0.007210467792174269,0.01582700052611339,0.021519258687761146,0.026741352184425943
SSP585,Interactive,AFE,Country resampling,2,IE,2035,-0.0024638970954992123,-0.03518403033628131,-0.024739415441822062,-0.01939811531342721,-0.011231650368624058,-0.0020421473515326305,0.008311958620809357,0.018054940589755916,0.02455145568640311,0.030162552032954145
SSP585,Interactive,AFE,Country resampling,2,IE,2036,-0.002906375904633718,-0.04029365137601937,-0.02842594731694201,-0.021964128523659854,-0.012876697918776048,-0.0025020442155027633,0.009316329490766911,0.020204509664514404,0.027747330742782093,0.03414770570790931
SSP585,Interactive,AFE,Country resampling,2,IE,2037,-0.003296658821678178,-0.04587637645043203,-0.03261389704234108,-0.024961046378937268,-0.014536766488364494,-0.0028801414855075813,0.010542556455025692,0.02277644363008492,0.030846462319330942,0.03862941871663236
SSP585,Interactive,AFE,Country resampling,2,IE,2038,-0.0036889387158405285,-0.05093157318493692,-0.03670247108578604,-0.028348221559487574,-0.01626793055709841,-0.0032680640504131886,0.01200072868632529,0.02531009176735279,0.03450541774275971,0.04253396905284873
SSP585,Interactive,AFE,Country resampling,2,IE,2039,-0.004079873392918154,-0.05654494982193516,-0.041286501398325945,-0.03171419531485731,-0.01816179782043567,-0.0036578475407271216,0.013523660099383383,0.02831819376039694,0.03807586651937758,0.04696902971871192
SSP585,Interactive,AFE,Country resampling,2,IE,2040,-0.004466259733533984,-0.06352959017864396,-0.046081666501006396,-0.03533786737431828,-0.020311502004310672,-0.004095441920636489,0.01499906412521082,0.031195268032287046,0.041833919933416154,0.051538847350564965
SSP585,Interactive,AFE,Country resampling,2,IE,2041,-0.005015823925478613,-0.07097769128174168,-0.05115766502847979,-0.03925343374869143,-0.022554175825477085,-0.004736020289616449,0.016503138733129114,0.03423982552063683,0.04575590603641399,0.05641114087048213
SSP585,Interactive,AFE,Country resampling,2,IE,2042,-0.0054180352121948605,-0.07896395496416014,-0.056403798819181714,-0.04334108839984356,-0.024710268981923994,-0.005114771325521739,0.018302904565040967,0.03728925602191936,0.05048864774889803,0.061249529108794755
SSP585,Interactive,AFE,Country resampling,2,IE,2043,-0.0058113557291614715,-0.08674323674585781,-0.061943342779851814,-0.047568745859929935,-0.0268960770817,-0.005466355272219614,0.019958819506328246,0.040530608848684875,0.054955570598524114,0.06615981203898408
SSP585,Interactive,AFE,Country resampling,2,IE,2044,-0.0061935061820126425,-0.09508484331827444,-0.0681189951999857,-0.052138213477904385,-0.029274729535522404,-0.0057402370360984944,0.02164418375739774,0.044118225463432394,0.05974973890206592,0.0711442780614769
SSP585,Interactive,AFE,Country resampling,2,IE,2045,-0.006562378705091687,-0.10446313716368819,-0.07394857590353615,-0.05653754032921025,-0.03194217809105665,-0.006212254164357722,0.023642435623398378,0.04701853567484594,0.06393487586051563,0.07597277625406025
SSP585,Interactive,AFE,Country resampling,2,IE,2046,-0.007278354142307597,-0.1140638937696677,-0.0808046512048463,-0.06158932515575592,-0.03476631191882679,-0.006952855802315083,0.025326810320416338,0.049504395574942406,0.0684819861131544,0.08161695082926304
SSP585,Interactive,AFE,Country resampling,2,IE,2047,-0.007674652281718597,-0.12390841108771798,-0.08743776554067612,-0.06664695571347465,-0.037266534955340436,-0.007328858756059986,0.02716285546833974,0.05279635701675895,0.073310357585259,0.08692814806234926
SSP585,Interactive,AFE,Country resampling,2,IE,2048,-0.00805871747823006,-0.13424476122185208,-0.09480340263092082,-0.07219410270119751,-0.03988964103245163,-0.007740770534674091,0.02945554517582677,0.056702067285881445,0.07802695939112464,0.09255926223090598
SSP585,Interactive,AFE,Country resampling,2,IE,2049,-0.008429513501890806,-0.1451385089693905,-0.10250459606827157,-0.07814099757935075,-0.04249533820066351,-0.008049654891477909,0.030945805391267678,0.06053256404927036,0.08413571649699604,0.09756079896413396
SSP585,Interactive,AFE,Country resampling,2,IE,2050,-0.008786195202643121,-0.15680067426380526,-0.11041575849512494,-0.08340321472008325,-0.045260713083614235,-0.00843868314229096,0.03288758381641699,0.0645663107313232,0.08915139124786538,0.10360217940302562
SSP585,Interactive,AFE,Country resampling,2,IE,2051,-0.009823678863764673,-0.17023651009787186,-0.1194353364351712,-0.09005068607352608,-0.049222946794878986,-0.009660027884614952,0.03484759289072836,0.06797595236710458,0.09404943962741064,0.10920109580890175
SSP585,Interactive,AFE,Country resampling,2,IE,2052,-0.010263116368571246,-0.18364578805750253,-0.1284272085547895,-0.09688089423786796,-0.05300697011098693,-0.01041363089316244,0.036709887533225766,0.07216711988921141,0.09877265613581451,0.11445751657899736
SSP585,Interactive,AFE,Country resampling,2,IE,2053,-0.010697917965606263,-0.19669724050884674,-0.1377920125198689,-0.1039118572969536,-0.05650832847072501,-0.01063486825805715,0.0389074396762607,0.07631215499123788,0.10312180637594401,0.12079094606095549
SSP585,Interactive,AFE,Country resampling,2,IE,2054,-0.011128497064687548,-0.21180477466406436,-0.14759767048116698,-0.1117630783070919,-0.059926912615627964,-0.011298511890223129,0.041015176697824146,0.08118279570961058,0.10892359460221483,0.12642740418326864
SSP585,Interactive,AFE,Country resampling,2,IE,2055,-0.011555459896077869,-0.2279144561579549,-0.1578398335711981,-0.12014153086054977,-0.0639485873494865,-0.012124878586356413,0.043045326392199074,0.08620677386346717,0.11399701863654765,0.1329658799790027
SSP585,Interactive,AFE,Country resampling,2,IE,2056,-0.013103888910213857,-0.2470973075137191,-0.16990809879843763,-0.12896164941344918,-0.06885154525274145,-0.014736317181546443,0.04463849410293863,0.08952927651447627,0.1196076574793507,0.13917496790118325
SSP585,Interactive,AFE,Country resampling,2,IE,2057,-0.01368862999247078,-0.26517621027876975,-0.18056657330859813,-0.13699641240914606,-0.07422160529126692,-0.015899296689661002,0.047361681833366975,0.09371070915334315,0.12573850573503714,0.14594732750204936
SSP585,Interactive,AFE,Country resampling,2,IE,2058,-0.014286404423924703,-0.2833638398814427,-0.19267615724432052,-0.14612553585842725,-0.07862779287505173,-0.017186644790716354,0.050056810703082766,0.0984631991320621,0.13033491861256077,0.15276889416924302
SSP585,Interactive,AFE,Country resampling,2,IE,2059,-0.014899093544163966,-0.3025418272742112,-0.20509596083471768,-0.15520020637846788,-0.08571381060742231,-0.01878546539807563,0.05232914677861153,0.1034885593080277,0.1364891451920233,0.16032741870923395
SSP585,Interactive,AFE,Country resampling,2,IE,2060,-0.015528760563001787,-0.322774396046826,-0.2180175990212596,-0.16387531469281602,-0.09100269956253107,-0.020077514030424348,0.054769992921851834,0.10875503345478238,0.14249336245817887,0.16795848975580177
SSP585,Interactive,AFE,Country resampling,2,IE,2061,-0.017874014531186644,-0.3475783330934551,-0.2362647141513986,-0.1750316724262863,-0.09748647523370818,-0.023107202509761504,0.055219502993353764,0.11165788850749041,0.14653950111569486,0.17448798271298563
SSP585,Interactive,AFE,Country resampling,2,IE,2062,-0.01875994037148243,-0.37175458190517563,-0.25465453532654814,-0.18893148081105754,-0.10295723138409538,-0.024750850493580556,0.05655551974643691,0.11701342917758832,0.1519246716108274,0.18193060616014017
SSP585,Interactive,AFE,Country resampling,2,IE,2063,-0.019685696205323566,-0.398188596033887,-0.27081592982882335,-0.20371073058192127,-0.10972155647594725,-0.02673772867894464,0.05855439379718616,0.12125421108678613,0.1565995258597921,0.18952975987119616
SSP585,Interactive,AFE,Country resampling,2,IE,2064,-0.02065451211964131,-0.4222055833584834,-0.286460804678531,-0.21721240480915327,-0.11519742413949172,-0.028688287677290703,0.06040012525607791,0.1262486230678909,0.1633817260609567,0.1963686566317659
SSP585,Interactive,AFE,Country resampling,2,IE,2065,-0.021669778797935746,-0.44868910822344193,-0.3027588140499501,-0.23087403275066617,-0.1213657255701086,-0.03135080570824317,0.06262830117146631,0.13082913204703664,0.16724191392317742,0.2054553637849168
SSP585,Interactive,AFE,Country resampling,2,IE,2066,-0.02495409853207442,-0.4831164353697553,-0.3257107663450171,-0.24640351749971848,-0.1299910314928332,-0.03500928354299021,0.06320249405161105,0.1346996317570946,0.1727299561934327,0.21153669544859555
SSP585,Interactive,AFE,Country resampling,2,IE,2067,-0.026297015300768445,-0.511717213383135,-0.3483614293490141,-0.26269696156773675,-0.13905638572876844,-0.03733122986339171,0.06504324101622516,0.13845193444981108,0.17867845448632266,0.2158702944610994
SSP585,Interactive,AFE,Country resampling,2,IE,2068,-0.027710827339535782,-0.5368273528480744,-0.3721307211410315,-0.27884978838646385,-0.1458350650969569,-0.03964250350618903,0.06591462558263556,0.14193774458811292,0.1847702230928262,0.22504162362475436
SSP585,Interactive,AFE,Country resampling,2,IE,2069,-0.029199830849728547,-0.5749934486055507,-0.39267112369755813,-0.2955435168483605,-0.15565617664379297,-0.04229645211892935,0.0671619240311917,0.14522633738032265,0.1911042543532471,0.234895618615667
SSP585,Interactive,AFE,Country resampling,2,IE,2070,-0.030768459217867417,-0.6223006169123677,-0.4146482633210655,-0.312843762050428,-0.16540126583681328,-0.045802777047151966,0.06886144623348947,0.1499814210106526,0.19864612840015947,0.24547654707709654
SSP585,Interactive,AFE,Country resampling,2,IE,2071,-0.03522058230909619,-0.6723308212815895,-0.44497080156416935,-0.340641247009483,-0.1777013854525394,-0.05092359361368726,0.06844844939650341,0.15386777833960194,0.205340164260097,0.2584674322366608
SSP585,Interactive,AFE,Country resampling,2,IE,2072,-0.03718744667108198,-0.7316201734908317,-0.47501010919417125,-0.3621325215446601,-0.1881453855329264,-0.055066898356198934,0.07038769495186123,0.15861395752879934,0.21479896312113306,0.2710841574675848
SSP585,Interactive,AFE,Country resampling,2,IE,2073,-0.03925858736782539,-0.7928800924234819,-0.5068995139299851,-0.3877990591212212,-0.19956153173981797,-0.05958001544056063,0.0731014021814152,0.16365893679607296,0.22199326262510327,0.28156980961744127
SSP585,Interactive,AFE,Country resampling,2,IE,2074,-0.04143908154856957,-0.8475574842027933,-0.5432192935142139,-0.4118463610622729,-0.21134610186439654,-0.0631795695434691,0.07557250260533299,0.16916872920328252,0.22959379168551444,0.29727475653395913
SSP585,Interactive,AFE,Country resampling,2,IE,2075,-0.043734125745392816,-0.9019034281330021,-0.5813362080299135,-0.43476427179547944,-0.2237855146712482,-0.06754064629382572,0.07756296661050463,0.17287944366836772,0.23778924972403187,0.30575391494263215
SSP585,Interactive,AFE,Country resampling,2,IE,2076,-0.04960445929841295,-0.9737188656416008,-0.631575171017536,-0.46776148194739353,-0.24036669580400566,-0.075773559740139,0.0754490512517709,0.1765462927101801,0.24040673908334756,0.31676901195003543
SSP585,Interactive,AFE,Country resampling,2,IE,2077,-0.05236994657800942,-1.02927547704567,-0.6867700965172224,-0.49632785925125383,-0.25410182280314786,-0.0810503450222348,0.07598526192993493,0.18102454725503156,0.24867125053431438,0.32491285020915023
SSP585,Interactive,AFE,Country resampling,2,IE,2078,-0.055274519115632414,-1.0940814555433245,-0.7361117319104719,-0.5261915869372027,-0.2707314463736274,-0.08635787136299167,0.07452015289890246,0.18576011222700517,0.25332999462565936,0.3365226658817115
SSP585,Interactive,AFE,Country resampling,2,IE,2079,-0.05832388599846283,-1.1634200196070215,-0.7939350894244301,-0.5594674335733918,-0.2855906713757315,-0.09211574208444662,0.07578400127860832,0.19049448076835704,0.25600060779728173,0.3490374690587152
SSP585,Interactive,AFE,Country resampling,2,IE,2080,-0.06152387767437806,-1.237699316416151,-0.8538949618601347,-0.5904427067549606,-0.30399333073322765,-0.09768906456891796,0.07452969415609903,0.19512874791316942,0.2657471496737131,0.3623778827649146
SSP585,Interactive,AFE,Country resampling,2,IE,2081,-0.06901758579602502,-1.3418561761472227,-0.9293788932419906,-0.627703240950373,-0.32489214228691643,-0.10694608915728049,0.07428762661244118,0.19824737764402134,0.2683014044824014,0.37275886839361067
SSP585,Interactive,AFE,Country resampling,2,IE,2082,-0.07276183809083503,-1.4398682967605028,-0.9931897316684979,-0.674347640449032,-0.34125077542699844,-0.11454247393298572,0.07628430864056907,0.20257812436747244,0.2744370891891187,0.3864248882271618
SSP585,Interactive,AFE,Country resampling,2,IE,2083,-0.07668210364640315,-1.5463454745790293,-1.0781038466684347,-0.7251085277042812,-0.3604026328425267,-0.12024802520691802,0.07798728878476091,0.20743052952367913,0.2849312226003895,0.4004548672279231
SSP585,Interactive,AFE,Country resampling,2,IE,2084,-0.08078481832427542,-1.6621963368210064,-1.1631726292994429,-0.7765896890169541,-0.3816916727289402,-0.1264122996096136,0.07711644078404944,0.21246760754874733,0.296910043439739,0.40967497119631846
SSP585,Interactive,AFE,Country resampling,2,IE,2085,-0.08507657183745698,-1.7884414829960062,-1.2724053904303134,-0.8243744023057696,-0.40613613433586326,-0.13344287535912713,0.07623322447085604,0.21454642479278319,0.308546896857978,0.4299123565878656
SSP585,Interactive,AFE,Country resampling,2,IE,2086,-0.09430109659099384,-1.947512835203401,-1.393642333223681,-0.8992483260240685,-0.4388705044444558,-0.14521983103380176,0.07548024415346974,0.21773628503989856,0.3148708073488007,0.44153362071749414
SSP585,Interactive,AFE,Country resampling,2,IE,2087,-0.09921096221173431,-2.1031553533473506,-1.4979218546622906,-0.9571348156686316,-0.4637582746971839,-0.1536857709039407,0.07604874265798417,0.2230185022543018,0.32461890896387446,0.46292559418100554
SSP585,Interactive,AFE,Country resampling,2,IE,2088,-0.1043364818726561,-2.3406564302965878,-1.623922258072946,-1.0254279659660694,-0.4921393687606207,-0.16058312304922745,0.07589810296449664,0.2280363283432817,0.3377125915647977,0.47553903952387666
SSP585,Interactive,AFE,Country resampling,2,IE,2089,-0.10968503196320711,-2.547826593108741,-1.7374244779187837,-1.100964994157144,-0.52286361950879,-0.17197331361524432,0.07569048944171966,0.2332998992769743,0.34831291087196886,0.48886619208962234
SSP585,Interactive,AFE,Country resampling,2,IE,2090,-0.11526420653671277,-2.759958076542704,-1.8943565041100412,-1.1842637066517925,-0.5555873013849716,-0.18398518392877555,0.0731260583582215,0.24330745116794972,0.3573879286423694,0.5020896593529576
SSP585,Interactive,AFE,Country resampling,2,IE,2091,-0.12637013300387911,-3.0218314565513835,-2.0831613964409756,-1.2913142374178963,-0.5969830544458614,-0.20024369098936612,0.07074257964296948,0.24250103056626254,0.36518689057546466,0.512942951280004
SSP585,Interactive,AFE,Country resampling,2,IE,2092,-0.13263718910656697,-3.2823925169994057,-2.2554878635637867,-1.3849614241814157,-0.6412492160642469,-0.21025804428924394,0.06662523837823986,0.24899056969417024,0.3730446714310347,0.5261608938008266
SSP585,Interactive,AFE,Country resampling,2,IE,2093,-0.13916311748657129,-3.588579234638901,-2.484890635229148,-1.4962447036017101,-0.6804740802249677,-0.21824133730233797,0.06688309142282203,0.25687563917713385,0.3779074049982908,0.5395522308657575
SSP585,Interactive,AFE,Country resampling,2,IE,2094,-0.14595656771534138,-3.9472985590298464,-2.725188712699729,-1.610149586038214,-0.7222646077125474,-0.22996298901552314,0.06605437310789725,0.2574031688122149,0.38381052018874745,0.5531209844767404
SSP585,Interactive,AFE,Country resampling,2,IE,2095,-0.15302650177869592,-4.346793188466761,-2.9846258266744607,-1.7248137622691322,-0.7667213434934125,-0.2411061417156351,0.06280962693688785,0.26231767292365926,0.3990143935738222,0.5863395623364194
SSP585,Interactive,AFE,Country resampling,2,IE,2096,-0.16629296098265345,-4.835470900878922,-3.2468049104559555,-1.8512511708845212,-0.8161148495990271,-0.25721260289379466,0.06101558904133997,0.26720843981897546,0.40466485363133253,0.5974186954585349
SSP585,Interactive,AFE,Country resampling,2,IE,2097,-0.17418204880762023,-5.4376513595770195,-3.584790098408199,-2.0162629556059377,-0.8628519054166512,-0.26977095488491315,0.06045261800154378,0.27456849833131003,0.42180060546950326,0.625152238773535
SSP585,Interactive,AFE,Country resampling,2,IE,2098,-0.18238177741832562,-5.982748922915277,-3.8773801003618904,-2.167644191290025,-0.9199215160315066,-0.2833600092234959,0.05786308424994824,0.27852683056900635,0.4358048663814025,0.6448054252754044
SSP585,Interactive,AFE,Country resampling,2,IE,2099,-0.1909027026381933,-6.555076395773407,-4.174052410343792,-2.325192793267923,-0.9724632788152798,-0.2967924058326523,0.05764745590405665,0.2808832383349147,0.4478141605361483,0.6650825758157692
SSP585,Interactive,AFE,Country resampling,2,IE,2100,-0.19975583447854506,-7.196887845242281,-4.655242585908757,-2.548965403276115,-1.0214704731600042,-0.3162609053636303,0.05321773370392646,0.28501245484675575,0.4586293292947806,0.6866251618335373
