spec,estimator,L,draw,delta_2100
Interactive,AFE,0,1,-0.4449659192557127
Interactive,AFE,0,2,-0.3379328573419057
Interactive,AFE,0,3,-0.5492053200774212
Interactive,AFE,0,4,-0.2330894163707452
Interactive,AFE,0,5,0.08937177436193133
Interactive,AFE,0,6,-0.15060431611691638
Interactive,AFE,0,7,-0.3510337737610837
Interactive,AFE,0,8,-0.09402135844966786
Interactive,AFE,0,9,0.26763486944848736
Interactive,AFE,0,10,-0.010973486504884278
Interactive,AFE,0,11,-0.30704194426646936
Interactive,AFE,0,12,-0.5188951333260833
Interactive,AFE,0,13,-0.20011076954388685
Interactive,AFE,0,14,0.007893659348294557
Interactive,AFE,0,15,-0.4282824152311109
Interactive,AFE,0,16,0.065981427685186
Interactive,AFE,0,17,-0.012119092721454838
Interactive,AFE,0,18,-0.36773737209988866
Interactive,AFE,0,19,-0.40745241386093356
Interactive,AFE,0,20,-0.321811089660499
Interactive,AFE,0,21,-0.39154808569058785
Interactive,AFE,0,22,0.534685896559913
Interactive,AFE,0,23,0.5008640724460132
Interactive,AFE,0,24,-0.2927687941984546
Interactive,AFE,0,25,-0.5875413346584835
Interactive,AFE,0,26,-0.1301932186946354
Interactive,AFE,0,27,0.09892747343548036
Interactive,AFE,0,28,-0.06363051719663126
Interactive,AFE,0,29,-0.2262508057303183
Interactive,AFE,0,30,-0.46220983772787605
Interactive,AFE,0,31,-0.302234150024669
Interactive,AFE,0,32,-0.0975148046217057
Interactive,AFE,0,33,-0.20824669883915503
Interactive,AFE,0,34,-0.2464095634195148
Interactive,AFE,0,35,-0.011007317554188378
Interactive,AFE,0,36,0.20406288326109734
Interactive,AFE,0,37,-0.1070960562571982
Interactive,AFE,0,38,-0.16661153504752668
Interactive,AFE,0,39,-0.17205035870338237
Interactive,AFE,0,40,-0.42889125621158275
Interactive,AFE,0,41,-0.50733953465812
Interactive,AFE,0,42,0.10706059190966877
Interactive,AFE,0,43,-0.21974811797041527
Interactive,AFE,0,44,-0.5222495113062235
Interactive,AFE,0,45,0.00822469135412085
Interactive,AFE,0,46,-0.22506639014003993
Interactive,AFE,0,47,-0.368632442712466
Interactive,AFE,0,48,-0.5192670827503932
Interactive,AFE,0,49,0.047002946327938
Interactive,AFE,0,50,-0.19677129898968293
Interactive,AFE,0,51,0.46682738935569135
Interactive,AFE,0,52,0.8758497242792289
Interactive,AFE,0,53,0.6069003539606626
Interactive,AFE,0,54,0.782358003612651
Interactive,AFE,0,55,-0.49320874511989443
Interactive,AFE,0,56,-0.19064890507667154
Interactive,AFE,0,57,-0.28440012235162415
Interactive,AFE,0,58,-0.11678938739999256
Interactive,AFE,0,59,-0.06341781152167436
Interactive,AFE,0,60,-0.4691614252676223
Interactive,AFE,0,61,-0.48874583873044497
Interactive,AFE,0,62,-0.4043583443430575
Interactive,AFE,0,63,0.09209691297436606
Interactive,AFE,0,64,-0.5156207801769259
Interactive,AFE,0,65,-0.037673846421871215
Interactive,AFE,0,66,0.30698362777445287
Interactive,AFE,0,67,-0.21435813114882174
Interactive,AFE,0,68,-0.41103415727730297
Interactive,AFE,0,69,-0.5559129448911988
Interactive,AFE,0,70,-0.5331739260638979
Interactive,AFE,0,71,-0.458138428765837
Interactive,AFE,0,72,-0.0775932687757962
Interactive,AFE,0,73,-0.21618148808479076
Interactive,AFE,0,74,-0.4991295183608897
Interactive,AFE,0,75,0.1508624262256335
Interactive,AFE,0,76,-0.30617200198302386
Interactive,AFE,0,77,0.26460994649952285
Interactive,AFE,0,78,-0.32252717476529713
Interactive,AFE,0,79,-0.2332077816603888
Interactive,AFE,0,80,-0.10819922673894111
Interactive,AFE,0,81,0.40127566137235426
Interactive,AFE,0,82,-0.49148687038263994
Interactive,AFE,0,83,-0.29571879383053024
Interactive,AFE,0,84,-0.4618386539134408
Interactive,AFE,0,85,-0.051906440678538
Interactive,AFE,0,86,-0.5436489349066733
Interactive,AFE,0,87,-0.28360924136407295
Interactive,AFE,0,88,0.0037029720936325727
Interactive,AFE,0,89,-0.4981831716056756
Interactive,AFE,0,90,-0.4707202339997242
Interactive,AFE,0,91,-0.22683571917223133
Interactive,AFE,0,92,-0.43303003372836435
Interactive,AFE,0,93,-0.3122516797165794
Interactive,AFE,0,94,-0.25475210779744406
Interactive,AFE,0,95,0.06158325679206955
Interactive,AFE,0,96,-0.4513014948726576
Interactive,AFE,0,97,0.17663837916556369
Interactive,AFE,0,98,-0.6497110224065585
Interactive,AFE,0,99,0.010560476597785584
Interactive,AFE,0,100,0.0496281201516402
Interactive,AFE,0,101,-0.3466835559197957
Interactive,AFE,0,102,-0.0263124166325992
Interactive,AFE,0,103,0.3420427349738011
Interactive,AFE,0,104,-0.14375005673290286
Interactive,AFE,0,105,-0.6509659340094756
Interactive,AFE,0,106,-0.4176508853138565
Interactive,AFE,0,107,-0.0650422404762343
Interactive,AFE,0,108,-0.4323552619193992
Interactive,AFE,0,109,-0.2839886739278038
Interactive,AFE,0,110,0.09254670228200967
Interactive,AFE,0,111,0.1376972828035401
Interactive,AFE,0,112,-0.4478331185869251
Interactive,AFE,0,113,-0.2735125554871298
Interactive,AFE,0,114,-0.4417597242566962
Interactive,AFE,0,115,-0.4173878072984194
Interactive,AFE,0,116,0.23766746911030778
Interactive,AFE,0,117,-0.34047665434355623
Interactive,AFE,0,118,0.6812434813574411
Interactive,AFE,0,119,-0.25698007768974085
Interactive,AFE,0,120,-0.3767101412420363
Interactive,AFE,0,121,-0.11550539956837957
Interactive,AFE,0,122,0.184401423094271
Interactive,AFE,0,123,0.3106129211694755
Interactive,AFE,0,124,0.20894870730181658
Interactive,AFE,0,125,-0.3152749030218055
Interactive,AFE,0,126,-0.2289916710297073
Interactive,AFE,0,127,0.053602665234280256
Interactive,AFE,0,128,0.3656379539058052
Interactive,AFE,0,129,-0.24702104427347038
Interactive,AFE,0,130,-0.5288402687081337
Interactive,AFE,0,131,-0.30858421505466394
Interactive,AFE,0,132,-0.5377552566011111
Interactive,AFE,0,133,-0.36175812856771983
Interactive,AFE,0,134,-0.07431328944482207
Interactive,AFE,0,135,-0.4177397498721118
Interactive,AFE,0,136,0.45927489796073573
Interactive,AFE,0,137,-0.2942963746904479
Interactive,AFE,0,138,-0.5423740059574479
Interactive,AFE,0,139,-0.14731718664108007
Interactive,AFE,0,140,-0.5577865201605741
Interactive,AFE,0,141,0.010149502668638677
Interactive,AFE,0,142,-0.20392286139301596
Interactive,AFE,0,143,0.16460356376371688
Interactive,AFE,0,144,-0.2904349117843542
Interactive,AFE,0,145,0.10374828420740978
Interactive,AFE,0,146,-0.03551324964180569
Interactive,AFE,0,147,-0.4564533423893524
Interactive,AFE,0,148,-0.6297115741051997
Interactive,AFE,0,149,-0.17575273547631032
Interactive,AFE,0,150,-0.30932472864722926
Interactive,AFE,0,151,-0.5114620974424617
Interactive,AFE,0,152,-0.27384772910729716
Interactive,AFE,0,153,0.4213912715523578
Interactive,AFE,0,154,-0.3584861499406605
Interactive,AFE,0,155,-0.6377716690546908
Interactive,AFE,0,156,-0.07728579902725674
Interactive,AFE,0,157,-0.46430636528836555
Interactive,AFE,0,158,-0.23807216697954559
Interactive,AFE,0,159,-0.4494598949264377
Interactive,AFE,0,160,-0.2690117414724075
Interactive,AFE,0,161,-0.311807844094224
Interactive,AFE,0,162,0.06361796447755785
Interactive,AFE,0,163,-0.21077345630597433
Interactive,AFE,0,164,-0.26672011269767515
Interactive,AFE,0,165,0.2623423295045022
Interactive,AFE,0,166,-0.4228342679970587
Interactive,AFE,0,167,0.6238008670149309
Interactive,AFE,0,168,-0.5936003312504226
Interactive,AFE,0,169,-0.4176257084310948
Interactive,AFE,0,170,0.5059797250240643
Interactive,AFE,0,171,-0.3569557168580867
Interactive,AFE,0,172,-0.16257489018071514
Interactive,AFE,0,173,-0.2902737218500183
Interactive,AFE,0,174,0.13513711412609242
Interactive,AFE,0,175,-0.1639380326290839
Interactive,AFE,0,176,0.12566744002898766
Interactive,AFE,0,177,-0.32051042634437543
Interactive,AFE,0,178,-0.5645496768012656
Interactive,AFE,0,179,-0.37809798799731076
Interactive,AFE,0,180,-0.5067971196226366
Interactive,AFE,0,181,-0.016306706025052575
Interactive,AFE,0,182,-0.12291108966381548
Interactive,AFE,0,183,-0.5680300811137902
Interactive,AFE,0,184,-0.3401874674909665
Interactive,AFE,0,185,-0.19064152179213245
Interactive,AFE,0,186,0.327445414255054
Interactive,AFE,0,187,-0.5161933038063455
Interactive,AFE,0,188,-0.1695587066424521
Interactive,AFE,0,189,-0.522659219020273
Interactive,AFE,0,190,0.4831910407042763
Interactive,AFE,0,191,0.2752658083150479
Interactive,AFE,0,192,0.29115035931893263
Interactive,AFE,0,193,-0.6339661623517612
Interactive,AFE,0,194,-0.06898628493395642
Interactive,AFE,0,195,-0.39340105709470397
Interactive,AFE,0,196,-0.09882010023462451
Interactive,AFE,0,197,-0.483440884850476
Interactive,AFE,0,198,0.4560350753468634
Interactive,AFE,0,199,-0.11459908447359946
Interactive,AFE,0,200,-0.4424920995705275
Interactive,AFE,0,201,-0.24648863102001528
Interactive,AFE,0,202,-0.253735134532559
Interactive,AFE,0,203,-0.5594878503810636
Interactive,AFE,0,204,-0.21361791262537944
Interactive,AFE,0,205,0.39748425038886137
Interactive,AFE,0,206,0.1266618714175629
Interactive,AFE,0,207,0.18261596987553808
Interactive,AFE,0,208,-0.19962928993048334
Interactive,AFE,0,209,-0.026093265414106948
Interactive,AFE,0,210,-0.14501202787953482
Interactive,AFE,0,211,-0.16331410906294241
Interactive,AFE,0,212,-0.14540044783335326
Interactive,AFE,0,213,0.15607981272258087
Interactive,AFE,0,214,-0.3634438065838882
Interactive,AFE,0,215,-0.563287296151533
Interactive,AFE,0,216,0.29314275741904794
Interactive,AFE,0,217,-0.40701684007675254
Interactive,AFE,0,218,-0.7511121485633643
Interactive,AFE,0,219,-0.4204565117780753
Interactive,AFE,0,220,-0.017905353180994288
Interactive,AFE,0,221,-0.49851410232904614
Interactive,AFE,0,222,-0.3817459479816776
Interactive,AFE,0,223,-0.08726577807285907
Interactive,AFE,0,224,0.0635950742747815
Interactive,AFE,0,225,0.7242467085747604
Interactive,AFE,0,226,-0.05898357255977127
Interactive,AFE,0,227,-0.08443285781211773
Interactive,AFE,0,228,0.12571391379976404
Interactive,AFE,0,229,-0.34852481386642364
Interactive,AFE,0,230,-0.11447061975560524
Interactive,AFE,0,231,-0.5959281771172165
Interactive,AFE,0,232,-0.20541692894428443
Interactive,AFE,0,233,-0.0183166975439214
Interactive,AFE,0,234,0.8986829107229339
Interactive,AFE,0,235,0.22896111362246407
Interactive,AFE,0,236,-0.2682672500489387
Interactive,AFE,0,237,-0.5085733845196985
Interactive,AFE,0,238,0.15804790545217884
Interactive,AFE,0,239,-0.2160654138655348
Interactive,AFE,0,240,-0.5633489732396798
Interactive,AFE,0,241,-0.7307988070932503
Interactive,AFE,0,242,-0.4449113766837135
Interactive,AFE,0,243,-0.2808279413572822
Interactive,AFE,0,244,-0.2654248870306797
Interactive,AFE,0,245,-0.3344842614820668
Interactive,AFE,0,246,-0.3714633495996168
Interactive,AFE,0,247,-0.5793034287294103
Interactive,AFE,0,248,-0.5098431567741752
Interactive,AFE,0,249,-0.2548746467683515
Interactive,AFE,0,250,-0.618291319589723
Interactive,AFE,0,251,-0.6432859671676516
Interactive,AFE,0,252,-0.33805806081870726
Interactive,AFE,0,253,-0.639607526886923
Interactive,AFE,0,254,-0.27748762301636065
Interactive,AFE,0,255,-0.539993469406453
Interactive,AFE,0,256,-0.6794698823450718
Interactive,AFE,0,257,-0.5641872252977992
Interactive,AFE,0,258,-0.29022117501780986
Interactive,AFE,0,259,0.1793862985033019
Interactive,AFE,0,260,-0.4196786670477233
Interactive,AFE,0,261,-0.45594614799159916
Interactive,AFE,0,262,0.23093549993906204
Interactive,AFE,0,263,-0.07569099617847275
Interactive,AFE,0,264,0.22326472611266457
Interactive,AFE,0,265,0.10370268216079093
Interactive,AFE,0,266,0.524934172059534
Interactive,AFE,0,267,-0.14079499319042277
Interactive,AFE,0,268,-0.5802705186629908
Interactive,AFE,0,269,-0.28068524231379244
Interactive,AFE,0,270,-0.5957420573013694
Interactive,AFE,0,271,-0.32063583119521333
Interactive,AFE,0,272,-0.16121899132724316
Interactive,AFE,0,273,-0.5719987396640926
Interactive,AFE,0,274,-0.1070424082727991
Interactive,AFE,0,275,-0.3565232675438448
Interactive,AFE,0,276,0.20008990850970965
Interactive,AFE,0,277,-0.5076974308208879
Interactive,AFE,0,278,-0.07898743000608377
Interactive,AFE,0,279,-0.20940873907966928
Interactive,AFE,0,280,-0.1734118352915679
Interactive,AFE,0,281,0.42409217093740526
Interactive,AFE,0,282,-0.19032006188778572
Interactive,AFE,0,283,0.2850205670386703
Interactive,AFE,0,284,-0.14600967742547188
Interactive,AFE,0,285,-0.4701301551481136
Interactive,AFE,0,286,-0.2451787570991274
Interactive,AFE,0,287,-0.2219027086185721
Interactive,AFE,0,288,0.7792285994369628
Interactive,AFE,0,289,-0.4043904783649681
Interactive,AFE,0,290,-0.5300591903187178
Interactive,AFE,0,291,0.3606726479608222
Interactive,AFE,0,292,-0.5574867949585984
Interactive,AFE,0,293,-0.5591331512689474
Interactive,AFE,0,294,-0.5328450332526233
Interactive,AFE,0,295,-0.6624587942620683
Interactive,AFE,0,296,0.30821734726186434
Interactive,AFE,0,297,0.057440448131347965
Interactive,AFE,0,298,-0.5389282715323904
Interactive,AFE,0,299,-0.05209217683620604
Interactive,AFE,0,300,0.36065065773161287
Interactive,AFE,0,301,0.15556780522869063
Interactive,AFE,0,302,-0.14693545283621434
Interactive,AFE,0,303,0.6087632120151396
Interactive,AFE,0,304,-0.11686589519472812
Interactive,AFE,0,305,-0.24644817240513572
Interactive,AFE,0,306,-0.5615978881993787
Interactive,AFE,0,307,-0.045817224137127965
Interactive,AFE,0,308,-0.5340734355315007
Interactive,AFE,0,309,-0.007780575930749101
Interactive,AFE,0,310,-0.6304174245360077
Interactive,AFE,0,311,-0.40551272539620997
Interactive,AFE,0,312,-0.5862027605762836
Interactive,AFE,0,313,-0.5376727089574653
Interactive,AFE,0,314,-0.3524399012584969
Interactive,AFE,0,315,-0.19277213644968194
Interactive,AFE,0,316,0.20123769078424347
Interactive,AFE,0,317,0.4354775487531768
Interactive,AFE,0,318,-0.38746109451326805
Interactive,AFE,0,319,-0.3787583030738185
Interactive,AFE,0,320,-0.3861202639577481
Interactive,AFE,0,321,-0.39069597779224474
Interactive,AFE,0,322,0.19705580166062853
Interactive,AFE,0,323,-0.24783266047161878
Interactive,AFE,0,324,-0.7465895096071722
Interactive,AFE,0,325,-0.30490452434045556
Interactive,AFE,0,326,-0.03785175330897739
Interactive,AFE,0,327,-0.3441876118357249
Interactive,AFE,0,328,-0.10451683623776631
Interactive,AFE,0,329,-0.3392042661487539
Interactive,AFE,0,330,0.28832928676939895
Interactive,AFE,0,331,0.34444417303038666
Interactive,AFE,0,332,-0.011413605417008865
Interactive,AFE,0,333,0.5975170359710174
Interactive,AFE,0,334,-0.4611150811672059
Interactive,AFE,0,335,0.13130543259575878
Interactive,AFE,0,336,-0.3230579705655836
Interactive,AFE,0,337,-0.022506118554955656
Interactive,AFE,0,338,-0.11090254431131719
Interactive,AFE,0,339,-0.5666015065323089
Interactive,AFE,0,340,0.2766413138424684
Interactive,AFE,0,341,0.5515043383790936
Interactive,AFE,0,342,-0.041573682334791306
Interactive,AFE,0,343,-0.2954079110222586
Interactive,AFE,0,344,0.6496871691767792
Interactive,AFE,0,345,-0.49440677664457067
Interactive,AFE,0,346,0.20957018945829442
Interactive,AFE,0,347,-0.472934126771702
Interactive,AFE,0,348,-0.29650048390084494
Interactive,AFE,0,349,-0.3085776922711372
Interactive,AFE,0,350,0.0015344717211789316
Interactive,AFE,0,351,-0.44531749629701467
Interactive,AFE,0,352,0.1779796930351809
Interactive,AFE,0,353,0.15941136662813937
Interactive,AFE,0,354,-0.2961205611283104
Interactive,AFE,0,355,-0.27080475791174063
Interactive,AFE,0,356,-0.18931937019272982
Interactive,AFE,0,357,-0.43602454094493703
Interactive,AFE,0,358,-0.16417027216096802
Interactive,AFE,0,359,-0.20590264445436246
Interactive,AFE,0,360,-0.36459858388334765
Interactive,AFE,0,361,-0.21310518911389764
Interactive,AFE,0,362,0.20841202609177456
Interactive,AFE,0,363,-0.1873312469663827
Interactive,AFE,0,364,0.08163763112185252
Interactive,AFE,0,365,-0.07674528687505189
Interactive,AFE,0,366,-0.018514926826512457
Interactive,AFE,0,367,0.5561158191011033
Interactive,AFE,0,368,-0.08863374241111754
Interactive,AFE,0,369,0.17272393972167577
Interactive,AFE,0,370,-0.12972606207198278
Interactive,AFE,0,371,-0.5397339184626109
Interactive,AFE,0,372,-0.2723948167918395
Interactive,AFE,0,373,-0.15133070315035113
Interactive,AFE,0,374,-0.3517252570059244
Interactive,AFE,0,375,-0.673077519225185
Interactive,AFE,0,376,-0.45063639482618545
Interactive,AFE,0,377,-0.06859640225762098
Interactive,AFE,0,378,-0.3138335478299219
Interactive,AFE,0,379,0.6240161751253455
Interactive,AFE,0,380,-0.5591791536073923
Interactive,AFE,0,381,-0.2437455278048274
Interactive,AFE,0,382,-0.2388398192851623
Interactive,AFE,0,383,0.4149770982359773
Interactive,AFE,0,384,0.0035676829065989235
Interactive,AFE,0,385,-0.46288319046549786
Interactive,AFE,0,386,-0.32789258491079865
Interactive,AFE,0,387,0.05828570149519363
Interactive,AFE,0,388,-0.019863415297945552
Interactive,AFE,0,389,-0.4808542867323432
Interactive,AFE,0,390,-0.4212358558541216
Interactive,AFE,0,391,-0.4216110127088004
Interactive,AFE,0,392,-0.23360541818800695
Interactive,AFE,0,393,0.09767116026011036
Interactive,AFE,0,394,0.2089839742859012
Interactive,AFE,0,395,-0.3346713332685858
Interactive,AFE,0,396,-0.569018533053899
Interactive,AFE,0,397,-0.09740924541969054
Interactive,AFE,0,398,-0.572581250864802
Interactive,AFE,0,399,-0.14675154671217427
Interactive,AFE,0,400,-0.3948596275367189
Interactive,AFE,0,401,-0.48168213490233147
Interactive,AFE,0,402,0.2025072081536219
Interactive,AFE,0,403,-0.5577506999938436
Interactive,AFE,0,404,0.46695379468252174
Interactive,AFE,0,405,-0.08232511559709632
Interactive,AFE,0,406,-0.27682493304148215
Interactive,AFE,0,407,-0.07973315130971781
Interactive,AFE,0,408,-0.5821815096524786
Interactive,AFE,0,409,-0.26574104184888636
Interactive,AFE,0,410,-0.21910104510892825
Interactive,AFE,0,411,0.19414536886682865
Interactive,AFE,0,412,-0.26618961555311915
Interactive,AFE,0,413,-0.23959689361008163
Interactive,AFE,0,414,0.16127688174960353
Interactive,AFE,0,415,-0.23410367305711688
Interactive,AFE,0,416,0.2749276060485444
Interactive,AFE,0,417,0.1507312865092134
Interactive,AFE,0,418,-0.23186379585209926
Interactive,AFE,0,419,-0.29113553202168674
Interactive,AFE,0,420,-0.2894733902213782
Interactive,AFE,0,421,0.018408481853463998
Interactive,AFE,0,422,-0.14661605468378502
Interactive,AFE,0,423,0.210368991552909
Interactive,AFE,0,424,-0.5252694090397505
Interactive,AFE,0,425,1.1844062127661612
Interactive,AFE,0,426,-0.1805719709672019
Interactive,AFE,0,427,-0.5669380726653062
Interactive,AFE,0,428,-0.4332550500351734
Interactive,AFE,0,429,-0.6568670588131087
Interactive,AFE,0,430,0.027736602635013874
Interactive,AFE,0,431,-0.31644531865484027
Interactive,AFE,0,432,0.030881826642652044
Interactive,AFE,0,433,0.12477486590258136
Interactive,AFE,0,434,0.03393180023338482
Interactive,AFE,0,435,0.19079065919257188
Interactive,AFE,0,436,-0.090285466140136
Interactive,AFE,0,437,0.13196718744499902
Interactive,AFE,0,438,-0.3081202619089479
Interactive,AFE,0,439,-0.15706133439399117
Interactive,AFE,0,440,-0.6105372384143922
Interactive,AFE,0,441,-0.5462345804836324
Interactive,AFE,0,442,-0.48622092841883946
Interactive,AFE,0,443,-0.4668272926166652
Interactive,AFE,0,444,-0.4214321752237634
Interactive,AFE,0,445,-0.09638238473387017
Interactive,AFE,0,446,-0.2639767785052525
Interactive,AFE,0,447,-0.3531140933976281
Interactive,AFE,0,448,0.018173839535257752
Interactive,AFE,0,449,-0.00565734602942114
Interactive,AFE,0,450,-0.11785553828993656
Interactive,AFE,0,451,0.02431054563352819
Interactive,AFE,0,452,0.5834542789869099
Interactive,AFE,0,453,-0.5343262077116948
Interactive,AFE,0,454,-0.2322363727052179
Interactive,AFE,0,455,-0.4656855000141289
Interactive,AFE,0,456,0.1399943146364826
Interactive,AFE,0,457,-0.27882998254065017
Interactive,AFE,0,458,-0.492699391447986
Interactive,AFE,0,459,-0.15930678721414993
Interactive,AFE,0,460,-0.4404199874855148
Interactive,AFE,0,461,-0.2691789093503818
Interactive,AFE,0,462,-0.2241755988570855
Interactive,AFE,0,463,-0.4517258380528517
Interactive,AFE,0,464,0.3702353407144745
Interactive,AFE,0,465,0.1069044289052592
Interactive,AFE,0,466,-0.051651143642937325
Interactive,AFE,0,467,-0.05055882464586747
Interactive,AFE,0,468,-0.23722927832302043
Interactive,AFE,0,469,0.4944778646169363
Interactive,AFE,0,470,-0.6572535755347486
Interactive,AFE,0,471,-0.42582527051749197
Interactive,AFE,0,472,-0.14861353111703623
Interactive,AFE,0,473,-0.3044685476638731
Interactive,AFE,0,474,0.5264576850517952
Interactive,AFE,0,475,-0.38727304952933794
Interactive,AFE,0,476,0.07028722494228767
Interactive,AFE,0,477,-0.43364297763475357
Interactive,AFE,0,478,-0.2971120468588586
Interactive,AFE,0,479,-0.2657129056697696
Interactive,AFE,0,480,-0.026061393179576786
Interactive,AFE,0,481,-0.5297269041368973
Interactive,AFE,0,482,-0.1395914133852597
Interactive,AFE,0,483,-0.4264208182112932
Interactive,AFE,0,484,-0.3104843145169628
Interactive,AFE,0,485,-0.29093789183703744
Interactive,AFE,0,486,-0.184979984624408
Interactive,AFE,0,487,0.16887685746232406
Interactive,AFE,0,488,-0.36231099439898373
Interactive,AFE,0,489,0.0661009041233318
Interactive,AFE,0,490,0.054374449918511925
Interactive,AFE,0,491,-0.4522585561678433
Interactive,AFE,0,492,0.08595146766294093
Interactive,AFE,0,493,0.01806410484238974
Interactive,AFE,0,494,-0.03846955204951796
Interactive,AFE,0,495,0.024783690278600945
Interactive,AFE,0,496,-0.4237812164609155
Interactive,AFE,0,497,0.23482469614544854
Interactive,AFE,0,498,-0.18763922771932584
Interactive,AFE,0,499,-0.1279056387409908
Interactive,AFE,0,500,-0.09553175782493584
Interactive,AFE,0,501,0.14556170841843175
Interactive,AFE,0,502,-0.4362315478212164
Interactive,AFE,0,503,-0.45329901387383
Interactive,AFE,0,504,-0.6362730682711699
Interactive,AFE,0,505,-0.42272510682429665
Interactive,AFE,0,506,-0.24897738459786134
Interactive,AFE,0,507,0.017640376238027056
Interactive,AFE,0,508,-0.42149881162929714
Interactive,AFE,0,509,-0.7262942987532696
Interactive,AFE,0,510,-0.6706767268377849
Interactive,AFE,0,511,-0.5875483305936413
Interactive,AFE,0,512,-0.21853522411459125
Interactive,AFE,0,513,-0.6223170568634175
Interactive,AFE,0,514,-0.14170968107307302
Interactive,AFE,0,515,0.011666943353167758
Interactive,AFE,0,516,-0.2480537656401559
Interactive,AFE,0,517,-0.3828334748743173
Interactive,AFE,0,518,-0.45891590848955444
Interactive,AFE,0,519,-0.6390268523581714
Interactive,AFE,0,520,-0.2608158496749511
Interactive,AFE,0,521,-0.023465528001756164
Interactive,AFE,0,522,0.7590325549571908
Interactive,AFE,0,523,-0.40841308559362854
Interactive,AFE,0,524,-0.23275797255348551
Interactive,AFE,0,525,-0.3979386545209198
Interactive,AFE,0,526,-0.3741506177403655
Interactive,AFE,0,527,-0.41683272281447226
Interactive,AFE,0,528,-0.7031972157183665
Interactive,AFE,0,529,-0.26428307787967753
Interactive,AFE,0,530,-0.43570408458028453
Interactive,AFE,0,531,-0.6620000617296993
Interactive,AFE,0,532,-0.5948502766999925
Interactive,AFE,0,533,0.18762440713443151
Interactive,AFE,0,534,-0.5685583732939427
Interactive,AFE,0,535,-0.07930690594432366
Interactive,AFE,0,536,-0.15922562051439437
Interactive,AFE,0,537,-0.03846843822897861
Interactive,AFE,0,538,-0.04238680979492593
Interactive,AFE,0,539,-0.3629160061029244
Interactive,AFE,0,540,-0.27392467170959134
Interactive,AFE,0,541,-0.28464815493697204
Interactive,AFE,0,542,-0.13181448021150077
Interactive,AFE,0,543,-0.35515613835888116
Interactive,AFE,0,544,-0.42796380997190675
Interactive,AFE,0,545,0.008206043655802242
Interactive,AFE,0,546,-0.21092039006730867
Interactive,AFE,0,547,-0.3408453405621755
Interactive,AFE,0,548,-0.2086342177540994
Interactive,AFE,0,549,-0.2778138417239381
Interactive,AFE,0,550,-0.009788091121834652
Interactive,AFE,0,551,-0.006108722243632014
Interactive,AFE,0,552,-0.18600347441807608
Interactive,AFE,0,553,0.536046580362844
Interactive,AFE,0,554,-0.4508080379332674
Interactive,AFE,0,555,-0.21240555482316015
Interactive,AFE,0,556,-0.21005362021747775
Interactive,AFE,0,557,-0.6254813281915126
Interactive,AFE,0,558,-0.2190737260634429
Interactive,AFE,0,559,-0.02838264098802179
Interactive,AFE,0,560,-0.17824656121812066
Interactive,AFE,0,561,0.14815181853207293
Interactive,AFE,0,562,-0.6469672501378776
Interactive,AFE,0,563,0.19126686552593908
Interactive,AFE,0,564,-0.07408378206819721
Interactive,AFE,0,565,-0.012856438642063872
Interactive,AFE,0,566,-0.5017840324307057
Interactive,AFE,0,567,-0.09001662486705242
Interactive,AFE,0,568,-0.48482927538250753
Interactive,AFE,0,569,-0.5182875689664581
Interactive,AFE,0,570,-0.6772690181900809
Interactive,AFE,0,571,-0.354060436373944
Interactive,AFE,0,572,-0.07877752594976073
Interactive,AFE,0,573,-0.12042700364962011
Interactive,AFE,0,574,-0.1737065627054456
Interactive,AFE,0,575,-0.0494048229489058
Interactive,AFE,0,576,0.24162779516160326
Interactive,AFE,0,577,-0.5564222095170016
Interactive,AFE,0,578,0.09702605318754554
Interactive,AFE,0,579,-0.3068528213084032
Interactive,AFE,0,580,-0.26144322269016684
Interactive,AFE,0,581,-0.5488617586906501
Interactive,AFE,0,582,-0.11716945434525361
Interactive,AFE,0,583,0.06406664160067255
Interactive,AFE,0,584,-0.29850266662755864
Interactive,AFE,0,585,-0.4089235840931209
Interactive,AFE,0,586,-0.28455442387566665
Interactive,AFE,0,587,-0.4761684498836497
Interactive,AFE,0,588,-0.27037974767052475
Interactive,AFE,0,589,0.4792463491299199
Interactive,AFE,0,590,0.3222233686378124
Interactive,AFE,0,591,-0.49947329761486114
Interactive,AFE,0,592,0.3910644488215984
Interactive,AFE,0,593,-0.3707336796434789
Interactive,AFE,0,594,0.2154532483103575
Interactive,AFE,0,595,-0.4064833039015492
Interactive,AFE,0,596,-0.5532502426145329
Interactive,AFE,0,597,-0.00933292159709287
Interactive,AFE,0,598,0.36777661261238226
Interactive,AFE,0,599,0.3456654068992404
Interactive,AFE,0,600,0.16553725098094274
Interactive,AFE,0,601,0.025771707976915748
Interactive,AFE,0,602,-0.6917256185226568
Interactive,AFE,0,603,-0.21308039389616673
Interactive,AFE,0,604,0.7678932609733129
Interactive,AFE,0,605,-0.20280747499568297
Interactive,AFE,0,606,-0.18776668676317543
Interactive,AFE,0,607,1.6972967824641048
Interactive,AFE,0,608,-0.35478582271567394
Interactive,AFE,0,609,-0.6049097555742837
Interactive,AFE,0,610,-0.25463450963158474
Interactive,AFE,0,611,0.004784886159811874
Interactive,AFE,0,612,0.02813178703726682
Interactive,AFE,0,613,-0.12556588645512468
Interactive,AFE,0,614,-0.12098204089873743
Interactive,AFE,0,615,-0.0857889243601907
Interactive,AFE,0,616,-0.310024152054862
Interactive,AFE,0,617,-0.12070084984380003
Interactive,AFE,0,618,-0.032724081866522314
Interactive,AFE,0,619,-0.5118339412262658
Interactive,AFE,0,620,-0.2845734620956195
Interactive,AFE,0,621,-0.2035686342347809
Interactive,AFE,0,622,-0.6651928448099002
Interactive,AFE,0,623,-0.5744837599415897
Interactive,AFE,0,624,-0.3023451273463167
Interactive,AFE,0,625,-0.20387734476434483
Interactive,AFE,0,626,-0.3748236032866413
Interactive,AFE,0,627,-0.14562467605431162
Interactive,AFE,0,628,-0.15077704565054317
Interactive,AFE,0,629,-0.22214827696899908
Interactive,AFE,0,630,0.0728382727217769
Interactive,AFE,0,631,-0.042870690596504724
Interactive,AFE,0,632,-0.312778708425026
Interactive,AFE,0,633,0.11919893218046962
Interactive,AFE,0,634,0.09789751269328706
Interactive,AFE,0,635,-0.6614005679307462
Interactive,AFE,0,636,-0.19076896830510548
Interactive,AFE,0,637,-0.03794229928332982
Interactive,AFE,0,638,-0.7136448401117637
Interactive,AFE,0,639,0.04804418988393322
Interactive,AFE,0,640,-0.37407192720773763
Interactive,AFE,0,641,-0.12737420276236366
Interactive,AFE,0,642,0.3497653421957647
Interactive,AFE,0,643,-0.1295752091778991
Interactive,AFE,0,644,-0.4102240855955962
Interactive,AFE,0,645,-0.5064472195905163
Interactive,AFE,0,646,-0.3374970969106573
Interactive,AFE,0,647,-0.20058990096556772
Interactive,AFE,0,648,-0.38584737831997085
Interactive,AFE,0,649,-0.3122827609769707
Interactive,AFE,0,650,-0.4393187261476872
Interactive,AFE,0,651,-0.06469307866848673
Interactive,AFE,0,652,-0.21571474659650358
Interactive,AFE,0,653,-0.2261468579740593
Interactive,AFE,0,654,0.281623673955697
Interactive,AFE,0,655,-0.09015670499409745
Interactive,AFE,0,656,-0.3420765586916735
Interactive,AFE,0,657,-0.32503389887265777
Interactive,AFE,0,658,0.6869282965842498
Interactive,AFE,0,659,-0.02652149772968848
Interactive,AFE,0,660,-0.3097130472975843
Interactive,AFE,0,661,-0.36547644254178635
Interactive,AFE,0,662,-0.30883883842732185
Interactive,AFE,0,663,-0.4435589544705443
Interactive,AFE,0,664,-0.7891818530023234
Interactive,AFE,0,665,-0.6690472985781435
Interactive,AFE,0,666,-0.07703394745847558
Interactive,AFE,0,667,0.13199044181949882
Interactive,AFE,0,668,0.17292181632307146
Interactive,AFE,0,669,1.239357826957876
Interactive,AFE,0,670,-0.18405731908652279
Interactive,AFE,0,671,-0.13355354384643614
Interactive,AFE,0,672,-0.1265929745193196
Interactive,AFE,0,673,0.1300233136335378
Interactive,AFE,0,674,-0.06497603584510503
Interactive,AFE,0,675,-0.6160413776291371
Interactive,AFE,0,676,-0.21199965785361863
Interactive,AFE,0,677,0.6404177831747879
Interactive,AFE,0,678,-0.39024789674149385
Interactive,AFE,0,679,-0.5059656361734375
Interactive,AFE,0,680,0.006402871451366643
Interactive,AFE,0,681,-0.21610471961673838
Interactive,AFE,0,682,-0.19644960769954167
Interactive,AFE,0,683,-0.05808897398617585
Interactive,AFE,0,684,-0.23631054667132445
Interactive,AFE,0,685,1.18245439055549
Interactive,AFE,0,686,-0.04428238834858045
Interactive,AFE,0,687,-0.3553595094618368
Interactive,AFE,0,688,-0.3439496193923556
Interactive,AFE,0,689,-0.3461541806225088
Interactive,AFE,0,690,0.6883898034236882
Interactive,AFE,0,691,-0.6358335701235909
Interactive,AFE,0,692,-0.5043099298218793
Interactive,AFE,0,693,-0.5246936032207252
Interactive,AFE,0,694,-0.1586306136719684
Interactive,AFE,0,695,0.5657877875725379
Interactive,AFE,0,696,-0.6744686580380275
Interactive,AFE,0,697,-0.11898155982057812
Interactive,AFE,0,698,0.27537644404759787
Interactive,AFE,0,699,-0.27171305685115776
Interactive,AFE,0,700,-0.01739506348668196
Interactive,AFE,0,701,-0.15949334641206658
Interactive,AFE,0,702,-0.2358509634630983
Interactive,AFE,0,703,-0.7176010930010234
Interactive,AFE,0,704,0.433152970116947
Interactive,AFE,0,705,0.02609027018370913
Interactive,AFE,0,706,-0.28463458776954464
Interactive,AFE,0,707,-0.4392653706998719
Interactive,AFE,0,708,-0.09323202848088519
Interactive,AFE,0,709,-0.5364698450839673
Interactive,AFE,0,710,-0.47209841688278675
Interactive,AFE,0,711,-0.5451779602526385
Interactive,AFE,0,712,-0.08106853440012818
Interactive,AFE,0,713,-0.1507049837819915
Interactive,AFE,0,714,-0.5680707901029773
Interactive,AFE,0,715,-0.36707868774606445
Interactive,AFE,0,716,0.7656818515219259
Interactive,AFE,0,717,0.6704739803954762
Interactive,AFE,0,718,2.0885059657889484
Interactive,AFE,0,719,-0.506232563857628
Interactive,AFE,0,720,-0.5023008851156723
Interactive,AFE,0,721,-0.06921346378982995
Interactive,AFE,0,722,-0.40023062472403836
Interactive,AFE,0,723,-0.5983716374701757
Interactive,AFE,0,724,0.6565373538528068
Interactive,AFE,0,725,-0.14763587197754113
Interactive,AFE,0,726,-0.2177246754277229
Interactive,AFE,0,727,-0.2583261170576606
Interactive,AFE,0,728,-0.4452652752251782
Interactive,AFE,0,729,-0.028648337844992988
Interactive,AFE,0,730,-0.2612535743454454
Interactive,AFE,0,731,-0.527935756629033
Interactive,AFE,0,732,0.4056921680014649
Interactive,AFE,0,733,-0.1628485422941336
Interactive,AFE,0,734,-0.6760424548354735
Interactive,AFE,0,735,-0.14394313529692437
Interactive,AFE,0,736,-0.12260124672845873
Interactive,AFE,0,737,0.5949529185036297
Interactive,AFE,0,738,-0.37698384492808024
Interactive,AFE,0,739,0.8687369615761251
Interactive,AFE,0,740,-0.10267349505892309
Interactive,AFE,0,741,0.9368143508543418
Interactive,AFE,0,742,0.03664999241404998
Interactive,AFE,0,743,-0.040145892070616584
Interactive,AFE,0,744,-0.0186513436823873
Interactive,AFE,0,745,-0.35398704172008066
Interactive,AFE,0,746,-0.7267704451975278
Interactive,AFE,0,747,0.37966762034076607
Interactive,AFE,0,748,-0.3010010406179259
Interactive,AFE,0,749,-0.36477137063424514
Interactive,AFE,0,750,-0.5657627759503265
Interactive,AFE,0,751,-0.28024247874584507
Interactive,AFE,0,752,-0.37030714476393656
Interactive,AFE,0,753,-0.367791810642598
Interactive,AFE,0,754,-0.1209936852727368
Interactive,AFE,0,755,-0.2732820632033587
Interactive,AFE,0,756,-0.5567024408742365
Interactive,AFE,0,757,-0.44934764886251766
Interactive,AFE,0,758,-0.03756834830544775
Interactive,AFE,0,759,-0.02356758680231752
Interactive,AFE,0,760,-0.054181726751890924
Interactive,AFE,0,761,-0.24600813460619742
Interactive,AFE,0,762,0.10252577406255603
Interactive,AFE,0,763,0.4943165570086103
Interactive,AFE,0,764,1.2174286379116288
Interactive,AFE,0,765,0.051338487242704955
Interactive,AFE,0,766,-0.10566015183340827
Interactive,AFE,0,767,0.18281243848286044
Interactive,AFE,0,768,-0.49833421438314496
Interactive,AFE,0,769,-0.33489175785788783
Interactive,AFE,0,770,-0.69748416479971
Interactive,AFE,0,771,-0.412076630921802
Interactive,AFE,0,772,0.1729794901010333
Interactive,AFE,0,773,0.534534725071687
Interactive,AFE,0,774,-0.4073204897331083
Interactive,AFE,0,775,-0.3559263579643135
Interactive,AFE,0,776,-0.08308789468569944
Interactive,AFE,0,777,0.04807107441472702
Interactive,AFE,0,778,-0.22851400113864506
Interactive,AFE,0,779,-0.33771016522228436
Interactive,AFE,0,780,-0.5009450296805493
Interactive,AFE,0,781,-0.5513903935035699
Interactive,AFE,0,782,-0.1754076984327314
Interactive,AFE,0,783,-0.5120243557588138
Interactive,AFE,0,784,-0.6446092714320333
Interactive,AFE,0,785,-0.8527156487342241
Interactive,AFE,0,786,-0.3350509478712641
Interactive,AFE,0,787,-0.02048153839899214
Interactive,AFE,0,788,-0.024687724354419904
Interactive,AFE,0,789,-0.19336102573521918
Interactive,AFE,0,790,0.6070337087761706
Interactive,AFE,0,791,-0.3882743000962474
Interactive,AFE,0,792,-0.11910464567210499
Interactive,AFE,0,793,-0.41886684868993873
Interactive,AFE,0,794,-0.09229132863653067
Interactive,AFE,0,795,0.0023261658788495954
Interactive,AFE,0,796,-0.40571486161162607
Interactive,AFE,0,797,0.3027896637605585
Interactive,AFE,0,798,0.47218592097880085
Interactive,AFE,0,799,-0.2686985668931433
Interactive,AFE,0,800,-0.23362620346265173
Interactive,AFE,0,801,-0.33661010167987304
Interactive,AFE,0,802,-0.30358079341417454
Interactive,AFE,0,803,-0.26350342953451766
Interactive,AFE,0,804,-0.05547465920165362
Interactive,AFE,0,805,0.8392142092609356
Interactive,AFE,0,806,0.11701495416992302
Interactive,AFE,0,807,0.07161188694969267
Interactive,AFE,0,808,-0.5014704935076748
Interactive,AFE,0,809,-0.35274272720829836
Interactive,AFE,0,810,-0.2471702701960402
Interactive,AFE,0,811,-0.5017942560839139
Interactive,AFE,0,812,-0.10385077624847838
Interactive,AFE,0,813,-0.10874699063388427
Interactive,AFE,0,814,-0.2988347706074651
Interactive,AFE,0,815,0.38974360811807585
Interactive,AFE,0,816,-0.015072548856660428
Interactive,AFE,0,817,-0.39931039508045785
Interactive,AFE,0,818,0.11962181897639512
Interactive,AFE,0,819,-0.20716300953847877
Interactive,AFE,0,820,-0.04278759060289894
Interactive,AFE,0,821,-0.3869687263673083
Interactive,AFE,0,822,-0.009688978480292043
Interactive,AFE,0,823,0.34645025811027463
Interactive,AFE,0,824,-0.3186983242191518
Interactive,AFE,0,825,0.4615986546621593
Interactive,AFE,0,826,0.16432709376624222
Interactive,AFE,0,827,-0.44083267510965096
Interactive,AFE,0,828,-0.2827906090412524
Interactive,AFE,0,829,-0.686054452000884
Interactive,AFE,0,830,-0.1613932776171092
Interactive,AFE,0,831,-0.1342362407911435
Interactive,AFE,0,832,-0.44581953077406167
Interactive,AFE,0,833,-0.3743285862194875
Interactive,AFE,0,834,0.13539575077915433
Interactive,AFE,0,835,-0.4987117059769772
Interactive,AFE,0,836,-0.17538462523251452
Interactive,AFE,0,837,-0.6518800207317818
Interactive,AFE,0,838,0.9081101237839331
Interactive,AFE,0,839,0.6450914539297337
Interactive,AFE,0,840,-0.08293621887823366
Interactive,AFE,0,841,-0.015282967578015283
Interactive,AFE,0,842,-0.10007995593282626
Interactive,AFE,0,843,-0.33331846026590184
Interactive,AFE,0,844,-0.48236655152928
Interactive,AFE,0,845,-0.6620279814505305
Interactive,AFE,0,846,0.1663693753638722
Interactive,AFE,0,847,-0.7451908407535468
Interactive,AFE,0,848,-0.402305694934631
Interactive,AFE,0,849,-0.3377668599099214
Interactive,AFE,0,850,0.3832560071540716
Interactive,AFE,0,851,-0.3652270606232455
Interactive,AFE,0,852,-0.03636329224060553
Interactive,AFE,0,853,-0.4315732174094852
Interactive,AFE,0,854,-0.006247293682557831
Interactive,AFE,0,855,-0.30780284453944184
Interactive,AFE,0,856,-0.1701867945258817
Interactive,AFE,0,857,-0.2905088514024109
Interactive,AFE,0,858,0.07876982171257474
Interactive,AFE,0,859,-0.3662049141921414
Interactive,AFE,0,860,-0.25396393984017884
Interactive,AFE,0,861,0.19393217466149792
Interactive,AFE,0,862,0.07502309468791957
Interactive,AFE,0,863,0.10665846625125242
Interactive,AFE,0,864,-0.05786512596512727
Interactive,AFE,0,865,0.16426911991707227
Interactive,AFE,0,866,-0.4571033355161084
Interactive,AFE,0,867,-0.22673085193132114
Interactive,AFE,0,868,0.06703040333502153
Interactive,AFE,0,869,-0.13097504734660326
Interactive,AFE,0,870,-0.6165314467435872
Interactive,AFE,0,871,-0.2752388067307352
Interactive,AFE,0,872,-0.2954209472919338
Interactive,AFE,0,873,-0.27477176457774366
Interactive,AFE,0,874,-0.015146186907506687
Interactive,AFE,0,875,-0.038210129051600705
Interactive,AFE,0,876,-0.12932793945560894
Interactive,AFE,0,877,-0.2799746831707358
Interactive,AFE,0,878,-0.4200266036121302
Interactive,AFE,0,879,-0.40097053154151063
Interactive,AFE,0,880,-0.574320791988985
Interactive,AFE,0,881,-0.30462061774716587
Interactive,AFE,0,882,0.43636789699096856
Interactive,AFE,0,883,0.37161250899668086
Interactive,AFE,0,884,-0.46379964110088456
Interactive,AFE,0,885,0.9437362554848994
Interactive,AFE,0,886,-0.08566988383844076
Interactive,AFE,0,887,-0.12574972379042904
Interactive,AFE,0,888,0.025039503093351012
Interactive,AFE,0,889,0.36321616634750264
Interactive,AFE,0,890,-0.5712178276157238
Interactive,AFE,0,891,-0.35866484745797
Interactive,AFE,0,892,-0.17359750120768702
Interactive,AFE,0,893,-0.44505997075411974
Interactive,AFE,0,894,-0.1848391046723824
Interactive,AFE,0,895,-0.2283556137214806
Interactive,AFE,0,896,-0.30835502735910547
Interactive,AFE,0,897,0.06737367214168932
Interactive,AFE,0,898,-0.4862694967790524
Interactive,AFE,0,899,-0.6027185651877909
Interactive,AFE,0,900,0.18760024530016262
Interactive,AFE,0,901,-0.7380787047139894
Interactive,AFE,0,902,-0.19887384912661255
Interactive,AFE,0,903,-0.23419454866320055
Interactive,AFE,0,904,0.3272089475031772
Interactive,AFE,0,905,0.6793350043388142
Interactive,AFE,0,906,0.5486162233113241
Interactive,AFE,0,907,-0.5504384338551956
Interactive,AFE,0,908,-0.4343695550369824
Interactive,AFE,0,909,-0.07492435710448042
Interactive,AFE,0,910,0.8634602688480957
Interactive,AFE,0,911,-0.40472490669195205
Interactive,AFE,0,912,-0.47425552159081275
Interactive,AFE,0,913,0.08518105402764098
Interactive,AFE,0,914,-0.37000678590166525
Interactive,AFE,0,915,-0.5491660968864214
Interactive,AFE,0,916,-0.5126094792174931
Interactive,AFE,0,917,-0.38629869855144783
Interactive,AFE,0,918,-0.6230885645399331
Interactive,AFE,0,919,-0.0982636524220094
Interactive,AFE,0,920,0.050825184226998665
Interactive,AFE,0,921,-0.13728128127719974
Interactive,AFE,0,922,-0.26980977661866357
Interactive,AFE,0,923,0.3554544064516112
Interactive,AFE,0,924,-0.14558890113623613
Interactive,AFE,0,925,-0.22130919689145778
Interactive,AFE,0,926,0.2131933068376375
Interactive,AFE,0,927,0.4511227465398773
Interactive,AFE,0,928,0.9812907466488796
Interactive,AFE,0,929,-0.5489900727857189
Interactive,AFE,0,930,1.423435803863169
Interactive,AFE,0,931,-0.18127527207929983
Interactive,AFE,0,932,-0.505604351071022
Interactive,AFE,0,933,0.28612002170539297
Interactive,AFE,0,934,0.15295091661466031
Interactive,AFE,0,935,0.5909837808771485
Interactive,AFE,0,936,-0.3967509356879021
Interactive,AFE,0,937,-0.5810815869301726
Interactive,AFE,0,938,-0.19034751670317496
Interactive,AFE,0,939,-0.2575208587425818
Interactive,AFE,0,940,-0.038569066891757986
Interactive,AFE,0,941,0.05729300103511337
Interactive,AFE,0,942,-0.1909174043975751
Interactive,AFE,0,943,-0.43136445165716386
Interactive,AFE,0,944,-0.32887524816370095
Interactive,AFE,0,945,-0.23094688663719276
Interactive,AFE,0,946,-0.24944456593491815
Interactive,AFE,0,947,-0.10521415204349949
Interactive,AFE,0,948,0.10690862175878069
Interactive,AFE,0,949,0.2592244149081995
Interactive,AFE,0,950,-0.14773433558847382
Interactive,AFE,0,951,-0.13603498880865605
Interactive,AFE,0,952,-0.40368145542849054
Interactive,AFE,0,953,-0.26825864057462667
Interactive,AFE,0,954,0.3929162843511851
Interactive,AFE,0,955,-0.5493614807188472
Interactive,AFE,0,956,-0.44064103033126767
Interactive,AFE,0,957,-0.38214335255213194
Interactive,AFE,0,958,0.33157951326374335
Interactive,AFE,0,959,0.08842099987450247
Interactive,AFE,0,960,-0.3256641860278603
Interactive,AFE,0,961,-0.3561794331035065
Interactive,AFE,0,962,-0.5734231407946855
Interactive,AFE,0,963,-0.13172186617448645
Interactive,AFE,0,964,-0.6301804643905033
Interactive,AFE,0,965,-0.26344282645722295
Interactive,AFE,0,966,0.05531773313168853
Interactive,AFE,0,967,0.17979837363458495
Interactive,AFE,0,968,-0.43679870746125105
Interactive,AFE,0,969,-0.4012730002115602
Interactive,AFE,0,970,-0.38045334717486956
Interactive,AFE,0,971,-0.014675458428392019
Interactive,AFE,0,972,-0.007185958058837483
Interactive,AFE,0,973,-0.06785963709437237
Interactive,AFE,0,974,-0.24272790203902883
Interactive,AFE,0,975,-0.0368342078726136
Interactive,AFE,0,976,-0.3388483419640389
Interactive,AFE,0,977,-0.6967918308004326
Interactive,AFE,0,978,-0.6463573047776126
Interactive,AFE,0,979,0.09246537190433979
Interactive,AFE,0,980,-0.5402196625329779
Interactive,AFE,0,981,-0.32053701216013986
Interactive,AFE,0,982,0.46483505631978717
Interactive,AFE,0,983,0.3254446182465178
Interactive,AFE,0,984,-0.024960569953063616
Interactive,AFE,0,985,0.10461525817865791
Interactive,AFE,0,986,-0.6030212170756314
Interactive,AFE,0,987,-0.3736753261182736
Interactive,AFE,0,988,-0.6049924956576254
Interactive,AFE,0,989,-0.30633875207897743
Interactive,AFE,0,990,-0.4184030279145524
Interactive,AFE,0,991,-0.08138832416187058
Interactive,AFE,0,992,0.05094864896260831
Interactive,AFE,0,993,-0.1444895664967838
Interactive,AFE,0,994,-0.4312677838742246
Interactive,AFE,0,995,-0.047067514558485235
Interactive,AFE,0,996,-0.324373391957677
Interactive,AFE,0,997,0.39526158122733657
Interactive,AFE,0,998,-0.5740351177922558
Interactive,AFE,0,999,-0.30034123020124526
Interactive,AFE,0,1000,-0.41583738864163433
Interactive,AFE,1,1,-0.733761083379398
Interactive,AFE,1,2,-0.6226276438528424
Interactive,AFE,1,3,0.3500603942569831
Interactive,AFE,1,4,-0.4052317532121441
Interactive,AFE,1,5,-0.3079579725835835
Interactive,AFE,1,6,-0.3798522770347763
Interactive,AFE,1,7,-0.06201870592823544
Interactive,AFE,1,8,-0.2908198409526016
Interactive,AFE,1,9,0.0038939030290994214
Interactive,AFE,1,10,-0.5323519925634095
Interactive,AFE,1,11,-0.24476851726994853
Interactive,AFE,1,12,-0.7408663485093568
Interactive,AFE,1,13,0.04102962822876899
Interactive,AFE,1,14,0.19586400870421228
Interactive,AFE,1,15,0.44097934173745945
Interactive,AFE,1,16,-0.6056693555223529
Interactive,AFE,1,17,-0.4947044013526082
Interactive,AFE,1,18,-0.5875596449588762
Interactive,AFE,1,19,-0.07473583633761116
Interactive,AFE,1,20,-0.8237931053059411
Interactive,AFE,1,21,0.6090280636787695
Interactive,AFE,1,22,-0.636461376745956
Interactive,AFE,1,23,0.017664408550214228
Interactive,AFE,1,24,-0.4518670843890693
Interactive,AFE,1,25,0.9089878665105877
Interactive,AFE,1,26,0.6569328008514759
Interactive,AFE,1,27,0.6138634822928077
Interactive,AFE,1,28,2.0861695817470514
Interactive,AFE,1,29,2.754113380418765
Interactive,AFE,1,30,0.13796528265130403
Interactive,AFE,1,31,-0.33589337429745025
Interactive,AFE,1,32,-0.4849447239875141
Interactive,AFE,1,33,-0.7011850105497943
Interactive,AFE,1,34,-0.49013838866921355
Interactive,AFE,1,35,-0.12952897445792189
Interactive,AFE,1,36,0.38098925978048515
Interactive,AFE,1,37,-0.24142874376708034
Interactive,AFE,1,38,-0.699439194743806
Interactive,AFE,1,39,-0.18138364613971125
Interactive,AFE,1,40,0.09308116308738179
Interactive,AFE,1,41,-0.43739433065752953
Interactive,AFE,1,42,-0.4406898149614942
Interactive,AFE,1,43,0.17261652534821503
Interactive,AFE,1,44,0.6019336400550788
Interactive,AFE,1,45,-0.23612577805319257
Interactive,AFE,1,46,-0.7448133018406998
Interactive,AFE,1,47,-0.5196193606920274
Interactive,AFE,1,48,-0.21002486434831413
Interactive,AFE,1,49,-0.5301429193196752
Interactive,AFE,1,50,0.7954492814421852
Interactive,AFE,1,51,1.6109704081231624
Interactive,AFE,1,52,-0.500302988949833
Interactive,AFE,1,53,0.2781553768536693
Interactive,AFE,1,54,-0.6881896639535572
Interactive,AFE,1,55,-0.5218980351303532
Interactive,AFE,1,56,0.4164369681654634
Interactive,AFE,1,57,-0.3175814416116103
Interactive,AFE,1,58,0.2606119014632624
Interactive,AFE,1,59,-0.26996619819707857
Interactive,AFE,1,60,-0.6413899271990596
Interactive,AFE,1,61,-0.0904274816055568
Interactive,AFE,1,62,-0.11224854140828644
Interactive,AFE,1,63,0.2397420920980342
Interactive,AFE,1,64,-0.2467874837243046
Interactive,AFE,1,65,-0.5496335612385397
Interactive,AFE,1,66,-0.5904498999345789
Interactive,AFE,1,67,0.3140968214609623
Interactive,AFE,1,68,-0.5276953474725307
Interactive,AFE,1,69,-0.4546379358572278
Interactive,AFE,1,70,-0.6252072965698139
Interactive,AFE,1,71,0.4562147606924132
Interactive,AFE,1,72,-0.3724993187087029
Interactive,AFE,1,73,-0.10495387558009817
Interactive,AFE,1,74,1.3120179395251905
Interactive,AFE,1,75,0.23064021030348902
Interactive,AFE,1,76,-0.3915839963849367
Interactive,AFE,1,77,0.0153384553271394
Interactive,AFE,1,78,0.2137088983483808
Interactive,AFE,1,79,-0.5240820619743809
Interactive,AFE,1,80,0.09998601413330421
Interactive,AFE,1,81,-0.05317931225732442
Interactive,AFE,1,82,-0.635994680773599
Interactive,AFE,1,83,-0.33996105597116477
Interactive,AFE,1,84,0.5803099815239825
Interactive,AFE,1,85,-0.6898591074085669
Interactive,AFE,1,86,-0.0832230040669768
Interactive,AFE,1,87,-0.21330781529859377
Interactive,AFE,1,88,-0.6847169789792809
Interactive,AFE,1,89,-0.2135686758316353
Interactive,AFE,1,90,-0.4256381887940408
Interactive,AFE,1,91,0.06249418125057482
Interactive,AFE,1,92,-0.09769901985045848
Interactive,AFE,1,93,0.287111472637245
Interactive,AFE,1,94,-0.6120100344449245
Interactive,AFE,1,95,-0.5894648188292686
Interactive,AFE,1,96,1.4615678509107966
Interactive,AFE,1,97,0.8318324553873606
Interactive,AFE,1,98,-0.2654395335966253
Interactive,AFE,1,99,0.1460653215172798
Interactive,AFE,1,100,-0.513693477633643
Interactive,AFE,1,101,-0.1526288882492447
Interactive,AFE,1,102,0.08301955856810572
Interactive,AFE,1,103,0.027359269464059865
Interactive,AFE,1,104,-0.2613157998198635
Interactive,AFE,1,105,0.16346709419423866
Interactive,AFE,1,106,-0.5146153539002949
Interactive,AFE,1,107,-0.030442666057934997
Interactive,AFE,1,108,-0.45505237003325916
Interactive,AFE,1,109,-0.045552040014985806
Interactive,AFE,1,110,-0.4649600827948711
Interactive,AFE,1,111,-0.6864639983348433
Interactive,AFE,1,112,-0.031144625634518586
Interactive,AFE,1,113,-0.3908190338951434
Interactive,AFE,1,114,-0.0015668127184876868
Interactive,AFE,1,115,-0.4833409961336669
Interactive,AFE,1,116,-0.3940516720431759
Interactive,AFE,1,117,-0.2916950206240082
Interactive,AFE,1,118,0.301938359399031
Interactive,AFE,1,119,-0.07954173562414169
Interactive,AFE,1,120,-0.4016795091353339
Interactive,AFE,1,121,-0.5689722615981302
Interactive,AFE,1,122,0.17107754328223534
Interactive,AFE,1,123,0.4037532121724696
Interactive,AFE,1,124,0.6404027924605118
Interactive,AFE,1,125,-0.45056321467297133
Interactive,AFE,1,126,-0.3043257649378013
Interactive,AFE,1,127,0.5006748655845918
Interactive,AFE,1,128,-0.4445748050747578
Interactive,AFE,1,129,0.039479247776686766
Interactive,AFE,1,130,-0.4684265511550856
Interactive,AFE,1,131,0.9166234503378019
Interactive,AFE,1,132,-0.4019391479221667
Interactive,AFE,1,133,-0.6601495264159823
Interactive,AFE,1,134,0.6191348136862174
Interactive,AFE,1,135,-0.17047422839089055
Interactive,AFE,1,136,-0.1591648588453317
Interactive,AFE,1,137,-0.4626683285288291
Interactive,AFE,1,138,-0.4766465629603228
Interactive,AFE,1,139,-0.35640400331521105
Interactive,AFE,1,140,0.8399372125877576
Interactive,AFE,1,141,0.8946742116456439
Interactive,AFE,1,142,-0.4308823992777364
Interactive,AFE,1,143,-0.5511485775241869
Interactive,AFE,1,144,-0.2275113398462565
Interactive,AFE,1,145,-0.47670041380577266
Interactive,AFE,1,146,-0.5942636137979849
Interactive,AFE,1,147,-0.06783803328829363
Interactive,AFE,1,148,0.6703595418675679
Interactive,AFE,1,149,-0.017033814770237576
Interactive,AFE,1,150,-0.4024668513614511
Interactive,AFE,1,151,0.28641592099059343
Interactive,AFE,1,152,-0.12104243230141998
Interactive,AFE,1,153,-0.7276430474458585
Interactive,AFE,1,154,0.14405976802639864
Interactive,AFE,1,155,-0.26173265110331423
Interactive,AFE,1,156,-0.28157621457627857
Interactive,AFE,1,157,-0.6590935743986683
Interactive,AFE,1,158,0.11915757711858976
Interactive,AFE,1,159,-0.5322960070382705
Interactive,AFE,1,160,-0.4864767474538306
Interactive,AFE,1,161,-0.11578978205203305
Interactive,AFE,1,162,-0.11049105733842146
Interactive,AFE,1,163,-0.41898059637825535
Interactive,AFE,1,164,0.17519740103826176
Interactive,AFE,1,165,-0.15721027938145438
Interactive,AFE,1,166,1.1679643217682738
Interactive,AFE,1,167,0.4959909299280896
Interactive,AFE,1,168,1.636559127741982
Interactive,AFE,1,169,-0.277965487108914
Interactive,AFE,1,170,0.5481141824351876
Interactive,AFE,1,171,0.6041446655531415
Interactive,AFE,1,172,0.2587049585522203
Interactive,AFE,1,173,-0.7038475923723323
Interactive,AFE,1,174,-0.7053502158225429
Interactive,AFE,1,175,-0.5038401274004624
Interactive,AFE,1,176,-0.11035093228731829
Interactive,AFE,1,177,-0.39803100669426617
Interactive,AFE,1,178,-0.41022507633514216
Interactive,AFE,1,179,-0.6489052810177678
Interactive,AFE,1,180,-0.6787653739365771
Interactive,AFE,1,181,-0.3137025399376111
Interactive,AFE,1,182,-0.08631528383853182
Interactive,AFE,1,183,0.44510534982852956
Interactive,AFE,1,184,0.11731805524845451
Interactive,AFE,1,185,-0.11236447225693269
Interactive,AFE,1,186,0.2661516575942333
Interactive,AFE,1,187,-0.32300526039893807
Interactive,AFE,1,188,-0.03391221225470842
Interactive,AFE,1,189,-0.4922874463657402
Interactive,AFE,1,190,-0.29616479663538864
Interactive,AFE,1,191,0.7248528856266792
Interactive,AFE,1,192,0.3966827720732855
Interactive,AFE,1,193,-0.3682632305645458
Interactive,AFE,1,194,-0.09309268133255544
Interactive,AFE,1,195,-0.7617221785846993
Interactive,AFE,1,196,-0.41485379972366343
Interactive,AFE,1,197,0.25917317104698734
Interactive,AFE,1,198,0.13290876543375085
Interactive,AFE,1,199,0.4317063087842161
Interactive,AFE,1,200,-0.7144036153313791
Interactive,AFE,1,201,-0.10913990223537395
Interactive,AFE,1,202,0.9260052231434344
Interactive,AFE,1,203,0.1254273351453583
Interactive,AFE,1,204,-0.2446263616047223
Interactive,AFE,1,205,-0.5382551304752552
Interactive,AFE,1,206,0.5652543722939611
Interactive,AFE,1,207,-0.5757077611107038
Interactive,AFE,1,208,-0.1300941974681461
Interactive,AFE,1,209,-0.5778966771632963
Interactive,AFE,1,210,0.24805822919129938
Interactive,AFE,1,211,0.12905860646713396
Interactive,AFE,1,212,-0.5698635490481612
Interactive,AFE,1,213,3.3855764464925526
Interactive,AFE,1,214,-0.6220236761801904
Interactive,AFE,1,215,1.1517330756876398
Interactive,AFE,1,216,-0.24621533715050947
Interactive,AFE,1,217,-0.0039000087109277715
Interactive,AFE,1,218,-0.5198211666932911
Interactive,AFE,1,219,-0.35445393003734904
Interactive,AFE,1,220,-0.5628460675311304
Interactive,AFE,1,221,-0.06351682928520974
Interactive,AFE,1,222,0.04329141461494168
Interactive,AFE,1,223,-0.7266697401866604
Interactive,AFE,1,224,-0.5996977054948615
Interactive,AFE,1,225,-0.32877511327548103
Interactive,AFE,1,226,-0.4298566629252648
Interactive,AFE,1,227,-0.4437540105629493
Interactive,AFE,1,228,-0.14533850986751518
Interactive,AFE,1,229,-0.8362901333180313
Interactive,AFE,1,230,-0.7353570485272983
Interactive,AFE,1,231,-0.4201129847529601
Interactive,AFE,1,232,-0.07002189739115372
Interactive,AFE,1,233,0.05952484679057002
Interactive,AFE,1,234,-0.7608529842735015
Interactive,AFE,1,235,-0.26330699566358384
Interactive,AFE,1,236,0.15942194057162706
Interactive,AFE,1,237,-0.513495672305403
Interactive,AFE,1,238,0.05893435633142041
Interactive,AFE,1,239,0.9135420822528282
Interactive,AFE,1,240,-0.47810103337073373
Interactive,AFE,1,241,-1.894648369576979e-4
Interactive,AFE,1,242,-0.39966628815833194
Interactive,AFE,1,243,-0.4904544754664074
Interactive,AFE,1,244,-0.16058756144217912
Interactive,AFE,1,245,-0.7030073486613394
Interactive,AFE,1,246,-0.6864891999339534
Interactive,AFE,1,247,-0.7143580958653002
Interactive,AFE,1,248,-0.3571244182075164
Interactive,AFE,1,249,-0.3362881684289697
Interactive,AFE,1,250,-0.6886133185407645
Interactive,AFE,1,251,0.0648816541918742
Interactive,AFE,1,252,-0.523903457111343
Interactive,AFE,1,253,0.11280453728231454
Interactive,AFE,1,254,-0.3292777232205507
Interactive,AFE,1,255,0.03545592563253108
Interactive,AFE,1,256,-0.7770371959311524
Interactive,AFE,1,257,-0.27452234279424725
Interactive,AFE,1,258,0.8147954752693443
Interactive,AFE,1,259,-0.010204575595800014
Interactive,AFE,1,260,-0.47080035591786895
Interactive,AFE,1,261,-0.11686180173981264
Interactive,AFE,1,262,-0.7893572812007215
Interactive,AFE,1,263,0.8544316012608271
Interactive,AFE,1,264,-0.14575064093205703
Interactive,AFE,1,265,1.2839762442758782
Interactive,AFE,1,266,-0.6423812441520915
Interactive,AFE,1,267,-0.3573402645197571
Interactive,AFE,1,268,0.5035416944580335
Interactive,AFE,1,269,-0.6308048325107087
Interactive,AFE,1,270,-0.323157814819672
Interactive,AFE,1,271,0.19487810480813272
Interactive,AFE,1,272,-0.4763947348324856
Interactive,AFE,1,273,-0.7140201627210241
Interactive,AFE,1,274,0.38084590641824345
Interactive,AFE,1,275,-0.21786015919931567
Interactive,AFE,1,276,-0.06494637639044798
Interactive,AFE,1,277,0.4841086845062301
Interactive,AFE,1,278,-0.3105231282746974
Interactive,AFE,1,279,0.8088078436650223
Interactive,AFE,1,280,-0.06378698709989594
Interactive,AFE,1,281,-0.08965305746356256
Interactive,AFE,1,282,0.6968236596206461
Interactive,AFE,1,283,-0.17779966417102444
Interactive,AFE,1,284,-0.45907599527056564
Interactive,AFE,1,285,-0.17195144273729734
Interactive,AFE,1,286,-0.41293135267984604
Interactive,AFE,1,287,0.10569024372844193
Interactive,AFE,1,288,0.04066737202742288
Interactive,AFE,1,289,-0.6516693923795608
Interactive,AFE,1,290,-0.18543068074619973
Interactive,AFE,1,291,-0.534324610839018
Interactive,AFE,1,292,-0.38732648824621396
Interactive,AFE,1,293,-0.7436244203235354
Interactive,AFE,1,294,-0.08061152106903857
Interactive,AFE,1,295,-0.18627439041614502
Interactive,AFE,1,296,-0.4757704698023427
Interactive,AFE,1,297,-0.6922469015611739
Interactive,AFE,1,298,0.10676405782923148
Interactive,AFE,1,299,-0.6246269388816038
Interactive,AFE,1,300,-0.33386575107212557
Interactive,AFE,1,301,0.9229300666863327
Interactive,AFE,1,302,-0.2738901970220907
Interactive,AFE,1,303,-0.7507955807176663
Interactive,AFE,1,304,0.11322252593819226
Interactive,AFE,1,305,1.8652397183602898
Interactive,AFE,1,306,-0.3191159034875283
Interactive,AFE,1,307,0.46940018513419113
Interactive,AFE,1,308,-0.187935009569012
Interactive,AFE,1,309,-0.7642511860152414
Interactive,AFE,1,310,-0.43559033550733406
Interactive,AFE,1,311,-0.5517686617644941
Interactive,AFE,1,312,-0.5861782689948044
Interactive,AFE,1,313,-0.3682331464899816
Interactive,AFE,1,314,-0.40064738816557144
Interactive,AFE,1,315,-0.1620816301035668
Interactive,AFE,1,316,-0.28858439736891706
Interactive,AFE,1,317,-0.4472429007440648
Interactive,AFE,1,318,0.7218243037116963
Interactive,AFE,1,319,-0.46346711263110973
Interactive,AFE,1,320,0.10442190098326631
Interactive,AFE,1,321,-0.5315432726428352
Interactive,AFE,1,322,-0.48037869267449396
Interactive,AFE,1,323,-0.4346276869312996
Interactive,AFE,1,324,-0.24833337916721254
Interactive,AFE,1,325,-0.27991677175387064
Interactive,AFE,1,326,0.10786424967942643
Interactive,AFE,1,327,-0.3193097350924504
Interactive,AFE,1,328,-0.3277476479825381
Interactive,AFE,1,329,0.639729085137307
Interactive,AFE,1,330,-0.33589030753854787
Interactive,AFE,1,331,0.04495860650402417
Interactive,AFE,1,332,-0.11071181866965507
Interactive,AFE,1,333,-0.06355652438519432
Interactive,AFE,1,334,0.8533048993275714
Interactive,AFE,1,335,-0.699035684895001
Interactive,AFE,1,336,-0.09099701848064368
Interactive,AFE,1,337,0.23448798085476108
Interactive,AFE,1,338,-0.2580968975442469
Interactive,AFE,1,339,-0.09905215584014537
Interactive,AFE,1,340,-0.08320053490547719
Interactive,AFE,1,341,0.9806951125935863
Interactive,AFE,1,342,1.2857879521980977
Interactive,AFE,1,343,-0.13780966441868958
Interactive,AFE,1,344,0.3232597569919917
Interactive,AFE,1,345,-0.12265803692824084
Interactive,AFE,1,346,-0.10494750006136722
Interactive,AFE,1,347,-0.09480488942722876
Interactive,AFE,1,348,-0.5620586480145808
Interactive,AFE,1,349,-0.39873112140601696
Interactive,AFE,1,350,0.07797369136072474
Interactive,AFE,1,351,-0.6188751200466461
Interactive,AFE,1,352,-0.2187009928712058
Interactive,AFE,1,353,-0.0978832793167812
Interactive,AFE,1,354,-0.3319460534642511
Interactive,AFE,1,355,-0.8504302884154878
Interactive,AFE,1,356,0.3188321488644288
Interactive,AFE,1,357,-0.06006509811076155
Interactive,AFE,1,358,0.7558000036875288
Interactive,AFE,1,359,3.5567929864711996
Interactive,AFE,1,360,0.33758596490422965
Interactive,AFE,1,361,-0.30849328973251067
Interactive,AFE,1,362,0.05097924226852424
Interactive,AFE,1,363,-0.5480410771033131
Interactive,AFE,1,364,-0.2435188062572341
Interactive,AFE,1,365,-0.4009162665139555
Interactive,AFE,1,366,-0.720031244019578
Interactive,AFE,1,367,0.3224251124998059
Interactive,AFE,1,368,-0.426583210187628
Interactive,AFE,1,369,-0.36821711879587216
Interactive,AFE,1,370,-0.635267886898798
Interactive,AFE,1,371,-0.17478490733964114
Interactive,AFE,1,372,-0.37590808312071333
Interactive,AFE,1,373,-0.16464973693217622
Interactive,AFE,1,374,-0.7436559450092346
Interactive,AFE,1,375,0.44457751350080965
Interactive,AFE,1,376,-0.48977003988163037
Interactive,AFE,1,377,-0.6991133684604418
Interactive,AFE,1,378,0.1865610273071312
Interactive,AFE,1,379,0.5091225333446279
Interactive,AFE,1,380,-0.4391202303862979
Interactive,AFE,1,381,-0.599250903061275
Interactive,AFE,1,382,-0.45347088682989234
Interactive,AFE,1,383,-0.2385220435735882
Interactive,AFE,1,384,-0.547349784591307
Interactive,AFE,1,385,0.27734790310846735
Interactive,AFE,1,386,-0.22776964437701552
Interactive,AFE,1,387,-0.45277435940709365
Interactive,AFE,1,388,0.30586837303569014
Interactive,AFE,1,389,-0.20354806643863277
Interactive,AFE,1,390,-0.36736785202108924
Interactive,AFE,1,391,-0.2159226973079711
Interactive,AFE,1,392,-0.26604623685541706
Interactive,AFE,1,393,-0.3553904082013022
Interactive,AFE,1,394,-0.11185422781420906
Interactive,AFE,1,395,-0.4052819924612422
Interactive,AFE,1,396,-0.17926327616349136
Interactive,AFE,1,397,-0.030954834497927908
Interactive,AFE,1,398,0.6876794963983723
Interactive,AFE,1,399,-0.5408608277601903
Interactive,AFE,1,400,-0.481277022988402
Interactive,AFE,1,401,0.6832711204262154
Interactive,AFE,1,402,0.031321998061239587
Interactive,AFE,1,403,-0.45203176363025255
Interactive,AFE,1,404,-0.09947052715118765
Interactive,AFE,1,405,-0.28192243186540655
Interactive,AFE,1,406,-0.645806630972392
Interactive,AFE,1,407,-0.1965397630063117
Interactive,AFE,1,408,-0.28417446125378576
Interactive,AFE,1,409,1.4043260922668557
Interactive,AFE,1,410,-0.4549512792467818
Interactive,AFE,1,411,0.11574173432871149
Interactive,AFE,1,412,0.38164320027032983
Interactive,AFE,1,413,-0.21923021379644236
Interactive,AFE,1,414,1.070981177958212
Interactive,AFE,1,415,-0.5305650275378666
Interactive,AFE,1,416,-0.7452186993336052
Interactive,AFE,1,417,-0.4796626102529217
Interactive,AFE,1,418,-0.7779465022213286
Interactive,AFE,1,419,-0.3974088409421701
Interactive,AFE,1,420,-0.1434394131255311
Interactive,AFE,1,421,-0.33556739810510416
Interactive,AFE,1,422,3.0396416048753734
Interactive,AFE,1,423,-0.49330247026209084
Interactive,AFE,1,424,-0.15313020253703524
Interactive,AFE,1,425,-0.11211944963245812
Interactive,AFE,1,426,-0.26806407950174915
Interactive,AFE,1,427,-0.03013758939219513
Interactive,AFE,1,428,-0.15035384955933773
Interactive,AFE,1,429,0.03055584867648764
Interactive,AFE,1,430,-0.2939926939834693
Interactive,AFE,1,431,-0.16515216226181695
Interactive,AFE,1,432,-0.6471898307971957
Interactive,AFE,1,433,-0.14155224026057323
Interactive,AFE,1,434,-0.35352606145543464
Interactive,AFE,1,435,-0.35111615689198894
Interactive,AFE,1,436,-0.06683676689789342
Interactive,AFE,1,437,-0.07608932716142047
Interactive,AFE,1,438,-0.8159480638422983
Interactive,AFE,1,439,0.08429810104545887
Interactive,AFE,1,440,-0.09668858803066693
Interactive,AFE,1,441,-0.11208788479613663
Interactive,AFE,1,442,-0.5238670341491379
Interactive,AFE,1,443,0.5268111311397337
Interactive,AFE,1,444,0.08860774327411436
Interactive,AFE,1,445,-0.4622017930211143
Interactive,AFE,1,446,0.7290001312438057
Interactive,AFE,1,447,-0.0379957334737101
Interactive,AFE,1,448,-0.5989652762335393
Interactive,AFE,1,449,-0.8092751041665578
Interactive,AFE,1,450,-0.3050709462907487
Interactive,AFE,1,451,-0.3939606667335418
Interactive,AFE,1,452,0.1380380973074926
Interactive,AFE,1,453,-0.3705337038831181
Interactive,AFE,1,454,-0.559690142155616
Interactive,AFE,1,455,-0.6826430974670432
Interactive,AFE,1,456,-0.6253244717711282
Interactive,AFE,1,457,-0.3777777407499229
Interactive,AFE,1,458,0.33875865084296697
Interactive,AFE,1,459,-0.0634608512414474
Interactive,AFE,1,460,0.051766611092288306
Interactive,AFE,1,461,1.2837818532422465
Interactive,AFE,1,462,0.09840861386340638
Interactive,AFE,1,463,-0.12117519805938626
Interactive,AFE,1,464,0.984047532566767
Interactive,AFE,1,465,0.3188182702677902
Interactive,AFE,1,466,1.557954850328004
Interactive,AFE,1,467,0.8563870073868429
Interactive,AFE,1,468,-0.8136199131902858
Interactive,AFE,1,469,-0.523280989754265
Interactive,AFE,1,470,-0.39728236424141494
Interactive,AFE,1,471,-0.358352454691677
Interactive,AFE,1,472,0.7446457008691265
Interactive,AFE,1,473,-0.6965774950387433
Interactive,AFE,1,474,-0.7355497989375066
Interactive,AFE,1,475,0.14092919762225642
Interactive,AFE,1,476,-0.74595525684778
Interactive,AFE,1,477,0.32982838597568254
Interactive,AFE,1,478,-0.15726804459690158
Interactive,AFE,1,479,0.9000017312787405
Interactive,AFE,1,480,0.3965831849238881
Interactive,AFE,1,481,-0.7399726834519249
Interactive,AFE,1,482,-0.5824127688943683
Interactive,AFE,1,483,-0.15856948381587022
Interactive,AFE,1,484,0.14820018029828064
Interactive,AFE,1,485,-0.08574360963443817
Interactive,AFE,1,486,-0.17966591065204895
Interactive,AFE,1,487,-0.3724808878323328
Interactive,AFE,1,488,-0.2429097656529956
Interactive,AFE,1,489,-0.6877269661906571
Interactive,AFE,1,490,-0.48486316726622836
Interactive,AFE,1,491,0.8168611586021488
Interactive,AFE,1,492,-0.22887624818980656
Interactive,AFE,1,493,0.4296191488334118
Interactive,AFE,1,494,-0.4373156901837819
Interactive,AFE,1,495,0.362637510429469
Interactive,AFE,1,496,0.12895110202317217
Interactive,AFE,1,497,-0.13785623206754238
Interactive,AFE,1,498,-0.33183359381599353
Interactive,AFE,1,499,0.8121380788877834
Interactive,AFE,1,500,0.7694008889496868
Interactive,AFE,1,501,-0.6614002739968597
Interactive,AFE,1,502,0.8443509512104086
Interactive,AFE,1,503,0.14664172165638623
Interactive,AFE,1,504,0.23554826401419326
Interactive,AFE,1,505,0.4336387554705661
Interactive,AFE,1,506,0.8508440269745867
Interactive,AFE,1,507,-0.15035865548929472
Interactive,AFE,1,508,0.22123835931200797
Interactive,AFE,1,509,-0.3827519549798466
Interactive,AFE,1,510,-0.6709058763365012
Interactive,AFE,1,511,-0.6134086705927017
Interactive,AFE,1,512,0.10348477645775223
Interactive,AFE,1,513,-0.4905313242776477
Interactive,AFE,1,514,-0.2270169477556716
Interactive,AFE,1,515,1.0860639063607915
Interactive,AFE,1,516,-0.13504405015743548
Interactive,AFE,1,517,-0.14979615937498647
Interactive,AFE,1,518,-0.23102314127115942
Interactive,AFE,1,519,0.48785136098392123
Interactive,AFE,1,520,0.609420284746599
Interactive,AFE,1,521,-0.48949883558634666
Interactive,AFE,1,522,-0.06605177952630481
Interactive,AFE,1,523,-0.34150619751033906
Interactive,AFE,1,524,1.159435915894171
Interactive,AFE,1,525,-0.4237083300480077
Interactive,AFE,1,526,0.026472014575421587
Interactive,AFE,1,527,0.33198351585617814
Interactive,AFE,1,528,-0.1715050407725318
Interactive,AFE,1,529,0.48081664708181027
Interactive,AFE,1,530,0.07756807574193547
Interactive,AFE,1,531,-0.6592614835442108
Interactive,AFE,1,532,-0.7684986079141704
Interactive,AFE,1,533,1.7671171307299773
Interactive,AFE,1,534,-0.26151720691065605
Interactive,AFE,1,535,-0.3017144504847128
Interactive,AFE,1,536,-0.1444382401012947
Interactive,AFE,1,537,-0.5681261630281251
Interactive,AFE,1,538,0.18729091399875686
Interactive,AFE,1,539,0.11254486106610972
Interactive,AFE,1,540,0.03176480177571195
Interactive,AFE,1,541,-0.24315216300257947
Interactive,AFE,1,542,1.236005451746263
Interactive,AFE,1,543,-0.28481939456909844
Interactive,AFE,1,544,-0.3918131594018941
Interactive,AFE,1,545,0.9783546174597662
Interactive,AFE,1,546,-0.44315287919582
Interactive,AFE,1,547,0.47404195239753344
Interactive,AFE,1,548,0.13897351772721622
Interactive,AFE,1,549,-0.23078706931265547
Interactive,AFE,1,550,0.6432451717408785
Interactive,AFE,1,551,1.534527281898883
Interactive,AFE,1,552,0.11786454428505899
Interactive,AFE,1,553,-0.4628006988755259
Interactive,AFE,1,554,-0.4332546120812829
Interactive,AFE,1,555,-0.21701375694254577
Interactive,AFE,1,556,-0.37906521786091696
Interactive,AFE,1,557,-0.5370750611471491
Interactive,AFE,1,558,-0.6248832999254702
Interactive,AFE,1,559,0.10902348159798825
Interactive,AFE,1,560,-0.5683698506704126
Interactive,AFE,1,561,-0.09800231072215337
Interactive,AFE,1,562,-0.21769305525911287
Interactive,AFE,1,563,0.6214447261483969
Interactive,AFE,1,564,-0.38964254796782605
Interactive,AFE,1,565,0.7771783843495026
Interactive,AFE,1,566,1.4248548865129376
Interactive,AFE,1,567,-0.3849321535920762
Interactive,AFE,1,568,0.2264716025741933
Interactive,AFE,1,569,0.9308049695476774
Interactive,AFE,1,570,1.1362771640375433
Interactive,AFE,1,571,0.13449123416513453
Interactive,AFE,1,572,0.1389027180859892
Interactive,AFE,1,573,-0.8518499443965419
Interactive,AFE,1,574,-0.37618051381216533
Interactive,AFE,1,575,-0.15118432839455564
Interactive,AFE,1,576,1.989454609883723
Interactive,AFE,1,577,-0.2307730585203015
Interactive,AFE,1,578,1.697337481841835
Interactive,AFE,1,579,-0.1586550190630014
Interactive,AFE,1,580,-0.7585109711084526
Interactive,AFE,1,581,-0.06683867435149515
Interactive,AFE,1,582,-0.47996146701511955
Interactive,AFE,1,583,-0.03079933911535704
Interactive,AFE,1,584,0.25624287169714943
Interactive,AFE,1,585,0.1317502878152852
Interactive,AFE,1,586,0.6051953988127707
Interactive,AFE,1,587,8.905523896671763e-4
Interactive,AFE,1,588,0.47149557687000687
Interactive,AFE,1,589,-0.4605646594315794
Interactive,AFE,1,590,-0.2639387545605796
Interactive,AFE,1,591,-0.48172444425648
Interactive,AFE,1,592,-0.3149856330887548
Interactive,AFE,1,593,-0.19352437079923868
Interactive,AFE,1,594,0.027003793111350705
Interactive,AFE,1,595,0.12080563933715638
Interactive,AFE,1,596,-0.4817377915179032
Interactive,AFE,1,597,0.669281882787923
Interactive,AFE,1,598,-0.235226214607257
Interactive,AFE,1,599,-0.32909138850933484
Interactive,AFE,1,600,-0.46991224329842685
Interactive,AFE,1,601,0.2995067946567147
Interactive,AFE,1,602,-0.10521800256919756
Interactive,AFE,1,603,-0.25304172803874336
Interactive,AFE,1,604,0.1273883875823274
Interactive,AFE,1,605,1.029992353469114
Interactive,AFE,1,606,-0.4210910524773469
Interactive,AFE,1,607,-0.18040347648827249
Interactive,AFE,1,608,0.23542076467916506
Interactive,AFE,1,609,-0.07955750192908351
Interactive,AFE,1,610,-0.29451276450641006
Interactive,AFE,1,611,-0.7613982840509106
Interactive,AFE,1,612,-0.25147475824138954
Interactive,AFE,1,613,0.22080476742113841
Interactive,AFE,1,614,-0.5705528137999961
Interactive,AFE,1,615,0.31241129299453063
Interactive,AFE,1,616,0.15620332753105948
Interactive,AFE,1,617,-0.09447367425693143
Interactive,AFE,1,618,-0.23442436612211182
Interactive,AFE,1,619,0.004779616488935323
Interactive,AFE,1,620,-0.3380750928513372
Interactive,AFE,1,621,-0.455078924491517
Interactive,AFE,1,622,-0.05518196793501462
Interactive,AFE,1,623,-0.1825125814157712
Interactive,AFE,1,624,-0.5553978348250341
Interactive,AFE,1,625,-0.009649759296182725
Interactive,AFE,1,626,-0.6632664696854982
Interactive,AFE,1,627,1.8041110113298124
Interactive,AFE,1,628,-0.19521749522575838
Interactive,AFE,1,629,0.3887938151668333
Interactive,AFE,1,630,-0.05854834607184056
Interactive,AFE,1,631,0.08906460610473177
Interactive,AFE,1,632,-0.06311392368562774
Interactive,AFE,1,633,-0.21140019859980552
Interactive,AFE,1,634,0.2739838453875283
Interactive,AFE,1,635,0.38789243751521996
Interactive,AFE,1,636,-0.05734046992806241
Interactive,AFE,1,637,-0.4501272388393567
Interactive,AFE,1,638,-0.09633727656471491
Interactive,AFE,1,639,-0.6964496277631831
Interactive,AFE,1,640,-0.7660173387949588
Interactive,AFE,1,641,-0.7624891176974784
Interactive,AFE,1,642,-0.3961763325674258
Interactive,AFE,1,643,-0.4625550157406396
Interactive,AFE,1,644,0.16011017485748913
Interactive,AFE,1,645,-0.306260713669526
Interactive,AFE,1,646,-0.5518905354034014
Interactive,AFE,1,647,0.9393286034188073
Interactive,AFE,1,648,-0.25476341757552934
Interactive,AFE,1,649,-0.08465218481322645
Interactive,AFE,1,650,-0.2445760426327176
Interactive,AFE,1,651,-0.055924329384137716
Interactive,AFE,1,652,-0.35131839758638694
Interactive,AFE,1,653,-0.037391848271936756
Interactive,AFE,1,654,-0.3553383842438259
Interactive,AFE,1,655,0.326412854276275
Interactive,AFE,1,656,-0.24388182320948193
Interactive,AFE,1,657,0.39880637868312885
Interactive,AFE,1,658,-0.32180287110985606
Interactive,AFE,1,659,-0.045926588851884054
Interactive,AFE,1,660,-0.20577742286163148
Interactive,AFE,1,661,0.029455761807723135
Interactive,AFE,1,662,-0.4685136744146189
Interactive,AFE,1,663,0.22686026478339372
Interactive,AFE,1,664,-0.3687107399777678
Interactive,AFE,1,665,0.028190301921786842
Interactive,AFE,1,666,-0.08433037031370194
Interactive,AFE,1,667,0.16346587068837826
Interactive,AFE,1,668,0.41527250895491985
Interactive,AFE,1,669,0.08244549207262253
Interactive,AFE,1,670,-0.5040844150806315
Interactive,AFE,1,671,-0.31675907222671595
Interactive,AFE,1,672,0.13838398406087515
Interactive,AFE,1,673,-0.4456688289318893
Interactive,AFE,1,674,0.05238714428919167
Interactive,AFE,1,675,0.017870388394526593
Interactive,AFE,1,676,-0.4188349459053452
Interactive,AFE,1,677,0.6531860252584312
Interactive,AFE,1,678,-0.3820880448988224
Interactive,AFE,1,679,0.19814897583713065
Interactive,AFE,1,680,-0.5430777514015173
Interactive,AFE,1,681,1.1958898167089775
Interactive,AFE,1,682,-0.29508901562705014
Interactive,AFE,1,683,-0.12035156142382664
Interactive,AFE,1,684,-0.3554609355059114
Interactive,AFE,1,685,0.171006302844386
Interactive,AFE,1,686,-0.5650418064291365
Interactive,AFE,1,687,0.023197527930561623
Interactive,AFE,1,688,-0.360041834156152
Interactive,AFE,1,689,-0.4194574646960273
Interactive,AFE,1,690,-0.5078626562878756
Interactive,AFE,1,691,-0.6349422767881315
Interactive,AFE,1,692,-0.444012714338458
Interactive,AFE,1,693,0.33355387659047375
Interactive,AFE,1,694,1.043398117415692
Interactive,AFE,1,695,0.001733476139847534
Interactive,AFE,1,696,0.3414119567289504
Interactive,AFE,1,697,0.33696402627727196
Interactive,AFE,1,698,-0.6435470633267124
Interactive,AFE,1,699,-0.5904350519946324
Interactive,AFE,1,700,-0.5861667581126389
Interactive,AFE,1,701,-0.36193334594490234
Interactive,AFE,1,702,-0.22004815122483545
Interactive,AFE,1,703,0.34737498189009464
Interactive,AFE,1,704,1.2906777595848142
Interactive,AFE,1,705,-0.3664677315670578
Interactive,AFE,1,706,-0.3283819210273269
Interactive,AFE,1,707,-0.25117555233753686
Interactive,AFE,1,708,-0.002619209663683675
Interactive,AFE,1,709,-0.43863855876922164
Interactive,AFE,1,710,0.21424492174928056
Interactive,AFE,1,711,-0.5177067438741971
Interactive,AFE,1,712,0.12605098033303674
Interactive,AFE,1,713,-0.8126360268940571
Interactive,AFE,1,714,0.4850522516630924
Interactive,AFE,1,715,-0.16349043034905275
Interactive,AFE,1,716,-0.15559357366614324
Interactive,AFE,1,717,0.15527178816920184
Interactive,AFE,1,718,0.8406474611602255
Interactive,AFE,1,719,-0.4603247039719718
Interactive,AFE,1,720,0.6637902139204854
Interactive,AFE,1,721,0.15867092645805347
Interactive,AFE,1,722,0.4491632537615733
Interactive,AFE,1,723,-0.45161410931629387
Interactive,AFE,1,724,-0.4865479242969921
Interactive,AFE,1,725,-0.39809316205695766
Interactive,AFE,1,726,-0.658283453683151
Interactive,AFE,1,727,-0.4935239663936286
Interactive,AFE,1,728,0.14742680374104866
Interactive,AFE,1,729,-0.5224063604489677
Interactive,AFE,1,730,-0.04178109402009966
Interactive,AFE,1,731,0.20798192876520427
Interactive,AFE,1,732,-0.6398673157826915
Interactive,AFE,1,733,-0.04923602102726787
Interactive,AFE,1,734,0.6905994497095951
Interactive,AFE,1,735,0.043396856046475696
Interactive,AFE,1,736,-0.04063408202365748
Interactive,AFE,1,737,-0.599913042045628
Interactive,AFE,1,738,0.05299373457752421
Interactive,AFE,1,739,-0.5415412466250649
Interactive,AFE,1,740,-0.2026850910601009
Interactive,AFE,1,741,-0.1100856405754378
Interactive,AFE,1,742,-0.7198611736383778
Interactive,AFE,1,743,0.8916203767142377
Interactive,AFE,1,744,0.021381046052322716
Interactive,AFE,1,745,-0.4085432938242396
Interactive,AFE,1,746,-0.6449201523329448
Interactive,AFE,1,747,0.4848318793047395
Interactive,AFE,1,748,0.1450755076003798
Interactive,AFE,1,749,0.28696162410956116
Interactive,AFE,1,750,-0.4179584698790012
Interactive,AFE,1,751,0.12519298472508011
Interactive,AFE,1,752,0.8191805290225052
Interactive,AFE,1,753,-0.5092037549887023
Interactive,AFE,1,754,-0.11659165045817754
Interactive,AFE,1,755,-0.3248161055884521
Interactive,AFE,1,756,-0.5951832489770905
Interactive,AFE,1,757,-0.5228131556846474
Interactive,AFE,1,758,-0.342288094729691
Interactive,AFE,1,759,-0.7769512573352557
Interactive,AFE,1,760,-0.2855401819484953
Interactive,AFE,1,761,-0.47724761216031186
Interactive,AFE,1,762,-0.20702189245688885
Interactive,AFE,1,763,-0.33441471033247894
Interactive,AFE,1,764,-0.13896186633408147
Interactive,AFE,1,765,-0.08465612663744004
Interactive,AFE,1,766,-0.24546324424060273
Interactive,AFE,1,767,-0.29859729086762543
Interactive,AFE,1,768,0.12550966126862972
Interactive,AFE,1,769,-0.6675683706003861
Interactive,AFE,1,770,0.02433460074287086
Interactive,AFE,1,771,0.007401095387240986
Interactive,AFE,1,772,0.3818725324837142
Interactive,AFE,1,773,1.2774393411374554
Interactive,AFE,1,774,-0.3409909943765562
Interactive,AFE,1,775,-0.5116599903347927
Interactive,AFE,1,776,-0.24660547966214075
Interactive,AFE,1,777,0.9873395358755619
Interactive,AFE,1,778,0.2682876153093483
Interactive,AFE,1,779,-0.09654923272225102
Interactive,AFE,1,780,-0.17459318991821815
Interactive,AFE,1,781,-0.6794307187011175
Interactive,AFE,1,782,0.7113424536372326
Interactive,AFE,1,783,0.7176139908117334
Interactive,AFE,1,784,0.07716740037554759
Interactive,AFE,1,785,-0.43729843109441313
Interactive,AFE,1,786,-0.2514315600847027
Interactive,AFE,1,787,0.5242253274181907
Interactive,AFE,1,788,-0.45925473183520893
Interactive,AFE,1,789,-0.21554915394770746
Interactive,AFE,1,790,0.0635115547639955
Interactive,AFE,1,791,-0.18551337589771033
Interactive,AFE,1,792,1.931380818144342
Interactive,AFE,1,793,1.16817394621209
Interactive,AFE,1,794,-0.7288132941992063
Interactive,AFE,1,795,-0.0317794423976685
Interactive,AFE,1,796,-0.5036542315604935
Interactive,AFE,1,797,-0.3202914675169116
Interactive,AFE,1,798,-0.35153540551934936
Interactive,AFE,1,799,0.8228973687214569
Interactive,AFE,1,800,-0.23143446759569442
Interactive,AFE,1,801,-0.6951841904363993
Interactive,AFE,1,802,0.6077689870024079
Interactive,AFE,1,803,0.47925165030543715
Interactive,AFE,1,804,-0.13080127436199007
Interactive,AFE,1,805,-0.6941503474198216
Interactive,AFE,1,806,-0.5546916805816698
Interactive,AFE,1,807,0.3815025376775989
Interactive,AFE,1,808,-0.7496611862048694
Interactive,AFE,1,809,-0.4434180250361769
Interactive,AFE,1,810,-0.56887189444125
Interactive,AFE,1,811,-0.27734739549059617
Interactive,AFE,1,812,0.08429263576828427
Interactive,AFE,1,813,1.2717124231309724
Interactive,AFE,1,814,-0.162184405025953
Interactive,AFE,1,815,0.01003221468164539
Interactive,AFE,1,816,0.24664379346452425
Interactive,AFE,1,817,0.903894285233807
Interactive,AFE,1,818,-0.4916099695153774
Interactive,AFE,1,819,-0.29655645723945256
Interactive,AFE,1,820,-0.4721477945719058
Interactive,AFE,1,821,-0.6298247140762401
Interactive,AFE,1,822,-0.6185580693282153
Interactive,AFE,1,823,-0.37933419401089685
Interactive,AFE,1,824,0.49700333117105844
Interactive,AFE,1,825,-0.23606067205944636
Interactive,AFE,1,826,-0.13615078737634112
Interactive,AFE,1,827,1.0840956319082045
Interactive,AFE,1,828,-0.10156982054673791
Interactive,AFE,1,829,-0.40573706409904353
Interactive,AFE,1,830,-0.10643605801302758
Interactive,AFE,1,831,0.08214879098896599
Interactive,AFE,1,832,-0.3792901710602016
Interactive,AFE,1,833,-0.8095739253467458
Interactive,AFE,1,834,-0.7150811735269937
Interactive,AFE,1,835,0.0792069216034279
Interactive,AFE,1,836,0.3584458598621332
Interactive,AFE,1,837,-0.04490010890673857
Interactive,AFE,1,838,-0.284717492499891
Interactive,AFE,1,839,-0.727633166219839
Interactive,AFE,1,840,-0.2789306225661998
Interactive,AFE,1,841,0.3883620099107814
Interactive,AFE,1,842,-0.08619590845765357
Interactive,AFE,1,843,-0.48646506763013064
Interactive,AFE,1,844,-0.2586853612960104
Interactive,AFE,1,845,-0.39311227365531787
Interactive,AFE,1,846,-0.150638063793765
Interactive,AFE,1,847,-0.42502000737604684
Interactive,AFE,1,848,-0.08764892607873354
Interactive,AFE,1,849,-0.07548350384601965
Interactive,AFE,1,850,-0.30852148329796547
Interactive,AFE,1,851,0.1413833067609067
Interactive,AFE,1,852,0.1556047766624027
Interactive,AFE,1,853,0.25735202649969113
Interactive,AFE,1,854,-0.3745298834409979
Interactive,AFE,1,855,-0.7134651449232314
Interactive,AFE,1,856,0.6687096576436293
Interactive,AFE,1,857,-0.29132288667077544
Interactive,AFE,1,858,-0.3568942370525706
Interactive,AFE,1,859,-0.4253374579311908
Interactive,AFE,1,860,-0.2254012889642878
Interactive,AFE,1,861,0.21216140340214396
Interactive,AFE,1,862,-0.6315708118937291
Interactive,AFE,1,863,0.2700821075156856
Interactive,AFE,1,864,-0.18847810649634478
Interactive,AFE,1,865,-0.049902909533434237
Interactive,AFE,1,866,-0.2503384943176201
Interactive,AFE,1,867,1.6756610609967755
Interactive,AFE,1,868,-0.7081460177371548
Interactive,AFE,1,869,-0.022903720387401627
Interactive,AFE,1,870,-0.06195600620864106
Interactive,AFE,1,871,-0.20944923702847362
Interactive,AFE,1,872,-0.3482448281500766
Interactive,AFE,1,873,-0.6119853802988588
Interactive,AFE,1,874,-0.6014382160942833
Interactive,AFE,1,875,1.103342737512523
Interactive,AFE,1,876,1.224785337869279
Interactive,AFE,1,877,-0.08369018540612527
Interactive,AFE,1,878,0.3154524808461099
Interactive,AFE,1,879,0.07669280578053228
Interactive,AFE,1,880,-0.6765689409156869
Interactive,AFE,1,881,0.2942464629559205
Interactive,AFE,1,882,-0.4919689447599509
Interactive,AFE,1,883,1.9062907546180576
Interactive,AFE,1,884,-0.37429197024820693
Interactive,AFE,1,885,0.8744049585227343
Interactive,AFE,1,886,-0.1071379906142973
Interactive,AFE,1,887,0.8516941025115652
Interactive,AFE,1,888,-0.6743559791717533
Interactive,AFE,1,889,-0.14167480812945255
Interactive,AFE,1,890,-0.4019567508408005
Interactive,AFE,1,891,-0.5718113901939392
Interactive,AFE,1,892,0.8293287033763037
Interactive,AFE,1,893,-0.38991731480072866
Interactive,AFE,1,894,-0.38367694729579316
Interactive,AFE,1,895,0.6560742372362351
Interactive,AFE,1,896,-0.4663526873882444
Interactive,AFE,1,897,-0.5389794130185634
Interactive,AFE,1,898,-0.11246033850839787
Interactive,AFE,1,899,-0.407984140465668
Interactive,AFE,1,900,-0.5294164291573185
Interactive,AFE,1,901,0.400913682610593
Interactive,AFE,1,902,-0.3316512105653706
Interactive,AFE,1,903,-0.20802527376779967
Interactive,AFE,1,904,-0.12510188493858687
Interactive,AFE,1,905,0.07331827156403281
Interactive,AFE,1,906,0.2504600682825697
Interactive,AFE,1,907,-0.27440204548965763
Interactive,AFE,1,908,-0.0882024905801232
Interactive,AFE,1,909,0.2899982473055511
Interactive,AFE,1,910,-0.20273809135442733
Interactive,AFE,1,911,-0.3417419137715637
Interactive,AFE,1,912,0.689634862440186
Interactive,AFE,1,913,-0.07042713595979666
Interactive,AFE,1,914,0.5514312872400347
Interactive,AFE,1,915,-0.5061130178476256
Interactive,AFE,1,916,1.8207775839459885
Interactive,AFE,1,917,-0.538954294538966
Interactive,AFE,1,918,-0.3773181317237855
Interactive,AFE,1,919,0.3146571872704367
Interactive,AFE,1,920,0.5975446516121918
Interactive,AFE,1,921,-0.1677954701926596
Interactive,AFE,1,922,-0.6650902410978259
Interactive,AFE,1,923,0.7166164525949301
Interactive,AFE,1,924,-0.03598259588985708
Interactive,AFE,1,925,0.5319629633526712
Interactive,AFE,1,926,0.055666369378408964
Interactive,AFE,1,927,0.028661386138913114
Interactive,AFE,1,928,0.2650074423851283
Interactive,AFE,1,929,0.24600996419278287
Interactive,AFE,1,930,-0.6537985978826213
Interactive,AFE,1,931,-0.5044219853499878
Interactive,AFE,1,932,0.5332333283728505
Interactive,AFE,1,933,1.093546115398627
Interactive,AFE,1,934,-0.7063784061296468
Interactive,AFE,1,935,-0.011987556839767377
Interactive,AFE,1,936,-0.6290414207704571
Interactive,AFE,1,937,-0.43899046578008194
Interactive,AFE,1,938,0.09137849768221096
Interactive,AFE,1,939,0.2697933117800084
Interactive,AFE,1,940,-0.6163459314900005
Interactive,AFE,1,941,-0.48524335073493763
Interactive,AFE,1,942,0.40731082584171086
Interactive,AFE,1,943,-0.09783803057615958
Interactive,AFE,1,944,-0.4112548189416061
Interactive,AFE,1,945,1.6351465973151238
Interactive,AFE,1,946,0.19301953565744157
Interactive,AFE,1,947,-0.5462887639706048
Interactive,AFE,1,948,-0.49982412840715995
Interactive,AFE,1,949,0.983196112405099
Interactive,AFE,1,950,-0.7838787276455011
Interactive,AFE,1,951,-0.721301454699351
Interactive,AFE,1,952,-0.7161517229594245
Interactive,AFE,1,953,-0.5270623796901639
Interactive,AFE,1,954,-0.4786542571680046
Interactive,AFE,1,955,0.23706862750026536
Interactive,AFE,1,956,-0.7273471189369001
Interactive,AFE,1,957,-0.4392931532093993
Interactive,AFE,1,958,0.09594665522923007
Interactive,AFE,1,959,1.9094869110439725
Interactive,AFE,1,960,-0.0894601417925267
Interactive,AFE,1,961,0.5446818117372167
Interactive,AFE,1,962,-0.261071861112533
Interactive,AFE,1,963,-0.7578683325017458
Interactive,AFE,1,964,0.6903596007690327
Interactive,AFE,1,965,-0.4444218581963393
Interactive,AFE,1,966,-0.14721148566577724
Interactive,AFE,1,967,-0.016302379787944465
Interactive,AFE,1,968,0.07657613270761243
Interactive,AFE,1,969,-0.18854426191609697
Interactive,AFE,1,970,-0.2776582220047418
Interactive,AFE,1,971,0.9469239730856764
Interactive,AFE,1,972,0.001789204821642132
Interactive,AFE,1,973,-0.6210590587634035
Interactive,AFE,1,974,0.09279755681445345
Interactive,AFE,1,975,-0.47015281180871604
Interactive,AFE,1,976,-0.7390671394057506
Interactive,AFE,1,977,-0.1938103666401838
Interactive,AFE,1,978,0.22726862007394422
Interactive,AFE,1,979,-0.4493305378635222
Interactive,AFE,1,980,-0.6778765464271541
Interactive,AFE,1,981,-0.23836746583417956
Interactive,AFE,1,982,0.11238083968605594
Interactive,AFE,1,983,0.17023237603826358
Interactive,AFE,1,984,-0.551469865139739
Interactive,AFE,1,985,0.4187579231787675
Interactive,AFE,1,986,-0.6266655775888773
Interactive,AFE,1,987,-0.3026215881218087
Interactive,AFE,1,988,1.6876762910393301
Interactive,AFE,1,989,0.021182881401184517
Interactive,AFE,1,990,1.8799641513675458
Interactive,AFE,1,991,2.3272682931430224
Interactive,AFE,1,992,-0.43254397910951814
Interactive,AFE,1,993,-0.3219270961882257
Interactive,AFE,1,994,-0.7438834307111262
Interactive,AFE,1,995,-0.6185911970059133
Interactive,AFE,1,996,-0.4458270574775802
Interactive,AFE,1,997,-0.18159169611727566
Interactive,AFE,1,998,-0.5759797386974588
Interactive,AFE,1,999,0.33693891695202494
Interactive,AFE,1,1000,-0.45402165629809044
Interactive,AFE,2,1,-0.6710765991778798
Interactive,AFE,2,2,-0.3694782269105156
Interactive,AFE,2,3,-0.29443722559811125
Interactive,AFE,2,4,0.24506758815312568
Interactive,AFE,2,5,-0.6880255670675979
Interactive,AFE,2,6,0.35109398748082254
Interactive,AFE,2,7,0.8483603891446205
Interactive,AFE,2,8,-0.10934392266873505
Interactive,AFE,2,9,-0.559582694366968
Interactive,AFE,2,10,-0.329852711357989
Interactive,AFE,2,11,-0.6668328306118723
Interactive,AFE,2,12,-0.12225326453539531
Interactive,AFE,2,13,-0.5119642943068468
Interactive,AFE,2,14,-0.2647732652388469
Interactive,AFE,2,15,0.46563751935849673
Interactive,AFE,2,16,1.4618757000150708
Interactive,AFE,2,17,-0.32763144906765784
Interactive,AFE,2,18,0.9389399159452394
Interactive,AFE,2,19,-0.6807970708467374
Interactive,AFE,2,20,0.08980829927506795
Interactive,AFE,2,21,-0.22857120481508097
Interactive,AFE,2,22,0.51635407294389
Interactive,AFE,2,23,-0.6818829268556754
Interactive,AFE,2,24,1.6391929294665601
Interactive,AFE,2,25,1.6295387148007001
Interactive,AFE,2,26,1.4272324421479623
Interactive,AFE,2,27,-0.10029136944591488
Interactive,AFE,2,28,0.46441845391079273
Interactive,AFE,2,29,1.4167904883245774
Interactive,AFE,2,30,0.006575592870375457
Interactive,AFE,2,31,-0.33358591114459846
Interactive,AFE,2,32,-0.4816186984311799
Interactive,AFE,2,33,1.4394338871988226
Interactive,AFE,2,34,-0.8674976473498791
Interactive,AFE,2,35,-0.3500343224016096
Interactive,AFE,2,36,0.1510142938789747
Interactive,AFE,2,37,0.6819380792739433
Interactive,AFE,2,38,0.5676748100766162
Interactive,AFE,2,39,-0.22609971281544816
Interactive,AFE,2,40,-0.23024363007374293
Interactive,AFE,2,41,-0.11942279835457947
Interactive,AFE,2,42,-0.5204352219961198
Interactive,AFE,2,43,-0.08787880393663505
Interactive,AFE,2,44,0.07160359882337497
Interactive,AFE,2,45,-0.7144659712407763
Interactive,AFE,2,46,-0.6632369282100907
Interactive,AFE,2,47,-0.3751194027628473
Interactive,AFE,2,48,-0.013364732213459463
Interactive,AFE,2,49,-0.6121378618726667
Interactive,AFE,2,50,-0.7349032430654456
Interactive,AFE,2,51,-0.2803660917632318
Interactive,AFE,2,52,-0.22260667494906883
Interactive,AFE,2,53,0.184976587127877
Interactive,AFE,2,54,-0.7731006695220296
Interactive,AFE,2,55,0.17213470729909908
Interactive,AFE,2,56,-0.34789036000681217
Interactive,AFE,2,57,-0.47597510812019983
Interactive,AFE,2,58,0.5438519040605647
Interactive,AFE,2,59,0.2897244175774045
Interactive,AFE,2,60,-0.12407346669095298
Interactive,AFE,2,61,-0.19290208961141642
Interactive,AFE,2,62,-0.46604383715676545
Interactive,AFE,2,63,-0.6861504615008288
Interactive,AFE,2,64,-0.5516548188761583
Interactive,AFE,2,65,-0.47880461669475183
Interactive,AFE,2,66,0.7666106789225069
Interactive,AFE,2,67,-0.21386052498356578
Interactive,AFE,2,68,0.7772450576047258
Interactive,AFE,2,69,-3.2449167041948e-4
Interactive,AFE,2,70,-0.8914568585133038
Interactive,AFE,2,71,-0.015732634369695075
Interactive,AFE,2,72,3.6633722313681085
Interactive,AFE,2,73,-0.6766315489495898
Interactive,AFE,2,74,-0.3484450639572908
Interactive,AFE,2,75,-0.5632110730738744
Interactive,AFE,2,76,-0.48764704046039087
Interactive,AFE,2,77,-0.6579908082817074
Interactive,AFE,2,78,1.088896362030959
Interactive,AFE,2,79,1.5764156888650271
Interactive,AFE,2,80,0.8761031756853537
Interactive,AFE,2,81,0.06732398620904156
Interactive,AFE,2,82,-0.6074554563132948
Interactive,AFE,2,83,-0.07726237267342217
Interactive,AFE,2,84,3.071857111405248
Interactive,AFE,2,85,0.7465380838928384
Interactive,AFE,2,86,-0.4156834126942962
Interactive,AFE,2,87,0.6905553199932759
Interactive,AFE,2,88,-0.30432964306747823
Interactive,AFE,2,89,-0.14842374473678555
Interactive,AFE,2,90,-0.3885657128253046
Interactive,AFE,2,91,0.46441522432382065
Interactive,AFE,2,92,-0.27458952053856556
Interactive,AFE,2,93,-0.40506880015907054
Interactive,AFE,2,94,0.1937171729638254
Interactive,AFE,2,95,-0.6204215579032253
Interactive,AFE,2,96,-0.4154039760922654
Interactive,AFE,2,97,-0.6875901422871864
Interactive,AFE,2,98,0.4742481686624471
Interactive,AFE,2,99,-0.2995663938194304
Interactive,AFE,2,100,-0.103143046348524
Interactive,AFE,2,101,-0.4058388954004384
Interactive,AFE,2,102,0.4338558280141054
Interactive,AFE,2,103,0.13106364940070026
Interactive,AFE,2,104,1.9455639812667243
Interactive,AFE,2,105,1.6175451458662105
Interactive,AFE,2,106,-0.7763433985526328
Interactive,AFE,2,107,-0.12422875466920302
Interactive,AFE,2,108,1.1493161165804562
Interactive,AFE,2,109,-0.11670655670633345
Interactive,AFE,2,110,1.1154237251571684
Interactive,AFE,2,111,0.5006985856828603
Interactive,AFE,2,112,-0.5139771973905691
Interactive,AFE,2,113,-0.33155782976839354
Interactive,AFE,2,114,-0.1594507735502223
Interactive,AFE,2,115,-0.3423476419722221
Interactive,AFE,2,116,0.3457183694082615
Interactive,AFE,2,117,-0.8152301825961872
Interactive,AFE,2,118,-0.28362698847126966
Interactive,AFE,2,119,0.2768566152782097
Interactive,AFE,2,120,-0.45929089113646926
Interactive,AFE,2,121,0.9588579357950997
Interactive,AFE,2,122,0.13461720345287476
Interactive,AFE,2,123,-0.14937011866235095
Interactive,AFE,2,124,-0.34342592768628255
Interactive,AFE,2,125,-0.6328737697081976
Interactive,AFE,2,126,1.9331661895747945
Interactive,AFE,2,127,-0.6480740420836804
Interactive,AFE,2,128,-0.026499407531346386
Interactive,AFE,2,129,-0.8216604810038417
Interactive,AFE,2,130,0.6284869560337893
Interactive,AFE,2,131,-0.5178917366619282
Interactive,AFE,2,132,-0.21913424829769645
Interactive,AFE,2,133,0.9466555545767283
Interactive,AFE,2,134,0.16243176299840578
Interactive,AFE,2,135,-0.28658698633983026
Interactive,AFE,2,136,-0.4768490980961193
Interactive,AFE,2,137,-0.23715320041584143
Interactive,AFE,2,138,0.10903824349115232
Interactive,AFE,2,139,0.03225257920945168
Interactive,AFE,2,140,1.0840201883622922
Interactive,AFE,2,141,-0.7530116451032509
Interactive,AFE,2,142,2.588646692368887
Interactive,AFE,2,143,0.5002456855905715
Interactive,AFE,2,144,-0.2000117727070364
Interactive,AFE,2,145,0.4100402759566528
Interactive,AFE,2,146,0.42580210562758003
Interactive,AFE,2,147,0.010778967456725796
Interactive,AFE,2,148,1.5533018876914744
Interactive,AFE,2,149,-0.08181877531395898
Interactive,AFE,2,150,-0.08361706617169606
Interactive,AFE,2,151,-0.10086275951393653
Interactive,AFE,2,152,-0.1119535340290968
Interactive,AFE,2,153,-0.6392672911419407
Interactive,AFE,2,154,1.0379861155767869
Interactive,AFE,2,155,-0.5741007167646206
Interactive,AFE,2,156,-0.42602051191108103
Interactive,AFE,2,157,-0.23271233830758908
Interactive,AFE,2,158,-0.015197226592624569
Interactive,AFE,2,159,-0.5582405719141581
Interactive,AFE,2,160,0.7360143301264785
Interactive,AFE,2,161,-0.5806298797728509
Interactive,AFE,2,162,0.052055800590961265
Interactive,AFE,2,163,-0.4955275415276935
Interactive,AFE,2,164,-0.8981071701851697
Interactive,AFE,2,165,-0.7011038990596714
Interactive,AFE,2,166,0.6926757583456351
Interactive,AFE,2,167,0.21890578642396963
Interactive,AFE,2,168,1.4526634771228797
Interactive,AFE,2,169,-0.14916455571165765
Interactive,AFE,2,170,-0.670607769405114
Interactive,AFE,2,171,-0.19159710615166448
Interactive,AFE,2,172,-0.5342184199047918
Interactive,AFE,2,173,-0.6373818803392339
Interactive,AFE,2,174,-0.7341158176914531
Interactive,AFE,2,175,-0.5744046642713472
Interactive,AFE,2,176,-0.06307155376742424
Interactive,AFE,2,177,-0.7425894928567578
Interactive,AFE,2,178,-0.020456691941307503
Interactive,AFE,2,179,-0.4964800775860502
Interactive,AFE,2,180,0.8383156611686267
Interactive,AFE,2,181,1.3824951220057549
Interactive,AFE,2,182,0.6822651448416237
Interactive,AFE,2,183,6.420252020932711
Interactive,AFE,2,184,0.15764803519059623
Interactive,AFE,2,185,0.34250906954015536
Interactive,AFE,2,186,0.7971898651241038
Interactive,AFE,2,187,-0.1265865090739018
Interactive,AFE,2,188,0.19043839668008777
Interactive,AFE,2,189,0.5679493646347187
Interactive,AFE,2,190,0.06784261832438054
Interactive,AFE,2,191,-0.5241710429413053
Interactive,AFE,2,192,1.0039779856611726
Interactive,AFE,2,193,0.05582845892447508
Interactive,AFE,2,194,-0.15074802307605606
Interactive,AFE,2,195,0.015535601120812093
Interactive,AFE,2,196,-0.0951875570962506
Interactive,AFE,2,197,0.8354713382062062
Interactive,AFE,2,198,-0.17632002967318117
Interactive,AFE,2,199,-0.8000401584385313
Interactive,AFE,2,200,-0.518440848511464
Interactive,AFE,2,201,-0.587613049628209
Interactive,AFE,2,202,-0.2149887005606672
Interactive,AFE,2,203,-0.015370615160222312
Interactive,AFE,2,204,1.9217721995477675
Interactive,AFE,2,205,-0.4682257449371485
Interactive,AFE,2,206,-0.2553595038568576
Interactive,AFE,2,207,0.4130400896249464
Interactive,AFE,2,208,0.7926534434760697
Interactive,AFE,2,209,-0.2994305607873323
Interactive,AFE,2,210,-0.23175684896321846
Interactive,AFE,2,211,-0.3836240235307221
Interactive,AFE,2,212,-0.1684990327320831
Interactive,AFE,2,213,-0.5563154635644675
Interactive,AFE,2,214,-0.12498176520062443
Interactive,AFE,2,215,0.07730317615804227
Interactive,AFE,2,216,0.3422405307164782
Interactive,AFE,2,217,-0.41207081736091045
Interactive,AFE,2,218,-0.4083182378152337
Interactive,AFE,2,219,5.04889170580062
Interactive,AFE,2,220,-0.560799273198028
Interactive,AFE,2,221,-0.5746638735957414
Interactive,AFE,2,222,-0.0036811812824341095
Interactive,AFE,2,223,1.0501765171028818
Interactive,AFE,2,224,0.008108336936078153
Interactive,AFE,2,225,-0.3729018530696534
Interactive,AFE,2,226,-0.25482362491303767
Interactive,AFE,2,227,-0.5632141131968249
Interactive,AFE,2,228,-2.0127005282444266e-4
Interactive,AFE,2,229,-0.32987777642850646
Interactive,AFE,2,230,-0.5123978643769858
Interactive,AFE,2,231,-0.18927287568026896
Interactive,AFE,2,232,0.5009159872217515
Interactive,AFE,2,233,-0.07248701771403909
Interactive,AFE,2,234,0.08982926333959296
Interactive,AFE,2,235,0.9065474676950147
Interactive,AFE,2,236,-0.4598874232940987
Interactive,AFE,2,237,0.2347141775069903
Interactive,AFE,2,238,-0.20562853822971294
Interactive,AFE,2,239,-0.4989259630492464
Interactive,AFE,2,240,0.5689169225325788
Interactive,AFE,2,241,-0.5599517044744043
Interactive,AFE,2,242,0.6992514322244403
Interactive,AFE,2,243,-0.36341044496715647
Interactive,AFE,2,244,-0.21910924573545232
Interactive,AFE,2,245,1.0052480305604163
Interactive,AFE,2,246,0.33123806568041037
Interactive,AFE,2,247,-0.011923349448490828
Interactive,AFE,2,248,0.09997878470374788
Interactive,AFE,2,249,-0.4254109574292556
Interactive,AFE,2,250,-0.4747031287302145
Interactive,AFE,2,251,1.8997092587611912
Interactive,AFE,2,252,1.139554277846286
Interactive,AFE,2,253,-0.02664130468803927
Interactive,AFE,2,254,0.3826439603204379
Interactive,AFE,2,255,0.07759042978399622
Interactive,AFE,2,256,0.42844769285507467
Interactive,AFE,2,257,0.2998573006100014
Interactive,AFE,2,258,1.5145613514181844
Interactive,AFE,2,259,0.544943450660005
Interactive,AFE,2,260,0.516286336959004
Interactive,AFE,2,261,-0.5258222527052876
Interactive,AFE,2,262,1.576892448998466
Interactive,AFE,2,263,0.30951201747544244
Interactive,AFE,2,264,-0.07886265867894615
Interactive,AFE,2,265,1.2591122206058896
Interactive,AFE,2,266,-0.14197894358768215
Interactive,AFE,2,267,1.8151015740717522
Interactive,AFE,2,268,-0.43683084924952686
Interactive,AFE,2,269,-0.24785280836557289
Interactive,AFE,2,270,-0.6191888154838969
Interactive,AFE,2,271,-0.6160724525546581
Interactive,AFE,2,272,-0.578160915540706
Interactive,AFE,2,273,-0.2055869157843475
Interactive,AFE,2,274,-0.586547055225589
Interactive,AFE,2,275,-0.5338662280411299
Interactive,AFE,2,276,-0.3588551601348261
Interactive,AFE,2,277,-0.39182916977739235
Interactive,AFE,2,278,1.9119870933667342
Interactive,AFE,2,279,0.029350999223486607
Interactive,AFE,2,280,0.7436945361438505
Interactive,AFE,2,281,1.6411220847350698
Interactive,AFE,2,282,-0.35843229186292913
Interactive,AFE,2,283,-0.7679928639861345
Interactive,AFE,2,284,2.9818896150781726
Interactive,AFE,2,285,-0.4111083432771876
Interactive,AFE,2,286,1.0107475460512858
Interactive,AFE,2,287,-0.206831608675343
Interactive,AFE,2,288,-0.3448427054092227
Interactive,AFE,2,289,-0.38334680895831574
Interactive,AFE,2,290,-0.7344180827447857
Interactive,AFE,2,291,-0.4200709161821736
Interactive,AFE,2,292,0.25194334662294815
Interactive,AFE,2,293,-0.4002634155549468
Interactive,AFE,2,294,-0.6645621979879427
Interactive,AFE,2,295,0.6008170625233855
Interactive,AFE,2,296,1.9859223535437804
Interactive,AFE,2,297,-0.42268242902847897
Interactive,AFE,2,298,-0.24713730318428884
Interactive,AFE,2,299,-0.21817889461345175
Interactive,AFE,2,300,0.11543257252829076
Interactive,AFE,2,301,-0.4857637994955505
Interactive,AFE,2,302,-0.704932059729158
Interactive,AFE,2,303,0.8229213183674537
Interactive,AFE,2,304,-0.4052935671624235
Interactive,AFE,2,305,0.27453282777603794
Interactive,AFE,2,306,-0.13655450349500498
Interactive,AFE,2,307,0.17229213181352665
Interactive,AFE,2,308,-0.6338692321341761
Interactive,AFE,2,309,0.09336210407895251
Interactive,AFE,2,310,0.1574753047256212
Interactive,AFE,2,311,-0.4728632130957684
Interactive,AFE,2,312,-0.4664969477886777
Interactive,AFE,2,313,-0.477294529996773
Interactive,AFE,2,314,0.6893468659479081
Interactive,AFE,2,315,-0.8676175132409207
Interactive,AFE,2,316,0.719961487091727
Interactive,AFE,2,317,1.0074465204618184
Interactive,AFE,2,318,-0.3214591777272934
Interactive,AFE,2,319,-0.4354912336896548
Interactive,AFE,2,320,0.28487325619427906
Interactive,AFE,2,321,0.15913355459731582
Interactive,AFE,2,322,0.7985688568358416
Interactive,AFE,2,323,-0.5230295769631259
Interactive,AFE,2,324,1.5199625442189322
Interactive,AFE,2,325,0.834449796995288
Interactive,AFE,2,326,0.132752710602001
Interactive,AFE,2,327,-0.6259074685409112
Interactive,AFE,2,328,4.3675155340135
Interactive,AFE,2,329,-0.34157643099096824
Interactive,AFE,2,330,-0.7120225371463773
Interactive,AFE,2,331,-0.7012419482294914
Interactive,AFE,2,332,-0.24348598949735178
Interactive,AFE,2,333,1.178018758850754
Interactive,AFE,2,334,-0.1512150659142142
Interactive,AFE,2,335,0.008023351650421118
Interactive,AFE,2,336,-0.5574270435343032
Interactive,AFE,2,337,0.08889069890723977
Interactive,AFE,2,338,-0.33553698984199787
Interactive,AFE,2,339,-0.1961314564266392
Interactive,AFE,2,340,-0.6224290846855648
Interactive,AFE,2,341,0.1990436889106062
Interactive,AFE,2,342,-0.3669098147139166
Interactive,AFE,2,343,0.08420486815607009
Interactive,AFE,2,344,0.3578577208606555
Interactive,AFE,2,345,-0.3570088029977522
Interactive,AFE,2,346,0.34307373385702133
Interactive,AFE,2,347,-0.08403651106240506
Interactive,AFE,2,348,-0.28689693973569763
Interactive,AFE,2,349,0.5782599488087856
Interactive,AFE,2,350,0.08066911175967229
Interactive,AFE,2,351,-0.33510710522379195
Interactive,AFE,2,352,-0.2682468598194663
Interactive,AFE,2,353,-0.19518584912910475
Interactive,AFE,2,354,-0.12434559541021362
Interactive,AFE,2,355,-0.20629364265926053
Interactive,AFE,2,356,0.08360197000875935
Interactive,AFE,2,357,-0.4366422208120222
Interactive,AFE,2,358,-0.6674890113571432
Interactive,AFE,2,359,-0.38695927912820405
Interactive,AFE,2,360,-0.17872169602330812
Interactive,AFE,2,361,-0.1024228248427026
Interactive,AFE,2,362,0.7154315930446935
Interactive,AFE,2,363,-0.042060588828049195
Interactive,AFE,2,364,-0.7996423890446083
Interactive,AFE,2,365,1.1991166608932584
Interactive,AFE,2,366,-0.46415027665673314
Interactive,AFE,2,367,-0.4397554243348979
Interactive,AFE,2,368,1.351088300896118
Interactive,AFE,2,369,-0.517572580691434
Interactive,AFE,2,370,-0.2246960230188011
Interactive,AFE,2,371,-0.25143474351644324
Interactive,AFE,2,372,3.3307592099472103
Interactive,AFE,2,373,-0.34954433918908845
Interactive,AFE,2,374,0.0882738619637391
Interactive,AFE,2,375,-0.012222882350692132
Interactive,AFE,2,376,0.32043447628734456
Interactive,AFE,2,377,-0.48394880960373965
Interactive,AFE,2,378,-0.06918861986968095
Interactive,AFE,2,379,0.4941504501531828
Interactive,AFE,2,380,0.19128218620070303
Interactive,AFE,2,381,-0.014409220402505696
Interactive,AFE,2,382,-0.5486644789919344
Interactive,AFE,2,383,0.8866108833718436
Interactive,AFE,2,384,-0.5597131737676613
Interactive,AFE,2,385,-0.18556270602281066
Interactive,AFE,2,386,1.66542737801085
Interactive,AFE,2,387,-0.2857257042599005
Interactive,AFE,2,388,0.1909268826162458
Interactive,AFE,2,389,-0.011515500032333703
Interactive,AFE,2,390,-0.5487946979862328
Interactive,AFE,2,391,-0.0034958979921675404
Interactive,AFE,2,392,-0.5352711863477688
Interactive,AFE,2,393,-0.6358519232823879
Interactive,AFE,2,394,-0.4946232563447528
Interactive,AFE,2,395,-0.22190453797808374
Interactive,AFE,2,396,0.35497562398099425
Interactive,AFE,2,397,-0.34450251262978104
Interactive,AFE,2,398,-0.6879463452999185
Interactive,AFE,2,399,-0.512362367445367
Interactive,AFE,2,400,-0.5166993125846793
Interactive,AFE,2,401,-0.30310528884299115
Interactive,AFE,2,402,1.3241354348311263
Interactive,AFE,2,403,0.23246611764533598
Interactive,AFE,2,404,2.77629413483679
Interactive,AFE,2,405,-0.5122519983466793
Interactive,AFE,2,406,-0.3940635303151945
Interactive,AFE,2,407,-0.09852164244788919
Interactive,AFE,2,408,0.5780658234696545
Interactive,AFE,2,409,-0.5022171475576177
Interactive,AFE,2,410,0.5297376726034597
Interactive,AFE,2,411,-0.2828015407757688
Interactive,AFE,2,412,-0.22566895723728375
Interactive,AFE,2,413,-0.6027476796304101
Interactive,AFE,2,414,0.15488341167397812
Interactive,AFE,2,415,1.3104556833700074
Interactive,AFE,2,416,-0.07582619007717062
Interactive,AFE,2,417,-0.32490438403460864
Interactive,AFE,2,418,-0.3063950584167644
Interactive,AFE,2,419,-0.6638031233933321
Interactive,AFE,2,420,0.4444557319290461
Interactive,AFE,2,421,-0.513208969694023
Interactive,AFE,2,422,-0.4094310520581521
Interactive,AFE,2,423,0.7489330048072276
Interactive,AFE,2,424,0.045897874037381436
Interactive,AFE,2,425,-0.8005439214308765
Interactive,AFE,2,426,-0.15680511561668808
Interactive,AFE,2,427,-0.5355954870753488
Interactive,AFE,2,428,-0.1945805848659089
Interactive,AFE,2,429,0.6549404693494643
Interactive,AFE,2,430,1.7935220622794703
Interactive,AFE,2,431,2.95660076386235
Interactive,AFE,2,432,-0.30445610669724954
Interactive,AFE,2,433,-0.6676761849574719
Interactive,AFE,2,434,-0.43240716591343176
Interactive,AFE,2,435,3.843581488339666
Interactive,AFE,2,436,-0.7034742806621305
Interactive,AFE,2,437,-0.8289479206568369
Interactive,AFE,2,438,-0.42645514516688177
Interactive,AFE,2,439,0.3080819438307676
Interactive,AFE,2,440,-0.2710937307778494
Interactive,AFE,2,441,0.9779321458003538
Interactive,AFE,2,442,0.08754488035992214
Interactive,AFE,2,443,-0.06939377445835582
Interactive,AFE,2,444,0.15699406449375175
Interactive,AFE,2,445,-0.4997371402038664
Interactive,AFE,2,446,0.8977489833251011
Interactive,AFE,2,447,-0.6937554732998569
Interactive,AFE,2,448,-0.28249678053623717
Interactive,AFE,2,449,-0.6501616450654448
Interactive,AFE,2,450,-0.24823889438728275
Interactive,AFE,2,451,-0.8110665196672636
Interactive,AFE,2,452,2.055764162715776
Interactive,AFE,2,453,1.143162737423904
Interactive,AFE,2,454,-0.16455703678203215
Interactive,AFE,2,455,0.44249693460481376
Interactive,AFE,2,456,-0.6865158298058152
Interactive,AFE,2,457,0.35507046004608034
Interactive,AFE,2,458,-0.5356367008355505
Interactive,AFE,2,459,1.5330650082386548
Interactive,AFE,2,460,0.2557547159805371
Interactive,AFE,2,461,0.4500680357956013
Interactive,AFE,2,462,0.6719977501848879
Interactive,AFE,2,463,-0.4845229767882808
Interactive,AFE,2,464,0.29426403477714613
Interactive,AFE,2,465,-0.6379835420107836
Interactive,AFE,2,466,-0.3976148706010362
Interactive,AFE,2,467,0.7384435259532671
Interactive,AFE,2,468,0.4476500772626253
Interactive,AFE,2,469,-0.27959704936616636
Interactive,AFE,2,470,-0.05048708328435958
Interactive,AFE,2,471,-0.5475710383613964
Interactive,AFE,2,472,-0.2205491452679651
Interactive,AFE,2,473,-0.3213980419533976
Interactive,AFE,2,474,-0.20487316934542377
Interactive,AFE,2,475,-0.7733211406795104
Interactive,AFE,2,476,0.7594114161749617
Interactive,AFE,2,477,-0.1135420003614318
Interactive,AFE,2,478,-0.5497324688721488
Interactive,AFE,2,479,-0.3016912606715605
Interactive,AFE,2,480,0.447844169950983
Interactive,AFE,2,481,-0.15466968328486275
Interactive,AFE,2,482,0.011898512036985887
Interactive,AFE,2,483,0.11487808605328809
Interactive,AFE,2,484,0.8711059441763751
Interactive,AFE,2,485,0.15640225653392759
Interactive,AFE,2,486,0.033293755144584214
Interactive,AFE,2,487,-0.3131861855792173
Interactive,AFE,2,488,-0.1882976431298371
Interactive,AFE,2,489,-0.4875791521650453
Interactive,AFE,2,490,0.6745763128079731
Interactive,AFE,2,491,0.20426248778675515
Interactive,AFE,2,492,-0.7052411178918637
Interactive,AFE,2,493,0.007343604287685324
Interactive,AFE,2,494,-0.500289236110911
Interactive,AFE,2,495,0.7545504221623567
Interactive,AFE,2,496,-0.3008181344974118
Interactive,AFE,2,497,-0.38110605376649653
Interactive,AFE,2,498,-0.3894287981360739
Interactive,AFE,2,499,-0.40331453530734496
Interactive,AFE,2,500,0.19890070502550872
Interactive,AFE,2,501,-0.7049453791417184
Interactive,AFE,2,502,0.9399838052424796
Interactive,AFE,2,503,-0.30261636880875287
Interactive,AFE,2,504,-0.5355289003606614
Interactive,AFE,2,505,-0.44074844161355675
Interactive,AFE,2,506,-0.03406773052761891
Interactive,AFE,2,507,-0.9388004373211677
Interactive,AFE,2,508,1.5729069117522556
Interactive,AFE,2,509,-0.04459112198106441
Interactive,AFE,2,510,-0.16996647306894652
Interactive,AFE,2,511,0.468560200559313
Interactive,AFE,2,512,-0.21341122904854137
Interactive,AFE,2,513,1.388388325950729
Interactive,AFE,2,514,-0.4849626967224362
Interactive,AFE,2,515,0.2865088474065085
Interactive,AFE,2,516,-0.6079814236676622
Interactive,AFE,2,517,-0.15481303426158888
Interactive,AFE,2,518,-0.36460735117423504
Interactive,AFE,2,519,-0.8887496086222966
Interactive,AFE,2,520,-0.60172309745597
Interactive,AFE,2,521,-0.4145347827314054
Interactive,AFE,2,522,-0.2862033669115762
Interactive,AFE,2,523,0.3033706302199133
Interactive,AFE,2,524,-0.3993896973763956
Interactive,AFE,2,525,-0.13078784921710307
Interactive,AFE,2,526,-0.678507727592103
Interactive,AFE,2,527,1.9629526830499548
Interactive,AFE,2,528,2.323229951776447
Interactive,AFE,2,529,0.08430687541763726
Interactive,AFE,2,530,0.6349209288788349
Interactive,AFE,2,531,0.4010346848599553
Interactive,AFE,2,532,1.2739404143306619
Interactive,AFE,2,533,1.234583492110998
Interactive,AFE,2,534,-0.4906893942961611
Interactive,AFE,2,535,-0.32961452966718296
Interactive,AFE,2,536,-0.17787049970774726
Interactive,AFE,2,537,-0.7237607373494656
Interactive,AFE,2,538,-0.6787052457028022
Interactive,AFE,2,539,0.1050422618060487
Interactive,AFE,2,540,2.5821586715312894
Interactive,AFE,2,541,-0.38673379472819946
Interactive,AFE,2,542,-0.5879686508030215
Interactive,AFE,2,543,-0.3002096922657357
Interactive,AFE,2,544,-0.3025346844972161
Interactive,AFE,2,545,0.13817209053187907
Interactive,AFE,2,546,-0.8365640178096406
Interactive,AFE,2,547,0.1521354101751058
Interactive,AFE,2,548,-0.30808565322071557
Interactive,AFE,2,549,-0.19975018108380016
Interactive,AFE,2,550,-0.04434447642570982
Interactive,AFE,2,551,0.7798760825380169
Interactive,AFE,2,552,0.18162202319982823
Interactive,AFE,2,553,1.7436702027420412
Interactive,AFE,2,554,-0.19897913836102887
Interactive,AFE,2,555,-0.6658826237898294
Interactive,AFE,2,556,0.18708495531395863
Interactive,AFE,2,557,-0.6769306802397299
Interactive,AFE,2,558,0.18478847237553553
Interactive,AFE,2,559,-0.70699465564653
Interactive,AFE,2,560,-0.6194352422271965
Interactive,AFE,2,561,-0.33179202839377486
Interactive,AFE,2,562,-0.5380016343020142
Interactive,AFE,2,563,-0.11295040409697588
Interactive,AFE,2,564,0.48875659093414114
Interactive,AFE,2,565,-0.8378537549880029
Interactive,AFE,2,566,-0.24370286255882712
Interactive,AFE,2,567,-0.4768490198695571
Interactive,AFE,2,568,1.5037419959082463
Interactive,AFE,2,569,2.3682451213585924
Interactive,AFE,2,570,-0.1068815158711347
Interactive,AFE,2,571,-0.1579945765187848
Interactive,AFE,2,572,-0.5302969315664467
Interactive,AFE,2,573,-0.5958217729973095
Interactive,AFE,2,574,-0.3321560477647102
Interactive,AFE,2,575,0.5563091589122897
Interactive,AFE,2,576,0.04020965158179113
Interactive,AFE,2,577,0.5193673011254039
Interactive,AFE,2,578,0.3483811216331403
Interactive,AFE,2,579,0.28353321924709785
Interactive,AFE,2,580,-0.8561029785020808
Interactive,AFE,2,581,0.1610409034483984
Interactive,AFE,2,582,1.3371625438235109
Interactive,AFE,2,583,-0.6001475859609742
Interactive,AFE,2,584,0.20275878256906843
Interactive,AFE,2,585,0.09238222928023854
Interactive,AFE,2,586,-0.5170613788791731
Interactive,AFE,2,587,-0.0733800331724358
Interactive,AFE,2,588,-0.39814937806736816
Interactive,AFE,2,589,0.0276104457138715
Interactive,AFE,2,590,-0.1628801631267599
Interactive,AFE,2,591,-0.24523405829963207
Interactive,AFE,2,592,0.10568902904812605
Interactive,AFE,2,593,1.467649552880304
Interactive,AFE,2,594,1.0009477627442345
Interactive,AFE,2,595,-0.5311269182295804
Interactive,AFE,2,596,0.47447149810701084
Interactive,AFE,2,597,-0.41511047779006016
Interactive,AFE,2,598,-0.34363376460922357
Interactive,AFE,2,599,-0.4246827572288594
Interactive,AFE,2,600,-0.37775759227789096
Interactive,AFE,2,601,-0.34681337468633466
Interactive,AFE,2,602,-0.39958256993497154
Interactive,AFE,2,603,0.6578065934210826
Interactive,AFE,2,604,-0.48995751045375857
Interactive,AFE,2,605,0.1054611475226983
Interactive,AFE,2,606,-0.18003323995003584
Interactive,AFE,2,607,-0.2016063217605215
Interactive,AFE,2,608,-0.0010084627814290759
Interactive,AFE,2,609,1.3392934702688066
Interactive,AFE,2,610,-0.7897656305324396
Interactive,AFE,2,611,-0.44535114567371725
Interactive,AFE,2,612,-0.13984307784912442
Interactive,AFE,2,613,-0.750933043639515
Interactive,AFE,2,614,-0.5720628873652085
Interactive,AFE,2,615,-0.0516534450114412
Interactive,AFE,2,616,-0.07066866699577046
Interactive,AFE,2,617,0.6548487947875385
Interactive,AFE,2,618,-0.3416923539755069
Interactive,AFE,2,619,0.2263417035573918
Interactive,AFE,2,620,-0.0675406473363157
Interactive,AFE,2,621,-0.2193568876997486
Interactive,AFE,2,622,-0.05175811364137439
Interactive,AFE,2,623,-0.06485960617772735
Interactive,AFE,2,624,0.012101467796837184
Interactive,AFE,2,625,-0.4291995412848806
Interactive,AFE,2,626,-0.48314475721588124
Interactive,AFE,2,627,3.022183075767539
Interactive,AFE,2,628,-0.5592858869110934
Interactive,AFE,2,629,0.24398152766323378
Interactive,AFE,2,630,0.11030912800631554
Interactive,AFE,2,631,-0.5769589992849468
Interactive,AFE,2,632,-0.48566834892548205
Interactive,AFE,2,633,-0.548245436643551
Interactive,AFE,2,634,0.9937647928296125
Interactive,AFE,2,635,0.5560013900285685
Interactive,AFE,2,636,-0.48310398509444763
Interactive,AFE,2,637,0.5378032171579825
Interactive,AFE,2,638,-0.5124316367454278
Interactive,AFE,2,639,-0.28699431777755
Interactive,AFE,2,640,-0.6440894337142968
Interactive,AFE,2,641,-0.016476690877400668
Interactive,AFE,2,642,-0.2727434516967897
Interactive,AFE,2,643,0.3262267640602856
Interactive,AFE,2,644,2.370819173938627
Interactive,AFE,2,645,0.7992961718376008
Interactive,AFE,2,646,-0.45832741446316316
Interactive,AFE,2,647,1.556324431337322
Interactive,AFE,2,648,-0.3874829089723155
Interactive,AFE,2,649,1.7620073861696581
Interactive,AFE,2,650,-0.3720740044439257
Interactive,AFE,2,651,-0.5618060640508871
Interactive,AFE,2,652,-0.05143815256922335
Interactive,AFE,2,653,-0.5597591313742575
Interactive,AFE,2,654,0.5892301041624803
Interactive,AFE,2,655,2.9788038192950212
Interactive,AFE,2,656,-0.8128279748008009
Interactive,AFE,2,657,-0.7327930339310244
Interactive,AFE,2,658,-0.5702535299112501
Interactive,AFE,2,659,0.38331090354808484
Interactive,AFE,2,660,0.10359853654391316
Interactive,AFE,2,661,0.4437983797955454
Interactive,AFE,2,662,0.15680328038833125
Interactive,AFE,2,663,-0.660778630789975
Interactive,AFE,2,664,-0.5562722905950883
Interactive,AFE,2,665,0.41334766366935805
Interactive,AFE,2,666,-0.7346157449545627
Interactive,AFE,2,667,3.048518885024052
Interactive,AFE,2,668,0.4779170016991847
Interactive,AFE,2,669,-0.07970469537966096
Interactive,AFE,2,670,-0.7982573848447996
Interactive,AFE,2,671,-0.6738622383007989
Interactive,AFE,2,672,-0.10504314627394384
Interactive,AFE,2,673,-0.39298475515879894
Interactive,AFE,2,674,-0.020694548192718765
Interactive,AFE,2,675,2.548318620994962
Interactive,AFE,2,676,-0.7012770271168867
Interactive,AFE,2,677,-0.1751906999142644
Interactive,AFE,2,678,0.33133574792912546
Interactive,AFE,2,679,-0.5518302650960062
Interactive,AFE,2,680,0.0965892600202678
Interactive,AFE,2,681,4.650975485393234
Interactive,AFE,2,682,-0.16536873287000609
Interactive,AFE,2,683,0.6909942729843226
Interactive,AFE,2,684,0.36895191168157315
Interactive,AFE,2,685,1.4779820090859217
Interactive,AFE,2,686,0.144099408556442
Interactive,AFE,2,687,-0.06396080188592845
Interactive,AFE,2,688,-0.030027927267276544
Interactive,AFE,2,689,-0.3545764152103541
Interactive,AFE,2,690,-0.19169818280864903
Interactive,AFE,2,691,0.2891515538576164
Interactive,AFE,2,692,1.088390858649142
Interactive,AFE,2,693,-0.33719561339655413
Interactive,AFE,2,694,-0.6702594310572099
Interactive,AFE,2,695,-0.7247200086515864
Interactive,AFE,2,696,4.088319079511049
Interactive,AFE,2,697,0.2251364303564194
Interactive,AFE,2,698,-0.3840012682891636
Interactive,AFE,2,699,-0.5357954894290358
Interactive,AFE,2,700,0.027649329735849326
Interactive,AFE,2,701,-0.5090153673787132
Interactive,AFE,2,702,0.2995843519884722
Interactive,AFE,2,703,-0.3293771305728723
Interactive,AFE,2,704,0.8596337641368472
Interactive,AFE,2,705,-0.7454490624828496
Interactive,AFE,2,706,-0.7420913854074751
Interactive,AFE,2,707,0.0038943230246002436
Interactive,AFE,2,708,0.8670285929800845
Interactive,AFE,2,709,-0.24481941409473718
Interactive,AFE,2,710,-0.4531796681373964
Interactive,AFE,2,711,-0.46604724031226175
Interactive,AFE,2,712,0.1332276816511777
Interactive,AFE,2,713,-0.02514821679139112
Interactive,AFE,2,714,0.6865938498673942
Interactive,AFE,2,715,2.372891805625944
Interactive,AFE,2,716,-0.09708708218816453
Interactive,AFE,2,717,0.21618711150720338
Interactive,AFE,2,718,0.730387122939328
Interactive,AFE,2,719,2.9275242273029702
Interactive,AFE,2,720,-0.44824115048519253
Interactive,AFE,2,721,-0.10146449875162578
Interactive,AFE,2,722,-0.18332798013701312
Interactive,AFE,2,723,0.16877509798080892
Interactive,AFE,2,724,0.9982482518421691
Interactive,AFE,2,725,-0.14883847499623581
Interactive,AFE,2,726,-0.450136363702748
Interactive,AFE,2,727,-0.1748097986217365
Interactive,AFE,2,728,0.00853184666982365
Interactive,AFE,2,729,0.663581971351904
Interactive,AFE,2,730,0.5058685235619735
Interactive,AFE,2,731,-0.5980630907868707
Interactive,AFE,2,732,-0.4549430074581403
Interactive,AFE,2,733,0.8387552037872583
Interactive,AFE,2,734,-0.6546135253007968
Interactive,AFE,2,735,-0.3959314340521066
Interactive,AFE,2,736,0.0903703166160037
Interactive,AFE,2,737,0.44818433841870786
Interactive,AFE,2,738,-0.38305336706736237
Interactive,AFE,2,739,-0.6997198346796676
Interactive,AFE,2,740,-0.15322372777414606
Interactive,AFE,2,741,-0.07514662396875837
Interactive,AFE,2,742,-0.4241534452686937
Interactive,AFE,2,743,-0.4596021058284995
Interactive,AFE,2,744,1.3985793905240937
Interactive,AFE,2,745,-0.4407222846854537
Interactive,AFE,2,746,-0.15757745225752973
Interactive,AFE,2,747,3.9960988719501254
Interactive,AFE,2,748,1.1434374645215333
Interactive,AFE,2,749,1.741565562237874
Interactive,AFE,2,750,-0.5650899967248871
Interactive,AFE,2,751,0.03496557440706316
Interactive,AFE,2,752,-0.4829232093603172
Interactive,AFE,2,753,-0.2990419271611291
Interactive,AFE,2,754,-0.7420287798709913
Interactive,AFE,2,755,0.6615978225507326
Interactive,AFE,2,756,-0.5431922626352397
Interactive,AFE,2,757,-0.31479914718563995
Interactive,AFE,2,758,-0.20955964006649608
Interactive,AFE,2,759,-0.4655159225119283
Interactive,AFE,2,760,0.30782466405662845
Interactive,AFE,2,761,-0.7405750656090319
Interactive,AFE,2,762,0.26468925069359206
Interactive,AFE,2,763,0.5877218959007346
Interactive,AFE,2,764,-0.5133026266793521
Interactive,AFE,2,765,-0.04950825370991385
Interactive,AFE,2,766,-0.7465016591363768
Interactive,AFE,2,767,0.2842664503698673
Interactive,AFE,2,768,-0.42570027793978815
Interactive,AFE,2,769,0.7266768379815229
Interactive,AFE,2,770,0.9710281296924279
Interactive,AFE,2,771,1.8810495785314698
Interactive,AFE,2,772,-0.3219884536315927
Interactive,AFE,2,773,-0.02158473494227353
Interactive,AFE,2,774,-0.13858953282588737
Interactive,AFE,2,775,-0.2357089980245891
Interactive,AFE,2,776,-0.7014623821648074
Interactive,AFE,2,777,1.7428839762359356
Interactive,AFE,2,778,0.4495423359312345
Interactive,AFE,2,779,-0.7319762175964419
Interactive,AFE,2,780,-0.10244534945519235
Interactive,AFE,2,781,-0.26714335968350134
Interactive,AFE,2,782,0.12489483636312859
Interactive,AFE,2,783,0.11831396311284825
Interactive,AFE,2,784,0.268426779727734
Interactive,AFE,2,785,0.5247659180613178
Interactive,AFE,2,786,-0.43999382187465164
Interactive,AFE,2,787,1.5261299157337982
Interactive,AFE,2,788,-0.7193104978426793
Interactive,AFE,2,789,-0.5064902225182519
Interactive,AFE,2,790,0.01711501892651568
Interactive,AFE,2,791,-0.5251184055393053
Interactive,AFE,2,792,-0.6220559420864772
Interactive,AFE,2,793,0.9729130959574988
Interactive,AFE,2,794,-0.06317460241630324
Interactive,AFE,2,795,-0.19076314316166343
Interactive,AFE,2,796,-0.7189153864304182
Interactive,AFE,2,797,-0.40706672399175126
Interactive,AFE,2,798,-0.5470139923533985
Interactive,AFE,2,799,1.0541031561123138
Interactive,AFE,2,800,-0.6997720717594296
Interactive,AFE,2,801,-0.21699529017178887
Interactive,AFE,2,802,-0.5232574148867948
Interactive,AFE,2,803,0.33698563201866527
Interactive,AFE,2,804,0.8516878952213096
Interactive,AFE,2,805,1.0006627292198087
Interactive,AFE,2,806,-0.6968695149917049
Interactive,AFE,2,807,0.3026254125228254
Interactive,AFE,2,808,-0.6289633707310704
Interactive,AFE,2,809,-0.7956795431591621
Interactive,AFE,2,810,1.1126796662531375
Interactive,AFE,2,811,1.023574123642288
Interactive,AFE,2,812,-0.6719456138423895
Interactive,AFE,2,813,-0.8058942626355609
Interactive,AFE,2,814,-0.3125170727046662
Interactive,AFE,2,815,-0.5855328852704037
Interactive,AFE,2,816,-0.38628709147075424
Interactive,AFE,2,817,-0.27424447396008145
Interactive,AFE,2,818,0.2788282634939232
Interactive,AFE,2,819,-0.15919014335991977
Interactive,AFE,2,820,-0.2387423646443857
Interactive,AFE,2,821,0.3396145876431478
Interactive,AFE,2,822,-0.6184694211113846
Interactive,AFE,2,823,-0.07634812587550133
Interactive,AFE,2,824,0.3759006541182133
Interactive,AFE,2,825,-0.6734567003804339
Interactive,AFE,2,826,0.33655886573574545
Interactive,AFE,2,827,-0.4962919159043727
Interactive,AFE,2,828,-0.22710827784345056
Interactive,AFE,2,829,-0.0035729320987506474
Interactive,AFE,2,830,0.3769195413693698
Interactive,AFE,2,831,0.3008434638448685
Interactive,AFE,2,832,-0.2335355988937351
Interactive,AFE,2,833,-0.6133723820862853
Interactive,AFE,2,834,0.17695643862266763
Interactive,AFE,2,835,-0.24294340587382246
Interactive,AFE,2,836,-0.8023558284950422
Interactive,AFE,2,837,-0.2897131320299543
Interactive,AFE,2,838,0.4222278160821724
Interactive,AFE,2,839,2.239352733519376
Interactive,AFE,2,840,-0.2866136640085868
Interactive,AFE,2,841,-0.512085906714842
Interactive,AFE,2,842,1.3749840874599673
Interactive,AFE,2,843,-0.4393723460894401
Interactive,AFE,2,844,1.6367318094251893
Interactive,AFE,2,845,-0.6213317375111405
Interactive,AFE,2,846,-0.6268168547935683
Interactive,AFE,2,847,1.6826735909417967
Interactive,AFE,2,848,1.1072977512997224
Interactive,AFE,2,849,-0.42111481159159014
Interactive,AFE,2,850,-0.8361745553273469
Interactive,AFE,2,851,1.1301598843220466
Interactive,AFE,2,852,-0.41573458652546125
Interactive,AFE,2,853,1.7177740944611095
Interactive,AFE,2,854,-0.7388583748605019
Interactive,AFE,2,855,0.15785246674056275
Interactive,AFE,2,856,-0.4269736691447885
Interactive,AFE,2,857,-0.05739965254724655
Interactive,AFE,2,858,-0.43443139146548326
Interactive,AFE,2,859,1.4710870846734538
Interactive,AFE,2,860,1.0190243627387603
Interactive,AFE,2,861,-0.35422235413676817
Interactive,AFE,2,862,0.22073395092780057
Interactive,AFE,2,863,-0.6812807732303126
Interactive,AFE,2,864,-0.1459222045226446
Interactive,AFE,2,865,0.6091221487490297
Interactive,AFE,2,866,-0.3908941117753657
Interactive,AFE,2,867,1.182704068028599
Interactive,AFE,2,868,-0.4197889396632417
Interactive,AFE,2,869,-0.046156057924295
Interactive,AFE,2,870,0.45482696134983613
Interactive,AFE,2,871,0.7725126107694009
Interactive,AFE,2,872,-0.40334788823952017
Interactive,AFE,2,873,-0.4328322325842038
Interactive,AFE,2,874,-0.7675553136817951
Interactive,AFE,2,875,-0.4475549861177829
Interactive,AFE,2,876,0.7239364991421486
Interactive,AFE,2,877,0.13070770375819318
Interactive,AFE,2,878,-0.3092204264324213
Interactive,AFE,2,879,-0.4556968339642925
Interactive,AFE,2,880,-0.5440722481369709
Interactive,AFE,2,881,-0.2527748272930932
Interactive,AFE,2,882,-0.37183083643934023
Interactive,AFE,2,883,-0.2630077295566081
Interactive,AFE,2,884,0.5412142654647822
Interactive,AFE,2,885,-0.21370145991960388
Interactive,AFE,2,886,-0.6918952686053155
Interactive,AFE,2,887,-0.6417715274267435
Interactive,AFE,2,888,-0.5543458100571927
Interactive,AFE,2,889,-0.0018011662372108272
Interactive,AFE,2,890,-0.24888038923865163
Interactive,AFE,2,891,-0.17633335341961842
Interactive,AFE,2,892,-0.13375082819623885
Interactive,AFE,2,893,-0.47987110540744515
Interactive,AFE,2,894,-0.03298801594904621
Interactive,AFE,2,895,-0.0728635501573981
Interactive,AFE,2,896,0.5376226101493566
Interactive,AFE,2,897,0.28518965730547174
Interactive,AFE,2,898,-0.07325276890048626
Interactive,AFE,2,899,-0.47526992087466147
Interactive,AFE,2,900,-0.03963046255025893
Interactive,AFE,2,901,-0.4525638162957595
Interactive,AFE,2,902,0.21129783480976094
Interactive,AFE,2,903,-0.32044032605801576
Interactive,AFE,2,904,-0.760534638378453
Interactive,AFE,2,905,-0.7445971380927183
Interactive,AFE,2,906,0.6156234333634183
Interactive,AFE,2,907,-0.14500956630291018
Interactive,AFE,2,908,-0.6982354625860265
Interactive,AFE,2,909,-0.47460408771924767
Interactive,AFE,2,910,0.31355947242341076
Interactive,AFE,2,911,1.4103794921262307
Interactive,AFE,2,912,-0.06324420994882118
Interactive,AFE,2,913,0.1289720375200627
Interactive,AFE,2,914,-0.6318059161917284
Interactive,AFE,2,915,-0.6800420807590449
Interactive,AFE,2,916,-0.40564093651977795
Interactive,AFE,2,917,-0.8042456377169254
Interactive,AFE,2,918,-0.3943768980133534
Interactive,AFE,2,919,-0.49095370605721644
Interactive,AFE,2,920,0.27535018601081473
Interactive,AFE,2,921,0.7261447541198989
Interactive,AFE,2,922,-0.10033990865738507
Interactive,AFE,2,923,0.07760173891308564
Interactive,AFE,2,924,-0.3830982597373981
Interactive,AFE,2,925,0.30976466247805545
Interactive,AFE,2,926,-0.6735404472976196
Interactive,AFE,2,927,-0.2590544845220495
Interactive,AFE,2,928,-0.25444272482120545
Interactive,AFE,2,929,-0.7438799600387975
Interactive,AFE,2,930,0.3402090552835866
Interactive,AFE,2,931,1.1014853973554684
Interactive,AFE,2,932,1.5445069545488335
Interactive,AFE,2,933,-0.10959181494217296
Interactive,AFE,2,934,-0.2872357012649678
Interactive,AFE,2,935,-0.48776796683437473
Interactive,AFE,2,936,1.9088234176381556
Interactive,AFE,2,937,-0.0235447470932304
Interactive,AFE,2,938,0.3660197214685268
Interactive,AFE,2,939,-0.17058126142883046
Interactive,AFE,2,940,0.11237018988091885
Interactive,AFE,2,941,1.3227375389006082
Interactive,AFE,2,942,0.03875903413440418
Interactive,AFE,2,943,1.1749637533126154
Interactive,AFE,2,944,-0.3489947778067408
Interactive,AFE,2,945,-0.1327916194864026
Interactive,AFE,2,946,0.6660188942353531
Interactive,AFE,2,947,0.053311114364840595
Interactive,AFE,2,948,-0.6049337194721298
Interactive,AFE,2,949,-0.13753195370270566
Interactive,AFE,2,950,-0.024004252253959968
Interactive,AFE,2,951,-0.3185506860098217
Interactive,AFE,2,952,-0.21347297962199308
Interactive,AFE,2,953,0.14913447612173325
Interactive,AFE,2,954,-0.21137356374763938
Interactive,AFE,2,955,-0.4693651131687705
Interactive,AFE,2,956,1.6653434026669336
Interactive,AFE,2,957,4.646583759124745e-4
Interactive,AFE,2,958,-0.24783850967703958
Interactive,AFE,2,959,0.06000828528437685
Interactive,AFE,2,960,-0.2550153185209556
Interactive,AFE,2,961,-0.38784571315538996
Interactive,AFE,2,962,0.8166126974963015
Interactive,AFE,2,963,0.5285525216367635
Interactive,AFE,2,964,0.3601656725550706
Interactive,AFE,2,965,-0.5548202251241794
Interactive,AFE,2,966,0.06298775865569106
Interactive,AFE,2,967,-0.12198724488662349
Interactive,AFE,2,968,-0.503378663307003
Interactive,AFE,2,969,-0.6657494741115385
Interactive,AFE,2,970,-0.3218808190535327
Interactive,AFE,2,971,0.13813514584724063
Interactive,AFE,2,972,-0.37941179871908315
Interactive,AFE,2,973,-0.37637654094943573
Interactive,AFE,2,974,-0.2869331348173674
Interactive,AFE,2,975,-0.45442079504600097
Interactive,AFE,2,976,1.4739481826609464
Interactive,AFE,2,977,-0.5778388451293772
Interactive,AFE,2,978,0.42822967226278696
Interactive,AFE,2,979,4.0022894170648105
Interactive,AFE,2,980,1.973157434895357
Interactive,AFE,2,981,0.14829422581361595
Interactive,AFE,2,982,1.6581020160027982
Interactive,AFE,2,983,-0.558779484638809
Interactive,AFE,2,984,0.3353062802212594
Interactive,AFE,2,985,-0.328691816065274
Interactive,AFE,2,986,0.18171886136438364
Interactive,AFE,2,987,0.03153798315088907
Interactive,AFE,2,988,0.6927136785639672
Interactive,AFE,2,989,-0.03799241654356289
Interactive,AFE,2,990,-0.4279318917032322
Interactive,AFE,2,991,-0.039337177078289876
Interactive,AFE,2,992,-0.4518429592774046
Interactive,AFE,2,993,-0.572268948603492
Interactive,AFE,2,994,-0.7188173237066735
Interactive,AFE,2,995,-0.6271363799962508
Interactive,AFE,2,996,0.20846315196154053
Interactive,AFE,2,997,-0.6148339339419735
Interactive,AFE,2,998,1.0773999357546211
Interactive,AFE,2,999,0.2823438300728609
Interactive,AFE,2,1000,0.6388430870670099
Interactive,IFE,0,1,-0.5570156076976766
Interactive,IFE,0,2,-0.4061568616390929
Interactive,IFE,0,3,-0.2918662206337984
Interactive,IFE,0,4,-0.3737647113755006
Interactive,IFE,0,5,-0.3399616103335369
Interactive,IFE,0,6,-0.4532402882886378
Interactive,IFE,0,7,-0.6449530980231073
Interactive,IFE,0,8,-0.42731331218264734
Interactive,IFE,0,9,-0.29091165292202903
Interactive,IFE,0,10,-0.6078588078777075
Interactive,IFE,0,11,-0.38145715227689514
Interactive,IFE,0,12,-0.3195806762877059
Interactive,IFE,0,13,-0.38547310483399544
Interactive,IFE,0,14,-0.4527829573794788
Interactive,IFE,0,15,-0.4506059887139898
Interactive,IFE,0,16,-0.49380429581336216
Interactive,IFE,0,17,-0.45328695337964464
Interactive,IFE,0,18,-0.16398285453923123
Interactive,IFE,0,19,-0.4064820651839548
Interactive,IFE,0,20,-0.1920428160641794
Interactive,IFE,0,21,-0.2249902907926108
Interactive,IFE,0,22,-0.5502343777863397
Interactive,IFE,0,23,-0.35045164523150374
Interactive,IFE,0,24,-0.6540005859699447
Interactive,IFE,0,25,-0.030606731520955166
Interactive,IFE,0,26,-0.1793290168911067
Interactive,IFE,0,27,-0.32804765024737526
Interactive,IFE,0,28,-0.22992503237201511
Interactive,IFE,0,29,-0.5021352225549953
Interactive,IFE,0,30,-0.5158015879252389
Interactive,IFE,0,31,-0.5080816705066851
Interactive,IFE,0,32,0.4866789172588175
Interactive,IFE,0,33,-0.22885959353288388
Interactive,IFE,0,34,-0.35499482577726493
Interactive,IFE,0,35,-0.2573373396239449
Interactive,IFE,0,36,0.07369117294237237
Interactive,IFE,0,37,-0.19403745344706003
Interactive,IFE,0,38,-0.38383660415137166
Interactive,IFE,0,39,0.021936315693391606
Interactive,IFE,0,40,-0.2708524464544996
Interactive,IFE,0,41,-0.4206190958784075
Interactive,IFE,0,42,-0.14610991584512478
Interactive,IFE,0,43,-0.47867566028872566
Interactive,IFE,0,44,-0.40150803613705766
Interactive,IFE,0,45,-0.31051202301621017
Interactive,IFE,0,46,0.45709900213133214
Interactive,IFE,0,47,-0.3555092449836388
Interactive,IFE,0,48,-0.20776632643012083
Interactive,IFE,0,49,-0.15927177717597618
Interactive,IFE,0,50,-0.18392189224191002
Interactive,IFE,0,51,-0.29852995271015526
Interactive,IFE,0,52,-0.3971208832177797
Interactive,IFE,0,53,-0.34287250180113193
Interactive,IFE,0,54,-0.4766110167056584
Interactive,IFE,0,55,0.09539735193924037
Interactive,IFE,0,56,-0.3318705510094365
Interactive,IFE,0,57,-0.2738674847313505
Interactive,IFE,0,58,0.20541186049050353
Interactive,IFE,0,59,-0.23653373032276548
Interactive,IFE,0,60,-0.2937872055680919
Interactive,IFE,0,61,-0.4203736286119295
Interactive,IFE,0,62,-0.45232966141517394
Interactive,IFE,0,63,-0.5124948488163226
Interactive,IFE,0,64,-0.5419238834848275
Interactive,IFE,0,65,0.05757382585651327
Interactive,IFE,0,66,-0.5480742775742995
Interactive,IFE,0,67,0.13351558586128442
Interactive,IFE,0,68,-0.36301842483350544
Interactive,IFE,0,69,-0.4569727675673594
Interactive,IFE,0,70,-0.37066736539757006
Interactive,IFE,0,71,-0.5133582704418529
Interactive,IFE,0,72,-0.18534234589497112
Interactive,IFE,0,73,-0.3889097819941565
Interactive,IFE,0,74,-0.40342493601249607
Interactive,IFE,0,75,-0.1344136713441204
Interactive,IFE,0,76,-0.18263622462923967
Interactive,IFE,0,77,-0.46323771883360654
Interactive,IFE,0,78,-0.03780556584941763
Interactive,IFE,0,79,-0.4214637739571825
Interactive,IFE,0,80,-0.45030685245025803
Interactive,IFE,0,81,-0.5373199222084746
Interactive,IFE,0,82,-0.4580077743226959
Interactive,IFE,0,83,-0.22403147860694772
Interactive,IFE,0,84,-0.3524564063653286
Interactive,IFE,0,85,-0.18487692764098385
Interactive,IFE,0,86,-0.3205001071643786
Interactive,IFE,0,87,-0.4085186446037238
Interactive,IFE,0,88,-0.40885041311062154
Interactive,IFE,0,89,-0.3217136582233524
Interactive,IFE,0,90,-0.5511347820969265
Interactive,IFE,0,91,-0.0920431199555456
Interactive,IFE,0,92,-0.5007562202884612
Interactive,IFE,0,93,-0.6074990922231214
Interactive,IFE,0,94,-0.19369785991432475
Interactive,IFE,0,95,-0.42448130043401056
Interactive,IFE,0,96,-0.1970839339655326
Interactive,IFE,0,97,-0.15882674319598578
Interactive,IFE,0,98,-0.17871148585715368
Interactive,IFE,0,99,-0.3113267879139203
Interactive,IFE,0,100,-0.2515156726524025
Interactive,IFE,0,101,-0.18280407605140447
Interactive,IFE,0,102,-0.3230722362992392
Interactive,IFE,0,103,-0.20145102421270245
Interactive,IFE,0,104,-0.314175313957497
Interactive,IFE,0,105,-0.5290149388511474
Interactive,IFE,0,106,-0.24618717533217715
Interactive,IFE,0,107,-0.3133391809230426
Interactive,IFE,0,108,-0.3411601939213823
Interactive,IFE,0,109,-0.35937175771946017
Interactive,IFE,0,110,-0.6173774964648465
Interactive,IFE,0,111,-0.5900802362949342
Interactive,IFE,0,112,-0.331901067287092
Interactive,IFE,0,113,0.015381158055129518
Interactive,IFE,0,114,-0.4641357777859304
Interactive,IFE,0,115,0.01364402868403225
Interactive,IFE,0,116,-0.1035773804896577
Interactive,IFE,0,117,0.09787312203376408
Interactive,IFE,0,118,-0.2066264931310725
Interactive,IFE,0,119,-0.6893104548980881
Interactive,IFE,0,120,-0.5899604012137328
Interactive,IFE,0,121,-0.13543690786003737
Interactive,IFE,0,122,-0.2151735400296807
Interactive,IFE,0,123,-0.6115515358408741
Interactive,IFE,0,124,-0.14574091412961543
Interactive,IFE,0,125,-0.30460039826999696
Interactive,IFE,0,126,-0.336782861638388
Interactive,IFE,0,127,-0.44283561131377225
Interactive,IFE,0,128,-0.45994046829920887
Interactive,IFE,0,129,-0.37502508936270873
Interactive,IFE,0,130,-0.32997607376540994
Interactive,IFE,0,131,0.04583751533166058
Interactive,IFE,0,132,-0.0041098559882156716
Interactive,IFE,0,133,-0.29262893610167007
Interactive,IFE,0,134,-0.6512967400466573
Interactive,IFE,0,135,-0.6572722480383643
Interactive,IFE,0,136,-0.5301698736333067
Interactive,IFE,0,137,-0.46436615503377665
Interactive,IFE,0,138,-0.6613653006897653
Interactive,IFE,0,139,-0.3671743786739564
Interactive,IFE,0,140,-0.5890729614149648
Interactive,IFE,0,141,-0.4172154822717682
Interactive,IFE,0,142,-0.497378538795052
Interactive,IFE,0,143,-0.40449842757178067
Interactive,IFE,0,144,-0.5383334435862066
Interactive,IFE,0,145,-0.4568897607543473
Interactive,IFE,0,146,-0.3905398230385203
Interactive,IFE,0,147,-0.005702021848276062
Interactive,IFE,0,148,-0.5070228482128775
Interactive,IFE,0,149,-0.261216409152106
Interactive,IFE,0,150,-0.3234759292034197
Interactive,IFE,0,151,-0.2075954075943114
Interactive,IFE,0,152,-0.3953456781834901
Interactive,IFE,0,153,-0.6005343782060726
Interactive,IFE,0,154,-0.2017072324156034
Interactive,IFE,0,155,-0.14604261326026224
Interactive,IFE,0,156,-0.5039311449066455
Interactive,IFE,0,157,-0.20795347077673088
Interactive,IFE,0,158,-0.3117948862640718
Interactive,IFE,0,159,-0.601644159001776
Interactive,IFE,0,160,-0.5707059313260153
Interactive,IFE,0,161,-0.4512598817873349
Interactive,IFE,0,162,-0.2763687541356453
Interactive,IFE,0,163,-0.27195012680466124
Interactive,IFE,0,164,-0.2960563582773458
Interactive,IFE,0,165,-0.4851057841461457
Interactive,IFE,0,166,-0.11255888669456093
Interactive,IFE,0,167,-0.15982414833670555
Interactive,IFE,0,168,-0.23917573453677798
Interactive,IFE,0,169,-0.3801432151222187
Interactive,IFE,0,170,-0.39720492163116783
Interactive,IFE,0,171,-0.20331808208533664
Interactive,IFE,0,172,-0.5118734607555999
Interactive,IFE,0,173,-0.47477866736288976
Interactive,IFE,0,174,-0.4987342269047651
Interactive,IFE,0,175,-0.45498841801966394
Interactive,IFE,0,176,0.34475698713875746
Interactive,IFE,0,177,-0.30382881602800393
Interactive,IFE,0,178,-0.10617172039822431
Interactive,IFE,0,179,-0.6671727988416822
Interactive,IFE,0,180,-0.6066840865730838
Interactive,IFE,0,181,-0.30023051713054727
Interactive,IFE,0,182,-0.4610595534538571
Interactive,IFE,0,183,-0.03702287466078302
Interactive,IFE,0,184,-0.1252784766263968
Interactive,IFE,0,185,-0.23277787076994694
Interactive,IFE,0,186,-0.5048029225028334
Interactive,IFE,0,187,-0.4746348131821254
Interactive,IFE,0,188,-0.4491565488653676
Interactive,IFE,0,189,-0.1200156294155007
Interactive,IFE,0,190,-0.4420774326069914
Interactive,IFE,0,191,-0.49586266231668974
Interactive,IFE,0,192,-0.6738035901893604
Interactive,IFE,0,193,-0.11395020679923484
Interactive,IFE,0,194,-0.4916616253905488
Interactive,IFE,0,195,-0.1733343307702485
Interactive,IFE,0,196,-0.38021649368993415
Interactive,IFE,0,197,-0.5705853136360071
Interactive,IFE,0,198,-0.22154985733514487
Interactive,IFE,0,199,-0.41910805759746395
Interactive,IFE,0,200,-0.5723684958206434
Interactive,IFE,0,201,-0.35055928309604867
Interactive,IFE,0,202,-0.3223598627456068
Interactive,IFE,0,203,-0.38456901798308063
Interactive,IFE,0,204,-0.12417034710847086
Interactive,IFE,0,205,-0.4490793274571425
Interactive,IFE,0,206,-0.48145304991943816
Interactive,IFE,0,207,-0.38191735152921036
Interactive,IFE,0,208,-0.40751733926354317
Interactive,IFE,0,209,-0.41260996179937826
Interactive,IFE,0,210,-0.672496666608011
Interactive,IFE,0,211,-0.5204115143562085
Interactive,IFE,0,212,-0.5414405216034254
Interactive,IFE,0,213,-0.2836991987473978
Interactive,IFE,0,214,-0.30552310894224155
Interactive,IFE,0,215,-0.2659331479573659
Interactive,IFE,0,216,-0.5542898454508101
Interactive,IFE,0,217,-0.4490855175090036
Interactive,IFE,0,218,-0.5164924355022968
Interactive,IFE,0,219,-0.31867565602725345
Interactive,IFE,0,220,-0.5222473396491539
Interactive,IFE,0,221,-0.46254176575149275
Interactive,IFE,0,222,-0.5169694604080932
Interactive,IFE,0,223,-0.2813559269262019
Interactive,IFE,0,224,0.16215607611481087
Interactive,IFE,0,225,-0.5693890425867927
Interactive,IFE,0,226,-0.3090234575626922
Interactive,IFE,0,227,-0.41990942956035193
Interactive,IFE,0,228,-0.4740953852235511
Interactive,IFE,0,229,0.06659626476998137
Interactive,IFE,0,230,-0.533111165736971
Interactive,IFE,0,231,-0.005823001807343187
Interactive,IFE,0,232,-0.4232081601133093
Interactive,IFE,0,233,-0.5827775036563176
Interactive,IFE,0,234,-0.5220789801673694
Interactive,IFE,0,235,-0.2439955816518199
Interactive,IFE,0,236,-0.49794171974425805
Interactive,IFE,0,237,-0.16783571771661643
Interactive,IFE,0,238,-0.5823918383069842
Interactive,IFE,0,239,-0.36278748874801103
Interactive,IFE,0,240,-0.43479328898890657
Interactive,IFE,0,241,-0.4580795510016611
Interactive,IFE,0,242,-0.4342691869638501
Interactive,IFE,0,243,-0.5610914462423118
Interactive,IFE,0,244,-0.11515703358373341
Interactive,IFE,0,245,-0.07118060412398275
Interactive,IFE,0,246,-0.4712910436606129
Interactive,IFE,0,247,-0.2772292975639298
Interactive,IFE,0,248,-0.2949891587759901
Interactive,IFE,0,249,-0.3548635408647627
Interactive,IFE,0,250,-0.48900729930082354
Interactive,IFE,0,251,-0.43557459966715917
Interactive,IFE,0,252,-0.5040442706530893
Interactive,IFE,0,253,-0.5204185455522179
Interactive,IFE,0,254,-0.6596661206968325
Interactive,IFE,0,255,-0.12479505782377742
Interactive,IFE,0,256,0.2942763498187222
Interactive,IFE,0,257,-0.5081450179844866
Interactive,IFE,0,258,-0.493610237122147
Interactive,IFE,0,259,-0.6002905954146518
Interactive,IFE,0,260,-0.5272961829062257
Interactive,IFE,0,261,-0.36502273302796173
Interactive,IFE,0,262,-0.39412006082507656
Interactive,IFE,0,263,-0.4015572147626202
Interactive,IFE,0,264,-0.23966075268902298
Interactive,IFE,0,265,0.25440417889793543
Interactive,IFE,0,266,-0.0926447130915824
Interactive,IFE,0,267,-0.3039482780445444
Interactive,IFE,0,268,-0.23734185942169306
Interactive,IFE,0,269,-0.41096300266307284
Interactive,IFE,0,270,-0.40784805561387727
Interactive,IFE,0,271,-0.5008500376100917
Interactive,IFE,0,272,-0.025858736760563383
Interactive,IFE,0,273,-0.27571143300979983
Interactive,IFE,0,274,-0.4124923856285475
Interactive,IFE,0,275,-0.5938665599994921
Interactive,IFE,0,276,-0.4445402060689103
Interactive,IFE,0,277,-0.47007812640729874
Interactive,IFE,0,278,-0.33648421755130353
Interactive,IFE,0,279,-0.1830810200698585
Interactive,IFE,0,280,-0.3536062533089077
Interactive,IFE,0,281,-0.5565752957322354
Interactive,IFE,0,282,-0.19915822450664944
Interactive,IFE,0,283,-0.22946485546337247
Interactive,IFE,0,284,0.1144747142817093
Interactive,IFE,0,285,-0.43612123652051704
Interactive,IFE,0,286,-0.3201248273494487
Interactive,IFE,0,287,-0.1685885819090338
Interactive,IFE,0,288,-0.48817101499506876
Interactive,IFE,0,289,-0.49786105750500453
Interactive,IFE,0,290,0.04908254070138418
Interactive,IFE,0,291,0.07659328331236792
Interactive,IFE,0,292,-0.2981214218255539
Interactive,IFE,0,293,-0.4018177956623433
Interactive,IFE,0,294,-0.27212198520524233
Interactive,IFE,0,295,-0.40889998319180687
Interactive,IFE,0,296,-0.6198642671949613
Interactive,IFE,0,297,-0.2810335338881289
Interactive,IFE,0,298,0.46027368441015004
Interactive,IFE,0,299,-0.11829692373531031
Interactive,IFE,0,300,-0.5407730361441422
Interactive,IFE,0,301,-0.7139998137077748
Interactive,IFE,0,302,-0.16174492069446944
Interactive,IFE,0,303,-0.59034243218243
Interactive,IFE,0,304,-0.42953895403180176
Interactive,IFE,0,305,-0.46036083011899664
Interactive,IFE,0,306,-0.1598397550935492
Interactive,IFE,0,307,0.025235486732027468
Interactive,IFE,0,308,-0.03503324414314124
Interactive,IFE,0,309,-0.4030389111965176
Interactive,IFE,0,310,-0.5972959552783046
Interactive,IFE,0,311,-0.31513752261005423
Interactive,IFE,0,312,-0.43152982868761836
Interactive,IFE,0,313,-0.5575536052577778
Interactive,IFE,0,314,0.07280284173924323
Interactive,IFE,0,315,-0.2611517440747413
Interactive,IFE,0,316,0.0654095340461871
Interactive,IFE,0,317,-0.5006746440428382
Interactive,IFE,0,318,-0.1623808677956835
Interactive,IFE,0,319,-0.6419042865053158
Interactive,IFE,0,320,-0.29629860153879384
Interactive,IFE,0,321,-0.30842935271406924
Interactive,IFE,0,322,-0.3401556459320817
Interactive,IFE,0,323,-0.5475623210771821
Interactive,IFE,0,324,-0.3205806883064184
Interactive,IFE,0,325,-0.0961799653573513
Interactive,IFE,0,326,-0.38238704961913395
Interactive,IFE,0,327,-0.42514713600175
Interactive,IFE,0,328,-0.02302156161509783
Interactive,IFE,0,329,-0.5417597023710659
Interactive,IFE,0,330,-0.5650267098767837
Interactive,IFE,0,331,-0.1509665519786001
Interactive,IFE,0,332,0.14986341401864833
Interactive,IFE,0,333,-0.5406791393132873
Interactive,IFE,0,334,-0.27681062536070333
Interactive,IFE,0,335,-0.4424157152757443
Interactive,IFE,0,336,-0.3992893635527024
Interactive,IFE,0,337,-0.012185420666397162
Interactive,IFE,0,338,-0.565149179833955
Interactive,IFE,0,339,-0.16188820603698695
Interactive,IFE,0,340,-0.5688756171829394
Interactive,IFE,0,341,-0.5986830074920699
Interactive,IFE,0,342,-0.516693195625836
Interactive,IFE,0,343,-0.30013594986982384
Interactive,IFE,0,344,-0.4128295663833914
Interactive,IFE,0,345,-0.27717366577085356
Interactive,IFE,0,346,-0.2484407748135855
Interactive,IFE,0,347,-0.2540032246307745
Interactive,IFE,0,348,-0.32883215769433094
Interactive,IFE,0,349,0.4238833624308789
Interactive,IFE,0,350,-0.44626903184094546
Interactive,IFE,0,351,-0.40021792365096476
Interactive,IFE,0,352,-0.010156705038435798
Interactive,IFE,0,353,-0.18735536180666523
Interactive,IFE,0,354,-0.3979080733643635
Interactive,IFE,0,355,-0.42367651362048675
Interactive,IFE,0,356,-0.5037091218031458
Interactive,IFE,0,357,-0.38074520159673964
Interactive,IFE,0,358,-0.4347118605729866
Interactive,IFE,0,359,-0.4613656074073691
Interactive,IFE,0,360,-0.41013490335609704
Interactive,IFE,0,361,-0.411292993859087
Interactive,IFE,0,362,-0.5451513177372247
Interactive,IFE,0,363,-0.5742853151853579
Interactive,IFE,0,364,-0.05604720251116224
Interactive,IFE,0,365,-0.19006236308025248
Interactive,IFE,0,366,-0.2187877511733718
Interactive,IFE,0,367,-0.24008669932358107
Interactive,IFE,0,368,-0.28930061143076125
Interactive,IFE,0,369,-0.41272258825460784
Interactive,IFE,0,370,-0.3487250198280807
Interactive,IFE,0,371,-0.4525172547799031
Interactive,IFE,0,372,-0.24495986749654608
Interactive,IFE,0,373,-0.3939562635256646
Interactive,IFE,0,374,-0.11805221645012598
Interactive,IFE,0,375,-0.047066011494005244
Interactive,IFE,0,376,-0.3434996698544933
Interactive,IFE,0,377,0.004623017511309557
Interactive,IFE,0,378,-0.3162873431115958
Interactive,IFE,0,379,-0.21956120705899196
Interactive,IFE,0,380,-0.5489402783933175
Interactive,IFE,0,381,-0.03937684309412148
Interactive,IFE,0,382,-0.296258189167529
Interactive,IFE,0,383,-0.5519283999879272
Interactive,IFE,0,384,-0.1512444991219456
Interactive,IFE,0,385,-0.26809875525414884
Interactive,IFE,0,386,-0.23197011085621266
Interactive,IFE,0,387,-0.22740511952800335
Interactive,IFE,0,388,-0.2898540488415904
Interactive,IFE,0,389,-0.572584443956988
Interactive,IFE,0,390,-0.2590122368266722
Interactive,IFE,0,391,-0.3574112656024878
Interactive,IFE,0,392,-0.4641333651110956
Interactive,IFE,0,393,-0.22654945121887804
Interactive,IFE,0,394,-0.3210618199126043
Interactive,IFE,0,395,-0.4727692643117857
Interactive,IFE,0,396,-0.627095681530348
Interactive,IFE,0,397,-0.3875388071013227
Interactive,IFE,0,398,-0.10027307981821343
Interactive,IFE,0,399,-0.30101169323198707
Interactive,IFE,0,400,-0.4758445445482897
Interactive,IFE,0,401,-0.3645241427014648
Interactive,IFE,0,402,-0.4823332275037059
Interactive,IFE,0,403,-0.2512318929577938
Interactive,IFE,0,404,-0.10475636768003604
Interactive,IFE,0,405,-0.5717498525183233
Interactive,IFE,0,406,-0.47653224178400067
Interactive,IFE,0,407,-0.3051075007691494
Interactive,IFE,0,408,-0.29094191337743147
Interactive,IFE,0,409,-0.5184010716783057
Interactive,IFE,0,410,-0.026580879152328207
Interactive,IFE,0,411,-0.37810813941847077
Interactive,IFE,0,412,-0.4285813213332369
Interactive,IFE,0,413,-0.11184838048190349
Interactive,IFE,0,414,-0.32967733000456834
Interactive,IFE,0,415,-0.37760423478796146
Interactive,IFE,0,416,-0.5233647174518419
Interactive,IFE,0,417,0.50951196826478
Interactive,IFE,0,418,-0.4094986198663181
Interactive,IFE,0,419,-0.4990338458236723
Interactive,IFE,0,420,0.06918249411017041
Interactive,IFE,0,421,-0.4914282595068168
Interactive,IFE,0,422,-0.59021512752563
Interactive,IFE,0,423,-0.43743449915856525
Interactive,IFE,0,424,-0.5757794210808429
Interactive,IFE,0,425,0.10805347160897893
Interactive,IFE,0,426,-0.44915542811195053
Interactive,IFE,0,427,-0.3566341160350881
Interactive,IFE,0,428,-0.5388524410900133
Interactive,IFE,0,429,-0.5429598997323882
Interactive,IFE,0,430,-0.3699422185211203
Interactive,IFE,0,431,-0.13434662565097544
Interactive,IFE,0,432,-0.4508445428126726
Interactive,IFE,0,433,-0.3279646377601494
Interactive,IFE,0,434,-0.47148058363523415
Interactive,IFE,0,435,-0.389152469365145
Interactive,IFE,0,436,-0.3218566495979409
Interactive,IFE,0,437,-0.15860512443752606
Interactive,IFE,0,438,-0.2008134387366819
Interactive,IFE,0,439,-0.45953660555282894
Interactive,IFE,0,440,-0.5620017423928987
Interactive,IFE,0,441,-0.5284626613890064
Interactive,IFE,0,442,-0.5032222030447809
Interactive,IFE,0,443,-0.06053235218973163
Interactive,IFE,0,444,-0.5454769376156943
Interactive,IFE,0,445,-0.32826587948101826
Interactive,IFE,0,446,-0.4516909944407793
Interactive,IFE,0,447,-0.09607526430707802
Interactive,IFE,0,448,-0.37095358365619624
Interactive,IFE,0,449,-0.29251008012517354
Interactive,IFE,0,450,0.03729458435090249
Interactive,IFE,0,451,-0.15763817712503114
Interactive,IFE,0,452,-0.2987819828104965
Interactive,IFE,0,453,-0.4256854190156324
Interactive,IFE,0,454,-0.36633917832366625
Interactive,IFE,0,455,-0.05692724406971761
Interactive,IFE,0,456,-0.4429541508184909
Interactive,IFE,0,457,-0.46273303524790443
Interactive,IFE,0,458,-0.569099924131693
Interactive,IFE,0,459,-0.449762322284636
Interactive,IFE,0,460,-0.3419955040500733
Interactive,IFE,0,461,-0.5557398277734503
Interactive,IFE,0,462,-0.4601368374729471
Interactive,IFE,0,463,-0.28284492237595893
Interactive,IFE,0,464,-0.10631371511042176
Interactive,IFE,0,465,-0.3194972095091312
Interactive,IFE,0,466,-0.4321168820783381
Interactive,IFE,0,467,-0.2989902342489651
Interactive,IFE,0,468,-0.5843103234433096
Interactive,IFE,0,469,-0.5793044060741117
Interactive,IFE,0,470,-0.3968821846489611
Interactive,IFE,0,471,-0.5201236766297727
Interactive,IFE,0,472,-0.5843354560406907
Interactive,IFE,0,473,-0.19568428402408666
Interactive,IFE,0,474,-0.5411860839632823
Interactive,IFE,0,475,-0.0989266832131177
Interactive,IFE,0,476,-0.06571872521389877
Interactive,IFE,0,477,-0.3359437127819066
Interactive,IFE,0,478,-0.3156970393566684
Interactive,IFE,0,479,-0.2662044330919061
Interactive,IFE,0,480,-0.2575647435430043
Interactive,IFE,0,481,-0.5287080851131499
Interactive,IFE,0,482,-0.2416434711412312
Interactive,IFE,0,483,-0.31153478309109706
Interactive,IFE,0,484,-0.19339340473035216
Interactive,IFE,0,485,-0.26502949450274205
Interactive,IFE,0,486,-0.48818076956875556
Interactive,IFE,0,487,-0.3284302409765032
Interactive,IFE,0,488,0.10402910175334235
Interactive,IFE,0,489,-0.4909046567824531
Interactive,IFE,0,490,-0.4271890498915115
Interactive,IFE,0,491,-0.34584553120813843
Interactive,IFE,0,492,-0.5056495250438482
Interactive,IFE,0,493,-0.4142679554982145
Interactive,IFE,0,494,-0.3657317041186533
Interactive,IFE,0,495,-0.567106350221769
Interactive,IFE,0,496,-0.44080650489364404
Interactive,IFE,0,497,-0.40171232930354006
Interactive,IFE,0,498,-0.45645338433184146
Interactive,IFE,0,499,-0.4225537650916885
Interactive,IFE,0,500,-0.1537847823553662
Interactive,IFE,0,501,-0.2674069023652976
Interactive,IFE,0,502,-0.5006740076891052
Interactive,IFE,0,503,0.1164993697808625
Interactive,IFE,0,504,-0.47517470376505966
Interactive,IFE,0,505,0.10010905491149402
Interactive,IFE,0,506,-0.5021523582964326
Interactive,IFE,0,507,-0.5019468198655157
Interactive,IFE,0,508,-0.5294677029782564
Interactive,IFE,0,509,-0.0964771209564067
Interactive,IFE,0,510,-0.5279591069982392
Interactive,IFE,0,511,-0.09420214201374466
Interactive,IFE,0,512,-0.09143328884061686
Interactive,IFE,0,513,-0.22861357371476576
Interactive,IFE,0,514,-0.4442645128672835
Interactive,IFE,0,515,-0.17801271853456602
Interactive,IFE,0,516,-0.13451775248771936
Interactive,IFE,0,517,-0.1301990612343077
Interactive,IFE,0,518,-0.15402489374599293
Interactive,IFE,0,519,-0.42879644540107653
Interactive,IFE,0,520,-0.009002878974445627
Interactive,IFE,0,521,-0.4841112222534738
Interactive,IFE,0,522,-0.39500444803211165
Interactive,IFE,0,523,-0.3695902023405099
Interactive,IFE,0,524,0.12271243262324028
Interactive,IFE,0,525,-0.3175632177560098
Interactive,IFE,0,526,-0.4373817855940506
Interactive,IFE,0,527,-0.04512409776239068
Interactive,IFE,0,528,-0.44781732922553286
Interactive,IFE,0,529,-0.4691279612505356
Interactive,IFE,0,530,-0.09295311759100389
Interactive,IFE,0,531,-0.704970386883212
Interactive,IFE,0,532,-0.3079274064328207
Interactive,IFE,0,533,-0.2784809657049093
Interactive,IFE,0,534,-0.13458014060459123
Interactive,IFE,0,535,-0.36920275703744343
Interactive,IFE,0,536,-0.0041300537554561645
Interactive,IFE,0,537,-0.02973668480860181
Interactive,IFE,0,538,-0.1306170782187358
Interactive,IFE,0,539,0.36099585761016684
Interactive,IFE,0,540,-0.17804339113489986
Interactive,IFE,0,541,-0.06780987273854866
Interactive,IFE,0,542,-0.5211075390384432
Interactive,IFE,0,543,-0.3858698776998921
Interactive,IFE,0,544,-0.3867186795129848
Interactive,IFE,0,545,-0.1681276516432395
Interactive,IFE,0,546,-0.30953854865003183
Interactive,IFE,0,547,0.18073200012960067
Interactive,IFE,0,548,-0.31948756482024665
Interactive,IFE,0,549,-0.5294471362774827
Interactive,IFE,0,550,-0.4020005053449014
Interactive,IFE,0,551,-0.3532874058441712
Interactive,IFE,0,552,-0.16979687872762228
Interactive,IFE,0,553,-0.3207725038392928
Interactive,IFE,0,554,-0.35319518989439147
Interactive,IFE,0,555,-0.45261492788790425
Interactive,IFE,0,556,-0.34491715652284793
Interactive,IFE,0,557,0.25509076600958513
Interactive,IFE,0,558,-0.22822181483628057
Interactive,IFE,0,559,-0.34328717598620373
Interactive,IFE,0,560,-0.5869009517287476
Interactive,IFE,0,561,0.1471970404116547
Interactive,IFE,0,562,1.9859866664151404e-4
Interactive,IFE,0,563,-0.6051468489218321
Interactive,IFE,0,564,-0.5384990623097619
Interactive,IFE,0,565,-0.45010657244614327
Interactive,IFE,0,566,-0.41985242510791376
Interactive,IFE,0,567,0.002097608977314369
Interactive,IFE,0,568,-0.09843275536014018
Interactive,IFE,0,569,-0.2852353542231185
Interactive,IFE,0,570,-0.30390072835455273
Interactive,IFE,0,571,-0.45391623099416745
Interactive,IFE,0,572,-0.18967301782862755
Interactive,IFE,0,573,-0.34007741144026526
Interactive,IFE,0,574,-0.2272716691015606
Interactive,IFE,0,575,-0.36508283996332114
Interactive,IFE,0,576,-0.47444281919746245
Interactive,IFE,0,577,-0.5868347553925628
Interactive,IFE,0,578,0.403934126596301
Interactive,IFE,0,579,-0.1540325166230888
Interactive,IFE,0,580,-0.34346951032402606
Interactive,IFE,0,581,-0.24295744818717024
Interactive,IFE,0,582,-0.1896612371481925
Interactive,IFE,0,583,-0.5302062220562674
Interactive,IFE,0,584,-0.4351349610060611
Interactive,IFE,0,585,-0.2117502963278819
Interactive,IFE,0,586,-0.4244450636343974
Interactive,IFE,0,587,-0.3833342662555079
Interactive,IFE,0,588,-0.28242589551872865
Interactive,IFE,0,589,-0.5472798131964243
Interactive,IFE,0,590,-0.4246726240267503
Interactive,IFE,0,591,-0.3913630375353906
Interactive,IFE,0,592,-0.4880912706065673
Interactive,IFE,0,593,-0.41721773601855594
Interactive,IFE,0,594,-0.3674289069025949
Interactive,IFE,0,595,-0.36675820336159104
Interactive,IFE,0,596,-0.5899152333531096
Interactive,IFE,0,597,-0.23480759600527856
Interactive,IFE,0,598,-0.18917543827714312
Interactive,IFE,0,599,-0.5531077366706476
Interactive,IFE,0,600,-0.4595826418906567
Interactive,IFE,0,601,-0.23056746048011623
Interactive,IFE,0,602,-0.44379065304038945
Interactive,IFE,0,603,-0.4687535090924305
Interactive,IFE,0,604,-0.33265040558950276
Interactive,IFE,0,605,-0.38908661794910415
Interactive,IFE,0,606,-0.5941425909639657
Interactive,IFE,0,607,-0.28782005907783903
Interactive,IFE,0,608,-0.4146572574745566
Interactive,IFE,0,609,-0.6587950596190394
Interactive,IFE,0,610,-0.29462188761162544
Interactive,IFE,0,611,-0.6292142361751918
Interactive,IFE,0,612,-0.5691419081654385
Interactive,IFE,0,613,-0.27129713483658646
Interactive,IFE,0,614,-0.37687428022957326
Interactive,IFE,0,615,-0.2188036447716034
Interactive,IFE,0,616,-0.16821217801810484
Interactive,IFE,0,617,-0.4367898472098086
Interactive,IFE,0,618,-0.4956925702870897
Interactive,IFE,0,619,-0.16659251231347105
Interactive,IFE,0,620,-0.5065175331856899
Interactive,IFE,0,621,-0.38656524399788705
Interactive,IFE,0,622,-0.16455171646889188
Interactive,IFE,0,623,0.1546830590037318
Interactive,IFE,0,624,-0.44960844974684333
Interactive,IFE,0,625,-0.3981009004730719
Interactive,IFE,0,626,-0.33321434801261296
Interactive,IFE,0,627,-0.15225001107513092
Interactive,IFE,0,628,-0.2741108993662883
Interactive,IFE,0,629,-0.5036467700705779
Interactive,IFE,0,630,-0.2062075379313545
Interactive,IFE,0,631,0.0683695486544631
Interactive,IFE,0,632,-0.2826584112347129
Interactive,IFE,0,633,-0.35316461432769386
Interactive,IFE,0,634,-0.5342174905467723
Interactive,IFE,0,635,-0.1566113841716874
Interactive,IFE,0,636,-0.34407146425814716
Interactive,IFE,0,637,-0.29484230725737803
Interactive,IFE,0,638,-0.27715853285782965
Interactive,IFE,0,639,0.017089093788511756
Interactive,IFE,0,640,-0.10151781659429815
Interactive,IFE,0,641,-0.5128834159047522
Interactive,IFE,0,642,-0.44003843272791976
Interactive,IFE,0,643,-0.4016306414570858
Interactive,IFE,0,644,-0.3400776125350309
Interactive,IFE,0,645,0.11262035497176681
Interactive,IFE,0,646,-0.13052108406945495
Interactive,IFE,0,647,-0.5285588909657021
Interactive,IFE,0,648,-0.6969668076614631
Interactive,IFE,0,649,-0.5409762153485884
Interactive,IFE,0,650,-0.5296554781243855
Interactive,IFE,0,651,-0.4320823492469634
Interactive,IFE,0,652,-0.3249103351299306
Interactive,IFE,0,653,-0.4951392670628335
Interactive,IFE,0,654,-0.2614041449149703
Interactive,IFE,0,655,-0.14682765708420398
Interactive,IFE,0,656,-0.45740042291694505
Interactive,IFE,0,657,-0.11543350002052288
Interactive,IFE,0,658,-0.3521557931438819
Interactive,IFE,0,659,-0.1218202016827169
Interactive,IFE,0,660,-0.29540785711387985
Interactive,IFE,0,661,-0.45851019846442365
Interactive,IFE,0,662,-0.4530662500588897
Interactive,IFE,0,663,-0.4267753113078304
Interactive,IFE,0,664,0.4764599959850988
Interactive,IFE,0,665,-0.4293932382879214
Interactive,IFE,0,666,-0.36090492328096513
Interactive,IFE,0,667,-0.32123666278485685
Interactive,IFE,0,668,-0.06715858382482731
Interactive,IFE,0,669,-0.556734530839478
Interactive,IFE,0,670,-0.3656201679767175
Interactive,IFE,0,671,-0.43380799571971096
Interactive,IFE,0,672,-0.5967323219697949
Interactive,IFE,0,673,-0.13932367666158307
Interactive,IFE,0,674,-0.49267064181284315
Interactive,IFE,0,675,-0.07124918676002434
Interactive,IFE,0,676,-0.3756324043848305
Interactive,IFE,0,677,-0.2641915467562428
Interactive,IFE,0,678,-0.5178647829361562
Interactive,IFE,0,679,-0.5012009958988303
Interactive,IFE,0,680,-0.09097499495997452
Interactive,IFE,0,681,-0.4538766657485307
Interactive,IFE,0,682,-0.33721358068821783
Interactive,IFE,0,683,-0.5763182589779858
Interactive,IFE,0,684,-0.40179048970081144
Interactive,IFE,0,685,-0.4735747114234351
Interactive,IFE,0,686,-0.34206386793357624
Interactive,IFE,0,687,-0.49079853083008673
Interactive,IFE,0,688,-0.3622596284214694
Interactive,IFE,0,689,-0.40500050324736436
Interactive,IFE,0,690,-0.0654027126376463
Interactive,IFE,0,691,-0.5405573628115015
Interactive,IFE,0,692,-0.4226447542778765
Interactive,IFE,0,693,-0.021230462629527547
Interactive,IFE,0,694,-0.24399231233422525
Interactive,IFE,0,695,-0.1814200629120173
Interactive,IFE,0,696,-0.3687142009279485
Interactive,IFE,0,697,-0.43497663091400907
Interactive,IFE,0,698,-0.5684243533703375
Interactive,IFE,0,699,-0.35470368459373824
Interactive,IFE,0,700,-0.47506221464399767
Interactive,IFE,0,701,-0.24086204984914528
Interactive,IFE,0,702,-0.24954293681569462
Interactive,IFE,0,703,-0.43364843507527706
Interactive,IFE,0,704,-0.40531022477308065
Interactive,IFE,0,705,-0.29348752750896756
Interactive,IFE,0,706,-0.04912288366518647
Interactive,IFE,0,707,-0.09174183372148037
Interactive,IFE,0,708,-0.4078524942194861
Interactive,IFE,0,709,-0.4857807399180488
Interactive,IFE,0,710,-0.38491889404861956
Interactive,IFE,0,711,-0.4164532901387553
Interactive,IFE,0,712,-0.5420530796416049
Interactive,IFE,0,713,-0.3649683249816311
Interactive,IFE,0,714,-0.3354223749879096
Interactive,IFE,0,715,-0.4167156932433449
Interactive,IFE,0,716,-0.5613878724835004
Interactive,IFE,0,717,-0.4711650364284835
Interactive,IFE,0,718,-0.13709705972490815
Interactive,IFE,0,719,-0.13996600011359706
Interactive,IFE,0,720,-0.393882640716712
Interactive,IFE,0,721,-0.15932270068543897
Interactive,IFE,0,722,-0.4479522253509153
Interactive,IFE,0,723,-0.6053089437792465
Interactive,IFE,0,724,-0.40350100836137104
Interactive,IFE,0,725,-0.23393317628432142
Interactive,IFE,0,726,-0.1848392567616053
Interactive,IFE,0,727,-0.47807856242530533
Interactive,IFE,0,728,-0.059828527015935995
Interactive,IFE,0,729,-0.27560233467935913
Interactive,IFE,0,730,-0.2240040555196734
Interactive,IFE,0,731,0.14443057910427481
Interactive,IFE,0,732,-0.36766238724885025
Interactive,IFE,0,733,-0.3387298653771529
Interactive,IFE,0,734,-0.30600827400193265
Interactive,IFE,0,735,-0.43529408170058936
Interactive,IFE,0,736,-0.4970777596624766
Interactive,IFE,0,737,0.3814366144231103
Interactive,IFE,0,738,-0.03005909154829567
Interactive,IFE,0,739,-0.4334103796182599
Interactive,IFE,0,740,-0.21874602545688626
Interactive,IFE,0,741,-0.6550888789073703
Interactive,IFE,0,742,-0.48628685011336636
Interactive,IFE,0,743,-0.30039267614955734
Interactive,IFE,0,744,-0.5859318340071735
Interactive,IFE,0,745,-0.6284152600744406
Interactive,IFE,0,746,-0.2879240246727771
Interactive,IFE,0,747,-0.5285453875263739
Interactive,IFE,0,748,-0.21399561188845173
Interactive,IFE,0,749,-0.23767446874400766
Interactive,IFE,0,750,-0.10350748475121974
Interactive,IFE,0,751,-0.3533269823952221
Interactive,IFE,0,752,-0.10646838577186923
Interactive,IFE,0,753,-0.3366586131534869
Interactive,IFE,0,754,-0.5086256793970758
Interactive,IFE,0,755,-0.38661954257032327
Interactive,IFE,0,756,-0.48611189125055754
Interactive,IFE,0,757,-0.2780146158876068
Interactive,IFE,0,758,-0.14070807762663828
Interactive,IFE,0,759,-0.4462977597567772
Interactive,IFE,0,760,-0.33263614517027773
Interactive,IFE,0,761,-0.021387044866984173
Interactive,IFE,0,762,-0.39182421214152774
Interactive,IFE,0,763,-0.19163875005332143
Interactive,IFE,0,764,-0.14722255761964131
Interactive,IFE,0,765,-0.19267544966367522
Interactive,IFE,0,766,-0.5718842281680787
Interactive,IFE,0,767,-0.6828020563456689
Interactive,IFE,0,768,0.34821671113737174
Interactive,IFE,0,769,-0.38629935945962224
Interactive,IFE,0,770,0.07291676388304746
Interactive,IFE,0,771,-0.05875539345971459
Interactive,IFE,0,772,-0.6061444360419352
Interactive,IFE,0,773,-0.5993902399373945
Interactive,IFE,0,774,-0.09271311712094688
Interactive,IFE,0,775,-0.3788033008232743
Interactive,IFE,0,776,0.020409091606923724
Interactive,IFE,0,777,-0.4716990489529441
Interactive,IFE,0,778,-0.5358749438524228
Interactive,IFE,0,779,-0.334367706599084
Interactive,IFE,0,780,-0.5678345541146131
Interactive,IFE,0,781,-0.16875070906198086
Interactive,IFE,0,782,-0.5869365182546233
Interactive,IFE,0,783,-0.006462238470258508
Interactive,IFE,0,784,-0.32123687471923656
Interactive,IFE,0,785,-0.5551793411468915
Interactive,IFE,0,786,0.09843983548895885
Interactive,IFE,0,787,-0.09321037730463622
Interactive,IFE,0,788,-0.33206341401609707
Interactive,IFE,0,789,-0.5341798770752337
Interactive,IFE,0,790,-0.4035626621660089
Interactive,IFE,0,791,0.1784491583028962
Interactive,IFE,0,792,-0.46577881285954104
Interactive,IFE,0,793,-0.5576466818309047
Interactive,IFE,0,794,-0.3487832610463645
Interactive,IFE,0,795,-0.551628316619386
Interactive,IFE,0,796,-0.4333492565764423
Interactive,IFE,0,797,-0.32997946592526484
Interactive,IFE,0,798,-0.3144509738616018
Interactive,IFE,0,799,-0.41866053766212696
Interactive,IFE,0,800,-0.4160242925222496
Interactive,IFE,0,801,-0.3601532116479036
Interactive,IFE,0,802,-0.5802508904036322
Interactive,IFE,0,803,-0.23817584009389792
Interactive,IFE,0,804,-0.38013214560555275
Interactive,IFE,0,805,-0.37737522030366455
Interactive,IFE,0,806,-0.47757875051739995
Interactive,IFE,0,807,-0.2765231796286739
Interactive,IFE,0,808,-0.5882047533044568
Interactive,IFE,0,809,-0.4233237802361317
Interactive,IFE,0,810,0.07581320948209291
Interactive,IFE,0,811,-0.38716747263511997
Interactive,IFE,0,812,-0.35897320235159347
Interactive,IFE,0,813,-0.1418086892110092
Interactive,IFE,0,814,-0.41023669465843693
Interactive,IFE,0,815,-0.2824558522092493
Interactive,IFE,0,816,-0.4705767573523941
Interactive,IFE,0,817,-0.1669293308432318
Interactive,IFE,0,818,-0.03025798272462965
Interactive,IFE,0,819,-0.5108504698108725
Interactive,IFE,0,820,0.15588722413275713
Interactive,IFE,0,821,-0.4722782580196151
Interactive,IFE,0,822,-0.464241169825261
Interactive,IFE,0,823,-0.4419007602252242
Interactive,IFE,0,824,-0.3460177522188008
Interactive,IFE,0,825,-0.2967718216786178
Interactive,IFE,0,826,-0.4822621049947522
Interactive,IFE,0,827,-0.3651028221116127
Interactive,IFE,0,828,-0.2770577828972042
Interactive,IFE,0,829,-0.34375622782197846
Interactive,IFE,0,830,-0.7138558729611246
Interactive,IFE,0,831,-0.5625937108239809
Interactive,IFE,0,832,-0.6406376100947581
Interactive,IFE,0,833,0.010892743710518848
Interactive,IFE,0,834,-0.3820184282824912
Interactive,IFE,0,835,-0.3126840435802446
Interactive,IFE,0,836,-0.379710473624706
Interactive,IFE,0,837,-0.42456392603830684
Interactive,IFE,0,838,0.005301540438264807
Interactive,IFE,0,839,-0.4987174509905079
Interactive,IFE,0,840,-0.20959181133950244
Interactive,IFE,0,841,0.021900495217745952
Interactive,IFE,0,842,-0.4236414050780307
Interactive,IFE,0,843,-0.10310624510208821
Interactive,IFE,0,844,-0.6257626743611336
Interactive,IFE,0,845,-0.42920158010748233
Interactive,IFE,0,846,-0.4851013040157147
Interactive,IFE,0,847,-0.512410048224321
Interactive,IFE,0,848,-0.5994300936186212
Interactive,IFE,0,849,-0.5205118331387892
Interactive,IFE,0,850,-0.32591629198590466
Interactive,IFE,0,851,-0.01595043611017466
Interactive,IFE,0,852,-0.3794451076100709
Interactive,IFE,0,853,-0.33739973566213766
Interactive,IFE,0,854,-0.34155273851663315
Interactive,IFE,0,855,-0.33785030479521516
Interactive,IFE,0,856,-0.4335883051281677
Interactive,IFE,0,857,-0.20834912816564488
Interactive,IFE,0,858,-0.17798178893863137
Interactive,IFE,0,859,-0.3703544692068549
Interactive,IFE,0,860,-0.15349163989748849
Interactive,IFE,0,861,-0.21264540846397562
Interactive,IFE,0,862,-0.23589677983631674
Interactive,IFE,0,863,0.18589097810277355
Interactive,IFE,0,864,-0.3756024694077712
Interactive,IFE,0,865,-0.1392225870589121
Interactive,IFE,0,866,-0.280347234210894
Interactive,IFE,0,867,-0.6041164303848154
Interactive,IFE,0,868,-0.510028198550648
Interactive,IFE,0,869,-0.5140301927666038
Interactive,IFE,0,870,-0.3826818508234259
Interactive,IFE,0,871,-0.12651650548551963
Interactive,IFE,0,872,-0.5566661495803552
Interactive,IFE,0,873,-0.2931157267297756
Interactive,IFE,0,874,-0.3816682247437062
Interactive,IFE,0,875,-0.2961713098037825
Interactive,IFE,0,876,-0.26099198445402016
Interactive,IFE,0,877,-0.04120408054997804
Interactive,IFE,0,878,-0.43506384472733184
Interactive,IFE,0,879,-0.44687326629845636
Interactive,IFE,0,880,-0.4056230583709366
Interactive,IFE,0,881,-0.14039269682885014
Interactive,IFE,0,882,-0.4905505568389926
Interactive,IFE,0,883,0.1423276838469154
Interactive,IFE,0,884,-0.45660784836554524
Interactive,IFE,0,885,-0.3375823914983276
Interactive,IFE,0,886,0.1907026183224354
Interactive,IFE,0,887,-0.28562811963130663
Interactive,IFE,0,888,-0.5483860413765376
Interactive,IFE,0,889,-0.4101514846669607
Interactive,IFE,0,890,-0.3242838932035964
Interactive,IFE,0,891,-0.15209990029531684
Interactive,IFE,0,892,-0.18604955498583398
Interactive,IFE,0,893,-0.4002661837204897
Interactive,IFE,0,894,-0.5294347640363128
Interactive,IFE,0,895,-0.15070033221239154
Interactive,IFE,0,896,-0.18673214547440764
Interactive,IFE,0,897,-0.20438549846933396
Interactive,IFE,0,898,-0.03812736550983131
Interactive,IFE,0,899,-0.4950811298839529
Interactive,IFE,0,900,-0.533562250787337
Interactive,IFE,0,901,-0.5609464673354742
Interactive,IFE,0,902,-0.30418424538808775
Interactive,IFE,0,903,-0.07044089978909407
Interactive,IFE,0,904,-0.5004516619752994
Interactive,IFE,0,905,-0.2162897538278974
Interactive,IFE,0,906,-0.3188944905799851
Interactive,IFE,0,907,-0.012952359237201505
Interactive,IFE,0,908,-0.4580341635608133
Interactive,IFE,0,909,-0.1626829573052888
Interactive,IFE,0,910,-0.5550707311946498
Interactive,IFE,0,911,-0.2872548585816932
Interactive,IFE,0,912,-0.3192218536042726
Interactive,IFE,0,913,-0.4094987064178819
Interactive,IFE,0,914,-0.6307711783373375
Interactive,IFE,0,915,-0.5428213728461961
Interactive,IFE,0,916,-0.4621993925589749
Interactive,IFE,0,917,-0.6156329370577011
Interactive,IFE,0,918,-0.5510342272399652
Interactive,IFE,0,919,-0.4756591425093316
Interactive,IFE,0,920,0.015859098562902796
Interactive,IFE,0,921,-0.11958290355779089
Interactive,IFE,0,922,-0.12352421712883355
Interactive,IFE,0,923,-0.18920466967816685
Interactive,IFE,0,924,-0.5157451247349023
Interactive,IFE,0,925,-0.47648036419536377
Interactive,IFE,0,926,-0.3656043063756065
Interactive,IFE,0,927,-0.44194409104746846
Interactive,IFE,0,928,-0.5790695118902789
Interactive,IFE,0,929,-0.5355896866563975
Interactive,IFE,0,930,-0.351782517027149
Interactive,IFE,0,931,-0.5405706853482942
Interactive,IFE,0,932,-0.6247254080046964
Interactive,IFE,0,933,-0.1706529361150977
Interactive,IFE,0,934,-0.4473698506595346
Interactive,IFE,0,935,-0.3412700338553283
Interactive,IFE,0,936,-0.15715322213903316
Interactive,IFE,0,937,-0.28896314127886114
Interactive,IFE,0,938,-0.21384358137303017
Interactive,IFE,0,939,-0.5517106665982542
Interactive,IFE,0,940,-0.5904273455762841
Interactive,IFE,0,941,0.13107343023987306
Interactive,IFE,0,942,-0.12943905285336943
Interactive,IFE,0,943,-0.5249634309679196
Interactive,IFE,0,944,-0.36570724157576184
Interactive,IFE,0,945,-0.5159440965094297
Interactive,IFE,0,946,-0.0373040214868251
Interactive,IFE,0,947,0.006118496913378291
Interactive,IFE,0,948,-0.384232180399644
Interactive,IFE,0,949,-0.33229605069324664
Interactive,IFE,0,950,-0.3861519339904892
Interactive,IFE,0,951,-0.5774446252370238
Interactive,IFE,0,952,-0.38187174330804374
Interactive,IFE,0,953,-0.472561482418447
Interactive,IFE,0,954,-0.3256435995953987
Interactive,IFE,0,955,0.05938874651343662
Interactive,IFE,0,956,-0.3620859968286477
Interactive,IFE,0,957,-0.4440881576630935
Interactive,IFE,0,958,-0.34248075467908323
Interactive,IFE,0,959,-0.21936561054032877
Interactive,IFE,0,960,0.2129767102276543
Interactive,IFE,0,961,-0.449385803466712
Interactive,IFE,0,962,0.09055386095295392
Interactive,IFE,0,963,-0.33524887251110247
Interactive,IFE,0,964,-0.4944383772372718
Interactive,IFE,0,965,-0.126240313841672
Interactive,IFE,0,966,-0.1095186919616874
Interactive,IFE,0,967,-0.5520672250063483
Interactive,IFE,0,968,-0.5865610890459152
Interactive,IFE,0,969,-0.3361777100081458
Interactive,IFE,0,970,-0.3588633426171475
Interactive,IFE,0,971,-0.479375905714271
Interactive,IFE,0,972,-0.02673173511959226
Interactive,IFE,0,973,-0.40921443313508254
Interactive,IFE,0,974,-0.42534135476948776
Interactive,IFE,0,975,-0.26229869925103744
Interactive,IFE,0,976,0.043912400113249594
Interactive,IFE,0,977,-0.48077493508137514
Interactive,IFE,0,978,-0.35309141871955196
Interactive,IFE,0,979,-0.4792760671548161
Interactive,IFE,0,980,-0.6430212921981637
Interactive,IFE,0,981,-0.35648819934492115
Interactive,IFE,0,982,-0.4108075842697484
Interactive,IFE,0,983,-0.6149716032916805
Interactive,IFE,0,984,-0.16249190973430705
Interactive,IFE,0,985,-0.36694455997264364
Interactive,IFE,0,986,-0.5447728541854923
Interactive,IFE,0,987,-0.5982330835974055
Interactive,IFE,0,988,-0.24865726068493643
Interactive,IFE,0,989,-0.4945941803147147
Interactive,IFE,0,990,-0.3841133012775293
Interactive,IFE,0,991,0.002702571688816713
Interactive,IFE,0,992,-0.44223134096285777
Interactive,IFE,0,993,0.1660079334481701
Interactive,IFE,0,994,0.022183897811570485
Interactive,IFE,0,995,-0.18178677902317164
Interactive,IFE,0,996,0.01315491112125211
Interactive,IFE,0,997,-0.6631250489938987
Interactive,IFE,0,998,-0.18291564942254923
Interactive,IFE,0,999,-0.5529907332575619
Interactive,IFE,0,1000,0.28044851624948675
Interactive,IFE,1,1,-0.25084066135649374
Interactive,IFE,1,2,0.01868687657239465
Interactive,IFE,1,3,-0.2737415507801345
Interactive,IFE,1,4,-0.35794858522079964
Interactive,IFE,1,5,-0.7426054638441477
Interactive,IFE,1,6,-0.18787202172127726
Interactive,IFE,1,7,-0.535302854632186
Interactive,IFE,1,8,-0.6286863065080754
Interactive,IFE,1,9,-0.2879711891169656
Interactive,IFE,1,10,0.1614216637666086
Interactive,IFE,1,11,-0.4219960024758008
Interactive,IFE,1,12,-0.391724403754404
Interactive,IFE,1,13,-0.34062970148161387
Interactive,IFE,1,14,-0.3012095351449139
Interactive,IFE,1,15,-0.14172900509847086
Interactive,IFE,1,16,-0.577043285899915
Interactive,IFE,1,17,-0.5278115620665274
Interactive,IFE,1,18,-0.012242872646918257
Interactive,IFE,1,19,0.07049080768230387
Interactive,IFE,1,20,-0.5894865709567295
Interactive,IFE,1,21,-0.3538840030493198
Interactive,IFE,1,22,0.5631182782169506
Interactive,IFE,1,23,-0.15054663145780411
Interactive,IFE,1,24,-0.3790627952973247
Interactive,IFE,1,25,-0.40233184319937243
Interactive,IFE,1,26,-0.3914522071189117
Interactive,IFE,1,27,-0.5294513671889879
Interactive,IFE,1,28,-0.28440510144013753
Interactive,IFE,1,29,-0.36491778257704877
Interactive,IFE,1,30,-0.5032099283904791
Interactive,IFE,1,31,-0.040723359093904565
Interactive,IFE,1,32,-0.37148120730830847
Interactive,IFE,1,33,0.051691012304554196
Interactive,IFE,1,34,-0.5992423173697441
Interactive,IFE,1,35,-0.6792482689279993
Interactive,IFE,1,36,-0.43844277500294715
Interactive,IFE,1,37,-0.30052887932443084
Interactive,IFE,1,38,-0.5909059293628776
Interactive,IFE,1,39,-0.2837760471472366
Interactive,IFE,1,40,-0.35448378799021185
Interactive,IFE,1,41,-0.6555181143281548
Interactive,IFE,1,42,-0.24896193037942238
Interactive,IFE,1,43,-0.4181262692634763
Interactive,IFE,1,44,-0.36145198930538225
Interactive,IFE,1,45,-0.7127372861293377
Interactive,IFE,1,46,-0.025538218497226928
Interactive,IFE,1,47,-0.44058319447433736
Interactive,IFE,1,48,-0.48825041148811676
Interactive,IFE,1,49,-0.7182755265878872
Interactive,IFE,1,50,-0.4469261859128081
Interactive,IFE,1,51,-0.08832936968890315
Interactive,IFE,1,52,-0.1436039477659774
Interactive,IFE,1,53,-0.5492892066176782
Interactive,IFE,1,54,-0.4353296223572741
Interactive,IFE,1,55,-0.4333153815980152
Interactive,IFE,1,56,-0.5385294607212674
Interactive,IFE,1,57,-0.747900717773808
Interactive,IFE,1,58,-0.19172482829711068
Interactive,IFE,1,59,-0.05297939655239825
Interactive,IFE,1,60,-0.664697367838331
Interactive,IFE,1,61,-0.5188682346888762
Interactive,IFE,1,62,-0.7087623342871057
Interactive,IFE,1,63,-0.5730041009879778
Interactive,IFE,1,64,-0.5370563777590011
Interactive,IFE,1,65,-0.5929989696831044
Interactive,IFE,1,66,-0.4756017648592362
Interactive,IFE,1,67,-0.5381356389721721
Interactive,IFE,1,68,-0.3766478704830357
Interactive,IFE,1,69,-0.286211581330166
Interactive,IFE,1,70,-0.55693133446273
Interactive,IFE,1,71,-0.3523664329871109
Interactive,IFE,1,72,-0.5924845695356964
Interactive,IFE,1,73,-0.5592194476145081
Interactive,IFE,1,74,-0.5348959876056787
Interactive,IFE,1,75,-0.2541856704119615
Interactive,IFE,1,76,0.07388482017171172
Interactive,IFE,1,77,-0.43934907614182817
Interactive,IFE,1,78,-0.6208865383646895
Interactive,IFE,1,79,-0.5496642152585554
Interactive,IFE,1,80,-0.46886811486812574
Interactive,IFE,1,81,-0.3272663638781034
Interactive,IFE,1,82,-0.43112973433752355
Interactive,IFE,1,83,0.012577734322719136
Interactive,IFE,1,84,-0.6548552225581206
Interactive,IFE,1,85,-0.16830682949068865
Interactive,IFE,1,86,-0.442957080415454
Interactive,IFE,1,87,-0.6338645034124877
Interactive,IFE,1,88,-0.6542169607218926
Interactive,IFE,1,89,-0.5133686029428874
Interactive,IFE,1,90,0.10178891301403614
Interactive,IFE,1,91,-0.6827044723387241
Interactive,IFE,1,92,-0.40715514403699127
Interactive,IFE,1,93,-0.7614227382838097
Interactive,IFE,1,94,-0.5646382105170105
Interactive,IFE,1,95,-0.22127653166787276
Interactive,IFE,1,96,0.001128441332785446
Interactive,IFE,1,97,-0.6677715747046838
Interactive,IFE,1,98,-0.5871451528517266
Interactive,IFE,1,99,-0.3460378933970425
Interactive,IFE,1,100,-0.6067862073802899
Interactive,IFE,1,101,-0.3117236189573652
Interactive,IFE,1,102,-0.2227999433135618
Interactive,IFE,1,103,-0.33572806832969193
Interactive,IFE,1,104,-0.6236895058091574
Interactive,IFE,1,105,-0.2986468923532044
Interactive,IFE,1,106,-0.13229226332524735
Interactive,IFE,1,107,-0.4082379079603198
Interactive,IFE,1,108,-3.730140905067181e-4
Interactive,IFE,1,109,-0.49301612866350797
Interactive,IFE,1,110,-0.6431647104861162
Interactive,IFE,1,111,-0.20919258316106348
Interactive,IFE,1,112,-0.05696879288834622
Interactive,IFE,1,113,-0.04329374969437361
Interactive,IFE,1,114,-0.6434037503732676
Interactive,IFE,1,115,-0.6307916059925188
Interactive,IFE,1,116,-0.6804693638192749
Interactive,IFE,1,117,-0.558956990043231
Interactive,IFE,1,118,-0.005171694277068206
Interactive,IFE,1,119,-0.45616662177221734
Interactive,IFE,1,120,-0.36735193620389583
Interactive,IFE,1,121,-0.39422583227152364
Interactive,IFE,1,122,-0.36840558485875685
Interactive,IFE,1,123,-0.2774476170037564
Interactive,IFE,1,124,-0.775450775005073
Interactive,IFE,1,125,-0.04574202685618822
Interactive,IFE,1,126,-0.4439920817368135
Interactive,IFE,1,127,-0.726710348298125
Interactive,IFE,1,128,0.2653356534732281
Interactive,IFE,1,129,-0.6012867988404416
Interactive,IFE,1,130,-0.45661200830276727
Interactive,IFE,1,131,-0.2884681349133512
Interactive,IFE,1,132,-0.5216296052526175
Interactive,IFE,1,133,-0.42203155877792364
Interactive,IFE,1,134,-0.47926768413535137
Interactive,IFE,1,135,-0.5547778433697399
Interactive,IFE,1,136,0.4231704579756115
Interactive,IFE,1,137,-0.47009656223289364
Interactive,IFE,1,138,-0.44310497056088094
Interactive,IFE,1,139,-0.4564601924409244
Interactive,IFE,1,140,-0.6038091918536261
Interactive,IFE,1,141,-0.5522701591960473
Interactive,IFE,1,142,-0.3166092957513462
Interactive,IFE,1,143,-0.24607483259651308
Interactive,IFE,1,144,-0.3914423971599098
Interactive,IFE,1,145,-0.6111213793487437
Interactive,IFE,1,146,-0.09934831126338439
Interactive,IFE,1,147,-0.10712301616995223
Interactive,IFE,1,148,-0.4479685533596337
Interactive,IFE,1,149,-0.6624675948508958
Interactive,IFE,1,150,-0.21582155057713748
Interactive,IFE,1,151,-0.5200816991412931
Interactive,IFE,1,152,-0.6153498662905474
Interactive,IFE,1,153,-0.3490052730380061
Interactive,IFE,1,154,-0.5167560811501801
Interactive,IFE,1,155,-0.5521810219298013
Interactive,IFE,1,156,-0.5636884223164786
Interactive,IFE,1,157,-0.5915946485552248
Interactive,IFE,1,158,-0.6266160615045226
Interactive,IFE,1,159,-0.6961299588271102
Interactive,IFE,1,160,-0.10133266911710381
Interactive,IFE,1,161,-0.4432501441334612
Interactive,IFE,1,162,-0.6601317811189843
Interactive,IFE,1,163,-0.6463183379250338
Interactive,IFE,1,164,-0.7340346525365773
Interactive,IFE,1,165,-0.13092475021964733
Interactive,IFE,1,166,-0.6566091301509849
Interactive,IFE,1,167,-0.2525659175813709
Interactive,IFE,1,168,-0.3386106289950054
Interactive,IFE,1,169,-0.5441395356365479
Interactive,IFE,1,170,-0.46144442178127876
Interactive,IFE,1,171,-0.4412032006978829
Interactive,IFE,1,172,-0.19597311707840903
Interactive,IFE,1,173,-0.6506470752647618
Interactive,IFE,1,174,-0.478464116755574
Interactive,IFE,1,175,-0.43824829586926284
Interactive,IFE,1,176,-0.23221168008882187
Interactive,IFE,1,177,-0.463402271217788
Interactive,IFE,1,178,-0.6954765482552271
Interactive,IFE,1,179,-0.5882655307449489
Interactive,IFE,1,180,-0.3714698361441
Interactive,IFE,1,181,-0.19139471493834892
Interactive,IFE,1,182,-0.3502719531958055
Interactive,IFE,1,183,-0.6605114720558165
Interactive,IFE,1,184,-0.6270869041232626
Interactive,IFE,1,185,-0.6617519361025581
Interactive,IFE,1,186,-0.3291921395678913
Interactive,IFE,1,187,-0.652425217580533
Interactive,IFE,1,188,-0.6197338861744657
Interactive,IFE,1,189,-0.700836293451575
Interactive,IFE,1,190,-0.7274112814333331
Interactive,IFE,1,191,-0.5296968572454002
Interactive,IFE,1,192,-0.4400343372135622
Interactive,IFE,1,193,-0.5137592688971404
Interactive,IFE,1,194,-0.6193094024992603
Interactive,IFE,1,195,-0.4678814837632229
Interactive,IFE,1,196,0.17186906544118719
Interactive,IFE,1,197,-0.6858269121508996
Interactive,IFE,1,198,-0.7222176339705244
Interactive,IFE,1,199,-0.07405772654933584
Interactive,IFE,1,200,-0.3729007578358281
Interactive,IFE,1,201,-0.4494067625141668
Interactive,IFE,1,202,-0.6091278666674735
Interactive,IFE,1,203,0.03869529225546864
Interactive,IFE,1,204,-0.7031457152182399
Interactive,IFE,1,205,-0.5054195913780357
Interactive,IFE,1,206,-0.6148585660615384
Interactive,IFE,1,207,-0.6711055053948172
Interactive,IFE,1,208,-0.5925635559543
Interactive,IFE,1,209,-0.2653155959718143
Interactive,IFE,1,210,-0.05898375830548319
Interactive,IFE,1,211,-0.476879789935597
Interactive,IFE,1,212,-0.6168054814000989
Interactive,IFE,1,213,0.05278257691622601
Interactive,IFE,1,214,-0.6105495568101862
Interactive,IFE,1,215,0.08437959961408392
Interactive,IFE,1,216,-0.5318433504871724
Interactive,IFE,1,217,-0.5480172910241853
Interactive,IFE,1,218,-0.35120006369606305
Interactive,IFE,1,219,-0.4311874850912696
Interactive,IFE,1,220,-0.5673552515811662
Interactive,IFE,1,221,-0.493028752262913
Interactive,IFE,1,222,-0.04727512525473343
Interactive,IFE,1,223,-0.5680484752440216
Interactive,IFE,1,224,-0.06175641766889817
Interactive,IFE,1,225,-0.5021252895264179
Interactive,IFE,1,226,-0.21001473781037172
Interactive,IFE,1,227,-0.21004594419218248
Interactive,IFE,1,228,-0.403126808670602
Interactive,IFE,1,229,-0.5495419931447929
Interactive,IFE,1,230,0.012276637497580234
Interactive,IFE,1,231,-0.49447720372207205
Interactive,IFE,1,232,-0.01610109799070847
Interactive,IFE,1,233,0.03863480321331636
Interactive,IFE,1,234,-0.3063417110945714
Interactive,IFE,1,235,-0.1598587572934801
Interactive,IFE,1,236,-0.5849609953603981
Interactive,IFE,1,237,-0.6920660469323427
Interactive,IFE,1,238,-0.015994066106305382
Interactive,IFE,1,239,-0.24905626104069067
Interactive,IFE,1,240,-0.4738493431650129
Interactive,IFE,1,241,-0.2223682234605523
Interactive,IFE,1,242,-0.3450545881016366
Interactive,IFE,1,243,-0.18912669362096401
Interactive,IFE,1,244,-0.8045264684934494
Interactive,IFE,1,245,-0.47493957107540996
Interactive,IFE,1,246,-0.5686916947240283
Interactive,IFE,1,247,0.034644783361635234
Interactive,IFE,1,248,-0.46589104011147553
Interactive,IFE,1,249,-0.4430535213985861
Interactive,IFE,1,250,-0.18174738667161194
Interactive,IFE,1,251,-0.2984948424239653
Interactive,IFE,1,252,-0.4189582899173261
Interactive,IFE,1,253,-0.19617723504323348
Interactive,IFE,1,254,-0.19476325788663285
Interactive,IFE,1,255,-0.539757291290814
Interactive,IFE,1,256,-0.6155334268639647
Interactive,IFE,1,257,-0.4553589013948043
Interactive,IFE,1,258,-0.03695679826226561
Interactive,IFE,1,259,-0.4247955958270988
Interactive,IFE,1,260,-0.6041032890143774
Interactive,IFE,1,261,-0.6931712192178486
Interactive,IFE,1,262,-0.16168925875181805
Interactive,IFE,1,263,0.2418039189976111
Interactive,IFE,1,264,-0.440221480298962
Interactive,IFE,1,265,-0.4740614275476126
Interactive,IFE,1,266,0.6684498991640033
Interactive,IFE,1,267,-0.3534119454516782
Interactive,IFE,1,268,-0.2408917043152604
Interactive,IFE,1,269,-0.38843484332494616
Interactive,IFE,1,270,1.8274508105548724
Interactive,IFE,1,271,-0.5068906261458916
Interactive,IFE,1,272,-0.29869937740258345
Interactive,IFE,1,273,-0.6361591495364181
Interactive,IFE,1,274,-0.44564610985069975
Interactive,IFE,1,275,-0.5569737147957006
Interactive,IFE,1,276,-0.12031812226477046
Interactive,IFE,1,277,-0.3615371827700019
Interactive,IFE,1,278,-0.18981723232882375
Interactive,IFE,1,279,-0.654110387391944
Interactive,IFE,1,280,-0.12751465943548856
Interactive,IFE,1,281,-0.6001696645941386
Interactive,IFE,1,282,-0.4523536770358346
Interactive,IFE,1,283,-0.34288928896828286
Interactive,IFE,1,284,-0.5194077188302355
Interactive,IFE,1,285,-0.5648595579358002
Interactive,IFE,1,286,-0.22641711180340396
Interactive,IFE,1,287,-0.4718689793441391
Interactive,IFE,1,288,-0.2456630080536455
Interactive,IFE,1,289,0.4442862866331223
Interactive,IFE,1,290,-0.29667220595336186
Interactive,IFE,1,291,-0.5884872009107667
Interactive,IFE,1,292,-0.026411304694384685
Interactive,IFE,1,293,-0.469081999325755
Interactive,IFE,1,294,-0.5142143065268225
Interactive,IFE,1,295,-0.17938781752041988
Interactive,IFE,1,296,0.11972183881161524
Interactive,IFE,1,297,-0.7261766400348386
Interactive,IFE,1,298,-0.512316329984138
Interactive,IFE,1,299,-0.030968749464123202
Interactive,IFE,1,300,-0.39461143744654326
Interactive,IFE,1,301,-0.43699619268857337
Interactive,IFE,1,302,-0.4014510145764776
Interactive,IFE,1,303,-0.5134628922960793
Interactive,IFE,1,304,-0.6901847984818137
Interactive,IFE,1,305,-0.4687107398368239
Interactive,IFE,1,306,-0.6177326976763751
Interactive,IFE,1,307,-0.40519394313592594
Interactive,IFE,1,308,-0.68011394341517994
Interactive,IFE,1,309,-0.3709988041052885
Interactive,IFE,1,310,-0.5605771793832595
Interactive,IFE,1,311,-0.1846134121718831
Interactive,IFE,1,312,0.2871403178656917
Interactive,IFE,1,313,0.13208778707409907
Interactive,IFE,1,314,-0.5166994801136912
Interactive,IFE,1,315,-0.1725616466987615
Interactive,IFE,1,316,-0.07060374240089018
Interactive,IFE,1,317,-0.6779648355631516
Interactive,IFE,1,318,0.17211223898496497
Interactive,IFE,1,319,-0.36883099551670173
Interactive,IFE,1,320,-0.49697692309173547
Interactive,IFE,1,321,-0.1152503320038536
Interactive,IFE,1,322,-0.5098496619525019
Interactive,IFE,1,323,0.13285326656323382
Interactive,IFE,1,324,-0.6243303728796269
Interactive,IFE,1,325,-0.2601423972813839
Interactive,IFE,1,326,-0.24724924161101636
Interactive,IFE,1,327,-0.7258682370771429
Interactive,IFE,1,328,-0.659445579686715
Interactive,IFE,1,329,-0.03619761805331945
Interactive,IFE,1,330,-0.18635753958560664
Interactive,IFE,1,331,-0.5644111231795684
Interactive,IFE,1,332,-0.61929754709744
Interactive,IFE,1,333,-0.3241957367354402
Interactive,IFE,1,334,-0.6731655234992198
Interactive,IFE,1,335,-0.2595204583600923
Interactive,IFE,1,336,-0.35864056866959826
Interactive,IFE,1,337,-0.1729682081451991
Interactive,IFE,1,338,-0.6984897103545151
Interactive,IFE,1,339,-0.36602704687048526
Interactive,IFE,1,340,-0.6777884373929651
Interactive,IFE,1,341,-0.6569295176008394
Interactive,IFE,1,342,-0.2295382487416865
Interactive,IFE,1,343,-0.12689639914854378
Interactive,IFE,1,344,-0.47638598502864427
Interactive,IFE,1,345,-0.5398847845748653
Interactive,IFE,1,346,-0.46065996238659346
Interactive,IFE,1,347,-0.22800119186365264
Interactive,IFE,1,348,-0.48837661074807526
Interactive,IFE,1,349,-0.5019629530130838
Interactive,IFE,1,350,-0.48777763866483415
Interactive,IFE,1,351,-0.6317642041005407
Interactive,IFE,1,352,-0.6888214130180611
Interactive,IFE,1,353,-0.6774671685938494
Interactive,IFE,1,354,-0.35654401562043403
Interactive,IFE,1,355,-0.3277824581666754
Interactive,IFE,1,356,-0.3406400192130944
Interactive,IFE,1,357,-0.23219005172192153
Interactive,IFE,1,358,-0.2751301259196771
Interactive,IFE,1,359,0.06489283303625215
Interactive,IFE,1,360,-0.32700453364972015
Interactive,IFE,1,361,-0.268278957795797
Interactive,IFE,1,362,-0.31832567433984515
Interactive,IFE,1,363,-0.5403983416180007
Interactive,IFE,1,364,-0.5513738376899439
Interactive,IFE,1,365,-0.11710512035870324
Interactive,IFE,1,366,-0.6476743506935185
Interactive,IFE,1,367,-0.35503757303971384
Interactive,IFE,1,368,-0.5819276954872397
Interactive,IFE,1,369,-0.32486237667602824
Interactive,IFE,1,370,-0.35828109768682714
Interactive,IFE,1,371,-0.3196768321390536
Interactive,IFE,1,372,-0.5783178850638756
Interactive,IFE,1,373,-0.42260247675550777
Interactive,IFE,1,374,-0.4339607771450227
Interactive,IFE,1,375,-0.05891738647274103
Interactive,IFE,1,376,-0.6904613482120661
Interactive,IFE,1,377,-0.5664336223320973
Interactive,IFE,1,378,-0.577662407602119
Interactive,IFE,1,379,-0.7357879393059439
Interactive,IFE,1,380,-0.5798838571087769
Interactive,IFE,1,381,-0.7180634936247003
Interactive,IFE,1,382,-0.4501107685683269
Interactive,IFE,1,383,-0.19013596755905693
Interactive,IFE,1,384,-0.33262145317738057
Interactive,IFE,1,385,-0.36992482028429763
Interactive,IFE,1,386,-0.2127030228828547
Interactive,IFE,1,387,-0.5432746704467224
Interactive,IFE,1,388,-0.06833717569581865
Interactive,IFE,1,389,-0.6877572615259566
Interactive,IFE,1,390,-0.08571963822428519
Interactive,IFE,1,391,-0.5902910037425799
Interactive,IFE,1,392,-0.5382767750486535
Interactive,IFE,1,393,0.08414031267497668
Interactive,IFE,1,394,-0.6253232742783446
Interactive,IFE,1,395,-0.545068374715667
Interactive,IFE,1,396,-0.47476602903666065
Interactive,IFE,1,397,-0.544172454968701
Interactive,IFE,1,398,-0.46998070458943375
Interactive,IFE,1,399,-0.6897393936637173
Interactive,IFE,1,400,-0.4326311298141562
Interactive,IFE,1,401,-0.010702096438377495
Interactive,IFE,1,402,-0.669680453289323
Interactive,IFE,1,403,-0.3557294124254018
Interactive,IFE,1,404,-0.4873331739500347
Interactive,IFE,1,405,-0.6411405737132201
Interactive,IFE,1,406,-0.13869348249763558
Interactive,IFE,1,407,-0.3430337236222829
Interactive,IFE,1,408,-0.6297145572997362
Interactive,IFE,1,409,-0.38440470479817546
Interactive,IFE,1,410,-0.5261571519368301
Interactive,IFE,1,411,-0.19323479162574742
Interactive,IFE,1,412,-0.14453157131577343
Interactive,IFE,1,413,-0.7743703075122491
Interactive,IFE,1,414,-0.20734743144920342
Interactive,IFE,1,415,-0.577266947252993
Interactive,IFE,1,416,-0.5889603885282505
Interactive,IFE,1,417,-0.7062725948404835
Interactive,IFE,1,418,-0.40613285364090945
Interactive,IFE,1,419,-0.30047720667728794
Interactive,IFE,1,420,-0.6641425769243177
Interactive,IFE,1,421,-0.4008752063753195
Interactive,IFE,1,422,-0.724489107878785
Interactive,IFE,1,423,-0.6452153773176544
Interactive,IFE,1,424,-0.7404210446090176
Interactive,IFE,1,425,-0.28412492786183574
Interactive,IFE,1,426,-0.41202477658654435
Interactive,IFE,1,427,-0.700590153072794
Interactive,IFE,1,428,-0.5198817947001911
Interactive,IFE,1,429,-0.4822944395667953
Interactive,IFE,1,430,-0.3645880556189297
Interactive,IFE,1,431,-0.459928778801604
Interactive,IFE,1,432,-0.42796876443335874
Interactive,IFE,1,433,-0.6860794745943624
Interactive,IFE,1,434,-0.6031629036305138
Interactive,IFE,1,435,-0.619457688736057
Interactive,IFE,1,436,-0.3381286099877674
Interactive,IFE,1,437,-0.17058246111513464
Interactive,IFE,1,438,-0.7945267452140484
Interactive,IFE,1,439,-0.2903706184960251
Interactive,IFE,1,440,-0.373959756483774
Interactive,IFE,1,441,0.05042634676793978
Interactive,IFE,1,442,-0.687628597607753
Interactive,IFE,1,443,-0.34084498681821684
Interactive,IFE,1,444,-0.37429968628024024
Interactive,IFE,1,445,-0.725030960983349
Interactive,IFE,1,446,-0.6944411744063597
Interactive,IFE,1,447,-0.4181570575244363
Interactive,IFE,1,448,-0.34976522218219763
Interactive,IFE,1,449,-0.5689549240189387
Interactive,IFE,1,450,0.2076309748421692
Interactive,IFE,1,451,-0.7631867516803943
Interactive,IFE,1,452,-0.4922077978067595
Interactive,IFE,1,453,-0.5234074639968649
Interactive,IFE,1,454,-0.6917321083834249
Interactive,IFE,1,455,-0.20110060615171776
Interactive,IFE,1,456,-0.36446981972160497
Interactive,IFE,1,457,-0.3071081365722309
Interactive,IFE,1,458,-0.6369755356781267
Interactive,IFE,1,459,-0.554145659273009
Interactive,IFE,1,460,-0.27228783806076695
Interactive,IFE,1,461,-0.6186478150627923
Interactive,IFE,1,462,-0.31096663267391755
Interactive,IFE,1,463,-0.4428617126488672
Interactive,IFE,1,464,-0.10527849279593982
Interactive,IFE,1,465,-0.5214848034334714
Interactive,IFE,1,466,-0.5075641523945705
Interactive,IFE,1,467,-0.7471995579313082
Interactive,IFE,1,468,-0.5772463282391433
Interactive,IFE,1,469,-0.3349912643073001
Interactive,IFE,1,470,-0.46840797266170175
Interactive,IFE,1,471,-0.3728897611975528
Interactive,IFE,1,472,-0.5991271786876455
Interactive,IFE,1,473,-0.5036672053083258
Interactive,IFE,1,474,-0.6245801536896052
Interactive,IFE,1,475,-0.7993249659086875
Interactive,IFE,1,476,-0.2956109639316794
Interactive,IFE,1,477,-0.5898983657697823
Interactive,IFE,1,478,-0.39766546875149655
Interactive,IFE,1,479,-0.1420010870783207
Interactive,IFE,1,480,-0.8264921377565712
Interactive,IFE,1,481,-0.33388558070164875
Interactive,IFE,1,482,-0.5445036703151949
Interactive,IFE,1,483,-0.09312849883787588
Interactive,IFE,1,484,-0.19932476665876098
Interactive,IFE,1,485,-0.1573532654406644
Interactive,IFE,1,486,-0.4395970120888725
Interactive,IFE,1,487,0.08394825460736821
Interactive,IFE,1,488,-0.5547768145854834
Interactive,IFE,1,489,-0.11914082909665802
Interactive,IFE,1,490,-0.3280159524823957
Interactive,IFE,1,491,-0.4755515648065214
Interactive,IFE,1,492,0.04038750076759268
Interactive,IFE,1,493,-0.5605803086219714
Interactive,IFE,1,494,-0.6083859267159222
Interactive,IFE,1,495,-0.36343271655570686
Interactive,IFE,1,496,-0.5983274405605572
Interactive,IFE,1,497,-0.45365803683338546
Interactive,IFE,1,498,-0.15198615269645843
Interactive,IFE,1,499,-0.5815654524204057
Interactive,IFE,1,500,-0.5244310733178391
Interactive,IFE,1,501,-0.2590762700213809
Interactive,IFE,1,502,-0.7420784224700863
Interactive,IFE,1,503,-0.12968468457583815
Interactive,IFE,1,504,-0.7074353605530359
Interactive,IFE,1,505,-0.7576044986632574
Interactive,IFE,1,506,-0.012627031332213323
Interactive,IFE,1,507,-0.5030755302691574
Interactive,IFE,1,508,-0.3521587259435047
Interactive,IFE,1,509,-0.2694875264822273
Interactive,IFE,1,510,-0.18512550262796146
Interactive,IFE,1,511,-0.47036379427524455
Interactive,IFE,1,512,-0.4510451351116542
Interactive,IFE,1,513,-0.4490444063728083
Interactive,IFE,1,514,-0.5748238687644556
Interactive,IFE,1,515,-0.25836547014722755
Interactive,IFE,1,516,-0.5309463272966048
Interactive,IFE,1,517,-0.6775905636081224
Interactive,IFE,1,518,0.15397229108986843
Interactive,IFE,1,519,-0.5791363129482995
Interactive,IFE,1,520,-0.5197893780022516
Interactive,IFE,1,521,-0.5888042469820577
Interactive,IFE,1,522,-0.5950418639265829
Interactive,IFE,1,523,-0.4953954163674861
Interactive,IFE,1,524,-0.28184118364761157
Interactive,IFE,1,525,0.03003460137161662
Interactive,IFE,1,526,-0.6599034796706376
Interactive,IFE,1,527,0.0893696803640609
Interactive,IFE,1,528,-0.4154523767511873
Interactive,IFE,1,529,-0.47298838952669053
Interactive,IFE,1,530,-0.4111492307569592
Interactive,IFE,1,531,-0.14326877527937631
Interactive,IFE,1,532,0.2814953020418225
Interactive,IFE,1,533,-0.44523460044247587
Interactive,IFE,1,534,-0.6119592382354955
Interactive,IFE,1,535,-0.3228662464581388
Interactive,IFE,1,536,-0.5534241833455859
Interactive,IFE,1,537,-0.29993237421634056
Interactive,IFE,1,538,-0.14737370840007624
Interactive,IFE,1,539,-0.014602877341796106
Interactive,IFE,1,540,-0.05079217874817221
Interactive,IFE,1,541,-0.6936930967256465
Interactive,IFE,1,542,-0.599531886835761
Interactive,IFE,1,543,-0.5469917959670434
Interactive,IFE,1,544,-0.5234056645382239
Interactive,IFE,1,545,-0.6083461236858845
Interactive,IFE,1,546,-0.13389479387509562
Interactive,IFE,1,547,-0.07687706887429113
Interactive,IFE,1,548,-0.5708768437738185
Interactive,IFE,1,549,-0.5360451679649907
Interactive,IFE,1,550,-0.5628858412827902
Interactive,IFE,1,551,-0.7523460661269636
Interactive,IFE,1,552,-0.3559025346922148
Interactive,IFE,1,553,-0.4064044377075301
Interactive,IFE,1,554,-0.6039804425145916
Interactive,IFE,1,555,-0.24475114327243563
Interactive,IFE,1,556,-0.5409511717146317
Interactive,IFE,1,557,-0.5867823608828462
Interactive,IFE,1,558,-0.384731014651127
Interactive,IFE,1,559,-0.025306386938144465
Interactive,IFE,1,560,-0.4944363548542837
Interactive,IFE,1,561,-0.5106556359556051
Interactive,IFE,1,562,-0.6856589565116659
Interactive,IFE,1,563,-0.3719690011062562
Interactive,IFE,1,564,-0.35456955174702753
Interactive,IFE,1,565,-0.27355823730255846
Interactive,IFE,1,566,-0.42752790439238475
Interactive,IFE,1,567,-0.12615115738836846
Interactive,IFE,1,568,-0.46782670453030717
Interactive,IFE,1,569,-0.13288919610912253
Interactive,IFE,1,570,-0.30400090075377195
Interactive,IFE,1,571,-0.6747370638085998
Interactive,IFE,1,572,-0.5308439325104992
Interactive,IFE,1,573,-0.4987262620457482
Interactive,IFE,1,574,-0.42895690338036574
Interactive,IFE,1,575,-0.40540268520722433
Interactive,IFE,1,576,-0.42167344051867506
Interactive,IFE,1,577,-0.792270186173121
Interactive,IFE,1,578,-0.3920566051816977
Interactive,IFE,1,579,-0.3242743461805747
Interactive,IFE,1,580,-0.4469270964349089
Interactive,IFE,1,581,-0.6816290832835291
Interactive,IFE,1,582,-0.45231196141546237
Interactive,IFE,1,583,-0.4834473612605694
Interactive,IFE,1,584,-0.31404474018047024
Interactive,IFE,1,585,-0.3257809104480851
Interactive,IFE,1,586,-0.4894129629354561
Interactive,IFE,1,587,-0.22392371251963306
Interactive,IFE,1,588,-0.3911661852590632
Interactive,IFE,1,589,-0.1259591877639188
Interactive,IFE,1,590,-0.48530088302885044
Interactive,IFE,1,591,-0.383012587347064
Interactive,IFE,1,592,-0.6623607229860982
Interactive,IFE,1,593,-0.5837092007417062
Interactive,IFE,1,594,-0.6920383039149507
Interactive,IFE,1,595,-0.43807685416860975
Interactive,IFE,1,596,-0.6488563015943749
Interactive,IFE,1,597,-0.6350236854097835
Interactive,IFE,1,598,-0.27541089164848687
Interactive,IFE,1,599,-0.60559410911384
Interactive,IFE,1,600,0.11296200991345495
Interactive,IFE,1,601,-0.4963034644093546
Interactive,IFE,1,602,-0.6012390631984308
Interactive,IFE,1,603,-0.5961471051915743
Interactive,IFE,1,604,-0.5785643624792189
Interactive,IFE,1,605,-0.41966511093875736
Interactive,IFE,1,606,-0.7186289943605493
Interactive,IFE,1,607,-0.5349648062596137
Interactive,IFE,1,608,-0.43590874612635955
Interactive,IFE,1,609,0.19939261871195413
Interactive,IFE,1,610,-0.28449314306416384
Interactive,IFE,1,611,-0.3595300568833286
Interactive,IFE,1,612,-0.6139298472321577
Interactive,IFE,1,613,-0.2574072142109436
Interactive,IFE,1,614,-0.5172775377650329
Interactive,IFE,1,615,-0.16153228137616504
Interactive,IFE,1,616,-0.24592805003423213
Interactive,IFE,1,617,-0.6011512431731588
Interactive,IFE,1,618,-0.4983710670932642
Interactive,IFE,1,619,-0.6492245206035785
Interactive,IFE,1,620,-0.6356196238065639
Interactive,IFE,1,621,-0.6418332441079012
Interactive,IFE,1,622,-0.2798412681510527
Interactive,IFE,1,623,-0.5726193424498544
Interactive,IFE,1,624,-0.4949499045447938
Interactive,IFE,1,625,-0.42963684804241364
Interactive,IFE,1,626,-0.14786910260734554
Interactive,IFE,1,627,-0.6085804879551558
Interactive,IFE,1,628,-0.5540608990340357
Interactive,IFE,1,629,-0.5773177369773527
Interactive,IFE,1,630,-0.6727682268152302
Interactive,IFE,1,631,-0.03882542300129321
Interactive,IFE,1,632,0.16177115663120967
Interactive,IFE,1,633,-0.5453422016833127
Interactive,IFE,1,634,-0.7033519231087744
Interactive,IFE,1,635,-0.7251530581421612
Interactive,IFE,1,636,-0.41642086153275426
Interactive,IFE,1,637,-0.1789865603573243
Interactive,IFE,1,638,-0.3278184670393157
Interactive,IFE,1,639,-0.48080447793923053
Interactive,IFE,1,640,0.5187880144818413
Interactive,IFE,1,641,0.020154082217613167
Interactive,IFE,1,642,-0.5372317478266584
Interactive,IFE,1,643,-0.19516499934020393
Interactive,IFE,1,644,-0.5350551088363873
Interactive,IFE,1,645,-0.6649450187340544
Interactive,IFE,1,646,-0.5611048137491309
Interactive,IFE,1,647,-0.6134039969961728
Interactive,IFE,1,648,-0.2493592442773016
Interactive,IFE,1,649,-0.3708660121105123
Interactive,IFE,1,650,-0.6816226646829541
Interactive,IFE,1,651,-0.5729334675750429
Interactive,IFE,1,652,-0.3995902905875963
Interactive,IFE,1,653,-0.44384572609760353
Interactive,IFE,1,654,-0.7146175467433482
Interactive,IFE,1,655,0.0777552242909405
Interactive,IFE,1,656,-0.7327320332851621
Interactive,IFE,1,657,-0.34760594839553416
Interactive,IFE,1,658,-0.4807413997045289
Interactive,IFE,1,659,-0.3463523974586089
Interactive,IFE,1,660,-0.19480143040612963
Interactive,IFE,1,661,-0.4083664489773454
Interactive,IFE,1,662,-0.765272358937145
Interactive,IFE,1,663,-0.23162153453051826
Interactive,IFE,1,664,-0.5359127566378663
Interactive,IFE,1,665,-0.09788889833245873
Interactive,IFE,1,666,-0.6425796151253456
Interactive,IFE,1,667,-0.5749710402322223
Interactive,IFE,1,668,-0.3565325984861023
Interactive,IFE,1,669,-0.5384833484892951
Interactive,IFE,1,670,0.1731381569861834
Interactive,IFE,1,671,-0.4448887481954463
Interactive,IFE,1,672,-0.47910795118151517
Interactive,IFE,1,673,-0.5436505931842934
Interactive,IFE,1,674,-0.5193063268610842
Interactive,IFE,1,675,-0.32452438249179594
Interactive,IFE,1,676,-0.626666270185541
Interactive,IFE,1,677,-0.6294830293180478
Interactive,IFE,1,678,-0.5248199358015395
Interactive,IFE,1,679,-0.20346654540192222
Interactive,IFE,1,680,0.28459815808015265
Interactive,IFE,1,681,-0.4632572498407367
Interactive,IFE,1,682,-0.7083573361790069
Interactive,IFE,1,683,0.17025829192618103
Interactive,IFE,1,684,-0.7289133498286723
Interactive,IFE,1,685,-0.009726830299864542
Interactive,IFE,1,686,0.022758158455649324
Interactive,IFE,1,687,-0.6220134799220771
Interactive,IFE,1,688,-0.1427315702266524
Interactive,IFE,1,689,-0.1381736531726271
Interactive,IFE,1,690,-0.5558606733513778
Interactive,IFE,1,691,-0.42021391796699636
Interactive,IFE,1,692,-0.5323538318498819
Interactive,IFE,1,693,-0.7687889461500603
Interactive,IFE,1,694,-0.526100289958586
Interactive,IFE,1,695,-0.5633947347023502
Interactive,IFE,1,696,-0.3572279715771354
Interactive,IFE,1,697,-0.3351612331617585
Interactive,IFE,1,698,-0.5087602370356108
Interactive,IFE,1,699,-0.4537045591500164
Interactive,IFE,1,700,-0.6097392692848944
Interactive,IFE,1,701,-0.2728648612849086
Interactive,IFE,1,702,-0.08574301610585056
Interactive,IFE,1,703,-0.8506351417682172
Interactive,IFE,1,704,-0.23406860161484377
Interactive,IFE,1,705,-0.41182769594753965
Interactive,IFE,1,706,0.7214088679434929
Interactive,IFE,1,707,-0.5259925054627528
Interactive,IFE,1,708,-0.676107069428272
Interactive,IFE,1,709,-0.6394904921702032
Interactive,IFE,1,710,-0.4092869972015364
Interactive,IFE,1,711,0.13491804419308884
Interactive,IFE,1,712,-0.4852995017690357
Interactive,IFE,1,713,-0.10402475351715113
Interactive,IFE,1,714,-0.5280939783624099
Interactive,IFE,1,715,-0.4560505147456766
Interactive,IFE,1,716,-0.5873014616267267
Interactive,IFE,1,717,-0.5355085992083648
Interactive,IFE,1,718,-0.7305227171584046
Interactive,IFE,1,719,-0.3588493918300437
Interactive,IFE,1,720,-0.5602278956336584
Interactive,IFE,1,721,-0.47221498200943346
Interactive,IFE,1,722,0.32927195100176787
Interactive,IFE,1,723,-0.483189102138052
Interactive,IFE,1,724,-0.41870503103629075
Interactive,IFE,1,725,-0.17459671554560663
Interactive,IFE,1,726,-0.5323249067655265
Interactive,IFE,1,727,-0.536188914914778
Interactive,IFE,1,728,-0.29577732047619076
Interactive,IFE,1,729,-0.4891817674332335
Interactive,IFE,1,730,-0.5933615572404081
Interactive,IFE,1,731,-0.5995482930713582
Interactive,IFE,1,732,-0.3969449038411069
Interactive,IFE,1,733,-0.7358642382362328
Interactive,IFE,1,734,0.11131774901029101
Interactive,IFE,1,735,-0.8309590281078436
Interactive,IFE,1,736,-0.44321366909927185
Interactive,IFE,1,737,-0.19983800226992443
Interactive,IFE,1,738,-0.41141158934523925
Interactive,IFE,1,739,-0.7505238377770916
Interactive,IFE,1,740,-0.18765615053226958
Interactive,IFE,1,741,-0.5381039056620537
Interactive,IFE,1,742,-0.7327850737124026
Interactive,IFE,1,743,-0.12824420943478643
Interactive,IFE,1,744,-0.37549728191861187
Interactive,IFE,1,745,-0.4669061444740318
Interactive,IFE,1,746,-0.3020699066280731
Interactive,IFE,1,747,-0.4771451776808109
Interactive,IFE,1,748,-0.4941447684644079
Interactive,IFE,1,749,-0.657823368563226
Interactive,IFE,1,750,-0.4562968405018919
Interactive,IFE,1,751,-0.15084342881247836
Interactive,IFE,1,752,-0.576604168771558
Interactive,IFE,1,753,-0.37012296917538423
Interactive,IFE,1,754,-0.426024421210642
Interactive,IFE,1,755,-0.336829082958238
Interactive,IFE,1,756,-0.6613148723155424
Interactive,IFE,1,757,0.09654891636922991
Interactive,IFE,1,758,-0.6423851751889638
Interactive,IFE,1,759,-0.6420869953769113
Interactive,IFE,1,760,-0.7037530060212471
Interactive,IFE,1,761,-0.5633961040860301
Interactive,IFE,1,762,-0.2724431979226418
Interactive,IFE,1,763,-0.5875238468465238
Interactive,IFE,1,764,-0.448026330584401
Interactive,IFE,1,765,-0.6159886903327894
Interactive,IFE,1,766,-0.36088579461703785
Interactive,IFE,1,767,-0.5969559870573218
Interactive,IFE,1,768,-0.3821434605895001
Interactive,IFE,1,769,-0.5751496056332859
Interactive,IFE,1,770,-0.32629344005030836
Interactive,IFE,1,771,-0.7111168306088262
Interactive,IFE,1,772,-0.4955463728748891
Interactive,IFE,1,773,-0.3518609680184336
Interactive,IFE,1,774,-0.7478257202331005
Interactive,IFE,1,775,-0.400486306681593
Interactive,IFE,1,776,-0.607526615035691
Interactive,IFE,1,777,-0.4172076486120193
Interactive,IFE,1,778,-0.3595138013201591
Interactive,IFE,1,779,-0.3089170034864305
Interactive,IFE,1,780,-0.43054140285563736
Interactive,IFE,1,781,-0.5468595182638718
Interactive,IFE,1,782,-0.7788963438276194
Interactive,IFE,1,783,-0.5141869977856826
Interactive,IFE,1,784,-0.34293892055088426
Interactive,IFE,1,785,-0.26370798419657593
Interactive,IFE,1,786,-0.4367589501329824
Interactive,IFE,1,787,-0.5738695429412648
Interactive,IFE,1,788,-0.8039886634675274
Interactive,IFE,1,789,-0.3555793391806823
Interactive,IFE,1,790,-0.5228963183510278
Interactive,IFE,1,791,-0.5526699915009718
Interactive,IFE,1,792,-0.6488097366042875
Interactive,IFE,1,793,-0.6968788537648285
Interactive,IFE,1,794,-0.5264133206364875
Interactive,IFE,1,795,-0.035025565200539455
Interactive,IFE,1,796,-0.4282446229931385
Interactive,IFE,1,797,0.07611696959784209
Interactive,IFE,1,798,-0.411309812103716
Interactive,IFE,1,799,-0.33618090952706803
Interactive,IFE,1,800,-0.601832020011957
Interactive,IFE,1,801,-0.5888876358649269
Interactive,IFE,1,802,-0.2712506372854976
Interactive,IFE,1,803,-0.36912582086645007
Interactive,IFE,1,804,-0.7051688182797462
Interactive,IFE,1,805,-0.4426265045813609
Interactive,IFE,1,806,-0.7648744861726122
Interactive,IFE,1,807,-0.45006442223983345
Interactive,IFE,1,808,-0.5738529353304755
Interactive,IFE,1,809,-0.630251335717231
Interactive,IFE,1,810,-0.40550977076922734
Interactive,IFE,1,811,-0.5398439053073512
Interactive,IFE,1,812,-0.40835934993508627
Interactive,IFE,1,813,-0.35030809278484787
Interactive,IFE,1,814,-0.2689832261648256
Interactive,IFE,1,815,-0.3089628015585859
Interactive,IFE,1,816,-0.39532763823854955
Interactive,IFE,1,817,-0.4010303365488771
Interactive,IFE,1,818,-0.6935394921673301
Interactive,IFE,1,819,-0.4787020294418649
Interactive,IFE,1,820,-0.3679128988816667
Interactive,IFE,1,821,-0.4843729770046932
Interactive,IFE,1,822,-0.4453863717697103
Interactive,IFE,1,823,-0.2805911764964626
Interactive,IFE,1,824,-0.3163326720261951
Interactive,IFE,1,825,0.25209602498615635
Interactive,IFE,1,826,-0.4565348970355194
Interactive,IFE,1,827,-0.4742862968455652
Interactive,IFE,1,828,-0.40467059653459414
Interactive,IFE,1,829,-0.44611790730534007
Interactive,IFE,1,830,-0.4459004659284622
Interactive,IFE,1,831,-0.15686657990972108
Interactive,IFE,1,832,0.0865555148923769
Interactive,IFE,1,833,-0.5821694576616553
Interactive,IFE,1,834,-0.3178427903533936
Interactive,IFE,1,835,-0.44282067576522843
Interactive,IFE,1,836,-0.49069937542642594
Interactive,IFE,1,837,-0.7648202296947892
Interactive,IFE,1,838,-0.7718539287093092
Interactive,IFE,1,839,-0.1023695541215971
Interactive,IFE,1,840,-0.46430871642199334
Interactive,IFE,1,841,0.15614888851823472
Interactive,IFE,1,842,-0.41291989132242835
Interactive,IFE,1,843,-0.49917768665467066
Interactive,IFE,1,844,-0.24631325002992377
Interactive,IFE,1,845,-0.40683122403817873
Interactive,IFE,1,846,-0.5606712842872602
Interactive,IFE,1,847,-0.6989629236702406
Interactive,IFE,1,848,-0.5566030200687793
Interactive,IFE,1,849,-0.41150225648591154
Interactive,IFE,1,850,-0.5213159681344782
Interactive,IFE,1,851,-0.6427253970154883
Interactive,IFE,1,852,0.1749535352644389
Interactive,IFE,1,853,-0.12216254746340993
Interactive,IFE,1,854,0.09605759294294813
Interactive,IFE,1,855,-0.4013683803457987
Interactive,IFE,1,856,-0.2991512009249617
Interactive,IFE,1,857,-0.6739807009027333
Interactive,IFE,1,858,-0.7521776339655529
Interactive,IFE,1,859,-0.4991789800375337
Interactive,IFE,1,860,-0.5593553661928694
Interactive,IFE,1,861,-0.7419723890654016
Interactive,IFE,1,862,-0.4809202329110662
Interactive,IFE,1,863,0.10941678246350905
Interactive,IFE,1,864,-0.4473037756681023
Interactive,IFE,1,865,-0.409870166432876
Interactive,IFE,1,866,-0.5090814981873453
Interactive,IFE,1,867,-0.3607046882376176
Interactive,IFE,1,868,-0.6830696701119245
Interactive,IFE,1,869,-0.4488795619589556
Interactive,IFE,1,870,-0.49463704714721013
Interactive,IFE,1,871,-0.5857420056243967
Interactive,IFE,1,872,-0.027572865902597887
Interactive,IFE,1,873,-0.665388283901517
Interactive,IFE,1,874,-0.13086769947516064
Interactive,IFE,1,875,-0.4626340753354109
Interactive,IFE,1,876,-0.2967235537389521
Interactive,IFE,1,877,-0.10390551628538547
Interactive,IFE,1,878,-0.4566229088973275
Interactive,IFE,1,879,-0.34088710017154167
Interactive,IFE,1,880,-0.44784046705374037
Interactive,IFE,1,881,-0.5512260823561868
Interactive,IFE,1,882,-0.25122327959377144
Interactive,IFE,1,883,-0.41420355162450173
Interactive,IFE,1,884,-0.773986334339192
Interactive,IFE,1,885,-0.6110981482324813
Interactive,IFE,1,886,-0.6636438228696309
Interactive,IFE,1,887,-0.3326572730115195
Interactive,IFE,1,888,-0.07690813120378226
Interactive,IFE,1,889,-0.4800090886113527
Interactive,IFE,1,890,-0.3220581466196565
Interactive,IFE,1,891,0.1356574541387925
Interactive,IFE,1,892,-0.42604726870886633
Interactive,IFE,1,893,-0.5120330915972365
Interactive,IFE,1,894,-0.41717139589607555
Interactive,IFE,1,895,-0.3833653140499158
Interactive,IFE,1,896,-0.15983682558641477
Interactive,IFE,1,897,-0.4913277692810375
Interactive,IFE,1,898,-0.5658870889262316
Interactive,IFE,1,899,-0.3707768582074056
Interactive,IFE,1,900,-0.3419454799264897
Interactive,IFE,1,901,-0.7416557771078682
Interactive,IFE,1,902,-0.49312960641385684
Interactive,IFE,1,903,-0.7093972544217575
Interactive,IFE,1,904,-0.6245829947839071
Interactive,IFE,1,905,-0.22487899388075017
Interactive,IFE,1,906,-0.5197425742962429
Interactive,IFE,1,907,-0.6181650855098395
Interactive,IFE,1,908,-0.7364337818098898
Interactive,IFE,1,909,-0.452060826003428
Interactive,IFE,1,910,-0.6249214208261804
Interactive,IFE,1,911,-0.5430719593435784
Interactive,IFE,1,912,-0.004651886361660029
Interactive,IFE,1,913,-0.1856552861316364
Interactive,IFE,1,914,-0.45130178667431375
Interactive,IFE,1,915,-0.23970320088197572
Interactive,IFE,1,916,-0.6353651614558925
Interactive,IFE,1,917,-0.24017472738364554
Interactive,IFE,1,918,-0.4241238733667817
Interactive,IFE,1,919,-0.19285274013188414
Interactive,IFE,1,920,-0.36252818251289953
Interactive,IFE,1,921,-0.7476251660635553
Interactive,IFE,1,922,-0.42081201764373666
Interactive,IFE,1,923,-0.6966166414945966
Interactive,IFE,1,924,-0.3783494199010743
Interactive,IFE,1,925,-0.4825079368658892
Interactive,IFE,1,926,-0.455678467903042
Interactive,IFE,1,927,-0.7732763318763598
Interactive,IFE,1,928,-0.09651038479533436
Interactive,IFE,1,929,-0.3858304914249293
Interactive,IFE,1,930,-0.198201782782223
Interactive,IFE,1,931,0.08774644163669709
Interactive,IFE,1,932,-0.5011460655468662
Interactive,IFE,1,933,-0.575851299107629
Interactive,IFE,1,934,-0.5176365392410438
Interactive,IFE,1,935,-0.38168893543753846
Interactive,IFE,1,936,-0.6750912696614706
Interactive,IFE,1,937,-0.54316094544950555
Interactive,IFE,1,938,-0.1169925527652782
Interactive,IFE,1,939,0.6143866930497144
Interactive,IFE,1,940,-0.7607570000149128
Interactive,IFE,1,941,-0.6879364137809846
Interactive,IFE,1,942,-0.5964856214865341
Interactive,IFE,1,943,-0.46329380646852036
Interactive,IFE,1,944,-0.4899774390850792
Interactive,IFE,1,945,-0.40816433769518146
Interactive,IFE,1,946,-0.4837329728435307
Interactive,IFE,1,947,-0.5888045404900877
Interactive,IFE,1,948,0.07537751878718502
Interactive,IFE,1,949,-0.1373538815428571
Interactive,IFE,1,950,-0.4998509241208412
Interactive,IFE,1,951,-0.24549860949417956
Interactive,IFE,1,952,-0.4206382080201102
Interactive,IFE,1,953,-0.46213374132810026
Interactive,IFE,1,954,-0.1481846541202776
Interactive,IFE,1,955,-0.6840439327965471
Interactive,IFE,1,956,-0.1932558351659145
Interactive,IFE,1,957,-0.3403641908418734
Interactive,IFE,1,958,-0.5054503468469267
Interactive,IFE,1,959,0.0252576643631921
Interactive,IFE,1,960,-0.557553367971545
Interactive,IFE,1,961,-0.767491140232645
Interactive,IFE,1,962,-0.06483074763522212
Interactive,IFE,1,963,-0.3646671929536628
Interactive,IFE,1,964,-0.6016520944662916
Interactive,IFE,1,965,-0.6053885431747779
Interactive,IFE,1,966,-0.7145940007408724
Interactive,IFE,1,967,-0.35621600998803216
Interactive,IFE,1,968,-0.17095649177462946
Interactive,IFE,1,969,-0.7186371905600528
Interactive,IFE,1,970,-0.22482330954342877
Interactive,IFE,1,971,-0.5745217959480603
Interactive,IFE,1,972,-0.4744050115751469
Interactive,IFE,1,973,-0.41114034835488567
Interactive,IFE,1,974,-0.36352649031688766
Interactive,IFE,1,975,-0.5854563681833556
Interactive,IFE,1,976,-0.39454273806206297
Interactive,IFE,1,977,-0.6040091139660139
Interactive,IFE,1,978,-0.7139178084828313
Interactive,IFE,1,979,-0.5228504226768582
Interactive,IFE,1,980,-0.6116247051055694
Interactive,IFE,1,981,-0.6926846027995572
Interactive,IFE,1,982,-0.37759166877612116
Interactive,IFE,1,983,-0.2503433709303394
Interactive,IFE,1,984,-0.1273083981528308
Interactive,IFE,1,985,-0.16402665580807863
Interactive,IFE,1,986,-0.6102117571123973
Interactive,IFE,1,987,-0.4760372839414949
Interactive,IFE,1,988,-0.17977486278905586
Interactive,IFE,1,989,-0.008131374759179355
Interactive,IFE,1,990,-0.5040302240970969
Interactive,IFE,1,991,-0.187157636869839
Interactive,IFE,1,992,-0.5005097643220966
Interactive,IFE,1,993,0.17800515399323547
Interactive,IFE,1,994,0.29341575783223517
Interactive,IFE,1,995,-0.47261653068430376
Interactive,IFE,1,996,-0.33721505145434205
Interactive,IFE,1,997,-0.429400098843174
Interactive,IFE,1,998,-0.352313892533071
Interactive,IFE,1,999,-0.62815026820166
Interactive,IFE,1,1000,-0.4975876359707716
Interactive,IFE,2,1,-0.5640529551753253
Interactive,IFE,2,2,-0.5961725767019773
Interactive,IFE,2,3,-0.6793067412775569
Interactive,IFE,2,4,-0.33475405622921794
Interactive,IFE,2,5,-0.07954627878047182
Interactive,IFE,2,6,0.024270498510386096
Interactive,IFE,2,7,-0.4512569576989458
Interactive,IFE,2,8,-0.4976095579700156
Interactive,IFE,2,9,-0.6490486807241257
Interactive,IFE,2,10,-0.35931044155610214
Interactive,IFE,2,11,-0.5606783536669491
Interactive,IFE,2,12,-0.24985690109117464
Interactive,IFE,2,13,0.06641667415551122
Interactive,IFE,2,14,-0.1198055155504606
Interactive,IFE,2,15,-0.5713314667741685
Interactive,IFE,2,16,-0.6623029159911396
Interactive,IFE,2,17,0.2591677625454072
Interactive,IFE,2,18,-0.3889475512810301
Interactive,IFE,2,19,-0.11536280455226156
Interactive,IFE,2,20,-0.5659673009608784
Interactive,IFE,2,21,-0.3539737591035228
Interactive,IFE,2,22,-0.49242586275742883
Interactive,IFE,2,23,-0.6396014990617053
Interactive,IFE,2,24,-0.4306998524393687
Interactive,IFE,2,25,-0.569935467225322
Interactive,IFE,2,26,-0.19647846371709266
Interactive,IFE,2,27,-0.6196085129249379
Interactive,IFE,2,28,-0.3218278660463446
Interactive,IFE,2,29,-0.6729575842455165
Interactive,IFE,2,30,-0.4421007177101769
Interactive,IFE,2,31,-0.3318160819611463
Interactive,IFE,2,32,-0.4669709813521429
Interactive,IFE,2,33,-0.17242320168032
Interactive,IFE,2,34,-0.5551347910122217
Interactive,IFE,2,35,-0.5499392451308186
Interactive,IFE,2,36,-0.6522145100689752
Interactive,IFE,2,37,-0.5289039586169693
Interactive,IFE,2,38,-0.5520362807232382
Interactive,IFE,2,39,-0.012876337779417768
Interactive,IFE,2,40,-0.39257945276850303
Interactive,IFE,2,41,-0.5758349502900011
Interactive,IFE,2,42,-0.532753055164221
Interactive,IFE,2,43,-0.5967931389633161
Interactive,IFE,2,44,-0.5657493460053997
Interactive,IFE,2,45,-0.6400262935145274
Interactive,IFE,2,46,-0.6611405944863528
Interactive,IFE,2,47,-0.1175627214338335
Interactive,IFE,2,48,-0.698130211771023
Interactive,IFE,2,49,-0.4323121126662609
Interactive,IFE,2,50,-0.4983235923239251
Interactive,IFE,2,51,-0.12841254859179618
Interactive,IFE,2,52,-0.1261491154866352
Interactive,IFE,2,53,-0.29992068326417853
Interactive,IFE,2,54,-0.40960873454386926
Interactive,IFE,2,55,-0.10201590597018195
Interactive,IFE,2,56,-0.43586359692376797
Interactive,IFE,2,57,-0.5187712512925573
Interactive,IFE,2,58,-0.5211118826984938
Interactive,IFE,2,59,-0.35487852469279546
Interactive,IFE,2,60,-0.26059242897835777
Interactive,IFE,2,61,-0.4877669145087091
Interactive,IFE,2,62,-0.3126969898854405
Interactive,IFE,2,63,-0.2775223361490977
Interactive,IFE,2,64,-0.48484254398662663
Interactive,IFE,2,65,-0.4529448037491155
Interactive,IFE,2,66,0.09870060058188646
Interactive,IFE,2,67,-0.2354734790098254
Interactive,IFE,2,68,-0.6680070972242191
Interactive,IFE,2,69,-0.3734319783918246
Interactive,IFE,2,70,-0.6312869334600676
Interactive,IFE,2,71,-0.6034602156827698
Interactive,IFE,2,72,-0.3731742030069293
Interactive,IFE,2,73,0.057469157815165595
Interactive,IFE,2,74,-0.73803064068121
Interactive,IFE,2,75,-0.22072051172236618
Interactive,IFE,2,76,-0.14753127062741
Interactive,IFE,2,77,-0.45272085856435496
Interactive,IFE,2,78,-0.3453339628358876
Interactive,IFE,2,79,-0.6382225402749347
Interactive,IFE,2,80,-0.3611796325979193
Interactive,IFE,2,81,-0.4880715013706929
Interactive,IFE,2,82,-0.37186228465131455
Interactive,IFE,2,83,-0.1554672544736978
Interactive,IFE,2,84,-0.36792660043404013
Interactive,IFE,2,85,-0.6828395764305757
Interactive,IFE,2,86,-0.6239299619706593
Interactive,IFE,2,87,-0.5618536105565104
Interactive,IFE,2,88,-0.012098502845569348
Interactive,IFE,2,89,-0.7030813276814432
Interactive,IFE,2,90,-0.7914686923870276
Interactive,IFE,2,91,-0.06261234761588863
Interactive,IFE,2,92,-0.605043189752658
Interactive,IFE,2,93,-0.5660679225464281
Interactive,IFE,2,94,-0.8391783077423512
Interactive,IFE,2,95,-0.38738926478839264
Interactive,IFE,2,96,0.11375452995119284
Interactive,IFE,2,97,0.017389326514411163
Interactive,IFE,2,98,-0.5603299074703461
Interactive,IFE,2,99,-0.43910281272754625
Interactive,IFE,2,100,-0.4906696091626567
Interactive,IFE,2,101,-0.238447680507757
Interactive,IFE,2,102,-0.15894751414505504
Interactive,IFE,2,103,0.0038515643268437483
Interactive,IFE,2,104,0.3510031159186773
Interactive,IFE,2,105,-0.2248875204011892
Interactive,IFE,2,106,-0.15757480561201143
Interactive,IFE,2,107,-0.5448951821807569
Interactive,IFE,2,108,-0.31077296379366326
Interactive,IFE,2,109,-0.4170383873152298
Interactive,IFE,2,110,-0.6402156516958353
Interactive,IFE,2,111,-0.4359679916314264
Interactive,IFE,2,112,-0.5422738983587345
Interactive,IFE,2,113,-0.2966957624432812
Interactive,IFE,2,114,-0.5870467963500668
Interactive,IFE,2,115,-0.2717668145743234
Interactive,IFE,2,116,0.271503506518022
Interactive,IFE,2,117,-0.39400646358573466
Interactive,IFE,2,118,-0.6420747845893846
Interactive,IFE,2,119,-0.35804277220202907
Interactive,IFE,2,120,-0.5191046832839668
Interactive,IFE,2,121,-0.5804080432210625
Interactive,IFE,2,122,-0.4749741676064342
Interactive,IFE,2,123,-0.2989491640676366
Interactive,IFE,2,124,-0.39525520568330563
Interactive,IFE,2,125,0.3382167318855942
Interactive,IFE,2,126,-0.08315079525801128
Interactive,IFE,2,127,-0.2207133397578841
Interactive,IFE,2,128,-0.7430337240619885
Interactive,IFE,2,129,-0.19663251230317202
Interactive,IFE,2,130,-0.21779252874271093
Interactive,IFE,2,131,-0.8019457609471822
Interactive,IFE,2,132,-0.5341649616730793
Interactive,IFE,2,133,-0.7380638445947172
Interactive,IFE,2,134,-0.5103851947911833
Interactive,IFE,2,135,-0.3504284825736482
Interactive,IFE,2,136,-0.4540519159394645
Interactive,IFE,2,137,-0.1578467142911938
Interactive,IFE,2,138,-0.23742750647747413
Interactive,IFE,2,139,-0.6342205378464535
Interactive,IFE,2,140,-0.5639338800097067
Interactive,IFE,2,141,-0.5888596406492319
Interactive,IFE,2,142,0.6131710558750785
Interactive,IFE,2,143,-0.5836966136291526
Interactive,IFE,2,144,-0.8253154925680805
Interactive,IFE,2,145,-0.5443496323080708
Interactive,IFE,2,146,-0.3076358235342842
Interactive,IFE,2,147,-0.46950730864393486
Interactive,IFE,2,148,-0.6183510356291653
Interactive,IFE,2,149,-0.8191254049412131
Interactive,IFE,2,150,-0.5049795188670279
Interactive,IFE,2,151,-0.45522697048293803
Interactive,IFE,2,152,0.080319254709593
Interactive,IFE,2,153,0.19721119196596804
Interactive,IFE,2,154,0.016262408317089694
Interactive,IFE,2,155,-0.24798550298725197
Interactive,IFE,2,156,-0.06116722350389048
Interactive,IFE,2,157,-0.6528921255967485
Interactive,IFE,2,158,-0.4067229971556823
Interactive,IFE,2,159,0.026895367947685322
Interactive,IFE,2,160,-0.04982836168600735
Interactive,IFE,2,161,0.01102793785547651
Interactive,IFE,2,162,-0.8202117993894775
Interactive,IFE,2,163,-0.2571778234151829
Interactive,IFE,2,164,0.033152468126006474
Interactive,IFE,2,165,-0.20103748427872992
Interactive,IFE,2,166,-0.464496983546114
Interactive,IFE,2,167,-0.316024795734801
Interactive,IFE,2,168,-0.4790994472537422
Interactive,IFE,2,169,-0.7173728746218798
Interactive,IFE,2,170,-0.14023469012905965
Interactive,IFE,2,171,-0.2833730287563435
Interactive,IFE,2,172,-0.34651510217230175
Interactive,IFE,2,173,-0.543201578151428
Interactive,IFE,2,174,-0.47472851419042317
Interactive,IFE,2,175,0.08107275395098368
Interactive,IFE,2,176,-0.35172067403190077
Interactive,IFE,2,177,-0.5311681928077641
Interactive,IFE,2,178,-0.5807503112383694
Interactive,IFE,2,179,-0.5789332470855457
Interactive,IFE,2,180,-0.050056561849943004
Interactive,IFE,2,181,-0.7568044810643372
Interactive,IFE,2,182,-0.42210692098380675
Interactive,IFE,2,183,-0.6203190282546911
Interactive,IFE,2,184,-0.5118283757879585
Interactive,IFE,2,185,0.03400251737812954
Interactive,IFE,2,186,-0.5856945765663107
Interactive,IFE,2,187,-0.37352948812797426
Interactive,IFE,2,188,-0.37465933765398063
Interactive,IFE,2,189,-0.09351619582972415
Interactive,IFE,2,190,-0.36998775944572193
Interactive,IFE,2,191,-0.18456203973316543
Interactive,IFE,2,192,-0.3668388516601093
Interactive,IFE,2,193,-0.3530967224772883
Interactive,IFE,2,194,-0.054136219717372924
Interactive,IFE,2,195,-0.6074970320855784
Interactive,IFE,2,196,-0.6936476516853192
Interactive,IFE,2,197,-0.2884327131318959
Interactive,IFE,2,198,-0.2996008077610105
Interactive,IFE,2,199,-0.29830044309108794
Interactive,IFE,2,200,-0.17974050083238624
Interactive,IFE,2,201,-0.5266802190265525
Interactive,IFE,2,202,-0.4433086361551595
Interactive,IFE,2,203,-0.45081128289554484
Interactive,IFE,2,204,-0.2556832224721136
Interactive,IFE,2,205,-0.27548703020941945
Interactive,IFE,2,206,-0.6311639301253713
Interactive,IFE,2,207,-0.11384092067694707
Interactive,IFE,2,208,-0.5569231763230138
Interactive,IFE,2,209,-0.542882858508245
Interactive,IFE,2,210,-0.6167868386000189
Interactive,IFE,2,211,-0.47107998190997
Interactive,IFE,2,212,-0.18972608502018462
Interactive,IFE,2,213,-0.21953753252778152
Interactive,IFE,2,214,-0.5691538425854457
Interactive,IFE,2,215,-0.5615812061401466
Interactive,IFE,2,216,-0.5361885461915974
Interactive,IFE,2,217,-0.46475985969599576
Interactive,IFE,2,218,0.03149219048214946
Interactive,IFE,2,219,-0.7404119391934848
Interactive,IFE,2,220,-0.48156141239041683
Interactive,IFE,2,221,-0.299919699904423
Interactive,IFE,2,222,-0.14480706665623144
Interactive,IFE,2,223,-0.4156553582889809
Interactive,IFE,2,224,-0.5692032858960496
Interactive,IFE,2,225,-0.23841689066800376
Interactive,IFE,2,226,-0.7746606263023461
Interactive,IFE,2,227,-0.1128481417952446
Interactive,IFE,2,228,-0.739209242356095
Interactive,IFE,2,229,-0.39440884210162797
Interactive,IFE,2,230,-0.3459275382224003
Interactive,IFE,2,231,-0.4028588361626677
Interactive,IFE,2,232,-0.3628269174412012
Interactive,IFE,2,233,-0.4919975759514591
Interactive,IFE,2,234,-0.49390632699234205
Interactive,IFE,2,235,-0.3497172185524493
Interactive,IFE,2,236,-0.6258487049068697
Interactive,IFE,2,237,-0.4329922739763289
Interactive,IFE,2,238,-0.47747873040890687
Interactive,IFE,2,239,-0.3716601458376835
Interactive,IFE,2,240,-0.5875224173968967
Interactive,IFE,2,241,-0.3847824961500552
Interactive,IFE,2,242,-0.5432600149649298
Interactive,IFE,2,243,-0.581676690627753
Interactive,IFE,2,244,-0.24915615997926033
Interactive,IFE,2,245,-0.11736407127860926
Interactive,IFE,2,246,0.4591046656753992
Interactive,IFE,2,247,-0.3730611975873348
Interactive,IFE,2,248,0.19898933182095835
Interactive,IFE,2,249,-0.6918864224557384
Interactive,IFE,2,250,-0.720424853399504
Interactive,IFE,2,251,-0.39967299034709236
Interactive,IFE,2,252,-0.710942540657709
Interactive,IFE,2,253,-0.07048304756018842
Interactive,IFE,2,254,-0.29929723141779896
Interactive,IFE,2,255,-0.5818655437459457
Interactive,IFE,2,256,-0.16353845338810646
Interactive,IFE,2,257,-0.5967455370715049
Interactive,IFE,2,258,0.3774440312426752
Interactive,IFE,2,259,-0.4394021606552172
Interactive,IFE,2,260,0.41761050759644425
Interactive,IFE,2,261,-0.3184268328592542
Interactive,IFE,2,262,-0.5455674571717881
Interactive,IFE,2,263,-0.1670034537797721
Interactive,IFE,2,264,-0.06703016411818263
Interactive,IFE,2,265,-0.4092584091295336
Interactive,IFE,2,266,-0.23504556882909777
Interactive,IFE,2,267,-0.23248957672627757
Interactive,IFE,2,268,-0.38177463326900385
Interactive,IFE,2,269,-0.32602226784512156
Interactive,IFE,2,270,-0.3963708458130222
Interactive,IFE,2,271,0.03167256166988541
Interactive,IFE,2,272,-0.7011413585797799
Interactive,IFE,2,273,-0.5521289074684324
Interactive,IFE,2,274,-0.4892780386629402
Interactive,IFE,2,275,-0.24235301586196512
Interactive,IFE,2,276,-0.6539764614444028
Interactive,IFE,2,277,-0.4668804510233363
Interactive,IFE,2,278,-0.5786130315931335
Interactive,IFE,2,279,-0.475755603904609
Interactive,IFE,2,280,-0.4609710876796065
Interactive,IFE,2,281,-0.6561858023493274
Interactive,IFE,2,282,-0.6047998896572819
Interactive,IFE,2,283,-0.5905540976999587
Interactive,IFE,2,284,-0.6411131427735764
Interactive,IFE,2,285,-0.5117075926987193
Interactive,IFE,2,286,-0.33182253529946704
Interactive,IFE,2,287,-0.618763168236435
Interactive,IFE,2,288,-0.1661443166635268
Interactive,IFE,2,289,0.09425619963329157
Interactive,IFE,2,290,0.17257020615698604
Interactive,IFE,2,291,-0.011810837897173299
Interactive,IFE,2,292,0.23048818512567948
Interactive,IFE,2,293,-0.1754891064443037
Interactive,IFE,2,294,-0.13180447669610673
Interactive,IFE,2,295,-0.05299140833791771
Interactive,IFE,2,296,-0.31543214028473665
Interactive,IFE,2,297,-0.6588666439360089
Interactive,IFE,2,298,-0.7980566123609627
Interactive,IFE,2,299,-0.12880436155155672
Interactive,IFE,2,300,-0.39962705229922413
Interactive,IFE,2,301,-0.15827718550816772
Interactive,IFE,2,302,0.0510052793231246
Interactive,IFE,2,303,-0.6372516661621244
Interactive,IFE,2,304,-0.11351160884578149
Interactive,IFE,2,305,-0.1771310135564057
Interactive,IFE,2,306,0.1839236268564719
Interactive,IFE,2,307,-0.44590571584044925
Interactive,IFE,2,308,-0.1596642336825027
Interactive,IFE,2,309,-0.24025288847271775
Interactive,IFE,2,310,-0.7102682749669184
Interactive,IFE,2,311,-0.44609940639245993
Interactive,IFE,2,312,-0.62356221931078
Interactive,IFE,2,313,-0.3025111461018286
Interactive,IFE,2,314,-0.48170381230682247
Interactive,IFE,2,315,-0.48746271232801985
Interactive,IFE,2,316,0.19764848959992531
Interactive,IFE,2,317,-0.2173831099695286
Interactive,IFE,2,318,-0.7741530499549836
Interactive,IFE,2,319,-0.2990528652621468
Interactive,IFE,2,320,0.08407036863674278
Interactive,IFE,2,321,0.0351523076753808
Interactive,IFE,2,322,-0.34744089577748016
Interactive,IFE,2,323,-0.826936494848393
Interactive,IFE,2,324,-0.14449567695976762
Interactive,IFE,2,325,-0.280492716227735
Interactive,IFE,2,326,-0.43285690636762497
Interactive,IFE,2,327,-0.647017256257531
Interactive,IFE,2,328,-0.38322441651227057
Interactive,IFE,2,329,-0.49136516924483775
Interactive,IFE,2,330,-0.23945522861172763
Interactive,IFE,2,331,-0.586657154675282
Interactive,IFE,2,332,-0.47328533564811914
Interactive,IFE,2,333,-0.30282895173031654
Interactive,IFE,2,334,-0.022239734206475736
Interactive,IFE,2,335,-0.2788712991983233
Interactive,IFE,2,336,-0.2210027453038903
Interactive,IFE,2,337,-0.023852284867840856
Interactive,IFE,2,338,-0.47611803635163685
Interactive,IFE,2,339,-0.28667898199543507
Interactive,IFE,2,340,-0.6182626338647244
Interactive,IFE,2,341,-0.6435950028148625
Interactive,IFE,2,342,0.04748153283123191
Interactive,IFE,2,343,-0.5805536483469675
Interactive,IFE,2,344,-0.35255157907092305
Interactive,IFE,2,345,-0.261250112590776
Interactive,IFE,2,346,0.2152823939285422
Interactive,IFE,2,347,-0.27701815417590525
Interactive,IFE,2,348,0.10735907782344767
Interactive,IFE,2,349,-0.07894776039892892
Interactive,IFE,2,350,-0.37752383241006704
Interactive,IFE,2,351,0.3593794377516928
Interactive,IFE,2,352,-0.49417521710007395
Interactive,IFE,2,353,-0.7484462009946128
Interactive,IFE,2,354,-0.2526356174868606
Interactive,IFE,2,355,0.19259991846218005
Interactive,IFE,2,356,-0.5782700889191728
Interactive,IFE,2,357,-0.24514774908729609
Interactive,IFE,2,358,-0.06306214745819605
Interactive,IFE,2,359,-0.4614587589596558
Interactive,IFE,2,360,-0.6389399658187406
Interactive,IFE,2,361,-0.6453245784228191
Interactive,IFE,2,362,-0.11943199364136647
Interactive,IFE,2,363,-0.16138217582812375
Interactive,IFE,2,364,-0.3112627963924909
Interactive,IFE,2,365,-0.0816004027728301
Interactive,IFE,2,366,-0.17305093981127895
Interactive,IFE,2,367,-0.2145271489127053
Interactive,IFE,2,368,-0.4767493060551341
Interactive,IFE,2,369,-0.305600784299181
Interactive,IFE,2,370,-0.5987478663396935
Interactive,IFE,2,371,-0.4226468353767441
Interactive,IFE,2,372,-0.5209105286612359
Interactive,IFE,2,373,-0.7932690312982758
Interactive,IFE,2,374,-0.016392629397852132
Interactive,IFE,2,375,-0.7083671869172603
Interactive,IFE,2,376,-0.1879506852261107
Interactive,IFE,2,377,-0.4246051807877743
Interactive,IFE,2,378,-0.3478179377891668
Interactive,IFE,2,379,-0.6606928389250049
Interactive,IFE,2,380,-0.14270001472592064
Interactive,IFE,2,381,-0.288114171320363
Interactive,IFE,2,382,-0.47548039061866665
Interactive,IFE,2,383,-0.6036705742666029
Interactive,IFE,2,384,-0.5948977489955809
Interactive,IFE,2,385,-0.1256605295602301
Interactive,IFE,2,386,-0.38583703684960213
Interactive,IFE,2,387,-0.5301198780172512
Interactive,IFE,2,388,0.1612191623894068
Interactive,IFE,2,389,-0.3383091880167647
Interactive,IFE,2,390,-0.534968227132187
Interactive,IFE,2,391,-0.4944986186121292
Interactive,IFE,2,392,-0.1771513730896972
Interactive,IFE,2,393,-0.3296812393084132
Interactive,IFE,2,394,-0.5692078341978205
Interactive,IFE,2,395,-0.5661137948599451
Interactive,IFE,2,396,-0.04788580670584619
Interactive,IFE,2,397,-0.7510345219820354
Interactive,IFE,2,398,-0.46395486063810454
Interactive,IFE,2,399,-0.4717067219759392
Interactive,IFE,2,400,-0.4916984083726812
Interactive,IFE,2,401,-0.4952469231752251
Interactive,IFE,2,402,-0.577792704992915
Interactive,IFE,2,403,0.6327217816669513
Interactive,IFE,2,404,-0.3326527287901928
Interactive,IFE,2,405,-0.0015125449385856582
Interactive,IFE,2,406,-0.11703487843506677
Interactive,IFE,2,407,-0.3601419150121924
Interactive,IFE,2,408,-0.6774466224924944
Interactive,IFE,2,409,-0.5005498216115136
Interactive,IFE,2,410,-0.7631984216802296
Interactive,IFE,2,411,-0.26578178746903636
Interactive,IFE,2,412,-0.22250807355316293
Interactive,IFE,2,413,-0.6359398209201524
Interactive,IFE,2,414,-0.02233682571989315
Interactive,IFE,2,415,-0.5446621618871264
Interactive,IFE,2,416,-0.2611400907468623
Interactive,IFE,2,417,-0.5123111906810418
Interactive,IFE,2,418,-0.4549693679208129
Interactive,IFE,2,419,-0.35871208467915017
Interactive,IFE,2,420,0.23510447154594583
Interactive,IFE,2,421,-0.6008761407054448
Interactive,IFE,2,422,-0.5052441225252107
Interactive,IFE,2,423,0.07013003145766827
Interactive,IFE,2,424,-0.014415747276622093
Interactive,IFE,2,425,-0.5339315737820087
Interactive,IFE,2,426,-0.636157716658139
Interactive,IFE,2,427,-0.4765466976400332
Interactive,IFE,2,428,-0.44563212676099817
Interactive,IFE,2,429,-0.5841461778045376
Interactive,IFE,2,430,-0.37499126276094663
Interactive,IFE,2,431,-0.6421390759909098
Interactive,IFE,2,432,-0.3001865068040338
Interactive,IFE,2,433,-0.5799857332520555
Interactive,IFE,2,434,-0.6329260604511433
Interactive,IFE,2,435,0.29369857467392335
Interactive,IFE,2,436,-0.7562794466074498
Interactive,IFE,2,437,-0.5226635642189046
Interactive,IFE,2,438,-0.5437127881122426
Interactive,IFE,2,439,-0.3337874758173136
Interactive,IFE,2,440,-0.202055043373631
Interactive,IFE,2,441,-0.21702796215441078
Interactive,IFE,2,442,-0.6077590870304785
Interactive,IFE,2,443,-0.22787547911078387
Interactive,IFE,2,444,0.6517943617201962
Interactive,IFE,2,445,-0.4434662382445774
Interactive,IFE,2,446,-0.6148700394351838
Interactive,IFE,2,447,-0.7084897770760612
Interactive,IFE,2,448,0.5348252590227169
Interactive,IFE,2,449,-0.6594063653684679
Interactive,IFE,2,450,-0.2493402396351867
Interactive,IFE,2,451,-0.5482707898434385
Interactive,IFE,2,452,-0.5563544692618652
Interactive,IFE,2,453,-0.4850476134678008
Interactive,IFE,2,454,-0.3790866462315079
Interactive,IFE,2,455,-0.5033193921746246
Interactive,IFE,2,456,-0.5109052324233017
Interactive,IFE,2,457,-0.22430216251059487
Interactive,IFE,2,458,-0.48346668598423115
Interactive,IFE,2,459,-0.6056295110444712
Interactive,IFE,2,460,-0.5176153846183731
Interactive,IFE,2,461,-0.5417545581690202
Interactive,IFE,2,462,-0.8169505910598028
Interactive,IFE,2,463,0.11403980056389984
Interactive,IFE,2,464,-0.4023327997702082
Interactive,IFE,2,465,-0.5585172623687846
Interactive,IFE,2,466,0.22455688644933347
Interactive,IFE,2,467,-0.6644340883673338
Interactive,IFE,2,468,-0.23276579658719398
Interactive,IFE,2,469,-0.47451203330479186
Interactive,IFE,2,470,-0.39008719374130707
Interactive,IFE,2,471,-0.4129228352274015
Interactive,IFE,2,472,-0.6247554211840894
Interactive,IFE,2,473,-0.46863915147035695
Interactive,IFE,2,474,-0.12534290066943043
Interactive,IFE,2,475,-0.6558694803920448
Interactive,IFE,2,476,-0.5138872198077458
Interactive,IFE,2,477,-0.21859459789667868
Interactive,IFE,2,478,-0.6493463677196152
Interactive,IFE,2,479,-0.10654170096170335
Interactive,IFE,2,480,-0.40199997788790776
Interactive,IFE,2,481,-0.2467658334200551
Interactive,IFE,2,482,-0.6244991505182487
Interactive,IFE,2,483,-0.7519316928922657
Interactive,IFE,2,484,-0.7145040431255949
Interactive,IFE,2,485,-0.5068743011039604
Interactive,IFE,2,486,-0.5976855535423451
Interactive,IFE,2,487,-0.5229795337732897
Interactive,IFE,2,488,-0.610899156613746
Interactive,IFE,2,489,-0.3756728405952884
Interactive,IFE,2,490,-0.25188118849252095
Interactive,IFE,2,491,0.8662587023507726
Interactive,IFE,2,492,-0.32535175093990565
Interactive,IFE,2,493,-0.23601393461067344
Interactive,IFE,2,494,0.2120289862080338
Interactive,IFE,2,495,-0.39372358927405693
Interactive,IFE,2,496,-0.5645417384283399
Interactive,IFE,2,497,-0.3381856197624832
Interactive,IFE,2,498,-0.2693029506266702
Interactive,IFE,2,499,-0.605230156534176
Interactive,IFE,2,500,-0.674957573475284
Interactive,IFE,2,501,-0.6403651909946477
Interactive,IFE,2,502,-0.19089078111863034
Interactive,IFE,2,503,-0.20332429061691282
Interactive,IFE,2,504,-0.5899183414235081
Interactive,IFE,2,505,-0.3472640732193719
Interactive,IFE,2,506,-0.4754858974075772
Interactive,IFE,2,507,-0.31463025073156026
Interactive,IFE,2,508,-0.582996946030686
Interactive,IFE,2,509,-0.6577037343330364
Interactive,IFE,2,510,-0.17710926601844434
Interactive,IFE,2,511,-0.4893808600708892
Interactive,IFE,2,512,-0.5664885057527753
Interactive,IFE,2,513,-0.6395356046716956
Interactive,IFE,2,514,-0.17619310845218994
Interactive,IFE,2,515,-0.5953558831345187
Interactive,IFE,2,516,-0.3047474192783818
Interactive,IFE,2,517,-0.7854189974222385
Interactive,IFE,2,518,-0.4260566537359153
Interactive,IFE,2,519,-0.6454788877154605
Interactive,IFE,2,520,0.20273350274697277
Interactive,IFE,2,521,-0.3095565621883414
Interactive,IFE,2,522,0.3529577285024883
Interactive,IFE,2,523,-0.08842286708371361
Interactive,IFE,2,524,-0.3910141148431242
Interactive,IFE,2,525,-0.15740913320132155
Interactive,IFE,2,526,-0.24995435732824134
Interactive,IFE,2,527,-0.3981947617865985
Interactive,IFE,2,528,-0.5315388535447834
Interactive,IFE,2,529,-0.8164184546953417
Interactive,IFE,2,530,-0.24244697912061297
Interactive,IFE,2,531,-0.5956373376992374
Interactive,IFE,2,532,-0.5554990986262647
Interactive,IFE,2,533,-0.3836475589706595
Interactive,IFE,2,534,-0.16074956179382127
Interactive,IFE,2,535,-0.43285552499691804
Interactive,IFE,2,536,-0.4336725661342383
Interactive,IFE,2,537,-0.46485126174403313
Interactive,IFE,2,538,0.032142893979828946
Interactive,IFE,2,539,-0.2969645872577955
Interactive,IFE,2,540,-0.5249387327341721
Interactive,IFE,2,541,-0.052796067156721804
Interactive,IFE,2,542,-0.7120033368759728
Interactive,IFE,2,543,-0.4391623653579604
Interactive,IFE,2,544,-0.7913866166435175
Interactive,IFE,2,545,-0.3740382368691334
Interactive,IFE,2,546,-0.4340351937831791
Interactive,IFE,2,547,-0.5012710348327214
Interactive,IFE,2,548,-0.5122061344473263
Interactive,IFE,2,549,-0.5504574629500049
Interactive,IFE,2,550,-0.4583991935760662
Interactive,IFE,2,551,-0.5059258053107728
Interactive,IFE,2,552,-0.4345846383358817
Interactive,IFE,2,553,-0.6490176019812774
Interactive,IFE,2,554,-0.2682750921744501
Interactive,IFE,2,555,-0.47503269577558593
Interactive,IFE,2,556,-0.19845212827068048
Interactive,IFE,2,557,-0.20918345283907558
Interactive,IFE,2,558,-0.5348559318279229
Interactive,IFE,2,559,-0.464647184244534
Interactive,IFE,2,560,-0.44557232645942635
Interactive,IFE,2,561,-0.7666965213194419
Interactive,IFE,2,562,-0.6067479364753812
Interactive,IFE,2,563,-0.416292971745329
Interactive,IFE,2,564,-0.26413797794459937
Interactive,IFE,2,565,-0.5280900888002389
Interactive,IFE,2,566,-0.10276901813974393
Interactive,IFE,2,567,-0.6558497158453271
Interactive,IFE,2,568,-0.6219470851467217
Interactive,IFE,2,569,-0.438754492365643
Interactive,IFE,2,570,-0.4632910505975386
Interactive,IFE,2,571,-0.659385652004244
Interactive,IFE,2,572,1.5460333678170737
Interactive,IFE,2,573,-0.39964850127053164
Interactive,IFE,2,574,-0.36303853380663553
Interactive,IFE,2,575,-0.3336809308848091
Interactive,IFE,2,576,-0.10074098706418755
Interactive,IFE,2,577,-0.31837162279261
Interactive,IFE,2,578,0.13716159628514535
Interactive,IFE,2,579,0.2601370381251549
Interactive,IFE,2,580,-0.31317399015696323
Interactive,IFE,2,581,-0.45117652883506576
Interactive,IFE,2,582,-0.5188890992951355
Interactive,IFE,2,583,0.01901914064888044
Interactive,IFE,2,584,-0.4856528751952589
Interactive,IFE,2,585,-0.26844293641049954
Interactive,IFE,2,586,-0.37905482437778526
Interactive,IFE,2,587,-0.3612304886310712
Interactive,IFE,2,588,-0.2503418854423435
Interactive,IFE,2,589,-0.5652466281663426
Interactive,IFE,2,590,-0.37015070191171795
Interactive,IFE,2,591,-0.1601155811621865
Interactive,IFE,2,592,-0.49404418758075197
Interactive,IFE,2,593,-0.4172053076793306
Interactive,IFE,2,594,-0.4041835833087255
Interactive,IFE,2,595,-0.7166309901253919
Interactive,IFE,2,596,0.04658041205487207
Interactive,IFE,2,597,-0.32118883285617295
Interactive,IFE,2,598,-0.40090197047579634
Interactive,IFE,2,599,-0.5760658132147607
Interactive,IFE,2,600,-0.5614374937840514
Interactive,IFE,2,601,-0.1585600695884125
Interactive,IFE,2,602,-0.6686114044924517
Interactive,IFE,2,603,-0.5659853737582237
Interactive,IFE,2,604,-0.4978069798963438
Interactive,IFE,2,605,-0.7099316190295959
Interactive,IFE,2,606,0.001480914091066543
Interactive,IFE,2,607,-0.5692124146345738
Interactive,IFE,2,608,-0.6139210116920297
Interactive,IFE,2,609,-0.5217043623620726
Interactive,IFE,2,610,-0.3732083038737233
Interactive,IFE,2,611,-0.6938763738249343
Interactive,IFE,2,612,-0.14847495848592795
Interactive,IFE,2,613,-0.14801525381613434
Interactive,IFE,2,614,-0.655727251113674
Interactive,IFE,2,615,0.31030992961445425
Interactive,IFE,2,616,0.7208959937123163
Interactive,IFE,2,617,-0.12234276027934088
Interactive,IFE,2,618,-0.025308759018897842
Interactive,IFE,2,619,-0.4448092729213323
Interactive,IFE,2,620,-0.16935564222595123
Interactive,IFE,2,621,-0.5187844286386074
Interactive,IFE,2,622,-0.44797995966193793
Interactive,IFE,2,623,-0.4195525597729347
Interactive,IFE,2,624,-0.034905649652199666
Interactive,IFE,2,625,-0.5194576478068487
Interactive,IFE,2,626,-0.08771280864181674
Interactive,IFE,2,627,-0.3718606297228392
Interactive,IFE,2,628,0.37791735687815087
Interactive,IFE,2,629,-0.4574278525478076
Interactive,IFE,2,630,-0.48044888147410714
Interactive,IFE,2,631,-0.46353026244268924
Interactive,IFE,2,632,-0.7314223051559978
Interactive,IFE,2,633,-0.19940675181953949
Interactive,IFE,2,634,-0.6165729389147856
Interactive,IFE,2,635,-0.5641413315966182
Interactive,IFE,2,636,-0.3984002115895666
Interactive,IFE,2,637,-0.2989228721982006
Interactive,IFE,2,638,-0.06401405667381033
Interactive,IFE,2,639,-0.5181376544925641
Interactive,IFE,2,640,-0.2750066003137238
Interactive,IFE,2,641,-0.6509846638095149
Interactive,IFE,2,642,-0.36994792326608095
Interactive,IFE,2,643,0.5837231627059565
Interactive,IFE,2,644,-0.27999659320022074
Interactive,IFE,2,645,-0.3494117938629341
Interactive,IFE,2,646,-0.3577175597644462
Interactive,IFE,2,647,0.13390223501043041
Interactive,IFE,2,648,-0.6436812645587374
Interactive,IFE,2,649,0.06856209579203032
Interactive,IFE,2,650,-0.692915298451421
Interactive,IFE,2,651,-0.5890217940855682
Interactive,IFE,2,652,-0.387398920995915
Interactive,IFE,2,653,-0.5294848199387048
Interactive,IFE,2,654,-0.2676714154501927
Interactive,IFE,2,655,-0.519156246213105
Interactive,IFE,2,656,-0.5363294748184992
Interactive,IFE,2,657,-0.35917739106347046
Interactive,IFE,2,658,-0.6559733811701718
Interactive,IFE,2,659,-0.22423630306046738
Interactive,IFE,2,660,-0.6839184378388932
Interactive,IFE,2,661,-0.5204884925129787
Interactive,IFE,2,662,-0.3638325017094489
Interactive,IFE,2,663,0.045552744858547545
Interactive,IFE,2,664,-0.6288350760156791
Interactive,IFE,2,665,-0.47607371658254105
Interactive,IFE,2,666,-0.22056048850258858
Interactive,IFE,2,667,-0.3099119906757736
Interactive,IFE,2,668,-0.1211447443985848
Interactive,IFE,2,669,-0.3661172596024944
Interactive,IFE,2,670,-0.5638440651645019
Interactive,IFE,2,671,-0.17632718597729014
Interactive,IFE,2,672,-0.5457895115939663
Interactive,IFE,2,673,-0.30225111383305603
Interactive,IFE,2,674,-0.6397860018677788
Interactive,IFE,2,675,-0.40868854095261653
Interactive,IFE,2,676,-0.5031398058906551
Interactive,IFE,2,677,-0.6456659582191271
Interactive,IFE,2,678,-0.6444607233120888
Interactive,IFE,2,679,-0.49603491391990306
Interactive,IFE,2,680,-0.35142749807154516
Interactive,IFE,2,681,0.11119010062845058
Interactive,IFE,2,682,-0.5907587592504213
Interactive,IFE,2,683,-0.4539570788098112
Interactive,IFE,2,684,-0.13355232454015642
Interactive,IFE,2,685,0.15216075662923534
Interactive,IFE,2,686,-0.5740226530966418
Interactive,IFE,2,687,-0.6785156825336898
Interactive,IFE,2,688,0.02629065923809737
Interactive,IFE,2,689,-0.05318891930582004
Interactive,IFE,2,690,-0.34668543603776436
Interactive,IFE,2,691,-0.269829978195957
Interactive,IFE,2,692,-0.839601629827483
Interactive,IFE,2,693,0.1134759066248463
Interactive,IFE,2,694,-0.48408690234618235
Interactive,IFE,2,695,-0.5038198561368006
Interactive,IFE,2,696,-0.5418383102015465
Interactive,IFE,2,697,-0.626445556103818
Interactive,IFE,2,698,0.07563610080861083
Interactive,IFE,2,699,-0.6223558342980682
Interactive,IFE,2,700,-0.14916435924164972
Interactive,IFE,2,701,-0.412641573089259
Interactive,IFE,2,702,-0.332396092530842
Interactive,IFE,2,703,-0.4864992361893906
Interactive,IFE,2,704,-0.25967514729456764
Interactive,IFE,2,705,-0.469215196983904
Interactive,IFE,2,706,-0.3921049327677395
Interactive,IFE,2,707,-0.687355467490758
Interactive,IFE,2,708,-0.6583135797999777
Interactive,IFE,2,709,0.02467699905093146
Interactive,IFE,2,710,-0.7299865017221413
Interactive,IFE,2,711,0.11108976327879527
Interactive,IFE,2,712,0.7507505077100962
Interactive,IFE,2,713,-0.3697938402729928
Interactive,IFE,2,714,-0.38705568734275353
Interactive,IFE,2,715,-0.6583250312907689
Interactive,IFE,2,716,-0.7381601315012856
Interactive,IFE,2,717,-0.39522700976636604
Interactive,IFE,2,718,-0.14003243017803735
Interactive,IFE,2,719,-0.6684090881247999
Interactive,IFE,2,720,-0.44420162224907744
Interactive,IFE,2,721,-0.20597319409702186
Interactive,IFE,2,722,-0.38272732079019944
Interactive,IFE,2,723,-0.4571827356145851
Interactive,IFE,2,724,0.01954968507434618
Interactive,IFE,2,725,-0.49877853151957874
Interactive,IFE,2,726,0.5740595219061577
Interactive,IFE,2,727,-0.5586271664291405
Interactive,IFE,2,728,-0.5275542159881149
Interactive,IFE,2,729,-0.45527383380115416
Interactive,IFE,2,730,0.14085749729231645
Interactive,IFE,2,731,-0.4503988383671692
Interactive,IFE,2,732,-0.704975873913768
Interactive,IFE,2,733,-0.3352832769796672
Interactive,IFE,2,734,-0.6405985299699717
Interactive,IFE,2,735,-0.449879620004244
Interactive,IFE,2,736,-0.12748640499121566
Interactive,IFE,2,737,-0.4719115835175287
Interactive,IFE,2,738,-0.40961783317981004
Interactive,IFE,2,739,0.06803448422094682
Interactive,IFE,2,740,-0.1699100632850079
Interactive,IFE,2,741,-0.4869882165660764
Interactive,IFE,2,742,-0.6917786192941875
Interactive,IFE,2,743,-0.5029130106200643
Interactive,IFE,2,744,-0.5825853071618166
Interactive,IFE,2,745,-0.15133574661229166
Interactive,IFE,2,746,-0.12643292368817471
Interactive,IFE,2,747,-0.3201434472666458
Interactive,IFE,2,748,-0.23491347367531834
Interactive,IFE,2,749,-0.4192351979717581
Interactive,IFE,2,750,-0.6389366786063075
Interactive,IFE,2,751,-0.576398193855276
Interactive,IFE,2,752,-0.01616670680614951
Interactive,IFE,2,753,-0.7816313397667018
Interactive,IFE,2,754,-0.29833179947526256
Interactive,IFE,2,755,-0.5250600118897477
Interactive,IFE,2,756,-0.12229883981088374
Interactive,IFE,2,757,-0.1896200484182371
Interactive,IFE,2,758,-0.04523768066061318
Interactive,IFE,2,759,0.1940232044465693
Interactive,IFE,2,760,-0.36155402116661683
Interactive,IFE,2,761,-0.3525095638132979
Interactive,IFE,2,762,0.018255052318738807
Interactive,IFE,2,763,0.4698982729179588
Interactive,IFE,2,764,-0.4725239837995244
Interactive,IFE,2,765,-0.1127974640169791
Interactive,IFE,2,766,-0.5691679691251954
Interactive,IFE,2,767,-0.6872069638258997
Interactive,IFE,2,768,-0.4673359960115666
Interactive,IFE,2,769,-0.5068448384152068
Interactive,IFE,2,770,-0.10986004552450812
Interactive,IFE,2,771,-0.3875344393578827
Interactive,IFE,2,772,-0.5847022537071551
Interactive,IFE,2,773,0.0033531584692523264
Interactive,IFE,2,774,-0.04518433360677532
Interactive,IFE,2,775,-0.5115659121212545
Interactive,IFE,2,776,-0.22601392097451978
Interactive,IFE,2,777,-0.30156123308547356
Interactive,IFE,2,778,-0.29912729231225355
Interactive,IFE,2,779,-0.7018137229075083
Interactive,IFE,2,780,-0.7009655775516188
Interactive,IFE,2,781,-0.5129503088965108
Interactive,IFE,2,782,-0.6088607555280776
Interactive,IFE,2,783,-0.3160800258920504
Interactive,IFE,2,784,-0.3575808713875791
Interactive,IFE,2,785,-0.39005888651032816
Interactive,IFE,2,786,-0.7217631287892993
Interactive,IFE,2,787,-0.31034607157117033
Interactive,IFE,2,788,-0.46521861059878966
Interactive,IFE,2,789,-0.48935570164073583
Interactive,IFE,2,790,-0.6171749369824143
Interactive,IFE,2,791,0.4332758333986073
Interactive,IFE,2,792,-0.47846832737738654
Interactive,IFE,2,793,-0.18688101051720485
Interactive,IFE,2,794,-0.5777343110089541
Interactive,IFE,2,795,-0.6421996658596657
Interactive,IFE,2,796,-0.3062480802047649
Interactive,IFE,2,797,-0.5427202457586785
Interactive,IFE,2,798,-0.025275760260995428
Interactive,IFE,2,799,-0.7820265590216614
Interactive,IFE,2,800,-0.6390900138214137
Interactive,IFE,2,801,-0.43861333150957416
Interactive,IFE,2,802,-0.4666046461253893
Interactive,IFE,2,803,-0.47310859822687024
Interactive,IFE,2,804,-0.7356499158783241
Interactive,IFE,2,805,-0.42156284320166715
Interactive,IFE,2,806,-0.6523356761698424
Interactive,IFE,2,807,-0.45047906080548494
Interactive,IFE,2,808,-0.4518392373781882
Interactive,IFE,2,809,-0.4602065235123536
Interactive,IFE,2,810,-0.5714570112473893
Interactive,IFE,2,811,-0.6160612704939483
Interactive,IFE,2,812,-0.6422555767623057
Interactive,IFE,2,813,-0.7513026328410648
Interactive,IFE,2,814,-0.3165447918326001
Interactive,IFE,2,815,-0.22063441683203455
Interactive,IFE,2,816,-0.36902654499783627
Interactive,IFE,2,817,-0.23670379820072152
Interactive,IFE,2,818,-0.48943941964374515
Interactive,IFE,2,819,-0.401859465981939
Interactive,IFE,2,820,-0.36413472706416306
Interactive,IFE,2,821,-0.3716367695403927
Interactive,IFE,2,822,0.42815197104909153
Interactive,IFE,2,823,-0.4646824518887569
Interactive,IFE,2,824,-0.598512954832837
Interactive,IFE,2,825,-0.5455956131881765
Interactive,IFE,2,826,-0.5086963048918931
Interactive,IFE,2,827,0.36098761794463163
Interactive,IFE,2,828,-0.5721086155544617
Interactive,IFE,2,829,-0.08436754766303167
Interactive,IFE,2,830,-0.31769384441007076
Interactive,IFE,2,831,-0.14680849083619318
Interactive,IFE,2,832,-0.6968848901394225
Interactive,IFE,2,833,-0.2291443915228205
Interactive,IFE,2,834,-0.49291777954992755
Interactive,IFE,2,835,-0.06076898480232207
Interactive,IFE,2,836,-0.6890720832431961
Interactive,IFE,2,837,-0.12720946735117578
Interactive,IFE,2,838,-0.3399754728260992
Interactive,IFE,2,839,-0.24804232679557792
Interactive,IFE,2,840,-0.711795184660083
Interactive,IFE,2,841,-0.7141270378723457
Interactive,IFE,2,842,-0.6053793954232087
Interactive,IFE,2,843,-0.34585552795954677
Interactive,IFE,2,844,-0.29567452114808945
Interactive,IFE,2,845,-0.5914325375875921
Interactive,IFE,2,846,-0.06496447840080355
Interactive,IFE,2,847,-0.45550631133214203
Interactive,IFE,2,848,-0.34690308416550475
Interactive,IFE,2,849,-0.34348065339058
Interactive,IFE,2,850,-0.5935475846936249
Interactive,IFE,2,851,-0.4638900423233938
Interactive,IFE,2,852,-0.03944247165838155
Interactive,IFE,2,853,-0.7250647292905426
Interactive,IFE,2,854,0.41047745022903115
Interactive,IFE,2,855,-0.42027044697693416
Interactive,IFE,2,856,-0.5552375232034923
Interactive,IFE,2,857,-0.4289774538399307
Interactive,IFE,2,858,-0.5888552365325184
Interactive,IFE,2,859,-0.34623644391272457
Interactive,IFE,2,860,-0.07008572116616507
Interactive,IFE,2,861,0.2755222187062143
Interactive,IFE,2,862,-0.6355426287317985
Interactive,IFE,2,863,-0.5155165500080072
Interactive,IFE,2,864,-0.19346113524192166
Interactive,IFE,2,865,-0.1748392189298833
Interactive,IFE,2,866,-0.485131345114024
Interactive,IFE,2,867,-0.6768997421792973
Interactive,IFE,2,868,-0.5906152249770216
Interactive,IFE,2,869,-0.5585198132460965
Interactive,IFE,2,870,-0.5190701875284025
Interactive,IFE,2,871,-0.7126965633564818
Interactive,IFE,2,872,-0.2991029201668899
Interactive,IFE,2,873,-0.5406588392141347
Interactive,IFE,2,874,-0.13193263556993784
Interactive,IFE,2,875,-0.4091707591433176
Interactive,IFE,2,876,-0.38304839297695437
Interactive,IFE,2,877,-0.4700474533677813
Interactive,IFE,2,878,-0.4582750521193407
Interactive,IFE,2,879,0.01631257521653695
Interactive,IFE,2,880,-0.3119507494631918
Interactive,IFE,2,881,-0.5177004760400602
Interactive,IFE,2,882,-0.768267599419854
Interactive,IFE,2,883,-0.17802696491272818
Interactive,IFE,2,884,-0.5043468904509705
Interactive,IFE,2,885,0.04104864847800549
Interactive,IFE,2,886,-0.6330828721505295
Interactive,IFE,2,887,-0.6292740201165768
Interactive,IFE,2,888,-0.5717214790433728
Interactive,IFE,2,889,-0.48978315041474296
Interactive,IFE,2,890,-0.4043104774483198
Interactive,IFE,2,891,-0.4616071943035218
Interactive,IFE,2,892,-0.4014465404881892
Interactive,IFE,2,893,-0.5239552507778003
Interactive,IFE,2,894,-0.4905436570802436
Interactive,IFE,2,895,-0.3548358669723888
Interactive,IFE,2,896,-0.5991323290306213
Interactive,IFE,2,897,0.10805184197430662
Interactive,IFE,2,898,-0.3434142663195505
Interactive,IFE,2,899,0.14049053589707983
Interactive,IFE,2,900,-0.5237000832042789
Interactive,IFE,2,901,-0.3015049692696934
Interactive,IFE,2,902,1.6654303731208313
Interactive,IFE,2,903,-0.7015499100703131
Interactive,IFE,2,904,-0.21225007864684697
Interactive,IFE,2,905,-0.5363631919321618
Interactive,IFE,2,906,-0.6594185494105221
Interactive,IFE,2,907,-0.04226201185124823
Interactive,IFE,2,908,-0.1770092557889914
Interactive,IFE,2,909,-0.3698827630075684
Interactive,IFE,2,910,-0.1571864203149005
Interactive,IFE,2,911,-0.4199372072630745
Interactive,IFE,2,912,0.4384656296053462
Interactive,IFE,2,913,-0.5146226580099664
Interactive,IFE,2,914,-0.4970064166319952
Interactive,IFE,2,915,-0.5061010051363874
Interactive,IFE,2,916,-0.2672406587839362
Interactive,IFE,2,917,-0.4265412626581191
Interactive,IFE,2,918,0.36128013954085825
Interactive,IFE,2,919,-0.3021539736009149
Interactive,IFE,2,920,-0.6281843681655896
Interactive,IFE,2,921,-0.5011841320456505
Interactive,IFE,2,922,-0.6295469764164603
Interactive,IFE,2,923,-0.15797031092634284
Interactive,IFE,2,924,-0.3078042478599903
Interactive,IFE,2,925,-0.756046342493387
Interactive,IFE,2,926,-0.42116845350915755
Interactive,IFE,2,927,-0.3479488676728695
Interactive,IFE,2,928,-0.3815780281175266
Interactive,IFE,2,929,-0.1304668244271855
Interactive,IFE,2,930,-0.7248509369878632
Interactive,IFE,2,931,-0.11298890582902854
Interactive,IFE,2,932,0.17547719828508224
Interactive,IFE,2,933,-0.5705794070333761
Interactive,IFE,2,934,-0.46928277509613303
Interactive,IFE,2,935,-0.17761242786867915
Interactive,IFE,2,936,-0.6068112221034673
Interactive,IFE,2,937,-0.43278765001718034
Interactive,IFE,2,938,-0.21493194080733846
Interactive,IFE,2,939,-0.721335793711875
Interactive,IFE,2,940,-0.057819395700106524
Interactive,IFE,2,941,0.10824983537001476
Interactive,IFE,2,942,0.19612557129050834
Interactive,IFE,2,943,-0.4510286470164169
Interactive,IFE,2,944,0.09884957662260119
Interactive,IFE,2,945,-0.402790587942385
Interactive,IFE,2,946,-0.37526765140446816
Interactive,IFE,2,947,-0.5481473976682963
Interactive,IFE,2,948,-0.8314246957637137
Interactive,IFE,2,949,0.4931207693146977
Interactive,IFE,2,950,-0.740645974600142
Interactive,IFE,2,951,-0.6369130348189047
Interactive,IFE,2,952,0.24497113319999797
Interactive,IFE,2,953,-0.40574789964388236
Interactive,IFE,2,954,-0.24539117355868145
Interactive,IFE,2,955,-0.01972916544673331
Interactive,IFE,2,956,-0.5399830064772126
Interactive,IFE,2,957,-0.7277968138520239
Interactive,IFE,2,958,-0.38089134960238547
Interactive,IFE,2,959,-0.4798713713921128
Interactive,IFE,2,960,-0.23359896981864137
Interactive,IFE,2,961,-0.45901666849088363
Interactive,IFE,2,962,0.11482252762477407
Interactive,IFE,2,963,-0.38885502551246653
Interactive,IFE,2,964,0.3584003071310271
Interactive,IFE,2,965,-0.2133446654751745
Interactive,IFE,2,966,-0.3634340990817111
Interactive,IFE,2,967,-0.07119792956523396
Interactive,IFE,2,968,-0.22420132528259284
Interactive,IFE,2,969,0.002855524609358673
Interactive,IFE,2,970,0.027991036204428887
Interactive,IFE,2,971,-0.44015585624775244
Interactive,IFE,2,972,-0.15202588180918286
Interactive,IFE,2,973,-0.3052818182079793
Interactive,IFE,2,974,-0.3570535606175713
Interactive,IFE,2,975,-0.566030620853898
Interactive,IFE,2,976,-0.10978864334458971
Interactive,IFE,2,977,-0.5552068939002084
Interactive,IFE,2,978,-0.43573199986166644
Interactive,IFE,2,979,-0.6618585735316118
Interactive,IFE,2,980,-0.34816081828356393
Interactive,IFE,2,981,-0.15985373245550039
Interactive,IFE,2,982,0.3581876883357422
Interactive,IFE,2,983,-0.503928102299382
Interactive,IFE,2,984,-0.4200304741112145
Interactive,IFE,2,985,-0.6864901236361063
Interactive,IFE,2,986,0.04881559484312814
Interactive,IFE,2,987,-0.7393905602188253
Interactive,IFE,2,988,-0.4608849499241502
Interactive,IFE,2,989,-0.6005955714622968
Interactive,IFE,2,990,-0.07536318699107858
Interactive,IFE,2,991,-0.6915165985767641
Interactive,IFE,2,992,-0.603124438946496
Interactive,IFE,2,993,-0.6505313779117212
Interactive,IFE,2,994,0.15669422942897882
Interactive,IFE,2,995,-0.31934910543065276
Interactive,IFE,2,996,-0.2632199837427185
Interactive,IFE,2,997,-0.49084917665489636
Interactive,IFE,2,998,-0.503952715111285
Interactive,IFE,2,999,-0.1551314111029667
Interactive,IFE,2,1000,-0.4069093121984958
