spec,estimator,method,L,draw,All_2100,IE_2100
Interactive,AFE,Country resampling,0,1,-0.07078586486554295,0.17260653212314025
Interactive,AFE,Country resampling,0,2,-0.4778629724286053,-0.1127915180533623
Interactive,AFE,Country resampling,0,3,-0.3293210623713769,0.0585070835964715
Interactive,AFE,Country resampling,0,4,-0.4605724872101711,0.11216291242721188
Interactive,AFE,Country resampling,0,5,-0.05645614408465316,-1.063428614541001
Interactive,AFE,Country resampling,0,6,0.08017952739980849,0.11450184245393202
Interactive,AFE,Country resampling,0,7,0.21667798368025992,-0.020609708198483956
Interactive,AFE,Country resampling,0,8,-0.4052441840949246,0.01720840788481015
Interactive,AFE,Country resampling,0,9,0.13486414696044258,0.24451825474120148
Interactive,AFE,Country resampling,0,10,-0.19254563623536325,0.254098766562299
Interactive,AFE,Country resampling,0,11,-0.04281098910474601,0.20123230485088284
Interactive,AFE,Country resampling,0,12,-0.45875048894638626,0.10796727314430765
Interactive,AFE,Country resampling,0,13,-0.4291677137651253,-0.1492649898256051
Interactive,AFE,Country resampling,0,14,-0.3757864821670187,0.06462377466960445
Interactive,AFE,Country resampling,0,15,-0.41391726573371546,-0.08003710028854649
Interactive,AFE,Country resampling,0,16,-0.28699383187558736,-0.3058836816077868
Interactive,AFE,Country resampling,0,17,-0.3612760156670304,-0.6249113712736397
Interactive,AFE,Country resampling,0,18,-0.11006806495020438,-0.9404692676287008
Interactive,AFE,Country resampling,0,19,-0.10451643187061233,0.05093639759633428
Interactive,AFE,Country resampling,0,20,-0.3696689382417464,0.15779872935507977
Interactive,AFE,Country resampling,0,21,-0.26370810001455747,-1.347380891711416
Interactive,AFE,Country resampling,0,22,-0.1836826829244721,-1.5532720209235062
Interactive,AFE,Country resampling,0,23,0.761467151434247,0.22972632556998218
Interactive,AFE,Country resampling,0,24,-0.6092753898838787,-0.025438555781628125
Interactive,AFE,Country resampling,0,25,0.46385037730802314,-1.870338207771231
Interactive,AFE,Country resampling,0,26,0.0314491948077833,0.0401598814400308
Interactive,AFE,Country resampling,0,27,0.07190829750598882,0.2716071798605325
Interactive,AFE,Country resampling,0,28,-0.6041774712432719,-0.20729033998861401
Interactive,AFE,Country resampling,0,29,-0.04603439021568634,0.14756363613370482
Interactive,AFE,Country resampling,0,30,-0.38626428849409833,0.04379420334731976
Interactive,AFE,Country resampling,0,31,0.19301902468275478,0.19133074471200517
Interactive,AFE,Country resampling,0,32,-0.4647734049478728,0.05064145087624217
Interactive,AFE,Country resampling,0,33,0.140851472512056,0.15157627978142185
Interactive,AFE,Country resampling,0,34,-0.23238957124171522,-0.37503832009653393
Interactive,AFE,Country resampling,0,35,0.0230783131398391,-7.524560271829955
Interactive,AFE,Country resampling,0,36,0.43372199266603917,-0.9424559941882553
Interactive,AFE,Country resampling,0,37,-0.6590130778647485,-0.09379305559432183
Interactive,AFE,Country resampling,0,38,1.1542515706921543,0.40705206673721217
Interactive,AFE,Country resampling,0,39,-0.42814001091967835,0.03759080281774674
Interactive,AFE,Country resampling,0,40,-0.4166125174603814,0.019113256394224565
Interactive,AFE,Country resampling,0,41,-0.18979727325649653,-1.4567506799280832
Interactive,AFE,Country resampling,0,42,-0.26074627548786666,-1.1194267235846225
Interactive,AFE,Country resampling,0,43,-0.4439479658782053,-0.5716245026151796
Interactive,AFE,Country resampling,0,44,-0.15376310738314947,0.11685192840148562
Interactive,AFE,Country resampling,0,45,-0.3534492651215324,0.07266237493298244
Interactive,AFE,Country resampling,0,46,-0.19661298527371474,0.04777178971802565
Interactive,AFE,Country resampling,0,47,-0.2800279564905981,-0.10886448759739498
Interactive,AFE,Country resampling,0,48,-0.32471869144108767,0.18626973270614255
Interactive,AFE,Country resampling,0,49,-0.16020190195897577,0.26264784186170365
Interactive,AFE,Country resampling,0,50,-0.04547460006027837,-0.579099866366581
Interactive,AFE,Country resampling,0,51,-0.45864177866575095,0.04981771771688803
Interactive,AFE,Country resampling,0,52,-0.33264690443273914,0.09681491482785132
Interactive,AFE,Country resampling,0,53,-0.3442775447536591,0.2188872317027707
Interactive,AFE,Country resampling,0,54,-0.3763717839286954,-1.0852331193552378
Interactive,AFE,Country resampling,0,55,-0.4484024497901361,-0.25302746042139024
Interactive,AFE,Country resampling,0,56,0.01637974494129457,0.08596761647319284
Interactive,AFE,Country resampling,0,57,-0.5705278556417419,-0.22113959819757956
Interactive,AFE,Country resampling,0,58,-0.19857817586842752,-0.14815176242225492
Interactive,AFE,Country resampling,0,59,-0.11157028381401501,-0.6046382470142174
Interactive,AFE,Country resampling,0,60,0.23342250661281994,0.07460622714544152
Interactive,AFE,Country resampling,0,61,-0.11227495275543486,0.03217987651510179
Interactive,AFE,Country resampling,0,62,0.6656134570054124,0.24609177807057026
Interactive,AFE,Country resampling,0,63,-0.596363686614212,-0.21468056486380727
Interactive,AFE,Country resampling,0,64,0.0354416913104425,0.02931566169866362
Interactive,AFE,Country resampling,0,65,-0.17197788240021072,-0.46216522113269054
Interactive,AFE,Country resampling,0,66,-0.4081954348293513,-1.0984982840737951
Interactive,AFE,Country resampling,0,67,-0.5646882040178536,0.17675122092428697
Interactive,AFE,Country resampling,0,68,-0.3968489249955328,0.1377560886777467
Interactive,AFE,Country resampling,0,69,1.006627633371218,0.3201769949083071
Interactive,AFE,Country resampling,0,70,-0.285173114443387,0.16035640394484618
Interactive,AFE,Country resampling,0,71,0.009714440094418464,0.02685828283595082
Interactive,AFE,Country resampling,0,72,-0.2622508762036112,-0.08460997957388716
Interactive,AFE,Country resampling,0,73,0.43484213940528504,0.19071950656444425
Interactive,AFE,Country resampling,0,74,-0.2841738414574566,-0.21806850956356916
Interactive,AFE,Country resampling,0,75,0.5085740739159152,0.1315217822157333
Interactive,AFE,Country resampling,0,76,0.20679857187411632,-1.0429911141570078
Interactive,AFE,Country resampling,0,77,0.20909479393103347,0.014225213075526266
Interactive,AFE,Country resampling,0,78,-0.48460653635851303,0.1014177446235589
Interactive,AFE,Country resampling,0,79,0.2502209984138226,-0.48588142080326313
Interactive,AFE,Country resampling,0,80,-0.12296645507173687,0.18019624297545933
Interactive,AFE,Country resampling,0,81,0.20664031073962175,0.41630910699300006
Interactive,AFE,Country resampling,0,82,-0.45840378877598376,-0.7100498065413905
Interactive,AFE,Country resampling,0,83,0.17670366843789198,0.19569640259395138
Interactive,AFE,Country resampling,0,84,0.20363610901226026,-8.03149494219854
Interactive,AFE,Country resampling,0,85,-0.2863575206322371,-0.4520120201079636
Interactive,AFE,Country resampling,0,86,-0.1866646580727167,-0.05134240136514734
Interactive,AFE,Country resampling,0,87,-0.4089410609438484,0.09048048101765305
Interactive,AFE,Country resampling,0,88,0.24812950333310857,0.32312618653207303
Interactive,AFE,Country resampling,0,89,0.5472035119002774,0.06973035711224718
Interactive,AFE,Country resampling,0,90,-0.4833781200000058,0.009897293950758779
Interactive,AFE,Country resampling,0,91,-0.15984231432352047,0.2831806213126088
Interactive,AFE,Country resampling,0,92,-0.5130953698861929,0.03235086333874926
Interactive,AFE,Country resampling,0,93,-0.4008247129203365,-0.14694388362149402
Interactive,AFE,Country resampling,0,94,0.552348790251963,0.3159401751868527
Interactive,AFE,Country resampling,0,95,-0.3474288646730831,0.031335223954139346
Interactive,AFE,Country resampling,0,96,-0.3125562916017677,0.26443625057975706
Interactive,AFE,Country resampling,0,97,-0.49355239107868587,-0.01860151310694469
Interactive,AFE,Country resampling,0,98,-0.5617320553514307,0.058343463017033415
Interactive,AFE,Country resampling,0,99,1.1474217728314255,0.5230858013615971
Interactive,AFE,Country resampling,0,100,-0.5220757378336363,-3.365696868389473
Interactive,AFE,Country resampling,0,101,0.6854416884902692,0.2772286228582961
Interactive,AFE,Country resampling,0,102,-0.08303724637082643,0.23012484637380104
Interactive,AFE,Country resampling,0,103,-0.13184321963184953,0.1756579942463099
Interactive,AFE,Country resampling,0,104,-0.5232254837379384,-5.341114779983624
Interactive,AFE,Country resampling,0,105,0.03946392092472695,-2.7051779327809715
Interactive,AFE,Country resampling,0,106,-0.2091554097475068,0.2142181015639253
Interactive,AFE,Country resampling,0,107,-0.6626226483387625,0.029718610095537112
Interactive,AFE,Country resampling,0,108,-0.2148963474793275,-0.3795223582592169
Interactive,AFE,Country resampling,0,109,0.6978796220025323,0.12162708821272106
Interactive,AFE,Country resampling,0,110,-0.042249454414384324,0.19657382308543614
Interactive,AFE,Country resampling,0,111,-0.05678038708948541,0.11149081063130817
Interactive,AFE,Country resampling,0,112,0.04133598558773355,-0.5752761293943847
Interactive,AFE,Country resampling,0,113,-0.48316587135611855,0.10675219400461022
Interactive,AFE,Country resampling,0,114,0.5106022305903755,-3.3411858136628476
Interactive,AFE,Country resampling,0,115,-0.5299124793492638,-0.8964642160506568
Interactive,AFE,Country resampling,0,116,-0.1491453369089445,0.03334011708887663
Interactive,AFE,Country resampling,0,117,0.13728007723332603,0.2222442861498909
Interactive,AFE,Country resampling,0,118,0.19773814606365225,0.352801610582283
Interactive,AFE,Country resampling,0,119,-0.189780160777274,0.24286714819508637
Interactive,AFE,Country resampling,0,120,-0.33493301811065335,-0.35592132481481475
Interactive,AFE,Country resampling,0,121,-0.22721829191418852,0.29565351677883056
Interactive,AFE,Country resampling,0,122,0.06085802323754641,0.1709853866357648
Interactive,AFE,Country resampling,0,123,-0.23862746385710087,0.04734169691310752
Interactive,AFE,Country resampling,0,124,-0.3318631274182825,0.14832065652332405
Interactive,AFE,Country resampling,0,125,-0.389264672785296,-0.058151535199397086
Interactive,AFE,Country resampling,0,126,-0.6418067741639222,-0.21802569460011578
Interactive,AFE,Country resampling,0,127,-0.6061737580550222,-0.005406181345844696
Interactive,AFE,Country resampling,0,128,0.09212880164716619,-3.6820212512393056
Interactive,AFE,Country resampling,0,129,-0.6056636256711649,-0.06571324016922042
Interactive,AFE,Country resampling,0,130,-0.3606755004477601,0.04802145132075797
Interactive,AFE,Country resampling,0,131,0.5754066555475223,0.05325831890709076
Interactive,AFE,Country resampling,0,132,-0.36684376420220965,0.12303545482815881
Interactive,AFE,Country resampling,0,133,-0.12078374481066356,-0.5406993191421027
Interactive,AFE,Country resampling,0,134,0.2766043930361204,0.15461842821482552
Interactive,AFE,Country resampling,0,135,-0.5825981761496649,-0.08895079124096572
Interactive,AFE,Country resampling,0,136,0.11534177528359435,0.2441835665131511
Interactive,AFE,Country resampling,0,137,-0.3996279718428879,-0.17445650210955665
Interactive,AFE,Country resampling,0,138,-0.2880214850375845,0.23813531069079408
Interactive,AFE,Country resampling,0,139,-0.010946343369245937,-0.2982690249543404
Interactive,AFE,Country resampling,0,140,0.01257728009797865,0.34483797118364523
Interactive,AFE,Country resampling,0,141,-0.15603862558756176,-0.6678810939082543
Interactive,AFE,Country resampling,0,142,0.882195827671052,-0.8638470776099632
Interactive,AFE,Country resampling,0,143,-0.2464991943596221,0.13526710980882428
Interactive,AFE,Country resampling,0,144,-0.4899774886833146,0.020382399143495267
Interactive,AFE,Country resampling,0,145,-0.07664645635105372,0.27252942887581166
Interactive,AFE,Country resampling,0,146,-0.5197196538453727,6.606463486958924e-4
Interactive,AFE,Country resampling,0,147,-0.5057845531921117,0.05001866499472385
Interactive,AFE,Country resampling,0,148,0.12254532112504846,-3.555105746453083
Interactive,AFE,Country resampling,0,149,1.6308956241448014,0.6500387254931235
Interactive,AFE,Country resampling,0,150,0.1288765258923008,0.30758593855471617
Interactive,AFE,Country resampling,0,151,-0.5445537194140561,0.02206446844997556
Interactive,AFE,Country resampling,0,152,0.03197005836382649,0.20743308754638545
Interactive,AFE,Country resampling,0,153,-0.5269542486601493,0.05723507093729108
Interactive,AFE,Country resampling,0,154,0.18890195249308128,0.6276974549337265
Interactive,AFE,Country resampling,0,155,-0.41684903172585475,-0.0869479237780334
Interactive,AFE,Country resampling,0,156,0.6228354932109113,-0.8553896377621648
Interactive,AFE,Country resampling,0,157,-0.4156767740151681,0.15292943287724836
Interactive,AFE,Country resampling,0,158,-0.38630617372664966,-0.1976166861717643
Interactive,AFE,Country resampling,0,159,0.15256017668944621,0.13512496756769776
Interactive,AFE,Country resampling,0,160,-0.4344725995067764,-0.3967143322386739
Interactive,AFE,Country resampling,0,161,-0.07007536575321327,0.05747925663064479
Interactive,AFE,Country resampling,0,162,-0.3828054621077699,0.1756431115635545
Interactive,AFE,Country resampling,0,163,-0.6826378870339226,-0.005289286609077126
Interactive,AFE,Country resampling,0,164,-0.29900917694260165,0.05898705488839939
Interactive,AFE,Country resampling,0,165,-0.5358854039645362,-0.02670425427025991
Interactive,AFE,Country resampling,0,166,0.07042457273542557,0.15063382601842856
Interactive,AFE,Country resampling,0,167,-0.31177221128740107,0.19646764727376287
Interactive,AFE,Country resampling,0,168,-0.16322612400041725,-0.575051432503238
Interactive,AFE,Country resampling,0,169,0.025820650704047043,-0.3025043658626172
Interactive,AFE,Country resampling,0,170,-0.5272119337893648,0.06500173862526348
Interactive,AFE,Country resampling,0,171,0.1672229561805323,0.2870909288675092
Interactive,AFE,Country resampling,0,172,-0.41547474738865664,0.15440745491761843
Interactive,AFE,Country resampling,0,173,-0.14657341827325487,0.18091949349562542
Interactive,AFE,Country resampling,0,174,-0.05189089767205235,0.22470326953979114
Interactive,AFE,Country resampling,0,175,-0.09585492164818177,-0.011993676689937782
Interactive,AFE,Country resampling,0,176,-0.004427779454726277,-0.02691459811093866
Interactive,AFE,Country resampling,0,177,-0.5153499521902116,0.058256488805510154
Interactive,AFE,Country resampling,0,178,-0.48476726283555227,0.012096382551053275
Interactive,AFE,Country resampling,0,179,1.0959516822626618,0.29023908789416386
Interactive,AFE,Country resampling,0,180,0.16792218596015318,-0.18140130618840788
Interactive,AFE,Country resampling,0,181,0.06271927573403624,-0.5627288495552176
Interactive,AFE,Country resampling,0,182,-0.060087514800300834,0.189805041693213
Interactive,AFE,Country resampling,0,183,-0.44680484618010563,0.05992636751452041
Interactive,AFE,Country resampling,0,184,-0.13943554034151673,-2.091887467218954
Interactive,AFE,Country resampling,0,185,-0.24876035060392243,0.10921605072975671
Interactive,AFE,Country resampling,0,186,-0.5361158567205466,0.0392205930277455
Interactive,AFE,Country resampling,0,187,0.24513025769194607,-0.25089658471607956
Interactive,AFE,Country resampling,0,188,0.5526572749953524,-0.7017732633928728
Interactive,AFE,Country resampling,0,189,0.6989257908422206,0.04898887215824965
Interactive,AFE,Country resampling,0,190,-0.6122484940679362,-0.23010131243085274
Interactive,AFE,Country resampling,0,191,-0.49680782554022473,-1.2002171312173702
Interactive,AFE,Country resampling,0,192,-0.05870395181323296,-0.5310316538008403
Interactive,AFE,Country resampling,0,193,0.19459747214801593,0.30907833278243035
Interactive,AFE,Country resampling,0,194,-0.45281189823648416,-0.09462167499596175
Interactive,AFE,Country resampling,0,195,0.23118499708964269,-10.7990715658112
Interactive,AFE,Country resampling,0,196,-0.2614640367821388,-0.28315794832767294
Interactive,AFE,Country resampling,0,197,-0.3373268397799839,0.08595015339850554
Interactive,AFE,Country resampling,0,198,-0.2034396966623926,0.045764978870878714
Interactive,AFE,Country resampling,0,199,0.21157857712768546,0.23657545535853486
Interactive,AFE,Country resampling,0,200,-0.13940336887841942,-2.339199428818683
Interactive,AFE,Country resampling,0,201,-0.34567335625823414,-0.11764334659968045
Interactive,AFE,Country resampling,0,202,0.11707018996655649,-0.6306741977764687
Interactive,AFE,Country resampling,0,203,-0.14601675597396435,-0.0237149761420129
Interactive,AFE,Country resampling,0,204,-0.3654477614374264,-0.03466213978472976
Interactive,AFE,Country resampling,0,205,-0.06383515767875625,0.36850513658755135
Interactive,AFE,Country resampling,0,206,-0.6871276816007537,-1.316619407192435
Interactive,AFE,Country resampling,0,207,-0.11963181211538876,0.10234508185696967
Interactive,AFE,Country resampling,0,208,-0.2832506300785925,-0.49130914218140875
Interactive,AFE,Country resampling,0,209,0.05968498869048755,-0.5579258213096965
Interactive,AFE,Country resampling,0,210,-0.699930595706129,0.053390280682405034
Interactive,AFE,Country resampling,0,211,-0.6757217251806127,-0.2327803492933107
Interactive,AFE,Country resampling,0,212,-0.2343346351262967,0.2731029604257349
Interactive,AFE,Country resampling,0,213,-0.4460759844211196,0.1728438368294286
Interactive,AFE,Country resampling,0,214,-0.22234463308680008,0.031802450896862844
Interactive,AFE,Country resampling,0,215,-0.2253484739752929,-0.18791069053175558
Interactive,AFE,Country resampling,0,216,-0.3025453050066974,-0.019704519745091686
Interactive,AFE,Country resampling,0,217,-0.045930136550009326,0.20765102673305147
Interactive,AFE,Country resampling,0,218,0.19092008694535623,0.3151406972620865
Interactive,AFE,Country resampling,0,219,-0.47272714758576906,0.08227732928197096
Interactive,AFE,Country resampling,0,220,-0.5606582408673495,0.1450849087435777
Interactive,AFE,Country resampling,0,221,-0.6567900042591659,0.00227221496044705
Interactive,AFE,Country resampling,0,222,0.1892783911580942,0.19022748997887573
Interactive,AFE,Country resampling,0,223,-0.010417453266246879,0.16312276780733892
Interactive,AFE,Country resampling,0,224,-0.2801539267199247,0.012332976568691478
Interactive,AFE,Country resampling,0,225,0.3339777129090622,0.15203692043569572
Interactive,AFE,Country resampling,0,226,0.4935321629423648,-1.900026777694958
Interactive,AFE,Country resampling,0,227,0.2654045276996273,-0.6902891292019637
Interactive,AFE,Country resampling,0,228,-0.12343702425783687,-4.53399100525303
Interactive,AFE,Country resampling,0,229,-0.1899089413817966,-0.1362001163167823
Interactive,AFE,Country resampling,0,230,-0.3953875192561387,0.10272790351443761
Interactive,AFE,Country resampling,0,231,0.5760845740239948,1.0367449400105335
Interactive,AFE,Country resampling,0,232,-0.18446672933883523,-0.23456239377313792
Interactive,AFE,Country resampling,0,233,-0.3693042024780899,-1.2195803820961741
Interactive,AFE,Country resampling,0,234,-0.13024667393966216,-0.18931774172271276
Interactive,AFE,Country resampling,0,235,-0.18753061349770583,0.11014613621414915
Interactive,AFE,Country resampling,0,236,-0.5949503769176933,0.11471908873100645
Interactive,AFE,Country resampling,0,237,-0.4863675604332385,-0.23145668761962668
Interactive,AFE,Country resampling,0,238,-0.3955553204799397,0.13663380326553987
Interactive,AFE,Country resampling,0,239,-0.5135596562605069,-0.7868260648872385
Interactive,AFE,Country resampling,0,240,0.7442502015419241,-0.02128944552815537
Interactive,AFE,Country resampling,0,241,1.2564998547510062,0.43201480174107876
Interactive,AFE,Country resampling,0,242,-0.09390789656310905,-0.4057804734987438
Interactive,AFE,Country resampling,0,243,-0.6140912764172568,0.06993120264260533
Interactive,AFE,Country resampling,0,244,0.002508361782456614,-0.3341372500272075
Interactive,AFE,Country resampling,0,245,0.01088310343526655,0.22419755867153668
Interactive,AFE,Country resampling,0,246,0.07389373763211915,0.24474436203110606
Interactive,AFE,Country resampling,0,247,-0.3060414687838924,0.15839740546288217
Interactive,AFE,Country resampling,0,248,-0.6949898012419169,-0.5352830455819684
Interactive,AFE,Country resampling,0,249,-0.23327354268471523,0.09222477051828426
Interactive,AFE,Country resampling,0,250,-0.28004066573000164,0.18889233116837878
Interactive,AFE,Country resampling,0,251,-0.3499192497194511,0.18739947571214977
Interactive,AFE,Country resampling,0,252,-0.40888537233100664,-0.18661620561539705
Interactive,AFE,Country resampling,0,253,0.033181186349447556,0.19402338768298766
Interactive,AFE,Country resampling,0,254,-0.1084374518512432,-16.65661112725642
Interactive,AFE,Country resampling,0,255,0.3364402107278246,-0.22000179235744843
Interactive,AFE,Country resampling,0,256,-0.40476100209292376,0.08022378903565353
Interactive,AFE,Country resampling,0,257,-0.01786949973409746,-2.687133497298734
Interactive,AFE,Country resampling,0,258,-0.535756199240033,0.036643553171445076
Interactive,AFE,Country resampling,0,259,-0.12823430231016852,0.11539062095054375
Interactive,AFE,Country resampling,0,260,-0.5764064207855919,0.059193107589740945
Interactive,AFE,Country resampling,0,261,-0.05209436976179127,-0.1398682281081538
Interactive,AFE,Country resampling,0,262,0.03827602700949351,-0.41859698544655277
Interactive,AFE,Country resampling,0,263,-0.2468359539941597,0.1267963561722777
Interactive,AFE,Country resampling,0,264,-0.2187860157607895,-0.064481444351289
Interactive,AFE,Country resampling,0,265,-0.5978311297510703,-1.068832154650711
Interactive,AFE,Country resampling,0,266,-0.17003657898139624,-1.3173012345397068
Interactive,AFE,Country resampling,0,267,0.013347833219998106,0.18848951210915
Interactive,AFE,Country resampling,0,268,-0.44308142915747295,0.1326797616316424
Interactive,AFE,Country resampling,0,269,0.0677793899089143,0.24015762766882975
Interactive,AFE,Country resampling,0,270,-0.5102469083249728,-0.1702919150476605
Interactive,AFE,Country resampling,0,271,-0.2551801116712845,-0.6642269650488478
Interactive,AFE,Country resampling,0,272,0.13104563888264908,0.10227491326558358
Interactive,AFE,Country resampling,0,273,0.07761565643758717,-0.1781762222208989
Interactive,AFE,Country resampling,0,274,-0.2492739450164303,-3.9681495392961637
Interactive,AFE,Country resampling,0,275,0.9028403042358468,-3.591876696267758
Interactive,AFE,Country resampling,0,276,-0.2842981076686131,-5.02816339089347
Interactive,AFE,Country resampling,0,277,-0.24987357466124727,0.13862642279566095
Interactive,AFE,Country resampling,0,278,-0.37804126268594396,-1.4178095045550088
Interactive,AFE,Country resampling,0,279,-0.35414469363221845,0.07956597936063237
Interactive,AFE,Country resampling,0,280,0.05481218771038887,0.004938266914004119
Interactive,AFE,Country resampling,0,281,0.1913233165033139,0.1991353992672571
Interactive,AFE,Country resampling,0,282,-0.45622337590209205,-0.3565844396183838
Interactive,AFE,Country resampling,0,283,-0.32407337085161314,0.014983502106030944
Interactive,AFE,Country resampling,0,284,-0.20536511881081487,0.21186341394014563
Interactive,AFE,Country resampling,0,285,-0.47432164442653746,-0.10644373084014036
Interactive,AFE,Country resampling,0,286,-0.13497328054109625,0.09970557374790912
Interactive,AFE,Country resampling,0,287,-0.3207569389595749,0.07793687339792743
Interactive,AFE,Country resampling,0,288,0.0021441721546595627,-0.029941206882012628
Interactive,AFE,Country resampling,0,289,-0.17962339256687287,0.1601451252015863
Interactive,AFE,Country resampling,0,290,0.011253245003438161,-0.06387707568375967
Interactive,AFE,Country resampling,0,291,-0.5055918965465551,-0.019663314445305557
Interactive,AFE,Country resampling,0,292,-0.6246035473903975,0.10353810213908199
Interactive,AFE,Country resampling,0,293,0.06317632125608097,-0.17809779962168082
Interactive,AFE,Country resampling,0,294,-0.38377665357631985,-1.667500170580872
Interactive,AFE,Country resampling,0,295,-0.3218620330320423,-0.5745906518773995
Interactive,AFE,Country resampling,0,296,-0.0804041056758622,0.05539695655098975
Interactive,AFE,Country resampling,0,297,0.6038458386064918,-38.89907080243611
Interactive,AFE,Country resampling,0,298,-0.3636356187072972,-0.32621676060251326
Interactive,AFE,Country resampling,0,299,-0.07204560634133328,-0.041415281355689504
Interactive,AFE,Country resampling,0,300,-0.2565626126901789,-0.8402195859161609
Interactive,AFE,Country resampling,0,301,-0.26460472869277196,0.08642168047735943
Interactive,AFE,Country resampling,0,302,0.0675687161042684,-27.968661377064155
Interactive,AFE,Country resampling,0,303,-0.5016782128492846,0.014742399421844632
Interactive,AFE,Country resampling,0,304,-0.1491672935485231,-2.19737973353809
Interactive,AFE,Country resampling,0,305,-0.17310207445314418,0.1815865283018585
Interactive,AFE,Country resampling,0,306,-0.3680189443640016,-1.1187569026333386
Interactive,AFE,Country resampling,0,307,-0.41638035288227093,-0.9497131627251534
Interactive,AFE,Country resampling,0,308,-0.16865862107806662,0.15125513032546145
Interactive,AFE,Country resampling,0,309,-0.5348771280198978,-0.6512523672941453
Interactive,AFE,Country resampling,0,310,-0.13626975329876456,0.22987163820899226
Interactive,AFE,Country resampling,0,311,1.026780972035359,-3.7374523893537863
Interactive,AFE,Country resampling,0,312,-0.04167368713819408,0.3427165181649955
Interactive,AFE,Country resampling,0,313,-0.4665497592647113,-0.08391100204415058
Interactive,AFE,Country resampling,0,314,-0.053945480217567066,-0.028930122959109017
Interactive,AFE,Country resampling,0,315,-0.3955867536026504,-0.011619434751990565
Interactive,AFE,Country resampling,0,316,0.42406934113696626,-3.1177885801420224
Interactive,AFE,Country resampling,0,317,-0.3813602365238855,-0.5126489756496064
Interactive,AFE,Country resampling,0,318,-0.2494964960563515,-0.08456763036279713
Interactive,AFE,Country resampling,0,319,-0.43818088254786336,-0.018556552211373867
Interactive,AFE,Country resampling,0,320,0.551834481260985,-0.9645602995256575
Interactive,AFE,Country resampling,0,321,-0.21476286611544304,-1.0687670281302017
Interactive,AFE,Country resampling,0,322,-0.36582013675555614,0.04996630659799828
Interactive,AFE,Country resampling,0,323,-0.3683787847183505,0.06281232163158346
Interactive,AFE,Country resampling,0,324,0.4360079432607151,-0.2586430732391123
Interactive,AFE,Country resampling,0,325,-0.20581536313896065,-0.17553224906705278
Interactive,AFE,Country resampling,0,326,-0.32231609995526367,-0.8918797521017559
Interactive,AFE,Country resampling,0,327,-0.5598347831222051,-0.08798612983647813
Interactive,AFE,Country resampling,0,328,-0.4670264851841569,0.1835326253245978
Interactive,AFE,Country resampling,0,329,-0.7727438268818868,0.04075594151310136
Interactive,AFE,Country resampling,0,330,-0.26642300426320487,-0.06271728381236263
Interactive,AFE,Country resampling,0,331,-0.15938937152611354,0.349527763724338
Interactive,AFE,Country resampling,0,332,-0.5519568060741453,0.09998047351604344
Interactive,AFE,Country resampling,0,333,0.5571196272262255,0.1749205791175863
Interactive,AFE,Country resampling,0,334,-0.27735474784492087,-0.05685216570532514
Interactive,AFE,Country resampling,0,335,-0.230570632083145,-1.1057421683082032
Interactive,AFE,Country resampling,0,336,-0.11180397849646018,0.3195487692754386
Interactive,AFE,Country resampling,0,337,-0.18649058297435028,0.026141223886378184
Interactive,AFE,Country resampling,0,338,-0.09189343679389261,0.13249241799381895
Interactive,AFE,Country resampling,0,339,0.9928744186439113,0.5918888279116448
Interactive,AFE,Country resampling,0,340,-0.10913141847200991,-2.3582046061110495
Interactive,AFE,Country resampling,0,341,-0.335046828024092,0.06617340455570764
Interactive,AFE,Country resampling,0,342,-0.5943867921467079,-0.05952593117084026
Interactive,AFE,Country resampling,0,343,-0.41881192309952187,-0.08532546205230562
Interactive,AFE,Country resampling,0,344,-0.1347122265765074,0.10755676658840585
Interactive,AFE,Country resampling,0,345,-0.06846568370897388,-0.07891217540220152
Interactive,AFE,Country resampling,0,346,-0.1403028734185069,0.02082202472703998
Interactive,AFE,Country resampling,0,347,0.34769953781854523,0.2570473175129433
Interactive,AFE,Country resampling,0,348,-0.45158650506411846,-0.07266001994481563
Interactive,AFE,Country resampling,0,349,-0.16111662591363718,-0.07466587763088406
Interactive,AFE,Country resampling,0,350,-0.5546899307669666,-0.2591222144286194
Interactive,AFE,Country resampling,0,351,-0.40599966186878067,0.05557962785549797
Interactive,AFE,Country resampling,0,352,-0.37965688731104774,-0.15060309686043194
Interactive,AFE,Country resampling,0,353,-0.08626061489879666,-0.04878824142141658
Interactive,AFE,Country resampling,0,354,0.21357678786064804,-0.033406194327666006
Interactive,AFE,Country resampling,0,355,-0.5307618230892452,0.014024441716761094
Interactive,AFE,Country resampling,0,356,-0.2966041153896126,0.15040090136258288
Interactive,AFE,Country resampling,0,357,-0.28265496093882925,-0.04563663703527565
Interactive,AFE,Country resampling,0,358,-0.018175674438684286,0.16535085154095908
Interactive,AFE,Country resampling,0,359,-0.4471458409121726,0.03020997681026505
Interactive,AFE,Country resampling,0,360,-0.1899366645328393,-5.763964919616864
Interactive,AFE,Country resampling,0,361,-0.31601158050427924,-3.0874592213379763
Interactive,AFE,Country resampling,0,362,-0.3662723274933617,0.16209225027684993
Interactive,AFE,Country resampling,0,363,-0.48943686733754266,-0.5326644125136126
Interactive,AFE,Country resampling,0,364,-0.20761045150403334,0.1397283611084955
Interactive,AFE,Country resampling,0,365,-0.2841788693349321,0.21691474278376455
Interactive,AFE,Country resampling,0,366,-0.037424518925017414,-0.33302180612225507
Interactive,AFE,Country resampling,0,367,-0.09618705038271014,-0.3829296935297807
Interactive,AFE,Country resampling,0,368,0.25385743938388106,0.0811368625605029
Interactive,AFE,Country resampling,0,369,-0.4743324740803656,0.20527755580407336
Interactive,AFE,Country resampling,0,370,-0.5644157035541284,0.028537826650236298
Interactive,AFE,Country resampling,0,371,0.03298330624361667,0.24561184650477685
Interactive,AFE,Country resampling,0,372,-0.520112764516923,0.05005482549518536
Interactive,AFE,Country resampling,0,373,0.44876211527428134,0.17815586140736905
Interactive,AFE,Country resampling,0,374,-0.5052191799279543,0.09553206184785412
Interactive,AFE,Country resampling,0,375,-0.14145667550761576,-0.14429483531846043
Interactive,AFE,Country resampling,0,376,-0.2856220702575133,-0.01919797009675328
Interactive,AFE,Country resampling,0,377,-0.28420875890624,-0.7475884006227221
Interactive,AFE,Country resampling,0,378,-0.21882215355761714,0.036800096464620125
Interactive,AFE,Country resampling,0,379,-0.1282832966132994,-4.460464171462773
Interactive,AFE,Country resampling,0,380,-0.22613592453012743,-0.06943095900291718
Interactive,AFE,Country resampling,0,381,0.7634662461271611,0.4993923155761959
Interactive,AFE,Country resampling,0,382,0.311406424353476,0.045941010321885356
Interactive,AFE,Country resampling,0,383,0.013461316659723277,0.06257116117966555
Interactive,AFE,Country resampling,0,384,-0.3990004426900091,0.11679382721463472
Interactive,AFE,Country resampling,0,385,-0.3903561467814527,-0.18739805074099658
Interactive,AFE,Country resampling,0,386,-0.07128643514247601,-0.005160858863770823
Interactive,AFE,Country resampling,0,387,-0.3254751020956529,0.08673744900140978
Interactive,AFE,Country resampling,0,388,-0.32294548634174736,0.17630442232364452
Interactive,AFE,Country resampling,0,389,-0.6198137380537321,0.032749719751792306
Interactive,AFE,Country resampling,0,390,-0.4391467181101113,-0.14237709908109442
Interactive,AFE,Country resampling,0,391,-0.5614477824289421,0.08604135181068973
Interactive,AFE,Country resampling,0,392,0.5448459060586544,0.4381292444600382
Interactive,AFE,Country resampling,0,393,-0.4575985693458269,-2.5830673427463147
Interactive,AFE,Country resampling,0,394,-0.5799247707410891,-0.24200589592564903
Interactive,AFE,Country resampling,0,395,-0.35204699840143594,-0.7567475987774849
Interactive,AFE,Country resampling,0,396,0.9370997561102128,-10.532003497137715
Interactive,AFE,Country resampling,0,397,-0.11413340971256258,-8.458942219986378
Interactive,AFE,Country resampling,0,398,-0.2670642109930045,-0.9228127867308694
Interactive,AFE,Country resampling,0,399,-0.11916615130680419,0.01983049547642124
Interactive,AFE,Country resampling,0,400,-0.4768895721884072,-0.04487920543176949
Interactive,AFE,Country resampling,0,401,-0.17503727555750104,0.18301393811976574
Interactive,AFE,Country resampling,0,402,-0.598299006254226,0.1057257146887488
Interactive,AFE,Country resampling,0,403,0.4220390644200709,-1.9025684312145899
Interactive,AFE,Country resampling,0,404,-0.17956846308130203,-0.008190544569663172
Interactive,AFE,Country resampling,0,405,-0.1270603813468173,0.16541790380917132
Interactive,AFE,Country resampling,0,406,-0.07814056146009385,-0.48202757871596646
Interactive,AFE,Country resampling,0,407,-0.3214500867250084,0.1765975495385882
Interactive,AFE,Country resampling,0,408,-0.6409503788605069,-0.38036680891093355
Interactive,AFE,Country resampling,0,409,-0.30014642655774915,-0.016927005573012632
Interactive,AFE,Country resampling,0,410,-0.40802026024372684,0.026755194103218027
Interactive,AFE,Country resampling,0,411,-0.48135263972910325,0.07181264788390451
Interactive,AFE,Country resampling,0,412,-0.21587479764425033,-0.45919874495166524
Interactive,AFE,Country resampling,0,413,0.2001071207998424,0.0998936456556816
Interactive,AFE,Country resampling,0,414,0.2657946896804746,-0.041277041451550645
Interactive,AFE,Country resampling,0,415,-0.09483389850351676,0.1349933091623392
Interactive,AFE,Country resampling,0,416,-0.18580643209562742,0.04907441972585347
Interactive,AFE,Country resampling,0,417,-0.41531709499861325,0.15106991351617827
Interactive,AFE,Country resampling,0,418,-0.15448093644054017,-1.401506484438614
Interactive,AFE,Country resampling,0,419,-0.4794793178249437,0.1294301331959189
Interactive,AFE,Country resampling,0,420,-0.5384639824909976,-0.12901504681074438
Interactive,AFE,Country resampling,0,421,-0.32293593999285974,0.18601432881635893
Interactive,AFE,Country resampling,0,422,-0.10068029463916839,0.36600592780318664
Interactive,AFE,Country resampling,0,423,-0.4326761456337145,0.12969805842781335
Interactive,AFE,Country resampling,0,424,0.026229316484404075,-0.08821149105829007
Interactive,AFE,Country resampling,0,425,-0.10524883432784427,0.10435798993800804
Interactive,AFE,Country resampling,0,426,-0.34918094651565224,-0.7988431205245107
Interactive,AFE,Country resampling,0,427,-0.5926731906057312,0.12740816966553137
Interactive,AFE,Country resampling,0,428,-0.49190027275657666,0.1257420605516022
Interactive,AFE,Country resampling,0,429,-0.3014967000149744,-0.3300694794572685
Interactive,AFE,Country resampling,0,430,-0.1162425986899519,-0.23712138055376275
Interactive,AFE,Country resampling,0,431,-0.4438590794124254,-1.029829236500846
Interactive,AFE,Country resampling,0,432,0.4305025851239672,0.3573247133533941
Interactive,AFE,Country resampling,0,433,0.7844471360412077,0.5146873755543442
Interactive,AFE,Country resampling,0,434,-0.5243890664757639,0.19680672451623527
Interactive,AFE,Country resampling,0,435,0.22066424429143616,-0.6378013049512252
Interactive,AFE,Country resampling,0,436,-0.45709462935855827,-2.0932678761707635
Interactive,AFE,Country resampling,0,437,-0.1645432528105355,0.11243282943915212
Interactive,AFE,Country resampling,0,438,-0.3148949112771787,-0.13754263542251366
Interactive,AFE,Country resampling,0,439,-0.2642693551780222,-0.357106835905445
Interactive,AFE,Country resampling,0,440,-0.13324880421798935,0.12740665839317877
Interactive,AFE,Country resampling,0,441,0.019290017342209254,0.21405647549760043
Interactive,AFE,Country resampling,0,442,-0.5843799098077138,-0.003782374849744974
Interactive,AFE,Country resampling,0,443,-0.1888653768818076,0.2810316610826169
Interactive,AFE,Country resampling,0,444,0.1345393351171833,0.22083687904082272
Interactive,AFE,Country resampling,0,445,-0.38239361024369456,0.08607333914124138
Interactive,AFE,Country resampling,0,446,-0.6216703565797892,-0.012238143998042017
Interactive,AFE,Country resampling,0,447,0.4512029132143418,0.11439434198412046
Interactive,AFE,Country resampling,0,448,-0.6319291127545452,-0.27366483832479327
Interactive,AFE,Country resampling,0,449,-0.13676314187347482,0.03640656975755696
Interactive,AFE,Country resampling,0,450,0.27869476200468957,-2.4670401013289025
Interactive,AFE,Country resampling,0,451,-0.38455316617914126,0.1527273926072834
Interactive,AFE,Country resampling,0,452,-0.24560350862347635,0.12298611841078666
Interactive,AFE,Country resampling,0,453,0.2536659716676952,-0.7569214167834344
Interactive,AFE,Country resampling,0,454,-0.37043590872133914,0.17483736569131092
Interactive,AFE,Country resampling,0,455,-0.1706216280757732,0.18769697891434933
Interactive,AFE,Country resampling,0,456,-0.501429781039775,0.1340368166432211
Interactive,AFE,Country resampling,0,457,-0.5968151137612197,0.07887118761736522
Interactive,AFE,Country resampling,0,458,0.1434236192712015,0.1624627366522836
Interactive,AFE,Country resampling,0,459,0.4115315225934524,0.8029411813261886
Interactive,AFE,Country resampling,0,460,-0.5415970394829042,0.1053832948026191
Interactive,AFE,Country resampling,0,461,-0.4495013225465041,0.17339155516152926
Interactive,AFE,Country resampling,0,462,-0.08732320559830453,-0.12448576114891374
Interactive,AFE,Country resampling,0,463,0.5791136070092311,0.022664059979461193
Interactive,AFE,Country resampling,0,464,-0.026142768854837573,-0.12446988535938563
Interactive,AFE,Country resampling,0,465,-0.5200475967843403,0.02801100621036834
Interactive,AFE,Country resampling,0,466,-0.27608758413215784,-0.6611995070191078
Interactive,AFE,Country resampling,0,467,-0.39786795014239396,0.12438487131693654
Interactive,AFE,Country resampling,0,468,-0.25759154448169297,-0.04242127693327369
Interactive,AFE,Country resampling,0,469,-0.10977951522167106,-0.048287534332025706
Interactive,AFE,Country resampling,0,470,-0.06274787427533024,-0.4013815098823381
Interactive,AFE,Country resampling,0,471,-0.3728105062408097,-2.1701537403948006
Interactive,AFE,Country resampling,0,472,-0.5188034846488134,0.059979640814658786
Interactive,AFE,Country resampling,0,473,-0.2292515132020364,0.11176468192151767
Interactive,AFE,Country resampling,0,474,-0.3004331439860032,0.1458155550451946
Interactive,AFE,Country resampling,0,475,0.07578291169474483,0.2065685792570462
Interactive,AFE,Country resampling,0,476,-0.630420705044785,-0.13443917448911813
Interactive,AFE,Country resampling,0,477,-0.1460686509280963,0.19066886877490397
Interactive,AFE,Country resampling,0,478,-0.06282844990881364,0.26944886555272984
Interactive,AFE,Country resampling,0,479,-0.24607047382286562,-0.04123372778401668
Interactive,AFE,Country resampling,0,480,-0.1749560703135039,0.1433040032351589
Interactive,AFE,Country resampling,0,481,0.33818011012216864,-0.031795212901772896
Interactive,AFE,Country resampling,0,482,-0.2632669147674742,0.11886906322010182
Interactive,AFE,Country resampling,0,483,-0.4431590340007311,0.18086270326936538
Interactive,AFE,Country resampling,0,484,-0.20522869735324978,-0.1115862524345933
Interactive,AFE,Country resampling,0,485,-0.6185371156974022,0.07365592922367892
Interactive,AFE,Country resampling,0,486,-0.13203906242336028,-0.02939224001262264
Interactive,AFE,Country resampling,0,487,-0.14988952924382803,0.12671413380121188
Interactive,AFE,Country resampling,0,488,0.04141550295642071,0.2686614644198281
Interactive,AFE,Country resampling,0,489,-0.30837794738035995,0.20529749541608155
Interactive,AFE,Country resampling,0,490,-0.26077215074573545,-0.30567121228209637
Interactive,AFE,Country resampling,0,491,-0.052996102936489264,0.12712803776095016
Interactive,AFE,Country resampling,0,492,-0.034319601609130834,-0.2853184055639416
Interactive,AFE,Country resampling,0,493,-0.4669385058242219,-0.09410215793938537
Interactive,AFE,Country resampling,0,494,-0.3722389549695446,-0.45928264507699246
Interactive,AFE,Country resampling,0,495,-0.5049776128856274,-0.018093816795487272
Interactive,AFE,Country resampling,0,496,-0.6656872373086702,0.030611171175947915
Interactive,AFE,Country resampling,0,497,-0.3871882172032798,-33.42290488730065
Interactive,AFE,Country resampling,0,498,-0.4307640899108237,0.1485552381118843
Interactive,AFE,Country resampling,0,499,-0.678474992561908,-0.051333431049674694
Interactive,AFE,Country resampling,0,500,-0.10540339606744087,-0.3054813163862967
Interactive,AFE,Country resampling,0,501,-0.2053309120623209,0.003981813060746298
Interactive,AFE,Country resampling,0,502,-0.4424862555103596,0.14166062180562522
Interactive,AFE,Country resampling,0,503,0.21745731222413323,0.3662987334617076
Interactive,AFE,Country resampling,0,504,-0.03930625262597809,-0.11062886170587671
Interactive,AFE,Country resampling,0,505,-0.14317686669994256,-5.087274135897174
Interactive,AFE,Country resampling,0,506,-0.5738839949757248,-0.9455680200054841
Interactive,AFE,Country resampling,0,507,-0.3033510596996638,0.07591488679594971
Interactive,AFE,Country resampling,0,508,-0.525222338646776,-0.04603232851531436
Interactive,AFE,Country resampling,0,509,0.0035539409533462685,0.10129891250387257
Interactive,AFE,Country resampling,0,510,-0.2902582675875468,0.23675604342044776
Interactive,AFE,Country resampling,0,511,-0.3045867737706698,-0.2805163641987809
Interactive,AFE,Country resampling,0,512,0.18944660375709566,0.008410998779430301
Interactive,AFE,Country resampling,0,513,-0.48650745499749226,-0.6653370495776348
Interactive,AFE,Country resampling,0,514,-0.1366752697100646,0.05539212135875238
Interactive,AFE,Country resampling,0,515,-0.5568281964529065,-0.4600630095872137
Interactive,AFE,Country resampling,0,516,-0.5168501905467179,0.13557153163581648
Interactive,AFE,Country resampling,0,517,-0.014001138168487137,-0.02452954721264977
Interactive,AFE,Country resampling,0,518,-0.05982840847512794,0.263153643522263
Interactive,AFE,Country resampling,0,519,0.04223748482968159,-2.294456634518439
Interactive,AFE,Country resampling,0,520,-0.13836704075658313,0.11421248055029287
Interactive,AFE,Country resampling,0,521,-0.48598104049126833,-0.2794530750351809
Interactive,AFE,Country resampling,0,522,-0.28454498781476967,-0.5324360282544982
Interactive,AFE,Country resampling,0,523,-0.06146755315752028,-1.0349159352724686
Interactive,AFE,Country resampling,0,524,-0.29422816529064155,-2.4896696836199768
Interactive,AFE,Country resampling,0,525,-0.4231267818706369,0.12076950058390745
Interactive,AFE,Country resampling,0,526,-0.4417717976752188,-0.5445545110682487
Interactive,AFE,Country resampling,0,527,0.0692784033781555,-0.1553469386406814
Interactive,AFE,Country resampling,0,528,0.08162333538816391,-0.34496404440248973
Interactive,AFE,Country resampling,0,529,-0.10945877173267393,0.06504538203382348
Interactive,AFE,Country resampling,0,530,-0.40890460033176323,0.22437501705662932
Interactive,AFE,Country resampling,0,531,0.270952946115522,-0.13593903202840796
Interactive,AFE,Country resampling,0,532,0.014085739259319219,0.24226007461451038
Interactive,AFE,Country resampling,0,533,0.3742696104470131,0.35637749106715955
Interactive,AFE,Country resampling,0,534,-0.38389468905725954,-0.36186854971077853
Interactive,AFE,Country resampling,0,535,0.0608401270059995,0.07588971691218427
Interactive,AFE,Country resampling,0,536,0.6853177948375897,0.16453424943758233
Interactive,AFE,Country resampling,0,537,0.2394051470397931,0.05259628577492226
Interactive,AFE,Country resampling,0,538,0.005555093517043863,-0.04787154997834464
Interactive,AFE,Country resampling,0,539,0.5295504781006315,-3.646462080498619
Interactive,AFE,Country resampling,0,540,2.0100306511120327,0.2748737407728248
Interactive,AFE,Country resampling,0,541,-0.0031678562895660622,0.09229720818913223
Interactive,AFE,Country resampling,0,542,-0.06206128726339577,0.3442514725497068
Interactive,AFE,Country resampling,0,543,-0.5143930487125613,-0.002594139108177962
Interactive,AFE,Country resampling,0,544,-0.6141892601376936,0.09280647880475101
Interactive,AFE,Country resampling,0,545,0.5123986250945136,0.235267158657412
Interactive,AFE,Country resampling,0,546,-0.26127280252762564,0.06528005960991845
Interactive,AFE,Country resampling,0,547,-0.08739794884276919,-0.2601860263859792
Interactive,AFE,Country resampling,0,548,-0.38644840414182036,0.09954441476826048
Interactive,AFE,Country resampling,0,549,-0.26299068799524883,-0.2644915017445386
Interactive,AFE,Country resampling,0,550,0.1070378900598199,0.29579664044329945
Interactive,AFE,Country resampling,0,551,-0.7641748457918102,-0.799876721579685
Interactive,AFE,Country resampling,0,552,-0.26426095827482565,0.14793350427887586
Interactive,AFE,Country resampling,0,553,0.533758401198005,0.10804244161432508
Interactive,AFE,Country resampling,0,554,-0.3280266150053339,0.006807579727655111
Interactive,AFE,Country resampling,0,555,-0.25034143346838933,0.0072792568250227285
Interactive,AFE,Country resampling,0,556,0.24711149408942856,0.12102304072993952
Interactive,AFE,Country resampling,0,557,-0.3671282396021769,0.15598718895062968
Interactive,AFE,Country resampling,0,558,-0.17840006367480155,0.09873187063880162
Interactive,AFE,Country resampling,0,559,0.6251843182794672,-0.33615303357860093
Interactive,AFE,Country resampling,0,560,-0.3008882181764946,0.23673584234655343
Interactive,AFE,Country resampling,0,561,-0.4897112082610733,0.024748551834681276
Interactive,AFE,Country resampling,0,562,0.09546706418412065,0.07609996010668518
Interactive,AFE,Country resampling,0,563,-0.20423208789424663,0.12388530690834354
Interactive,AFE,Country resampling,0,564,-0.14121096186660875,0.04883282892778784
Interactive,AFE,Country resampling,0,565,-0.6203150969213247,0.06829114191223029
Interactive,AFE,Country resampling,0,566,1.060263049049793,0.4745742827585473
Interactive,AFE,Country resampling,0,567,-0.2987306825810909,-0.06043157463970983
Interactive,AFE,Country resampling,0,568,-0.04883221154222539,-0.17465090903645286
Interactive,AFE,Country resampling,0,569,-0.2277738433548776,0.1672146079270842
Interactive,AFE,Country resampling,0,570,-0.3006895323750529,-0.18621407978204751
Interactive,AFE,Country resampling,0,571,0.2177368011480909,0.4741422788119334
Interactive,AFE,Country resampling,0,572,-0.1155243895750997,-0.19034913172371248
Interactive,AFE,Country resampling,0,573,-0.2968434143690265,-0.40448899348388967
Interactive,AFE,Country resampling,0,574,-0.5675034236750197,0.03544991630807037
Interactive,AFE,Country resampling,0,575,-0.15480030113025556,0.08696192810108283
Interactive,AFE,Country resampling,0,576,-0.03390284999673043,0.3771372064806138
Interactive,AFE,Country resampling,0,577,0.49684306231415043,-0.45017011089477776
Interactive,AFE,Country resampling,0,578,0.22054632539499575,-0.24184638429465988
Interactive,AFE,Country resampling,0,579,0.9764855927716862,-17.266750285628113
Interactive,AFE,Country resampling,0,580,-0.10492983929651001,-0.026600816855465892
Interactive,AFE,Country resampling,0,581,0.1092422861335689,-0.09763597199762031
Interactive,AFE,Country resampling,0,582,-0.3501374351967087,-0.15458552681492943
Interactive,AFE,Country resampling,0,583,-0.4083895410969337,-0.4860720722200421
Interactive,AFE,Country resampling,0,584,-0.09608566887453818,0.1781454065896353
Interactive,AFE,Country resampling,0,585,-0.017188153991378186,0.04427920113400463
Interactive,AFE,Country resampling,0,586,-0.4477666958924901,-0.39253625692418426
Interactive,AFE,Country resampling,0,587,-0.0925069079342612,-0.168707368395553
Interactive,AFE,Country resampling,0,588,0.1396035439132397,-0.11509100654563875
Interactive,AFE,Country resampling,0,589,-0.5379556329319005,0.05683056673418163
Interactive,AFE,Country resampling,0,590,0.180743610290667,-0.31862887067739565
Interactive,AFE,Country resampling,0,591,-0.47060795917156373,0.10298809540979681
Interactive,AFE,Country resampling,0,592,-0.1047172278267895,0.2215997917774799
Interactive,AFE,Country resampling,0,593,1.3083803089666612,-0.5503511966184127
Interactive,AFE,Country resampling,0,594,-0.7603543430635872,-0.14885809534095829
Interactive,AFE,Country resampling,0,595,-0.36358568389667856,-0.002704441042347905
Interactive,AFE,Country resampling,0,596,-0.13989723513756203,0.10393571013110015
Interactive,AFE,Country resampling,0,597,-0.45254982773316466,-0.13944384247335984
Interactive,AFE,Country resampling,0,598,-0.46786234424270634,-0.14810086060286243
Interactive,AFE,Country resampling,0,599,0.06584501254627706,0.24446342232222595
Interactive,AFE,Country resampling,0,600,-0.7069643724007939,-0.41343293584067586
Interactive,AFE,Country resampling,0,601,0.9555955088912989,0.48362081814387925
Interactive,AFE,Country resampling,0,602,-0.380428700661117,-4.7364942536013865
Interactive,AFE,Country resampling,0,603,-0.19720462617368628,0.020206238917245378
Interactive,AFE,Country resampling,0,604,0.29637029675225923,-1.3134754057874503
Interactive,AFE,Country resampling,0,605,-0.16361744411067503,-0.1267297457692852
Interactive,AFE,Country resampling,0,606,-0.5189658413065459,-0.0036695174644952866
Interactive,AFE,Country resampling,0,607,-0.08172392013665608,0.2795581350385711
Interactive,AFE,Country resampling,0,608,-0.3640297685224355,-0.034846581309222247
Interactive,AFE,Country resampling,0,609,-0.373156877470018,-1.051333070707563
Interactive,AFE,Country resampling,0,610,-0.215589823862955,-0.23945026041500617
Interactive,AFE,Country resampling,0,611,-0.36687693564366863,0.11467732991312174
Interactive,AFE,Country resampling,0,612,0.36357824995730414,0.15389439006763728
Interactive,AFE,Country resampling,0,613,-0.5012994292864448,0.17743344154025165
Interactive,AFE,Country resampling,0,614,-0.098361742429382,0.21693241262011476
Interactive,AFE,Country resampling,0,615,-0.5004633101201639,-0.31906325210999864
Interactive,AFE,Country resampling,0,616,-0.3539184543803786,-2.908197899513672
Interactive,AFE,Country resampling,0,617,0.05512070167376182,0.1243411570684132
Interactive,AFE,Country resampling,0,618,-0.44139394913307517,-0.4121439073455525
Interactive,AFE,Country resampling,0,619,-0.4551108723842576,-2.750370833831662
Interactive,AFE,Country resampling,0,620,-0.10078546388063325,0.1942905432125469
Interactive,AFE,Country resampling,0,621,-0.1285470387824098,0.04681089905435376
Interactive,AFE,Country resampling,0,622,-0.21367941929747214,-0.6671371989196019
Interactive,AFE,Country resampling,0,623,-0.5551395074515534,0.06384684220552728
Interactive,AFE,Country resampling,0,624,0.035553325789632995,0.19053663480635075
Interactive,AFE,Country resampling,0,625,-0.40358945535925095,-0.27575981013723383
Interactive,AFE,Country resampling,0,626,-0.39197177461572086,-0.03152080858181727
Interactive,AFE,Country resampling,0,627,-0.4640456539582165,0.10617433397764886
Interactive,AFE,Country resampling,0,628,0.2280923916569817,0.09496648873040914
Interactive,AFE,Country resampling,0,629,0.27435054483568133,-0.052493143859027036
Interactive,AFE,Country resampling,0,630,-0.23545312040870114,-0.05768902742669857
Interactive,AFE,Country resampling,0,631,-0.2886910397439797,0.15740048596819312
Interactive,AFE,Country resampling,0,632,-0.4786619613299681,-0.6528291796102259
Interactive,AFE,Country resampling,0,633,-0.053490277607975756,-0.03463494110087384
Interactive,AFE,Country resampling,0,634,-0.5143936168964578,0.12326266980431422
Interactive,AFE,Country resampling,0,635,-0.24495195005544346,0.1263674184897675
Interactive,AFE,Country resampling,0,636,-0.20399907454973865,-0.07371564365754524
Interactive,AFE,Country resampling,0,637,-0.1860541558039388,0.22058886472968098
Interactive,AFE,Country resampling,0,638,-0.17439280765765952,0.06808081647657105
Interactive,AFE,Country resampling,0,639,-0.24278780962532243,0.09036039273060414
Interactive,AFE,Country resampling,0,640,-0.05287351873166468,0.1351682882234334
Interactive,AFE,Country resampling,0,641,0.11075458455168397,-1.0026171762925555
Interactive,AFE,Country resampling,0,642,-0.4796752844720862,-0.7581917676444909
Interactive,AFE,Country resampling,0,643,0.11993733076263813,0.14016414191581616
Interactive,AFE,Country resampling,0,644,-0.1136818835111233,-0.07559833593936927
Interactive,AFE,Country resampling,0,645,-0.49398321224833686,0.11825660690854656
Interactive,AFE,Country resampling,0,646,-0.00931923032423787,-0.16487472752774346
Interactive,AFE,Country resampling,0,647,-0.0390155370963553,0.2641817158654104
Interactive,AFE,Country resampling,0,648,-0.19453058631281328,-0.3027454477535101
Interactive,AFE,Country resampling,0,649,0.11944168896164764,0.2729850877298302
Interactive,AFE,Country resampling,0,650,-0.1570468395207122,0.06599447091079813
Interactive,AFE,Country resampling,0,651,-0.11474475004031082,-0.3118166392150151
Interactive,AFE,Country resampling,0,652,-0.43127812656709075,-0.0738805580979972
Interactive,AFE,Country resampling,0,653,0.11931510236806475,-5.2908540278992575
Interactive,AFE,Country resampling,0,654,0.36295551259413217,0.21766664229538013
Interactive,AFE,Country resampling,0,655,-0.5330760608127887,-0.8010642073053922
Interactive,AFE,Country resampling,0,656,-0.35464941491966684,-0.04737997243731562
Interactive,AFE,Country resampling,0,657,-0.07893709796102588,0.21080029368926423
Interactive,AFE,Country resampling,0,658,-0.07974816250023675,-0.16132155034245543
Interactive,AFE,Country resampling,0,659,-0.5483387545602398,-6.326785300441413
Interactive,AFE,Country resampling,0,660,-0.6042596050442053,0.03294565815665229
Interactive,AFE,Country resampling,0,661,-0.2036589368037267,-1.0281218634326315
Interactive,AFE,Country resampling,0,662,-0.31007108841026276,-0.8614131678970237
Interactive,AFE,Country resampling,0,663,-0.08558899712388846,0.1975548238868029
Interactive,AFE,Country resampling,0,664,-0.19899208949304725,0.14019913748512447
Interactive,AFE,Country resampling,0,665,0.3645042356677042,0.34754599267970043
Interactive,AFE,Country resampling,0,666,-0.3794742092798161,-1.684470288607117
Interactive,AFE,Country resampling,0,667,-0.5832989193377829,0.11881325370008622
Interactive,AFE,Country resampling,0,668,-0.39077679709110047,-0.03942824376495635
Interactive,AFE,Country resampling,0,669,-0.42577193228637866,-0.731024333189056
Interactive,AFE,Country resampling,0,670,0.17928863631934822,-0.8729741073015134
Interactive,AFE,Country resampling,0,671,-0.031811480329868025,0.34462358964691553
Interactive,AFE,Country resampling,0,672,-0.324746122279547,0.15906181372764028
Interactive,AFE,Country resampling,0,673,-0.23620507808663427,-14.581650227373718
Interactive,AFE,Country resampling,0,674,-0.38932010389014804,-1.473644141667648
Interactive,AFE,Country resampling,0,675,-0.6130448489918221,-0.5256862774638846
Interactive,AFE,Country resampling,0,676,-0.3269690113900584,-13.601503712094038
Interactive,AFE,Country resampling,0,677,-0.010680025213338329,0.09794356379148506
Interactive,AFE,Country resampling,0,678,-0.20356794166081893,0.2798054898632112
Interactive,AFE,Country resampling,0,679,-0.1211700529495936,-0.2946111884123539
Interactive,AFE,Country resampling,0,680,-0.3509866529639103,-0.009672572442633975
Interactive,AFE,Country resampling,0,681,-0.22402359947039718,-0.47837089350899875
Interactive,AFE,Country resampling,0,682,0.4068735650043265,-11.320461463993457
Interactive,AFE,Country resampling,0,683,-0.399303174054221,-0.0964871856712759
Interactive,AFE,Country resampling,0,684,0.15755836953740743,-0.016418572180985525
Interactive,AFE,Country resampling,0,685,-0.40041636523334867,0.1072416530116399
Interactive,AFE,Country resampling,0,686,-0.4446061890417802,-0.1310387609292466
Interactive,AFE,Country resampling,0,687,-0.36871833985822744,0.04149873429969786
Interactive,AFE,Country resampling,0,688,0.04382519092592996,-0.02359515596917916
Interactive,AFE,Country resampling,0,689,-0.26280014829460685,0.04644070543643686
Interactive,AFE,Country resampling,0,690,-0.32859275496527984,-0.4453578289106581
Interactive,AFE,Country resampling,0,691,0.1388823831655568,0.13679791498431304
Interactive,AFE,Country resampling,0,692,-0.716260118688227,0.0672237292861575
Interactive,AFE,Country resampling,0,693,-0.4297333829082878,0.04664822647575839
Interactive,AFE,Country resampling,0,694,-0.011926871818374485,0.4088199464218325
Interactive,AFE,Country resampling,0,695,-0.4631563564181548,-0.019188308490298955
Interactive,AFE,Country resampling,0,696,-0.30261738299920693,-0.4964738886717477
Interactive,AFE,Country resampling,0,697,-0.08132191665103683,0.09003369179531706
Interactive,AFE,Country resampling,0,698,0.6054438425992397,0.27356633045397905
Interactive,AFE,Country resampling,0,699,-0.19562890751257855,0.3216717818526199
Interactive,AFE,Country resampling,0,700,-0.6256152954783603,0.05882891689088754
Interactive,AFE,Country resampling,0,701,-0.17198791123004675,0.15998202515344928
Interactive,AFE,Country resampling,0,702,0.1965761709358902,-0.06974364805126743
Interactive,AFE,Country resampling,0,703,-0.5635811707511007,0.04471625399673973
Interactive,AFE,Country resampling,0,704,-0.6076236059407092,0.021791672951290142
Interactive,AFE,Country resampling,0,705,-0.606385928904765,0.008608505060808569
Interactive,AFE,Country resampling,0,706,0.10872372133699715,-0.21545231281305832
Interactive,AFE,Country resampling,0,707,-0.3051402981820822,0.4094735120246398
Interactive,AFE,Country resampling,0,708,-0.15498516167042453,0.1269791941427716
Interactive,AFE,Country resampling,0,709,-0.3640140214324714,-0.9556475671590134
Interactive,AFE,Country resampling,0,710,-0.5268082717761898,-0.13763801743373327
Interactive,AFE,Country resampling,0,711,0.10401896817315981,-0.22639777491572177
Interactive,AFE,Country resampling,0,712,-0.5440879433629311,0.07579872629812734
Interactive,AFE,Country resampling,0,713,-0.16051342911037136,0.2310319414746349
Interactive,AFE,Country resampling,0,714,0.038442200481015654,-0.030181643052186402
Interactive,AFE,Country resampling,0,715,-0.09077137954145031,0.18123185420633336
Interactive,AFE,Country resampling,0,716,-0.6143817936062429,-0.0957740906973088
Interactive,AFE,Country resampling,0,717,-0.11442045699619208,-0.30377678250616824
Interactive,AFE,Country resampling,0,718,-0.22130520439957602,0.15730019337597767
Interactive,AFE,Country resampling,0,719,-0.486812896246706,0.11698021933297542
Interactive,AFE,Country resampling,0,720,-0.5200132104193949,-0.6266613204544433
Interactive,AFE,Country resampling,0,721,0.5520775177918602,0.3250192524511253
Interactive,AFE,Country resampling,0,722,-0.3591958792600267,-0.3514140699890338
Interactive,AFE,Country resampling,0,723,-0.1888402823362425,0.11732131046006677
Interactive,AFE,Country resampling,0,724,0.18542140112548178,-0.0016137738657913125
Interactive,AFE,Country resampling,0,725,0.24091676597953193,0.310061139960195
Interactive,AFE,Country resampling,0,726,-0.3212292123722491,0.03754402071028762
Interactive,AFE,Country resampling,0,727,-0.6475708774273892,0.04372785701898496
Interactive,AFE,Country resampling,0,728,-0.25383177021462067,-0.06360799388148364
Interactive,AFE,Country resampling,0,729,-0.2612791563008354,0.13808350952983273
Interactive,AFE,Country resampling,0,730,-0.31857707914044675,0.09446302951422425
Interactive,AFE,Country resampling,0,731,-0.34352865800335175,-0.3036257962874581
Interactive,AFE,Country resampling,0,732,-0.3212214888071262,0.14855624815373236
Interactive,AFE,Country resampling,0,733,0.3239878450889959,-0.08664384183775109
Interactive,AFE,Country resampling,0,734,-0.058463564941685364,0.24230307019914055
Interactive,AFE,Country resampling,0,735,0.03444006740332117,0.17750834923437664
Interactive,AFE,Country resampling,0,736,0.8608806446090875,-1.4960286580329665
Interactive,AFE,Country resampling,0,737,-0.37745584822293665,0.05989794839402296
Interactive,AFE,Country resampling,0,738,-0.19985485594171926,0.1656564093192372
Interactive,AFE,Country resampling,0,739,-0.2149840392105592,-0.04956304954264157
Interactive,AFE,Country resampling,0,740,-0.37836011003100944,0.08606825918905636
Interactive,AFE,Country resampling,0,741,-0.5428785389134557,-0.446311156495095
Interactive,AFE,Country resampling,0,742,0.1411872247199315,0.3191621799811514
Interactive,AFE,Country resampling,0,743,4.1222811369068246e-4,-0.42540245236978236
Interactive,AFE,Country resampling,0,744,-0.5113727131208201,-0.16948207983539532
Interactive,AFE,Country resampling,0,745,-0.07908763512839923,0.09219273820939755
Interactive,AFE,Country resampling,0,746,-0.13636292351139745,-0.8720496809683955
Interactive,AFE,Country resampling,0,747,-0.01172702317672214,-0.707702460686108
Interactive,AFE,Country resampling,0,748,-0.5669309426651915,-0.27623466100730876
Interactive,AFE,Country resampling,0,749,-0.23530169566933157,0.1504083583408593
Interactive,AFE,Country resampling,0,750,-0.3130300474955924,0.17865693455461418
Interactive,AFE,Country resampling,0,751,0.36780231685178233,0.0894004005927247
Interactive,AFE,Country resampling,0,752,-0.23945278882813903,0.12653753980495286
Interactive,AFE,Country resampling,0,753,-0.3224378332035046,0.18366793380414792
Interactive,AFE,Country resampling,0,754,-0.33713780342788935,-0.18672343742766795
Interactive,AFE,Country resampling,0,755,-0.2503393962261038,0.21167261960649908
Interactive,AFE,Country resampling,0,756,-0.09359469669389398,-0.30521758694622625
Interactive,AFE,Country resampling,0,757,-0.24675478534545403,-0.01695636111699017
Interactive,AFE,Country resampling,0,758,-0.231530721783752,0.24381629928938486
Interactive,AFE,Country resampling,0,759,0.2859815140265758,0.2901525179613419
Interactive,AFE,Country resampling,0,760,-0.41665873761490113,-0.04369038000711245
Interactive,AFE,Country resampling,0,761,-0.025966851642112432,-0.36498529785728795
Interactive,AFE,Country resampling,0,762,-0.14682524426833465,0.1338834322862913
Interactive,AFE,Country resampling,0,763,-0.5033024626429333,-0.5529945201478567
Interactive,AFE,Country resampling,0,764,-0.04838362499108606,0.016355913351742246
Interactive,AFE,Country resampling,0,765,0.297989515801387,-5.8704115671683725
Interactive,AFE,Country resampling,0,766,0.023035310726470026,0.03532822294728777
Interactive,AFE,Country resampling,0,767,0.6722223210924239,0.32310990525211825
Interactive,AFE,Country resampling,0,768,0.20332328266226596,-0.9473844131217792
Interactive,AFE,Country resampling,0,769,-0.4345600533135995,-0.017967013734636716
Interactive,AFE,Country resampling,0,770,-0.19579185368241803,-0.41327057945243706
Interactive,AFE,Country resampling,0,771,0.17767334897776044,-0.9484237539493745
Interactive,AFE,Country resampling,0,772,-0.24384223267427885,-0.2348594396977508
Interactive,AFE,Country resampling,0,773,-0.3791720237669771,-0.4833162201021155
Interactive,AFE,Country resampling,0,774,0.1451533842158239,-0.6475565945071695
Interactive,AFE,Country resampling,0,775,-0.678983707477301,-0.22650978477093198
Interactive,AFE,Country resampling,0,776,0.6139377262074597,-0.7464152143735225
Interactive,AFE,Country resampling,0,777,-0.5878809216187181,0.03746056240797113
Interactive,AFE,Country resampling,0,778,-0.13601014266997058,-0.06380830671226567
Interactive,AFE,Country resampling,0,779,-0.028620103076971604,-6.3486367957540955
Interactive,AFE,Country resampling,0,780,-0.43352993588592825,0.06639435922649073
Interactive,AFE,Country resampling,0,781,-0.004825555364247669,-0.4957040120832118
Interactive,AFE,Country resampling,0,782,-0.018107425876469074,-0.3593247776790949
Interactive,AFE,Country resampling,0,783,-0.5878948943769824,0.0664768783601365
Interactive,AFE,Country resampling,0,784,-0.6003103691979736,0.014094573151256062
Interactive,AFE,Country resampling,0,785,0.3198651657711211,0.45002522097618625
Interactive,AFE,Country resampling,0,786,-0.5144919623175519,0.0878153109235087
Interactive,AFE,Country resampling,0,787,-0.21232411826045006,0.09562351611209297
Interactive,AFE,Country resampling,0,788,1.0869424904035272,-1.8605451071033703
Interactive,AFE,Country resampling,0,789,-0.4895509423237121,0.06157048875975668
Interactive,AFE,Country resampling,0,790,-0.5338808922632012,0.028575055721079323
Interactive,AFE,Country resampling,0,791,-0.3419322985441071,0.08126200984519016
Interactive,AFE,Country resampling,0,792,0.3683580810967977,-0.03293351682708412
Interactive,AFE,Country resampling,0,793,-0.5008240983807775,0.03558255993390924
Interactive,AFE,Country resampling,0,794,0.15680720422076577,0.36611902642603145
Interactive,AFE,Country resampling,0,795,0.11266360477091109,-0.8530027948031971
Interactive,AFE,Country resampling,0,796,-0.39305639175266616,0.10305794406480251
Interactive,AFE,Country resampling,0,797,-0.04188327974739792,0.27576321568426687
Interactive,AFE,Country resampling,0,798,-0.4479012201451481,0.15624110585627438
Interactive,AFE,Country resampling,0,799,-0.28660175538624055,0.12377528906697588
Interactive,AFE,Country resampling,0,800,-0.7124653800730424,-0.10227899284249331
Interactive,AFE,Country resampling,0,801,-0.15601670093585462,0.11388007439162784
Interactive,AFE,Country resampling,0,802,-0.20423838811748662,0.12703435018727183
Interactive,AFE,Country resampling,0,803,0.9624219787612172,0.34845905593143933
Interactive,AFE,Country resampling,0,804,-0.5605108020915928,-0.15687240030464022
Interactive,AFE,Country resampling,0,805,-0.4119372385082528,-0.015984766774171932
Interactive,AFE,Country resampling,0,806,-0.5601946462392644,-0.21416801610983116
Interactive,AFE,Country resampling,0,807,-0.39595831891986166,0.032741043271946824
Interactive,AFE,Country resampling,0,808,0.0010935876997857363,-1.1201999831329394
Interactive,AFE,Country resampling,0,809,-0.5920960219140339,-0.8155880813061698
Interactive,AFE,Country resampling,0,810,-0.5369754948320653,-0.20800657363106279
Interactive,AFE,Country resampling,0,811,-0.37390886956890534,0.05310023996876556
Interactive,AFE,Country resampling,0,812,-0.5795977916104207,-0.11142386133792026
Interactive,AFE,Country resampling,0,813,-0.45516708660604,-0.1916539583986563
Interactive,AFE,Country resampling,0,814,0.31477983324068104,0.3425115129190546
Interactive,AFE,Country resampling,0,815,-0.6873617163555295,-0.09837223391352046
Interactive,AFE,Country resampling,0,816,-0.17695396039345712,-0.2547301120509302
Interactive,AFE,Country resampling,0,817,0.3176039842162621,-1.7330925714108794
Interactive,AFE,Country resampling,0,818,0.0061651514547387265,-0.19710147880732376
Interactive,AFE,Country resampling,0,819,0.49115968145148914,0.10115849631841645
Interactive,AFE,Country resampling,0,820,-0.711020517816064,-0.8755299910779404
Interactive,AFE,Country resampling,0,821,0.6591918774080763,-11.348966055728543
Interactive,AFE,Country resampling,0,822,-0.41279701241604283,-0.19888663144877505
Interactive,AFE,Country resampling,0,823,-0.1362892936055511,0.04466032719246282
Interactive,AFE,Country resampling,0,824,0.35589210054499043,-0.14691680804531249
Interactive,AFE,Country resampling,0,825,0.17963845968614467,-1.8991462840948972
Interactive,AFE,Country resampling,0,826,0.01693235436910623,-0.06645382020525048
Interactive,AFE,Country resampling,0,827,-0.47276463221132936,0.1864076697276832
Interactive,AFE,Country resampling,0,828,-0.07547398575667019,0.24500765302306304
Interactive,AFE,Country resampling,0,829,-0.6492709779208143,-0.051289698881029855
Interactive,AFE,Country resampling,0,830,-0.2577918384236465,-0.04548473862413127
Interactive,AFE,Country resampling,0,831,-0.21691950132900328,0.029719002629904456
Interactive,AFE,Country resampling,0,832,0.19361583472254718,-0.5389629832245089
Interactive,AFE,Country resampling,0,833,-0.4603215554502178,0.006047587474345528
Interactive,AFE,Country resampling,0,834,-0.3527416401205904,0.11296305877074198
Interactive,AFE,Country resampling,0,835,-0.01919814210768711,0.027920779101853532
Interactive,AFE,Country resampling,0,836,-0.4253092191714013,-0.2647225306488916
Interactive,AFE,Country resampling,0,837,-0.1588381577582647,0.13002477199587936
Interactive,AFE,Country resampling,0,838,-0.3515337104222307,-0.5002380438460505
Interactive,AFE,Country resampling,0,839,0.42404686511485257,-0.055088947558864954
Interactive,AFE,Country resampling,0,840,-0.37681570044001367,0.1042820575855572
Interactive,AFE,Country resampling,0,841,-0.3820301301004517,0.03495645068200226
Interactive,AFE,Country resampling,0,842,-0.5139228825386952,0.06985501953312678
Interactive,AFE,Country resampling,0,843,0.44346397088098377,-13.561931993077556
Interactive,AFE,Country resampling,0,844,0.14205117837542303,0.25935561876561786
Interactive,AFE,Country resampling,0,845,-0.2811804049503429,-0.14135004419588926
Interactive,AFE,Country resampling,0,846,0.12900175280775872,-0.07929972006435149
Interactive,AFE,Country resampling,0,847,-0.3525475533470851,-0.10110483387536551
Interactive,AFE,Country resampling,0,848,-0.09027632188785673,-0.3408116476369031
Interactive,AFE,Country resampling,0,849,-0.012055085964374324,0.24891478011443235
Interactive,AFE,Country resampling,0,850,0.023083390576955853,0.22558066253406228
Interactive,AFE,Country resampling,0,851,-0.27169634650415075,-0.6386176993490403
Interactive,AFE,Country resampling,0,852,-0.5431403008670372,-0.01448046818257942
Interactive,AFE,Country resampling,0,853,-0.17173686316871206,-0.6665737768027463
Interactive,AFE,Country resampling,0,854,0.35322301917422827,0.38832114513869076
Interactive,AFE,Country resampling,0,855,-0.31472773998006087,0.15067676384220163
Interactive,AFE,Country resampling,0,856,-0.32242493189219945,0.0763714886024085
Interactive,AFE,Country resampling,0,857,-0.47710693259852566,-0.3155397080271036
Interactive,AFE,Country resampling,0,858,-0.3912909247470798,-0.05378229899310383
Interactive,AFE,Country resampling,0,859,-0.5472988880412519,-0.4654564888512074
Interactive,AFE,Country resampling,0,860,-0.46304508400705513,0.011445982052304182
Interactive,AFE,Country resampling,0,861,0.143491840837084,-4.534811541062833
Interactive,AFE,Country resampling,0,862,0.7613667589685269,0.4779511234017182
Interactive,AFE,Country resampling,0,863,-0.5337720630389711,-0.11001098871407244
Interactive,AFE,Country resampling,0,864,-9.658611961844699e-4,0.20055189820449426
Interactive,AFE,Country resampling,0,865,0.12454760341719529,0.14655558649985656
Interactive,AFE,Country resampling,0,866,-0.029448048401742644,0.023672871781251992
Interactive,AFE,Country resampling,0,867,-0.5290279997751126,-0.08214239735546391
Interactive,AFE,Country resampling,0,868,-0.23582274001473713,-0.25621829192967016
Interactive,AFE,Country resampling,0,869,-0.2547237386789424,-0.027373857704585336
Interactive,AFE,Country resampling,0,870,-0.5581256325196874,0.027689349507292405
Interactive,AFE,Country resampling,0,871,-0.5430065408158948,-1.073034496494467
Interactive,AFE,Country resampling,0,872,-0.33360030131786156,-0.3152713427568772
Interactive,AFE,Country resampling,0,873,0.5201562724537248,0.1632548544946688
Interactive,AFE,Country resampling,0,874,0.10068583873088333,-0.11669246914585685
Interactive,AFE,Country resampling,0,875,0.012396851747022541,-1.1514312381797973
Interactive,AFE,Country resampling,0,876,0.08070392432444629,-0.03901822886777384
Interactive,AFE,Country resampling,0,877,0.2945580153548206,-0.29113296015984846
Interactive,AFE,Country resampling,0,878,1.8556532426917225,-0.13657150273808893
Interactive,AFE,Country resampling,0,879,-0.6188215678347581,-0.16447684169937504
Interactive,AFE,Country resampling,0,880,0.34647109658321074,-0.08847353956781712
Interactive,AFE,Country resampling,0,881,0.5518528129167033,0.34461385318894466
Interactive,AFE,Country resampling,0,882,-0.13993207627790516,-0.1889163358065894
Interactive,AFE,Country resampling,0,883,-0.3305734187781437,0.29537366844917456
Interactive,AFE,Country resampling,0,884,0.06275536621529554,0.03355357880423915
Interactive,AFE,Country resampling,0,885,-0.6836527703963838,-0.31435542656518145
Interactive,AFE,Country resampling,0,886,-0.1664867062601093,-1.7101019804101831
Interactive,AFE,Country resampling,0,887,-0.46257954237504473,0.1073391258277594
Interactive,AFE,Country resampling,0,888,0.010080414167148888,0.20327787450898294
Interactive,AFE,Country resampling,0,889,-0.41819652140961794,0.16687736590357682
Interactive,AFE,Country resampling,0,890,-0.006475908027347765,-0.3823806346784169
Interactive,AFE,Country resampling,0,891,-0.0657845085551314,0.05724408269709502
Interactive,AFE,Country resampling,0,892,0.07819335392285764,-0.16056884350260336
Interactive,AFE,Country resampling,0,893,-0.41759241518900714,0.10582196523562737
Interactive,AFE,Country resampling,0,894,0.17140901772074968,0.6260149521842924
Interactive,AFE,Country resampling,0,895,-0.4066352903263095,-0.4581094343287415
Interactive,AFE,Country resampling,0,896,-0.38578334123126,0.06141387567679346
Interactive,AFE,Country resampling,0,897,-0.022444102887491435,-0.14763279083406566
Interactive,AFE,Country resampling,0,898,0.02803504509603494,-0.032009671773799875
Interactive,AFE,Country resampling,0,899,-0.5721095930528175,-0.7855111517332751
Interactive,AFE,Country resampling,0,900,0.010862524817980335,-6.47803605827413
Interactive,AFE,Country resampling,0,901,-0.034162663777015934,-3.604897442823173
Interactive,AFE,Country resampling,0,902,-0.324414730968812,-0.7945433961176135
Interactive,AFE,Country resampling,0,903,0.11899171016387378,-0.0703460449888813
Interactive,AFE,Country resampling,0,904,-0.21323812489584637,-0.0873239845590823
Interactive,AFE,Country resampling,0,905,-0.5135195170131603,-0.013399023813080002
Interactive,AFE,Country resampling,0,906,-0.11270053719377571,0.32611866699086467
Interactive,AFE,Country resampling,0,907,-0.34989389586829367,0.18969696778775258
Interactive,AFE,Country resampling,0,908,-0.03832326989048829,0.18479657400981853
Interactive,AFE,Country resampling,0,909,-0.5220913051293048,0.0035008423909325126
Interactive,AFE,Country resampling,0,910,-0.044763038895770046,0.0558596628107515
Interactive,AFE,Country resampling,0,911,-0.18628331409975674,0.20197928276308663
Interactive,AFE,Country resampling,0,912,-0.07454045942914278,-0.008163158474349341
Interactive,AFE,Country resampling,0,913,-0.16823278515889695,0.36132770348366006
Interactive,AFE,Country resampling,0,914,-0.08781899261730253,0.1656197893430944
Interactive,AFE,Country resampling,0,915,-0.3935480580602405,-0.004709073042002965
Interactive,AFE,Country resampling,0,916,-0.6001473809566709,0.06928903825903221
Interactive,AFE,Country resampling,0,917,-0.2102022629284377,-0.11674682791196489
Interactive,AFE,Country resampling,0,918,-0.057810623447714815,0.06921834811528871
Interactive,AFE,Country resampling,0,919,-0.41156647749958153,-0.05706111320319196
Interactive,AFE,Country resampling,0,920,0.2195140363671464,0.11908845395060341
Interactive,AFE,Country resampling,0,921,-0.3477085647595227,0.08783991555262016
Interactive,AFE,Country resampling,0,922,-0.48074596592108054,0.1111116206549263
Interactive,AFE,Country resampling,0,923,-0.5747889006506578,0.07523542781004977
Interactive,AFE,Country resampling,0,924,-0.7140177474684186,0.05324553075630423
Interactive,AFE,Country resampling,0,925,0.0061479627242071455,0.21436033851261826
Interactive,AFE,Country resampling,0,926,-0.033139647272251604,0.4148943877471768
Interactive,AFE,Country resampling,0,927,-0.2768207733453768,0.1821107316951196
Interactive,AFE,Country resampling,0,928,0.3952004061303449,0.034181723188036583
Interactive,AFE,Country resampling,0,929,-0.07620077982878326,0.0054332006742568995
Interactive,AFE,Country resampling,0,930,-0.13973814345363744,0.15587518344815687
Interactive,AFE,Country resampling,0,931,-0.4860505724763602,0.19913471582064768
Interactive,AFE,Country resampling,0,932,0.12434863768937898,0.34296058942669905
Interactive,AFE,Country resampling,0,933,-0.6338679492422286,0.03151404440465466
Interactive,AFE,Country resampling,0,934,-0.3739638808300433,-1.091973801260668
Interactive,AFE,Country resampling,0,935,-0.7355735310031766,-1.008419645508398
Interactive,AFE,Country resampling,0,936,-0.2974178695835179,-0.012278089739947817
Interactive,AFE,Country resampling,0,937,0.44561219564026766,0.32609002214220073
Interactive,AFE,Country resampling,0,938,-0.5595856982918854,-0.1684224365153475
Interactive,AFE,Country resampling,0,939,0.21061710650883825,0.18978793147785877
Interactive,AFE,Country resampling,0,940,-0.05141518959426028,-0.0716234484859064
Interactive,AFE,Country resampling,0,941,-0.18067365393843693,0.14305108140476597
Interactive,AFE,Country resampling,0,942,-0.012221406611380492,0.39943698064976507
Interactive,AFE,Country resampling,0,943,-0.12493957146841361,0.037498160181988593
Interactive,AFE,Country resampling,0,944,-0.3669157074017356,0.054572397383856774
Interactive,AFE,Country resampling,0,945,-0.25076831657933574,0.017093946540324256
Interactive,AFE,Country resampling,0,946,0.3444666440462443,0.4173456714394974
Interactive,AFE,Country resampling,0,947,-0.6390539569036516,0.016825055994133753
Interactive,AFE,Country resampling,0,948,-0.08011007256135594,-0.6979617043809745
Interactive,AFE,Country resampling,0,949,0.31317071439067856,-1.080599295056432
Interactive,AFE,Country resampling,0,950,-0.35519732283405436,0.14788428565410738
Interactive,AFE,Country resampling,0,951,-0.3566735878779552,0.10877104908187252
Interactive,AFE,Country resampling,0,952,0.02500912224448415,0.19169185951729806
Interactive,AFE,Country resampling,0,953,-0.5341504869482445,-0.7807064742108707
Interactive,AFE,Country resampling,0,954,-0.10927480616751573,0.11194907442712831
Interactive,AFE,Country resampling,0,955,-0.431880364845579,0.012409790463185022
Interactive,AFE,Country resampling,0,956,-0.44621716052916593,-0.2528943136046292
Interactive,AFE,Country resampling,0,957,-0.2502880257973993,0.04210132610462125
Interactive,AFE,Country resampling,0,958,0.41082810827567773,0.5190332651390416
Interactive,AFE,Country resampling,0,959,0.5735803933027117,0.1447331828077827
Interactive,AFE,Country resampling,0,960,-0.5691997365086008,0.07795286373654009
Interactive,AFE,Country resampling,0,961,-0.3318637180318843,-0.014829245361641208
Interactive,AFE,Country resampling,0,962,-0.7112098974750507,0.1077905734553598
Interactive,AFE,Country resampling,0,963,-0.05693839562796554,-0.0804736592885319
Interactive,AFE,Country resampling,0,964,0.0985588315776631,0.04049157811749726
Interactive,AFE,Country resampling,0,965,0.14688594758158136,0.07888873780808803
Interactive,AFE,Country resampling,0,966,-0.47994528037615636,-0.4328735798359171
Interactive,AFE,Country resampling,0,967,-0.21170098750777988,0.09234834703764039
Interactive,AFE,Country resampling,0,968,-0.01641576540865375,-3.420556617395835
Interactive,AFE,Country resampling,0,969,0.25113388426701033,-0.22970248500017898
Interactive,AFE,Country resampling,0,970,-0.27608317754494305,0.08846671563048769
Interactive,AFE,Country resampling,0,971,-0.6049047385734567,-0.1258880808788344
Interactive,AFE,Country resampling,0,972,-0.49869334828861067,-0.2807104189316465
Interactive,AFE,Country resampling,0,973,0.880815447637076,0.7053528280737846
Interactive,AFE,Country resampling,0,974,-0.6395249824914023,-0.38186402490526117
Interactive,AFE,Country resampling,0,975,-0.3297473584547542,-0.19622786700204198
Interactive,AFE,Country resampling,0,976,-0.689382330923871,0.019890994571035492
Interactive,AFE,Country resampling,0,977,-0.21138940998861078,-0.9631995157335825
Interactive,AFE,Country resampling,0,978,0.23004991912126105,-0.01499833386521554
Interactive,AFE,Country resampling,0,979,-0.17490684585799843,0.03531389000535112
Interactive,AFE,Country resampling,0,980,-0.43128012617470257,-7.050576399829444
Interactive,AFE,Country resampling,0,981,0.1486416057644413,0.33260549577621146
Interactive,AFE,Country resampling,0,982,0.4863932319560653,-0.31991484419283833
Interactive,AFE,Country resampling,0,983,0.07627256706167662,-0.4129978344544232
Interactive,AFE,Country resampling,0,984,-0.15987465782322607,-0.039701987367080305
Interactive,AFE,Country resampling,0,985,0.13331504373777658,0.1725317552197152
Interactive,AFE,Country resampling,0,986,-0.06365822461942972,-0.6927783531562479
Interactive,AFE,Country resampling,0,987,-0.2456615787125771,0.19629214578727305
Interactive,AFE,Country resampling,0,988,-0.4242208664412863,0.07996160351397252
Interactive,AFE,Country resampling,0,989,-0.2996455939646201,0.23098300197657018
Interactive,AFE,Country resampling,0,990,-0.10251328737254328,0.052417986924002014
Interactive,AFE,Country resampling,0,991,-0.23122929567215755,0.006140443519369487
Interactive,AFE,Country resampling,0,992,0.7054129413166546,0.4425784186917394
Interactive,AFE,Country resampling,0,993,-0.15703476096975788,-0.257350240423981
Interactive,AFE,Country resampling,0,994,0.45948782781248854,0.4615419137891399
Interactive,AFE,Country resampling,0,995,0.37676757725870447,0.11290886280771528
Interactive,AFE,Country resampling,0,996,-0.19743913591127615,0.16899936326808573
Interactive,AFE,Country resampling,0,997,-0.24808917341340153,0.03285417121472933
Interactive,AFE,Country resampling,0,998,-0.10518552422621574,0.10482683028239626
Interactive,AFE,Country resampling,0,999,0.07559042383215031,-0.30812612080563917
Interactive,AFE,Country resampling,0,1000,-0.6724303505496492,-0.004843699951681546
Interactive,AFE,Country resampling,1,1,-0.6518443864823171,0.0022214213417329765
Interactive,AFE,Country resampling,1,2,1.7380687831794672,-2.588216929195661
Interactive,AFE,Country resampling,1,3,0.9752769762978324,-0.13133851911092442
Interactive,AFE,Country resampling,1,4,0.3069612808927866,0.44164880529797756
Interactive,AFE,Country resampling,1,5,-0.5901559696282137,0.007422809613404802
Interactive,AFE,Country resampling,1,6,-0.5153430237678204,-0.0027658709541944493
Interactive,AFE,Country resampling,1,7,2.064877567636749,-5.935714651186883
Interactive,AFE,Country resampling,1,8,-0.010193231982108641,0.2464140838628699
Interactive,AFE,Country resampling,1,9,-0.01596197465664062,-0.02911686813908898
Interactive,AFE,Country resampling,1,10,-0.41245758259187326,0.18949025008482134
Interactive,AFE,Country resampling,1,11,-0.39311272901317607,0.062043034964833765
Interactive,AFE,Country resampling,1,12,-0.662548140365728,-0.1915341384753907
Interactive,AFE,Country resampling,1,13,-0.21790521716239775,0.07326153140856717
Interactive,AFE,Country resampling,1,14,0.36525377659986336,-0.651790236174709
Interactive,AFE,Country resampling,1,15,-0.19200670081757187,-0.24820803431991156
Interactive,AFE,Country resampling,1,16,-0.0533302908809391,0.1933832582371644
Interactive,AFE,Country resampling,1,17,1.6849685071987945,0.8758178270321466
Interactive,AFE,Country resampling,1,18,0.03592588605304381,0.2783389105466846
Interactive,AFE,Country resampling,1,19,-0.5221561708187878,0.006330026140750289
Interactive,AFE,Country resampling,1,20,-0.4161788564384088,0.32202052933242364
Interactive,AFE,Country resampling,1,21,-0.662974948975384,0.09200974395523631
Interactive,AFE,Country resampling,1,22,1.4570261083301124,-0.35788417076270695
Interactive,AFE,Country resampling,1,23,-0.29389510080372805,0.026110281128192137
Interactive,AFE,Country resampling,1,24,0.8537570035364561,-0.6680603499325974
Interactive,AFE,Country resampling,1,25,-0.3693952108526104,-0.07717531264494903
Interactive,AFE,Country resampling,1,26,1.0624344014038773,-0.24006718983029307
Interactive,AFE,Country resampling,1,27,-0.6653503358927928,0.048860041972541235
Interactive,AFE,Country resampling,1,28,0.006765521990103052,-0.07599130410244848
Interactive,AFE,Country resampling,1,29,0.16152878267572968,0.3338916210198837
Interactive,AFE,Country resampling,1,30,0.7142766901688806,1.1778856009881902
Interactive,AFE,Country resampling,1,31,0.5862768687057647,0.11063049894014698
Interactive,AFE,Country resampling,1,32,-0.8242581339725016,0.09455088751685792
Interactive,AFE,Country resampling,1,33,-0.018143537256478326,0.30024039521747614
Interactive,AFE,Country resampling,1,34,0.0478447661299064,0.05713735163337741
Interactive,AFE,Country resampling,1,35,-0.051408741435240546,0.15220774948607674
Interactive,AFE,Country resampling,1,36,-0.30004264793500346,-0.12829202994467248
Interactive,AFE,Country resampling,1,37,-0.3620845717403557,-0.0675633750812662
Interactive,AFE,Country resampling,1,38,-0.5862031898029958,0.17084720650159835
Interactive,AFE,Country resampling,1,39,-0.413224061282937,-0.025721541245565693
Interactive,AFE,Country resampling,1,40,0.7849131523841757,0.6671065169953918
Interactive,AFE,Country resampling,1,41,-0.13755610323179668,0.29435942401780624
Interactive,AFE,Country resampling,1,42,-0.786592384625274,-0.01854793951823419
Interactive,AFE,Country resampling,1,43,0.37999705960778707,0.1672190992489988
Interactive,AFE,Country resampling,1,44,-0.17119090314926866,-0.4060508480227587
Interactive,AFE,Country resampling,1,45,-0.14783704876555792,0.21479540286197085
Interactive,AFE,Country resampling,1,46,-0.7154458601771931,-0.0160934988535828
Interactive,AFE,Country resampling,1,47,-0.4138672880505275,0.10005644019685278
Interactive,AFE,Country resampling,1,48,-0.5476721924968745,0.03850538686327698
Interactive,AFE,Country resampling,1,49,-0.5194849251891704,0.15029104450068997
Interactive,AFE,Country resampling,1,50,-0.4115052502682286,0.10293534911233071
Interactive,AFE,Country resampling,1,51,-0.6954017383245747,-0.04643288425937253
Interactive,AFE,Country resampling,1,52,-0.6444910127071377,0.1576293596373588
Interactive,AFE,Country resampling,1,53,-0.5725869465717732,-9.354485421896108
Interactive,AFE,Country resampling,1,54,-0.48080240706021726,0.013534150955575086
Interactive,AFE,Country resampling,1,55,-0.22126239916216495,0.15294450845150265
Interactive,AFE,Country resampling,1,56,-0.7509475668872894,0.04969047604588894
Interactive,AFE,Country resampling,1,57,-0.09430764455782159,-0.03217687398812752
Interactive,AFE,Country resampling,1,58,-0.5929477493802111,0.015305894161127487
Interactive,AFE,Country resampling,1,59,-0.24753041143247811,0.09461417767446079
Interactive,AFE,Country resampling,1,60,0.244504392009945,0.5648212301574655
Interactive,AFE,Country resampling,1,61,-0.48982031989323327,-0.34639679334851337
Interactive,AFE,Country resampling,1,62,0.7262706066009579,-0.4820944096770017
Interactive,AFE,Country resampling,1,63,-0.6902575935834032,-0.10414890785333442
Interactive,AFE,Country resampling,1,64,0.7736638307233255,0.11549627908638715
Interactive,AFE,Country resampling,1,65,-0.04269170640957354,0.053962786385513106
Interactive,AFE,Country resampling,1,66,-0.5469685677588669,0.06869172573429827
Interactive,AFE,Country resampling,1,67,0.7877553837704947,-0.247183919980261
Interactive,AFE,Country resampling,1,68,-0.5999879418808487,-0.5860096522511222
Interactive,AFE,Country resampling,1,69,0.17360469632400521,-1.4853511443916112
Interactive,AFE,Country resampling,1,70,-0.15119113258881778,-0.073838164621019
Interactive,AFE,Country resampling,1,71,-0.4336088885903546,-3.2481332862173087
Interactive,AFE,Country resampling,1,72,-0.24911494542261614,0.30979060927051827
Interactive,AFE,Country resampling,1,73,-0.46919923969194177,-0.00439059861231772
Interactive,AFE,Country resampling,1,74,-0.41794842891241957,0.163910282339075
Interactive,AFE,Country resampling,1,75,-0.47174576418339464,0.012141660798027698
Interactive,AFE,Country resampling,1,76,-0.5683619974726215,0.053360684444405115
Interactive,AFE,Country resampling,1,77,1.1835258145926772,-0.0973070756161385
Interactive,AFE,Country resampling,1,78,-0.5116650324340187,0.19369306722986024
Interactive,AFE,Country resampling,1,79,-0.47176041578345596,0.15334193948085761
Interactive,AFE,Country resampling,1,80,-0.745446560672594,-0.007128011069391871
Interactive,AFE,Country resampling,1,81,-0.6936089689161243,0.009019848655605123
Interactive,AFE,Country resampling,1,82,0.0974027403709774,-0.8828980071135293
Interactive,AFE,Country resampling,1,83,-0.027166229662373698,0.03327209037984569
Interactive,AFE,Country resampling,1,84,0.0350710478861036,0.23674791121558436
Interactive,AFE,Country resampling,1,85,-0.18956662358293075,-0.11171314895288842
Interactive,AFE,Country resampling,1,86,0.38251828946120403,-0.08533365509297774
Interactive,AFE,Country resampling,1,87,-0.2969867718504672,-0.2687389739777859
Interactive,AFE,Country resampling,1,88,0.6614130429210396,-1.914716741439122
Interactive,AFE,Country resampling,1,89,-0.2697054167530165,-0.08253691752523273
Interactive,AFE,Country resampling,1,90,1.7369520548107542,-0.13110891586194962
Interactive,AFE,Country resampling,1,91,0.38403348178091834,0.5078410712305046
Interactive,AFE,Country resampling,1,92,-0.7398312595190873,-0.021586233354468187
Interactive,AFE,Country resampling,1,93,-0.45018707646453393,0.1740787025182109
Interactive,AFE,Country resampling,1,94,0.6066517942983138,-4.537792914919096
Interactive,AFE,Country resampling,1,95,0.023983215126571977,0.13878084336968144
Interactive,AFE,Country resampling,1,96,-0.2047876138965944,0.2839503461878571
Interactive,AFE,Country resampling,1,97,-0.3008242108064796,-0.04234314752781465
Interactive,AFE,Country resampling,1,98,-0.5575056347623921,0.09246388103707082
Interactive,AFE,Country resampling,1,99,-0.49623784536309323,-0.6653867151068248
Interactive,AFE,Country resampling,1,100,-0.1343082430543886,0.32850721344920186
Interactive,AFE,Country resampling,1,101,-0.5329239618248655,-0.09732992733133083
Interactive,AFE,Country resampling,1,102,0.19511060731248264,0.1317631107864643
Interactive,AFE,Country resampling,1,103,-0.606562717610539,-0.0029691595103125135
Interactive,AFE,Country resampling,1,104,-0.5487077224453146,0.13234383028800967
Interactive,AFE,Country resampling,1,105,-0.5120829036429793,0.22181228774865036
Interactive,AFE,Country resampling,1,106,0.019790109031798453,-0.14162261612846083
Interactive,AFE,Country resampling,1,107,1.2183708833226001,0.7232807497650442
Interactive,AFE,Country resampling,1,108,-0.38520731584639856,0.2414261717388807
Interactive,AFE,Country resampling,1,109,0.29917479700677974,0.06974269356285379
Interactive,AFE,Country resampling,1,110,-0.40522034966946463,-0.04809521765690772
Interactive,AFE,Country resampling,1,111,-0.7041661777338224,0.13658596712917226
Interactive,AFE,Country resampling,1,112,0.24896457578280962,0.3211317373765481
Interactive,AFE,Country resampling,1,113,0.13316747277366847,0.0036189362121648028
Interactive,AFE,Country resampling,1,114,0.5258300650798304,-1.0323026406220257
Interactive,AFE,Country resampling,1,115,-0.088754518118863035,0.3256422709385641
Interactive,AFE,Country resampling,1,116,-0.5363782109507842,0.14092141750675335
Interactive,AFE,Country resampling,1,117,-0.05591298620354701,-0.15602520640951933
Interactive,AFE,Country resampling,1,118,0.12691249657707915,-0.8925629660880243
Interactive,AFE,Country resampling,1,119,-0.37508096474342034,-0.915540351340626
Interactive,AFE,Country resampling,1,120,0.2946089182980991,-1.4316535702296829
Interactive,AFE,Country resampling,1,121,0.7772651933746744,0.2781908164716791
Interactive,AFE,Country resampling,1,122,0.5682861568758859,-0.5777261485712797
Interactive,AFE,Country resampling,1,123,2.4830347513213322,-0.510534121714453
Interactive,AFE,Country resampling,1,124,-0.44150964606808785,-4.077262980806918
Interactive,AFE,Country resampling,1,125,-0.5991956594544576,0.04931341598561911
Interactive,AFE,Country resampling,1,126,-0.5674030635672362,0.03671148357468401
Interactive,AFE,Country resampling,1,127,-0.625363179941287,0.13462805528059074
Interactive,AFE,Country resampling,1,128,-0.681359658906089,-7.234874110330081e-4
Interactive,AFE,Country resampling,1,129,-0.358456201385146,-0.1909992814873498
Interactive,AFE,Country resampling,1,130,-0.4757528112974969,-0.23931771081012432
Interactive,AFE,Country resampling,1,131,-0.20623870600279115,-0.12390812931064232
Interactive,AFE,Country resampling,1,132,0.13829470511336028,-0.8792585392371857
Interactive,AFE,Country resampling,1,133,0.09139190982445111,0.5609022175682089
Interactive,AFE,Country resampling,1,134,-0.36804827014048747,-0.07564997234761872
Interactive,AFE,Country resampling,1,135,-0.18974650831520312,0.08612286150926873
Interactive,AFE,Country resampling,1,136,-0.09423920380674666,0.4688490397785907
Interactive,AFE,Country resampling,1,137,0.954535452002339,0.31966962812395794
Interactive,AFE,Country resampling,1,138,-0.07933291095695516,0.2630533567976129
Interactive,AFE,Country resampling,1,139,-0.035518006004852776,-1.0299647158638285
Interactive,AFE,Country resampling,1,140,-0.7726252695102899,0.1245391568689086
Interactive,AFE,Country resampling,1,141,0.16427212820632975,-2.452592299230301
Interactive,AFE,Country resampling,1,142,-0.707929343180671,-0.015037738100098674
Interactive,AFE,Country resampling,1,143,-0.604741806114343,0.05491206340043653
Interactive,AFE,Country resampling,1,144,-0.5822336961264363,0.12337393814424191
Interactive,AFE,Country resampling,1,145,0.6485021360387202,0.7378175765520721
Interactive,AFE,Country resampling,1,146,-0.27372821877926423,0.12091310202592764
Interactive,AFE,Country resampling,1,147,-0.07164700580928451,0.3369691230183859
Interactive,AFE,Country resampling,1,148,-0.48272549986735214,-0.30380186139633447
Interactive,AFE,Country resampling,1,149,-0.4772617974421275,0.139715288528525
Interactive,AFE,Country resampling,1,150,-0.5126788349995767,-0.10234456746786635
Interactive,AFE,Country resampling,1,151,-0.49009600199759085,-0.09769050392641632
Interactive,AFE,Country resampling,1,152,0.31395044218354906,0.09051446853113032
Interactive,AFE,Country resampling,1,153,-0.18745995189976394,0.3358055450946632
Interactive,AFE,Country resampling,1,154,0.6324373610171794,0.684519406130214
Interactive,AFE,Country resampling,1,155,0.2369382347873028,0.7267086906103905
Interactive,AFE,Country resampling,1,156,-0.5142161604336507,-0.15551198457359838
Interactive,AFE,Country resampling,1,157,-0.37457849655927944,0.05140366273343999
Interactive,AFE,Country resampling,1,158,-0.03015183127789567,0.04485002716914244
Interactive,AFE,Country resampling,1,159,-0.36828410332548744,0.08861017967207929
Interactive,AFE,Country resampling,1,160,0.9296988648421949,0.3532839817465516
Interactive,AFE,Country resampling,1,161,0.018092190274977993,0.10118781642750552
Interactive,AFE,Country resampling,1,162,-0.4532972045034187,-0.07779193277713325
Interactive,AFE,Country resampling,1,163,0.5024875408373206,0.5609742892886586
Interactive,AFE,Country resampling,1,164,0.13176731759679328,0.22010539135652896
Interactive,AFE,Country resampling,1,165,-0.648497483284475,-0.14253876409746458
Interactive,AFE,Country resampling,1,166,-0.3234848220482006,-1.5690659210610423
Interactive,AFE,Country resampling,1,167,-0.5708731829526212,0.03502089262942176
Interactive,AFE,Country resampling,1,168,-0.7563503265628124,-0.054648461397251324
Interactive,AFE,Country resampling,1,169,0.19202570439963407,0.096713696952615
Interactive,AFE,Country resampling,1,170,-0.2800611050562405,0.15965697791622746
Interactive,AFE,Country resampling,1,171,-0.28566089154423413,-0.05868617478120153
Interactive,AFE,Country resampling,1,172,1.314009271222457,-4.447411560645341
Interactive,AFE,Country resampling,1,173,-0.028174136000888472,0.05068358141825802
Interactive,AFE,Country resampling,1,174,0.9856847491023097,0.29170031834669397
Interactive,AFE,Country resampling,1,175,1.9619822943530827,-7.117910438366033
Interactive,AFE,Country resampling,1,176,-0.24087488148095337,0.14129382582377237
Interactive,AFE,Country resampling,1,177,-0.3517265692875624,0.10452455669092708
Interactive,AFE,Country resampling,1,178,0.18083020151073192,0.09458540186736619
Interactive,AFE,Country resampling,1,179,-0.417744504971013,0.16259802261524736
Interactive,AFE,Country resampling,1,180,-0.0033132945374737544,0.28722224930761997
Interactive,AFE,Country resampling,1,181,0.9953428823701134,-1.8567943578294521
Interactive,AFE,Country resampling,1,182,0.3587733319363704,-8.183207979247635
Interactive,AFE,Country resampling,1,183,0.2374447653024121,0.07089005666883885
Interactive,AFE,Country resampling,1,184,-0.39281357707819786,0.059766331367452574
Interactive,AFE,Country resampling,1,185,-0.13740882018127576,-0.16266938040627066
Interactive,AFE,Country resampling,1,186,-0.4421253179571555,0.1393099721965657
Interactive,AFE,Country resampling,1,187,-0.5349816477088094,-0.11360617983923094
Interactive,AFE,Country resampling,1,188,-0.31664982805453,0.3092141612464523
Interactive,AFE,Country resampling,1,189,-0.6107817217894332,0.054074944358236565
Interactive,AFE,Country resampling,1,190,0.3984576368812023,-0.12023750487479723
Interactive,AFE,Country resampling,1,191,-0.30958665023644283,0.007535828958958879
Interactive,AFE,Country resampling,1,192,-0.6312029467561151,0.14679907883776133
Interactive,AFE,Country resampling,1,193,0.7996294142039146,0.09651278754365733
Interactive,AFE,Country resampling,1,194,0.710153203896895,0.22796461431972181
Interactive,AFE,Country resampling,1,195,-0.4806731649766256,-0.08857860845263754
Interactive,AFE,Country resampling,1,196,1.0244396583769637,-1.277186315767593
Interactive,AFE,Country resampling,1,197,-0.5483632212929517,0.0033100514614360366
Interactive,AFE,Country resampling,1,198,1.3947791716286697,0.10215669366567015
Interactive,AFE,Country resampling,1,199,0.33634049582433834,-2.3610813552388272
Interactive,AFE,Country resampling,1,200,0.24199184607494217,0.6652589082941519
Interactive,AFE,Country resampling,1,201,-0.2491886432099364,0.11232158103362933
Interactive,AFE,Country resampling,1,202,-0.2038206587083281,0.20318590088096578
Interactive,AFE,Country resampling,1,203,-0.16242493841833572,-0.37842175716343485
Interactive,AFE,Country resampling,1,204,-0.5037328976434149,-1.7476660538204638
Interactive,AFE,Country resampling,1,205,-0.5849252854127671,0.06786489880796842
Interactive,AFE,Country resampling,1,206,-0.6860881150418379,0.09934037218356984
Interactive,AFE,Country resampling,1,207,-0.08305238461807929,-0.17900529420672817
Interactive,AFE,Country resampling,1,208,-0.4308708665125106,-0.1167386087107245
Interactive,AFE,Country resampling,1,209,0.40230030462668354,0.0616768545007067
Interactive,AFE,Country resampling,1,210,-0.6840587195200577,0.04081286233039805
Interactive,AFE,Country resampling,1,211,-0.23687685968786143,0.038486329426082544
Interactive,AFE,Country resampling,1,212,0.8025437766490848,-0.09290277691835525
Interactive,AFE,Country resampling,1,213,-0.5228500206297708,0.10244802837836486
Interactive,AFE,Country resampling,1,214,0.13385754753039247,-0.05025682766060591
Interactive,AFE,Country resampling,1,215,0.012046495412728397,-0.18656771816963968
Interactive,AFE,Country resampling,1,216,0.1210926102427452,0.6095105378275628
Interactive,AFE,Country resampling,1,217,0.24431671503818486,0.38442731773773975
Interactive,AFE,Country resampling,1,218,-0.3874570453853525,0.2746491132922495
Interactive,AFE,Country resampling,1,219,0.5672178444515379,-0.5391962110290391
Interactive,AFE,Country resampling,1,220,-0.16160432994295104,-1.359350678326147
Interactive,AFE,Country resampling,1,221,-0.3439886780976428,0.23759340279618246
Interactive,AFE,Country resampling,1,222,-0.6275030305789815,-0.07121729923072107
Interactive,AFE,Country resampling,1,223,-0.6167711953367201,0.18922777341049146
Interactive,AFE,Country resampling,1,224,-0.6055981659510226,0.041389868390873774
Interactive,AFE,Country resampling,1,225,-0.4355324555163306,-0.048610836878381636
Interactive,AFE,Country resampling,1,226,-0.6013540159948476,-0.07550728486256308
Interactive,AFE,Country resampling,1,227,-0.15494459352865197,0.22400924639738262
Interactive,AFE,Country resampling,1,228,-0.0389919942305188,-3.6906862060857373
Interactive,AFE,Country resampling,1,229,0.6026610910606398,-0.005935286670742279
Interactive,AFE,Country resampling,1,230,-0.450554696822851,-0.7639477831687475
Interactive,AFE,Country resampling,1,231,0.03459422300122972,0.07167853065399532
Interactive,AFE,Country resampling,1,232,-0.35356126276659716,-0.07024282065431742
Interactive,AFE,Country resampling,1,233,1.1010737908931931,-0.7532361277090671
Interactive,AFE,Country resampling,1,234,-0.17624564265027054,-0.09613413157652417
Interactive,AFE,Country resampling,1,235,-0.208153467136603,0.35108729925247073
Interactive,AFE,Country resampling,1,236,-0.3611445209304258,0.09887228536032178
Interactive,AFE,Country resampling,1,237,-0.1728146815946363,0.23240132460953544
Interactive,AFE,Country resampling,1,238,-0.2615511293339524,0.12373105188473843
Interactive,AFE,Country resampling,1,239,0.11054971998543328,0.37240964091398
Interactive,AFE,Country resampling,1,240,-0.6409717982466351,0.08689251819756583
Interactive,AFE,Country resampling,1,241,-0.3963546904377099,0.06031456966191262
Interactive,AFE,Country resampling,1,242,-0.5462881063856252,0.04652717495428582
Interactive,AFE,Country resampling,1,243,0.46375342181515666,-0.14302451354273327
Interactive,AFE,Country resampling,1,244,0.7653087248741435,0.30737795802110446
Interactive,AFE,Country resampling,1,245,-0.33993893549262844,-16.062858782321356
Interactive,AFE,Country resampling,1,246,0.34431726266766627,-0.5628919893860116
Interactive,AFE,Country resampling,1,247,2.0596098681903747,0.9351328073374812
Interactive,AFE,Country resampling,1,248,-0.2824837382955142,0.15281802553331836
Interactive,AFE,Country resampling,1,249,-0.3007021682318298,0.1385300281844133
Interactive,AFE,Country resampling,1,250,0.22030999225546455,0.4287641714827337
Interactive,AFE,Country resampling,1,251,-0.4356688465595471,-0.023187393628645747
Interactive,AFE,Country resampling,1,252,-0.10060387409353833,-0.007432146167928311
Interactive,AFE,Country resampling,1,253,-0.0968479319860015,0.2997868809844859
Interactive,AFE,Country resampling,1,254,-0.3942995428848116,0.03902162494471806
Interactive,AFE,Country resampling,1,255,-0.5519892535818616,0.05886255517984862
Interactive,AFE,Country resampling,1,256,-0.49476641438074154,0.053209983606512745
Interactive,AFE,Country resampling,1,257,0.33559788143489944,0.1036846963491651
Interactive,AFE,Country resampling,1,258,-0.21135364813387536,0.15833665448175993
Interactive,AFE,Country resampling,1,259,0.482313138787815,-1.2617513022817852
Interactive,AFE,Country resampling,1,260,0.6093688128225643,-0.314760296419732
Interactive,AFE,Country resampling,1,261,-0.3901583529505913,-0.7518031885377016
Interactive,AFE,Country resampling,1,262,0.3601929274778637,0.02128278235281056
Interactive,AFE,Country resampling,1,263,0.004740799680240659,0.11752957702102651
Interactive,AFE,Country resampling,1,264,-0.44376481437930104,0.013719846867673136
Interactive,AFE,Country resampling,1,265,0.04053419795950952,0.35317957235793773
Interactive,AFE,Country resampling,1,266,0.4431559879495197,0.10021782926765144
Interactive,AFE,Country resampling,1,267,-0.23221903186908266,0.38880148711115947
Interactive,AFE,Country resampling,1,268,1.706922075467837,-0.15246477330356534
Interactive,AFE,Country resampling,1,269,-0.1972182749956518,-0.21996501004148195
Interactive,AFE,Country resampling,1,270,-0.42447091279853355,0.2799690033908213
Interactive,AFE,Country resampling,1,271,-0.5826710510335988,0.23907626194680842
Interactive,AFE,Country resampling,1,272,-0.2375081423459654,0.17932045059218693
Interactive,AFE,Country resampling,1,273,0.08546611011213567,0.40272891537184896
Interactive,AFE,Country resampling,1,274,-0.11951252752963615,-0.3198575725644274
Interactive,AFE,Country resampling,1,275,-0.2582761720794854,0.012744939606838201
Interactive,AFE,Country resampling,1,276,-0.7720983483887844,-0.012503258539195095
Interactive,AFE,Country resampling,1,277,0.031750961770077524,-0.05735405423211515
Interactive,AFE,Country resampling,1,278,0.18202941050342591,-0.14131683672072426
Interactive,AFE,Country resampling,1,279,0.03784707085103012,-0.3061318743115151
Interactive,AFE,Country resampling,1,280,0.7382928029102731,0.9165107449067117
Interactive,AFE,Country resampling,1,281,-0.5217988706518697,0.1934583941253032
Interactive,AFE,Country resampling,1,282,-0.0031231995356324482,0.022895463121274218
Interactive,AFE,Country resampling,1,283,0.5333625288700918,0.10107676602371529
Interactive,AFE,Country resampling,1,284,-0.5516109222112171,0.10631382022996438
Interactive,AFE,Country resampling,1,285,0.23544833540466592,0.10729440594270923
Interactive,AFE,Country resampling,1,286,0.3177877326085572,0.12415732314983163
Interactive,AFE,Country resampling,1,287,-0.608295986756844,-0.08188177371864191
Interactive,AFE,Country resampling,1,288,3.3005040872728424,0.21712415126718998
Interactive,AFE,Country resampling,1,289,0.2665051657514754,-0.05019911075489536
Interactive,AFE,Country resampling,1,290,0.20165938067191957,0.21145807489900603
Interactive,AFE,Country resampling,1,291,-0.2734735748395687,0.056780730412290814
Interactive,AFE,Country resampling,1,292,-0.6354657632702099,0.16845570213301653
Interactive,AFE,Country resampling,1,293,0.308833996331352,-1.4767453141470446
Interactive,AFE,Country resampling,1,294,-0.5822030918149714,-0.02568112638190878
Interactive,AFE,Country resampling,1,295,-0.5850708436892231,-0.3747750267769183
Interactive,AFE,Country resampling,1,296,-0.4056170893015848,0.24151130329653403
Interactive,AFE,Country resampling,1,297,0.27601718457134794,0.21374244753213434
Interactive,AFE,Country resampling,1,298,-0.5186769798572517,0.02244957710186668
Interactive,AFE,Country resampling,1,299,0.2520812856890342,0.19260964199325192
Interactive,AFE,Country resampling,1,300,-0.7049347024596132,-0.09194249904674734
Interactive,AFE,Country resampling,1,301,-0.6015544106598839,-0.4670914958825447
Interactive,AFE,Country resampling,1,302,-0.4205516169452791,-0.49628871000643915
Interactive,AFE,Country resampling,1,303,-0.5718977475235802,-0.8075008506131856
Interactive,AFE,Country resampling,1,304,2.8432372708468483,2.536388118639353
Interactive,AFE,Country resampling,1,305,-0.6337708341072386,0.13302052656810393
Interactive,AFE,Country resampling,1,306,-0.5159791301095589,0.09701150231951505
Interactive,AFE,Country resampling,1,307,-0.26798657409399007,-0.7449104663156653
Interactive,AFE,Country resampling,1,308,-0.42947487229104275,0.023417777952478458
Interactive,AFE,Country resampling,1,309,-0.10024234580579472,0.22069910507910095
Interactive,AFE,Country resampling,1,310,0.24923159133640072,0.6439919136421347
Interactive,AFE,Country resampling,1,311,-0.1326593583446377,0.019483929389314425
Interactive,AFE,Country resampling,1,312,-0.07136032909478551,-0.006493091401724271
Interactive,AFE,Country resampling,1,313,0.03816299267486811,-1.4246233597942524
Interactive,AFE,Country resampling,1,314,-0.2781844067304732,-0.21851747738465643
Interactive,AFE,Country resampling,1,315,-0.40843497745896473,-0.04276942157882613
Interactive,AFE,Country resampling,1,316,0.25281678061967927,0.21820778419281162
Interactive,AFE,Country resampling,1,317,-0.6077449503249515,-0.0030222301085248704
Interactive,AFE,Country resampling,1,318,-0.16995757233691478,0.2251594358247624
Interactive,AFE,Country resampling,1,319,-0.43551449906786177,-0.1379715176612678
Interactive,AFE,Country resampling,1,320,-0.098096813416066575,-0.28673996690280845
Interactive,AFE,Country resampling,1,321,-0.14143302871541052,-0.5894218960245742
Interactive,AFE,Country resampling,1,322,-0.7139150182017718,-0.16840349411283873
Interactive,AFE,Country resampling,1,323,0.12411417033630578,-0.18569675767240934
Interactive,AFE,Country resampling,1,324,0.9902769980992396,0.3624344459699922
Interactive,AFE,Country resampling,1,325,0.09491964271663833,0.5509317486416164
Interactive,AFE,Country resampling,1,326,-0.8383983917822918,0.1205632602994352
Interactive,AFE,Country resampling,1,327,-0.7981676216500908,0.023202208846776706
Interactive,AFE,Country resampling,1,328,0.3483826809605901,0.4361202984668142
Interactive,AFE,Country resampling,1,329,-0.3346965933125363,-0.04165331582179943
Interactive,AFE,Country resampling,1,330,-0.0036384214319070685,0.30629045240535124
Interactive,AFE,Country resampling,1,331,1.2437364558354358,-0.6478468564763848
Interactive,AFE,Country resampling,1,332,0.035013259992744405,0.18827596911900235
Interactive,AFE,Country resampling,1,333,-0.4387454643210982,0.016756518823087818
Interactive,AFE,Country resampling,1,334,0.2368068225549591,0.05272700898536442
Interactive,AFE,Country resampling,1,335,-0.5018327561100124,-0.22250806073254126
Interactive,AFE,Country resampling,1,336,-0.41218684148037443,-0.4715471929549444
Interactive,AFE,Country resampling,1,337,-0.15908462461141404,0.25178901067442727
Interactive,AFE,Country resampling,1,338,0.5652079347883765,-0.8858767192235688
Interactive,AFE,Country resampling,1,339,-0.6019875996098756,-0.1489785056240992
Interactive,AFE,Country resampling,1,340,-0.46525967627163944,-0.222646963728528
Interactive,AFE,Country resampling,1,341,-0.1843821175475937,-0.018373102381122774
Interactive,AFE,Country resampling,1,342,-0.5883721591666916,0.06716334993064343
Interactive,AFE,Country resampling,1,343,-0.24919443564601262,0.19290932859576315
Interactive,AFE,Country resampling,1,344,-0.4862493816912311,0.05324946804792996
Interactive,AFE,Country resampling,1,345,-0.6754723318148715,-0.29711126451434255
Interactive,AFE,Country resampling,1,346,-0.4171460575810765,0.18786521110557075
Interactive,AFE,Country resampling,1,347,-0.4516676946548288,0.1513942572680511
Interactive,AFE,Country resampling,1,348,0.5168440978874038,-0.5864650348073073
Interactive,AFE,Country resampling,1,349,-0.17925088125075261,0.16578813256261515
Interactive,AFE,Country resampling,1,350,0.10661831992615589,-0.11083749786108821
Interactive,AFE,Country resampling,1,351,-0.3947852708143612,0.014586602361884915
Interactive,AFE,Country resampling,1,352,0.1405184131878796,0.5972123265694024
Interactive,AFE,Country resampling,1,353,0.5618851236495452,-0.2551879984378622
Interactive,AFE,Country resampling,1,354,-0.19068765705365087,0.2693816108476006
Interactive,AFE,Country resampling,1,355,-0.13847920785233203,0.14898343418538396
Interactive,AFE,Country resampling,1,356,8.915335416570525e-4,-1.0356290359257858
Interactive,AFE,Country resampling,1,357,-0.5895928755979026,0.1070472967311773
Interactive,AFE,Country resampling,1,358,0.27412064478059284,0.3039111072285362
Interactive,AFE,Country resampling,1,359,0.11337246656400657,-0.17106576479913782
Interactive,AFE,Country resampling,1,360,-0.16157509254788316,-0.5517989132557746
Interactive,AFE,Country resampling,1,361,-0.37638642990971816,0.06005469466787827
Interactive,AFE,Country resampling,1,362,-0.057015849503684324,-0.01680610659781956
Interactive,AFE,Country resampling,1,363,-0.5102133524787185,0.08272103595244995
Interactive,AFE,Country resampling,1,364,-0.39416666307033077,0.3895888892251288
Interactive,AFE,Country resampling,1,365,0.6685741879411005,-0.19777666396369953
Interactive,AFE,Country resampling,1,366,-0.37851063774730354,-0.11947402872542534
Interactive,AFE,Country resampling,1,367,-0.4498556826152219,-0.03371834479068525
Interactive,AFE,Country resampling,1,368,-0.017159865815003394,0.05995108691057838
Interactive,AFE,Country resampling,1,369,-0.7415565212355405,0.10842161080504498
Interactive,AFE,Country resampling,1,370,0.3658001361157277,-0.09067815494690845
Interactive,AFE,Country resampling,1,371,0.09524193673040604,-0.6236537433609084
Interactive,AFE,Country resampling,1,372,0.8395027792960639,0.30158005912067654
Interactive,AFE,Country resampling,1,373,1.0544563814204087,0.11912370315939325
Interactive,AFE,Country resampling,1,374,-0.5760180323387855,0.11826802122243574
Interactive,AFE,Country resampling,1,375,0.7251587782833444,0.385829904768602
Interactive,AFE,Country resampling,1,376,-0.22620698766687009,0.11869289327870258
Interactive,AFE,Country resampling,1,377,-0.21337887053360138,-1.4316133739789016e-4
Interactive,AFE,Country resampling,1,378,-0.3506194923899608,0.2038363811344024
Interactive,AFE,Country resampling,1,379,0.056233321665250635,0.4470490367616837
Interactive,AFE,Country resampling,1,380,-0.03775093180240763,-0.12571891847660432
Interactive,AFE,Country resampling,1,381,-0.11547788918610447,0.3676287609768488
Interactive,AFE,Country resampling,1,382,0.24270223145741032,-0.3160697002842332
Interactive,AFE,Country resampling,1,383,-0.8049901143456359,0.0987302653592369
Interactive,AFE,Country resampling,1,384,-0.3719024649972057,0.018269506983800032
Interactive,AFE,Country resampling,1,385,-0.4804558227735547,0.17768262972662252
Interactive,AFE,Country resampling,1,386,-0.4113980334586216,0.17329790221557562
Interactive,AFE,Country resampling,1,387,0.29052955394625024,-8.997646731716546e-4
Interactive,AFE,Country resampling,1,388,-0.3209283596986303,0.24081858093237085
Interactive,AFE,Country resampling,1,389,-0.5209886500292485,0.11546268108872493
Interactive,AFE,Country resampling,1,390,0.06719262563813277,0.2897066748050571
Interactive,AFE,Country resampling,1,391,0.5283474802609234,0.6815971879172127
Interactive,AFE,Country resampling,1,392,-0.4764679209799053,0.20357873022855566
Interactive,AFE,Country resampling,1,393,-0.1298015843762821,0.3411392445932835
Interactive,AFE,Country resampling,1,394,-0.02667730267072521,0.17564469675397254
Interactive,AFE,Country resampling,1,395,0.24598321862741512,0.7998707042352945
Interactive,AFE,Country resampling,1,396,-0.6791779593286877,0.06641941101147775
Interactive,AFE,Country resampling,1,397,-0.44523406763267737,0.05889621554030677
Interactive,AFE,Country resampling,1,398,-0.20253055688265864,0.04559213858728317
Interactive,AFE,Country resampling,1,399,0.004251194732553865,0.09090103235432856
Interactive,AFE,Country resampling,1,400,0.05046155379200523,-0.1342298763627512
Interactive,AFE,Country resampling,1,401,-0.3866005466724638,0.1509310802083308
Interactive,AFE,Country resampling,1,402,0.09500327975348499,-0.2704974142598573
Interactive,AFE,Country resampling,1,403,-0.3749905362775213,-0.13371638342325765
Interactive,AFE,Country resampling,1,404,-0.03653326758409048,0.5052921778553733
Interactive,AFE,Country resampling,1,405,-0.2669610977768211,0.23181684100886557
Interactive,AFE,Country resampling,1,406,0.4588190996973447,0.02323554538427297
Interactive,AFE,Country resampling,1,407,-0.4279377693411812,0.008042252393646976
Interactive,AFE,Country resampling,1,408,-0.5975056833842762,0.09558295716937348
Interactive,AFE,Country resampling,1,409,-0.24381562601512652,0.29944058009199237
Interactive,AFE,Country resampling,1,410,-0.3838686326543199,-0.006739854311904603
Interactive,AFE,Country resampling,1,411,-0.22536257100371748,0.06551032883076258
Interactive,AFE,Country resampling,1,412,0.2952492865627703,0.18761667050639463
Interactive,AFE,Country resampling,1,413,0.7274380854336524,0.6759988875747851
Interactive,AFE,Country resampling,1,414,0.3880366510565003,0.15661763350947844
Interactive,AFE,Country resampling,1,415,-0.29511235714258055,0.12143175956833052
Interactive,AFE,Country resampling,1,416,-0.687004208380136,0.16647086494154628
Interactive,AFE,Country resampling,1,417,-0.04047141152861378,-0.08239926117360374
Interactive,AFE,Country resampling,1,418,0.5188856083369373,-4.038298572801664
Interactive,AFE,Country resampling,1,419,-0.6373401028070373,0.05590882390901397
Interactive,AFE,Country resampling,1,420,-0.07788463419531466,0.11409597658940329
Interactive,AFE,Country resampling,1,421,-0.14763304419859435,-0.13642867406894887
Interactive,AFE,Country resampling,1,422,-0.027499168590294998,0.15164462860252303
Interactive,AFE,Country resampling,1,423,-0.0778328836583736,0.052368473406958604
Interactive,AFE,Country resampling,1,424,-0.36666154379834925,-0.16436674725734168
Interactive,AFE,Country resampling,1,425,-0.3101634343921593,0.12224272046271534
Interactive,AFE,Country resampling,1,426,0.32277241537249135,-0.21463648061365692
Interactive,AFE,Country resampling,1,427,-0.45532659947953313,0.15667896347032584
Interactive,AFE,Country resampling,1,428,-0.4920106629219745,0.17602916616338593
Interactive,AFE,Country resampling,1,429,0.013341720034185656,0.20443467047945385
Interactive,AFE,Country resampling,1,430,1.165954517120006,0.8282927542271181
Interactive,AFE,Country resampling,1,431,-0.5998276229817063,0.004029003832431544
Interactive,AFE,Country resampling,1,432,-0.46952238581838135,-0.30136563380869663
Interactive,AFE,Country resampling,1,433,-0.026485688177057654,0.46757356600973266
Interactive,AFE,Country resampling,1,434,-0.199757367951499,0.08087364364475846
Interactive,AFE,Country resampling,1,435,-0.3851901743732855,-0.07721049938309144
Interactive,AFE,Country resampling,1,436,-0.45128588507422596,0.25457785177728864
Interactive,AFE,Country resampling,1,437,-0.08233303234524791,-0.42644622636769214
Interactive,AFE,Country resampling,1,438,-0.4409586943930415,0.2240621790428361
Interactive,AFE,Country resampling,1,439,-0.334477147634911,0.20232532044792717
Interactive,AFE,Country resampling,1,440,0.2762196468091789,-0.11835416498706897
Interactive,AFE,Country resampling,1,441,-0.6069049239547217,-0.0398618045800605
Interactive,AFE,Country resampling,1,442,-0.28860132281615014,0.20638313741536773
Interactive,AFE,Country resampling,1,443,0.5802160608383695,-0.6236858913405525
Interactive,AFE,Country resampling,1,444,-0.34686171228796026,-0.08718657705475918
Interactive,AFE,Country resampling,1,445,-0.5311009643581968,0.1699219505945475
Interactive,AFE,Country resampling,1,446,-0.2873642515402166,0.2979739573326795
Interactive,AFE,Country resampling,1,447,0.03788979945503068,-0.30092694565927425
Interactive,AFE,Country resampling,1,448,-0.4339265554578743,0.15169865577358166
Interactive,AFE,Country resampling,1,449,-0.06706439260308839,-0.17738912194135226
Interactive,AFE,Country resampling,1,450,-0.26145643265759155,0.2134253100374719
Interactive,AFE,Country resampling,1,451,0.0064352252039305835,-0.9983366827854308
Interactive,AFE,Country resampling,1,452,-0.4321313829308189,0.05246918599185135
Interactive,AFE,Country resampling,1,453,0.1635203218695862,0.21443368863945156
Interactive,AFE,Country resampling,1,454,-0.7113998398258523,0.12769753377859794
Interactive,AFE,Country resampling,1,455,-0.7485671681794195,-0.08251857604556578
Interactive,AFE,Country resampling,1,456,0.4906989889737019,0.6172165220696595
Interactive,AFE,Country resampling,1,457,-0.13241850425287027,0.17603698540046353
Interactive,AFE,Country resampling,1,458,0.8225624562610294,0.9072863285465096
Interactive,AFE,Country resampling,1,459,-0.014394472377728063,-0.13149247716985313
Interactive,AFE,Country resampling,1,460,-0.5062398542951541,-0.37797561216410847
Interactive,AFE,Country resampling,1,461,-0.6129320563249891,0.02746368180193559
Interactive,AFE,Country resampling,1,462,0.813751670921895,0.5588153524841133
Interactive,AFE,Country resampling,1,463,-0.22773423481726962,0.232791950081065
Interactive,AFE,Country resampling,1,464,0.15544401929441753,-0.6776540889433169
Interactive,AFE,Country resampling,1,465,-0.8516681205278183,0.05656047974024614
Interactive,AFE,Country resampling,1,466,0.7647549752278449,0.601759938143787
Interactive,AFE,Country resampling,1,467,-0.3893776761517166,0.21202974085415283
Interactive,AFE,Country resampling,1,468,-0.15881017053393276,-0.3284488416712993
Interactive,AFE,Country resampling,1,469,0.09295636102819516,0.20635107596597824
Interactive,AFE,Country resampling,1,470,-0.11605670030496551,-11.362498973964357
Interactive,AFE,Country resampling,1,471,1.4356723502875672,-0.30196985390369413
Interactive,AFE,Country resampling,1,472,0.37921155737284695,0.31770505900566604
Interactive,AFE,Country resampling,1,473,0.003219186730374135,-0.0763863504066351
Interactive,AFE,Country resampling,1,474,0.1875656223522617,0.08055137178198746
Interactive,AFE,Country resampling,1,475,-0.5161199392747184,0.02988757582849222
Interactive,AFE,Country resampling,1,476,0.06324854292723847,-0.6307116922601588
Interactive,AFE,Country resampling,1,477,-0.3886619592309123,0.13303966994278194
Interactive,AFE,Country resampling,1,478,0.585828862652144,-0.105119508513142
Interactive,AFE,Country resampling,1,479,-0.5354587683698141,0.200922780962269
Interactive,AFE,Country resampling,1,480,-0.39009402476023225,0.12896563476106482
Interactive,AFE,Country resampling,1,481,1.2752073631740557,0.6298521496319602
Interactive,AFE,Country resampling,1,482,-0.33999909916041626,-0.02996745926085198
Interactive,AFE,Country resampling,1,483,-0.6575973578883694,0.03740912575474331
Interactive,AFE,Country resampling,1,484,-0.08775169217127321,-1.5048498551822562
Interactive,AFE,Country resampling,1,485,0.7080495490855321,0.4693865996506974
Interactive,AFE,Country resampling,1,486,-0.2504917050929887,0.06351225657690074
Interactive,AFE,Country resampling,1,487,-0.6578204122714415,0.007932123911194355
Interactive,AFE,Country resampling,1,488,-0.3383923925372211,-0.06381689533861967
Interactive,AFE,Country resampling,1,489,-0.20434726335849596,0.23118513732153045
Interactive,AFE,Country resampling,1,490,-0.20678477460670597,0.26581204806986236
Interactive,AFE,Country resampling,1,491,0.04536816250861353,-0.6236223928047402
Interactive,AFE,Country resampling,1,492,1.2990892608469857,-0.901288150348639
Interactive,AFE,Country resampling,1,493,-0.32399104376727106,0.25412234245016174
Interactive,AFE,Country resampling,1,494,-0.020220702660386558,-0.5351014747337696
Interactive,AFE,Country resampling,1,495,-0.5561030061713431,-0.20024647813243868
Interactive,AFE,Country resampling,1,496,-0.7618047967815846,0.0439019238952596
Interactive,AFE,Country resampling,1,497,-0.23333625082243825,-0.005441392890346841
Interactive,AFE,Country resampling,1,498,-0.5224538352435004,-0.0017219243335839796
Interactive,AFE,Country resampling,1,499,1.1071363990782026,1.0847426352392373
Interactive,AFE,Country resampling,1,500,-0.05897568710570544,-0.32757075902606525
Interactive,AFE,Country resampling,1,501,-0.24338128056909958,0.20353091307192617
Interactive,AFE,Country resampling,1,502,-0.38432121390716745,0.20775509415895654
Interactive,AFE,Country resampling,1,503,-0.6308931839319855,0.12206767343252778
Interactive,AFE,Country resampling,1,504,0.08129433022347632,-0.43986527554871757
Interactive,AFE,Country resampling,1,505,-0.5672985073862842,-0.41431995149099043
Interactive,AFE,Country resampling,1,506,0.5714624921779994,0.12280472720961089
Interactive,AFE,Country resampling,1,507,-0.33614845375163904,0.267035900425332
Interactive,AFE,Country resampling,1,508,-0.3835733674196685,-0.040816511497026586
Interactive,AFE,Country resampling,1,509,-0.2932176826966413,0.15002502837644394
Interactive,AFE,Country resampling,1,510,0.1245469416896805,-0.3232082894455366
Interactive,AFE,Country resampling,1,511,-0.11863489174733577,-0.006370735341958866
Interactive,AFE,Country resampling,1,512,-0.41800576542152756,-0.3533292386091068
Interactive,AFE,Country resampling,1,513,-0.55366174183471,-0.1268264321497189
Interactive,AFE,Country resampling,1,514,0.3542819845576084,0.7062455357130821
Interactive,AFE,Country resampling,1,515,-0.5334879037410324,0.2099623024624312
Interactive,AFE,Country resampling,1,516,0.6284936877772369,0.7507315121209829
Interactive,AFE,Country resampling,1,517,-0.28484579565606516,0.40874959738390604
Interactive,AFE,Country resampling,1,518,-0.05531459153380924,-0.09133920208801716
Interactive,AFE,Country resampling,1,519,-0.3610069516362252,0.00897008078433914
Interactive,AFE,Country resampling,1,520,2.279345661145049,-1.2922330055264073
Interactive,AFE,Country resampling,1,521,-0.47262162595792157,0.17733865403299032
Interactive,AFE,Country resampling,1,522,0.1835855045663377,0.11553081593235848
Interactive,AFE,Country resampling,1,523,-0.3081738183178876,0.18423385163015082
Interactive,AFE,Country resampling,1,524,-0.041519276882858724,-4.232215798076157
Interactive,AFE,Country resampling,1,525,-0.44159841182231807,0.16526033375467142
Interactive,AFE,Country resampling,1,526,-0.4650968873448331,0.17387532364059455
Interactive,AFE,Country resampling,1,527,-0.5271154708239342,0.2186714221506484
Interactive,AFE,Country resampling,1,528,0.042547666035382736,0.3057901757006255
Interactive,AFE,Country resampling,1,529,2.2710873063492674,-1.3439705082346283
Interactive,AFE,Country resampling,1,530,-0.5302821052187475,-0.34971940144331914
Interactive,AFE,Country resampling,1,531,-0.07150887454002708,-0.190784952439787
Interactive,AFE,Country resampling,1,532,0.04614263231373372,0.05289397275720875
Interactive,AFE,Country resampling,1,533,-0.3227633587154367,-0.06836951966778193
Interactive,AFE,Country resampling,1,534,-0.2718886581185963,-0.3549229418344221
Interactive,AFE,Country resampling,1,535,-0.4804648026041657,0.3068651023824448
Interactive,AFE,Country resampling,1,536,-0.46598846628991075,0.07700131638984509
Interactive,AFE,Country resampling,1,537,-0.38599255033002555,0.08861520959706237
Interactive,AFE,Country resampling,1,538,-0.049013618529239245,-0.4370446392707722
Interactive,AFE,Country resampling,1,539,0.8631581500878356,0.47678511970509097
Interactive,AFE,Country resampling,1,540,0.3606998400130188,0.2804219322531123
Interactive,AFE,Country resampling,1,541,1.0967075177518142,0.8494765687718333
Interactive,AFE,Country resampling,1,542,-0.14885505941394495,0.09425005296064715
Interactive,AFE,Country resampling,1,543,-0.44151533855783154,0.07534928074337699
Interactive,AFE,Country resampling,1,544,0.09450246360594838,0.0581416108696764
Interactive,AFE,Country resampling,1,545,0.9473833399782898,0.7079149701534839
Interactive,AFE,Country resampling,1,546,-0.3914398609408244,0.09056004262708006
Interactive,AFE,Country resampling,1,547,1.3133606657234291,-0.012568555034187412
Interactive,AFE,Country resampling,1,548,-0.5412003622117869,0.13464525698482777
Interactive,AFE,Country resampling,1,549,-0.5421062217752903,0.01681317093801793
Interactive,AFE,Country resampling,1,550,0.18887947445077935,0.5519719484867616
Interactive,AFE,Country resampling,1,551,-0.3400990555068054,-0.19235053759277287
Interactive,AFE,Country resampling,1,552,-0.48022893294121627,0.03241787467113133
Interactive,AFE,Country resampling,1,553,0.3979691231017364,0.011905981865197868
Interactive,AFE,Country resampling,1,554,-0.33469299197954483,0.20478436342783046
Interactive,AFE,Country resampling,1,555,-0.017666478528817087,-0.20476633008446676
Interactive,AFE,Country resampling,1,556,-0.11179016849086165,-0.7277161983566974
Interactive,AFE,Country resampling,1,557,-0.4536118782496744,0.016243725253618613
Interactive,AFE,Country resampling,1,558,-0.6182510264119346,0.011581741571823567
Interactive,AFE,Country resampling,1,559,-0.15302849696685417,-0.10927623678992893
Interactive,AFE,Country resampling,1,560,-0.18816648256158364,0.15430628267054403
Interactive,AFE,Country resampling,1,561,-0.852070807547335,0.06433021905533087
Interactive,AFE,Country resampling,1,562,0.4440975440976216,-0.19280873633839768
Interactive,AFE,Country resampling,1,563,-0.1894668729137794,0.113675053743442
Interactive,AFE,Country resampling,1,564,-0.05071357417961053,0.5179777215128538
Interactive,AFE,Country resampling,1,565,-0.5055401352429718,0.13534603191138284
Interactive,AFE,Country resampling,1,566,-0.4898062351531878,0.18676985555726455
Interactive,AFE,Country resampling,1,567,-0.3609628244382981,0.14144432722144695
Interactive,AFE,Country resampling,1,568,-0.5291798401796824,-0.0940795865164149
Interactive,AFE,Country resampling,1,569,-0.2279280244874401,0.2800716700195408
Interactive,AFE,Country resampling,1,570,-0.39342892962477627,0.28705332456757093
Interactive,AFE,Country resampling,1,571,-0.47139046932883233,0.1999202977443565
Interactive,AFE,Country resampling,1,572,-0.6348657993183717,0.10946780121296096
Interactive,AFE,Country resampling,1,573,-0.1488270189894083,0.2459698416241467
Interactive,AFE,Country resampling,1,574,-0.42453481928614767,0.21960093916285206
Interactive,AFE,Country resampling,1,575,1.2864375323678634,0.6278312846409162
Interactive,AFE,Country resampling,1,576,1.585407309996448,-2.834590171156983
Interactive,AFE,Country resampling,1,577,0.07284030390309626,0.14953946196866807
Interactive,AFE,Country resampling,1,578,-0.2619776621777262,-0.06827218809757174
Interactive,AFE,Country resampling,1,579,-0.6288566504362649,0.03373278151143788
Interactive,AFE,Country resampling,1,580,-0.1973432577007065,0.29859366995840775
Interactive,AFE,Country resampling,1,581,0.1830470363620016,-0.08857440847129028
Interactive,AFE,Country resampling,1,582,-0.22292539916561893,0.30526397264296634
Interactive,AFE,Country resampling,1,583,-0.6201222722290904,-0.20600146409737097
Interactive,AFE,Country resampling,1,584,1.3754032123025395,-0.23434668035344508
Interactive,AFE,Country resampling,1,585,-0.3461089409645245,0.035562421246648435
Interactive,AFE,Country resampling,1,586,-0.33821431248864886,0.1485026717056237
Interactive,AFE,Country resampling,1,587,-0.3598021059903316,-0.11014673242789141
Interactive,AFE,Country resampling,1,588,-0.5043729526548152,0.1325932118628136
Interactive,AFE,Country resampling,1,589,-0.5202565008009881,0.08662975684334717
Interactive,AFE,Country resampling,1,590,-0.22273308823952287,0.17223815827536837
Interactive,AFE,Country resampling,1,591,0.4656994551281757,0.7480514452942003
Interactive,AFE,Country resampling,1,592,0.9657228609855566,0.3205279168328914
Interactive,AFE,Country resampling,1,593,0.38389574335418475,-1.7950404295280098
Interactive,AFE,Country resampling,1,594,-0.6792029816115266,0.1571152819042967
Interactive,AFE,Country resampling,1,595,0.8372066738374493,-0.43693890439004757
Interactive,AFE,Country resampling,1,596,-0.5580498791508763,0.08131735737703116
Interactive,AFE,Country resampling,1,597,-0.2637680401750768,-0.10116456986128497
Interactive,AFE,Country resampling,1,598,-0.6593959094265136,0.08893543051019981
Interactive,AFE,Country resampling,1,599,0.3933031997552363,0.06677557515168497
Interactive,AFE,Country resampling,1,600,-0.6438543554799676,-1.8045207890659596
Interactive,AFE,Country resampling,1,601,-0.42563751862314925,0.10289528613012167
Interactive,AFE,Country resampling,1,602,0.4817842664609222,0.24123807646840034
Interactive,AFE,Country resampling,1,603,-0.31405514261981116,0.35737457093183334
Interactive,AFE,Country resampling,1,604,0.18761775391640567,0.4077039941537486
Interactive,AFE,Country resampling,1,605,0.006965295946740335,-0.01235648244405052
Interactive,AFE,Country resampling,1,606,-0.4699517465459071,-0.10268100871595931
Interactive,AFE,Country resampling,1,607,-0.8006228842770428,0.061457776819788035
Interactive,AFE,Country resampling,1,608,0.5406224807410476,-2.5065285946812565e-05
Interactive,AFE,Country resampling,1,609,0.13148016759428627,0.5978313000207583
Interactive,AFE,Country resampling,1,610,0.4048442077158938,0.2427892650250183
Interactive,AFE,Country resampling,1,611,-0.05273657868800019,0.28321854457657825
Interactive,AFE,Country resampling,1,612,-0.04027597213212486,0.267028475567859
Interactive,AFE,Country resampling,1,613,-0.17930210766573373,-0.04714734302260826
Interactive,AFE,Country resampling,1,614,1.1337491019064556,0.02477512004969995
Interactive,AFE,Country resampling,1,615,0.6863943087641167,0.28473499982496997
Interactive,AFE,Country resampling,1,616,-0.4476921641270597,0.04735287639608765
Interactive,AFE,Country resampling,1,617,1.0606546691539793,-0.5160549002472345
Interactive,AFE,Country resampling,1,618,-0.3400531395781483,0.19537225274248626
Interactive,AFE,Country resampling,1,619,0.6370416030553203,-0.0641718221216081
Interactive,AFE,Country resampling,1,620,-0.5149920408442015,0.11106061804281286
Interactive,AFE,Country resampling,1,621,-0.3981276956034214,-1.6223802314545706
Interactive,AFE,Country resampling,1,622,-0.19338988640577948,-0.2102166451800458
Interactive,AFE,Country resampling,1,623,-0.19697725176689385,0.010256342895554993
Interactive,AFE,Country resampling,1,624,0.08259344071396946,0.1654637360386636
Interactive,AFE,Country resampling,1,625,-0.4946730822072398,0.06528903072426351
Interactive,AFE,Country resampling,1,626,-0.3003523955649804,0.32588602959441604
Interactive,AFE,Country resampling,1,627,0.04659801347828885,0.18018788605212577
Interactive,AFE,Country resampling,1,628,-0.2806766812148572,-0.025430127225736676
Interactive,AFE,Country resampling,1,629,-0.6794207068383138,0.1220654670303738
Interactive,AFE,Country resampling,1,630,-0.676198494079314,0.06611854607948708
Interactive,AFE,Country resampling,1,631,-0.3624347162042809,0.28643211151792203
Interactive,AFE,Country resampling,1,632,-0.7167499725666563,-0.18362512467033543
Interactive,AFE,Country resampling,1,633,0.3013423442314922,-0.2498096330357833
Interactive,AFE,Country resampling,1,634,-0.661200134484628,-0.07581452650817833
Interactive,AFE,Country resampling,1,635,0.27655395939936156,-0.8111908647925063
Interactive,AFE,Country resampling,1,636,-0.20811407924511072,8.346407137956868e-4
Interactive,AFE,Country resampling,1,637,0.14479647701909126,-0.024617048788271534
Interactive,AFE,Country resampling,1,638,-0.3461961345740143,-0.00974592378411654
Interactive,AFE,Country resampling,1,639,-0.5347727343225375,0.17479620721879519
Interactive,AFE,Country resampling,1,640,0.7207249199007362,0.5113762981289331
Interactive,AFE,Country resampling,1,641,0.44601523912929997,-0.062430644712657024
Interactive,AFE,Country resampling,1,642,-0.4983159705640824,0.11636807039394392
Interactive,AFE,Country resampling,1,643,-0.6169735221359647,0.08269760390739245
Interactive,AFE,Country resampling,1,644,3.039379659942285,-0.6274061526441974
Interactive,AFE,Country resampling,1,645,0.10958700192126547,0.19520533828585152
Interactive,AFE,Country resampling,1,646,-0.20035582305682142,-0.008140596103067832
Interactive,AFE,Country resampling,1,647,0.04114545092017052,0.5382015042017517
Interactive,AFE,Country resampling,1,648,0.19761928825191877,0.2953106807996182
Interactive,AFE,Country resampling,1,649,-0.3037518326406725,0.3530953829868444
Interactive,AFE,Country resampling,1,650,-0.6866322986347136,0.0200315442724478
Interactive,AFE,Country resampling,1,651,-0.7732952709191079,-0.3569326949071897
Interactive,AFE,Country resampling,1,652,-0.1488129201949676,0.22099624527649875
Interactive,AFE,Country resampling,1,653,-0.35584643254044324,0.06086823400426
Interactive,AFE,Country resampling,1,654,1.25603763842031,0.09407936618447588
Interactive,AFE,Country resampling,1,655,-0.42254705919637847,0.14962608583339132
Interactive,AFE,Country resampling,1,656,-0.5420287422420262,-0.10139267873558078
Interactive,AFE,Country resampling,1,657,-0.25353380092615174,0.22831792435452802
Interactive,AFE,Country resampling,1,658,-0.05570274512646578,-0.024116953100865812
Interactive,AFE,Country resampling,1,659,-0.03790240085830643,0.2131562318325565
Interactive,AFE,Country resampling,1,660,1.5989572861312218,-0.04535351382765063
Interactive,AFE,Country resampling,1,661,-0.004217424844445428,0.016446579139715256
Interactive,AFE,Country resampling,1,662,0.10027640470920995,0.12007378623487974
Interactive,AFE,Country resampling,1,663,0.4705794468851683,0.30051629120713264
Interactive,AFE,Country resampling,1,664,1.4864880527685522,0.17987400181417001
Interactive,AFE,Country resampling,1,665,-0.5749237484031191,-0.09840080991550115
Interactive,AFE,Country resampling,1,666,0.01898846090399764,0.4309833103176647
Interactive,AFE,Country resampling,1,667,-0.4229678936743402,-0.4246941825657322
Interactive,AFE,Country resampling,1,668,-0.358458640256875,0.01828811868379221
Interactive,AFE,Country resampling,1,669,-0.39695845927463724,0.1293674980867653
Interactive,AFE,Country resampling,1,670,1.076396007452614,0.7391231585884472
Interactive,AFE,Country resampling,1,671,0.22181695511655009,-0.286448132275843
Interactive,AFE,Country resampling,1,672,-0.632108663457482,0.010812788862746947
Interactive,AFE,Country resampling,1,673,1.3698737397065663,-2.050122799511099
Interactive,AFE,Country resampling,1,674,-0.027024295379679986,0.38539208747056275
Interactive,AFE,Country resampling,1,675,-0.580217917962274,0.15801375885033686
Interactive,AFE,Country resampling,1,676,1.2943319432751412,-0.1951724493162108
Interactive,AFE,Country resampling,1,677,-0.3118999586775637,0.1760916895808129
Interactive,AFE,Country resampling,1,678,0.1685254360533499,0.2960182032795937
Interactive,AFE,Country resampling,1,679,1.0889594559152433,-0.28801785252274525
Interactive,AFE,Country resampling,1,680,0.8796543311426182,0.487096410141977
Interactive,AFE,Country resampling,1,681,-0.5984324973177471,-1.9126070749323072
Interactive,AFE,Country resampling,1,682,-0.6596515274146966,-0.1831507371801454
Interactive,AFE,Country resampling,1,683,-0.7214488773181,0.08334326750101118
Interactive,AFE,Country resampling,1,684,-0.239173444029669,-0.010502650021625315
Interactive,AFE,Country resampling,1,685,0.8309980297416963,-0.40131651754321673
Interactive,AFE,Country resampling,1,686,-0.21075613061891996,0.321588429966437
Interactive,AFE,Country resampling,1,687,0.7121419517653851,-0.2751309871089398
Interactive,AFE,Country resampling,1,688,-0.4506426808703792,0.05274387885954568
Interactive,AFE,Country resampling,1,689,1.1539589437887443,0.39833550065893
Interactive,AFE,Country resampling,1,690,-0.6441403625856513,-0.06589166038052274
Interactive,AFE,Country resampling,1,691,0.6394331597759431,0.011015213526198497
Interactive,AFE,Country resampling,1,692,-0.155642467536677,0.23167978442592696
Interactive,AFE,Country resampling,1,693,-0.4216295135998702,-0.0040537536952625075
Interactive,AFE,Country resampling,1,694,-0.1506572534276155,-0.11405479014538022
Interactive,AFE,Country resampling,1,695,-0.5710044528963606,-0.9331455555106761
Interactive,AFE,Country resampling,1,696,-0.6007810148338623,0.19523138102611903
Interactive,AFE,Country resampling,1,697,0.5797168818293301,-5.589192952651413
Interactive,AFE,Country resampling,1,698,-0.04435532515602214,-0.06975780452881952
Interactive,AFE,Country resampling,1,699,-0.30681983485180175,0.08505942479530981
Interactive,AFE,Country resampling,1,700,0.4521852701861251,0.20073878024973335
Interactive,AFE,Country resampling,1,701,-0.43051575042778434,-0.015376783067372113
Interactive,AFE,Country resampling,1,702,-0.5980740322990945,0.08342070039881433
Interactive,AFE,Country resampling,1,703,-0.3982822185587349,0.12168809631075539
Interactive,AFE,Country resampling,1,704,-0.11233449125177886,3.353311408649251e-4
Interactive,AFE,Country resampling,1,705,-0.740478748689857,-0.07690296135566621
Interactive,AFE,Country resampling,1,706,0.2732578754651509,-0.5574089216377056
Interactive,AFE,Country resampling,1,707,-0.30316426590085976,0.2465752554413082
Interactive,AFE,Country resampling,1,708,-0.4715947461425146,0.13771813825076595
Interactive,AFE,Country resampling,1,709,-0.23903264619637188,0.11902656218870811
Interactive,AFE,Country resampling,1,710,-0.6710852147949562,0.14960090665925774
Interactive,AFE,Country resampling,1,711,-0.7250408670103856,0.12457451203388481
Interactive,AFE,Country resampling,1,712,0.0763900283179133,0.48516174427295455
Interactive,AFE,Country resampling,1,713,-0.5192733347403432,0.21331576216717618
Interactive,AFE,Country resampling,1,714,-0.6761586128632407,0.03829447075119541
Interactive,AFE,Country resampling,1,715,-0.7559521404790539,0.10494633349655391
Interactive,AFE,Country resampling,1,716,-0.03909332940015475,0.10582623829685278
Interactive,AFE,Country resampling,1,717,-0.5718693783461988,0.06277555827041337
Interactive,AFE,Country resampling,1,718,-0.4422951013656953,0.0195620164429835
Interactive,AFE,Country resampling,1,719,0.06470750605144393,-0.1422788489892135
Interactive,AFE,Country resampling,1,720,1.156703266428858,0.05777480070110208
Interactive,AFE,Country resampling,1,721,-0.3385097224522361,0.03553529508608999
Interactive,AFE,Country resampling,1,722,-0.03167881474357537,0.24879194450308706
Interactive,AFE,Country resampling,1,723,-0.01424072815162769,0.267644942825092
Interactive,AFE,Country resampling,1,724,-0.24831544093407165,0.18292355771951851
Interactive,AFE,Country resampling,1,725,0.11153801505406635,-0.32736633977482965
Interactive,AFE,Country resampling,1,726,-0.7910315036488496,0.048138217153958385
Interactive,AFE,Country resampling,1,727,0.1997456557649937,0.2530832936847418
Interactive,AFE,Country resampling,1,728,-0.3667327342729413,-0.19721951875997912
Interactive,AFE,Country resampling,1,729,-0.16270438512747476,0.17802012430693237
Interactive,AFE,Country resampling,1,730,0.4075842672763268,-0.18765767137331646
Interactive,AFE,Country resampling,1,731,-0.45629074060582475,-0.09576338701333353
Interactive,AFE,Country resampling,1,732,0.34278909062579044,0.14284012449132777
Interactive,AFE,Country resampling,1,733,-0.5143107972843645,-0.05351071070142732
Interactive,AFE,Country resampling,1,734,0.08802500450078954,0.22043247910467167
Interactive,AFE,Country resampling,1,735,-0.1528215410634779,0.14293438281386606
Interactive,AFE,Country resampling,1,736,-0.5251825951168911,-0.0881606787998026
Interactive,AFE,Country resampling,1,737,0.0140790247706577,0.14580650415429675
Interactive,AFE,Country resampling,1,738,0.6934358591530749,-6.928054180377488
Interactive,AFE,Country resampling,1,739,0.06908115756282096,-0.1816004317064519
Interactive,AFE,Country resampling,1,740,-0.5236032628873708,0.1254447407725876
Interactive,AFE,Country resampling,1,741,-0.5878429750780574,-0.06023478458091858
Interactive,AFE,Country resampling,1,742,1.0245720482767648,0.44918288755271707
Interactive,AFE,Country resampling,1,743,-0.39315303505269805,-0.019242408529646537
Interactive,AFE,Country resampling,1,744,-0.6282040120034045,0.02896027213736363
Interactive,AFE,Country resampling,1,745,-0.25210486717339375,0.04144424412419101
Interactive,AFE,Country resampling,1,746,1.577203918973619,-0.2566451911073515
Interactive,AFE,Country resampling,1,747,-0.5659668630864597,-1.4547706105974756
Interactive,AFE,Country resampling,1,748,0.5666217389146568,0.6145088131390065
Interactive,AFE,Country resampling,1,749,1.0516875861646158,-3.0965095357091004
Interactive,AFE,Country resampling,1,750,-0.15062478831670756,0.11482868351249609
Interactive,AFE,Country resampling,1,751,-0.38887669085121357,-0.09052216601943786
Interactive,AFE,Country resampling,1,752,-0.5115514038786868,-0.8622746202954334
Interactive,AFE,Country resampling,1,753,-0.15856983349852205,0.49378364306300093
Interactive,AFE,Country resampling,1,754,-0.2472082426647847,0.1214277230775005
Interactive,AFE,Country resampling,1,755,0.43026998782055137,0.4961632536623326
Interactive,AFE,Country resampling,1,756,-0.33913160935581776,0.1330450045267222
Interactive,AFE,Country resampling,1,757,0.30000851015724583,-6.554533817432423
Interactive,AFE,Country resampling,1,758,-0.28306138554959825,-1.0972239174273575
Interactive,AFE,Country resampling,1,759,-0.10052089246874252,-0.4634223042369795
Interactive,AFE,Country resampling,1,760,0.6315223343848273,0.2747971358896373
Interactive,AFE,Country resampling,1,761,0.10385634494312956,-0.3796360868022648
Interactive,AFE,Country resampling,1,762,-0.2313766010058177,-0.025719057826931513
Interactive,AFE,Country resampling,1,763,1.8067151370753898,-1.638437444067403
Interactive,AFE,Country resampling,1,764,-0.4347323485339728,-0.8146313270178603
Interactive,AFE,Country resampling,1,765,-0.5427453941291382,-1.7554731975786209
Interactive,AFE,Country resampling,1,766,-0.5835248137679367,0.13356657421847307
Interactive,AFE,Country resampling,1,767,-0.6946263901937453,0.20830053170791674
Interactive,AFE,Country resampling,1,768,-0.6972127227310901,-0.03679745668444767
Interactive,AFE,Country resampling,1,769,-0.016911431573680913,0.09190717209544286
Interactive,AFE,Country resampling,1,770,-0.30391796785366654,-0.20226136438603648
Interactive,AFE,Country resampling,1,771,-0.7872842497871634,-0.011187891496122204
Interactive,AFE,Country resampling,1,772,-0.16418205052179735,0.09540782222679856
Interactive,AFE,Country resampling,1,773,-0.29015918711892297,-0.0393324042512706
Interactive,AFE,Country resampling,1,774,0.7504885785527118,-0.6776540047680895
Interactive,AFE,Country resampling,1,775,-0.6299693296272826,0.007398718604730625
Interactive,AFE,Country resampling,1,776,-0.6349276173792693,0.07595957776228912
Interactive,AFE,Country resampling,1,777,0.08896123417717461,-1.1573741253139744
Interactive,AFE,Country resampling,1,778,-0.2157210089505942,0.04961785294002263
Interactive,AFE,Country resampling,1,779,-0.13616604141145805,0.18278333879691455
Interactive,AFE,Country resampling,1,780,-0.4569252018256039,0.12167864247046589
Interactive,AFE,Country resampling,1,781,1.2873730099650862,0.615715469225284
Interactive,AFE,Country resampling,1,782,0.9446374433020985,-0.7983540775036124
Interactive,AFE,Country resampling,1,783,0.1758029710102722,-0.5556205348610208
Interactive,AFE,Country resampling,1,784,0.017559350374330096,-0.057907414547406555
Interactive,AFE,Country resampling,1,785,-0.3476822062392617,0.21002176511800275
Interactive,AFE,Country resampling,1,786,-0.37033877414480376,0.1898034738619766
Interactive,AFE,Country resampling,1,787,0.5240128502961812,0.09117477808376173
Interactive,AFE,Country resampling,1,788,-0.42251332090640836,0.007978949989819295
Interactive,AFE,Country resampling,1,789,-0.8178431194790939,-0.038713754370568676
Interactive,AFE,Country resampling,1,790,0.2827253705483346,-0.2797289709496833
Interactive,AFE,Country resampling,1,791,-0.6718533822392121,0.1562178958944067
Interactive,AFE,Country resampling,1,792,-0.1440173208049621,0.016282791023864318
Interactive,AFE,Country resampling,1,793,-0.37042435838787535,0.07950640256769526
Interactive,AFE,Country resampling,1,794,0.946851319560257,-0.7583184789503847
Interactive,AFE,Country resampling,1,795,-0.5913009550022993,0.004702929587403815
Interactive,AFE,Country resampling,1,796,0.03671356389712099,-0.34071531186728765
Interactive,AFE,Country resampling,1,797,1.5452175838725597,0.24789157270087125
Interactive,AFE,Country resampling,1,798,0.13956114609648185,-0.031199085625628564
Interactive,AFE,Country resampling,1,799,0.1272965501865726,-0.1631839853520236
Interactive,AFE,Country resampling,1,800,-0.25228048070921893,0.38583845329801125
Interactive,AFE,Country resampling,1,801,-0.699489101184259,0.12258153597109134
Interactive,AFE,Country resampling,1,802,-0.23866701024838333,0.010107699121952973
Interactive,AFE,Country resampling,1,803,1.7726286079208786,0.9080703170178417
Interactive,AFE,Country resampling,1,804,0.6950359880316832,-0.09439726074970345
Interactive,AFE,Country resampling,1,805,0.13963435269124447,0.08933325556243843
Interactive,AFE,Country resampling,1,806,-0.524507000922374,0.13212133857541275
Interactive,AFE,Country resampling,1,807,-0.7970072386761891,0.05076148830810523
Interactive,AFE,Country resampling,1,808,-0.8299606481366164,-0.004432957971720386
Interactive,AFE,Country resampling,1,809,1.7842405795647518,-0.7920823355963744
Interactive,AFE,Country resampling,1,810,-0.3823314503789492,-0.45286577788706994
Interactive,AFE,Country resampling,1,811,0.1358916891689168,-0.3987079565528211
Interactive,AFE,Country resampling,1,812,-0.5044679156787748,0.1780725038745814
Interactive,AFE,Country resampling,1,813,-0.5915809469930238,0.10445649693827153
Interactive,AFE,Country resampling,1,814,-0.49727000927166376,0.13748982140554133
Interactive,AFE,Country resampling,1,815,0.7703502877510087,0.37033259571766064
Interactive,AFE,Country resampling,1,816,0.8907469109588146,0.013689825866257666
Interactive,AFE,Country resampling,1,817,-0.6094038724714259,0.14964925899036852
Interactive,AFE,Country resampling,1,818,0.03991354034145633,-0.21986933554733468
Interactive,AFE,Country resampling,1,819,0.4636251347991458,0.0569436391282212
Interactive,AFE,Country resampling,1,820,-0.40595186568281416,-0.11844135770744801
Interactive,AFE,Country resampling,1,821,-0.3841601337948368,0.017637925134931676
Interactive,AFE,Country resampling,1,822,0.042861608170246646,0.19087692850821447
Interactive,AFE,Country resampling,1,823,-0.3325586729065324,0.1326259398769164
Interactive,AFE,Country resampling,1,824,-0.09206764929205258,0.3360395496540013
Interactive,AFE,Country resampling,1,825,-0.18345663997404604,0.09481478236354013
Interactive,AFE,Country resampling,1,826,-0.4544108549165756,0.23176927486187882
Interactive,AFE,Country resampling,1,827,-0.41458541617954636,0.008642418657831774
Interactive,AFE,Country resampling,1,828,-0.369517422016464,0.24150413843543406
Interactive,AFE,Country resampling,1,829,-0.7598589793321386,-0.01934892456908699
Interactive,AFE,Country resampling,1,830,0.7409102833113459,0.4288746077034149
Interactive,AFE,Country resampling,1,831,-0.5921778597491505,0.02697803949415134
Interactive,AFE,Country resampling,1,832,0.802744394910804,0.25711817836907946
Interactive,AFE,Country resampling,1,833,0.2621263240327496,0.14955371564187603
Interactive,AFE,Country resampling,1,834,-0.5263553272530428,0.15018566570591652
Interactive,AFE,Country resampling,1,835,-0.7145345707627435,0.0946362638743109
Interactive,AFE,Country resampling,1,836,-0.6456534266445428,-0.41341196357149457
Interactive,AFE,Country resampling,1,837,-0.4159798701491385,0.0024839683960712344
Interactive,AFE,Country resampling,1,838,0.23305938281144467,-0.3089700590151425
Interactive,AFE,Country resampling,1,839,-0.6728877283605661,-2.7918392194668638
Interactive,AFE,Country resampling,1,840,1.0720309801047634,0.8034473407920426
Interactive,AFE,Country resampling,1,841,0.3328074568324988,0.7377612164999524
Interactive,AFE,Country resampling,1,842,0.03137863428049226,0.20329836714885807
Interactive,AFE,Country resampling,1,843,-0.6140121133012104,0.04492062198589708
Interactive,AFE,Country resampling,1,844,0.1473122207763351,-0.19906697382012473
Interactive,AFE,Country resampling,1,845,0.20471192635831836,0.02220404789481978
Interactive,AFE,Country resampling,1,846,0.2061485839421695,-0.5835464789875946
Interactive,AFE,Country resampling,1,847,-0.49775013910398547,0.21576291314419238
Interactive,AFE,Country resampling,1,848,-0.2933029960589595,-0.4119056381894044
Interactive,AFE,Country resampling,1,849,0.10402232192460192,0.37434046936265686
Interactive,AFE,Country resampling,1,850,0.0703015996931331,-1.4589455440195094
Interactive,AFE,Country resampling,1,851,-0.4011147397896103,0.13507671248443598
Interactive,AFE,Country resampling,1,852,0.4441459333133839,-0.03397162065843462
Interactive,AFE,Country resampling,1,853,-0.39173703697021434,-0.19508787463833743
Interactive,AFE,Country resampling,1,854,-0.38401702560833495,0.12264669567148401
Interactive,AFE,Country resampling,1,855,-0.3299442012752426,-0.9752893784025797
Interactive,AFE,Country resampling,1,856,-0.37019794445946597,-0.04569415232298679
Interactive,AFE,Country resampling,1,857,0.04179767680841917,0.3071802773811976
Interactive,AFE,Country resampling,1,858,1.4281519884427722,-4.4700057138051275
Interactive,AFE,Country resampling,1,859,-0.086786709722257993,0.07251868386821281
Interactive,AFE,Country resampling,1,860,0.7618910096969438,0.09369974345061949
Interactive,AFE,Country resampling,1,861,0.6635389097490998,0.32095869753899464
Interactive,AFE,Country resampling,1,862,-0.37819733116558774,-0.043671032398667875
Interactive,AFE,Country resampling,1,863,-0.2444621470108368,-0.036149667250566564
Interactive,AFE,Country resampling,1,864,0.2363675345974332,0.4605925969953023
Interactive,AFE,Country resampling,1,865,0.02915605753508621,0.15068557564174234
Interactive,AFE,Country resampling,1,866,-0.06919513356519413,0.4464329181199804
Interactive,AFE,Country resampling,1,867,0.04513879173901825,0.46702980236543257
Interactive,AFE,Country resampling,1,868,0.35172844084436306,-0.03253881758708377
Interactive,AFE,Country resampling,1,869,1.671072757440831,0.497014670276148
Interactive,AFE,Country resampling,1,870,-0.1727366372033441,0.07513320968569259
Interactive,AFE,Country resampling,1,871,-0.46259568121891725,-0.07340521328278204
Interactive,AFE,Country resampling,1,872,3.1544712210205903,-16.226185183039597
Interactive,AFE,Country resampling,1,873,-0.768269059545556,0.03598611389367112
Interactive,AFE,Country resampling,1,874,0.7334852382045534,0.6870322853994695
Interactive,AFE,Country resampling,1,875,0.6357611304031494,0.37069445860492123
Interactive,AFE,Country resampling,1,876,0.24526686420497712,-0.19676748008200584
Interactive,AFE,Country resampling,1,877,-0.05944565478650865,0.038749038747815434
Interactive,AFE,Country resampling,1,878,-0.5561843627281908,0.06356329072763578
Interactive,AFE,Country resampling,1,879,0.21329647261641793,-0.3483433352376555
Interactive,AFE,Country resampling,1,880,0.4215600622065738,0.03924264863917326
Interactive,AFE,Country resampling,1,881,0.17581244319422118,-0.5832975272463059
Interactive,AFE,Country resampling,1,882,-0.546401563400166,0.11408290695530743
Interactive,AFE,Country resampling,1,883,-0.2849107946624454,-0.18063155464667124
Interactive,AFE,Country resampling,1,884,0.12437684100221769,0.29334677876274873
Interactive,AFE,Country resampling,1,885,-0.03129303389857452,-1.0993780250610734
Interactive,AFE,Country resampling,1,886,-0.4055684040588484,-2.908784230754103
Interactive,AFE,Country resampling,1,887,0.10398329967068953,-0.2563819107180192
Interactive,AFE,Country resampling,1,888,-0.2466421730886389,-0.047972982946878684
Interactive,AFE,Country resampling,1,889,-0.038011342455231856,-0.3916247170153996
Interactive,AFE,Country resampling,1,890,-0.44892410225139645,0.06360171596019681
Interactive,AFE,Country resampling,1,891,0.6643084504080798,0.5961316294861847
Interactive,AFE,Country resampling,1,892,0.7159834934360241,0.06811880330941356
Interactive,AFE,Country resampling,1,893,0.18882369008019784,-0.6011518388922767
Interactive,AFE,Country resampling,1,894,-0.2992583295826693,0.2032495661120438
Interactive,AFE,Country resampling,1,895,0.21504387639491185,0.5516774506922747
Interactive,AFE,Country resampling,1,896,-0.06198159982499574,0.06501194759073592
Interactive,AFE,Country resampling,1,897,0.3479268328831011,-1.3309789220231487
Interactive,AFE,Country resampling,1,898,-0.39866591308693033,0.10749480162050185
Interactive,AFE,Country resampling,1,899,-0.19849739409647094,0.030253507531625812
Interactive,AFE,Country resampling,1,900,-0.5295671526799386,-0.08331570512998199
Interactive,AFE,Country resampling,1,901,-0.5807140867796694,0.08470670340761066
Interactive,AFE,Country resampling,1,902,-0.17044192286704973,-0.2709656964690059
Interactive,AFE,Country resampling,1,903,-0.24094120482914794,-0.22332632498763838
Interactive,AFE,Country resampling,1,904,-0.41289395259304695,-0.07982685317050553
Interactive,AFE,Country resampling,1,905,0.5683140208460158,-0.11195459479966408
Interactive,AFE,Country resampling,1,906,0.4263639152770651,-0.087705102498014
Interactive,AFE,Country resampling,1,907,-0.5603293074114437,0.13408767763319784
Interactive,AFE,Country resampling,1,908,-0.5939527726689198,0.07175159087232441
Interactive,AFE,Country resampling,1,909,-0.4843639894463283,0.20582000172981263
Interactive,AFE,Country resampling,1,910,0.20340608004372096,-14.619932896876652
Interactive,AFE,Country resampling,1,911,0.44265990245694065,0.34689327084224697
Interactive,AFE,Country resampling,1,912,0.4161914066194021,-0.27513654664387155
Interactive,AFE,Country resampling,1,913,0.7276443080517938,0.8534473187291415
Interactive,AFE,Country resampling,1,914,-0.5557222106522695,0.022927938933467784
Interactive,AFE,Country resampling,1,915,-0.4511433766187676,0.08236546454203664
Interactive,AFE,Country resampling,1,916,0.5675500182260107,0.32961149954810787
Interactive,AFE,Country resampling,1,917,-0.43679857204857353,0.06648022957477817
Interactive,AFE,Country resampling,1,918,0.29705615965762844,-2.6570124383587963
Interactive,AFE,Country resampling,1,919,0.3558573894207211,-0.3076256118517011
Interactive,AFE,Country resampling,1,920,-0.06489074321111543,-0.39838758416484144
Interactive,AFE,Country resampling,1,921,0.940413518550836,-0.11048271316246705
Interactive,AFE,Country resampling,1,922,-0.36329541622295936,0.17151364323485763
Interactive,AFE,Country resampling,1,923,-0.39282505365279474,0.3624302265032978
Interactive,AFE,Country resampling,1,924,-0.5009129823323049,0.1949295892706362
Interactive,AFE,Country resampling,1,925,-0.771887853390814,-4.0701236007690405
Interactive,AFE,Country resampling,1,926,0.20185269415286244,0.5276134279752331
Interactive,AFE,Country resampling,1,927,0.14183045054044774,-0.5046831158829703
Interactive,AFE,Country resampling,1,928,0.810180173956222,0.43550185808540953
Interactive,AFE,Country resampling,1,929,0.14291553542139246,0.04339345408972228
Interactive,AFE,Country resampling,1,930,-0.5546647178095674,0.06881571078790005
Interactive,AFE,Country resampling,1,931,0.11798135699116874,0.5759164195972457
Interactive,AFE,Country resampling,1,932,0.11322223220219163,-0.1778436223293962
Interactive,AFE,Country resampling,1,933,-0.6830267796923468,0.15051288951175823
Interactive,AFE,Country resampling,1,934,-0.3703831121670319,0.1753255450615797
Interactive,AFE,Country resampling,1,935,-0.623922759589888,-0.132110272405504
Interactive,AFE,Country resampling,1,936,-0.30926046928726636,-0.13521823989488224
Interactive,AFE,Country resampling,1,937,0.1563599685908641,-0.083590541415697
Interactive,AFE,Country resampling,1,938,-0.19230770918136098,-0.2914484141388687
Interactive,AFE,Country resampling,1,939,0.5343949375513735,0.2758346210022782
Interactive,AFE,Country resampling,1,940,0.3257732028072966,0.36426413570968985
Interactive,AFE,Country resampling,1,941,-0.3161229729652336,-0.18705349240517422
Interactive,AFE,Country resampling,1,942,-0.10399195298377206,-0.33120904220358294
Interactive,AFE,Country resampling,1,943,-0.1556066790038787,0.314110680721011
Interactive,AFE,Country resampling,1,944,-0.5074531797225461,-0.7456508721832986
Interactive,AFE,Country resampling,1,945,-0.6670104259143473,-0.013799004688922367
Interactive,AFE,Country resampling,1,946,-0.5497327545489569,-0.36801759781376886
Interactive,AFE,Country resampling,1,947,-0.4822258782044402,0.26399472483760733
Interactive,AFE,Country resampling,1,948,-0.5853080259809353,0.2509884640936001
Interactive,AFE,Country resampling,1,949,-0.1871633469522087,-0.08824318263561304
Interactive,AFE,Country resampling,1,950,0.028000394134217732,-0.05592813957957499
Interactive,AFE,Country resampling,1,951,-0.5531690601762885,0.07246528428348964
Interactive,AFE,Country resampling,1,952,0.47901983216502386,0.0967544853723803
Interactive,AFE,Country resampling,1,953,-0.30855853427686275,0.09234291623077184
Interactive,AFE,Country resampling,1,954,0.16300970246599888,0.4235630246964377
Interactive,AFE,Country resampling,1,955,-0.2274304221035358,0.08574334355890556
Interactive,AFE,Country resampling,1,956,2.066208244890959,-0.05922324076553043
Interactive,AFE,Country resampling,1,957,-0.5567188447097375,0.04396013919068276
Interactive,AFE,Country resampling,1,958,-0.48182287179930394,0.09597339297920027
Interactive,AFE,Country resampling,1,959,-0.6231069450114405,0.06573830961885563
Interactive,AFE,Country resampling,1,960,1.7743778773858128,1.0881474648218328
Interactive,AFE,Country resampling,1,961,1.0766689126972406,1.174189471100927
Interactive,AFE,Country resampling,1,962,0.7519456197771541,-5.406449742308492
Interactive,AFE,Country resampling,1,963,1.3977519766327053,-0.02298961667586985
Interactive,AFE,Country resampling,1,964,-0.1742794792033613,0.39078802681670766
Interactive,AFE,Country resampling,1,965,-0.22288807467055916,-1.220445753849781
Interactive,AFE,Country resampling,1,966,-0.36045820896862624,0.17261917153975015
Interactive,AFE,Country resampling,1,967,-0.48843647116326394,0.06074210606773356
Interactive,AFE,Country resampling,1,968,-0.5290382916514418,0.08307313330347088
Interactive,AFE,Country resampling,1,969,-0.18818242671618646,0.12532813779814844
Interactive,AFE,Country resampling,1,970,-0.5034466375657323,0.16225320035750812
Interactive,AFE,Country resampling,1,971,-0.3836628034075191,0.1321015941784497
Interactive,AFE,Country resampling,1,972,-0.2628218546256741,0.033129781627534105
Interactive,AFE,Country resampling,1,973,-0.4212115273177305,-8.180609722761757
Interactive,AFE,Country resampling,1,974,-0.7511463481685716,0.029119753085286915
Interactive,AFE,Country resampling,1,975,-0.283269551414168,-0.07412464760542203
Interactive,AFE,Country resampling,1,976,0.8787720325958401,0.11080608518697033
Interactive,AFE,Country resampling,1,977,-0.3143618316381578,0.21006755186024129
Interactive,AFE,Country resampling,1,978,-0.2365988780975149,0.24209320715699556
Interactive,AFE,Country resampling,1,979,-0.15974033025793233,-0.04697343963647693
Interactive,AFE,Country resampling,1,980,-0.3224996979133993,-1.9151516396790753
Interactive,AFE,Country resampling,1,981,-0.5293082871469323,0.13841423000208808
Interactive,AFE,Country resampling,1,982,0.35340021674135524,-0.05495801371573905
Interactive,AFE,Country resampling,1,983,-0.25018260163912753,0.0707298539395047
Interactive,AFE,Country resampling,1,984,-0.504357359522807,0.07997986490503362
Interactive,AFE,Country resampling,1,985,-0.35010101286581885,0.26697692631721237
Interactive,AFE,Country resampling,1,986,0.9919121627112244,0.03896245271142185
Interactive,AFE,Country resampling,1,987,-5.472882434037762e-4,0.4519181322086241
Interactive,AFE,Country resampling,1,988,-0.4067458328121296,-0.1067974054936931
Interactive,AFE,Country resampling,1,989,0.2950924552910448,-0.18443782850284585
Interactive,AFE,Country resampling,1,990,0.7662484802187708,0.5066302064382864
Interactive,AFE,Country resampling,1,991,-0.65028563201871,0.04000973270543229
Interactive,AFE,Country resampling,1,992,0.101194175211752,0.03312589297960744
Interactive,AFE,Country resampling,1,993,-0.359554994584794,-0.05470819774608526
Interactive,AFE,Country resampling,1,994,0.8792335489183474,-0.2214994272407047
Interactive,AFE,Country resampling,1,995,-0.5131962910706668,0.2005699116039169
Interactive,AFE,Country resampling,1,996,-0.40683912384500875,0.07807842440576873
Interactive,AFE,Country resampling,1,997,-0.3318849011209748,-0.2081699419949815
Interactive,AFE,Country resampling,1,998,-0.6757821348204458,0.12104690592831979
Interactive,AFE,Country resampling,1,999,-0.3471320635638908,-0.014286165349662427
Interactive,AFE,Country resampling,1,1000,0.6419664420758366,0.3110491560060269
Interactive,AFE,Country resampling,2,1,5.426505230044968,-4.735408087586381
Interactive,AFE,Country resampling,2,2,-0.6354662396374129,0.16323955164082382
Interactive,AFE,Country resampling,2,3,0.4299650877119474,-5.306011890632359
Interactive,AFE,Country resampling,2,4,-0.49543273506449603,-0.48640170983984554
Interactive,AFE,Country resampling,2,5,-0.4167984971296703,-0.12930577373686558
Interactive,AFE,Country resampling,2,6,-0.6236643722567723,-0.10315801475039199
Interactive,AFE,Country resampling,2,7,-0.5653965516421241,0.25479108790607485
Interactive,AFE,Country resampling,2,8,-0.6627069760421058,-0.3353964114191653
Interactive,AFE,Country resampling,2,9,2.0042126160340503,-7.729128269330787
Interactive,AFE,Country resampling,2,10,-0.427217502719492,-1.149324817217157
Interactive,AFE,Country resampling,2,11,-0.3091856021714783,-1.050615791018933
Interactive,AFE,Country resampling,2,12,0.028079808700034237,-0.6356308763289271
Interactive,AFE,Country resampling,2,13,-0.33074086259849733,-0.8099695239146638
Interactive,AFE,Country resampling,2,14,-0.20534556809469995,0.20657372948855612
Interactive,AFE,Country resampling,2,15,3.4486605649331876,1.5452452201848819
Interactive,AFE,Country resampling,2,16,-0.6588086318953152,-0.1186799353483099
Interactive,AFE,Country resampling,2,17,2.6535526179537445,-1.6759884687333777
Interactive,AFE,Country resampling,2,18,-0.061871619591858384,-0.5357914739713295
Interactive,AFE,Country resampling,2,19,-0.011166532432670184,-0.7584043682546384
Interactive,AFE,Country resampling,2,20,-0.10335168871050648,-0.3396737212910762
Interactive,AFE,Country resampling,2,21,0.13926228052474432,0.4582669290803031
Interactive,AFE,Country resampling,2,22,0.02923295897982192,-0.9893538068399723
Interactive,AFE,Country resampling,2,23,0.07288675912022202,-1.1764944395432926
Interactive,AFE,Country resampling,2,24,0.028572199459952596,0.2947878915546589
Interactive,AFE,Country resampling,2,25,0.4786975397612967,-0.8407240822613458
Interactive,AFE,Country resampling,2,26,-0.44812458465394345,-0.6535067551327749
Interactive,AFE,Country resampling,2,27,-0.6487334147241619,-0.12788310730512342
Interactive,AFE,Country resampling,2,28,0.7226485067759698,-2.2673558296191523
Interactive,AFE,Country resampling,2,29,-0.36485143080328475,0.048757251483350306
Interactive,AFE,Country resampling,2,30,-0.44893663969348097,-1.0571316146141632
Interactive,AFE,Country resampling,2,31,-0.20074967412326072,-0.10607249202718316
Interactive,AFE,Country resampling,2,32,-0.12318078097043217,-0.4921810677978382
Interactive,AFE,Country resampling,2,33,1.0182691709286988,-0.7901592925462682
Interactive,AFE,Country resampling,2,34,-0.7062710517620086,0.0083922752778669
Interactive,AFE,Country resampling,2,35,-0.004644193811929043,-0.19382745305422922
Interactive,AFE,Country resampling,2,36,0.33213746970491953,-0.5800239130424021
Interactive,AFE,Country resampling,2,37,0.5079593554281452,-0.8182614073997572
Interactive,AFE,Country resampling,2,38,0.5976689751778985,-5.754752210961195
Interactive,AFE,Country resampling,2,39,1.6720095992077795,1.0738524770112803
Interactive,AFE,Country resampling,2,40,0.25891380102608785,0.3671905316375045
Interactive,AFE,Country resampling,2,41,-0.44213275176001465,-0.5547738314563453
Interactive,AFE,Country resampling,2,42,-0.28012822438111307,0.06424171592297667
Interactive,AFE,Country resampling,2,43,-0.5715508533285019,-0.25608965874612044
Interactive,AFE,Country resampling,2,44,0.03453448309984597,-132.05093579112793
Interactive,AFE,Country resampling,2,45,-0.20316996209429328,-0.46277696468883334
Interactive,AFE,Country resampling,2,46,1.2033359027811747,-1.11038507179815
Interactive,AFE,Country resampling,2,47,0.4677676996287956,0.17632325098586765
Interactive,AFE,Country resampling,2,48,-0.4463745208067845,-0.11461954486508874
Interactive,AFE,Country resampling,2,49,0.08847550143220229,-0.5994361166586626
Interactive,AFE,Country resampling,2,50,-0.37728716094220127,-0.8040434236222334
Interactive,AFE,Country resampling,2,51,0.6778479952140637,0.13886991954614603
Interactive,AFE,Country resampling,2,52,2.6097965142447523,-1.4177914928173103
Interactive,AFE,Country resampling,2,53,-0.0707206158123358,-6.0005672983739204
Interactive,AFE,Country resampling,2,54,0.7965221791619623,-1.2227772093798925
Interactive,AFE,Country resampling,2,55,0.7514254484464866,-8.45468679264924
Interactive,AFE,Country resampling,2,56,0.4305595982393473,-0.7588344286620228
Interactive,AFE,Country resampling,2,57,0.8620656708406125,-1.4142795281654708
Interactive,AFE,Country resampling,2,58,1.536122176855411,-1.9828331745620567
Interactive,AFE,Country resampling,2,59,1.8124710852980424,0.46551493336985983
Interactive,AFE,Country resampling,2,60,1.6225090995567801,-4.571615980462516
Interactive,AFE,Country resampling,2,61,-0.6767483470348272,-0.1809994243006684
Interactive,AFE,Country resampling,2,62,0.6722873396924198,-1.5098636449609555
Interactive,AFE,Country resampling,2,63,-0.03888409914438118,-1.387927236292442
Interactive,AFE,Country resampling,2,64,0.7953164269907553,0.17970977665767296
Interactive,AFE,Country resampling,2,65,-0.5993427488150831,-1.211898090067907
Interactive,AFE,Country resampling,2,66,-0.04554780696208971,-1.1006803829267193
Interactive,AFE,Country resampling,2,67,-0.09560040602270536,-0.9409679540720308
Interactive,AFE,Country resampling,2,68,-0.21876930305026532,-2.3792467085324165
Interactive,AFE,Country resampling,2,69,-0.12721375931146783,-2.251750960545794
Interactive,AFE,Country resampling,2,70,1.1904315796412988,-7.774146810895749
Interactive,AFE,Country resampling,2,71,-0.6409413623572131,-0.29929842652702876
Interactive,AFE,Country resampling,2,72,1.1290250080932096,1.0574673758455528
Interactive,AFE,Country resampling,2,73,0.04192989916918344,-0.6638759723510386
Interactive,AFE,Country resampling,2,74,-0.6255208614198016,-0.0677010721168747
Interactive,AFE,Country resampling,2,75,0.6037862550070634,-0.012300760664312183
Interactive,AFE,Country resampling,2,76,0.008868933994745642,-0.1731468383174355
Interactive,AFE,Country resampling,2,77,0.10649380716839607,0.18352675313060185
Interactive,AFE,Country resampling,2,78,-0.7567175535721157,-0.16977766820539564
Interactive,AFE,Country resampling,2,79,-0.1847875070369589,0.45532772354705875
Interactive,AFE,Country resampling,2,80,-0.19307901880320677,-0.5762666660561799
Interactive,AFE,Country resampling,2,81,-0.5457358687638474,0.008855527037145539
Interactive,AFE,Country resampling,2,82,-0.4893262546098107,0.2510255561243463
Interactive,AFE,Country resampling,2,83,-0.3997035490692493,-14.302333370201156
Interactive,AFE,Country resampling,2,84,0.22047457893952616,-1.5932230815393178
Interactive,AFE,Country resampling,2,85,-0.6806535045670119,0.11370712464955135
Interactive,AFE,Country resampling,2,86,0.13117210279531144,-1.2130226872735015
Interactive,AFE,Country resampling,2,87,0.1103409856455293,-1.5497898958618375
Interactive,AFE,Country resampling,2,88,-0.7986870438564774,0.025686043592522023
Interactive,AFE,Country resampling,2,89,0.5468588167393997,-1.493701078647941
Interactive,AFE,Country resampling,2,90,-0.38785987979373304,-1.0373315614733065
Interactive,AFE,Country resampling,2,91,0.9486300684498115,-1.1981490282800713
Interactive,AFE,Country resampling,2,92,0.7432431121363319,-1.8306323826941004
Interactive,AFE,Country resampling,2,93,0.49837383697527393,-1.5531028449062898
Interactive,AFE,Country resampling,2,94,-0.23669535618611715,0.08097864990797898
Interactive,AFE,Country resampling,2,95,-0.6351627225446945,-0.1646059746197044
Interactive,AFE,Country resampling,2,96,0.08396480211720792,-0.7547737685102687
Interactive,AFE,Country resampling,2,97,-0.260350152339077,-0.3550138940851184
Interactive,AFE,Country resampling,2,98,-0.07230101812249423,0.07270861987108901
Interactive,AFE,Country resampling,2,99,-0.8024618291609388,-0.06095400578557353
Interactive,AFE,Country resampling,2,100,1.0226340053513994,-2.05687521955831
Interactive,AFE,Country resampling,2,101,0.07186861773859543,-0.8353974658731687
Interactive,AFE,Country resampling,2,102,-0.26416785009496446,-1.3123015584231295
Interactive,AFE,Country resampling,2,103,-0.033472255010699836,-0.7256732127707077
Interactive,AFE,Country resampling,2,104,0.14846535920262038,-2.8643593595299075
Interactive,AFE,Country resampling,2,105,0.47943475030928995,-0.37124896299273336
Interactive,AFE,Country resampling,2,106,0.17601734809044078,-1.9840786185497246
Interactive,AFE,Country resampling,2,107,2.2132623995830336,0.44938652351671937
Interactive,AFE,Country resampling,2,108,-0.19995353064892085,0.27726262275201097
Interactive,AFE,Country resampling,2,109,0.009598284059980644,-0.5753024694033122
Interactive,AFE,Country resampling,2,110,-0.30609876550005766,-0.1863193172563019
Interactive,AFE,Country resampling,2,111,2.615853331346364,-2.925166184743577
Interactive,AFE,Country resampling,2,112,-0.3996234884164003,-0.5133666448031391
Interactive,AFE,Country resampling,2,113,0.09897602988553866,-0.9270164944672425
Interactive,AFE,Country resampling,2,114,0.7267053605836562,-0.1534420700551733
Interactive,AFE,Country resampling,2,115,1.7519956940593326,-2.971877454098448
Interactive,AFE,Country resampling,2,116,-0.5912159396446536,-0.039416189684355896
Interactive,AFE,Country resampling,2,117,-0.06505721673040699,-2.407735374737375
Interactive,AFE,Country resampling,2,118,0.34222313058980713,0.3633689308085464
Interactive,AFE,Country resampling,2,119,-0.3391533902234911,0.17727194957838566
Interactive,AFE,Country resampling,2,120,1.1576806778652888,-21.161995534368845
Interactive,AFE,Country resampling,2,121,-0.22857056468908554,0.07421812042339437
Interactive,AFE,Country resampling,2,122,-0.28575963945846417,-3.115252713615491
Interactive,AFE,Country resampling,2,123,0.1609048239470674,0.11433224032120215
Interactive,AFE,Country resampling,2,124,0.270511661902499,-1.3640151972433676
Interactive,AFE,Country resampling,2,125,-0.30063511560333467,-0.11879026457392616
Interactive,AFE,Country resampling,2,126,-0.21192530397791132,-0.3408879720277157
Interactive,AFE,Country resampling,2,127,0.4896139738015066,-12.527101344723263
Interactive,AFE,Country resampling,2,128,1.4843668146270002,-1.9185307252746115
Interactive,AFE,Country resampling,2,129,0.7168225661124876,0.177553241224504
Interactive,AFE,Country resampling,2,130,-0.566290886056863,-0.26022447165991214
Interactive,AFE,Country resampling,2,131,0.3275715105221626,0.21579857693643234
Interactive,AFE,Country resampling,2,132,-0.8353407293171662,-0.17873857642031332
Interactive,AFE,Country resampling,2,133,0.20385948568958168,-1.6716767730977529
Interactive,AFE,Country resampling,2,134,-0.5486256177434654,-0.09736105105931425
Interactive,AFE,Country resampling,2,135,-0.3694623537350681,0.3131113301308466
Interactive,AFE,Country resampling,2,136,0.3684641965425244,-1.5190045339596678
Interactive,AFE,Country resampling,2,137,0.12374056340755724,-0.6367379548635723
Interactive,AFE,Country resampling,2,138,1.6995857716380596,0.30195386571599947
Interactive,AFE,Country resampling,2,139,1.2335855627805952,-0.21802143941777086
Interactive,AFE,Country resampling,2,140,-0.7032135022100274,-0.11228925803432521
Interactive,AFE,Country resampling,2,141,-0.3873157282866564,-1.9039225468683902
Interactive,AFE,Country resampling,2,142,0.09990567625560964,0.038992908867582665
Interactive,AFE,Country resampling,2,143,-0.1325107362243857,-0.9134924438275694
Interactive,AFE,Country resampling,2,144,3.1178083010022206,1.8076595047578632
Interactive,AFE,Country resampling,2,145,-0.7015110881434027,0.1629946354530315
Interactive,AFE,Country resampling,2,146,1.498477120564413,-0.055011453955258194
Interactive,AFE,Country resampling,2,147,1.4833264334771843,-1.5792608266751924
Interactive,AFE,Country resampling,2,148,-0.5702396448445801,-0.19631517019425548
Interactive,AFE,Country resampling,2,149,0.6893545737332747,0.03982062822621324
Interactive,AFE,Country resampling,2,150,-0.5267199833333303,0.01711894571416339
Interactive,AFE,Country resampling,2,151,0.48193249361970714,0.5630969142040018
Interactive,AFE,Country resampling,2,152,-0.3437792141092878,-0.32854678612870347
Interactive,AFE,Country resampling,2,153,-0.0579239353197506,-0.07151768862306429
Interactive,AFE,Country resampling,2,154,1.7501202145518548,1.7928168704304457
Interactive,AFE,Country resampling,2,155,-0.2630735852853817,-1.4597148335154184
Interactive,AFE,Country resampling,2,156,-0.3723133132898825,-1.0852231707384168
Interactive,AFE,Country resampling,2,157,-0.5642012108880081,-3.7736313653274323
Interactive,AFE,Country resampling,2,158,-0.1276055739432551,-0.22050858643926707
Interactive,AFE,Country resampling,2,159,0.38972243150558095,0.19558796090986363
Interactive,AFE,Country resampling,2,160,-0.31668995294825497,-0.29198785129691274
Interactive,AFE,Country resampling,2,161,0.38786871701337744,-3.2682786322522883
Interactive,AFE,Country resampling,2,162,0.09512373932035034,-0.8931107251868735
Interactive,AFE,Country resampling,2,163,1.07965893671048,-1.2298493877073469
Interactive,AFE,Country resampling,2,164,-0.1412072059264673,-0.7155606568291353
Interactive,AFE,Country resampling,2,165,0.26830252749093053,-0.6637785522587272
Interactive,AFE,Country resampling,2,166,1.0384702491762856,-2.463457195709125
Interactive,AFE,Country resampling,2,167,0.2667241655012471,-0.571155233274173
Interactive,AFE,Country resampling,2,168,0.4103658360676081,-0.3572759383986548
Interactive,AFE,Country resampling,2,169,-0.25004966140068585,0.276227253284136
Interactive,AFE,Country resampling,2,170,-0.5605941152760633,-0.5522607401974845
Interactive,AFE,Country resampling,2,171,-0.04305583719949124,-11.003181044796007
Interactive,AFE,Country resampling,2,172,0.7658944345739527,-1.4419989788262195
Interactive,AFE,Country resampling,2,173,0.8107182443962633,-0.9723815228699166
Interactive,AFE,Country resampling,2,174,-0.4328777756268296,0.029706837202311154
Interactive,AFE,Country resampling,2,175,-0.7876222694136594,-0.36780696968662463
Interactive,AFE,Country resampling,2,176,-0.3395464432959501,0.0908288196461623
Interactive,AFE,Country resampling,2,177,0.1806160176028757,-0.2635474344749422
Interactive,AFE,Country resampling,2,178,1.0544706946220064,-2.661600367174108
Interactive,AFE,Country resampling,2,179,0.10573301655092471,-0.8767448076389663
Interactive,AFE,Country resampling,2,180,0.3408697411676114,-1.5566514385583852
Interactive,AFE,Country resampling,2,181,-0.6368866331541475,-2.7367961344889817
Interactive,AFE,Country resampling,2,182,-0.29022744612216467,-0.9941942217839533
Interactive,AFE,Country resampling,2,183,-0.36585930866116523,0.05216917688591338
Interactive,AFE,Country resampling,2,184,-0.39284645033757293,-0.522169037281938
Interactive,AFE,Country resampling,2,185,0.3434967435377241,-1.7874693380773705
Interactive,AFE,Country resampling,2,186,0.6937834808734393,0.1530089485688666
Interactive,AFE,Country resampling,2,187,0.9380200888831665,-7.222487063728061
Interactive,AFE,Country resampling,2,188,-0.6620711086924616,-0.04789078306593675
Interactive,AFE,Country resampling,2,189,0.7183801687743407,-0.7478983189965638
Interactive,AFE,Country resampling,2,190,-0.6700780750016984,-0.4409216073956266
Interactive,AFE,Country resampling,2,191,0.3988083384542187,-1.456883665460174
Interactive,AFE,Country resampling,2,192,-0.5000098835034309,-0.12299701384946793
Interactive,AFE,Country resampling,2,193,-0.44502948622573535,-0.9662691950298825
Interactive,AFE,Country resampling,2,194,-0.0018622748021679403,-7.189623738845357
Interactive,AFE,Country resampling,2,195,-0.3328537864422535,0.17844629870654916
Interactive,AFE,Country resampling,2,196,0.4466336466278569,-7.593291134794754
Interactive,AFE,Country resampling,2,197,1.0734875549295877,-1.4295489472633052
Interactive,AFE,Country resampling,2,198,-0.6334524918813429,0.06724736316428714
Interactive,AFE,Country resampling,2,199,-0.47348559043489924,-0.4467474616730528
Interactive,AFE,Country resampling,2,200,2.2378101467097924,0.4766710656762041
Interactive,AFE,Country resampling,2,201,-0.7269712793774967,0.014173491323565601
Interactive,AFE,Country resampling,2,202,-0.3763932997804823,-0.28581406351322547
Interactive,AFE,Country resampling,2,203,1.0181703074412622,0.5595890737326963
Interactive,AFE,Country resampling,2,204,-0.025792008914374276,0.031071100095501958
Interactive,AFE,Country resampling,2,205,-0.81136124352464,-0.1548065249467312
Interactive,AFE,Country resampling,2,206,-0.42923688653589,-0.9269821528049187
Interactive,AFE,Country resampling,2,207,-0.37323388048190687,0.1527662454058586
Interactive,AFE,Country resampling,2,208,0.7271172193967168,1.270877729146831
Interactive,AFE,Country resampling,2,209,-0.4400575480446264,0.13436569299096024
Interactive,AFE,Country resampling,2,210,-0.3178768887637252,-0.5584022164766983
Interactive,AFE,Country resampling,2,211,-0.04597505949755576,-0.93629155570262
Interactive,AFE,Country resampling,2,212,0.14428955871129645,-0.4964128226654425
Interactive,AFE,Country resampling,2,213,-0.6034481656714333,-0.10566746848200792
Interactive,AFE,Country resampling,2,214,-0.7962161759126871,-0.38198329346778337
Interactive,AFE,Country resampling,2,215,1.3074611016929656,-0.4250295858652584
Interactive,AFE,Country resampling,2,216,-0.2300396069136018,-0.5627349834300636
Interactive,AFE,Country resampling,2,217,-0.07438989374559657,-1.43950607723125
Interactive,AFE,Country resampling,2,218,-0.6331735905648048,-0.16371801833295518
Interactive,AFE,Country resampling,2,219,-0.034098158938686174,-2.976168417641257
Interactive,AFE,Country resampling,2,220,0.907124880948782,-2.747293368373943
Interactive,AFE,Country resampling,2,221,-0.13859417375730254,-1.0863655850549652
Interactive,AFE,Country resampling,2,222,2.4525407520283227,0.7201572729554204
Interactive,AFE,Country resampling,2,223,-0.48012884669354017,-0.34283164827522095
Interactive,AFE,Country resampling,2,224,-0.31517900937159105,0.29749418912416037
Interactive,AFE,Country resampling,2,225,-0.6978755399210224,0.12375678351011765
Interactive,AFE,Country resampling,2,226,-0.717471438639401,0.02122179603191121
Interactive,AFE,Country resampling,2,227,0.8553757482639026,-1.9365059641665885
Interactive,AFE,Country resampling,2,228,-0.722330529563215,-0.06818602738558155
Interactive,AFE,Country resampling,2,229,-0.6047798693854438,-0.4073424340440779
Interactive,AFE,Country resampling,2,230,-0.26717330911429693,0.11575187143701082
Interactive,AFE,Country resampling,2,231,4.661555457204149,-5.118986489416716
Interactive,AFE,Country resampling,2,232,-0.29661771533592984,-0.3876697215480186
Interactive,AFE,Country resampling,2,233,-0.3047172806335794,0.4255995196015998
Interactive,AFE,Country resampling,2,234,0.4621030189541153,0.18691600841405998
Interactive,AFE,Country resampling,2,235,0.5051377776613046,-0.09055454910672323
Interactive,AFE,Country resampling,2,236,0.3175654350997381,0.053325431807605295
Interactive,AFE,Country resampling,2,237,-0.49847253518039325,-0.5853609659715099
Interactive,AFE,Country resampling,2,238,-0.29635130285330813,-0.7828620411901329
Interactive,AFE,Country resampling,2,239,-0.2573680967260904,0.16074205785412077
Interactive,AFE,Country resampling,2,240,-0.5623021989258803,-0.010874048870990416
Interactive,AFE,Country resampling,2,241,1.2343341552988716,0.3459317564354074
Interactive,AFE,Country resampling,2,242,0.393404844495179,-2.7519488032301007
Interactive,AFE,Country resampling,2,243,0.1294235627043938,-1.3163919598248692
Interactive,AFE,Country resampling,2,244,-0.6536352124545837,-4.491318754460552
Interactive,AFE,Country resampling,2,245,1.0993456695679118,1.0329451772885083
Interactive,AFE,Country resampling,2,246,0.7640933416585214,0.22106262094867102
Interactive,AFE,Country resampling,2,247,-0.14955295193159257,-0.11530102546155119
Interactive,AFE,Country resampling,2,248,0.23836698182873128,-0.573474606453088
Interactive,AFE,Country resampling,2,249,-0.2456532300074068,0.1207806203329812
Interactive,AFE,Country resampling,2,250,-0.7033562012940194,-0.0033824355530519545
Interactive,AFE,Country resampling,2,251,-0.44128488617101735,-0.3021685532828653
Interactive,AFE,Country resampling,2,252,0.4239808088396333,-1.7292841134790167
Interactive,AFE,Country resampling,2,253,-0.4057783413826025,-1.4813615106780325
Interactive,AFE,Country resampling,2,254,-0.5865940114314554,-6.760337587547428
Interactive,AFE,Country resampling,2,255,0.15330065500924528,0.6781167726501529
Interactive,AFE,Country resampling,2,256,0.3668973623319205,-2.8885393046942394
Interactive,AFE,Country resampling,2,257,0.31803925974524283,0.039437259025190574
Interactive,AFE,Country resampling,2,258,-0.6827466724442542,-0.34398250642109807
Interactive,AFE,Country resampling,2,259,2.6405393403425728,-2.982053570447507
Interactive,AFE,Country resampling,2,260,-0.31638076673386784,-0.859229324852012
Interactive,AFE,Country resampling,2,261,-0.27826891425999845,-0.4673528076482366
Interactive,AFE,Country resampling,2,262,-0.44935869245064897,0.02971844081832309
Interactive,AFE,Country resampling,2,263,-0.31501071824412996,-0.18612758568558652
Interactive,AFE,Country resampling,2,264,2.11262368130878,-3.5243827731746116
Interactive,AFE,Country resampling,2,265,-0.5930951173682493,-0.08528130411142154
Interactive,AFE,Country resampling,2,266,-0.6976163590982816,-0.5409203211430391
Interactive,AFE,Country resampling,2,267,-0.266985254912966,-0.256741302557962
Interactive,AFE,Country resampling,2,268,-0.47998739840044113,-0.23672727571571428
Interactive,AFE,Country resampling,2,269,0.10750653489381135,-0.25985874733713565
Interactive,AFE,Country resampling,2,270,0.5330227539461294,-0.9968025910589939
Interactive,AFE,Country resampling,2,271,-0.6039746552505607,-0.25218751311998233
Interactive,AFE,Country resampling,2,272,0.03437112726903724,0.10646218049448442
Interactive,AFE,Country resampling,2,273,-0.5807915455458623,0.05254317151836785
Interactive,AFE,Country resampling,2,274,8.885359976514636,2.1188510823580584
Interactive,AFE,Country resampling,2,275,3.38776093564287,-2.387911170131562
Interactive,AFE,Country resampling,2,276,-0.19246264953480186,-0.2121221176553969
Interactive,AFE,Country resampling,2,277,0.13368124637611056,-0.5156768539204761
Interactive,AFE,Country resampling,2,278,1.2536958664763596,0.1601905443777114
Interactive,AFE,Country resampling,2,279,3.596426695120531,0.021475017176303624
Interactive,AFE,Country resampling,2,280,0.09875471993960239,-4.953258142365991
Interactive,AFE,Country resampling,2,281,0.03489104189154246,0.4953944103741097
Interactive,AFE,Country resampling,2,282,-0.5314403064805588,-0.18203536293942413
Interactive,AFE,Country resampling,2,283,1.0318807591574748,-0.9328729761325238
Interactive,AFE,Country resampling,2,284,-0.5876326476968499,0.1829610633996842
Interactive,AFE,Country resampling,2,285,-0.6872817531971445,0.12145908933737082
Interactive,AFE,Country resampling,2,286,-0.07733642754104653,-0.887601609675677
Interactive,AFE,Country resampling,2,287,-0.6437833286526775,-0.16312022075315935
Interactive,AFE,Country resampling,2,288,0.9308480976613531,-1.8697799300292133
Interactive,AFE,Country resampling,2,289,-0.5540297677035031,-0.010822584409897251
Interactive,AFE,Country resampling,2,290,-0.42180760513962645,0.036175890704050806
Interactive,AFE,Country resampling,2,291,-0.3269504073130932,-0.3656220984291262
Interactive,AFE,Country resampling,2,292,0.9619290767987547,-4.465748143882737
Interactive,AFE,Country resampling,2,293,-0.2225086742778981,-0.7053477908086996
Interactive,AFE,Country resampling,2,294,-0.3344781324053241,-0.23152689818045524
Interactive,AFE,Country resampling,2,295,-0.4617524902950919,0.21536543089019722
Interactive,AFE,Country resampling,2,296,0.45398718979742436,-1.8791097272917756
Interactive,AFE,Country resampling,2,297,0.7627747554608615,-9.578326721504196
Interactive,AFE,Country resampling,2,298,1.0259900047553892,-4.765183795377893
Interactive,AFE,Country resampling,2,299,0.9650778721328717,0.17576551389312223
Interactive,AFE,Country resampling,2,300,-0.6256373836938394,0.14577521110372105
Interactive,AFE,Country resampling,2,301,-0.48855005857197054,-0.5347719986550682
Interactive,AFE,Country resampling,2,302,1.1698019866285123,0.9509655413226858
Interactive,AFE,Country resampling,2,303,-0.6477077395969683,0.07885935737666772
Interactive,AFE,Country resampling,2,304,-0.7189525234994463,-0.1197967800088724
Interactive,AFE,Country resampling,2,305,-0.7138518509403098,0.05633335243833382
Interactive,AFE,Country resampling,2,306,-0.0021468023904954725,0.15000428411018074
Interactive,AFE,Country resampling,2,307,-0.5867941869279869,-0.10109298556519675
Interactive,AFE,Country resampling,2,308,0.46258920507946444,-0.2510073963793835
Interactive,AFE,Country resampling,2,309,-0.3959256642727881,0.06718808675852417
Interactive,AFE,Country resampling,2,310,-0.30784713571734545,0.08289839072322469
Interactive,AFE,Country resampling,2,311,-0.2779073843502825,0.019627766872899355
Interactive,AFE,Country resampling,2,312,8.477760178499397,-0.12771148841433266
Interactive,AFE,Country resampling,2,313,-0.18779841486843407,-1.394279894459161
Interactive,AFE,Country resampling,2,314,0.025923220081375264,0.4130870493568961
Interactive,AFE,Country resampling,2,315,1.561499859265334,1.5427641985357483
Interactive,AFE,Country resampling,2,316,0.1853735660747282,-0.632475750285407
Interactive,AFE,Country resampling,2,317,1.9062225497638878,1.348369343458649
Interactive,AFE,Country resampling,2,318,-0.17698121737515482,0.3034585524463328
Interactive,AFE,Country resampling,2,319,-0.45494090916377594,-0.19169316933872205
Interactive,AFE,Country resampling,2,320,0.8301194813134272,-0.5384361889364291
Interactive,AFE,Country resampling,2,321,1.7097503575440496,-5.405074569585411
Interactive,AFE,Country resampling,2,322,-0.5744230792883546,0.09746601132956989
Interactive,AFE,Country resampling,2,323,-0.7041554887991375,-0.01646887540835673
Interactive,AFE,Country resampling,2,324,-0.35670114385966967,-1.3774762566902448
Interactive,AFE,Country resampling,2,325,-0.6190841361677362,-0.6531360784736902
Interactive,AFE,Country resampling,2,326,-0.4503140434371211,0.03321932852349452
Interactive,AFE,Country resampling,2,327,-0.36983966499195164,-0.3406816073270179
Interactive,AFE,Country resampling,2,328,-0.7149861349937559,-0.16882479428425734
Interactive,AFE,Country resampling,2,329,0.6342034318135861,-0.2731395355218078
Interactive,AFE,Country resampling,2,330,0.3284081190775803,0.10129891952916359
Interactive,AFE,Country resampling,2,331,0.8735234170340036,-0.639095601761057
Interactive,AFE,Country resampling,2,332,0.9618578916840697,0.08374673037115588
Interactive,AFE,Country resampling,2,333,-0.24991653744467568,0.07623393586234184
Interactive,AFE,Country resampling,2,334,-0.7542417502386485,0.09601370932637487
Interactive,AFE,Country resampling,2,335,-0.6904811218904687,-0.7842904532619439
Interactive,AFE,Country resampling,2,336,-0.1594500126530668,-0.09993278738778111
Interactive,AFE,Country resampling,2,337,-0.485591167449957,-0.05189519775536555
Interactive,AFE,Country resampling,2,338,-0.20912415321648692,-0.2225138338582473
Interactive,AFE,Country resampling,2,339,0.6108774490578206,-5.057123372074398
Interactive,AFE,Country resampling,2,340,-0.2866822352742924,-0.4659920282272907
Interactive,AFE,Country resampling,2,341,0.8078581275494763,-1.7694844171066393
Interactive,AFE,Country resampling,2,342,2.227591223218792,-1368.6245870731623
Interactive,AFE,Country resampling,2,343,0.26649128689401436,-0.7289441258918432
Interactive,AFE,Country resampling,2,344,1.3562705907021493,-2.194154838567124
Interactive,AFE,Country resampling,2,345,-0.1905894432189642,0.20997164297022153
Interactive,AFE,Country resampling,2,346,-0.004251961710740826,0.09694629935625654
Interactive,AFE,Country resampling,2,347,-0.3265886023294414,0.13961367144799552
Interactive,AFE,Country resampling,2,348,-0.7383044474968394,-0.5298492779304671
Interactive,AFE,Country resampling,2,349,1.3167027604810917,1.0820935209989269
Interactive,AFE,Country resampling,2,350,0.006507444032895826,-0.6621500523861439
Interactive,AFE,Country resampling,2,351,0.5322350515391092,-2.546107630580564
Interactive,AFE,Country resampling,2,352,0.3757941723455167,-1.5806739151939062
Interactive,AFE,Country resampling,2,353,0.5012964399816493,-1.0099783934055084
Interactive,AFE,Country resampling,2,354,1.1055830066884043,-0.5424297741793551
Interactive,AFE,Country resampling,2,355,-0.5412613007220908,0.08624915588222981
Interactive,AFE,Country resampling,2,356,0.5498111899184219,0.8391130696259289
Interactive,AFE,Country resampling,2,357,-0.21567079560483837,-0.45369191190914926
Interactive,AFE,Country resampling,2,358,-0.09390302364339775,-1.7669977330864859
Interactive,AFE,Country resampling,2,359,-0.5620798329816474,-0.9687686212295477
Interactive,AFE,Country resampling,2,360,0.524502824631959,-0.9823412065153778
Interactive,AFE,Country resampling,2,361,-0.4762005643108096,-3.7968791896111154
Interactive,AFE,Country resampling,2,362,-0.3956981376105717,-0.17552105908787585
Interactive,AFE,Country resampling,2,363,0.4467100362852936,-2.513976279246794
Interactive,AFE,Country resampling,2,364,-0.6416984541677723,-0.16619495697592523
Interactive,AFE,Country resampling,2,365,-0.3192680711375645,-1.778468461462814
Interactive,AFE,Country resampling,2,366,-0.37372611524512067,-0.35867818942099583
Interactive,AFE,Country resampling,2,367,0.027669584848484252,0.35414461578484235
Interactive,AFE,Country resampling,2,368,-0.08136328779231072,-0.7759584638335502
Interactive,AFE,Country resampling,2,369,0.841698295572251,0.4130725766192296
Interactive,AFE,Country resampling,2,370,0.9589510462642861,-0.47377527251004414
Interactive,AFE,Country resampling,2,371,-0.5813547372550636,0.0012575220287245337
Interactive,AFE,Country resampling,2,372,-0.6375062383760914,0.15047665472404037
Interactive,AFE,Country resampling,2,373,-0.23336929356780522,-1.2206462261242939
Interactive,AFE,Country resampling,2,374,-0.030592961507506233,-0.01285269850971349
Interactive,AFE,Country resampling,2,375,0.4646654893575519,-7.172105720802172
Interactive,AFE,Country resampling,2,376,-0.5926530507476246,-0.03728954503000281
Interactive,AFE,Country resampling,2,377,3.659520699536241,0.5599758345109054
Interactive,AFE,Country resampling,2,378,0.18002821818956627,-0.022649248445786085
Interactive,AFE,Country resampling,2,379,0.1254957602965754,-0.03327916357281868
Interactive,AFE,Country resampling,2,380,-0.47023730815193965,-1.7268151743856208
Interactive,AFE,Country resampling,2,381,0.9305612553509179,-5.743093458119388
Interactive,AFE,Country resampling,2,382,-0.28453032955634794,-0.17161905506628938
Interactive,AFE,Country resampling,2,383,-0.4701898347928324,0.33214747191443794
Interactive,AFE,Country resampling,2,384,-0.5450100919359107,-0.30207350979430747
Interactive,AFE,Country resampling,2,385,-0.7450310312919047,0.08942870552673088
Interactive,AFE,Country resampling,2,386,-0.3432449606258423,-0.029411596310028543
Interactive,AFE,Country resampling,2,387,0.8194936239997235,-3.6197241808870517
Interactive,AFE,Country resampling,2,388,-0.613974905268552,0.007573192482545843
Interactive,AFE,Country resampling,2,389,-0.044028158690181285,-1.9886171816910592
Interactive,AFE,Country resampling,2,390,-0.28655376654325393,0.1934688753016427
Interactive,AFE,Country resampling,2,391,-0.6158027481180784,0.12202075156838921
Interactive,AFE,Country resampling,2,392,0.017992321425331026,-2.6010269926460676
Interactive,AFE,Country resampling,2,393,-0.12529268643598102,0.0241794717959265
Interactive,AFE,Country resampling,2,394,-0.7317475562228133,0.009626595924047576
Interactive,AFE,Country resampling,2,395,0.19204828930328177,0.2751447389660875
Interactive,AFE,Country resampling,2,396,-0.6938372286287651,-0.5338539187714377
Interactive,AFE,Country resampling,2,397,-0.28482343805498345,0.34015697048792237
Interactive,AFE,Country resampling,2,398,0.2125589496998752,0.2853950686446126
Interactive,AFE,Country resampling,2,399,-0.0509745179632054,-0.18857835890913732
Interactive,AFE,Country resampling,2,400,0.052812125947003796,0.6203324591373199
Interactive,AFE,Country resampling,2,401,-0.5921386112524707,0.05318183433603352
Interactive,AFE,Country resampling,2,402,-0.37814317937903263,0.06781724094715336
Interactive,AFE,Country resampling,2,403,0.6240811153005945,-0.44153369527162867
Interactive,AFE,Country resampling,2,404,1.2794567134780186,-6.971010891219636
Interactive,AFE,Country resampling,2,405,0.7807055794391351,-0.08864989598158601
Interactive,AFE,Country resampling,2,406,0.12704271964519687,-0.40067125923981917
Interactive,AFE,Country resampling,2,407,-0.6574267214545869,-0.135930029095913
Interactive,AFE,Country resampling,2,408,0.35149348864762664,0.24615081794537597
Interactive,AFE,Country resampling,2,409,-0.47419926719813044,-0.16993708704889732
Interactive,AFE,Country resampling,2,410,0.3516871580086154,0.4681866964512963
Interactive,AFE,Country resampling,2,411,1.122896486361308,0.25728851035215206
Interactive,AFE,Country resampling,2,412,4.761369528411137,0.9110593583514577
Interactive,AFE,Country resampling,2,413,-0.5437790116634178,0.096825529521404
Interactive,AFE,Country resampling,2,414,0.4398180713894595,-1.0097209580678785
Interactive,AFE,Country resampling,2,415,-0.6606701300686766,-0.07021109984775298
Interactive,AFE,Country resampling,2,416,1.0967599213108707,-1.438685125559442
Interactive,AFE,Country resampling,2,417,0.14635554649310367,-0.555379782461062
Interactive,AFE,Country resampling,2,418,0.37424933500184987,-1.107202731919722
Interactive,AFE,Country resampling,2,419,0.8569091593780143,-0.31694078596013897
Interactive,AFE,Country resampling,2,420,-0.015182558923726663,-0.7333970825456451
Interactive,AFE,Country resampling,2,421,0.3718297441247409,-1.8086529461450032
Interactive,AFE,Country resampling,2,422,0.073710735807478,-0.5940928523207898
Interactive,AFE,Country resampling,2,423,-0.4428357746607582,-0.2729915633329668
Interactive,AFE,Country resampling,2,424,0.985076576845036,-2.826136772137324
Interactive,AFE,Country resampling,2,425,-0.07897455340494552,-1.340685544604483
Interactive,AFE,Country resampling,2,426,-0.12937675977236696,0.4266413548553847
Interactive,AFE,Country resampling,2,427,-0.6830029439193617,-0.05240371925436649
Interactive,AFE,Country resampling,2,428,0.18998312141845086,-1.6837166623376947
Interactive,AFE,Country resampling,2,429,-0.2708982667069392,-0.15949925077733385
Interactive,AFE,Country resampling,2,430,-0.12212841376920558,0.36441008434456024
Interactive,AFE,Country resampling,2,431,0.027552265945546273,-0.05703398010979388
Interactive,AFE,Country resampling,2,432,-0.2894811106046661,0.15757701993290818
Interactive,AFE,Country resampling,2,433,-0.5257835740291579,-0.9107140667012597
Interactive,AFE,Country resampling,2,434,0.12070160341592184,-0.3334888888625436
Interactive,AFE,Country resampling,2,435,-0.5584359695419425,-0.2991653214306098
Interactive,AFE,Country resampling,2,436,0.6842776528424308,-0.1562084093421363
Interactive,AFE,Country resampling,2,437,0.040922850145955314,-0.8420906546192282
Interactive,AFE,Country resampling,2,438,0.1281323692333356,-1.3884629696625483
Interactive,AFE,Country resampling,2,439,-0.4370244783891526,-0.11283723664247336
Interactive,AFE,Country resampling,2,440,-0.09269062054109567,0.28554374219277634
Interactive,AFE,Country resampling,2,441,-0.31911355043395884,-1.1169022717748547
Interactive,AFE,Country resampling,2,442,-0.5004636024785643,-0.11125419996871044
Interactive,AFE,Country resampling,2,443,-0.6191794224414136,-0.9899755411163049
Interactive,AFE,Country resampling,2,444,-0.20017262014983983,-0.711403409836762
Interactive,AFE,Country resampling,2,445,1.003823253351177,-1.4173569579414953
Interactive,AFE,Country resampling,2,446,-0.4368709689938388,-2.2743198916056473
Interactive,AFE,Country resampling,2,447,-0.4285743584829146,0.13979887921886303
Interactive,AFE,Country resampling,2,448,0.2093828030110063,-4.574855591457126
Interactive,AFE,Country resampling,2,449,-0.5079680113372809,-0.057284423192392575
Interactive,AFE,Country resampling,2,450,-0.8915636524333775,-0.04356521038347638
Interactive,AFE,Country resampling,2,451,-0.09449476760190711,-0.23704850138940003
Interactive,AFE,Country resampling,2,452,0.04770164578350844,0.6259843125949123
Interactive,AFE,Country resampling,2,453,0.04755256999089652,0.22058747253076783
Interactive,AFE,Country resampling,2,454,-0.44774496688248633,0.0805489688518558
Interactive,AFE,Country resampling,2,455,1.6799849004664122,-2.4222636867239022
Interactive,AFE,Country resampling,2,456,-0.5387373878314967,-0.017405982880835724
Interactive,AFE,Country resampling,2,457,0.9419113062980309,-7.524751516828682
Interactive,AFE,Country resampling,2,458,-0.859979443928987,-0.059726758741625585
Interactive,AFE,Country resampling,2,459,0.04503142775117541,-0.1269840582523536
Interactive,AFE,Country resampling,2,460,-0.47146265729167103,-0.5135476060170346
Interactive,AFE,Country resampling,2,461,0.19311202015921713,-2.6628326228192414
Interactive,AFE,Country resampling,2,462,0.14831863165956083,-0.6477615454120427
Interactive,AFE,Country resampling,2,463,-0.7039667810312575,-0.8783197648663086
Interactive,AFE,Country resampling,2,464,-0.26798121191636437,0.47251550940852594
Interactive,AFE,Country resampling,2,465,-0.5766015097579366,-0.15555549698846138
Interactive,AFE,Country resampling,2,466,-0.7933360810970449,-0.1028035329284438
Interactive,AFE,Country resampling,2,467,-0.052571734206969256,-0.8077287868605981
Interactive,AFE,Country resampling,2,468,4.234998492825708,-0.8585959412036068
Interactive,AFE,Country resampling,2,469,-0.5214498495513558,-0.25288701277000003
Interactive,AFE,Country resampling,2,470,0.1758017907812095,0.4955520416638669
Interactive,AFE,Country resampling,2,471,1.6942227894323612,-1.4558947231540929
Interactive,AFE,Country resampling,2,472,-0.8069355558845062,-0.07344999305584166
Interactive,AFE,Country resampling,2,473,-0.2528809620185887,-1.0439555642356861
Interactive,AFE,Country resampling,2,474,-0.07535146339825483,-2.3457061729697504
Interactive,AFE,Country resampling,2,475,-0.41644889362829174,-0.10563908365905805
Interactive,AFE,Country resampling,2,476,0.15920747212988684,-0.19415260996904737
Interactive,AFE,Country resampling,2,477,-0.49273246214122024,0.24369248390701903
Interactive,AFE,Country resampling,2,478,1.3243360657609715,0.27785604214900816
Interactive,AFE,Country resampling,2,479,0.2846953489605455,0.6346053130945718
Interactive,AFE,Country resampling,2,480,-0.33959077787717296,-0.4829949146679382
Interactive,AFE,Country resampling,2,481,-0.42659099894631336,-0.5499565959292388
Interactive,AFE,Country resampling,2,482,0.4527180034843272,-1.3421820449357404
Interactive,AFE,Country resampling,2,483,0.9282989050250852,-2.1276210150278168
Interactive,AFE,Country resampling,2,484,-0.2168759377706282,-0.7190884218927314
Interactive,AFE,Country resampling,2,485,-0.7423781163377046,0.024097674218327203
Interactive,AFE,Country resampling,2,486,0.1221748959520006,0.07891074693238931
Interactive,AFE,Country resampling,2,487,2.7611842873807104,-1.55112598748293
Interactive,AFE,Country resampling,2,488,1.908298544543852,0.2791345168989521
Interactive,AFE,Country resampling,2,489,-0.5898920275759958,-0.20402542287753167
Interactive,AFE,Country resampling,2,490,-0.3416853520292473,0.36805885553853934
Interactive,AFE,Country resampling,2,491,0.5195743557631722,-2.2525096422268107
Interactive,AFE,Country resampling,2,492,0.2481647590128937,-2.038470847271043
Interactive,AFE,Country resampling,2,493,0.506169747271433,-0.021882678986663073
Interactive,AFE,Country resampling,2,494,-0.5127833865901812,0.13596417828126905
Interactive,AFE,Country resampling,2,495,-0.3088910728731453,0.007317729502076209
Interactive,AFE,Country resampling,2,496,-0.2418953096544304,-0.8711499402442452
Interactive,AFE,Country resampling,2,497,0.17637570596710184,-0.7727057344794583
Interactive,AFE,Country resampling,2,498,-0.4144064127154703,-0.13377747815436625
Interactive,AFE,Country resampling,2,499,-0.4449925523313225,0.1286856891904935
Interactive,AFE,Country resampling,2,500,-0.5951142349357564,-0.7575025909920189
Interactive,AFE,Country resampling,2,501,-0.48767521441750195,-0.37686267676433916
Interactive,AFE,Country resampling,2,502,0.17599004926673834,-2.768148417711851
Interactive,AFE,Country resampling,2,503,1.5032068361491375,-1.045336562006515
Interactive,AFE,Country resampling,2,504,2.9010522432862063,0.5191194965679653
Interactive,AFE,Country resampling,2,505,-0.08153779305850573,-0.7424533989071322
Interactive,AFE,Country resampling,2,506,-0.2165052850035426,-1.037930746907429
Interactive,AFE,Country resampling,2,507,0.024066087916890355,0.3598142489851017
Interactive,AFE,Country resampling,2,508,-0.29602984351095496,-0.8495508139855121
Interactive,AFE,Country resampling,2,509,2.4650917878812586,-4.809542100209516
Interactive,AFE,Country resampling,2,510,1.1075634112622401,0.9275146346522636
Interactive,AFE,Country resampling,2,511,-0.08016417851893387,-3.387121889549676
Interactive,AFE,Country resampling,2,512,-0.3581711405550505,-0.8261641570391636
Interactive,AFE,Country resampling,2,513,0.18415376473158207,-0.07364830803879552
Interactive,AFE,Country resampling,2,514,-0.01891033867271419,-0.012854447338073394
Interactive,AFE,Country resampling,2,515,0.7407932655576182,-14.159330968270854
Interactive,AFE,Country resampling,2,516,-0.5707177018036093,-0.0769993599586255
Interactive,AFE,Country resampling,2,517,-0.17369830068032077,-0.8728784186265253
Interactive,AFE,Country resampling,2,518,-0.33517324414988825,0.2428210679248688
Interactive,AFE,Country resampling,2,519,-0.5818704134203416,-0.009802583006886856
Interactive,AFE,Country resampling,2,520,-0.3569826214431856,0.15390610559006734
Interactive,AFE,Country resampling,2,521,-0.12054444683048249,0.26287068967002636
Interactive,AFE,Country resampling,2,522,-0.45950233440290833,-0.297088237674066
Interactive,AFE,Country resampling,2,523,-0.4613788882279827,-0.38307171052833733
Interactive,AFE,Country resampling,2,524,-0.5314523122682395,0.01932800506164778
Interactive,AFE,Country resampling,2,525,-0.6033548932542789,-0.08329619015639889
Interactive,AFE,Country resampling,2,526,0.029535671768710303,-5.425177115188036
Interactive,AFE,Country resampling,2,527,-0.34870806121792874,0.38911527489924236
Interactive,AFE,Country resampling,2,528,-0.8369320386084943,0.030738852637867353
Interactive,AFE,Country resampling,2,529,-0.28410381258986084,-0.709727374262242
Interactive,AFE,Country resampling,2,530,-0.15658392904273122,0.2643419798668717
Interactive,AFE,Country resampling,2,531,-0.30936721472236994,-0.20220149448051838
Interactive,AFE,Country resampling,2,532,-0.41601963583272006,-0.26954706123587546
Interactive,AFE,Country resampling,2,533,0.3065946955540697,-1.787747413632635
Interactive,AFE,Country resampling,2,534,-0.3626167788404472,-0.49068196552471133
Interactive,AFE,Country resampling,2,535,3.0646513186636275,-13.258948489319344
Interactive,AFE,Country resampling,2,536,-0.061942677495974596,0.07896920284717024
Interactive,AFE,Country resampling,2,537,-0.7042994457605325,-0.7422746420653759
Interactive,AFE,Country resampling,2,538,0.5390270793363876,-4.468782866139543
Interactive,AFE,Country resampling,2,539,-0.43391820223049093,0.09292269163457811
Interactive,AFE,Country resampling,2,540,-0.5746455638890375,0.13344798095883603
Interactive,AFE,Country resampling,2,541,-0.23482143996160798,-1.019365163049418
Interactive,AFE,Country resampling,2,542,-0.519296782237799,-0.5172652087999497
Interactive,AFE,Country resampling,2,543,-0.017783968935472072,-1.2511545183655612
Interactive,AFE,Country resampling,2,544,-0.5208475589520143,-0.9201404257730963
Interactive,AFE,Country resampling,2,545,-0.14229779115094932,-1.3145213290905455
Interactive,AFE,Country resampling,2,546,2.9813994068451604,-12.855761395274058
Interactive,AFE,Country resampling,2,547,1.081978483261992,0.4845359981087427
Interactive,AFE,Country resampling,2,548,-0.04002650315928691,-0.29362417020239573
Interactive,AFE,Country resampling,2,549,-0.3431897173990488,0.07324863442304486
Interactive,AFE,Country resampling,2,550,0.2327230151393802,-0.08128895017076032
Interactive,AFE,Country resampling,2,551,3.473379714153113,2.8748662207382454
Interactive,AFE,Country resampling,2,552,1.1316443305619135,-0.3942984537961247
Interactive,AFE,Country resampling,2,553,-0.7933212758349931,0.008194001354065339
Interactive,AFE,Country resampling,2,554,2.349137375777418,1.5498454699692923
Interactive,AFE,Country resampling,2,555,0.476048887317283,-0.6364931657466559
Interactive,AFE,Country resampling,2,556,1.8562623275934143,-2.469013877960465
Interactive,AFE,Country resampling,2,557,0.14631904456244493,0.6338507472724679
Interactive,AFE,Country resampling,2,558,-0.5642310438420259,-0.09374101704377269
Interactive,AFE,Country resampling,2,559,-0.35812916579355847,-0.8747944900363248
Interactive,AFE,Country resampling,2,560,-0.2286685075553091,-0.12340045700641489
Interactive,AFE,Country resampling,2,561,0.09499521381417586,-0.8035819690350208
Interactive,AFE,Country resampling,2,562,0.08200707812436181,-0.7091501168872667
Interactive,AFE,Country resampling,2,563,2.573521983876182,-0.5371891072410975
Interactive,AFE,Country resampling,2,564,-0.3673063013761956,-0.1475990928609795
Interactive,AFE,Country resampling,2,565,0.21319519266268672,-0.5926678073669862
Interactive,AFE,Country resampling,2,566,-0.16348872750439847,-0.05340694115740641
Interactive,AFE,Country resampling,2,567,-0.37928502475556813,0.19560895790633226
Interactive,AFE,Country resampling,2,568,0.18783587796356604,-0.18648144036729142
Interactive,AFE,Country resampling,2,569,-0.5159772111745443,0.14800404795236088
Interactive,AFE,Country resampling,2,570,-0.40630041391531047,-0.4060068142035057
Interactive,AFE,Country resampling,2,571,-0.11229658731392977,-1.2919886398135394
Interactive,AFE,Country resampling,2,572,-0.2762383344525161,-0.3300206140197943
Interactive,AFE,Country resampling,2,573,-0.5009854146124171,0.18408093825628613
Interactive,AFE,Country resampling,2,574,0.13915482768467236,0.5035165035819497
Interactive,AFE,Country resampling,2,575,-0.5857446333577351,-0.5521809562520709
Interactive,AFE,Country resampling,2,576,-0.4040862313240593,-0.6038242881888892
Interactive,AFE,Country resampling,2,577,-0.4355558861877312,-0.7107988105887099
Interactive,AFE,Country resampling,2,578,0.0605322472721872,-0.5826747250264022
Interactive,AFE,Country resampling,2,579,0.1417666847159904,-1.0345695144193765
Interactive,AFE,Country resampling,2,580,0.4244687626288193,-0.9123442808316415
Interactive,AFE,Country resampling,2,581,-0.6800365279574958,0.08931020500361364
Interactive,AFE,Country resampling,2,582,-0.33250319642021275,-1.7479065104264446e-4
Interactive,AFE,Country resampling,2,583,0.15646281118996308,-0.03207366876844042
Interactive,AFE,Country resampling,2,584,-0.39106964188789173,0.097045317494583
Interactive,AFE,Country resampling,2,585,-0.25785916755149063,-0.9764986168533497
Interactive,AFE,Country resampling,2,586,1.3306944739661137,-46.09031377884666
Interactive,AFE,Country resampling,2,587,0.24715395250720973,0.006574069848575448
Interactive,AFE,Country resampling,2,588,1.4271862795423949,-2.1252450737857367
Interactive,AFE,Country resampling,2,589,-0.3162236403791756,0.29933774545381486
Interactive,AFE,Country resampling,2,590,1.4120766268343599,-1.359605283115406
Interactive,AFE,Country resampling,2,591,1.0141672628815255,-2.7720255824665663
Interactive,AFE,Country resampling,2,592,-0.08153928491061091,-0.18109872110716774
Interactive,AFE,Country resampling,2,593,-0.6596763323939214,0.14324221921175173
Interactive,AFE,Country resampling,2,594,-0.43698617362575587,-0.22020507440201242
Interactive,AFE,Country resampling,2,595,1.0426837865577858,-16.46075087585581
Interactive,AFE,Country resampling,2,596,-0.24492278200942563,-0.8042366700461968
Interactive,AFE,Country resampling,2,597,1.2914724578321017,-3.4245174904105395
Interactive,AFE,Country resampling,2,598,-0.4814113008377614,0.08086695901456398
Interactive,AFE,Country resampling,2,599,-0.2334052329655899,-0.8518054842850643
Interactive,AFE,Country resampling,2,600,-0.06379804236637221,-0.2642228648952487
Interactive,AFE,Country resampling,2,601,-0.24621595626484483,-0.4202454145802482
Interactive,AFE,Country resampling,2,602,-0.44976063053227566,-0.14266351366309393
Interactive,AFE,Country resampling,2,603,-0.5328558850378406,-0.052755971181373984
Interactive,AFE,Country resampling,2,604,1.0019114460628598,0.45492377473283074
Interactive,AFE,Country resampling,2,605,3.9313712142346313,1.1384063855194562
Interactive,AFE,Country resampling,2,606,0.6255967966101919,-1.4833366095086742
Interactive,AFE,Country resampling,2,607,0.2581546722131738,-1.9304312047228156
Interactive,AFE,Country resampling,2,608,0.40852236439461187,0.19053730223099552
Interactive,AFE,Country resampling,2,609,-0.3446680945817775,-0.08540737513923968
Interactive,AFE,Country resampling,2,610,-0.22568140367388145,0.02623594351945613
Interactive,AFE,Country resampling,2,611,0.18028138790855763,0.20407779995657616
Interactive,AFE,Country resampling,2,612,0.8354604429909056,-1.9118039740481616
Interactive,AFE,Country resampling,2,613,0.6606203203418555,-1.8711800355932109
Interactive,AFE,Country resampling,2,614,0.1413232912689859,-0.8668182489070329
Interactive,AFE,Country resampling,2,615,-0.09548319811577488,-0.008944932161635943
Interactive,AFE,Country resampling,2,616,-0.5342601600873438,-0.23160187034081414
Interactive,AFE,Country resampling,2,617,-0.39919483915556164,0.28159185473629955
Interactive,AFE,Country resampling,2,618,-0.31366812754330675,-1.539800006068777
Interactive,AFE,Country resampling,2,619,0.12432880615386988,-68.56716277356567
Interactive,AFE,Country resampling,2,620,0.09685313911901994,-1.50654722825999
Interactive,AFE,Country resampling,2,621,-0.6582265080000271,-0.33276037030060046
Interactive,AFE,Country resampling,2,622,-0.12010191729199782,-0.8584790746630603
Interactive,AFE,Country resampling,2,623,0.2216600400727884,-0.7646019906157642
Interactive,AFE,Country resampling,2,624,0.7715175749213805,-4.303034268451164
Interactive,AFE,Country resampling,2,625,-0.33673414892490083,0.03926843346810793
Interactive,AFE,Country resampling,2,626,2.2113393523457545,0.12817576064150016
Interactive,AFE,Country resampling,2,627,2.795628493953154,-2.3272457670157114
Interactive,AFE,Country resampling,2,628,-0.46245832670594955,-0.379384884693051
Interactive,AFE,Country resampling,2,629,0.24576783178002137,0.2884383559607653
Interactive,AFE,Country resampling,2,630,2.853495657188248,-1.114800191218602
Interactive,AFE,Country resampling,2,631,-0.11118010265054046,-1.6721235140555355
Interactive,AFE,Country resampling,2,632,-0.1564684333442441,-0.4134667925294948
Interactive,AFE,Country resampling,2,633,-0.2235739118824458,-3.7957176346145767
Interactive,AFE,Country resampling,2,634,-0.5639793048828197,-0.35812818809073343
Interactive,AFE,Country resampling,2,635,-0.6858904101590282,-0.010691823909441567
Interactive,AFE,Country resampling,2,636,-0.297985400638759,-0.02684334643266373
Interactive,AFE,Country resampling,2,637,-0.09327826816319973,0.18261052513400222
Interactive,AFE,Country resampling,2,638,1.5586712701659349,-5.619097773838357
Interactive,AFE,Country resampling,2,639,-0.6644834081750355,-0.41981595636140967
Interactive,AFE,Country resampling,2,640,0.1697337170106452,-0.9942806252766789
Interactive,AFE,Country resampling,2,641,1.4060488232925166,-11.413797430131634
Interactive,AFE,Country resampling,2,642,-0.7108874904197118,-0.10781418723140912
Interactive,AFE,Country resampling,2,643,-0.3077538111979372,0.13135629226144807
Interactive,AFE,Country resampling,2,644,1.408232294870707,0.2729352768226203
Interactive,AFE,Country resampling,2,645,-0.7736055402695354,-0.229687779016307
Interactive,AFE,Country resampling,2,646,0.5352190390213687,-0.3304984620207545
Interactive,AFE,Country resampling,2,647,-0.03530490963821442,-0.2243439124665657
Interactive,AFE,Country resampling,2,648,1.0015721418061885,-3.606774144482732
Interactive,AFE,Country resampling,2,649,0.9027337820868073,-2.2358292900237293
Interactive,AFE,Country resampling,2,650,-0.14685110995602402,-1.3152395684622347
Interactive,AFE,Country resampling,2,651,3.296844926056062,-5.119426702165926
Interactive,AFE,Country resampling,2,652,1.0028095972407196,-0.07072874794881612
Interactive,AFE,Country resampling,2,653,1.5400728455413724,-0.7279543934830186
Interactive,AFE,Country resampling,2,654,0.11910166473672468,-0.3379911627720258
Interactive,AFE,Country resampling,2,655,-0.5878361373482401,-0.07259953451834833
Interactive,AFE,Country resampling,2,656,-0.5802558897181305,0.3575929692576473
Interactive,AFE,Country resampling,2,657,0.3957078374820673,-0.7787367421652849
Interactive,AFE,Country resampling,2,658,-0.3659054817078138,0.18967054358521307
Interactive,AFE,Country resampling,2,659,-0.526708163193429,-0.5147379209830383
Interactive,AFE,Country resampling,2,660,2.4450137074457805,-0.8880988140856907
Interactive,AFE,Country resampling,2,661,-0.5957664500904696,0.04197639512501694
Interactive,AFE,Country resampling,2,662,0.07812522016030465,-0.43829596307435637
Interactive,AFE,Country resampling,2,663,0.7134952853263123,-0.5788377515027641
Interactive,AFE,Country resampling,2,664,-0.291718889259308,-5.289776615776847
Interactive,AFE,Country resampling,2,665,1.7288488569941718,-1.6276410520740923
Interactive,AFE,Country resampling,2,666,0.06424140908028453,-0.1746461430119448
Interactive,AFE,Country resampling,2,667,-0.3562774416734026,-0.7754234870495603
Interactive,AFE,Country resampling,2,668,0.34874371834659246,0.10972871355693825
Interactive,AFE,Country resampling,2,669,2.4937154682850053,-0.6105150561567001
Interactive,AFE,Country resampling,2,670,-0.29238002567831933,-0.9793419374051655
Interactive,AFE,Country resampling,2,671,-0.4602754629757613,-0.6835342125398145
Interactive,AFE,Country resampling,2,672,-0.07679459562433688,-0.6743654511878913
Interactive,AFE,Country resampling,2,673,0.1149202951685977,-0.6258339267291564
Interactive,AFE,Country resampling,2,674,0.34386458750338367,-0.030804208539829014
Interactive,AFE,Country resampling,2,675,-0.10672696503159895,-0.9161638219022903
Interactive,AFE,Country resampling,2,676,-0.4257746787239769,-0.6399914967738756
Interactive,AFE,Country resampling,2,677,-0.857553771281327,0.06879026668382537
Interactive,AFE,Country resampling,2,678,0.36480340172790426,-0.24109546828126782
Interactive,AFE,Country resampling,2,679,0.24382874129932008,-0.10224181198268356
Interactive,AFE,Country resampling,2,680,-0.7928501678258948,0.0729826791469187
Interactive,AFE,Country resampling,2,681,-0.23519555929285507,-0.3197453540613423
Interactive,AFE,Country resampling,2,682,0.29977413127708363,-1.1214748089896593
Interactive,AFE,Country resampling,2,683,1.4954649606216965,1.3272484915196576
Interactive,AFE,Country resampling,2,684,-0.5851341430039567,-1.075299820031631
Interactive,AFE,Country resampling,2,685,0.008143137060315553,-0.22246840145098568
Interactive,AFE,Country resampling,2,686,-0.4464579212788381,-0.122198954271175
Interactive,AFE,Country resampling,2,687,1.5257723648453378,1.5665212746781108
Interactive,AFE,Country resampling,2,688,0.91643815485062,-2.665054573844807
Interactive,AFE,Country resampling,2,689,-0.7107274827428143,-0.8837958563924238
Interactive,AFE,Country resampling,2,690,0.021503744889559417,-1.5747262056876759
Interactive,AFE,Country resampling,2,691,-0.08239602433543491,0.3085294650069904
Interactive,AFE,Country resampling,2,692,1.5066188845253716,-0.7440346215205134
Interactive,AFE,Country resampling,2,693,-0.2920914718137131,0.3226833771370825
Interactive,AFE,Country resampling,2,694,2.9496585904159782,-2.072201900372065
Interactive,AFE,Country resampling,2,695,-0.25800915588787543,0.07725120989938561
Interactive,AFE,Country resampling,2,696,-0.16237195299687301,-0.29019796454510405
Interactive,AFE,Country resampling,2,697,-0.6603155748613896,0.057253864503585605
Interactive,AFE,Country resampling,2,698,-0.33521054420498275,-0.8615265040898489
Interactive,AFE,Country resampling,2,699,-0.26068188892550515,-0.3093341624405648
Interactive,AFE,Country resampling,2,700,0.16036182690483414,0.3125811255172005
Interactive,AFE,Country resampling,2,701,-0.03532701100698821,-2.0776996282291993
Interactive,AFE,Country resampling,2,702,0.8155219301164063,-2.990615329390285
Interactive,AFE,Country resampling,2,703,-0.6815184283377471,-0.6266062623175642
Interactive,AFE,Country resampling,2,704,2.356681629695438,-9.605356084474568
Interactive,AFE,Country resampling,2,705,1.8298953831303533,-4.339965098702862
Interactive,AFE,Country resampling,2,706,-0.19466146347403956,-0.5826026338695589
Interactive,AFE,Country resampling,2,707,0.9512802267007416,-1.7827798047997552
Interactive,AFE,Country resampling,2,708,1.1488398942163442,-4.298689209224205
Interactive,AFE,Country resampling,2,709,0.2470045860840968,0.36385125277550223
Interactive,AFE,Country resampling,2,710,-0.517659957810737,-33.392629757059474
Interactive,AFE,Country resampling,2,711,-0.3087451304093337,-0.1457734880958398
Interactive,AFE,Country resampling,2,712,-0.7447524246949966,0.028701780767188545
Interactive,AFE,Country resampling,2,713,-0.6600609886620727,0.09490353429627141
Interactive,AFE,Country resampling,2,714,-0.7031020772692329,-0.32027276088044754
Interactive,AFE,Country resampling,2,715,-0.5170592902212465,-0.6851242038793208
Interactive,AFE,Country resampling,2,716,-0.4238673140003564,0.23274438761897853
Interactive,AFE,Country resampling,2,717,0.12946440490652322,0.33668654359987416
Interactive,AFE,Country resampling,2,718,1.5109200453161709,-1.7935293889795716
Interactive,AFE,Country resampling,2,719,-0.5025212595903097,-0.330499400789811
Interactive,AFE,Country resampling,2,720,-0.40986897925684895,-0.4549835466718969
Interactive,AFE,Country resampling,2,721,-0.4700660248551145,-0.9104610217852616
Interactive,AFE,Country resampling,2,722,2.169374049969536,-1.2802019341387871
Interactive,AFE,Country resampling,2,723,-0.35667863802778144,-0.20949403278637124
Interactive,AFE,Country resampling,2,724,-0.2558210525222062,-2.6530860505091067
Interactive,AFE,Country resampling,2,725,-0.435023840326223,-1.1424824719579165
Interactive,AFE,Country resampling,2,726,0.504421379031254,0.25802892151911627
Interactive,AFE,Country resampling,2,727,-0.80035373817079,0.11612331472456439
Interactive,AFE,Country resampling,2,728,2.6141981795557028,-3.0455412154594246
Interactive,AFE,Country resampling,2,729,-0.2953776705520804,-0.6216859209232127
Interactive,AFE,Country resampling,2,730,0.011270989477237592,-0.39977576933628933
Interactive,AFE,Country resampling,2,731,-0.654575554474778,-0.07823176127317
Interactive,AFE,Country resampling,2,732,1.287410658576305,-0.5737948565871207
Interactive,AFE,Country resampling,2,733,0.5092280168341596,0.6224137147333495
Interactive,AFE,Country resampling,2,734,-0.030108377573690115,-0.3671616289631039
Interactive,AFE,Country resampling,2,735,-0.3851025721086797,-1.0014044058959373
Interactive,AFE,Country resampling,2,736,-0.6687390320088176,0.15201784829201692
Interactive,AFE,Country resampling,2,737,0.08368470427227459,0.19094834556831097
Interactive,AFE,Country resampling,2,738,0.10397742447816083,-1.0426197769966532
Interactive,AFE,Country resampling,2,739,0.15665376265746955,-0.8082602119982252
Interactive,AFE,Country resampling,2,740,-0.07772670350672095,-0.7137575001233761
Interactive,AFE,Country resampling,2,741,-0.00596362467369016,-1.497675103190347
Interactive,AFE,Country resampling,2,742,0.13863115601100873,-0.05599348323392106
Interactive,AFE,Country resampling,2,743,-0.5143443371880787,-0.09015147128789247
Interactive,AFE,Country resampling,2,744,0.3509300322162596,0.3672515349619613
Interactive,AFE,Country resampling,2,745,-0.12737130417918463,-0.8080893572793826
Interactive,AFE,Country resampling,2,746,0.8616042425595805,-1.8119978239864685
Interactive,AFE,Country resampling,2,747,-0.6585380331703454,0.14800968500417921
Interactive,AFE,Country resampling,2,748,-0.09846162469506214,-0.23546355242955286
Interactive,AFE,Country resampling,2,749,0.05609317319303386,-0.5252689173941012
Interactive,AFE,Country resampling,2,750,-0.43541431110377193,-0.9264673709635484
Interactive,AFE,Country resampling,2,751,0.07358128635428218,-0.39480440769547154
Interactive,AFE,Country resampling,2,752,1.1481047894106484,-2.8427701599064705
Interactive,AFE,Country resampling,2,753,-0.24983471033199856,-6.436291047677244
Interactive,AFE,Country resampling,2,754,0.4481176348149394,-1.1764798936457972
Interactive,AFE,Country resampling,2,755,-0.7525425115934492,0.1085896601405254
Interactive,AFE,Country resampling,2,756,-0.46500134322355624,0.22971289718224053
Interactive,AFE,Country resampling,2,757,-0.7390126180028774,-0.1614515671009824
Interactive,AFE,Country resampling,2,758,0.48466401177372553,-0.4966040546962498
Interactive,AFE,Country resampling,2,759,0.0261228461836982,-0.4816227289816759
Interactive,AFE,Country resampling,2,760,1.3335713965352713,1.574539285392365
Interactive,AFE,Country resampling,2,761,1.7602821150722563,0.5757165786253826
Interactive,AFE,Country resampling,2,762,0.048395309066055825,-0.11162992085090928
Interactive,AFE,Country resampling,2,763,0.009274192972067663,-0.7075142115926627
Interactive,AFE,Country resampling,2,764,0.27010984105151525,0.3696506295858192
Interactive,AFE,Country resampling,2,765,-0.3389728666235914,-0.3015024234517443
Interactive,AFE,Country resampling,2,766,-0.7600195543944157,-0.010962801734049177
Interactive,AFE,Country resampling,2,767,-0.18416911325674634,-0.2075149523776404
Interactive,AFE,Country resampling,2,768,-0.15570960104043619,0.28524878884203986
Interactive,AFE,Country resampling,2,769,-0.6085170799627232,0.03998472301430467
Interactive,AFE,Country resampling,2,770,0.3499304047718437,0.6361727194272518
Interactive,AFE,Country resampling,2,771,-0.41590545336716955,0.013220727014802147
Interactive,AFE,Country resampling,2,772,2.809416191902348,0.41310844488618415
Interactive,AFE,Country resampling,2,773,0.7516976320751538,0.3969452295042917
Interactive,AFE,Country resampling,2,774,-0.2863179536410764,-1.295866397505688
Interactive,AFE,Country resampling,2,775,0.14698968741591556,-2.013414512842586
Interactive,AFE,Country resampling,2,776,0.4562109009864235,-0.8331727416517551
Interactive,AFE,Country resampling,2,777,-0.6014818474951413,-0.06564832684267063
Interactive,AFE,Country resampling,2,778,0.5227729516863859,-2.574685357536081
Interactive,AFE,Country resampling,2,779,0.4951664952378956,0.15398831633094479
Interactive,AFE,Country resampling,2,780,-0.7868991930244666,0.016447883882651282
Interactive,AFE,Country resampling,2,781,0.023275287309693526,0.3052217689441685
Interactive,AFE,Country resampling,2,782,1.5472090837242352,-0.18625086131561996
Interactive,AFE,Country resampling,2,783,-0.45140992587575746,-0.28997302473710496
Interactive,AFE,Country resampling,2,784,-0.39765563114135205,-0.2573203816614046
Interactive,AFE,Country resampling,2,785,-0.6443006165672552,0.09083550899482862
Interactive,AFE,Country resampling,2,786,-0.42983275296387413,-0.41255429039410074
Interactive,AFE,Country resampling,2,787,0.4226188690932955,-0.9733367089462961
Interactive,AFE,Country resampling,2,788,-0.6965916393106337,0.17390296748219125
Interactive,AFE,Country resampling,2,789,-0.7557667647177583,-0.02822331487345553
Interactive,AFE,Country resampling,2,790,-0.19102178055053454,0.28495004457037754
Interactive,AFE,Country resampling,2,791,0.42573944910115813,0.34319024483875316
Interactive,AFE,Country resampling,2,792,-0.30724245852364473,-0.5494163058386105
Interactive,AFE,Country resampling,2,793,0.33064222507427776,0.34230529832723744
Interactive,AFE,Country resampling,2,794,0.7404546723885952,-0.6821664603140003
Interactive,AFE,Country resampling,2,795,1.8575259862945028,-5.513293847292866
Interactive,AFE,Country resampling,2,796,-0.3945582918155368,-0.42756492460720197
Interactive,AFE,Country resampling,2,797,-0.44674408698049206,-0.038741157995677344
Interactive,AFE,Country resampling,2,798,-0.6576810808230014,-0.02948014190898396
Interactive,AFE,Country resampling,2,799,-0.7059238589348823,0.11269021065357432
Interactive,AFE,Country resampling,2,800,0.5588967692279481,-2.147097407371465
Interactive,AFE,Country resampling,2,801,-0.41686201578072335,-0.3529134010492678
Interactive,AFE,Country resampling,2,802,-0.32565499059819814,-0.08129865792270352
Interactive,AFE,Country resampling,2,803,-0.03239451798268467,0.1798866730027856
Interactive,AFE,Country resampling,2,804,-0.6553300987900204,-0.28945380182292946
Interactive,AFE,Country resampling,2,805,-0.3573488064834517,-0.17819892599576825
Interactive,AFE,Country resampling,2,806,-0.1552078165809475,0.21546728696705308
Interactive,AFE,Country resampling,2,807,-0.30012218987451844,-1.795328446724528
Interactive,AFE,Country resampling,2,808,0.6454875185482358,0.3707122309235056
Interactive,AFE,Country resampling,2,809,1.0663483602448176,-2.869928927581645
Interactive,AFE,Country resampling,2,810,-0.09593644004543866,-0.45697174504323945
Interactive,AFE,Country resampling,2,811,-0.5613002976901966,-0.12294999183490563
Interactive,AFE,Country resampling,2,812,0.9466219759715464,-0.9484456005892976
Interactive,AFE,Country resampling,2,813,-0.529191012530358,0.032531899408239306
Interactive,AFE,Country resampling,2,814,-0.6578865623832457,0.04747965630894402
Interactive,AFE,Country resampling,2,815,1.1016037866008226,-0.9524099869664271
Interactive,AFE,Country resampling,2,816,0.25931755461062944,-0.5240296432635176
Interactive,AFE,Country resampling,2,817,0.6023772865631458,0.1445885596753167
Interactive,AFE,Country resampling,2,818,-0.47970183279961176,0.218285834808151
Interactive,AFE,Country resampling,2,819,0.07967378519138912,0.36461969191144084
Interactive,AFE,Country resampling,2,820,1.6022599059294675,-16.559368755899932
Interactive,AFE,Country resampling,2,821,-0.19096279385300785,-0.10426464192374918
Interactive,AFE,Country resampling,2,822,-0.23128632974077012,-1.4159551038699019
Interactive,AFE,Country resampling,2,823,-0.5178122199880517,-0.3410827242480736
Interactive,AFE,Country resampling,2,824,1.4655553987688466,0.9841008666355686
Interactive,AFE,Country resampling,2,825,-0.07829002617156422,-0.14141700461491835
Interactive,AFE,Country resampling,2,826,-0.22279722273880287,-1.053413350297215
Interactive,AFE,Country resampling,2,827,-0.5850612162951309,0.24057545353781284
Interactive,AFE,Country resampling,2,828,0.6443929366587637,0.12439227989925405
Interactive,AFE,Country resampling,2,829,0.30477815035808353,-3.071795636597862
Interactive,AFE,Country resampling,2,830,-0.6136921534662472,0.05941152616400436
Interactive,AFE,Country resampling,2,831,0.32218148585965256,-3.4303511813124965
Interactive,AFE,Country resampling,2,832,0.9874680609983666,-1.3040996970418837
Interactive,AFE,Country resampling,2,833,-0.5140783175543593,-0.36317745220783404
Interactive,AFE,Country resampling,2,834,0.07697251235513325,-0.3144054563291734
Interactive,AFE,Country resampling,2,835,1.46118380012342,0.6637573561751546
Interactive,AFE,Country resampling,2,836,0.6974063050437567,-0.14316993466500372
Interactive,AFE,Country resampling,2,837,1.2841873839686961,0.3653912436953166
Interactive,AFE,Country resampling,2,838,-0.26796449090381147,-2.4416758599231527
Interactive,AFE,Country resampling,2,839,1.9977707572751382,-0.9266959262144723
Interactive,AFE,Country resampling,2,840,0.7727155463534254,-0.604506563678195
Interactive,AFE,Country resampling,2,841,1.046108734205562,-1.1882679101577227
Interactive,AFE,Country resampling,2,842,-0.667666951264654,0.19448991065969445
Interactive,AFE,Country resampling,2,843,1.2991908296959025,-2.4933060068792754
Interactive,AFE,Country resampling,2,844,-0.8043412350558533,-0.05571436953916653
Interactive,AFE,Country resampling,2,845,-0.6757757354087373,-1.9709668378359257
Interactive,AFE,Country resampling,2,846,-0.43701687537643885,0.20032953135123022
Interactive,AFE,Country resampling,2,847,-0.33636438786816103,-0.23464566447822832
Interactive,AFE,Country resampling,2,848,-0.28993758062983754,-0.04958984414362666
Interactive,AFE,Country resampling,2,849,1.6036262920005755,-0.8089893900964125
Interactive,AFE,Country resampling,2,850,-0.1550347447291176,0.1914063512144517
Interactive,AFE,Country resampling,2,851,0.8268149478147899,-2.259233668027906
Interactive,AFE,Country resampling,2,852,4.917343533993492,-1.9651330778728342
Interactive,AFE,Country resampling,2,853,0.050183754040736606,0.28498619551394644
Interactive,AFE,Country resampling,2,854,0.03860132208165856,-0.07172273452063882
Interactive,AFE,Country resampling,2,855,-0.5466793889629313,-0.45555607960434685
Interactive,AFE,Country resampling,2,856,-0.4189812438367212,-0.36446531531174753
Interactive,AFE,Country resampling,2,857,0.05682578639766511,0.36014569891873827
Interactive,AFE,Country resampling,2,858,-0.19380585810007556,-1.2927709582114355
Interactive,AFE,Country resampling,2,859,-0.7069772365453519,-0.4608585378249903
Interactive,AFE,Country resampling,2,860,-0.28987524445056534,0.011247052128586121
Interactive,AFE,Country resampling,2,861,-0.14792958987954885,0.11094060228585889
Interactive,AFE,Country resampling,2,862,-0.35614504485102705,0.08854986435877232
Interactive,AFE,Country resampling,2,863,0.8090342183106385,-22.626482301784065
Interactive,AFE,Country resampling,2,864,0.11067736771431025,-0.3349484372426761
Interactive,AFE,Country resampling,2,865,-0.4271594220424656,-0.6905627458493339
Interactive,AFE,Country resampling,2,866,0.3954613720665727,0.06762752804857408
Interactive,AFE,Country resampling,2,867,-0.4712255052096923,0.12154662617377854
Interactive,AFE,Country resampling,2,868,-0.644996322980939,-0.6191368834073173
Interactive,AFE,Country resampling,2,869,0.9682267488684311,-0.058929933348740304
Interactive,AFE,Country resampling,2,870,0.2222224536201518,-0.035132591642558664
Interactive,AFE,Country resampling,2,871,-0.6819607180483245,-0.49772365352323555
Interactive,AFE,Country resampling,2,872,-0.628720335908425,0.11862336337545265
Interactive,AFE,Country resampling,2,873,-0.5478393068160272,0.006743464095921747
Interactive,AFE,Country resampling,2,874,-0.010779105207138207,-0.2316374358812583
Interactive,AFE,Country resampling,2,875,-0.25317951324358423,-1.3341977177588733
Interactive,AFE,Country resampling,2,876,2.688036630401393,0.08705114738282482
Interactive,AFE,Country resampling,2,877,-0.4175627450633401,-0.22201234406299453
Interactive,AFE,Country resampling,2,878,-0.22733271838698477,-0.1796685910120741
Interactive,AFE,Country resampling,2,879,-0.3463637597524176,-0.19563102857334302
Interactive,AFE,Country resampling,2,880,-0.43186909779903804,0.05992181676855479
Interactive,AFE,Country resampling,2,881,-0.33233136085999704,-1.3981057754366657
Interactive,AFE,Country resampling,2,882,0.2982951876209057,-0.7882360779838959
Interactive,AFE,Country resampling,2,883,0.3370090048565353,-2.26033945069936
Interactive,AFE,Country resampling,2,884,0.661120756871552,-0.5484569911698371
Interactive,AFE,Country resampling,2,885,-0.6776465701984649,0.14345778933003728
Interactive,AFE,Country resampling,2,886,0.007555033534943467,0.1484839994213435
Interactive,AFE,Country resampling,2,887,-0.6297777905120082,-0.018482769778960573
Interactive,AFE,Country resampling,2,888,0.7123953408011778,0.6857653641124641
Interactive,AFE,Country resampling,2,889,-0.508572553298796,-0.6869620185482027
Interactive,AFE,Country resampling,2,890,-8.535953747379477e-4,-0.4386659840306386
Interactive,AFE,Country resampling,2,891,-0.26949500695438,0.37506647942481686
Interactive,AFE,Country resampling,2,892,-0.5187437117297118,0.2863056265266306
Interactive,AFE,Country resampling,2,893,1.0554017701950884,0.07902620123000803
Interactive,AFE,Country resampling,2,894,0.5225027718392616,-0.4515572003388504
Interactive,AFE,Country resampling,2,895,-0.10507347893504071,-1.8713462086737358
Interactive,AFE,Country resampling,2,896,-0.275937370009271,0.047942739377705657
Interactive,AFE,Country resampling,2,897,-0.30118625364443896,-1.1156650330441111
Interactive,AFE,Country resampling,2,898,-0.3604801284011674,0.17252973568615593
Interactive,AFE,Country resampling,2,899,-0.7447292927060989,-0.03518362774833661
Interactive,AFE,Country resampling,2,900,-0.8001052537764455,-0.08263300107889582
Interactive,AFE,Country resampling,2,901,-0.5750513669178081,-0.20397180469928455
Interactive,AFE,Country resampling,2,902,6.144147654135348,-22.509472339254287
Interactive,AFE,Country resampling,2,903,-0.7152155863983934,-1.0174325450069723
Interactive,AFE,Country resampling,2,904,-0.7587812196161227,-0.017472481523550187
Interactive,AFE,Country resampling,2,905,0.6227175932510387,0.4286465727031039
Interactive,AFE,Country resampling,2,906,0.27224328794691854,-2.496690259796181
Interactive,AFE,Country resampling,2,907,0.24133516836081936,-2.1146228045629036
Interactive,AFE,Country resampling,2,908,-0.5268459842010096,-1.0277864034917628
Interactive,AFE,Country resampling,2,909,-0.5808294927764818,0.1898470333738017
Interactive,AFE,Country resampling,2,910,0.13631364417713265,-2.1012294330586396
Interactive,AFE,Country resampling,2,911,0.4735568871024274,-0.11517535989467698
Interactive,AFE,Country resampling,2,912,-0.4275914090129306,0.03195824964490879
Interactive,AFE,Country resampling,2,913,-0.7011135942920197,-0.16297387979377342
Interactive,AFE,Country resampling,2,914,1.0407625618754701,-2.5951366924689494
Interactive,AFE,Country resampling,2,915,-0.46902585460722923,-1.1229575674204342
Interactive,AFE,Country resampling,2,916,0.3071182844610434,-0.21464737899552477
Interactive,AFE,Country resampling,2,917,2.1417264579675037,-6.596910123110222
Interactive,AFE,Country resampling,2,918,-0.2657341747641021,0.03261498010715369
Interactive,AFE,Country resampling,2,919,-0.43448502331473104,-3.021413907500501
Interactive,AFE,Country resampling,2,920,0.08107784945493335,-0.6524593305746829
Interactive,AFE,Country resampling,2,921,0.5024917129804003,0.1180531868649104
Interactive,AFE,Country resampling,2,922,-0.14119012827446453,-0.36217869653197043
Interactive,AFE,Country resampling,2,923,5.069106291143528,1.1236776124544976
Interactive,AFE,Country resampling,2,924,-0.009147734619232906,0.34636451034603544
Interactive,AFE,Country resampling,2,925,0.6796217202020822,-0.28872177477971195
Interactive,AFE,Country resampling,2,926,-0.601373849115848,0.13013604231721076
Interactive,AFE,Country resampling,2,927,-0.7979080958575095,0.04726281228297835
Interactive,AFE,Country resampling,2,928,2.642744137386795,-7.196231455024697
Interactive,AFE,Country resampling,2,929,-0.05610623828443506,0.052295485685174614
Interactive,AFE,Country resampling,2,930,-0.14918677555640458,-1.1147566648592897
Interactive,AFE,Country resampling,2,931,-0.30197338044510436,0.4505992920626021
Interactive,AFE,Country resampling,2,932,-0.6164988311259005,0.09922618259851013
Interactive,AFE,Country resampling,2,933,0.21409480756347454,0.48865348264444386
Interactive,AFE,Country resampling,2,934,1.417845550844555,-0.6556609084797529
Interactive,AFE,Country resampling,2,935,-0.2503433011763242,0.07006240612809334
Interactive,AFE,Country resampling,2,936,0.9259980632861027,-0.8988848317409366
Interactive,AFE,Country resampling,2,937,0.8128443253668514,-0.11437951536926105
Interactive,AFE,Country resampling,2,938,0.03364161970489321,-0.05596884573315397
Interactive,AFE,Country resampling,2,939,-0.49536085477354375,-0.4828746605517713
Interactive,AFE,Country resampling,2,940,-0.11945947654029343,-0.5567350154105319
Interactive,AFE,Country resampling,2,941,-0.24432000210939042,0.19766180989338755
Interactive,AFE,Country resampling,2,942,-0.6778567239467759,5.880368597586116e-4
Interactive,AFE,Country resampling,2,943,1.8641999358062362,0.5024821586128883
Interactive,AFE,Country resampling,2,944,1.4946033559245624,-0.6039962006606356
Interactive,AFE,Country resampling,2,945,-0.2470426856015806,-0.8560002173425503
Interactive,AFE,Country resampling,2,946,0.012654741179836337,-0.7169525156710508
Interactive,AFE,Country resampling,2,947,1.254594406616175,-4.651023348978356
Interactive,AFE,Country resampling,2,948,3.3292674990885747,-0.3088551788616325
Interactive,AFE,Country resampling,2,949,0.9846280822411593,0.11709246161135667
Interactive,AFE,Country resampling,2,950,0.08416579630956122,-0.8244445716003868
Interactive,AFE,Country resampling,2,951,0.1945172329762035,0.1651265828366244
Interactive,AFE,Country resampling,2,952,2.7216309813649615,-3.8877500484115184
Interactive,AFE,Country resampling,2,953,1.2342397562383227,-1.8517949558593085
Interactive,AFE,Country resampling,2,954,-0.33178278031998043,-0.2902977994534677
Interactive,AFE,Country resampling,2,955,-0.30826571936235747,-3.581743896278777
Interactive,AFE,Country resampling,2,956,-0.38301571289149616,-0.13443480168413224
Interactive,AFE,Country resampling,2,957,1.7297918638350454,1.911372317255559
Interactive,AFE,Country resampling,2,958,0.5222838565238443,-1.0710173357383763
Interactive,AFE,Country resampling,2,959,0.3593629607805402,-0.45575777971436793
Interactive,AFE,Country resampling,2,960,1.811988177520528,-0.7416911555972034
Interactive,AFE,Country resampling,2,961,-0.41380807299407496,-1.1669600896310217
Interactive,AFE,Country resampling,2,962,0.14749978644483797,-0.06998200927860809
Interactive,AFE,Country resampling,2,963,-0.12797175381586723,-0.6566386505476446
Interactive,AFE,Country resampling,2,964,-0.10924539293569224,-0.019169570242178358
Interactive,AFE,Country resampling,2,965,-0.4677117519257542,-0.6728407742226196
Interactive,AFE,Country resampling,2,966,-0.14242986940533797,-0.26548813367158497
Interactive,AFE,Country resampling,2,967,-0.6569964593971016,-0.3953730589121697
Interactive,AFE,Country resampling,2,968,-0.5181304623555314,-0.1565970251786677
Interactive,AFE,Country resampling,2,969,-0.5506664132873557,-0.9890429090612493
Interactive,AFE,Country resampling,2,970,-0.2848448177729207,-1.0033965066941186
Interactive,AFE,Country resampling,2,971,-0.7172936743423031,0.016331509914612408
Interactive,AFE,Country resampling,2,972,1.1347171060341346,-0.6700454973086334
Interactive,AFE,Country resampling,2,973,0.5857459061928945,-0.43044092631469666
Interactive,AFE,Country resampling,2,974,0.02955816733929928,-1.516765101461161
Interactive,AFE,Country resampling,2,975,1.0859066263862247,-0.3155810247671216
Interactive,AFE,Country resampling,2,976,-0.6002884086358544,-0.2918228018324792
Interactive,AFE,Country resampling,2,977,0.20904551311319275,-0.518127194717376
Interactive,AFE,Country resampling,2,978,0.31047615634459036,-3.1128075790776535
Interactive,AFE,Country resampling,2,979,0.4872500185394175,0.2680273764616794
Interactive,AFE,Country resampling,2,980,-0.2776380682054488,-0.6220747961963101
Interactive,AFE,Country resampling,2,981,0.9140025562300669,-1.9909414884024192
Interactive,AFE,Country resampling,2,982,0.9649966528975917,-5.990796012800976
Interactive,AFE,Country resampling,2,983,-0.06764889049166034,-0.10266572027678977
Interactive,AFE,Country resampling,2,984,1.119778436695758,-1.0900646112824233
Interactive,AFE,Country resampling,2,985,-0.7790297411469753,0.03520481297532563
Interactive,AFE,Country resampling,2,986,-0.03843881099930446,-0.8824423520195913
Interactive,AFE,Country resampling,2,987,-0.01911267382957227,0.5189545974081938
Interactive,AFE,Country resampling,2,988,-0.7718357981386782,0.10925110236032265
Interactive,AFE,Country resampling,2,989,-0.3130867108537345,-0.3067303557973651
Interactive,AFE,Country resampling,2,990,0.7378181520205727,-2.8208011657615524
Interactive,AFE,Country resampling,2,991,-0.3243704319048636,-0.7124616280549482
Interactive,AFE,Country resampling,2,992,0.8424239721199274,-2.8627779269357565
Interactive,AFE,Country resampling,2,993,-0.240429802010375,0.07366687595699628
Interactive,AFE,Country resampling,2,994,1.5042637287188314,-0.7032767727229223
Interactive,AFE,Country resampling,2,995,-0.6706843473517812,-0.058541935215485674
Interactive,AFE,Country resampling,2,996,-0.4425580921434976,0.06722480558558963
Interactive,AFE,Country resampling,2,997,-0.5427002974652739,-0.465136660316674
Interactive,AFE,Country resampling,2,998,0.8270419332349572,-1.0771345655138744
Interactive,AFE,Country resampling,2,999,0.02060624852404458,-4.917404786835503
Interactive,AFE,Country resampling,2,1000,-0.3619416498768233,-0.48936388459785607
