ssp,estimator,method,L,component,year,point,q025,q05,q10,q25,q50,q75,q90,q95,q975,p_mitigate,panel
SSP585,AFE,Country resampling,0,IE,2021,3.133256060050549e-5,-1.88550697954204e-5,-9.306973484390912e-6,5.339152118089019e-7,1.5237757450742295e-5,2.8440079961333797e-5,4.194077522715056e-5,5.274427708958918e-5,6.098886690648064e-5,6.687432110960844e-5,0.894,L = 0
SSP585,AFE,Country resampling,0,IE,2022,9.38246036118473e-5,-5.5582359302236425e-5,-2.711813464801871e-5,7.029095451804868e-7,4.6004288558693096e-5,8.511923677145816e-5,1.2493414184644447e-4,1.5736582860249594e-4,1.827312779128787e-4,2.0007141478652895e-4,0.894,L = 0
SSP585,AFE,Country resampling,0,IE,2023,1.873071248612579e-4,-1.1063420662209278e-4,-5.21789850330634e-5,1.1448180808892884e-6,9.289898150530164e-5,1.7081325564693994e-4,2.4814223189012496e-4,3.1211395389940666e-4,3.627827799229599e-4,3.990759158818551e-4,0.894,L = 0
SSP585,AFE,Country resampling,0,IE,2024,3.1161175364691207e-4,-1.8112488831936168e-4,-8.242204728854952e-5,3.5865185258665584e-6,1.568961868209373e-4,2.8407849515033057e-4,4.119522926993025e-4,5.156424459607401e-4,6.000652296715536e-4,6.633596861096769e-4,0.894,L = 0
SSP585,AFE,Country resampling,0,IE,2025,4.6656715184456576e-4,-2.561963055711908e-4,-1.1528272283317098e-4,1.6983435742479232e-5,2.3934542330097952e-4,4.2586559946966585e-4,6.164788882067895e-4,7.691641873886045e-4,8.892966705698167e-4,9.866623339114728e-4,0.894,L = 0
SSP585,AFE,Country resampling,0,IE,2026,6.349551420772315e-4,-3.7074845255379853e-4,-1.7010584554041916e-4,1.0978841568154444e-5,3.155649120703541e-4,5.829171568800806e-4,8.417105429425753e-4,0.00105521075706205,0.00122122470352807,0.00135372123213348,0.894,L = 0
SSP585,AFE,Country resampling,0,IE,2027,8.471520051483994e-4,-4.7921504431987504e-4,-2.1785681576109715e-4,2.31352776308369e-5,4.323352920655166e-4,7.785031533451559e-4,0.00111878962411185,0.00140248330085412,0.00161818804411324,0.00178859996145849,0.894,L = 0
SSP585,AFE,Country resampling,0,IE,2028,0.00108996808339689,-5.962090410237764e-4,-2.7005311003552857e-4,3.698535178837674e-5,5.61413125645116e-4,0.00100061835411263,0.0014385183170904901,0.00180444469587763,0.00207907181976197,0.00229795366040534,0.894,L = 0
SSP585,AFE,Country resampling,0,IE,2029,0.00136346058818825,-7.197890733624424e-4,-3.2184962975589926e-4,5.1818709069317934e-5,7.061083400135837e-4,0.00124594460366611,0.00179466180360918,0.00225749901241474,0.00258075594830961,0.00287791288696066,0.894,L = 0
SSP585,AFE,Country resampling,0,IE,2030,0.00166767011631674,-8.47963012082778e-4,-3.8544216614754266e-4,7.116008313363676e-5,8.736611118367599e-4,0.00152273648172296,0.00219251135846548,0.0027486667704278802,0.00315237967152658,0.0035237305496479,0.894,L = 0
SSP585,AFE,Country resampling,0,IE,2031,0.00195766493958804,-0.00104894518761003,-5.051830378047517e-4,4.2293639316792787e-5,0.0010100116531625,0.00178828761100025,0.00257493563620431,0.00324450675147933,0.00372738819582845,0.00415684929522299,0.894,L = 0
SSP585,AFE,Country resampling,0,IE,2032,0.00232070531353256,-0.00118952749623132,-5.305150890249076e-4,1.0003620990663996e-4,0.00120424941811922,0.00212626178657743,0.00304371736904324,0.00382850660940198,0.00438958680322853,0.00492655113169445,0.894,L = 0
SSP585,AFE,Country resampling,0,IE,2033,0.00271559786598651,-0.00132843532834607,-5.720132118339881e-4,1.8463871513051407e-4,0.00141510858267357,0.00248258357186631,0.00356449779176429,0.00447091267017657,0.00511143589227941,0.00577481097912459,0.894,L = 0
SSP585,AFE,Country resampling,0,IE,2034,0.00314247953757462,-0.00146181936354503,-6.309162682332281e-4,2.644921343351926e-4,0.00165073925692388,0.00287960962855698,0.00413637704053171,0.0051562317596439,0.00587944103531974,0.00662785022667377,0.894,L = 0
SSP585,AFE,Country resampling,0,IE,2035,0.00360144503279435,-0.00158832382705007,-6.777429814410206e-4,3.5026673069796807e-4,0.00191338682234862,0.00330801766146704,0.00473643569177009,0.00588736815355704,0.00669085347560097,0.00761077461220861,0.894,L = 0
SSP585,AFE,Country resampling,0,IE,2036,0.0040115821149711,-0.00183125091555587,-7.901652531256187e-4,3.513300060292714e-4,0.00210345687946558,0.00368376230234623,0.00529352735883897,0.00660802557942733,0.00748744502611621,0.00848921488725398,0.894,L = 0
SSP585,AFE,Country resampling,0,IE,2037,0.00453296306203288,-0.00195040074435581,-7.404199479118854e-4,4.5590255208479704e-4,0.00242027867641242,0.00417285003669787,0.00597638171331246,0.00742493560905037,0.00842463282655949,0.00960222077091096,0.894,L = 0
SSP585,AFE,Country resampling,0,IE,2038,0.0050875359723973,-0.00205398688799654,-7.667223252574684e-4,5.754636678694692e-4,0.00274116698378865,0.00465861985463156,0.00673392592912575,0.00835084437728894,0.00941576580617571,0.01075215141107712,0.894,L = 0
SSP585,AFE,Country resampling,0,IE,2039,0.00567528962027219,-0.0021398367736357,-7.24473936132841e-4,7.353303422088622e-4,0.00309703240652742,0.00522240982405947,0.00747292469989474,0.00930243681118712,0.01045478842898644,0.01195592280266955,0.894,L = 0
SSP585,AFE,Country resampling,0,IE,2040,0.00629614069299777,-0.00224469616148217,-7.152531127663619e-4,9.0131018553018e-4,0.00349322603880433,0.00581541500658211,0.00827144233295609,0.01029164918300091,0.01158848466607892,0.01318723326114959,0.894,L = 0
SSP585,AFE,Country resampling,0,IE,2041,0.00682811559935592,-0.00255664025760143,-8.311683692406367e-4,9.675180171810348e-4,0.00378391752000925,0.00631073098065337,0.00899172397766984,0.01122734079456893,0.01261741934293082,0.01431780680006136,0.894,L = 0
SSP585,AFE,Country resampling,0,IE,2042,0.00751264182622379,-0.00269377707137523,-7.969670316482768e-4,0.00117643198179936,0.00418962809794273,0.00692504349756684,0.0098957885760082,0.01229434346944514,0.01385222442960897,0.01579366849185154,0.894,L = 0
SSP585,AFE,Country resampling,0,IE,2043,0.0082305045516372,-0.00276926412772717,-7.36965634035458e-4,0.00139185460296449,0.00461769487665084,0.00762772664628408,0.01085060463871259,0.01341383524923608,0.01514025126528282,0.01722065390139376,0.894,L = 0
SSP585,AFE,Country resampling,0,IE,2044,0.00898135948992373,-0.00280943651952558,-5.952997876669472e-4,0.0016688351539459,0.0050685736674669,0.00837227771123333,0.01178822531490053,0.01455782185852342,0.01654252203657891,0.01879708066643924,0.894,L = 0
SSP585,AFE,Country resampling,0,IE,2045,0.00976476886699839,-0.00283192505418576,-4.371864228217055e-4,0.00194505690069217,0.00558836860562564,0.00911713837757682,0.0128289951142278,0.01586812010733793,0.01793979468981365,0.02039740477667526,0.894,L = 0
SSP585,AFE,Country resampling,0,IE,2046,0.01041890456075889,-0.00307180395905987,-5.701708736909114e-4,0.00199503294879006,0.00594371893786518,0.00977809813851249,0.01367669276795818,0.0170078186564434,0.01920710732223137,0.02183458886645581,0.894,L = 0
SSP585,AFE,Country resampling,0,IE,2047,0.01126295656766263,-0.0030525754850892,-3.673251893015979e-4,0.00223907754799729,0.00645224088878218,0.01060998243206518,0.01477410048781413,0.01834511200127552,0.02071535529523204,0.02362514761958744,0.894,L = 0
SSP585,AFE,Country resampling,0,IE,2048,0.01213838628412389,-0.00304441868058756,-2.9375597005052947e-4,0.00253996206031,0.00700590549990851,0.01147741203477836,0.01591610880123453,0.01977438581500566,0.02230773164228862,0.02567638773651666,0.894,L = 0
SSP585,AFE,Country resampling,0,IE,2049,0.01304441372342357,-0.00302814178288333,-2.0358913390551263e-4,0.00289933076238777,0.00760786875318478,0.01234634867869144,0.01715886154692028,0.02117450052094792,0.02381126514239596,0.02775050880418336,0.894,L = 0
SSP585,AFE,Country resampling,0,IE,2050,0.01398015919856454,-0.00300377650493624,-5.093897666569066e-6,0.00329527537320892,0.00824188074984882,0.01329263008436604,0.01836596809146182,0.02264827438969208,0.02544050484888347,0.02976179381787651,0.894,L = 0
SSP585,AFE,Country resampling,0,IE,2051,0.01474399704959195,-0.00334681139015321,-4.318776447769204e-5,0.00347312152272329,0.00864471857175783,0.01397768336976396,0.01947434699732458,0.02400782465048758,0.02696331770127779,0.03177226312934512,0.894,L = 0
SSP585,AFE,Country resampling,0,IE,2052,0.01572853015275399,-0.00335940864952925,2.663800727167491e-4,0.00379044811270752,0.00925555409263201,0.01494717798305883,0.02083210148037492,0.02576246780651851,0.02888038766251852,0.03413558932711737,0.894,L = 0
SSP585,AFE,Country resampling,0,IE,2053,0.01673988879309862,-0.00337327844814336,4.337855132355573e-4,0.00417299858836325,0.00989067843245619,0.01596979064736664,0.0222177962923859,0.02767493969108625,0.03095787784526638,0.03617221883781072,0.894,L = 0
SSP585,AFE,Country resampling,0,IE,2054,0.01777688263447574,-0.0034055373778897,7.00059774321649e-4,0.00450474339516495,0.01062681070960677,0.01695977658812314,0.02353831855799873,0.02931435391897555,0.03306762786347307,0.03841666523066953,0.894,L = 0
SSP585,AFE,Country resampling,0,IE,2055,0.01883823526917516,-0.00346968547067615,9.235231310609112e-4,0.00489982067048101,0.01133312194212787,0.01802436678327912,0.0249721348664583,0.03100208792547733,0.03526732635122316,0.04065214068395246,0.894,L = 0
SSP585,AFE,Country resampling,0,IE,2056,0.01968806489777996,-0.00398908687624278,8.58765657526584e-4,0.00497490945021769,0.01180235325844525,0.01881679198754837,0.02627853352811654,0.03259546626074929,0.03731997341019463,0.0425572699914826,0.894,L = 0
SSP585,AFE,Country resampling,0,IE,2057,0.02078202338812529,-0.00410218399668409,0.0010894304941419,0.00538372721937432,0.01247828778071885,0.01985737611896421,0.02786628800786322,0.03422980266064317,0.03961496040926195,0.04482594192782466,0.894,L = 0
SSP585,AFE,Country resampling,0,IE,2058,0.02189631248178769,-0.00423538617561931,0.00134208929440506,0.0057742437790676,0.01327043169174443,0.02091052768914414,0.02940510925948039,0.03605260291757214,0.04168932045111566,0.04713143235357768,0.894,L = 0
SSP585,AFE,Country resampling,0,IE,2059,0.02302945874253792,-0.00421065630829427,0.00162185962628617,0.00620312413269235,0.01394198733371329,0.0219774147669276,0.03094343962728787,0.03805204102451423,0.04395294327883359,0.04946875563975133,0.894,L = 0
SSP585,AFE,Country resampling,0,IE,2060,0.02417992894839815,-0.00414215056916264,0.00193424009247674,0.00653647868470987,0.01463639864401139,0.02305981696759712,0.03231280850053097,0.04013423046959737,0.04623519289375898,0.05183472412503674,0.894,L = 0
SSP585,AFE,Country resampling,0,IE,2061,0.02506176410595084,-0.00461128344315906,0.00173430662820721,0.00643211077378488,0.01509878051379573,0.02389866127375783,0.03365981348786021,0.04187480201435954,0.04852993569019319,0.05379525802522912,0.894,L = 0
SSP585,AFE,Country resampling,0,IE,2062,0.02622847117615923,-0.00461643720086736,0.0019940197123967,0.00685484069769373,0.01578420306756806,0.02500148927608247,0.03512846697673524,0.04382606261472683,0.05092964095776439,0.05617039919456387,0.894,L = 0
SSP585,AFE,Country resampling,0,IE,2063,0.02740807762662533,-0.00489287495115041,0.00220330640682223,0.0072568522442124,0.0166017841306634,0.02625622395442523,0.03657320420142715,0.04580798550412891,0.05338850671616838,0.05943965543966926,0.894,L = 0
SSP585,AFE,Country resampling,0,IE,2064,0.02859898879524258,-0.00495208216188403,0.00243995416047229,0.00787592002243604,0.01747254636925946,0.02742545689196718,0.03815795016010434,0.04841936946046776,0.05590661299847992,0.06296605404938872,0.894,L = 0
SSP585,AFE,Country resampling,0,IE,2065,0.02979958180525666,-0.00501484006336521,0.00274902494917874,0.00835334221205445,0.01832234168671823,0.02873434263421975,0.03978822509914209,0.05072165787773758,0.05847754267249075,0.06604681804357232,0.894,L = 0
SSP585,AFE,Country resampling,0,IE,2066,0.0306722047970821,-0.0058724383742493,0.00233828339407812,0.00802864170152951,0.01868067084086327,0.02939986165612468,0.04105917761381175,0.05244491818664126,0.06102655582254395,0.06845469938727154,0.894,L = 0
SSP585,AFE,Country resampling,0,IE,2067,0.03187488966339391,-0.00570766904030221,0.00236250230773022,0.00835392118639857,0.01964723158800735,0.03068337740040733,0.04293378286328817,0.05502711123482689,0.06389714294397847,0.07091334110563367,0.894,L = 0
SSP585,AFE,Country resampling,0,IE,2068,0.03308301100983713,-0.00567918703393559,0.00257945020042279,0.00860796844900275,0.02036223216011673,0.03186995176958163,0.04482236071664733,0.05772732948948657,0.0669016995795889,0.07352790111436018,0.894,L = 0
SSP585,AFE,Country resampling,0,IE,2069,0.03429500569340993,-0.00589558564497681,0.00298657187678819,0.00903911636784585,0.02106512440473865,0.03311202832849375,0.04668587430425902,0.0603089856487349,0.06973015504304335,0.0758431245355972,0.894,L = 0
SSP585,AFE,Country resampling,0,IE,2070,0.03550931215415642,-0.00638348638499463,0.00305817511287113,0.00937004548404592,0.02188042932169312,0.03440735022176783,0.04830290868183801,0.06273056510877445,0.07295738494699351,0.0790556156300576,0.894,L = 0
SSP585,AFE,Country resampling,0,IE,2071,0.03633994931600703,-0.00726037709472005,0.00250391079743444,0.00896133994762372,0.02196629880394735,0.0349253248670271,0.04960257642726479,0.06509726661838111,0.07552544839009721,0.0819616756444514,0.894,L = 0
SSP585,AFE,Country resampling,0,IE,2072,0.03754233382219563,-0.00726640513010596,0.00226271387790345,0.00919384327788745,0.02284215814311174,0.03598064753411928,0.05129730722206624,0.06763782896382664,0.07881621641211467,0.0855919734039864,0.894,L = 0
SSP585,AFE,Country resampling,0,IE,2073,0.03874322561795818,-0.00749286320460117,0.00210314569447276,0.0094085703951961,0.02352533114753774,0.03715696735241358,0.05323410421661948,0.07037294510431799,0.08162001187963003,0.08883614190463904,0.894,L = 0
SSP585,AFE,Country resampling,0,IE,2074,0.03994121795231931,-0.00801261163655907,0.00190509712944026,0.00960485705283023,0.02422785246693376,0.03832846953785712,0.05540741230698931,0.07310723829241773,0.08499219902838824,0.09282064290117616,0.894,L = 0
SSP585,AFE,Country resampling,0,IE,2075,0.04113492910383609,-0.00828661066014727,0.00181854228230097,0.0099352889467309,0.02478261722048189,0.0395030884288784,0.05726824832362717,0.07613268524550687,0.0878715932507203,0.09669026139838947,0.894,L = 0
SSP585,AFE,Country resampling,0,IE,2076,0.04190196411926017,-0.00985640001718899,8.11066954919083e-4,0.00937408396218738,0.02467633928858423,0.04028230348842021,0.05850997151078613,0.07849577000395558,0.09072871689141768,0.10016074474774649,0.894,L = 0
SSP585,AFE,Country resampling,0,IE,2077,0.04306829390445199,-0.01000102703229383,8.023445683626749e-4,0.00947303892764516,0.02532208046933695,0.04143734839849516,0.06029345986735152,0.08144542436875431,0.09369192744763534,0.10423625927221816,0.894,L = 0
SSP585,AFE,Country resampling,0,IE,2078,0.04422714716101927,-0.01005460951560047,-9.299291534223776e-5,0.0097063328986771,0.02587966072040778,0.04254453820642961,0.0621931434278476,0.08411534252837082,0.0968129616935854,0.10843888756090334,0.894,L = 0
SSP585,AFE,Country resampling,0,IE,2079,0.04537735980261659,-0.01040263896525792,-3.5089537586833667e-5,0.0097723559344774,0.02639974718080759,0.04382868606190548,0.0643483095374453,0.08675065263006812,0.10000512561069008,0.11326302263779307,0.894,L = 0
SSP585,AFE,Country resampling,0,IE,2080,0.04651780734387434,-0.01077120811876466,5.0731042527982925e-6,0.01013478470417524,0.02701098899882068,0.04504042273072017,0.06610072205081832,0.0900986967848806,0.1033339603707853,0.11826555710111636,0.894,L = 0
SSP585,AFE,Country resampling,0,IE,2081,0.04721767174163105,-0.01279263357808631,-0.00119539962828339,0.00907306006627283,0.02695697842562447,0.04559790454585216,0.06720754702349874,0.09337839711853038,0.1067674336981938,0.12201251291192892,0.894,L = 0
SSP585,AFE,Country resampling,0,IE,2082,0.04832887743548308,-0.01434200605955402,-0.00191052368501727,0.00886171283342102,0.02729223385462459,0.04676596101010716,0.06911686332693534,0.09704812308439548,0.10976567634490896,0.1271304534992116,0.894,L = 0
SSP585,AFE,Country resampling,0,IE,2083,0.04942828256638065,-0.01475305585788679,-0.00204945980805584,0.00897351107936915,0.02789236135178832,0.048106064086128,0.07115101114212866,0.10052387927907731,0.1134540085777572,0.1325127980119525,0.894,L = 0
SSP585,AFE,Country resampling,0,IE,2084,0.05051499967591266,-0.0151922183518979,-0.00258761890615711,0.00907867586841145,0.02848406276721388,0.04910764194999728,0.07317613250114699,0.10385234236503928,0.11760497122209604,0.13799071187773512,0.894,L = 0
SSP585,AFE,Country resampling,0,IE,2085,0.051588186958218873,-0.01644017117906334,-0.00301191321502032,0.00899672695291283,0.02892111459261837,0.05004520705876975,0.07539009911682487,0.10715848070989424,0.12178197546036064,0.1426509120059204,0.894,L = 0
SSP585,AFE,Country resampling,0,IE,2086,0.05221067923732536,-0.01906691297063921,-0.00526182368950698,0.00781558757141904,0.02879136832359447,0.05047176144681609,0.07675115745973154,0.11009564309924426,0.12532723178622873,0.1480408279723985,0.894,L = 0
SSP585,AFE,Country resampling,0,IE,2087,0.05324799426681659,-0.02007123248471838,-0.00562119273442528,0.00740349297071866,0.02900420422071589,0.05150510346537901,0.07833492867925801,0.11265314482402312,0.13010417213489653,0.1535222213353806,0.894,L = 0
SSP585,AFE,Country resampling,0,IE,2088,0.05427042290437189,-0.02087079322548946,-0.00594815128194923,0.00728501203034268,0.02898915507130736,0.05272085521045616,0.0806145527062779,0.11603522564429058,0.1350539963210028,0.15836241774848653,0.894,L = 0
SSP585,AFE,Country resampling,0,IE,2089,0.05527735057371363,-0.02168699274077199,-0.00665435668334384,0.00730870393976502,0.02934978909692393,0.05346952813273065,0.08318636316796696,0.11890922441462903,0.13994447912252458,0.16469926808272667,0.894,L = 0
SSP585,AFE,Country resampling,0,IE,2090,0.05626820919266562,-0.02251791245337375,-0.00717381410234891,0.00715496580175337,0.02988738757423584,0.05453598579322133,0.0856587412536233,0.12312133798283624,0.14509293322360062,0.17127995810273683,0.894,L = 0
SSP585,AFE,Country resampling,0,IE,2091,0.05684347766575992,-0.02530887767582823,-0.01008248175643609,0.00565925140766487,0.02885099028977181,0.0548903367667572,0.08795292266171045,0.12678700101612314,0.15011263545235837,0.17701260134216462,0.894,L = 0
SSP585,AFE,Country resampling,0,IE,2092,0.05779785221882438,-0.02625814300555849,-0.01035292614394344,0.00535110313458914,0.02917142389905397,0.05606379751262697,0.08992685789593632,0.13088075604665234,0.15542153507194503,0.18323495307162663,0.894,L = 0
SSP585,AFE,Country resampling,0,IE,2093,0.05873549778136866,-0.02721844904215525,-0.01144589320812904,0.00481893671309066,0.02890587784733975,0.05683108644101392,0.09248711889179204,0.13362780979027786,0.16060898409059382,0.19021449888580505,0.894,L = 0
SSP585,AFE,Country resampling,0,IE,2094,0.05965604495731513,-0.02818683486282028,-0.01311149955075191,0.0044220076347381,0.02908848538889816,0.0575392395777104,0.0942951959871184,0.13675110084337547,0.16463886463925942,0.19702517177120463,0.894,L = 0
SSP585,AFE,Country resampling,0,IE,2095,0.06055916978325715,-0.02922743976170885,-0.01380401354864951,0.00432286895534202,0.02926969006343258,0.05841703506171214,0.09612749982677288,0.1404484950307826,0.170305219996246,0.20461393491976865,0.894,L = 0
SSP585,AFE,Country resampling,0,IE,2096,0.06110078345656344,-0.03246667141870242,-0.01698698053284544,0.00125067770090972,0.02816349047423311,0.05858707919940087,0.09799796258777987,0.14367938659347518,0.17586836171577414,0.21093215848412855,0.894,L = 0
SSP585,AFE,Country resampling,0,IE,2097,0.06197005352747775,-0.03355303043573758,-0.01796086120341184,2.835859559677917e-4,0.02811367944363446,0.05981712775661257,0.1003190342680835,0.14862137801662698,0.1820618808528726,0.2182322318216201,0.894,L = 0
SSP585,AFE,Country resampling,0,IE,2098,0.0628219408232773,-0.03473732689388048,-0.01966988729244343,-2.441660233676195e-4,0.02828975569395597,0.06067837902449613,0.10258415519126382,0.15305024357013408,0.18730733934852517,0.2257069763988457,0.894,L = 0
SSP585,AFE,Country resampling,0,IE,2099,0.06365628889806774,-0.03629854043177797,-0.02150727951643013,-9.368385920579756e-4,0.02788415693516069,0.06148505620016831,0.10518833291982424,0.15831843240812218,0.19245665782731464,0.23333622235034304,0.894,L = 0
SSP585,AFE,Country resampling,0,IE,2100,0.06447298670013668,-0.03836206282808469,-0.02348432249280528,-0.00187438289313128,0.02783776447218022,0.06245654445643395,0.10803464902134904,0.16286519836497182,0.1995782412937341,0.24114546725948072,0.894,L = 0
SSP585,AFE,Country resampling,1,IE,2021,2.980433124788462e-5,-2.493434228528768e-5,-1.282118116747166e-5,-2.609960438171297e-6,1.1795045601753484e-5,2.6703179494935725e-5,4.186369398245793e-5,5.542087245943295e-5,6.269430716438484e-5,7.024843214483157e-5,0.724,L = 1
SSP585,AFE,Country resampling,1,IE,2022,7.041723928180588e-5,-8.581976550443015e-5,-5.124474237303555e-5,-2.099184412105437e-5,2.1864015944450532e-5,6.467652560304682e-5,1.088295490513369e-4,1.4926432159312333e-4,1.7513871434113307e-4,1.955930081071422e-4,0.724,L = 1
SSP585,AFE,Country resampling,1,IE,2023,1.2124052997108949e-4,-1.9291603685422652e-4,-1.2172415383203128e-4,-5.776432519106755e-5,2.8439424883591743e-5,1.1501262528085254e-4,2.0383087774808464e-4,2.9075707181690507e-4,3.4229629403520473e-4,3.855903712759039e-4,0.724,L = 1
SSP585,AFE,Country resampling,1,IE,2024,1.8167405059610345e-4,-3.3386932768369456e-4,-2.2912730304467383e-4,-1.1031825467976428e-4,3.077201489520842e-5,1.759756514931876e-4,3.206280045212617e-4,4.6901880158207744e-4,5.678397194731677e-4,6.500761089731075e-4,0.724,L = 1
SSP585,AFE,Country resampling,1,IE,2025,2.511161472461554e-4,-5.133622973816116e-4,-3.5499439283532826e-4,-1.8683971122869237e-4,2.66032345852818e-5,2.482188835785659e-4,4.607656986866382e-4,6.880657783982949e-4,8.501495538032865e-4,9.65831594765312e-4,0.724,L = 1
SSP585,AFE,Country resampling,1,IE,2026,3.172780513198692e-4,-7.41840965408877e-4,-5.367350675242799e-4,-3.099296562735554e-4,2.292779496815278e-6,3.1294318298674684e-4,6.210861916561006e-4,9.379689293012474e-4,0.001172014398692,0.00133263714607613,0.724,L = 1
SSP585,AFE,Country resampling,1,IE,2027,4.0138421192836e-4,-9.872835244629174e-4,-7.546906279890741e-4,-4.2147133493345416e-4,-1.6459159653925415e-5,3.998912896125972e-4,8.166560022265235e-4,0.00122986849016297,0.0015656769118768,0.00177149430394581,0.724,L = 1
SSP585,AFE,Country resampling,1,IE,2028,4.934876133835253e-4,-0.00129742127483853,-0.00100916550352392,-5.787898054193108e-4,-3.70153048606936e-5,5.004866678702813e-4,0.00103375212112222,0.00156447956063866,0.00198969456800594,0.00227169196720704,0.724,L = 1
SSP585,AFE,Country resampling,1,IE,2029,5.932345906984882e-4,-0.00162220365088922,-0.00126685186277188,-7.279971228817516e-4,-6.189908268977584e-5,6.049251871342309e-4,0.00127312071928487,0.00192795192092102,0.00246064849724096,0.0028255342492587,0.724,L = 1
SSP585,AFE,Country resampling,1,IE,2030,7.002741564101633e-4,-0.00199026950515924,-0.0015429090459723,-9.17822118635625e-4,-9.76454486104339e-5,7.110578283986424e-4,0.00153485300283839,0.00234151471842285,0.00297943995077224,0.0034324084634793,0.724,L = 1
SSP585,AFE,Country resampling,1,IE,2031,7.862394977268261e-4,-0.0024045465114606,-0.0018962483176197,-0.00114205065156968,-1.6598351010913004e-4,8.053782967525902e-4,0.001795464999161,0.00275494210542287,0.00354611771315828,0.00406745496739419,0.724,L = 1
SSP585,AFE,Country resampling,1,IE,2032,9.064877876764356e-4,-0.00281164321497242,-0.00224832298985858,-0.00137401116023617,-2.2016819777118113e-4,9.297106317373016e-4,0.00210690265738253,0.00324268312730995,0.00412475770778196,0.0047863085266269,0.724,L = 1
SSP585,AFE,Country resampling,1,IE,2033,0.00103414849073535,-0.00323792680557615,-0.00257406902872313,-0.00161416223049374,-2.649559531760215e-4,0.00106006090734223,0.00243730127896876,0.00376698099443867,0.00475864666901332,0.00553063661428679,0.724,L = 1
SSP585,AFE,Country resampling,1,IE,2034,0.00116905423757585,-0.00368071089546957,-0.00290516767801741,-0.00186916331464453,-3.2035756445780716e-4,0.00121690045697592,0.00276707452540617,0.00433874717572555,0.00545981270418995,0.00631952258700255,0.724,L = 1
SSP585,AFE,Country resampling,1,IE,2035,0.00131103790819386,-0.00413707166153993,-0.00330729654142556,-0.0021531550320251,-3.6972818983782574e-4,0.00136859569129338,0.00314121749109591,0.00495277322626558,0.00620660462056607,0.00715088516376849,0.724,L = 1
SSP585,AFE,Country resampling,1,IE,2036,0.00141131494584023,-0.00474811473358935,-0.00379206134575821,-0.00248408915500319,-4.8025333986834173e-4,0.00149056669531449,0.00348797598235758,0.00552746792523017,0.0069316381783005,0.00805008641271421,0.724,L = 1
SSP585,AFE,Country resampling,1,IE,2037,0.00156760855413573,-0.0053079980566939,-0.00422923415653236,-0.0027800938079487,-5.239527260109123e-4,0.0016524816024408,0.00389483590810346,0.00617477696794295,0.00774613321974251,0.00897430671149972,0.724,L = 1
SSP585,AFE,Country resampling,1,IE,2038,0.00173162546783789,-0.00586568236069456,-0.00473587464660653,-0.00309581270700335,-5.728717537619166e-4,0.0018355300549343,0.00435082404835401,0.00687049900233227,0.00858640608298581,0.00993762223436804,0.724,L = 1
SSP585,AFE,Country resampling,1,IE,2039,0.00190329955906831,-0.00641425424489723,-0.00521566168247958,-0.00336464369671809,-6.499250514910293e-4,0.00203877972877958,0.00480238915287464,0.00757513417438713,0.00945564710902234,0.01093747958152146,0.724,L = 1
SSP585,AFE,Country resampling,1,IE,2040,0.00208255841032711,-0.00705070258929725,-0.00571526518661221,-0.00366571356034774,-6.935760791004497e-4,0.00224266129302669,0.0052499985918798,0.00829479630089668,0.01035158071754443,0.0119723136785513,0.724,L = 1
SSP585,AFE,Country resampling,1,IE,2041,0.00219687397584833,-0.00769489512447604,-0.00629959462437035,-0.00404023110430706,-8.319909806832337e-4,0.00233190491941703,0.00568497376573776,0.00903310791337698,0.01125197218086389,0.0130960477004203,0.724,L = 1
SSP585,AFE,Country resampling,1,IE,2042,0.00239132154722465,-0.00833081783919994,-0.00690647764539544,-0.00435946746815203,-8.808982815861066e-4,0.00254723417548197,0.00615714080696547,0.00986124237841311,0.01223188035130802,0.01426757604804898,0.724,L = 1
SSP585,AFE,Country resampling,1,IE,2043,0.00259396489788188,-0.0089818056203849,-0.00742916580383081,-0.00471265884803662,-9.746974514751872e-4,0.00273453415021118,0.00666809880294788,0.01071413401241043,0.01330648253446116,0.0156079188115268,0.724,L = 1
SSP585,AFE,Country resampling,1,IE,2044,0.00280475340915264,-0.00964379963430788,-0.00798494561507517,-0.0049797196957912,-9.805144511638997e-4,0.00296441925809548,0.00718762725533561,0.01155604429716047,0.01444991116333538,0.01701431284246735,0.724,L = 1
SSP585,AFE,Country resampling,1,IE,2045,0.00302362362954589,-0.01031454191303279,-0.00856317163985729,-0.00535585787404449,-0.00103438663224186,0.00323078147631111,0.00774368184541812,0.01243008447432603,0.01553876374179154,0.0184385679206726,0.724,L = 1
SSP585,AFE,Country resampling,1,IE,2046,0.00315507667157766,-0.01123655663795226,-0.00919920426301609,-0.00574842108801604,-0.00115173903166906,0.0034061942894733,0.00826557890645809,0.01333228992985005,0.01655726777688836,0.0196059423162894,0.724,L = 1
SSP585,AFE,Country resampling,1,IE,2047,0.00338866598600284,-0.0119811569285656,-0.0097506223775402,-0.00601897263434631,-0.00117041271426279,0.00366540231572831,0.00883316012727936,0.01432854003809215,0.01765442699948524,0.0209828997809279,0.724,L = 1
SSP585,AFE,Country resampling,1,IE,2048,0.00363057666058808,-0.01278425670386981,-0.01034333019831284,-0.00639744463651004,-0.00116954772657895,0.00394459064797148,0.00939700676539098,0.01543352419915498,0.01887905806495035,0.02238931023216285,0.724,L = 1
SSP585,AFE,Country resampling,1,IE,2049,0.00388071426939917,-0.01361698567389415,-0.01078913066063544,-0.00677448428998955,-0.00115016736585221,0.00433500270464259,0.01003600680470603,0.01656764542984431,0.02019568257020661,0.02391610921776418,0.724,L = 1
SSP585,AFE,Country resampling,1,IE,2050,0.00413896741752695,-0.01427744721920218,-0.01123218691378702,-0.00713056553701523,-0.00120524339787572,0.00462955687423027,0.01065601966185531,0.0176859341546844,0.02135877709406439,0.02551198964279849,0.724,L = 1
SSP585,AFE,Country resampling,1,IE,2051,0.00428888573990304,-0.01516962842703916,-0.01196896822542749,-0.00761386972324992,-0.00135679080690559,0.00482047098081828,0.01121538164083468,0.01867527545647462,0.02258708890190894,0.0271431778929208,0.724,L = 1
SSP585,AFE,Country resampling,1,IE,2052,0.00455839077796493,-0.01575301692589188,-0.01257506789259488,-0.00805677242373027,-0.00137880042381088,0.00516145050931654,0.01185930379677244,0.01971179197107885,0.02389115646443654,0.02901865535032972,0.724,L = 1
SSP585,AFE,Country resampling,1,IE,2053,0.00483570130853838,-0.01638678737141078,-0.01297762221121376,-0.00842816116500063,-0.00140505024320961,0.00562345996537305,0.01251457231046007,0.02086371310877687,0.02557845329162656,0.03079753657335301,0.724,L = 1
SSP585,AFE,Country resampling,1,IE,2054,0.00512065876641287,-0.01704417150524323,-0.01367683098292079,-0.00883872577121394,-0.00145983243835998,0.00594781863383375,0.01329492101390394,0.02204654128089457,0.02719849838126014,0.03246586677318228,0.724,L = 1
SSP585,AFE,Country resampling,1,IE,2055,0.00541308749319469,-0.01797822561720168,-0.0142405073325343,-0.0091930503244896,-0.00147918470206792,0.00635241152249066,0.01402462811057272,0.02344044224066726,0.02862164272827114,0.03450709960130274,0.724,L = 1
SSP585,AFE,Country resampling,1,IE,2056,0.00558081854666314,-0.01903497347918208,-0.01514239033057781,-0.00984352550403168,-0.0016256511025591,0.00662836110295544,0.01476499647375761,0.02462243550914923,0.03019195820237062,0.03643262323363053,0.724,L = 1
SSP585,AFE,Country resampling,1,IE,2057,0.00588052037585795,-0.01987698605073117,-0.01587189842673736,-0.01040201863599259,-0.00155944177290542,0.00714864568443002,0.01562500637810671,0.02592824033608042,0.03156399374143755,0.03876805895741378,0.724,L = 1
SSP585,AFE,Country resampling,1,IE,2058,0.00618707314765931,-0.02049916211953809,-0.01666289064960803,-0.01084187843214543,-0.00158500418657786,0.00760714334478973,0.01654903233979898,0.02719968234563122,0.03340112941118878,0.0408573372700201,0.724,L = 1
SSP585,AFE,Country resampling,1,IE,2059,0.00650026859843566,-0.02031518030874276,-0.01722912445761521,-0.01114391974332392,-0.00157094047647063,0.00792443557296651,0.01741374927048516,0.02857329245029645,0.03519570542153472,0.04300504258678365,0.724,L = 1
SSP585,AFE,Country resampling,1,IE,2060,0.00681988373780673,-0.02110816000047682,-0.0178211333928593,-0.01149578523466992,-0.00155705791254079,0.00854950378134289,0.01826403006609364,0.03006574443969772,0.03712888169040344,0.04521069195676953,0.724,L = 1
SSP585,AFE,Country resampling,1,IE,2061,0.006987546575552,-0.02229883766243312,-0.01851114540547544,-0.01215828447955092,-0.00179537199992046,0.00869084236075878,0.01913758865011514,0.03134918077340318,0.03987936492015374,0.04736532975738435,0.724,L = 1
SSP585,AFE,Country resampling,1,IE,2062,0.00731233096104444,-0.02347472423504866,-0.01893888283223201,-0.01258591235261772,-0.00186814303872598,0.00915576756554115,0.0200247914318164,0.03297718092820472,0.0415436930298399,0.04913049119121262,0.724,L = 1
SSP585,AFE,Country resampling,1,IE,2063,0.00764295809034321,-0.02444411124758413,-0.01921851715519008,-0.01316942239799549,-0.0019920157322994,0.00960748802847283,0.02119037771454601,0.03448105033663624,0.04357502239243219,0.05105989658781404,0.724,L = 1
SSP585,AFE,Country resampling,1,IE,2064,0.00797919302195782,-0.02543791818126472,-0.01961540623057716,-0.01337209273221901,-0.00194631457802965,0.01005501445193651,0.02212826595545805,0.03618878310132663,0.04617729593096263,0.05371441257140662,0.724,L = 1
SSP585,AFE,Country resampling,1,IE,2065,0.00832078895162247,-0.02645338200284937,-0.01994643357064401,-0.01389243327531101,-0.00191552088780733,0.01049924226573917,0.02302625223706844,0.03780493889867692,0.04804965132428019,0.05615650256738128,0.724,L = 1
SSP585,AFE,Country resampling,1,IE,2066,0.00847973011947067,-0.02755031098414642,-0.02133735482568182,-0.01463868159771558,-0.00225086686271813,0.01083041735278322,0.02393329619186476,0.03935758268453038,0.04953631214026066,0.05995394016142644,0.724,L = 1
SSP585,AFE,Country resampling,1,IE,2067,0.00882628009006614,-0.02784339119372486,-0.02121589269256332,-0.01492314369974356,-0.00238531763385829,0.01129951692048159,0.02487176160470325,0.04072004672361101,0.05213541061983062,0.0632558810853607,0.724,L = 1
SSP585,AFE,Country resampling,1,IE,2068,0.00917778314517936,-0.02854561322622031,-0.02178696228012507,-0.01557261542388542,-0.0022840435903908,0.01181517280671201,0.02605994281732959,0.04244527660378743,0.0541403414412628,0.06618605221606881,0.724,L = 1
SSP585,AFE,Country resampling,1,IE,2069,0.00953399252136633,-0.02949701990374767,-0.02255856534789628,-0.01614508278018933,-0.00233311374263875,0.01232836194255082,0.02703056458389377,0.04468458255290615,0.05594894329127453,0.0698931904987433,0.724,L = 1
SSP585,AFE,Country resampling,1,IE,2070,0.00989465198769257,-0.03045307273540104,-0.02369020736433165,-0.01635073587157313,-0.00226475143347887,0.01284064109346089,0.02820259996066085,0.04649556230192306,0.05845829707153006,0.0730428709360334,0.724,L = 1
SSP585,AFE,Country resampling,1,IE,2071,0.01004108923763913,-0.03235397305073104,-0.02501794145702048,-0.0172118028503436,-0.002597875826394,0.01326933080063985,0.02923250083024556,0.04793803099500893,0.06091138404509213,0.07693702858572635,0.724,L = 1
SSP585,AFE,Country resampling,1,IE,2072,0.01040478893130436,-0.03307284770328623,-0.02569183543397811,-0.01731444567473405,-0.00255381975169355,0.01362933481987249,0.03051949057738004,0.0499905762423312,0.06368460245483355,0.08040713360648807,0.724,L = 1
SSP585,AFE,Country resampling,1,IE,2073,0.0107725036414521,-0.03394105518473873,-0.02628570755955348,-0.01765757114843756,-0.00254315841607277,0.01412186834753587,0.03176311492147724,0.05194324639656413,0.06643896731267897,0.08431033402245414,0.724,L = 1
SSP585,AFE,Country resampling,1,IE,2074,0.01114397966031399,-0.03489918726697481,-0.02704224768043804,-0.01784314855089708,-0.00250769293924701,0.01481915905731062,0.0330853681301213,0.05463234491968756,0.06974202126009617,0.08801872155881171,0.724,L = 1
SSP585,AFE,Country resampling,1,IE,2075,0.01151895590359608,-0.0360896090820548,-0.02756707891198229,-0.0182186689225356,-0.00244890119155549,0.0153725888655779,0.03402779306656933,0.05757039697518864,0.07247640412555886,0.09184564040665552,0.724,L = 1
SSP585,AFE,Country resampling,1,IE,2076,0.01165073453864751,-0.03704652263557252,-0.02907808633969613,-0.01902169761939639,-0.00302176297005393,0.01565416797167035,0.03518419891975843,0.05982520375917279,0.07557911230422783,0.09658761449620176,0.724,L = 1
SSP585,AFE,Country resampling,1,IE,2077,0.0120219340192913,-0.03822585605845603,-0.03017477472974696,-0.01923111468503229,-0.00298549117055441,0.01621943111580609,0.03663187530490433,0.06305820760963946,0.079979541111283,0.1004570282758738,0.724,L = 1
SSP585,AFE,Country resampling,1,IE,2078,0.01239594578755332,-0.03938052212079906,-0.03132404850448529,-0.01957057426838576,-0.00295897773497999,0.01674690775475712,0.03800837618358338,0.06667881934072377,0.08412838314308038,0.10481175011858776,0.724,L = 1
SSP585,AFE,Country resampling,1,IE,2079,0.01277251536949564,-0.0410145618325326,-0.03251894665891451,-0.0198441830772912,-0.00282017779419846,0.0173101366913646,0.03935916683914659,0.06998166968245662,0.08800662113124319,0.11090444601898126,0.724,L = 1
SSP585,AFE,Country resampling,1,IE,2080,0.01315138286403494,-0.04279863814067276,-0.03373686847051425,-0.02022458631473141,-0.00288232152202991,0.01803319865394292,0.04088539112135575,0.07268913911344789,0.0921917516461032,0.1181397982913662,0.724,L = 1
SSP585,AFE,Country resampling,1,IE,2081,0.01327859874404802,-0.04478466021276521,-0.03528111804320781,-0.02133476918919564,-0.00335535020878496,0.01789689305341657,0.04223422037698307,0.07585767468263287,0.09675665002483638,0.12211289834291862,0.724,L = 1
SSP585,AFE,Country resampling,1,IE,2082,0.01365656673855908,-0.04498971430597257,-0.03584072463257905,-0.02166892489136502,-0.00335502668199591,0.01852280202051248,0.04328952047205461,0.07828005361867815,0.10113257653350748,0.1287605080423168,0.724,L = 1
SSP585,AFE,Country resampling,1,IE,2083,0.01403643675885246,-0.04629488961539672,-0.03633631778343488,-0.02192198979752917,-0.00342451782073294,0.01916487097438446,0.04503872373559173,0.08126510252285352,0.10630377446293104,0.13563723530374086,0.724,L = 1
SSP585,AFE,Country resampling,1,IE,2084,0.01441795957956582,-0.0483591733419292,-0.03683734257329474,-0.02230997184046938,-0.00352642048986626,0.01977565398400577,0.04703269890268521,0.08463399888103294,0.11172802051323769,0.141101259173419,0.724,L = 1
SSP585,AFE,Country resampling,1,IE,2085,0.01480088167490312,-0.05012553925733998,-0.03793600831794226,-0.02268657649071984,-0.00338583810667503,0.02021246192144538,0.04824880051661689,0.08802476620418972,0.11672967366411252,0.14666483481270295,0.724,L = 1
SSP585,AFE,Country resampling,1,IE,2086,0.01491704617269329,-0.05306466153517399,-0.03913227783255802,-0.02376181375226399,-0.00373544367550796,0.0202809951148199,0.04965652398966735,0.09259705991345296,0.1215805015248109,0.15235868434924776,0.724,L = 1
SSP585,AFE,Country resampling,1,IE,2087,0.01529672473139742,-0.05511702166798257,-0.04076842093633898,-0.02403171887981626,-0.00367083557532943,0.02098878255549385,0.05092580488208495,0.09589777755650856,0.12642565934044844,0.15958242384372923,0.724,L = 1
SSP585,AFE,Country resampling,1,IE,2088,0.01567733386920622,-0.05710517386246622,-0.04181707362443598,-0.02424894700932932,-0.00382835490006724,0.02138220756206899,0.053003220265389,0.0992295851947732,0.13349743220017254,0.1644779858503573,0.724,L = 1
SSP585,AFE,Country resampling,1,IE,2089,0.01605862690138659,-0.05929287773420041,-0.04271814907544129,-0.02463450579381253,-0.00355171565561707,0.02217199828197036,0.05484411765219532,0.1028954156698079,0.14035696303275794,0.17529681629966412,0.724,L = 1
SSP585,AFE,Country resampling,1,IE,2090,0.0164403536304003,-0.06171803536713574,-0.04350346148466439,-0.02556253355310463,-0.00349792965252043,0.02281073423660734,0.05676369861966968,0.1068456059257518,0.14715528875389697,0.1850312189415501,0.724,L = 1
SSP585,AFE,Country resampling,1,IE,2091,0.01655773936139071,-0.0665551440599087,-0.04589005251974688,-0.02711541068218614,-0.00424523969467841,0.02247606718578582,0.05813063380251024,0.11164925446163672,0.15275400606854078,0.1981789655690372,0.724,L = 1
SSP585,AFE,Country resampling,1,IE,2092,0.01693586669535496,-0.06905449764645662,-0.04677416941023613,-0.02740955317745374,-0.00401160031761646,0.02311874999202323,0.06053397756796516,0.1160089643861708,0.16379984674063275,0.2123241558935068,0.724,L = 1
SSP585,AFE,Country resampling,1,IE,2093,0.01731400459907983,-0.07163149944471311,-0.04715608325188682,-0.02764849161635229,-0.0039963950668366,0.02391963102016575,0.06224703862257635,0.1203469312524536,0.17260967340589062,0.22149873004295195,0.724,L = 1
SSP585,AFE,Country resampling,1,IE,2094,0.01769190772346096,-0.07378436970838895,-0.04755275989823816,-0.02853091291841154,-0.00382732003854116,0.02436347124001925,0.06408263520968605,0.1259433908320885,0.1822446388519801,0.2311208928734279,0.724,L = 1
SSP585,AFE,Country resampling,1,IE,2095,0.01806932758220969,-0.07682195681672299,-0.04783123700052801,-0.02920992103093528,-0.0038545957584937,0.0247637537583294,0.06617286885863255,0.12880176889087766,0.19119394620175975,0.24101270792737625,0.724,L = 1
SSP585,AFE,Country resampling,1,IE,2096,0.01819719535575226,-0.0804778058886373,-0.05074213205606619,-0.03032267364542918,-0.0044136282105468,0.02476131967452444,0.06791875691883498,0.13394915215818257,0.20069987036448017,0.2531798533632388,0.724,L = 1
SSP585,AFE,Country resampling,1,IE,2097,0.01857010692243832,-0.0816685613790197,-0.05193526377172608,-0.03131335446513541,-0.00434313112663883,0.02585519687753018,0.07038233376079597,0.14164494883828466,0.21112897443071596,0.2635169283601417,0.724,L = 1
SSP585,AFE,Country resampling,1,IE,2098,0.01894213733030125,-0.08269178087835959,-0.05259893035539667,-0.03139501993742677,-0.00422664600132063,0.02663749891582723,0.07180578864767337,0.14772708011929842,0.22312619189846705,0.27420319852987923,0.724,L = 1
SSP585,AFE,Country resampling,1,IE,2099,0.01931303985120958,-0.08365540200120332,-0.05317312009750555,-0.03142559916340426,-0.00417118879783781,0.02770113573640897,0.07421936393537842,0.15386267484557636,0.2313953984619032,0.28902751940571303,0.724,L = 1
SSP585,AFE,Country resampling,1,IE,2100,0.0196825645191061,-0.08455501864459304,-0.05483626232405748,-0.03166198423768737,-0.00401699787384826,0.02850457111072985,0.0765860967990209,0.15930289039477147,0.24145970460373967,0.3066060736303213,0.724,L = 1
SSP585,AFE,Country resampling,2,IE,2021,1.2997775973744297e-5,-4.302305071078594e-5,-3.214852170523308e-5,-2.2152452905122023e-5,-6.356182554179135e-6,1.0765159706049854e-5,2.7720442003192906e-5,4.1736409102499654e-5,4.9031150475092875e-5,5.742317384524464e-5,0.475,L = 2
SSP585,AFE,Country resampling,2,IE,2022,1.302867426045129e-5,-1.5807712248723792e-4,-1.2539877095953944e-4,-9.474242150142588e-5,-4.397723341592608e-5,7.88491499698063e-6,6.066091597872747e-5,1.0617362685616528e-4,1.3454627006601603e-4,1.5822887212663944e-4,0.475,L = 2
SSP585,AFE,Country resampling,2,IE,2023,-9.980201599923966e-6,-3.5022575344099136e-4,-2.9683817692391926e-4,-2.2584963681171463e-4,-1.225908189419478e-4,-1.1400080702883564e-5,9.711286511218664e-5,1.9651855800331135e-4,2.614475144913918e-4,3.052887437555745e-4,0.475,L = 2
SSP585,AFE,Country resampling,2,IE,2024,-5.553516768030953e-5,-6.424583718622006e-4,-5.372465866493981e-4,-4.149538085801541e-4,-2.389764853222565e-4,-4.488054143025888e-5,1.3201581627236836e-4,2.98699357014709e-4,4.284307998906943e-4,5.059675453129241e-4,0.475,L = 2
SSP585,AFE,Country resampling,2,IE,2025,-1.2314308477801017e-4,-0.00102807104228651,-8.600865054951222e-4,-6.741492619897093e-4,-3.971657996221789e-4,-9.528571788569584e-5,1.774949777370027e-4,4.404612193358194e-4,6.268091341739223e-4,7.523490924506575e-4,0.475,L = 2
SSP585,AFE,Country resampling,2,IE,2026,-2.236129970117906e-4,-0.0015422458068973,-0.00126785398672013,-0.00101133623826756,-6.117335285348857e-4,-1.781285906987118e-4,2.1482345362239252e-4,6.125212555775694e-4,8.597880584129412e-4,0.00103333753823817,0.475,L = 2
SSP585,AFE,Country resampling,2,IE,2027,-3.353945014493709e-4,-0.00208856702460583,-0.00173995370161959,-0.00138839969011641,-8.5300420612891e-4,-2.6073831789819035e-4,2.6476640149741826e-4,8.001241914740943e-4,0.00112072849863235,0.0013867250512288,0.475,L = 2
SSP585,AFE,Country resampling,2,IE,2028,-4.669482783068446e-4,-0.0026957196577441,-0.00227189952652595,-0.00182159292710819,-0.00112541343196292,-3.70517584571628e-4,3.236011031229058e-4,0.00101565683281931,0.00147961906072294,0.00178500095291739,0.475,L = 2
SSP585,AFE,Country resampling,2,IE,2029,-6.174940664439577e-4,-0.00345589217820069,-0.00289699331727874,-0.00230306891001318,-0.0014512001295448,-4.978226788977524e-4,4.097507347926299e-4,0.00127782484117982,0.00185280379143478,0.00218722899291041,0.475,L = 2
SSP585,AFE,Country resampling,2,IE,2030,-7.862345356892675e-4,-0.00429691783339898,-0.00359066702351122,-0.00287668652257907,-0.00180077324702043,-6.355733453490275e-4,4.5330841923860166e-4,0.00154073662229361,0.0023380730097,0.00266723142393798,0.475,L = 2
SSP585,AFE,Country resampling,2,IE,2031,-0.00100217941254121,-0.00522353466464573,-0.00433951986493917,-0.00354199618737461,-0.00220658741965013,-8.464422884845169e-4,5.175816540167189e-4,0.00182215448043543,0.00284814066860426,0.00315798051703586,0.475,L = 2
SSP585,AFE,Country resampling,2,IE,2032,-0.0012066296382811,-0.00618855912514586,-0.00510350786401115,-0.00420339900037038,-0.00259317676793174,-0.0010086527788862301,5.768250753803716e-4,0.00211538271701017,0.00331041846201198,0.0036747393411091,0.475,L = 2
SSP585,AFE,Country resampling,2,IE,2033,-0.00142584084428876,-0.00718997703352173,-0.00594498913913626,-0.00488196397579873,-0.00301206926802105,-0.00118096208803963,6.936351013669129e-4,0.00246605135523997,0.00379060755725474,0.00430897015184651,0.475,L = 2
SSP585,AFE,Country resampling,2,IE,2034,-0.00165875139533677,-0.00831726326880009,-0.00689066120883319,-0.0055797040973343,-0.0034745394022454,-0.00136150141151986,8.103713024888715e-4,0.00278264414400623,0.00436348496209442,0.00500766032333662,0.475,L = 2
SSP585,AFE,Country resampling,2,IE,2035,-0.00190427621782374,-0.0094999391375442,-0.00790028996206848,-0.00631471467408942,-0.00391306849050293,-0.0015275312778934,8.988741880667228e-4,0.00313070938963589,0.00493881766557885,0.00584183030826541,0.475,L = 2
SSP585,AFE,Country resampling,2,IE,2036,-0.00221501041566896,-0.01067400984727173,-0.00897295577409874,-0.00715907036006642,-0.00448665293836864,-0.00179407361285838,9.969038764079396e-4,0.00355609513428498,0.00559055114617944,0.0066642958873441,0.475,L = 2
SSP585,AFE,Country resampling,2,IE,2037,-0.00248551404829022,-0.01195174075832697,-0.01009688303952077,-0.00795778182213777,-0.00503290142611045,-0.00202650784980767,0.00111026617760484,0.00391890492185574,0.00615610905951649,0.00757316509390453,0.475,L = 2
SSP585,AFE,Country resampling,2,IE,2038,-0.00276461655061466,-0.01315653830069722,-0.01130040936380941,-0.00884411128491984,-0.0055808498870159,-0.00224727168184729,0.00123928008849424,0.00426217948058727,0.00689172338717212,0.00841589623031974,0.475,L = 2
SSP585,AFE,Country resampling,2,IE,2039,-0.00305105851601017,-0.01437829809180974,-0.0123290556177736,-0.00968873675747002,-0.00614693529784549,-0.00239958406522672,0.00138073356205215,0.00471791964761563,0.00772409309249188,0.00947164944002402,0.475,L = 2
SSP585,AFE,Country resampling,2,IE,2040,-0.00334356301751725,-0.01584490595057153,-0.0134662620887541,-0.01052366181001626,-0.0067598318441385,-0.00256303827414056,0.00153879538175244,0.00512822729410562,0.00860566440004286,0.01061987602671706,0.475,L = 2
SSP585,AFE,Country resampling,2,IE,2041,-0.00372903016703773,-0.01738205774311631,-0.01471108594712712,-0.01158525587934136,-0.00747449639291963,-0.00288153856170675,0.00162601308571036,0.00562397374708474,0.0094312102286031,0.01165734122030911,0.475,L = 2
SSP585,AFE,Country resampling,2,IE,2042,-0.00403815715140254,-0.01860528004860275,-0.01591110386626022,-0.01249493054882967,-0.00811587856116521,-0.00308940810103453,0.00188104039296815,0.00615345578548779,0.01035200867847202,0.01283996709932132,0.475,L = 2
SSP585,AFE,Country resampling,2,IE,2043,-0.00434990148850589,-0.02023882251597451,-0.01697661734641202,-0.01354433515342223,-0.00878629229122124,-0.00335967935507452,0.00203632790091168,0.00669930189882322,0.01124755838305185,0.01395495036351334,0.475,L = 2
SSP585,AFE,Country resampling,2,IE,2044,-0.00466297745120636,-0.02200365966047568,-0.0181090818591829,-0.01458027974366136,-0.00946271489633499,-0.00352783054886474,0.0022229283161006,0.00736240023012219,0.01215648414533973,0.01504971150832298,0.475,L = 2
SSP585,AFE,Country resampling,2,IE,2045,-0.00497609577586832,-0.02336106279491981,-0.01923207838991606,-0.01569772927767767,-0.01002877164096988,-0.00371563387319284,0.00240676245145854,0.00796616786953923,0.01299722975594334,0.01614033565990441,0.475,L = 2
SSP585,AFE,Country resampling,2,IE,2046,-0.00542286424833016,-0.02500955013022267,-0.02064469765036989,-0.0169435556688648,-0.01079513013978492,-0.00404517493350792,0.00255134803885759,0.00855503330034921,0.01389455155468664,0.01714297192403399,0.475,L = 2
SSP585,AFE,Country resampling,2,IE,2047,-0.00574557116331286,-0.02702364931687366,-0.02208468661996782,-0.01817258942345205,-0.01153760906804382,-0.00427198688796037,0.00277634678022492,0.00925242637445889,0.01476307080868124,0.01830692664654242,0.475,L = 2
SSP585,AFE,Country resampling,2,IE,2048,-0.00606545846751105,-0.02899121187726834,-0.02355278332327645,-0.01931167387763726,-0.01216802349753387,-0.00448790172351837,0.00296437477992059,0.01007094194829636,0.01584073557037582,0.01952442368813102,0.475,L = 2
SSP585,AFE,Country resampling,2,IE,2049,-0.00638132085298381,-0.03072450405114505,-0.02505121160125156,-0.02049659517417861,-0.01280755453959178,-0.00461687476157951,0.00343090735029805,0.0113464708633761,0.01689030301746694,0.02117847172878341,0.475,L = 2
SSP585,AFE,Country resampling,2,IE,2050,-0.00669196434604069,-0.03223938521455463,-0.02658425064084069,-0.02165677706266459,-0.01347624888791743,-0.00467873152571401,0.00383713384137834,0.01225913382444482,0.01803855809294318,0.02290677556331116,0.475,L = 2
SSP585,AFE,Country resampling,2,IE,2051,-0.00720732418272984,-0.03405554308039009,-0.02807190760176961,-0.02312625090108866,-0.01434389034091759,-0.00493038055660871,0.00405929042098124,0.01287794118769354,0.01924206458990197,0.02445419769137524,0.475,L = 2
SSP585,AFE,Country resampling,2,IE,2052,-0.00753113035491226,-0.03541676158793589,-0.02935955637581997,-0.0242790537559997,-0.0150649634939933,-0.00506883304177041,0.00462639373671666,0.01365576613767597,0.02046460028309212,0.02600928046426433,0.475,L = 2
SSP585,AFE,Country resampling,2,IE,2053,-0.00784865495384212,-0.0369453848162692,-0.03083899359845391,-0.02528441847855012,-0.01583665160248734,-0.00524102103041568,0.0050067332135503,0.01458899117938956,0.02157921526935744,0.0277090101602823,0.475,L = 2
SSP585,AFE,Country resampling,2,IE,2054,-0.00815889692472504,-0.038974729089832,-0.03203081538314413,-0.02652377455479368,-0.01651920536827633,-0.00548640910300213,0.00532889393357644,0.01574300242852142,0.02286793479789195,0.02912773467087227,0.475,L = 2
SSP585,AFE,Country resampling,2,IE,2055,-0.00846087799462524,-0.0410373800670982,-0.0334427894546437,-0.02774907489057867,-0.01723393540894222,-0.00553963687665315,0.0059247908641711,0.01694705427756936,0.02417097823707713,0.03119472276725564,0.475,L = 2
SSP585,AFE,Country resampling,2,IE,2056,-0.00906101841840845,-0.04356657880106917,-0.03542887430138049,-0.02946610891848741,-0.0183192355204696,-0.00586739340624276,0.00613096043323288,0.01790739361496072,0.02558848490459488,0.03305967909845825,0.475,L = 2
SSP585,AFE,Country resampling,2,IE,2057,-0.00938344576620386,-0.04509540929010035,-0.03705483787368147,-0.03034030964654362,-0.01899224460413942,-0.00601693492187943,0.00665479864284629,0.01895873079239711,0.02696490470195816,0.03527524577040973,0.475,L = 2
SSP585,AFE,Country resampling,2,IE,2058,-0.0096980421787558,-0.04741367769042243,-0.03878974978713735,-0.03146367214890989,-0.01968742898703554,-0.00604270827101416,0.00703786329653291,0.02028330606400693,0.02912203356792151,0.03758576889921297,0.475,L = 2
SSP585,AFE,Country resampling,2,IE,2059,-0.01000405866999398,-0.0483382509583677,-0.04013193086132966,-0.03294864516937002,-0.02033086355563629,-0.00616832956433399,0.00762821669277336,0.02197775863186882,0.03064505301865926,0.03999360053563581,0.475,L = 2
SSP585,AFE,Country resampling,2,IE,2060,-0.01030077574572996,-0.05053782160799103,-0.04140646877455197,-0.034133535527504,-0.02093876637311731,-0.0061579360527047,0.00806934569012257,0.02351479685977297,0.0332622467664871,0.04204419965202324,0.475,L = 2
SSP585,AFE,Country resampling,2,IE,2061,-0.01103257533782353,-0.05288921704076156,-0.04361323816515397,-0.03564729117771952,-0.02197206938843107,-0.00661684859837996,0.00842759269720228,0.02504623214306063,0.0350735903291137,0.04454322171454972,0.475,L = 2
SSP585,AFE,Country resampling,2,IE,2062,-0.01136184824877661,-0.05381898257108197,-0.04525839833088441,-0.03683258438023916,-0.02272038075900279,-0.00661045107064556,0.00899938535736305,0.02660723443306607,0.03733537812776052,0.04671682350424028,0.475,L = 2
SSP585,AFE,Country resampling,2,IE,2063,-0.01168362452487314,-0.05555330940188854,-0.04696210589762909,-0.03844558732598523,-0.02341316525222686,-0.00666780578469505,0.00953253820224445,0.02797604645683848,0.03932951470986196,0.05045321361166299,0.475,L = 2
SSP585,AFE,Country resampling,2,IE,2064,-0.01199742609376708,-0.05727317268990058,-0.04854534114148833,-0.03994355678311415,-0.02370367973171558,-0.0066822686268736,0.01037849963279249,0.02991141315235593,0.04131499238883663,0.05384444744751893,0.475,L = 2
SSP585,AFE,Country resampling,2,IE,2065,-0.01230280696312879,-0.05891199899152058,-0.05029061966404028,-0.0411666561894911,-0.02425657874854669,-0.00670254737899522,0.01115945888862574,0.03124304519874346,0.04450348323917082,0.05842836771760464,0.475,L = 2
SSP585,AFE,Country resampling,2,IE,2066,-0.01318553043204529,-0.06134266265683115,-0.05297745600507497,-0.04337104238870115,-0.02543371683809339,-0.00729203948798362,0.01140714325695854,0.03283716128932182,0.04633845351309327,0.06137017163456128,0.475,L = 2
SSP585,AFE,Country resampling,2,IE,2067,-0.0135317364206231,-0.06402916787980113,-0.05526950654450803,-0.04443651810465014,-0.0261992628095454,-0.00741312775647945,0.01231087240372705,0.03458224926642208,0.04903461155057492,0.06464380283261972,0.475,L = 2
SSP585,AFE,Country resampling,2,IE,2068,-0.01387189149335155,-0.06716161678721509,-0.05701594497799303,-0.04584202334724618,-0.02692325167127068,-0.00740695574677147,0.0131549881525152,0.03664653976479318,0.05204126846342541,0.06749310902604086,0.475,L = 2
SSP585,AFE,Country resampling,2,IE,2069,-0.01420576300745479,-0.06927257968870441,-0.05831187078507512,-0.0470990502581194,-0.02767028386666212,-0.00720713170447889,0.01377808722387791,0.03792890141698039,0.05526106242860757,0.070314507967533,0.475,L = 2
SSP585,AFE,Country resampling,2,IE,2070,-0.01453314970741348,-0.07144071863288523,-0.05988575196772235,-0.0485449129005245,-0.02806033341822184,-0.00720685958606631,0.01475385671955056,0.04021162202115626,0.0586820889140259,0.07522520272459497,0.475,L = 2
SSP585,AFE,Country resampling,2,IE,2071,-0.01560650291261589,-0.07516291998448624,-0.06327028381284593,-0.05162438945592825,-0.02959756266724469,-0.00796186393098646,0.01523087121869212,0.04120994679291478,0.06080026823511616,0.07831776869506593,0.475,L = 2
SSP585,AFE,Country resampling,2,IE,2072,-0.01598368277937689,-0.0779888477307604,-0.06518955996091852,-0.05290219232998351,-0.03036854779551695,-0.00787283658430459,0.01605524293870719,0.04320024399446879,0.06442742301191955,0.08554290052315183,0.475,L = 2
SSP585,AFE,Country resampling,2,IE,2073,-0.01635709974063204,-0.08084348752092692,-0.06709222518290217,-0.05372388241139159,-0.0312002971608992,-0.00796986305675229,0.0170200575894355,0.04562841311155796,0.06926700223100733,0.091542383498743607,0.475,L = 2
SSP585,AFE,Country resampling,2,IE,2074,-0.01672672414584075,-0.08440679875932229,-0.06990316019546293,-0.0553072115109351,-0.03175874603613163,-0.00792740009599218,0.01821233553296292,0.04787058986839602,0.07362786162723188,0.09621469801608903,0.475,L = 2
SSP585,AFE,Country resampling,2,IE,2075,-0.01709255382086272,-0.08780672374626682,-0.07245806942979457,-0.05686137577085554,-0.0330815309152811,-0.00766583867260795,0.01920630867799261,0.05024417681770095,0.0784764763493997,0.09993791535676128,0.475,L = 2
SSP585,AFE,Country resampling,2,IE,2076,-0.01841401777987406,-0.09313878028493404,-0.07675801686009676,-0.05980381241027963,-0.03470725437108377,-0.00815373946186731,0.01991754752165553,0.05168149214682878,0.08005857783558584,0.10440836975773649,0.475,L = 2
SSP585,AFE,Country resampling,2,IE,2077,-0.01884315731185426,-0.09545045450078624,-0.08066388611295043,-0.06118146084273104,-0.03515746932900202,-0.00789246937021676,0.02048715894216291,0.05413302357628198,0.0847666428312487,0.10858617346733115,0.475,L = 2
SSP585,AFE,Country resampling,2,IE,2078,-0.01927147039681487,-0.09842828416854124,-0.08355293430319191,-0.06269180561159109,-0.03566381170806554,-0.00800754705410722,0.02130381176489484,0.05675192431461342,0.09003793428161808,0.11550888255848483,0.475,L = 2
SSP585,AFE,Country resampling,2,IE,2079,-0.01969906671321808,-0.10201775813606195,-0.08626096393020422,-0.06457421579668501,-0.03628234536921432,-0.00789704297645216,0.02204515979070354,0.0592794131582198,0.09467215437495272,0.12282864081456515,0.475,L = 2
SSP585,AFE,Country resampling,2,IE,2080,-0.02012607683404421,-0.10631875647093753,-0.0894199079674021,-0.06682737329478038,-0.0370166591974248,-0.00796674359258914,0.0235786002566106,0.0632886279566592,0.10147336590254426,0.13130014135367712,0.475,L = 2
SSP585,AFE,Country resampling,2,IE,2081,-0.02172931462010474,-0.112703683091319,-0.09483262137378752,-0.07086336888338213,-0.03961661992451409,-0.00872658046988006,0.02371552087503922,0.06496512896898476,0.10462500913964803,0.1367542939701298,0.475,L = 2
SSP585,AFE,Country resampling,2,IE,2082,-0.02222453663110557,-0.11749450197972552,-0.0981265437749866,-0.07306838826111578,-0.04048033811097135,-0.00858890387154431,0.02472004649287634,0.06865751366870802,0.1118632768803593,0.14706437898020297,0.475,L = 2
SSP585,AFE,Country resampling,2,IE,2083,-0.02272187941867176,-0.12181068643977928,-0.10067704922182195,-0.07568612228277387,-0.04056928141176441,-0.00835107562706466,0.02620348402524958,0.07097715227018252,0.11931481257864462,0.15811355028078397,0.475,L = 2
SSP585,AFE,Country resampling,2,IE,2084,-0.02322154148931587,-0.12602273703868364,-0.10305707620344871,-0.07757490913502973,-0.04091910610956906,-0.00827495869196048,0.02778872518414621,0.07611523702955583,0.1276046088317648,0.1699273439842159,0.475,L = 2
SSP585,AFE,Country resampling,2,IE,2085,-0.02372373496359414,-0.1300814415948183,-0.10530583791722188,-0.07990002714715054,-0.04129354498418561,-0.0076996683974097,0.02959941282537437,0.0808379156031166,0.13619158580847596,0.18266778933163924,0.475,L = 2
SSP585,AFE,Country resampling,2,IE,2086,-0.02562750846216177,-0.1394269952073881,-0.11093721144330491,-0.08486142234947298,-0.04333991509682011,-0.00908493105280255,0.02966066332484862,0.08570577256769636,0.14094704356666057,0.1898953590100143,0.475,L = 2
SSP585,AFE,Country resampling,2,IE,2087,-0.02620545657624207,-0.14451509424507475,-0.11418116325358205,-0.08721559848331434,-0.04422250505380618,-0.00881254048656082,0.03091496902168689,0.09203140931882012,0.14846887110942164,0.2038636228875575,0.475,L = 2
SSP585,AFE,Country resampling,2,IE,2088,-0.02678848945536627,-0.14905723918722272,-0.11889588349273993,-0.08952042734470328,-0.04488661981265271,-0.00845344665167802,0.03302864319965373,0.09771216539045986,0.15696586141276336,0.21568997565563017,0.475,L = 2
SSP585,AFE,Country resampling,2,IE,2089,-0.02737684818831731,-0.1544365965433739,-0.1238985081844483,-0.09178642546066744,-0.0455394849658981,-0.00818256794217986,0.03427658753253415,0.10162261256802248,0.1671962341260589,0.22781807573481996,0.475,L = 2
SSP585,AFE,Country resampling,2,IE,2090,-0.02797077983098916,-0.15998177650600146,-0.127317376160126,-0.09264717993428,-0.04603994459742333,-0.00745653193090872,0.03670475175594931,0.10742672313390988,0.17415402249205847,0.2523544378075945,0.475,L = 2
SSP585,AFE,Country resampling,2,IE,2091,-0.03020621010520274,-0.17156563559313243,-0.13759404193273211,-0.09876575334052357,-0.04863851028796343,-0.00875159837688632,0.03681280720747515,0.1106988467822917,0.18248790470073128,0.2620393513778299,0.475,L = 2
SSP585,AFE,Country resampling,2,IE,2092,-0.03088353071095206,-0.1796851023977011,-0.14259137019090026,-0.10071009040016791,-0.04937089624258989,-0.00788963375866019,0.03874731402288017,0.11768612270777784,0.19116129172858587,0.28147027552638204,0.475,L = 2
SSP585,AFE,Country resampling,2,IE,2093,-0.031568711855033293,-0.1838679959040915,-0.14846997721320418,-0.10372642142236052,-0.04996357602322979,-0.00702237158487489,0.04117138708945866,0.1232814277536705,0.2068898711796366,0.3075635126981549,0.475,L = 2
SSP585,AFE,Country resampling,2,IE,2094,-0.03226199152359987,-0.19305724474938885,-0.1542101343228563,-0.10654470434031817,-0.05088564723090655,-0.00629179677298091,0.0432309058450599,0.1288385955685436,0.21969349317523837,0.3385648518970146,0.475,L = 2
SSP585,AFE,Country resampling,2,IE,2095,-0.03296360622760508,-0.20169739547660023,-0.15805168672942502,-0.10980974014463292,-0.05128462028570246,-0.00606504946190195,0.04714264356963549,0.13327145072342586,0.23346083297672524,0.37329409206946007,0.475,L = 2
SSP585,AFE,Country resampling,2,IE,2096,-0.03554641461750807,-0.21241205932673213,-0.17318588165100832,-0.11748184101413783,-0.05481823843535827,-0.00774689626796576,0.04643177496263487,0.13554691923865067,0.2425423746771039,0.3983418131908252,0.475,L = 2
SSP585,AFE,Country resampling,2,IE,2097,-0.03634875667833925,-0.219503002771388,-0.17884496417687823,-0.1203004643734318,-0.05528840412578456,-0.0074148399518707,0.04814053904555154,0.14347196036626125,0.2592367069690504,0.4328672403397783,0.475,L = 2
SSP585,AFE,Country resampling,2,IE,2098,-0.03716178045107077,-0.22818919434048757,-0.18335695362942556,-0.12251613662086912,-0.05587532768425057,-0.00729595549590489,0.05071442878818824,0.15702883164188242,0.27645271475170713,0.48494919596831326,0.475,L = 2
SSP585,AFE,Country resampling,2,IE,2099,-0.03798567514230866,-0.23831047712290487,-0.18786688379626987,-0.1256442826012962,-0.05656364370167952,-0.00644251884947433,0.05295178210586865,0.16920593122583755,0.290148088124152,0.5318160701707688,0.475,L = 2
SSP585,AFE,Country resampling,2,IE,2100,-0.03882062134195541,-0.24888833927810097,-0.1955623838651756,-0.1287641846162123,-0.05812166279683234,-0.00525839034942093,0.05494550229508202,0.18008741059747874,0.3104332410113862,0.5921959555596612,0.475,L = 2
SSP585,IFE,Joint analytic covariance,0,IE,2021,1.1617710520939184e-5,-1.846878133074936e-5,-1.3233439071275166e-5,-8.862110056173653e-6,1.944609594239921e-6,1.122559530647438e-5,2.0869157038333475e-5,2.9946852157092257e-5,3.614045276225108e-5,3.959419208233172e-5,0.884,L = 0
SSP585,IFE,Joint analytic covariance,0,IE,2022,3.496539512126695e-5,-5.387670481669382e-5,-3.873743151963649e-5,-2.553694151983254e-5,6.2499077634059486e-6,3.3714892678116115e-5,6.25312283951962e-5,8.96716086562499e-5,1.080346285029232e-4,1.17582770793001e-4,0.884,L = 0
SSP585,IFE,Joint analytic covariance,0,IE,2023,7.016896729750144e-5,-1.0459134145021365e-4,-7.55671000391478e-5,-5.038986903322939e-5,1.3316035717303444e-5,6.717223093438696e-5,1.2564467225020803e-4,1.7936858759241004e-4,2.1427199531939825e-4,2.3393627095100175e-4,0.884,L = 0
SSP585,IFE,Joint analytic covariance,0,IE,2024,1.1736603431722337e-4,-1.6885837262512471e-4,-1.2480108567705094e-4,-8.205113915044081e-5,2.366628063277254e-5,1.111493609933234e-4,2.097083347809281e-4,2.9947241658410115e-4,3.5568284671221853e-4,3.869676752112083e-4,0.884,L = 0
SSP585,IFE,Joint analytic covariance,0,IE,2025,1.7670372826772418e-4,-2.4542342586836573e-4,-1.8757998272120324e-4,-1.186578447955888e-4,3.587452449735351e-5,1.6638652284334254e-4,3.144680906538022e-4,4.499015388530148e-4,5.322081077444918e-4,5.7964627232166e-4,0.884,L = 0
SSP585,IFE,Joint analytic covariance,0,IE,2026,2.326029771169136e-4,-3.541484194457628e-4,-2.740344915913573e-4,-1.822140145639861e-4,3.834521458309648e-5,2.1933833453580132e-4,4.274245199644422e-4,6.096600170812039e-4,7.274637377146675e-4,7.919435935055036e-4,0.884,L = 0
SSP585,IFE,Joint analytic covariance,0,IE,2027,3.132348477355995e-4,-4.5886014983275434e-4,-3.5770100136388593e-4,-2.3263014881261813e-4,5.334080889093928e-5,2.963770104582597e-4,5.72212002164757e-4,8.176426594742271e-4,9.666526801473448e-4,0.00105412078613914,0.884,L = 0
SSP585,IFE,Joint analytic covariance,0,IE,2028,4.06903448450846e-4,-5.680735008725818e-4,-4.48711017232728e-4,-2.896753162022314e-4,7.916113088979326e-5,3.914567318142881e-4,7.37713653925498e-4,0.00105042409175831,0.00124410425481073,0.00135196080980555,0.884,L = 0
SSP585,IFE,Joint analytic covariance,0,IE,2029,5.140355852497613e-4,-6.82816671409489e-4,-5.586638873578797e-4,-3.4570095512028717e-4,1.0636704614039316e-4,4.938022111210527e-4,9.25024169776939e-4,0.00130765526162667,0.00155216117436409,0.00168145900632848,0.884,L = 0
SSP585,IFE,Joint analytic covariance,0,IE,2030,6.350671740964486e-4,-8.176765689129645e-4,-6.537012962009535e-4,-4.005802802042546e-4,1.4608746809638418e-4,6.099427603625807e-4,0.00113847516285278,0.00159901064196658,0.00190217166500916,0.00205516704003137,0.884,L = 0
SSP585,IFE,Joint analytic covariance,0,IE,2031,7.283639198460978e-4,-0.00100696336863346,-8.037967099888576e-4,-4.997630706934263e-4,1.3883415779172847e-4,7.101546301157557e-4,0.00132874803971155,0.00187731690314758,0.00224431857285337,0.00242801633608204,0.884,L = 0
SSP585,IFE,Joint analytic covariance,0,IE,2032,8.753204385831825e-4,-0.00117242144143431,-9.101328660140184e-4,-5.620440005032256e-4,1.8391309184020987e-4,8.566566833480005e-4,0.00157777610831721,0.00222017395206348,0.00264230708819896,0.00286387097468681,0.884,L = 0
SSP585,IFE,Joint analytic covariance,0,IE,2033,0.00103844368976513,-0.00132201893765607,-0.00103810312807292,-6.299058137567592e-4,2.4098025583899063e-4,0.0010074488607189,0.00185717913181485,0.00258729267013723,0.00307328507746576,0.00333665625147856,0.884,L = 0
SSP585,IFE,Joint analytic covariance,0,IE,2034,0.00121836616947756,-0.00150735064676281,-0.00113584048509516,-6.978114775172849e-4,2.8704605314436304e-4,0.00118560871249662,0.00215481041840956,0.00299557172009456,0.00353345702495542,0.00384979558645792,0.884,L = 0
SSP585,IFE,Joint analytic covariance,0,IE,2035,0.00141571221044523,-0.00162929021636901,-0.00119783403250319,-7.369272979013795e-4,3.575116274931178e-4,0.00140246570517305,0.00247344036388333,0.00343794696774459,0.00406251033733392,0.00439232290845404,0.884,L = 0
SSP585,IFE,Joint analytic covariance,0,IE,2036,0.00155545085759223,-0.00186084852494357,-0.00137153322303852,-8.605250493415762e-4,3.676975866570009e-4,0.00154347954645334,0.00274431610469019,0.0038317304850871,0.00456005578820252,0.00492918772320465,0.884,L = 0
SSP585,IFE,Joint analytic covariance,0,IE,2037,0.00178643492160557,-0.00203393635002382,-0.00146626042090483,-9.063625092649797e-4,4.7067180875476344e-4,0.0017764640469281,0.00310835539739795,0.00431858874065513,0.00510908830179435,0.00556636251354425,0.884,L = 0
SSP585,IFE,Joint analytic covariance,0,IE,2038,0.00203751218536696,-0.00219749981432035,-0.00157662135655922,-9.391645763819787e-4,5.907697874312778e-4,0.0020311499316602,0.00351369728640046,0.00484916255436073,0.00568635163600874,0.00623157219465148,0.884,L = 0
SSP585,IFE,Joint analytic covariance,0,IE,2039,0.00230932556736451,-0.00236979252075332,-0.00169574742521049,-9.45682430275918e-4,6.99383101246398e-4,0.00232899059432295,0.0039441657041328,0.00543114381633409,0.00635894298903604,0.0069689298932973,0.884,L = 0
SSP585,IFE,Joint analytic covariance,0,IE,2040,0.00260248149994546,-0.00248850968260003,-0.00182553073693478,-9.350013575224692e-4,8.128080884679534e-4,0.00263749990185158,0.0043866028067164,0.00602430658217333,0.00704261925373323,0.00767299607348557,0.884,L = 0
SSP585,IFE,Joint analytic covariance,0,IE,2041,0.00280211432988497,-0.00276990612185416,-0.00203297311055474,-0.00105462718040844,8.391041660212595e-4,0.00286479733915534,0.00479049816933363,0.0065344347957035,0.00772472876810747,0.00837447862616753,0.884,L = 0
SSP585,IFE,Joint analytic covariance,0,IE,2042,0.0031344331300761,-0.00286696320208449,-0.00213914632601336,-0.00103970056899197,9.731943674482768e-4,0.0032140449508628,0.00531955187907959,0.0072138083571846,0.00853971499547842,0.00918656512407714,0.884,L = 0
SSP585,IFE,Joint analytic covariance,0,IE,2043,0.00348998089768481,-0.00305519130102249,-0.002194484781765,-9.835774271519714e-4,0.00109186515362555,0.00360908518674152,0.00586294827679137,0.00794127752338471,0.00933086083805924,0.01007475358181105,0.884,L = 0
SSP585,IFE,Joint analytic covariance,0,IE,2044,0.00386918143092984,-0.00314441813308327,-0.00227905912548607,-9.186379706508152e-4,0.0013303973415292,0.00402028049450226,0.00646800325024413,0.00870503338038839,0.01015964081285801,0.01106428663590963,0.884,L = 0
SSP585,IFE,Joint analytic covariance,0,IE,2045,0.00427239373535826,-0.00316188016891963,-0.00228171132877001,-8.748969220813363e-4,0.00151792492686347,0.00447159445740708,0.00707653455930717,0.00948643184254082,0.01105195098437873,0.01196941920539201,0.884,L = 0
SSP585,IFE,Joint analytic covariance,0,IE,2046,0.00454387645587517,-0.00344771186620967,-0.00246469723779759,-9.576700550387618e-4,0.00163996253635359,0.00478860224346622,0.00758156379505153,0.01014872110765438,0.01181317237443509,0.0128347966826306,0.884,L = 0
SSP585,IFE,Joint analytic covariance,0,IE,2047,0.00498877350001336,-0.0035325771671681,-0.00253240106742004,-8.711122259461134e-4,0.00181600383738442,0.00530226183162174,0.00824821226429548,0.01101779018045463,0.01284589452546326,0.01390155627279237,0.884,L = 0
SSP585,IFE,Joint analytic covariance,0,IE,2048,0.00545833559378894,-0.00362067173210979,-0.00261548668632302,-7.698105419810307e-4,0.00215270749469118,0.00579481599788023,0.00896717191284524,0.0119284912145415,0.01379465296886582,0.01501403266087492,0.884,L = 0
SSP585,IFE,Joint analytic covariance,0,IE,2049,0.00595261477657027,-0.00376498016314819,-0.00259789240981289,-6.869961798631861e-4,0.0023537045716149,0.00630387496465484,0.00973430002082867,0.01292039514016443,0.01486938733189024,0.01617033134645013,0.884,L = 0
SSP585,IFE,Joint analytic covariance,0,IE,2050,0.00647157928797847,-0.00395634245795938,-0.00263220030381752,-5.456446549312651e-4,0.00259924045091705,0.00683829543607528,0.01051617504762583,0.01393842666648709,0.01598972807061189,0.01737128959215518,0.884,L = 0
SSP585,IFE,Joint analytic covariance,0,IE,2051,0.00680937048309249,-0.00426811295707851,-0.0028597376825769,-6.294150132925777e-4,0.00272657302710202,0.00721572204904613,0.01112497205281587,0.01476591645950676,0.01689650548995909,0.01842242841097298,0.884,L = 0
SSP585,IFE,Joint analytic covariance,0,IE,2052,0.00736152450992644,-0.00453111949619474,-0.00285746654914454,-4.5710216790644225e-4,0.00310271120586824,0.00783574216252658,0.01195701433843352,0.01582128032944313,0.01804397132741205,0.01970998742280885,0.884,L = 0
SSP585,IFE,Joint analytic covariance,0,IE,2053,0.00793691806177254,-0.00464190933709333,-0.00278763407647759,-2.645618505754288e-4,0.0035320551026523,0.00845822162289017,0.0128267901948173,0.01691396866644073,0.01928220850661219,0.02103669926490451,0.884,L = 0
SSP585,IFE,Joint analytic covariance,0,IE,2054,0.0085351628086665,-0.00477263945350109,-0.00266446772465359,-6.728746128122902e-5,0.00396814329331321,0.00906253713245908,0.01372275886702401,0.01804612705108627,0.02053764977988196,0.02240694585203906,0.884,L = 0
SSP585,IFE,Joint analytic covariance,0,IE,2055,0.00915578438609243,-0.0047648593361191,-0.00270131383771066,1.4512189648233675e-4,0.00437286072934031,0.00967511614454219,0.01465825289165048,0.01929165046974926,0.02174298829691241,0.02376210271897975,0.884,L = 0
SSP585,IFE,Joint analytic covariance,0,IE,2056,0.00954015230306204,-0.00501873970839424,-0.00288924074787444,9.561745273237724e-5,0.00452271764856632,0.01014799665685145,0.01533340920433479,0.02016887359909889,0.02280004697689587,0.02480577842577162,0.884,L = 0
SSP585,IFE,Joint analytic covariance,0,IE,2057,0.01018029237399198,-0.00499577792101331,-0.00293958728620967,3.115888626149644e-4,0.0049668305096191,0.0108484919266838,0.01630912006260895,0.02146045088430919,0.02407171814506074,0.02631540155308217,0.884,L = 0
SSP585,IFE,Joint analytic covariance,0,IE,2058,0.01083975592375785,-0.00502612701379276,-0.00296456505731151,4.895778275201157e-4,0.00536305064851869,0.01153814515786916,0.01731835412064569,0.02287725534611318,0.02550558094564744,0.02789179531712181,0.884,L = 0
SSP585,IFE,Joint analytic covariance,0,IE,2059,0.01151776404080973,-0.00522924449875295,-0.00291455866566346,7.138092734335189e-4,0.0058318337715503,0.01227129192380538,0.01828559669432419,0.02417257125514046,0.02689368979188165,0.02953954597085262,0.884,L = 0
SSP585,IFE,Joint analytic covariance,0,IE,2060,0.01221346326909933,-0.0054310286572004,-0.00276430582852933,8.63479268688816e-4,0.00624286680912547,0.01313208281667954,0.01932927888079466,0.02559387623375517,0.02838272184024488,0.03115021583323544,0.884,L = 0
SSP585,IFE,Joint analytic covariance,0,IE,2061,0.01259246774178934,-0.00574002664844503,-0.00289967359018095,8.932897293900684e-4,0.00626961005004617,0.01350542320226877,0.01993309877740501,0.02661894509966616,0.02957304615917799,0.03226960100056073,0.884,L = 0
SSP585,IFE,Joint analytic covariance,0,IE,2062,0.01329162209293244,-0.00588395374910741,-0.0030499842185053,0.00112105618643841,0.00673407292350505,0.01428130309802955,0.02100651105448159,0.0279808365133224,0.0309556257898612,0.03383344035874783,0.884,L = 0
SSP585,IFE,Joint analytic covariance,0,IE,2063,0.0140043516761501,-0.00591356937327788,-0.0029660162112428,0.00135325122734036,0.00726407164439121,0.01523476994552497,0.02212714204887975,0.02939767440636317,0.03241289819316028,0.03554609975962742,0.884,L = 0
SSP585,IFE,Joint analytic covariance,0,IE,2064,0.01472958392412648,-0.00596417870968706,-0.00290911989492672,0.00159931328518916,0.00781642504926191,0.01597743570098109,0.02321098192486376,0.03078532918910933,0.03404451344895894,0.03744907636731289,0.884,L = 0
SSP585,IFE,Joint analytic covariance,0,IE,2065,0.0154661923052749,-0.00609026391401247,-0.00297912308197921,0.00182370590247153,0.00833735308554589,0.01678056192882743,0.02435008720204054,0.03227617969732756,0.03586308213212406,0.03963004247857665,0.884,L = 0
SSP585,IFE,Joint analytic covariance,0,IE,2066,0.01580277742270708,-0.00652943384957313,-0.00322025263789232,0.00172887166067824,0.00841455214623176,0.0171870266633754,0.0249552226335171,0.0331821542050646,0.03705317863031982,0.04113369945253922,0.884,L = 0
SSP585,IFE,Joint analytic covariance,0,IE,2067,0.01652851252566634,-0.00667378847806866,-0.00328960532610167,0.00195573792989596,0.00877859558287069,0.01799631280042885,0.02612069145242004,0.03477336003046383,0.03891803114718215,0.04298158532599381,0.884,L = 0
SSP585,IFE,Joint analytic covariance,0,IE,2068,0.0172611485184545,-0.0069098288896589,-0.00332429672487752,0.00214715347111621,0.00932580193145021,0.01879973829810605,0.0273651666891751,0.03633791591917148,0.0406029223725539,0.04505785188148713,0.884,L = 0
SSP585,IFE,Joint analytic covariance,0,IE,2069,0.01799944669546638,-0.00719365100396147,-0.00330148759931322,0.00234091102978869,0.00979105326992638,0.01947091088788388,0.02852302600795825,0.03795616866013702,0.04226370808988901,0.04697412883948095,0.884,L = 0
SSP585,IFE,Joint analytic covariance,0,IE,2070,0.01874213926971457,-0.00716061051836441,-0.00329947825473037,0.00260116065017381,0.0102727232102763,0.0203133373429688,0.02959214924445494,0.03935431472682312,0.04394681885305875,0.04876329944826975,0.884,L = 0
SSP585,IFE,Joint analytic covariance,0,IE,2071,0.01899522308234513,-0.00779679653707925,-0.00349821990144186,0.00229544429599954,0.010253402622821201,0.02069107794157892,0.03019858299259392,0.04008206000254306,0.04503019390579125,0.05040379645665161,0.884,L = 0
SSP585,IFE,Joint analytic covariance,0,IE,2072,0.01971190014240442,-0.00781608621224096,-0.00347511347770079,0.00254262465073509,0.01079994110131174,0.02157349139437198,0.03129439834452735,0.04156258548258754,0.04650243506632885,0.05244170810275488,0.884,L = 0
SSP585,IFE,Joint analytic covariance,0,IE,2073,0.02042849873795338,-0.0077728094651691,-0.00344313925548936,0.00271831031983087,0.01122956099868816,0.0224098105894861,0.03229366864899635,0.04310146449710596,0.04858964462950361,0.05448044329271769,0.884,L = 0
SSP585,IFE,Joint analytic covariance,0,IE,2074,0.02114375150767533,-0.00764542751457687,-0.00340770054703941,0.00301537700620523,0.01167033251868121,0.02319388029698255,0.0333655899660423,0.0444842559283015,0.050336059205554,0.05655944115885152,0.884,L = 0
SSP585,IFE,Joint analytic covariance,0,IE,2075,0.02185638773470422,-0.00784140617478673,-0.00333532698871922,0.00321621396434971,0.01213975934233743,0.02403289910771011,0.0344741584546622,0.0461111828840438,0.05249998239956374,0.05880733728984914,0.884,L = 0
SSP585,IFE,Joint analytic covariance,0,IE,2076,0.02198422509458286,-0.00841190393913178,-0.00387110997247924,0.00255114251455643,0.01194379802438516,0.02426896301443887,0.03513291358138396,0.0471312608398283,0.05375331507337359,0.06047686845099631,0.884,L = 0
SSP585,IFE,Joint analytic covariance,0,IE,2077,0.02265309976185703,-0.00874089817916388,-0.00387577757544113,0.00273897666443515,0.01236690164473905,0.02505818844918272,0.03629064601765919,0.04857962392009722,0.05592548319804156,0.0624761630727045,0.884,L = 0
SSP585,IFE,Joint analytic covariance,0,IE,2078,0.02331524138199592,-0.0089681375276606,-0.00385402135430996,0.00297669402894357,0.01274151144342972,0.02587270387627133,0.03732355693538231,0.05020799293135801,0.05799629472782635,0.0644809870736338,0.884,L = 0
SSP585,IFE,Joint analytic covariance,0,IE,2079,0.02396948862201775,-0.00908224457011796,-0.00382903320935548,0.00319127770712274,0.01327641096744963,0.02665404702446455,0.03851477907913353,0.05185433872504818,0.05982098309633239,0.06647894877534287,0.884,L = 0
SSP585,IFE,Joint analytic covariance,0,IE,2080,0.02461469921852632,-0.00917956970069166,-0.00379724918251219,0.00327682910714558,0.01366927690186148,0.02739775975374347,0.03957391495699175,0.05327490497262723,0.06190367263879854,0.06862906755094426,0.884,L = 0
SSP585,IFE,Joint analytic covariance,0,IE,2081,0.02459754534762948,-0.01026890756312885,-0.00422592624734512,0.00259051461309926,0.01334684961244531,0.02736162180426787,0.04007327857377549,0.05419662577869381,0.06284777827372323,0.07036050054929965,0.884,L = 0
SSP585,IFE,Joint analytic covariance,0,IE,2082,0.02519352122740559,-0.0103834765002249,-0.00413449147284428,0.00257733922263464,0.01350339069652886,0.02805564826382028,0.04109985472501315,0.05565082392359052,0.06499112682954998,0.07253364530289609,0.884,L = 0
SSP585,IFE,Joint analytic covariance,0,IE,2083,0.02577732966172385,-0.01043691184404316,-0.00414135122113121,0.00266676021080786,0.013829948150407,0.02871807453164099,0.04200741730816082,0.05737379855896023,0.06716095038480367,0.07472325948270123,0.884,L = 0
SSP585,IFE,Joint analytic covariance,0,IE,2084,0.02634800524710501,-0.01048594018275281,-0.00464813782174041,0.0028453958817258,0.01399355903897708,0.02917886341930153,0.0431619150763736,0.05894180972318135,0.06937445430541223,0.0770746038681533,0.884,L = 0
SSP585,IFE,Joint analytic covariance,0,IE,2085,0.02690461788367126,-0.01054236892272235,-0.00504661173638215,0.00296087974012532,0.01426814160895456,0.02967617517562043,0.04424212419859105,0.06048402485058116,0.0715895824353205,0.07977272372504414,0.884,L = 0
SSP585,IFE,Joint analytic covariance,0,IE,2086,0.02672849788746256,-0.01156966883120363,-0.00597506359548354,0.0020077489285741,0.0137299034755948,0.02950894109948093,0.04485166269331656,0.06139169896153335,0.07269320510268795,0.08172081579327894,0.884,L = 0
SSP585,IFE,Joint analytic covariance,0,IE,2087,0.02722827159010887,-0.01167533079583276,-0.00606667793293299,0.00221223710950879,0.01409261422812341,0.03009799642088961,0.04600828596906992,0.06280284027073264,0.0751532419966902,0.08434309035900064,0.884,L = 0
SSP585,IFE,Joint analytic covariance,0,IE,2088,0.02771166505373978,-0.01177857771260699,-0.00616131623024734,0.00205488799763188,0.01419886640996426,0.03069530819411631,0.04715607347735895,0.06439644981210632,0.07724403012527628,0.0876996492640798,0.884,L = 0
SSP585,IFE,Joint analytic covariance,0,IE,2089,0.02817796211109269,-0.01225790581493901,-0.00660696033302068,0.00191021946295644,0.01468658854144713,0.03128002628932669,0.04810963217500205,0.06573950140487755,0.07904097520959699,0.09077795143072089,0.884,L = 0
SSP585,IFE,Joint analytic covariance,0,IE,2090,0.02862649151350382,-0.01319380615217451,-0.0069697815483783,0.00211090101237304,0.01485475055905202,0.03167223135818842,0.04935617946807838,0.06742838708260178,0.08104071571577863,0.09374228334602092,0.884,L = 0
SSP585,IFE,Joint analytic covariance,0,IE,2091,0.02829985790537781,-0.01485987866698467,-0.00827649652499106,9.25766342194524e-4,0.0142313508720071,0.03134069172186837,0.04936746737084027,0.06824927973437271,0.08276523167468258,0.0964453719762058,0.884,L = 0
SSP585,IFE,Joint analytic covariance,0,IE,2092,0.02868914418011559,-0.01489973586089493,-0.00847854219114673,9.037680661827544e-4,0.01445482614265089,0.03165754235972951,0.05038476067377606,0.06957250815787144,0.08516835289212182,0.09921410035491852,0.884,L = 0
SSP585,IFE,Joint analytic covariance,0,IE,2093,0.02905929989954414,-0.01528560747329947,-0.00865877329981841,8.81639958849313e-4,0.01469700261189194,0.03203095201103367,0.05149164217765648,0.07130837201130266,0.08738045957874484,0.10143815966255068,0.884,L = 0
SSP585,IFE,Joint analytic covariance,0,IE,2094,0.02940987487601831,-0.01549446312297966,-0.00902552843436295,9.327497770574514e-4,0.01475150235009736,0.03230338071791017,0.05247496487313446,0.07267744065119776,0.08924893899680385,0.10384136687360818,0.884,L = 0
SSP585,IFE,Joint analytic covariance,0,IE,2095,0.02974046674362984,-0.01607187712156585,-0.00941334345528427,7.920642237773801e-4,0.01494639045475687,0.03260562818078011,0.05332068947878876,0.07417534438153701,0.0918112539128211,0.10693024877004537,0.884,L = 0
SSP585,IFE,Joint analytic covariance,0,IE,2096,0.02927376431688622,-0.01831589540199017,-0.01056865519153644,-6.094851947431975e-4,0.01372222450559043,0.03210499252534143,0.05368674278235172,0.07493803664919535,0.09383228517695646,0.10901207437399192,0.884,L = 0
SSP585,IFE,Joint analytic covariance,0,IE,2097,0.02954311064075987,-0.01861837709836546,-0.01101710474369969,-0.00115598089534434,0.01372574662492989,0.03218102400472594,0.0546963766552028,0.07649298896014214,0.09636445697710608,0.1118593158659018,0.884,L = 0
SSP585,IFE,Joint analytic covariance,0,IE,2098,0.02979204141655467,-0.01892883374267523,-0.0112723605301993,-0.0016711388661152,0.01368104754670621,0.03241907935452443,0.05561288820672472,0.07777547335594479,0.09856206978761504,0.11474695145960212,0.884,L = 0
SSP585,IFE,Joint analytic covariance,0,IE,2099,0.03002036475626301,-0.0192764817144561,-0.01140339647608609,-0.00206494795873849,0.01369469758511235,0.03265298758341967,0.05658336291323823,0.07934468043907877,0.1009834554047885,0.11747025470386456,0.884,L = 0
SSP585,IFE,Joint analytic covariance,0,IE,2100,0.03022793341559526,-0.01956969779925604,-0.01177579020032511,-0.00252817003405212,0.01372104813919386,0.03281508364749308,0.05774129361101204,0.08122615588430931,0.10300091613281538,0.1207028733024222,0.884,L = 0
SSP585,IFE,Joint analytic covariance,1,IE,2021,2.766853482438769e-6,-3.074581928630138e-5,-2.549305647551181e-5,-1.9239833784212568e-5,-7.951833734670677e-6,3.4192384660292063e-6,1.4373827673747064e-5,2.4317522850814125e-5,3.08184848042292e-5,3.6618951252295745e-5,0.386,L = 1
SSP585,IFE,Joint analytic covariance,1,IE,2022,-1.205864095010778e-5,-1.0401304054363236e-4,-8.928349650520474e-5,-7.315144958087716e-5,-4.5251137047119805e-5,-1.1369492709023545e-5,2.0677835005089573e-5,4.701605319187286e-5,6.690847691978031e-5,7.975212896234871e-5,0.386,L = 1
SSP585,IFE,Joint analytic covariance,1,IE,2023,-4.442836288587326e-5,-2.2462265654426552e-4,-1.949442517823863e-4,-1.666321625862777e-4,-1.126897878972466e-4,-4.618928612531992e-5,1.996695285610972e-5,7.475380494794683e-5,1.1390858227600102e-4,1.331136877232407e-4,0.386,L = 1
SSP585,IFE,Joint analytic covariance,1,IE,2024,-9.42626936838442e-5,-3.9577788473864063e-4,-3.4694721949050656e-4,-2.984071822853762e-4,-2.0789991943931385e-4,-9.612057761781978e-5,1.2719262843602364e-5,1.0287868100626874e-4,1.6676750857823607e-4,2.066158843800208e-4,0.386,L = 1
SSP585,IFE,Joint analytic covariance,1,IE,2025,-1.614508900072975e-4,-6.108793034544397e-4,-5.423541645427298e-4,-4.65362469620223e-4,-3.2706955779684965e-4,-1.665367287176922e-4,-2.768378123130244e-6,1.3059520034091056e-4,2.381420789651867e-4,2.909485201101736e-4,0.386,L = 1
SSP585,IFE,Joint analytic covariance,1,IE,2026,-2.565772479452555e-4,-8.816238882028371e-4,-7.923380901286914e-4,-6.787904634715902e-4,-4.946434523945553e-4,-2.662510561490805e-4,-3.940092748203061e-5,1.5346273407446098e-4,3.024307362270383e-4,3.867880285919746e-4,0.386,L = 1
SSP585,IFE,Joint analytic covariance,1,IE,2027,-3.600771708319739e-4,-0.00119320586499638,-0.0010784115143716,-9.250579724151109e-4,-6.804428466219425e-4,-3.655283912418761e-4,-7.599767800350876e-5,1.8233856559206625e-4,3.879016884182573e-4,5.070952138709005e-4,0.386,L = 1
SSP585,IFE,Joint analytic covariance,1,IE,2028,-4.8003445125677224e-4,-0.00155032576692117,-0.00141436375044938,-0.00121154690555548,-8.874781835413459e-4,-4.8630153432055456e-4,-1.1468566983766082e-4,2.1408467281293088e-4,4.670235122705978e-4,6.326624561485249e-4,0.386,L = 1
SSP585,IFE,Joint analytic covariance,1,IE,2029,-6.160100813710212e-4,-0.00196123533955433,-0.00178468040820125,-0.00151853470557997,-0.00112569772540915,-6.285805751072848e-4,-1.6875410819297554e-4,2.458407289229748e-4,5.596893308521862e-4,7.726894154097135e-4,0.386,L = 1
SSP585,IFE,Joint analytic covariance,1,IE,2030,-7.675160323322716e-4,-0.00238204146766546,-0.00219648280073462,-0.0018553796570035,-0.00138527162086476,-7.845223105698018e-4,-2.3182274768002165e-4,2.666453157791572e-4,6.617200399185833e-4,9.352546209403344e-4,0.386,L = 1
SSP585,IFE,Joint analytic covariance,1,IE,2031,-9.604775525763332e-4,-0.00288491656244412,-0.00267128997373681,-0.00226944852322816,-0.00167958776165227,-9.677347736876674e-4,-3.1893626499782113e-4,2.853423813227841e-4,7.526208202752289e-4,0.00108443549824198,0.386,L = 1
SSP585,IFE,Joint analytic covariance,1,IE,2032,-0.00114364288387547,-0.00341717057947102,-0.00314135036236173,-0.00265201360915974,-0.00198377023161855,-0.00115293637768787,-3.999625964472009e-4,3.304331360521774e-4,8.641025199813855e-4,0.00126549210052048,0.386,L = 1
SSP585,IFE,Joint analytic covariance,1,IE,2033,-0.00134000424787439,-0.0040099201898291,-0.00363061378503119,-0.00307391994982001,-0.00230090500967405,-0.00136501922189785,-4.958717133268786e-4,3.525730168785994e-4,9.690877835221152e-4,0.00146448063330818,0.386,L = 1
SSP585,IFE,Joint analytic covariance,1,IE,2034,-0.00154874159210249,-0.00461530176061129,-0.00416502620263709,-0.00351991655785073,-0.0026435857737751,-0.00155781500275647,-5.903213065552582e-4,3.789017855296069e-4,0.00107785527346431,0.00167975747358727,0.386,L = 1
SSP585,IFE,Joint analytic covariance,1,IE,2035,-0.00176898386106638,-0.00522487790052553,-0.00471892591183744,-0.00398996431952524,-0.00301289863764081,-0.00177969344241596,-6.91416048770932e-4,4.3688408614893734e-4,0.00117395697772695,0.0018905078233829,0.386,L = 1
SSP585,IFE,Joint analytic covariance,1,IE,2036,-0.00204438391032468,-0.00590063424611815,-0.00534976055170848,-0.0045442621102457,-0.00342122945417663,-0.00206171573927849,-8.437834507602493e-4,4.648501068158402e-4,0.00125125333733867,0.00206562769889923,0.386,L = 1
SSP585,IFE,Joint analytic covariance,1,IE,2037,-0.00228714268440843,-0.00658439991082659,-0.0059435060435633,-0.00503678761613749,-0.00382360717237051,-0.00230949267425001,-9.537550312042342e-4,4.969217937117692e-4,0.00139493341794667,0.00229567762558761,0.386,L = 1
SSP585,IFE,Joint analytic covariance,1,IE,2038,-0.00253789672032644,-0.00729384053759899,-0.00654417246896433,-0.00557715297972136,-0.00423862731178312,-0.00256236530158626,-0.00104928959994718,5.569428427925524e-4,0.00148271832750773,0.00253845791270429,0.386,L = 1
SSP585,IFE,Joint analytic covariance,1,IE,2039,-0.00279551035871528,-0.00804117008232606,-0.00719868411709132,-0.00612563822236276,-0.00465806228407897,-0.00282878231071315,-0.00114253575978337,6.084916945165672e-4,0.00159423719379547,0.00279317153384179,0.386,L = 1
SSP585,IFE,Joint analytic covariance,1,IE,2040,-0.00305880957442294,-0.00881060585528849,-0.00784417148854867,-0.00668667624073774,-0.0050984991919219,-0.00309027236126735,-0.00124427523798006,6.787493187548567e-4,0.00175973791410838,0.00308277627317833,0.386,L = 1
SSP585,IFE,Joint analytic covariance,1,IE,2041,-0.0033936142724037,-0.00968847422801923,-0.00854520972154508,-0.00731828254792694,-0.00556024443518279,-0.00342749492222788,-0.00140875726762593,6.659696868404509e-4,0.00190519665099374,0.0032687201954143,0.386,L = 1
SSP585,IFE,Joint analytic covariance,1,IE,2042,-0.00367098189349401,-0.01042563767965923,-0.00918636386042752,-0.00789786222662112,-0.00599677931677472,-0.00371244569261147,-0.00155154551123207,7.181932517883803e-4,0.00208213114927195,0.00356600033363746,0.386,L = 1
SSP585,IFE,Joint analytic covariance,1,IE,2043,-0.00395066599541793,-0.01120111217614077,-0.00985534073672763,-0.00852575082387152,-0.00644305052204699,-0.00392949929595926,-0.00164733506764672,7.913706393238851e-4,0.00234983449638746,0.00379901991299133,0.386,L = 1
SSP585,IFE,Joint analytic covariance,1,IE,2044,-0.00423141263365267,-0.01211174403586821,-0.01058041780743381,-0.00915745215687531,-0.00692531217478767,-0.0041999642043503704,-0.00178279578911028,8.85628509493888e-4,0.00254109270833146,0.00413005454767948,0.386,L = 1
SSP585,IFE,Joint analytic covariance,1,IE,2045,-0.00451195186482877,-0.01289537127875137,-0.01123025110693367,-0.00975931094238485,-0.00742681731484642,-0.00450997428850641,-0.00190926222729648,0.00107259923293457,0.00286393167728898,0.00450331310597237,0.386,L = 1
SSP585,IFE,Joint analytic covariance,1,IE,2046,-0.0048808375082282,-0.01382475492221459,-0.01205173924356764,-0.0104606613188237,-0.00798371530310257,-0.0049053194055213,-0.00210432000004387,0.00112440870446923,0.00310620442167631,0.0047531652701042,0.386,L = 1
SSP585,IFE,Joint analytic covariance,1,IE,2047,-0.00516575661254647,-0.0147252786607232,-0.01278971815055396,-0.01110368750328564,-0.00844365751363721,-0.00514238834693481,-0.00224077090606289,0.00120271185740976,0.00346881810107132,0.00510017474547903,0.386,L = 1
SSP585,IFE,Joint analytic covariance,1,IE,2048,-0.00544728554207374,-0.01563934564005313,-0.01361119022832693,-0.01169571592737583,-0.0088828466204095,-0.00544545460235268,-0.00232342761076184,0.00134036745830548,0.00370187250943934,0.00542289875923586,0.386,L = 1
SSP585,IFE,Joint analytic covariance,1,IE,2049,-0.00572419717817807,-0.01645137697880242,-0.01422613743810838,-0.01219313924780224,-0.00940335291862515,-0.00571723884946323,-0.00239629168668079,0.00147243512800071,0.00392208821308481,0.00564191456090709,0.386,L = 1
SSP585,IFE,Joint analytic covariance,1,IE,2050,-0.00599527201040905,-0.0172199824154692,-0.01498849227945522,-0.01284332486368834,-0.0098015165691602,-0.00598194546504959,-0.00242546715289809,0.00157647654402803,0.00411987166820629,0.00611439935958911,0.386,L = 1
SSP585,IFE,Joint analytic covariance,1,IE,2051,-0.00638581289036677,-0.01822467319632046,-0.01589705658021136,-0.01361325767831955,-0.01033715163613835,-0.00634991051478089,-0.00257598138265249,0.00162935920074103,0.00444262182565646,0.00650599784557019,0.386,L = 1
SSP585,IFE,Joint analytic covariance,1,IE,2052,-0.00665928623862155,-0.01903499397548027,-0.01673971910797693,-0.01427318088133665,-0.01082606548790335,-0.00656852725905893,-0.00261600677603501,0.00187663783668877,0.00501749884632806,0.00692085701878932,0.386,L = 1
SSP585,IFE,Joint analytic covariance,1,IE,2053,-0.00692501943012613,-0.01979905642503822,-0.01755164168739547,-0.01490715689544844,-0.01128241516464737,-0.00686963921222005,-0.00261414378977656,0.00202062828496494,0.00527809380486499,0.007374027939434,0.386,L = 1
SSP585,IFE,Joint analytic covariance,1,IE,2054,-0.00718194880945488,-0.02054923918618884,-0.01850127207211149,-0.01553341860984037,-0.01170341098811167,-0.00714501438679271,-0.00261413163194629,0.00218632689543065,0.0055662386630869,0.00796006195612238,0.386,L = 1
SSP585,IFE,Joint analytic covariance,1,IE,2055,-0.00742903609366041,-0.02150763419730042,-0.01933844263248126,-0.01618654775858011,-0.01219248414810195,-0.00737766666688982,-0.00260428798325026,0.0024498891795646,0.00597645293767608,0.008451655882274,0.386,L = 1
SSP585,IFE,Joint analytic covariance,1,IE,2056,-0.00783629897075599,-0.02259286997491961,-0.02021982311733699,-0.01700263933433037,-0.01274052993992957,-0.0077638519253802,-0.00270798731996788,0.00255634199845483,0.00617494308026639,0.00873874639916919,0.386,L = 1
SSP585,IFE,Joint analytic covariance,1,IE,2057,-0.00808543158719543,-0.02355329156721629,-0.02085912548917661,-0.0177222281418483,-0.01328172852829312,-0.00796860873836019,-0.00267970551358787,0.00277877893404698,0.0067447018651187,0.00947712870436906,0.386,L = 1
SSP585,IFE,Joint analytic covariance,1,IE,2058,-0.00832377318011257,-0.02448722690775855,-0.02166447828537917,-0.01850243123249085,-0.01345730886424301,-0.00809816445766076,-0.00258182418819066,0.00308595124405229,0.00722753595314948,0.010328787909129611,0.386,L = 1
SSP585,IFE,Joint analytic covariance,1,IE,2059,-0.00855047377459228,-0.02544674180335773,-0.02245044508241339,-0.01926192804006845,-0.01378448158724443,-0.00829532519396625,-0.00249128526368058,0.0034643287693593,0.00768177774255589,0.01081370420092461,0.386,L = 1
SSP585,IFE,Joint analytic covariance,1,IE,2060,-0.00876471967714676,-0.02641747959726697,-0.02326864486171599,-0.01996316285860314,-0.01407729062685014,-0.0083659544877252,-0.00240727380064198,0.00379309334326316,0.00806598333156974,0.01130086446842748,0.386,L = 1
SSP585,IFE,Joint analytic covariance,1,IE,2061,-0.00920039321594179,-0.02752262096900739,-0.02412638184320222,-0.02067068903039659,-0.01467048474379961,-0.00867947843402788,-0.00253826436456514,0.00387960811890248,0.00844932353820804,0.01158182268986764,0.386,L = 1
SSP585,IFE,Joint analytic covariance,1,IE,2062,-0.00941780790988322,-0.02855288695658189,-0.02503569638398248,-0.02144435308391479,-0.01515007589007036,-0.00874773961716229,-0.00240124875935415,0.00407859316380954,0.00908781500114149,0.01261829248722032,0.386,L = 1
SSP585,IFE,Joint analytic covariance,1,IE,2063,-0.00962261343413273,-0.02937262762765375,-0.02581851080463339,-0.02206838531091249,-0.01555726960295197,-0.00886944544763773,-0.00220787077527745,0.00448374425188298,0.00969233844760972,0.01361646912968126,0.386,L = 1
SSP585,IFE,Joint analytic covariance,1,IE,2064,-0.00981419660327254,-0.03044975153124284,-0.02668828275796201,-0.02256220580774859,-0.01571105280451165,-0.00883697752580109,-0.00191434355313693,0.00496637086700842,0.01021768306396792,0.01439286874525998,0.386,L = 1
SSP585,IFE,Joint analytic covariance,1,IE,2065,-0.0099919858627433,-0.03142260528990961,-0.02748667051115862,-0.02328381483389752,-0.01607598897730527,-0.00890104693765747,-0.00164166379348215,0.00547178366319009,0.01092586593321646,0.01539581080843423,0.386,L = 1
SSP585,IFE,Joint analytic covariance,1,IE,2066,-0.01045835722883958,-0.03264587041502341,-0.02857344786686952,-0.0243151359234429,-0.01676023868535409,-0.00925845156102811,-0.00183328163013149,0.00554006224996527,0.01117643950036261,0.01575541266523648,0.386,L = 1
SSP585,IFE,Joint analytic covariance,1,IE,2067,-0.01063937287306282,-0.03339053823952096,-0.02956475603536314,-0.02503858877883661,-0.01709882084145936,-0.00929697046065036,-0.00151007873076988,0.00622192413791669,0.01240227410342532,0.01668151607956168,0.386,L = 1
SSP585,IFE,Joint analytic covariance,1,IE,2068,-0.01080688687425945,-0.034431798907056,-0.03041988686196836,-0.02572643480053675,-0.01733514423206375,-0.00932600579050485,-0.00127727197963437,0.00699850625084271,0.01335694107778871,0.01738921484042433,0.386,L = 1
SSP585,IFE,Joint analytic covariance,1,IE,2069,-0.01096051563601219,-0.03529049721331225,-0.03144306122451329,-0.0263914012477401,-0.01765178012906279,-0.0093311646301612,-9.66156564702142e-4,0.0077825375937997,0.01384536442205024,0.01870174496696015,0.386,L = 1
SSP585,IFE,Joint analytic covariance,1,IE,2070,-0.01109991792000908,-0.03589775138921622,-0.03235680493307735,-0.02720871187555051,-0.01804858638138531,-0.00943103949896989,-5.838047272538893e-4,0.00866012940571122,0.01445195100985455,0.02000847884487332,0.386,L = 1
SSP585,IFE,Joint analytic covariance,1,IE,2071,-0.01161166263130764,-0.03704515729734686,-0.03348099541752781,-0.0280507585967852,-0.01865452354551938,-0.0098259869844598,-7.500804039510811e-4,0.00866100925901476,0.01505338082831114,0.02070198973714887,0.386,L = 1
SSP585,IFE,Joint analytic covariance,1,IE,2072,-0.01175567986794934,-0.03800500794240845,-0.03470984185693444,-0.02850737513254252,-0.0188534190218062,-0.0098796121755238,-5.127377272397537e-4,0.00942519996782222,0.01576948703769179,0.02233076207602335,0.386,L = 1
SSP585,IFE,Joint analytic covariance,1,IE,2073,-0.01188614053023506,-0.03895248328296221,-0.03521141914154338,-0.02917364793804248,-0.01912157669635111,-0.00990498925676602,-2.9397403194392213e-4,0.01041119807674197,0.01673282755408903,0.02401383529243576,0.386,L = 1
SSP585,IFE,Joint analytic covariance,1,IE,2074,-0.01200286323606325,-0.04042924841371103,-0.03610024201610405,-0.02949066553888908,-0.01936130116320641,-0.00990094002321007,9.354788430504524e-5,0.01150231472308034,0.01807839335213184,0.02518987559838327,0.386,L = 1
SSP585,IFE,Joint analytic covariance,1,IE,2075,-0.01210570520511589,-0.04148706034509895,-0.03702611301411201,-0.03011304785139234,-0.01969116218428848,-0.00991990807710369,5.060521738152468e-4,0.01236985340168337,0.0193851804490358,0.02747589124921016,0.386,L = 1
SSP585,IFE,Joint analytic covariance,1,IE,2076,-0.01269271070542232,-0.04266236043080959,-0.03797547962095497,-0.03115703426331247,-0.02044983085553295,-0.01030531301649545,3.0368059265376e-4,0.01236458479762186,0.01978755846227906,0.02764566027932038,0.386,L = 1
SSP585,IFE,Joint analytic covariance,1,IE,2077,-0.01280611122590424,-0.04386448584488427,-0.03863101092109022,-0.0313181294294009,-0.0207248202885549,-0.01023967178705026,5.685804223964364e-4,0.01346597218154214,0.02141291811850765,0.02961014599963121,0.386,L = 1
SSP585,IFE,Joint analytic covariance,1,IE,2078,-0.01290658946990663,-0.0451057663436666,-0.03962194660150067,-0.03185367684070651,-0.02089654115874234,-0.01028934758196464,9.83942002524163e-4,0.01456893763271813,0.02259837649662375,0.03159561473601911,0.386,L = 1
SSP585,IFE,Joint analytic covariance,1,IE,2079,-0.01299411016382345,-0.04633611018386694,-0.04010234297896369,-0.0324552899336315,-0.02119530219181004,-0.01017007356364291,0.00165509281602621,0.01542566522783127,0.02351845825807956,0.03325457397769506,0.386,L = 1
SSP585,IFE,Joint analytic covariance,1,IE,2080,-0.01306866945941021,-0.04782807629317198,-0.04102055000917001,-0.0328260837470703,-0.02148760044736417,-0.01002309304751847,0.0020523033267015,0.01645384198488013,0.02526462951031926,0.03585597575528873,0.386,L = 1
SSP585,IFE,Joint analytic covariance,1,IE,2081,-0.01374071620665784,-0.04943805599736305,-0.04207297616408264,-0.03364445305613806,-0.02212461465537626,-0.01057962587226296,0.00156392911942693,0.01652974026326605,0.02596780837713223,0.03597114679855855,0.386,L = 1
SSP585,IFE,Joint analytic covariance,1,IE,2082,-0.01382491688367115,-0.05051819124654893,-0.0431659403623546,-0.03406175749008546,-0.02231098257798314,-0.01044534616559222,0.00192457639535753,0.01795896206780417,0.0275475376533928,0.0381020190470838,0.386,L = 1
SSP585,IFE,Joint analytic covariance,1,IE,2083,-0.01389704434872785,-0.05103453124712653,-0.04384724525823904,-0.03468743633283391,-0.02248021258021748,-0.0101042344740444,0.0024563880316763,0.01894451214677959,0.02917036864286613,0.03986597772912977,0.386,L = 1
SSP585,IFE,Joint analytic covariance,1,IE,2084,-0.0139571657566172,-0.05237907946200306,-0.04475925529865914,-0.0350363629622812,-0.02275542641568101,-0.00993493983463733,0.00292813025955324,0.01970673578779379,0.0309384024220429,0.042857041226208883,0.386,L = 1
SSP585,IFE,Joint analytic covariance,1,IE,2085,-0.01400537132689738,-0.05335728967694767,-0.04533379306537827,-0.03533833126544496,-0.02291474658058592,-0.00976764507687988,0.00345475224943431,0.02065496236951286,0.0328867061522161,0.04508322059914666,0.386,L = 1
SSP585,IFE,Joint analytic covariance,1,IE,2086,-0.0147658606878408,-0.05411254649141107,-0.04635392340838144,-0.03639697866011129,-0.02343237547463161,-0.0100603354269686,0.00319275402052518,0.02072024298588416,0.03382960935237124,0.04640816909602768,0.386,L = 1
SSP585,IFE,Joint analytic covariance,1,IE,2087,-0.01482319013272581,-0.05522176604522195,-0.04676546476972,-0.03701483455625488,-0.02356906902534009,-0.0097484071279974,0.00362567658815937,0.02254703284171989,0.03516053497762764,0.04911200276059023,0.386,L = 1
SSP585,IFE,Joint analytic covariance,1,IE,2088,-0.01486940901137434,-0.05671820690058193,-0.04746101884121137,-0.03692084050353406,-0.02375572251247329,-0.00961353987199187,0.00435290894643855,0.02412199563865483,0.03748899755839233,0.05196608871860704,0.386,L = 1
SSP585,IFE,Joint analytic covariance,1,IE,2089,-0.01490464666616075,-0.05818006088688163,-0.04832644157485142,-0.03711694607885425,-0.02415183721811628,-0.00923185664293047,0.00503551843068592,0.02640940637149829,0.03988234931682656,0.05522021411828195,0.386,L = 1
SSP585,IFE,Joint analytic covariance,1,IE,2090,-0.01492904709805931,-0.05899232568717155,-0.04874699238661878,-0.037817456685951,-0.02381626266100919,-0.00908925231811896,0.00565651470892089,0.02732016770209557,0.04260394753362468,0.05832288909923158,0.386,L = 1
SSP585,IFE,Joint analytic covariance,1,IE,2091,-0.01579976605316091,-0.06113356008040723,-0.05038777953535948,-0.03871320066492931,-0.02464872680731833,-0.0095757316739225,0.00519767516096211,0.02702795249501553,0.04273758193884291,0.06023710166852558,0.386,L = 1
SSP585,IFE,Joint analytic covariance,1,IE,2092,-0.01583504596103535,-0.06252978376739121,-0.05119973565135034,-0.03921635021448199,-0.02480224961147209,-0.00913923729953059,0.00549272014200152,0.02919418834572958,0.04559495408129929,0.0643692989190891,0.386,L = 1
SSP585,IFE,Joint analytic covariance,1,IE,2093,-0.01586019478787548,-0.0639268493839982,-0.05202380345537524,-0.03971930033284889,-0.02468557118140388,-0.00891453804878816,0.00616721347906906,0.03103053798984736,0.04847652010397797,0.06866963786626305,0.386,L = 1
SSP585,IFE,Joint analytic covariance,1,IE,2094,-0.01587536522906307,-0.065324021003576635,-0.05298270234429745,-0.03972875258233821,-0.02471552135827398,-0.00853918117518992,0.00697098068408377,0.03274679998630344,0.05234209313459294,0.07291311129199052,0.386,L = 1
SSP585,IFE,Joint analytic covariance,1,IE,2095,-0.01588071714308314,-0.06645592222037629,-0.05335345236487876,-0.03968879019770326,-0.02448380025649307,-0.00837973536999131,0.00766283460670641,0.03496464622908223,0.05589658386717196,0.07742791504102169,0.386,L = 1
SSP585,IFE,Joint analytic covariance,1,IE,2096,-0.01685848350247953,-0.06825687493084792,-0.0551746095192115,-0.04098027979718317,-0.02542902562136148,-0.00941679865819378,0.00728513387218607,0.03498416107882664,0.057109605849918,0.08123202275549261,0.386,L = 1
SSP585,IFE,Joint analytic covariance,1,IE,2097,-0.01688230798387546,-0.06984817456326953,-0.05558466533809154,-0.04121547284428943,-0.02516742998620524,-0.00900823994474198,0.00787048475253118,0.03680745057282282,0.06077492496529587,0.08776328375504396,0.386,L = 1
SSP585,IFE,Joint analytic covariance,1,IE,2098,-0.01689699216319307,-0.0712399429180051,-0.05573144421420553,-0.04174543964443731,-0.02491812052054573,-0.00840646895603519,0.00886348290634497,0.0387745579547732,0.06581546946120576,0.09717559020092736,0.386,L = 1
SSP585,IFE,Joint analytic covariance,1,IE,2099,-0.01690266678805885,-0.0725096980884087,-0.05609218340895531,-0.04178017634188203,-0.02493827852673147,-0.00830119021996084,0.00984527840746818,0.04200646749180031,0.06889139732701152,0.10627162387164972,0.386,L = 1
SSP585,IFE,Joint analytic covariance,1,IE,2100,-0.01689946355929561,-0.07376808076061832,-0.05646772792479096,-0.04208921646746123,-0.02482366684330714,-0.00809256893044568,0.01083347146068278,0.04415990911784087,0.07295699737683002,0.1103140184701688,0.386,L = 1
SSP585,IFE,Joint analytic covariance,2,IE,2021,1.930379090298029e-5,-2.4783939249967136e-5,-1.7819915671801746e-5,-8.682546950833367e-6,4.7821505635425865e-6,2.0330804816337533e-5,3.644352493320513e-5,5.069416914269543e-5,5.7993047744281366e-5,6.540164133467252e-5,0.78,L = 2
SSP585,IFE,Joint analytic covariance,2,IE,2022,4.5104589037614495e-5,-8.544242815700653e-5,-6.584056744600164e-5,-3.8800913137704286e-5,1.5098994010365183e-6,4.7496422742321354e-5,9.224847422223403e-5,1.3254883782876092e-4,1.5445131265563457e-4,1.7595717722915233e-4,0.78,L = 2
SSP585,IFE,Joint analytic covariance,2,IE,2023,7.535976559536195e-5,-1.947432619617745e-4,-1.5067375371746738e-4,-1.0115089602140692e-4,-1.3655189006200883e-5,7.960809983176276e-5,1.6816534432714805e-4,2.5418557817369347e-4,2.908956779359316e-4,3.317649185400951e-4,0.78,L = 2
SSP585,IFE,Joint analytic covariance,2,IE,2024,1.1075557040529647e-4,-3.6048670113411895e-4,-2.765693796693336e-4,-1.831341565123323e-4,-4.4120700337574315e-5,1.1798178944066871e-4,2.693037202202708e-4,4.127640927225728e-4,4.919592267028039e-4,5.476620771411061e-4,0.78,L = 2
SSP585,IFE,Joint analytic covariance,2,IE,2025,1.519635411316722e-4,-5.638021719961362e-4,-4.451439676629809e-4,-2.9734800820350186e-4,-8.989103952550259e-5,1.5264443547891027e-4,3.944780338404896e-4,6.162162903718404e-4,7.259599059484755e-4,8.2820099697313e-4,0.78,L = 2
SSP585,IFE,Joint analytic covariance,2,IE,2026,1.879777129804028e-4,-8.444782732956845e-4,-6.826422312889047e-4,-4.65441262700772e-4,-1.5237961087899432e-4,1.9343873990940175e-4,5.537380125158198e-4,8.397283340220719e-4,0.00100446361433165,0.00113033953520179,0.78,L = 2
SSP585,IFE,Joint analytic covariance,2,IE,2027,2.411101320193287e-4,-0.00115222374220145,-9.62367113098389e-4,-6.5150559249324e-4,-2.2294000825515137e-4,2.4759277559516235e-4,7.341474768544076e-4,0.00113733162651414,0.00136040695564097,0.00151387757336199,0.78,L = 2
SSP585,IFE,Joint analytic covariance,2,IE,2028,3.027007785041391e-4,-0.00149908448167858,-0.00126564993112027,-8.7422911118199e-4,-3.076590226931408e-4,3.0312425046841174e-4,9.2563326688877e-4,0.00147642866837967,0.00175590732178832,0.00196257401893182,0.78,L = 2
SSP585,IFE,Joint analytic covariance,2,IE,2029,3.736241176848232e-4,-0.00188650297517567,-0.00161615127334521,-0.00113042163764633,-3.9211144997750025e-4,3.7834725152668947e-4,0.00115525300399071,0.00184959550753516,0.00220920356990348,0.00247927377596583,0.78,L = 2
SSP585,IFE,Joint analytic covariance,2,IE,2030,4.547483872456848e-4,-0.00231093631352585,-0.00195877754575919,-0.00140910192226945,-4.8379084552407914e-4,4.8652696792944594e-4,0.00141131594124049,0.00226632168529354,0.00270846182123298,0.00308229438521633,0.78,L = 2
SSP585,IFE,Joint analytic covariance,2,IE,2031,5.162503388954631e-4,-0.0027951609323069,-0.00235197853203916,-0.0017360079910539,-6.076392366962946e-4,5.436498471153017e-4,0.00165987917161469,0.00269176840137119,0.00325585312663851,0.00370945535818497,0.78,L = 2
SSP585,IFE,Joint analytic covariance,2,IE,2032,6.183933337114977e-4,-0.00327264203818675,-0.00278351848665276,-0.00201013586738425,-7.167867643024239e-4,6.239292626775139e-4,0.00197238000472985,0.00320888952123165,0.00383448438213048,0.00442358164889729,0.78,L = 2
SSP585,IFE,Joint analytic covariance,2,IE,2033,7.340919202994955e-4,-0.00379516696372256,-0.00325089288118474,-0.00237297632508846,-8.090578849387631e-4,7.374827584961108e-4,0.00230999385967539,0.0037610190549397,0.00454316053184053,0.00524019015930051,0.78,L = 2
SSP585,IFE,Joint analytic covariance,2,IE,2034,8.643545209908732e-4,-0.00434504990347707,-0.00372634373370702,-0.00272073040903392,-9.201822825392614e-4,8.465876548368612e-4,0.00270083318566932,0.00438495607909127,0.00525491873639284,0.00606813457612419,0.78,L = 2
SSP585,IFE,Joint analytic covariance,2,IE,2035,0.00101017798119951,-0.0048888147006259,-0.00418932034815303,-0.00306133070859163,-0.00100830499742782,9.97073808864879e-4,0.00310401875583479,0.00506495663322867,0.00599649726170504,0.00690201894862381,0.78,L = 2
SSP585,IFE,Joint analytic covariance,2,IE,2036,0.00111868501350298,-0.00552994949126091,-0.0047466939294757,-0.00345876453325808,-0.00115022535709982,0.00112297074248307,0.00349000995590853,0.00571353750966793,0.00680130668648081,0.00783074859786465,0.78,L = 2
SSP585,IFE,Joint analytic covariance,2,IE,2037,0.00129546897417509,-0.00611858275625251,-0.005277935560151,-0.00385760268228645,-0.0012491895288843,0.00128802060709587,0.00393437661641246,0.0064357265734988,0.00767247944585907,0.00887353554840234,0.78,L = 2
SSP585,IFE,Joint analytic covariance,2,IE,2038,0.00149113325203908,-0.00671206430870724,-0.00573683949163887,-0.00416007952121547,-0.00133771590497114,0.00145826085782974,0.00443672042843498,0.00724432354164734,0.00860650743343092,0.01000654100922952,0.78,L = 2
SSP585,IFE,Joint analytic covariance,2,IE,2039,0.00170666973230371,-0.00739744355855397,-0.00620115696425459,-0.00450193842388467,-0.00144590988878529,0.00167332296532074,0.00497728726268564,0.00809223024488665,0.00959997561945553,0.01117505149621246,0.78,L = 2
SSP585,IFE,Joint analytic covariance,2,IE,2040,0.00194303927114158,-0.00810811780913246,-0.00671094317593672,-0.00478172849601771,-0.00146935431559658,0.00192575727621052,0.00551667711866771,0.00895620766612175,0.01075346958089351,0.01240205972980061,0.78,L = 2
SSP585,IFE,Joint analytic covariance,2,IE,2041,0.00211334185532852,-0.00896968476398532,-0.00744204672844246,-0.00519898831281485,-0.00159360400340247,0.00204922912074817,0.00603634116030965,0.00974995918586637,0.01188727767625401,0.01354076070552537,0.78,L = 2
SSP585,IFE,Joint analytic covariance,2,IE,2042,0.00238477542181525,-0.00966811998646875,-0.00804829806828213,-0.00548704970285699,-0.00173626052993147,0.00240786909112367,0.00671764621969667,0.01059099652748917,0.01299363714925209,0.01498986766958372,0.78,L = 2
SSP585,IFE,Joint analytic covariance,2,IE,2043,0.00267890463483611,-0.01036509947601458,-0.00863452644655985,-0.00591984082469475,-0.00178043881935352,0.00271262721692006,0.00738108092826328,0.011571885574774749,0.01418447523909034,0.01643797684372528,0.78,L = 2
SSP585,IFE,Joint analytic covariance,2,IE,2044,0.00299647279964487,-0.01108253690674024,-0.0091680889807853,-0.00613968005889233,-0.00178781947352957,0.00304433262524161,0.00811283511870097,0.01264455385081547,0.01554178458502296,0.01794227888345216,0.78,L = 2
SSP585,IFE,Joint analytic covariance,2,IE,2045,0.00333816828131205,-0.01174425449089393,-0.00968950593934713,-0.00641898123870015,-0.00186590927898883,0.00348725467853416,0.00889577270032873,0.01379780984521583,0.01688666918338433,0.01950825111352325,0.78,L = 2
SSP585,IFE,Joint analytic covariance,2,IE,2046,0.00357195163001688,-0.01260254003859308,-0.01042089477603243,-0.00682736665861702,-0.00199832988413414,0.00371892729992784,0.00957493591356564,0.01482815214573298,0.01836991647516013,0.02103197530077053,0.78,L = 2
SSP585,IFE,Joint analytic covariance,2,IE,2047,0.00395116714873156,-0.01329505646273601,-0.01093792796214764,-0.00714938858775053,-0.00207223632700118,0.00421016210265917,0.01053418802986141,0.01607929232359008,0.0198058328169949,0.02274336025118523,0.78,L = 2
SSP585,IFE,Joint analytic covariance,2,IE,2048,0.00435522005992805,-0.01397237174132539,-0.01160093679289731,-0.0074964608304355,-0.00194365845514118,0.00470389843837137,0.01142624948314635,0.0174045073583691,0.02122520991173184,0.02465961554368997,0.78,L = 2
SSP585,IFE,Joint analytic covariance,2,IE,2049,0.00478448741686832,-0.01463234317821058,-0.01225358367370624,-0.00764710193534916,-0.00200558128475841,0.00516678717772978,0.01237214355212956,0.01868646269971206,0.02282976347258838,0.02653180638186214,0.78,L = 2
SSP585,IFE,Joint analytic covariance,2,IE,2050,0.00523927305237681,-0.01523092477163313,-0.01270938244118536,-0.00774771976594181,-0.00185790916482841,0.0058330904140032,0.01334206335682802,0.01997122291238573,0.02441549658926015,0.02855854512789787,0.78,L = 2
SSP585,IFE,Joint analytic covariance,2,IE,2051,0.00550967145169944,-0.01613202632616265,-0.01338491077482682,-0.00818087305264789,-0.00193354224593444,0.00613689564060182,0.01409166598894007,0.02127557186403523,0.02596501034902473,0.0305472767701604,0.78,L = 2
SSP585,IFE,Joint analytic covariance,2,IE,2052,0.00599104148821383,-0.01680322330827421,-0.01377341954222401,-0.00834380121012857,-0.00157383145986655,0.00658886817680859,0.01513833510241938,0.02288252057546649,0.02755801251669359,0.03255036423729771,0.78,L = 2
SSP585,IFE,Joint analytic covariance,2,IE,2053,0.00649637707784411,-0.01746267580074741,-0.01406029606664499,-0.00844724313965496,-0.00134792398523894,0.00738710158591565,0.0162116815742358,0.0243764430365866,0.02921483251607458,0.03509670896764384,0.78,L = 2
SSP585,IFE,Joint analytic covariance,2,IE,2054,0.00702561574232019,-0.01809656805698424,-0.01456712536545629,-0.00868677366079697,-0.00114909271101223,0.0081106726236721,0.01731177288235219,0.0259802160802044,0.03112121356471785,0.0372143826508217,0.78,L = 2
SSP585,IFE,Joint analytic covariance,2,IE,2055,0.00757861782156921,-0.01874884770915891,-0.01497402726273191,-0.00892904922743823,-9.443524560173168e-4,0.0088457433841953,0.01850138647657034,0.02774346367378664,0.03321073103876027,0.03952785906856185,0.78,L = 2
SSP585,IFE,Joint analytic covariance,2,IE,2056,0.00785000592438722,-0.01988663088131304,-0.0158003360828919,-0.0094724488184894,-0.00111189924868077,0.00923939317567768,0.01936513407642065,0.02923287348033383,0.03501482884994288,0.04157837903112835,0.78,L = 2
SSP585,IFE,Joint analytic covariance,2,IE,2057,0.00841468393684419,-0.02047770278034122,-0.01622053442917394,-0.00966060619125944,-0.001037318681363,0.00989374631233741,0.02053071427984812,0.0309992051991878,0.03723945570243941,0.04432952579311041,0.78,L = 2
SSP585,IFE,Joint analytic covariance,2,IE,2058,0.00899998750077935,-0.02103484783737094,-0.01651170046217321,-0.0094912027437076,-9.05758544944707e-4,0.01047407311966441,0.02169658968899826,0.03287195847248475,0.03939618870308145,0.04667449269164118,0.78,L = 2
SSP585,IFE,Joint analytic covariance,2,IE,2059,0.00960546369702164,-0.02153208880986246,-0.01702420816549509,-0.00966977406205979,-6.514374822215452e-4,0.01104412484493183,0.02274704180951844,0.03471129577789605,0.04179587946857033,0.04913568329391364,0.78,L = 2
SSP585,IFE,Joint analytic covariance,2,IE,2060,0.01023059192556896,-0.0220753533782746,-0.01716847868495584,-0.00957944532909558,-2.3396773602543663e-4,0.01181739363426054,0.02408980918004139,0.03688196163762333,0.04443384989712486,0.0522150846773141,0.78,L = 2
SSP585,IFE,Joint analytic covariance,2,IE,2061,0.0104438355319002,-0.02317592330873897,-0.01811646619986349,-0.01004726524131611,-2.4017539846807323e-4,0.01206987756254929,0.02496520916908873,0.03840804324752408,0.04668461690069824,0.054533525094327,0.78,L = 2
SSP585,IFE,Joint analytic covariance,2,IE,2062,0.01106028976256068,-0.02376499912234338,-0.01840871015754459,-0.01008909361224576,1.0254975786380682e-4,0.01295771915979487,0.02653502448116454,0.0405129898743727,0.04932471142376805,0.0577120148308214,0.78,L = 2
SSP585,IFE,Joint analytic covariance,2,IE,2063,0.01169200589316799,-0.02405845874748541,-0.0189351245966674,-0.01013867212740757,3.620345261319269e-4,0.01374766517942632,0.02803628811056605,0.04242968607985623,0.05231193503513597,0.06128107098108604,0.78,L = 2
SSP585,IFE,Joint analytic covariance,2,IE,2064,0.01233824220205848,-0.0245007744822967,-0.01951673174283507,-0.01036166391577876,8.224562669738866e-4,0.01487189838290559,0.0292253900243638,0.04460502930508651,0.05581996056312965,0.06456240808343947,0.78,L = 2
SSP585,IFE,Joint analytic covariance,2,IE,2065,0.01299820869960766,-0.02490948808975656,-0.01992765089153248,-0.0107500333183595,0.0013754429160703,0.01584045168752279,0.03070917274258311,0.04696655013669396,0.05904775963957492,0.06799711251331383,0.78,L = 2
SSP585,IFE,Joint analytic covariance,2,IE,2066,0.01311987171124406,-0.02592200352807766,-0.02048589824492321,-0.01105699205721556,0.00108487089068692,0.01605818633182254,0.03190057246365205,0.04903712408371537,0.06104338659628233,0.07032197391918545,0.78,L = 2
SSP585,IFE,Joint analytic covariance,2,IE,2067,0.0137546160102836,-0.02635105128043442,-0.02113949919883194,-0.01139224502385284,0.00137992875769568,0.01731390139320637,0.0333962245128884,0.05103464658137999,0.0640220216677104,0.07387674843959066,0.78,L = 2
SSP585,IFE,Joint analytic covariance,2,IE,2068,0.01439834535118733,-0.02718001339928335,-0.0211394907729578,-0.01170515912886535,0.00181507264521765,0.01805960015282198,0.03477300691757887,0.05352820129131935,0.06634968714783372,0.07754529101688387,0.78,L = 2
SSP585,IFE,Joint analytic covariance,2,IE,2069,0.01505015852730629,-0.02741659509095571,-0.0214593143124659,-0.01186152484703054,0.00212407023713667,0.01890459189271509,0.03665793382909155,0.0561770520945242,0.06939942568506162,0.0814731367310182,0.78,L = 2
SSP585,IFE,Joint analytic covariance,2,IE,2070,0.01570912952893077,-0.02758718512861379,-0.02173395245607485,-0.01170158279919078,0.00262738832409695,0.02014461846824661,0.03865541387590729,0.05908218132379796,0.07341440954715378,0.0859422987917709,0.78,L = 2
SSP585,IFE,Joint analytic covariance,2,IE,2071,0.0156894881022469,-0.02891110910234198,-0.02357946247920749,-0.01263682478084576,0.00243862799312472,0.0204278946105581,0.03948444578745941,0.06145327412795711,0.07596033369904298,0.09003250580230163,0.78,L = 2
SSP585,IFE,Joint analytic covariance,2,IE,2072,0.01630910385705231,-0.02958957357896909,-0.02407512277170623,-0.01309083981037629,0.00281541821061959,0.02155270661017178,0.04155151311770574,0.06366334727994179,0.07993342214884762,0.0952174871646265,0.78,L = 2
SSP585,IFE,Joint analytic covariance,2,IE,2073,0.01693138655028436,-0.03026079909743109,-0.02465960836241977,-0.01319354944537545,0.00304061652494797,0.02231573167338202,0.04312457783558784,0.06664430817733782,0.08495533309461945,0.10012478606618212,0.78,L = 2
SSP585,IFE,Joint analytic covariance,2,IE,2074,0.01755541414287098,-0.03091857287797723,-0.02512264067835465,-0.01354342220783136,0.00335551820991028,0.0232676674760402,0.04474192148945094,0.06911490427797201,0.08888196599412704,0.10526644994446016,0.78,L = 2
SSP585,IFE,Joint analytic covariance,2,IE,2075,0.01818026372556769,-0.03173498605093634,-0.02550047465120779,-0.01401894943501046,0.00356103758791587,0.02409495868602146,0.04659692964920395,0.07283976625380188,0.09382495638354484,0.11060486752353033,0.78,L = 2
SSP585,IFE,Joint analytic covariance,2,IE,2076,0.01796151580555738,-0.0332383195137078,-0.02658120022449781,-0.01490398023325519,0.00300320485126801,0.02412014525752576,0.0478761878861022,0.07485155887720524,0.0966493933899686,0.11410604093054932,0.78,L = 2
SSP585,IFE,Joint analytic covariance,2,IE,2077,0.01853440218503677,-0.03436198039509687,-0.02682259197029272,-0.01508388884300802,0.00314002379200725,0.0252652354134073,0.04949168702872975,0.07802697841041878,0.10164797623693188,0.11781672851909832,0.78,L = 2
SSP585,IFE,Joint analytic covariance,2,IE,2078,0.01910449670597025,-0.03488793422610865,-0.02762996391733849,-0.01522634119217529,0.00350350650596273,0.02593919527657839,0.05147671248411561,0.0828967901800872,0.1063535212200267,0.1242646815448098,0.78,L = 2
SSP585,IFE,Joint analytic covariance,2,IE,2079,0.01967100252128961,-0.0361929817295332,-0.02822028558781739,-0.01521684409658247,0.00382256406578257,0.02686519854995933,0.05360926978157748,0.08669901088571225,0.11091662062522303,0.13146045955679211,0.78,L = 2
SSP585,IFE,Joint analytic covariance,2,IE,2080,0.02023314323038283,-0.03724295844950531,-0.02825812916443767,-0.01511420653888515,0.00395241914392682,0.02809893259405205,0.05557785057939177,0.09007389307139728,0.1156760824428951,0.13794280237182885,0.78,L = 2
SSP585,IFE,Joint analytic covariance,2,IE,2081,0.01979253893164523,-0.04103051180551387,-0.02976660937954037,-0.01631433311490318,0.00333878263477294,0.02794310724869803,0.05676552612473334,0.09257155602835236,0.1192268063052954,0.14233721281690878,0.78,L = 2
SSP585,IFE,Joint analytic covariance,2,IE,2082,0.02029981322030416,-0.04207003864450702,-0.03027775554270621,-0.01612098102543645,0.00352762711803927,0.02891238224239162,0.05897959329319421,0.0964985322557186,0.12455753080045968,0.1503263000842997,0.78,L = 2
SSP585,IFE,Joint analytic covariance,2,IE,2083,0.02080032798375408,-0.04253899141960669,-0.03044194055248977,-0.01622128867147268,0.00378783588745965,0.02966524933946607,0.0609742774521175,0.10077653611234576,0.12979164940314572,0.15572232409045272,0.78,L = 2
SSP585,IFE,Joint analytic covariance,2,IE,2084,0.02129350352394909,-0.04228734806386248,-0.0306137857544192,-0.01637882237992594,0.00404693498013752,0.03045482808826422,0.06311183922243377,0.10489001711626587,0.13521385887670334,0.16123674093631976,0.78,L = 2
SSP585,IFE,Joint analytic covariance,2,IE,2085,0.02177879671239002,-0.0419439048813127,-0.03129935232622904,-0.01637698587862762,0.00420329321840445,0.03132344687943278,0.06506924232092356,0.10934602584508092,0.14187990660443422,0.1709494258014596,0.78,L = 2
SSP585,IFE,Joint analytic covariance,2,IE,2086,0.0211189522249966,-0.04409764347461031,-0.03358152962274247,-0.01815518994292654,0.00327290736222274,0.03101419976548553,0.06578991329335682,0.11240646671120176,0.14513488177676884,0.17712166521356645,0.78,L = 2
SSP585,IFE,Joint analytic covariance,2,IE,2087,0.02154704571588617,-0.04520223561471396,-0.03372467909569348,-0.01831288982193256,0.00341698956713137,0.03160952894709912,0.06744735104046409,0.11691380128941076,0.15019447513640832,0.18412287735427835,0.78,L = 2
SSP585,IFE,Joint analytic covariance,2,IE,2088,0.02196598384054604,-0.04527452641404352,-0.03433909224609463,-0.01829849618051322,0.00363033479810201,0.03251461507496955,0.06985258683070159,0.1208537296990196,0.15722763922332697,0.19131173072819496,0.78,L = 2
SSP585,IFE,Joint analytic covariance,2,IE,2089,0.02237546302140147,-0.04544059744932157,-0.03458259553061382,-0.01837288124196878,0.00404388798878271,0.03310386125034803,0.07205903684638673,0.12621310806662245,0.16184857739878758,0.1996317681432796,0.78,L = 2
SSP585,IFE,Joint analytic covariance,2,IE,2090,0.02277522687894584,-0.04622679490502249,-0.03485777048597247,-0.01822410688106772,0.00449949926980555,0.03403771247566428,0.074213855119487665,0.13193229479488996,0.1684765898869836,0.20755730376119227,0.78,L = 2
SSP585,IFE,Joint analytic covariance,2,IE,2091,0.02189642841416328,-0.04912033943449824,-0.0371151620333849,-0.02033025321145895,0.0030483477302603,0.0334862880974372,0.07456633300670154,0.13489011046495528,0.17295624748683772,0.2136142534436536,0.78,L = 2
SSP585,IFE,Joint analytic covariance,2,IE,2092,0.02223773996523914,-0.04979227300687309,-0.03729082608440165,-0.02034463493831643,0.00316466909060181,0.03443133219183447,0.07737792684316391,0.14262042091227886,0.18191455700780532,0.22187457037254435,0.78,L = 2
SSP585,IFE,Joint analytic covariance,2,IE,2093,0.02256908386566158,-0.05053965207420195,-0.03841747491492319,-0.02041909349209497,0.00387502951667478,0.03612675042566349,0.07988722180922,0.14836808861660838,0.1891253342035057,0.232666974819027,0.78,L = 2
SSP585,IFE,Joint analytic covariance,2,IE,2094,0.02289045792357746,-0.05067514545943921,-0.03864015745785158,-0.02059116995477934,0.00407029806484374,0.03742798814653564,0.08292921437569001,0.15337355097070166,0.19966570206514375,0.24801128636733932,0.78,L = 2
SSP585,IFE,Joint analytic covariance,2,IE,2095,0.02320191229291512,-0.05136765662649859,-0.03855209140789312,-0.02071996096126376,0.00434891807446768,0.03852224216477468,0.08565766240058831,0.15929672786074567,0.2092202007164305,0.25837522345939495,0.78,L = 2
SSP585,IFE,Joint analytic covariance,2,IE,2096,0.02213471319453108,-0.054030507082052,-0.04081682868312483,-0.02294361691176049,0.00294083042903264,0.03740699794652169,0.08637979784256994,0.16303594009613756,0.2137439565710239,0.26230546952941547,0.78,L = 2
SSP585,IFE,Joint analytic covariance,2,IE,2097,0.02238622175739935,-0.05475388638785106,-0.04123688460328043,-0.02294709215512289,0.00325115418258875,0.03895141339592795,0.09005869479493467,0.17077594526923431,0.22511085182978535,0.2721025221291299,0.78,L = 2
SSP585,IFE,Joint analytic covariance,2,IE,2098,0.02262871209205641,-0.05544955119470488,-0.04136461649335302,-0.02312364594612681,0.00338924783847274,0.04021176823875749,0.09301774775596848,0.177014312872354,0.2364771769153339,0.2900170062696173,0.78,L = 2
SSP585,IFE,Joint analytic covariance,2,IE,2099,0.02286250195930717,-0.056114922138183,-0.04104182565346752,-0.02329471984998614,0.00372517381645109,0.04117998773608655,0.09563935910717808,0.1856013253875492,0.24840839257015387,0.3044614202385767,0.78,L = 2
SSP585,IFE,Joint analytic covariance,2,IE,2100,0.02308796145356662,-0.05659853853717121,-0.04127064685176439,-0.02308071737722481,0.0046289227580212,0.0422411899679449,0.09867473415936262,0.19155336976485873,0.26204110012302184,0.3243553913363587,0.78,L = 2
