ssp,estimator,method,L,component,year,point,q025,q05,q10,q25,q50,q75,q90,q95,q975
SSP585,AFE,Country resampling,0,M8,2021,-3.580295461824701e-5,-2.7987776396393437e-4,-2.3855583852799289e-4,-2.0106354408663262e-4,-1.2005576009974095e-4,-2.832613514791582e-5,5.0169125257848446e-5,1.24807187562559e-4,1.7616118800531917e-4,2.1799918580185922e-4
SSP585,AFE,Country resampling,0,M8,2022,-1.1628852913803112e-4,-8.493867781861869e-4,-7.263879515082783e-4,-6.10819338205415e-4,-3.7083224946204973e-4,-9.50689504667368e-5,1.434133260467818e-4,3.6551671121802813e-4,5.197428773338724e-4,6.462691160695199e-4
SSP585,AFE,Country resampling,0,M8,2023,-2.501962541585634e-4,-0.0017141799021299197,-0.0014742683648929446,-0.0012392541439590788,-7.605660190703745e-4,-2.1247277263503062e-4,2.692685114322746e-4,7.151921806372921e-4,0.0010263360291381408,0.0012797839017765931
SSP585,AFE,Country resampling,0,M8,2024,-4.461130653229395e-4,-0.0028916349140232387,-0.0024910383238437193,-0.0021017496945489153,-0.0012913864261326902,-3.8848039993932826e-4,4.2381053216966613e-4,0.0011659656343337545,0.001690770119146755,0.0021134714595029136
SSP585,AFE,Country resampling,0,M8,2025,-7.124600653541924e-4,-0.004387964167011596,-0.0037857405418266817,-0.0032079056270920337,-0.0019840599580787377,-6.088864191325927e-4,5.799612349302596e-4,0.001715053716329962,0.0025148345720225835,0.0031206714761482673
SSP585,AFE,Country resampling,0,M8,2026,-0.001120456238030032,-0.00628948755347101,-0.0054400401825503595,-0.004630891525688607,-0.002915199228118004,-9.439364981246867e-4,6.942929249937335e-4,0.0022794944726787234,0.0034169138685629635,0.004237681889350062
SSP585,AFE,Country resampling,0,M8,2027,-0.0015758268081766946,-0.00847963798338556,-0.007343541796874458,-0.006243589577972087,-0.003988851806596999,-0.0013473088440156267,8.678799481696697e-4,0.0029950629794737397,0.004483839505894556,0.005584728049328956
SSP585,AFE,Country resampling,0,M8,2028,-0.002130497069404602,-0.011024567981300897,-0.009554520349113456,-0.008134535109289343,-0.005257669554066674,-0.0018539064565529229,0.0010450824620725219,0.003777255837632399,0.005688841911396232,0.007097607193729731
SSP585,AFE,Country resampling,0,M8,2029,-0.0027924741713031276,-0.013912979426610073,-0.012080241372649968,-0.01028070178920195,-0.006719974272507312,-0.002463199554103346,0.0012114790475531434,0.00460288757699945,0.007016485840464365,0.008770647109731914
SSP585,AFE,Country resampling,0,M8,2030,-0.003569547013051233,-0.017140727158561457,-0.014927354819079947,-0.012700413367489715,-0.00835803062437715,-0.0031715821672251288,0.0013404920331726022,0.005543868288683853,0.008460905582212668,0.010598479638805662
SSP585,AFE,Country resampling,0,M8,2031,-0.004605257833709908,-0.020794239845322155,-0.018257768511697945,-0.015575083794909572,-0.010338441292151196,-0.00411457388869485,0.001373814160249509,0.006459570075505107,0.009899847298509944,0.012383140571403446
SSP585,AFE,Country resampling,0,M8,2032,-0.0056578229476743624,-0.024711803158966778,-0.021791285842931794,-0.01863636080483072,-0.012392217395218535,-0.005083730536257436,0.0014722235427061525,0.00738216834451564,0.011468857996451464,0.014476931624132345
SSP585,AFE,Country resampling,0,M8,2033,-0.006848694710859582,-0.02898022216949299,-0.025663463541151878,-0.021991554347517275,-0.01465484924268376,-0.006199853966751878,0.0014811341678079848,0.008390542278762014,0.013104376818428376,0.016709469425659734
SSP585,AFE,Country resampling,0,M8,2034,-0.008184669163115,-0.03360061252787207,-0.029877679097669863,-0.025635765288786118,-0.0171496116994789,-0.007410234609856403,0.0014632199979218163,0.009471572103809623,0.014780198320289671,0.019076590508435073
SSP585,AFE,Country resampling,0,M8,2035,-0.009672289138148216,-0.038631058104363375,-0.034435205742579286,-0.029636544767471552,-0.019936549131589903,-0.00874922476738621,0.0013509854427258827,0.010543502744929725,0.016581715165045703,0.02157438403257693
SSP585,AFE,Country resampling,0,M8,2036,-0.011526046639014687,-0.04421307701104239,-0.03961033186145016,-0.034123244998181715,-0.02304570394783753,-0.010435930090805456,9.495530771460037e-4,0.011400658991795189,0.018116011796620386,0.0238850332063342
SSP585,AFE,Country resampling,0,M8,2037,-0.013349151181536678,-0.05002658622623804,-0.044880211790792546,-0.038587518172854184,-0.02627125397683147,-0.012114820090295464,7.077436136640469e-4,0.012357715534625908,0.019978613867906937,0.026616532074080664
SSP585,AFE,Country resampling,0,M8,2038,-0.015339683288931094,-0.05620919519962159,-0.05047767183466905,-0.043481462378822555,-0.029762598912140503,-0.013926859839551609,4.3574855970401893e-4,0.013462160167937758,0.02188821634749636,0.029470177915912766
SSP585,AFE,Country resampling,0,M8,2039,-0.01750278505186753,-0.06275928904158604,-0.05641214033190631,-0.048698439029791984,-0.03339426251809971,-0.0158969070713727,1.5921214967368202e-4,0.014633128713718736,0.02389040177812928,0.03244328836256498
SSP585,AFE,Country resampling,0,M8,2040,-0.019843311009874465,-0.06966802211544156,-0.06271873079241924,-0.05419347910678883,-0.03735030708109574,-0.018007147132868606,-2.835742278838038e-4,0.015692323434846504,0.02620229431321889,0.035504654543210216
SSP585,AFE,Country resampling,0,M8,2041,-0.02254746710135558,-0.0770747520585357,-0.0695468736929286,-0.060161353970565476,-0.04167640164822323,-0.02058591985588848,-9.519030649298987e-4,0.01657390935315513,0.02823193764806056,0.038382622908118266
SSP585,AFE,Country resampling,0,M8,2042,-0.025236211618313686,-0.08468571075407699,-0.07649110970218527,-0.06633362119926738,-0.04610886282020166,-0.02310730674914757,-0.0016713359314143028,0.017565475492292714,0.030455936087624293,0.041617627943112134
SSP585,AFE,Country resampling,0,M8,2043,-0.028107882081142677,-0.09264207539213047,-0.08366982018519306,-0.0727993879259327,-0.05078950106921831,-0.025793999604624196,-0.002506728087597526,0.018525332286491652,0.032878009240629294,0.04515490859597849
SSP585,AFE,Country resampling,0,M8,2044,-0.031165583294699206,-0.1009381065357127,-0.09114324759810108,-0.07957320413481811,-0.05556283014650179,-0.02863816659207824,-0.003455892061611371,0.01944974052837612,0.03536017444659288,0.048730638829901904
SSP585,AFE,Country resampling,0,M8,2045,-0.03441211195140448,-0.10956738295517583,-0.09894890135237192,-0.08663585373732419,-0.0607496242622583,-0.031642757772357366,-0.00452317614975406,0.020501403092223525,0.037889705249326285,0.052414272860200485
SSP585,AFE,Country resampling,0,M8,2046,-0.0378334264237129,-0.11842442800967035,-0.10710530447507852,-0.09388701975949956,-0.06611062160749148,-0.03478917224016187,-0.005588353995294865,0.021431157690826975,0.04038302862322615,0.05598631991509799
SSP585,AFE,Country resampling,0,M8,2047,-0.04140155788903199,-0.12764301988523086,-0.11548396009148987,-0.10130018308422646,-0.0717445613415455,-0.03807888877211962,-0.00669207322533702,0.022412841653425702,0.04304307216453777,0.05995257820160425
SSP585,AFE,Country resampling,0,M8,2048,-0.045154608499535454,-0.13716237468851666,-0.12415355913571223,-0.10896667197012011,-0.07759662226253805,-0.04157542660150826,-0.007947739723098146,0.02335796240289678,0.04575258876337444,0.06400200829444962
SSP585,AFE,Country resampling,0,M8,2049,-0.049093608515827,-0.14697328888474534,-0.13314041341930138,-0.11688765055359804,-0.08366104116315756,-0.04519013333009114,-0.0091953586814926,0.02429021709225179,0.04850821110570265,0.06797999904970471
SSP585,AFE,Country resampling,0,M8,2050,-0.05321928278830712,-0.156998342913072,-0.14240026255420293,-0.1251429309311225,-0.09000635273281954,-0.04896305973864484,-0.010617085563027207,0.02510105291043252,0.051031447376713154,0.07204092785327106
SSP585,AFE,Country resampling,0,M8,2051,-0.05707165539324677,-0.16686854185949201,-0.15140160965427302,-0.1331323429517223,-0.09604437036136071,-0.05248029796822551,-0.011702775113407116,0.026411287773174183,0.05403578247669745,0.0765258950324295
SSP585,AFE,Country resampling,0,M8,2052,-0.06143327209329441,-0.17733407355267317,-0.1610875459521198,-0.14180395755076633,-0.10254275361634119,-0.05643488701531907,-0.013280100045286958,0.027302645333314682,0.05673793004844062,0.0808958498720238
SSP585,AFE,Country resampling,0,M8,2053,-0.06596603367172671,-0.18792136907024193,-0.17103703638100956,-0.15085286808599394,-0.10922760976768081,-0.06062401696473951,-0.015003236274424792,0.028171903651113106,0.060044982191782725,0.08536035850469845
SSP585,AFE,Country resampling,0,M8,2054,-0.0706688368358449,-0.19873171174704907,-0.18120290046649987,-0.16013284996809485,-0.11623778637442098,-0.0649394455177002,-0.016780120723661696,0.029019274663432525,0.06343477799774835,0.08991828163384519
SSP585,AFE,Country resampling,0,M8,2055,-0.07554029897306913,-0.2097545684850816,-0.19157179905368188,-0.16963528292289934,-0.1234576920605884,-0.06922243672956946,-0.01861818512819438,0.029845275541344883,0.06687478213175689,0.09456673617761653
SSP585,AFE,Country resampling,0,M8,2056,-0.07951262904260692,-0.22044223761346854,-0.200935390905461,-0.1781294856338413,-0.12966330460039113,-0.07283535587491163,-0.019161961512235176,0.031725243116308983,0.07089894659196064,0.10023105412714764
SSP585,AFE,Country resampling,0,M8,2057,-0.08451044321449319,-0.23175797783351534,-0.21134376661999196,-0.18782131506580374,-0.1370735448249248,-0.0774822101237786,-0.020867224750738184,0.032673837371829016,0.07521141763840229,0.10527644898573907
SSP585,AFE,Country resampling,0,M8,2058,-0.08965221421707925,-0.24324473469489308,-0.22199192324524464,-0.19767126451489536,-0.14464475296976276,-0.08224602564582484,-0.02265608542227429,0.03360002689538046,0.07874720973764482,0.11043339153655246
SSP585,AFE,Country resampling,0,M8,2059,-0.09493487473083151,-0.2548910037703667,-0.2327684774122038,-0.20768505813330979,-0.15237011052794525,-0.08701044523971985,-0.024525534149127004,0.03459053610652596,0.08221191119591355,0.11570440334668991
SSP585,AFE,Country resampling,0,M8,2060,-0.10035512756853582,-0.26668513694669144,-0.24363318109193013,-0.21785228463046152,-0.16024256600129086,-0.0919280763570639,-0.026449491225592425,0.03584909316105357,0.08573248878572796,0.12109058330259304
SSP585,AFE,Country resampling,0,M8,2061,-0.10407693753617786,-0.27653338832529056,-0.25258591445894346,-0.22601447956188778,-0.1660834876326212,-0.09538006130406179,-0.02695817376106957,0.0395065395677534,0.09084053121084654,0.12834299071426597
SSP585,AFE,Country resampling,0,M8,2062,-0.10948573428943797,-0.2875155999202909,-0.2633930166484659,-0.23568011498272937,-0.17382208505615385,-0.10025507766732422,-0.028944451556607714,0.0412379164145282,0.0947595729032795,0.13428109422953097
SSP585,AFE,Country resampling,0,M8,2063,-0.11500028169055898,-0.2988048085816425,-0.27427078030829793,-0.24547715286444982,-0.18145213081886669,-0.1051814864639189,-0.031071574696206694,0.04305398131715273,0.09876350311927105,0.1403687089162482
SSP585,AFE,Country resampling,0,M8,2064,-0.12061598133652796,-0.31062064713119797,-0.28520684385953393,-0.25535659701877894,-0.18876003214000053,-0.11043168370913964,-0.033287588986992855,0.044962400722538064,0.10287530516719044,0.1466093524068876
SSP585,AFE,Country resampling,0,M8,2065,-0.12632807844007377,-0.32247862952606554,-0.29618895285475555,-0.2652416197804342,-0.19659799219214663,-0.11578383409782117,-0.035301021003944943,0.04697134337251257,0.10707863121600605,0.1530068076168603
SSP585,AFE,Country resampling,0,M8,2066,-0.1296555104488747,-0.3320514690262898,-0.304620345085959,-0.27287237879471155,-0.20261332635308069,-0.11868831528808838,-0.03501463979511055,0.050478776070995504,0.1135677960609067,0.1620650952108199
SSP585,AFE,Country resampling,0,M8,2067,-0.1352660357248031,-0.34371855539592006,-0.31541017382923914,-0.2832401270633387,-0.21081565960721188,-0.12363384342315381,-0.03658681302225106,0.05208597457167628,0.1184877481968497,0.169135429428409
SSP585,AFE,Country resampling,0,M8,2068,-0.1409407995101376,-0.3553790342055744,-0.3262084604008571,-0.2936381983240206,-0.21909972520133714,-0.1286109596054219,-0.038470734429579656,0.05370384137048922,0.12320759455858513,0.17640458405977488
SSP585,AFE,Country resampling,0,M8,2069,-0.14667428525972903,-0.36702084704064264,-0.3371097919943361,-0.30327289428637805,-0.22727585258203697,-0.13397690200585705,-0.040411101593829046,0.05533237195485267,0.1282327542968491,0.1838790194810812
SSP585,AFE,Country resampling,0,M8,2070,-0.15246089867630397,-0.3792010029684205,-0.3480032044844355,-0.3130517984263562,-0.23516662671306868,-0.1389451868769372,-0.04216430221598316,0.056971612848897284,0.13336792001404957,0.19139158416586521
SSP585,AFE,Country resampling,0,M8,2071,-0.15512380069780873,-0.3882624663133164,-0.3556558672835423,-0.3198702673513446,-0.24028377833078418,-0.14079451507482488,-0.04072322701378889,0.06215230200482892,0.1416212416892913,0.2004743755319158
SSP585,AFE,Country resampling,0,M8,2072,-0.16073587859089733,-0.39964027985603184,-0.3661545124666249,-0.3301312951403572,-0.24853800106819415,-0.1459967993056816,-0.042208179611333246,0.06471252485300842,0.1473204249880612,0.20816402231376213
SSP585,AFE,Country resampling,0,M8,2073,-0.1663715452009018,-0.41144997939596895,-0.3765927961243717,-0.3404061632795658,-0.2564889998355586,-0.1511071628105537,-0.04381777692206315,0.06773474902617771,0.1531970707357663,0.21600943417890203
SSP585,AFE,Country resampling,0,M8,2074,-0.1720249619732972,-0.4232298486037109,-0.38728851974518824,-0.35068698063837345,-0.2639018680021321,-0.15554087740426714,-0.04506246049842483,0.07092308051664963,0.15925914724145956,0.22401238859532374
SSP585,AFE,Country resampling,0,M8,2075,-0.17769028359158623,-0.4348631259777338,-0.3974463932207394,-0.3607630827073764,-0.27157746386860326,-0.16102909322661357,-0.04597533708198173,0.07434499922391516,0.16551507462359782,0.234093332002624
SSP585,AFE,Country resampling,0,M8,2076,-0.17940467170816365,-0.44454679103468864,-0.40441764799382585,-0.36687139635358235,-0.27677798721262203,-0.16313554215012227,-0.042892205060250155,0.08311087727712513,0.17631572525384795,0.2506542588093603
SSP585,AFE,Country resampling,0,M8,2077,-0.18483698646397106,-0.4561158496868225,-0.4152330526400036,-0.37703488613590674,-0.2850921302833379,-0.16857153824026005,-0.04376262708860154,0.08625229219134482,0.18386212871611485,0.263016625895343
SSP585,AFE,Country resampling,0,M8,2078,-0.1902555684018291,-0.46655522562227797,-0.42566695199567045,-0.3869058534565769,-0.2927570509309647,-0.17240259133862967,-0.044172073406774065,0.08951923892311617,0.19200849349099494,0.2740485581611281
SSP585,AFE,Country resampling,0,M8,2079,-0.19565468965734079,-0.476391937503288,-0.43647005719030896,-0.3965234835129103,-0.3009206090098082,-0.1764525480548076,-0.04513954384135849,0.09312755068192027,0.20071900585288743,0.2851329942816502
SSP585,AFE,Country resampling,0,M8,2080,-0.20102866711078082,-0.4860766158443181,-0.44695669832162516,-0.40557230347556505,-0.3086834865277445,-0.1810783462718064,-0.046749641484474636,0.09746189027700525,0.20978768541415113,0.29652805268824206
SSP585,AFE,Country resampling,0,M8,2081,-0.20156082735723768,-0.49256058585465007,-0.4536123580656509,-0.4104585276230016,-0.31099113999069355,-0.1807585803923571,-0.042147165429961275,0.10858551497748557,0.22438265653946468,0.31451210959517617
SSP585,AFE,Country resampling,0,M8,2082,-0.20662047111626425,-0.5031713283608442,-0.4635835361101441,-0.42006468765373944,-0.31792167636492097,-0.18550549552166445,-0.04230706796597161,0.11452920513430584,0.23419822762762593,0.3271396272996613
SSP585,AFE,Country resampling,0,M8,2083,-0.21163141757053117,-0.513660651173876,-0.47346655879012706,-0.4289380180404438,-0.3254008906927296,-0.18838771977164853,-0.04265453329631064,0.12034849211248802,0.24442658351878066,0.3402086368906082
SSP585,AFE,Country resampling,0,M8,2084,-0.21658826653427543,-0.5240228864514916,-0.4831506600157231,-0.43771102811234885,-0.3318939263690264,-0.19138375831304316,-0.04282213308018959,0.12638685940465216,0.25512628094287876,0.35373741445971946
SSP585,AFE,Country resampling,0,M8,2085,-0.2214856906103827,-0.5328008538465173,-0.4926620046211707,-0.4458958323213618,-0.3382112488086485,-0.1944391144518272,-0.04174128808399205,0.13153354747396498,0.26931821987222376,0.3677451023058354
SSP585,AFE,Country resampling,0,M8,2086,-0.22083422567473177,-0.5364001439848288,-0.498305627071427,-0.44898692967194737,-0.34129452131426363,-0.19057358968586707,-0.03625572384540654,0.14054174483565407,0.28780630649413114,0.3934628580503445
SSP585,AFE,Country resampling,0,M8,2087,-0.22536821325499712,-0.5452231382822411,-0.5080505654174788,-0.4567394710322491,-0.3477091052180866,-0.19418262975763045,-0.03542390544021656,0.14739787523749823,0.29894289510399163,0.41090227702220944
SSP585,AFE,Country resampling,0,M8,2088,-0.22982253683127307,-0.5553016137351438,-0.5177022063239802,-0.464996076444428,-0.3538238260591292,-0.19796254142248676,-0.034927559621511894,0.15273284600894996,0.3118697351511064,0.4342743667933756
SSP585,AFE,Country resampling,0,M8,2089,-0.2341922189434974,-0.5657123789667282,-0.5265296002930466,-0.47355810619750244,-0.3612249453749169,-0.2015626571037294,-0.0332526949896661,0.1582641534682817,0.32470105189917114,0.4590813087617714
SSP585,AFE,Country resampling,0,M8,2090,-0.23847235914436948,-0.5758874155349551,-0.5354232237096265,-0.4824777742035154,-0.3691887409634041,-0.20556883980969903,-0.03309522344731761,0.16400010848080399,0.3365970920065268,0.48507827510456214
SSP585,AFE,Country resampling,0,M8,2091,-0.2365278254792733,-0.5829145963465255,-0.5392695382497231,-0.48410958450216457,-0.36998641393133297,-0.20241879063294155,-0.026743518087119195,0.18088522736539364,0.35528526241905256,0.5169125954981441
SSP585,AFE,Country resampling,0,M8,2092,-0.24040719599090932,-0.5927140642017693,-0.5477345930968087,-0.4926310872353191,-0.3737496573836074,-0.2030705653708717,-0.025772469962510675,0.19148796029893334,0.3682344620940101,0.5383431383642804
SSP585,AFE,Country resampling,0,M8,2093,-0.24417990812795465,-0.6023641264303203,-0.5561208167024682,-0.4997351673885221,-0.37992946152471296,-0.20557292088534912,-0.022559320069911487,0.20234428719648892,0.3816042556336318,0.5605687050308247
SSP585,AFE,Country resampling,0,M8,2094,-0.24784139577402708,-0.6116845845431965,-0.5643997885830391,-0.5050398622059636,-0.3861564611119525,-0.2068916306893983,-0.019848898672313264,0.21360368093929008,0.40257541125926594,0.5837211208444326
SSP585,AFE,Country resampling,0,M8,2095,-0.25138715412069246,-0.6203110285491742,-0.5724855509468759,-0.5122107994490395,-0.3926872506231135,-0.20938020426342668,-0.017776174507451392,0.22546126243066045,0.42362021316992654,0.6078467742343482
SSP585,AFE,Country resampling,0,M8,2096,-0.2479648179752485,-0.6246934744729237,-0.5761299875285752,-0.5151067618233997,-0.3937802360943632,-0.20627201519569338,-0.0044643298127612085,0.2442461353893162,0.4476875530948354,0.6439014841624171
SSP585,AFE,Country resampling,0,M8,2097,-0.25102177649082624,-0.6311813635410449,-0.5836598147268249,-0.5222661586684239,-0.3989450209029456,-0.20926993565723684,-0.003228310849656413,0.25242687724095897,0.47139515111080227,0.6677724525869562
SSP585,AFE,Country resampling,0,M8,2098,-0.25394685406953144,-0.6374713225596365,-0.5910676692614847,-0.529457980363391,-0.4044002850127084,-0.20982509461130838,5.911140242083057e-4,0.26143892790210127,0.49592962274921326,0.6925001154325341
SSP585,AFE,Country resampling,0,M8,2099,-0.25673579668279933,-0.6435637030314642,-0.5987927841585301,-0.5353041661462361,-0.40835107639739276,-0.21138227435280516,0.004902818507511619,0.27618379841322876,0.5162607476540819,0.7181221235134828
SSP585,AFE,Country resampling,0,M8,2100,-0.25938437611420784,-0.6494589535792731,-0.6056891322903578,-0.5428913391036996,-0.4121521819852003,-0.21201255288411497,0.01027594182985675,0.296532218657172,0.5449637863507354,0.7446781154775888
SSP585,AFE,Country resampling,0,M4,2021,-6.71355152187525e-5,-3.022075747722924e-4,-2.694110732860355e-4,-2.2395181533330089e-4,-1.465775113700385e-4,-5.745317449279419e-5,2.3592025883034662e-5,9.965597043761764e-5,1.437300396933016e-4,1.8598583704201863e-4
SSP585,AFE,Country resampling,0,M4,2022,-2.1011313274987842e-4,-9.159111613174842e-4,-8.199349500072783e-4,-6.825153481119339e-4,-4.4922323070231696e-4,-1.808002111839957e-4,6.303178772210094e-5,2.885575720592782e-4,4.2477875865813946e-4,5.503112935280773e-4
SSP585,AFE,Country resampling,0,M4,2023,-4.375033790198213e-4,-0.001844847141979064,-0.001663072453700415,-0.0013895164354014388,-9.199646615287715e-4,-3.814945457620289e-4,1.080903317088322e-4,5.57142308311387e-4,8.368378044592667e-4,0.001085524065819665
SSP585,AFE,Country resampling,0,M4,2024,-7.577248189698516e-4,-0.0030972831203215645,-0.002809549585100035,-0.0023532598831330297,-0.0015640535869206051,-6.646373545994844e-4,1.4920593392270254e-4,9.04593914838192e-4,0.0013736999964967015,0.0017843612818532301
SSP585,AFE,Country resampling,0,M4,2025,-0.0011790272171987581,-0.00469698511178429,-0.0042695352881672866,-0.0035803776579142912,-0.002391895898595342,-0.0010431064416902003,1.7595060787545247e-4,0.0013241245049016692,0.0020292584364250176,0.002639746318946417
SSP585,AFE,Country resampling,0,M4,2026,-0.0017554113801072635,-0.006704849835433305,-0.006113783857895572,-0.0051268777272170385,-0.00346406284052056,-0.00156216552901689,1.5144164058555898e-4,0.00175183362309217,0.0027620427663158863,0.0036262463609048946
SSP585,AFE,Country resampling,0,M4,2027,-0.002422978813325094,-0.009021406294657853,-0.008235940592309464,-0.006945169652193883,-0.004705467360467813,-0.0021649835924382743,1.0929364566025779e-4,0.0022534880894722786,0.003590324292574097,0.004762198087307328
SSP585,AFE,Country resampling,0,M4,2028,-0.0032204651528014994,-0.011700510182319268,-0.010722137602634435,-0.009047267624312304,-0.006155782494575962,-0.00288981031054919,4.10965878896441e-5,0.002788285679946446,0.004491035126080674,0.006028967517401589
SSP585,AFE,Country resampling,0,M4,2029,-0.0041559347594913865,-0.014748268762640415,-0.01356379090031648,-0.011448583079221796,-0.007831857713054391,-0.0037369016293283264,-7.268167957841243e-5,0.003349977358895885,0.0055246117575177564,0.0074196508000179545
SSP585,AFE,Country resampling,0,M4,2030,-0.005237217129367977,-0.018168580563996846,-0.016767909789065956,-0.014158857851878915,-0.009709558816522135,-0.004715267668427892,-1.9259102272414785e-4,0.003930319565854657,0.006651124512236345,0.008926466785025702
SSP585,AFE,Country resampling,0,M4,2031,-0.006562922773297952,-0.022052856401364316,-0.020422254887141274,-0.0172878563980182,-0.011875147579767154,-0.005928088427970102,-5.262668030853457e-4,0.004416977242493215,0.007804271974297924,0.010527688363113154
SSP585,AFE,Country resampling,0,M4,2032,-0.00797852826120693,-0.026201088093747705,-0.024338531234642066,-0.02065913760131267,-0.01420199417436857,-0.007221600723596178,-8.200892054464615e-4,0.0049910697877097576,0.009078808363139835,0.012303174376857823
SSP585,AFE,Country resampling,0,M4,2033,-0.0095642925768461,-0.03072058897018279,-0.02862161313097238,-0.024359216270815918,-0.016771454348214337,-0.008656403344187824,-0.001181746039502496,0.005566320620897838,0.010288998205113826,0.014163107656410717
SSP585,AFE,Country resampling,0,M4,2034,-0.011327148700689627,-0.03561278260261697,-0.033274681056212625,-0.028432786418725407,-0.019627059840646638,-0.010236421392181172,-0.0016397410271417057,0.006149754140779567,0.011608926632781777,0.016068598759500865
SSP585,AFE,Country resampling,0,M4,2035,-0.013273734170942575,-0.040878482729082205,-0.0383001673476248,-0.0328597333946379,-0.022737201070349405,-0.01199621140010948,-0.0021686412001092337,0.00693321723896896,0.013028162897528572,0.018159272245456194
SSP585,AFE,Country resampling,0,M4,2036,-0.015537628753985788,-0.046839836597480075,-0.04383823967441013,-0.037739775355673744,-0.026194490309498247,-0.014083877319140514,-0.0029391941303780478,0.0075061095972084576,0.014283918700348378,0.02024417193969221
SSP585,AFE,Country resampling,0,M4,2037,-0.017882114243569558,-0.053078149740829215,-0.04963321513590198,-0.042830296333857515,-0.029895529849586572,-0.016227964373923653,-0.0037287369770673817,0.008040074119100533,0.015681998958617813,0.022520064720803538
SSP585,AFE,Country resampling,0,M4,2038,-0.0204272192613284,-0.05971908482575905,-0.05580203878869351,-0.0482622607852536,-0.033893117338088724,-0.01854789350556274,-0.0046221528630508435,0.008668789529255186,0.01708851361491803,0.02488418021560293
SSP585,AFE,Country resampling,0,M4,2039,-0.023178074672139726,-0.06675993972028824,-0.06234374258288937,-0.05403886411520137,-0.03818960340469027,-0.02110784672288213,-0.0055441819703892226,0.009224909546831129,0.018643375634973272,0.02733160556323177
SSP585,AFE,Country resampling,0,M4,2040,-0.02613945170287224,-0.0741969049438153,-0.06925655321016576,-0.0601600003616534,-0.04277304483798866,-0.023796083290860248,-0.006634491368982975,0.009615162640885494,0.020215264043073333,0.029953068819437236
SSP585,AFE,Country resampling,0,M4,2041,-0.0293755827007115,-0.08198999170502644,-0.07659634553588068,-0.06667116018211057,-0.04771191823273638,-0.02680412163388901,-0.007812341865034572,0.009999112994292772,0.021555014137330873,0.03264519192449634
SSP585,AFE,Country resampling,0,M4,2042,-0.032748853444537485,-0.0900890269681517,-0.08422829741874067,-0.0734079618380504,-0.05271423314724921,-0.029954516646417073,-0.009096399571246444,0.010388915866065097,0.022995501861101685,0.03542177789519463
SSP585,AFE,Country resampling,0,M4,2043,-0.036338386632779884,-0.09855484587143941,-0.09221497525829057,-0.08044840838113816,-0.05794728140351674,-0.033269701077983826,-0.010610867246876071,0.010619298118729326,0.024506120491922988,0.038212786794279044
SSP585,AFE,Country resampling,0,M4,2044,-0.04014694278462294,-0.1073808712462759,-0.10055062846578101,-0.08786382120257535,-0.06348902426192266,-0.036770878335774526,-0.012276173159006393,0.010785894395941267,0.02617863388506801,0.04106874438952458
SSP585,AFE,Country resampling,0,M4,2045,-0.044176880818402875,-0.1165597261205217,-0.10920622302746325,-0.09564999750020323,-0.06924268240989404,-0.04039166637863828,-0.01395651485318572,0.010869067437481639,0.027856914604082166,0.04398503920937274
SSP585,AFE,Country resampling,0,M4,2046,-0.04825233098447179,-0.12587867658336993,-0.11794077561118528,-0.10349927634848005,-0.07516028124667928,-0.04416760797323066,-0.015638606772771402,0.011084079312043362,0.029636047634496763,0.047060851736394085
SSP585,AFE,Country resampling,0,M4,2047,-0.05266451445669462,-0.1356829753412501,-0.12708164040471223,-0.11183757392604124,-0.08139963046408585,-0.048260583206334695,-0.017597272877886094,0.01113168087404941,0.03136738461424827,0.05014055798964896
SSP585,AFE,Country resampling,0,M4,2048,-0.057292994783659346,-0.14580465839712353,-0.136525696525035,-0.12045458191807566,-0.08792882424177853,-0.052550025291566604,-0.01969731178393136,0.011085895092739741,0.03310146664888956,0.053266794727555376
SSP585,AFE,Country resampling,0,M4,2049,-0.06213802223925058,-0.15623312147701454,-0.1462650760982054,-0.12935330962876995,-0.09480506485333676,-0.05704708146889331,-0.021929138959824263,0.01095791242228013,0.03476085793644733,0.056442305638289905
SSP585,AFE,Country resampling,0,M4,2050,-0.06719944198687167,-0.1669571176306931,-0.15629139786475524,-0.1385339127528517,-0.10191748692010247,-0.0617524046631045,-0.024162495840978765,0.010754119901625012,0.03627068800086028,0.05966299401532773
SSP585,AFE,Country resampling,0,M4,2051,-0.07181565244283872,-0.17727574248191594,-0.16615118137377863,-0.14713251450332643,-0.10853639322250047,-0.06606742909679808,-0.02603746392771461,0.011316332510178165,0.03840100172766034,0.06336514068602425
SSP585,AFE,Country resampling,0,M4,2052,-0.0771618022460484,-0.18842689690790307,-0.17664584391376933,-0.15665747326093393,-0.11589042624820828,-0.07105661736685187,-0.0284278232012129,0.01116386808855017,0.040008979477625814,0.06678674948503466
SSP585,AFE,Country resampling,0,M4,2053,-0.08270592246482533,-0.19982396033162297,-0.18739114219758754,-0.16643060670340576,-0.12345521537082169,-0.07623957333667375,-0.03094412435389987,0.010955792784402866,0.041602940514786114,0.07025568602010299
SSP585,AFE,Country resampling,0,M4,2054,-0.08844571947032065,-0.2113902271074088,-0.1983767042413313,-0.17647473196029356,-0.13109034298238176,-0.08161501405827876,-0.03359102454628918,0.01069301647343213,0.04318127742782402,0.07376877488082788
SSP585,AFE,Country resampling,0,M4,2055,-0.0943785342422443,-0.2230499195096416,-0.20959177306234347,-0.18673793252625326,-0.1389856869649496,-0.0871813261929924,-0.036427907158415096,0.010376829355924502,0.04474261520613669,0.07732287392758776
SSP585,AFE,Country resampling,0,M4,2056,-0.09920069394038689,-0.23314566401258027,-0.22017331557310194,-0.19596941609238325,-0.14621528722658525,-0.09175044083106915,-0.03843851570869522,0.011540692767171496,0.04766529360474532,0.08183559845862268
SSP585,AFE,Country resampling,0,M4,2057,-0.10529246660261848,-0.2448653163162467,-0.23169287099409344,-0.20650096863411846,-0.15447294379469698,-0.0974925129224134,-0.041364041278631136,0.01143382596466412,0.04945423513416192,0.08564722772763796
SSP585,AFE,Country resampling,0,M4,2058,-0.11154852669886695,-0.2566995676255651,-0.2433986880235296,-0.21719353877643638,-0.1629023999394071,-0.10310623561733168,-0.04444607324832173,0.011312775398189298,0.051250015639242995,0.08950980500917656
SSP585,AFE,Country resampling,0,M4,2059,-0.11796433347336943,-0.26863135276809136,-0.25527873770200676,-0.22772365862853167,-0.1714292309089998,-0.10904321696065183,-0.04768950176299336,0.011155247909988678,0.053053632336966715,0.09342144923855077
SSP585,AFE,Country resampling,0,M4,2060,-0.12453505651693397,-0.2806436572087042,-0.2673207730007924,-0.23856491350561704,-0.17998617708393116,-0.115075771580047,-0.051061795218082406,0.010818928835053736,0.05486636679641224,0.09738035178314083
SSP585,AFE,Country resampling,0,M4,2061,-0.1291387016421287,-0.2900772135267928,-0.2781264841181622,-0.24740370576625212,-0.18698113168947314,-0.1193534655067437,-0.05248868422857286,0.01269996287878599,0.05873067619597021,0.10298988486071557
SSP585,AFE,Country resampling,0,M4,2062,-0.1357142054655972,-0.302021224763098,-0.2901198100454811,-0.25829542143828965,-0.19583176276450723,-0.12547452353954397,-0.05588440400337907,0.012798019773322723,0.06076882998523608,0.10729881910325553
SSP585,AFE,Country resampling,0,M4,2063,-0.14240835931718432,-0.314412075197247,-0.3021783315354144,-0.269256809057407,-0.20436530160502725,-0.1317009929384591,-0.05939787343182809,0.012880778787002918,0.06284447567001891,0.1116738312260379
SSP585,AFE,Country resampling,0,M4,2064,-0.14921497013177054,-0.32686444446579505,-0.3138762223602797,-0.2799956645311533,-0.21308193427819935,-0.1380308606076065,-0.0629091771385463,0.012982420969216781,0.065044921428972155,0.11611469356337573
SSP585,AFE,Country resampling,0,M4,2065,-0.15612766024533042,-0.33936050581673827,-0.3255073404979842,-0.2904846945416549,-0.22229581880558924,-0.14458808075288548,-0.06635655423604925,0.013106484058663942,0.06728807512896418,0.12062130008973018
SSP585,AFE,Country resampling,0,M4,2066,-0.1603277152459568,-0.3503410967775937,-0.3338879269433667,-0.2984377710713314,-0.22891829024960259,-0.14831369040757558,-0.0667814698332749,0.01669530396953294,0.07270068914127491,0.12747244609904435
SSP585,AFE,Country resampling,0,M4,2067,-0.16714092538819703,-0.3630847799325175,-0.34518311686928066,-0.3082080062698108,-0.23787786312297918,-0.15492079932593528,-0.07040053816195657,0.016894890530976852,0.07503294223945108,0.13238505709512594
SSP585,AFE,Country resampling,0,M4,2068,-0.17402381051997473,-0.3758616737016001,-0.35642695450418393,-0.3182069811169047,-0.24660460056625302,-0.16159826752601192,-0.07365246330610933,0.017076376300139445,0.07737539978452958,0.13738332766626546
SSP585,AFE,Country resampling,0,M4,2069,-0.18096929095313896,-0.38865297545989874,-0.3676064582172032,-0.32828615296135416,-0.255631255323153,-0.1684998979578749,-0.07703639737084417,0.017666788119708874,0.08032417608002142,0.14246876619027846
SSP585,AFE,Country resampling,0,M4,2070,-0.1879702108304604,-0.40144494355626226,-0.37870912138020224,-0.3384317270223268,-0.26436788728803173,-0.1751490243932075,-0.08068423683843218,0.01808238132352232,0.08365662929145776,0.1476427677971357
SSP585,AFE,Country resampling,0,M4,2071,-0.19146375001381577,-0.41197796123170466,-0.38597415416893077,-0.34561044368636545,-0.2696022288951385,-0.17868705940817825,-0.07956272761324676,0.020942638967940616,0.08947181906968552,0.15593043865225495
SSP585,AFE,Country resampling,0,M4,2072,-0.19827821241309296,-0.42292340686585295,-0.3978979202283067,-0.35647006582821394,-0.27910532816561595,-0.18525740330546187,-0.08214458475953615,0.02087166692950636,0.09227826217295403,0.1615903425788445
SSP585,AFE,Country resampling,0,M4,2073,-0.20511477081885998,-0.4337167583070515,-0.4095151041067625,-0.36706054672328065,-0.2883653224299407,-0.19168485994780338,-0.08495447669863804,0.0218708916984414,0.09540013520930735,0.16736448606037926
SSP585,AFE,Country resampling,0,M4,2074,-0.2119661799256165,-0.44435423208205477,-0.42126441912884005,-0.3774275874293857,-0.29683114076334816,-0.19829728614225,-0.0876741384158064,0.022665311768052667,0.0997153526640562,0.17325583306748313
SSP585,AFE,Country resampling,0,M4,2075,-0.21882521269542232,-0.4548266896338754,-0.4329563798580579,-0.3870347684565497,-0.30519482115548213,-0.204734556313863,-0.09097459157479973,0.0246296831012044,0.10294438060017211,0.1792675535925803
SSP585,AFE,Country resampling,0,M4,2076,-0.22130663582742383,-0.46401951765117316,-0.4411603125356798,-0.39268087648965466,-0.30826496149311045,-0.2062117983371769,-0.09113969938560412,0.03128142559484727,0.11111663955903983,0.1929602612647377
SSP585,AFE,Country resampling,0,M4,2077,-0.22790528036842306,-0.47575991497856257,-0.45143714132833235,-0.40228812117477813,-0.3165312947883026,-0.21222808013235228,-0.09407946624305533,0.03457034294967914,0.11588759962564653,0.20172206013774174
SSP585,AFE,Country resampling,0,M4,2078,-0.2344827155628484,-0.486399836088688,-0.46133810079041765,-0.4126890638175995,-0.3250942314876286,-0.2181497042187867,-0.09566612316864437,0.03557683965064168,0.120510854116715,0.210282586323683
SSP585,AFE,Country resampling,0,M4,2079,-0.24103204945995738,-0.49684671734465785,-0.4717976066518407,-0.4226544781668347,-0.33344792764510744,-0.22376313744910775,-0.09851341760084312,0.03624282922768877,0.12422264243258688,0.21724957868466951
SSP585,AFE,Country resampling,0,M4,2080,-0.24754647445465516,-0.5076612256412165,-0.4828980216063248,-0.4329413577157856,-0.34171248510460217,-0.22941467128096849,-0.10178083604109081,0.037751074475383686,0.1279692005607788,0.22429821111461382
SSP585,AFE,Country resampling,0,M4,2081,-0.24877849909886873,-0.5168496834010077,-0.487097473861825,-0.43840940998045397,-0.3456029219636481,-0.23017814278458432,-0.0992438890872965,0.04620450618542027,0.13678418012056318,0.2347610010746015
SSP585,AFE,Country resampling,0,M4,2082,-0.25494934855174733,-0.5267495550093462,-0.496718764764446,-0.4477518620506898,-0.354434839161722,-0.23481852800954633,-0.101472465716446,0.04882474306639969,0.14115418588934106,0.24666511807010041
SSP585,AFE,Country resampling,0,M4,2083,-0.2610597001369118,-0.5359247517430035,-0.5057278190188381,-0.4573171418707293,-0.36210575767044695,-0.23973748322750038,-0.10246164687229287,0.05172212614792425,0.14601697000978514,0.25791266971533205
SSP585,AFE,Country resampling,0,M4,2084,-0.2671032662101881,-0.5456379181654194,-0.5157026112188471,-0.46684639765206265,-0.3688298331088897,-0.2443289729350694,-0.10404329181745686,0.05571349640780381,0.15104352175863006,0.2665730874441969
SSP585,AFE,Country resampling,0,M4,2085,-0.2730738775686016,-0.5557627048015583,-0.5260088210840002,-0.4753726770888197,-0.37562678853597636,-0.24888751726841152,-0.10640165646903127,0.058997553871310546,0.15624176299471468,0.2754126133026171
SSP585,AFE,Country resampling,0,M4,2086,-0.27304490491205713,-0.5614529302808878,-0.5321900534389106,-0.4786092770483973,-0.3777210285957372,-0.24791297730983108,-0.10069790399473066,0.06980368075905874,0.17015439560591974,0.29914740212391633
SSP585,AFE,Country resampling,0,M4,2087,-0.2786162075218137,-0.5710680402630388,-0.5409153818091694,-0.4873592109013633,-0.3855852191246548,-0.2524938830769187,-0.10164334997773827,0.07626844037219847,0.18010801079867858,0.3178424598934928
SSP585,AFE,Country resampling,0,M4,2088,-0.28409295973564497,-0.5805111350097556,-0.5494827855209835,-0.49660159028343387,-0.39343196924740353,-0.25725259732391603,-0.10233088341971888,0.07950901766674028,0.18725623307546638,0.3292904178960343
SSP585,AFE,Country resampling,0,M4,2089,-0.28946956951721103,-0.5888879837462303,-0.5580288151403882,-0.5051028021512746,-0.4009072614425229,-0.2610660790547229,-0.10323086461983011,0.08298382360604256,0.1998402898340634,0.3406919741988907
SSP585,AFE,Country resampling,0,M4,2090,-0.2947405683370351,-0.5978432536025095,-0.5659943569034621,-0.5119281652346973,-0.4088050790083574,-0.26536460059775435,-0.1063669005908501,0.0866874938421647,0.21056023169843,0.3523429831822842
SSP585,AFE,Country resampling,0,M4,2091,-0.29337130314503324,-0.6031751723801365,-0.5689766506636872,-0.5163779181268658,-0.4093775639794908,-0.2625697244423896,-0.10183699943632912,0.10102471860542872,0.2295778884339057,0.374267554352116
SSP585,AFE,Country resampling,0,M4,2092,-0.2982050482097337,-0.6123382672941755,-0.5757285683424122,-0.5242218072368422,-0.4169814546137457,-0.2659813475947212,-0.10194891244836918,0.11320802913489693,0.23865731380839272,0.3905228561371008
SSP585,AFE,Country resampling,0,M4,2093,-0.3029154059093233,-0.6213456546354342,-0.5822831625942414,-0.5313257714910463,-0.42407846462147536,-0.27005137773001137,-0.10011551728809914,0.11972396984899072,0.24811278298125963,0.40700516474760684
SSP585,AFE,Country resampling,0,M4,2094,-0.3074974407313422,-0.6301977548090824,-0.5892451494358543,-0.5404026724690636,-0.42897311054620735,-0.2731772871476714,-0.09939302669750158,0.12559721534002613,0.257961562409955,0.41991776176875023
SSP585,AFE,Country resampling,0,M4,2095,-0.3119463239039496,-0.6388763270584106,-0.5975855426383948,-0.54752133920862,-0.43502686461924783,-0.27576914972027305,-0.10015565513040425,0.12953712946946988,0.27132578631658544,0.43317296201900657
SSP585,AFE,Country resampling,0,M4,2096,-0.30906560143181194,-0.6434062199069902,-0.5992385285261419,-0.5502769644300038,-0.4351493964214503,-0.2707217248582,-0.09047756494775516,0.15308231348721874,0.29502586706364764,0.46744636729298744
SSP585,AFE,Country resampling,0,M4,2097,-0.312991830018304,-0.651667859322645,-0.6057004646589556,-0.5570063453107807,-0.44018196823154604,-0.2738345534238131,-0.08729252426508294,0.16235495283884951,0.309005344039154,0.495210684534966
SSP585,AFE,Country resampling,0,M4,2098,-0.31676879489280874,-0.6597568574641777,-0.6121771165195803,-0.563157394744511,-0.4457284349034404,-0.27635036685453435,-0.0853269836862888,0.1756194437477899,0.3232349250947363,0.5207192923320416
SSP585,AFE,Country resampling,0,M4,2099,-0.32039208558086707,-0.6676731971139255,-0.6193396337282249,-0.5705847086062642,-0.4508583584546889,-0.2784919123584523,-0.08438754898678302,0.18948525280932577,0.3412155365796465,0.5441577102275846
SSP585,AFE,Country resampling,0,M4,2100,-0.3238573628143445,-0.6753829231535823,-0.6265742203760489,-0.577030817262082,-0.4562018393294679,-0.2800128891865685,-0.08129483508151522,0.19871029970017523,0.3641839806333741,0.5770550066061004
SSP585,AFE,Country resampling,0,IE,2021,3.133256060050549e-5,-1.8855069795420398e-5,-9.306973484390912e-6,5.339152118089019e-7,1.5237757450742295e-5,2.8440079961333797e-5,4.194077522715056e-5,5.274427708958918e-5,6.098886690648064e-5,6.687432110960844e-5
SSP585,AFE,Country resampling,0,IE,2022,9.38246036118473e-5,-5.5582359302236425e-5,-2.711813464801871e-5,7.029095451804868e-7,4.6004288558693096e-5,8.511923677145816e-5,1.2493414184644447e-4,1.5736582860249594e-4,1.827312779128787e-4,2.0007141478652895e-4
SSP585,AFE,Country resampling,0,IE,2023,1.873071248612579e-4,-1.1063420662209278e-4,-5.21789850330634e-5,1.1448180808892884e-6,9.289898150530163e-5,1.7081325564693994e-4,2.4814223189012496e-4,3.1211395389940666e-4,3.627827799229599e-4,3.9907591588185515e-4
SSP585,AFE,Country resampling,0,IE,2024,3.1161175364691207e-4,-1.8112488831936168e-4,-8.242204728854952e-5,3.5865185258665584e-6,1.568961868209373e-4,2.8407849515033057e-4,4.1195229269930245e-4,5.156424459607401e-4,6.000652296715536e-4,6.633596861096769e-4
SSP585,AFE,Country resampling,0,IE,2025,4.6656715184456576e-4,-2.561963055711908e-4,-1.1528272283317098e-4,1.6983435742479232e-5,2.3934542330097952e-4,4.2586559946966585e-4,6.164788882067895e-4,7.691641873886045e-4,8.892966705698167e-4,9.866623339114728e-4
SSP585,AFE,Country resampling,0,IE,2026,6.349551420772315e-4,-3.7074845255379853e-4,-1.7010584554041916e-4,1.0978841568154445e-5,3.155649120703541e-4,5.829171568800806e-4,8.417105429425753e-4,0.0010552107570620528,0.0012212247035280786,0.001353721232133487
SSP585,AFE,Country resampling,0,IE,2027,8.471520051483994e-4,-4.7921504431987504e-4,-2.1785681576109715e-4,2.31352776308369e-5,4.323352920655166e-4,7.785031533451559e-4,0.0011187896241118545,0.0014024833008541295,0.0016181880441132445,0.0017885999614584923
SSP585,AFE,Country resampling,0,IE,2028,0.0010899680833968972,-5.962090410237764e-4,-2.7005311003552857e-4,3.698535178837674e-5,5.61413125645116e-4,0.0010006183541126368,0.0014385183170904925,0.0018044446958776386,0.0020790718197619797,0.0022979536604053434
SSP585,AFE,Country resampling,0,IE,2029,0.0013634605881882589,-7.197890733624424e-4,-3.2184962975589926e-4,5.1818709069317934e-5,7.061083400135837e-4,0.001245944603666116,0.0017946618036091821,0.002257499012414743,0.0025807559483096145,0.0028779128869606645
SSP585,AFE,Country resampling,0,IE,2030,0.001667670116316744,-8.47963012082778e-4,-3.8544216614754266e-4,7.116008313363676e-5,8.736611118367599e-4,0.0015227364817229638,0.0021925113584654876,0.002748666770427888,0.0031523796715265833,0.003523730549647905
SSP585,AFE,Country resampling,0,IE,2031,0.001957664939588044,-0.0010489451876100342,-5.051830378047517e-4,4.2293639316792787e-5,0.0010100116531625014,0.00178828761100025,0.002574935636204312,0.003244506751479337,0.0037273881958284514,0.004156849295222992
SSP585,AFE,Country resampling,0,IE,2032,0.0023207053135325673,-0.0011895274962313211,-5.305150890249076e-4,1.0003620990663996e-4,0.0012042494181192243,0.0021262617865774325,0.0030437173690432417,0.0038285066094019826,0.004389586803228535,0.0049265511316944595
SSP585,AFE,Country resampling,0,IE,2033,0.0027155978659865188,-0.0013284353283460754,-5.720132118339881e-4,1.8463871513051407e-4,0.0014151085826735743,0.0024825835718663147,0.003564497791764293,0.0044709126701765745,0.0051114358922794145,0.005774810979124592
SSP585,AFE,Country resampling,0,IE,2034,0.0031424795375746273,-0.0014618193635450305,-6.309162682332281e-4,2.644921343351926e-4,0.0016507392569238832,0.0028796096285569894,0.0041363770405317135,0.005156231759643903,0.005879441035319744,0.0066278502266737755
SSP585,AFE,Country resampling,0,IE,2035,0.0036014450327943592,-0.0015883238270500725,-6.777429814410206e-4,3.5026673069796807e-4,0.0019133868223486228,0.0033080176614670442,0.004736435691770097,0.005887368153557049,0.006690853475600977,0.00761077461220861
SSP585,AFE,Country resampling,0,IE,2036,0.004011582114971102,-0.0018312509155558765,-7.901652531256187e-4,3.513300060292714e-4,0.0021034568794655872,0.0036837623023462385,0.005293527358838979,0.006608025579427334,0.007487445026116212,0.008489214887253986
SSP585,AFE,Country resampling,0,IE,2037,0.00453296306203288,-0.0019504007443558152,-7.404199479118854e-4,4.5590255208479704e-4,0.002420278676412424,0.004172850036697873,0.0059763817133124675,0.007424935609050377,0.00842463282655949,0.009602220770910969
SSP585,AFE,Country resampling,0,IE,2038,0.005087535972397306,-0.002053986887996542,-7.667223252574684e-4,5.754636678694692e-4,0.002741166983788651,0.004658619854631563,0.00673392592912575,0.008350844377288946,0.00941576580617571,0.010752151411077129
SSP585,AFE,Country resampling,0,IE,2039,0.005675289620272195,-0.002139836773635709,-7.24473936132841e-4,7.353303422088622e-4,0.0030970324065274224,0.005222409824059471,0.007472924699894745,0.00930243681118712,0.01045478842898644,0.011955922802669555
SSP585,AFE,Country resampling,0,IE,2040,0.006296140692997776,-0.0022446961614821705,-7.152531127663619e-4,9.013101855301799e-4,0.003493226038804337,0.005815415006582114,0.008271442332956097,0.010291649183000918,0.011588484666078923,0.013187233261149591
SSP585,AFE,Country resampling,0,IE,2041,0.006828115599355922,-0.0025566402576014365,-8.311683692406367e-4,9.675180171810349e-4,0.0037839175200092556,0.0063107309806533785,0.008991723977669841,0.01122734079456893,0.012617419342930822,0.014317806800061365
SSP585,AFE,Country resampling,0,IE,2042,0.007512641826223798,-0.0026937770713752335,-7.969670316482768e-4,0.0011764319817993642,0.004189628097942738,0.006925043497566841,0.009895788576008202,0.012294343469445145,0.013852224429608971,0.015793668491851542
SSP585,AFE,Country resampling,0,IE,2043,0.008230504551637208,-0.002769264127727178,-7.36965634035458e-4,0.0013918546029644933,0.004617694876650841,0.007627726646284083,0.010850604638712597,0.013413835249236084,0.015140251265282827,0.01722065390139376
SSP585,AFE,Country resampling,0,IE,2044,0.008981359489923735,-0.002809436519525582,-5.952997876669472e-4,0.0016688351539459025,0.005068573667466908,0.008372277711233334,0.011788225314900536,0.014557821858523425,0.01654252203657891,0.01879708066643924
SSP585,AFE,Country resampling,0,IE,2045,0.009764768866998397,-0.002831925054185763,-4.371864228217055e-4,0.0019450569006921774,0.005588368605625643,0.009117138377576828,0.012828995114227804,0.015868120107337937,0.017939794689813656,0.02039740477667526
SSP585,AFE,Country resampling,0,IE,2046,0.01041890456075889,-0.003071803959059874,-5.701708736909114e-4,0.0019950329487900655,0.005943718937865189,0.009778098138512492,0.013676692767958187,0.017007818656443408,0.01920710732223137,0.021834588866455812
SSP585,AFE,Country resampling,0,IE,2047,0.01126295656766263,-0.0030525754850892037,-3.673251893015979e-4,0.002239077547997293,0.006452240888782185,0.01060998243206518,0.014774100487814135,0.01834511200127552,0.02071535529523204,0.023625147619587446
SSP585,AFE,Country resampling,0,IE,2048,0.012138386284123892,-0.0030444186805875686,-2.9375597005052947e-4,0.0025399620603100085,0.00700590549990851,0.011477412034778367,0.015916108801234535,0.01977438581500566,0.022307731642288626,0.02567638773651666
SSP585,AFE,Country resampling,0,IE,2049,0.013044413723423576,-0.0030281417828833365,-2.0358913390551266e-4,0.002899330762387775,0.007607868753184782,0.012346348678691443,0.017158861546920284,0.021174500520947926,0.023811265142395968,0.027750508804183362
SSP585,AFE,Country resampling,0,IE,2050,0.013980159198564546,-0.0030037765049362422,-5.093897666569066e-6,0.003295275373208928,0.008241880749848829,0.013292630084366042,0.01836596809146182,0.022648274389692084,0.025440504848883477,0.029761793817876518
SSP585,AFE,Country resampling,0,IE,2051,0.01474399704959195,-0.0033468113901532143,-4.318776447769204e-5,0.0034731215227232996,0.008644718571757831,0.01397768336976396,0.019474346997324588,0.024007824650487588,0.026963317701277793,0.03177226312934512
SSP585,AFE,Country resampling,0,IE,2052,0.015728530152753994,-0.0033594086495292545,2.663800727167491e-4,0.003790448112707523,0.009255554092632012,0.014947177983058835,0.020832101480374926,0.02576246780651851,0.02888038766251852,0.03413558932711737
SSP585,AFE,Country resampling,0,IE,2053,0.016739888793098623,-0.0033732784481433653,4.337855132355573e-4,0.004172998588363253,0.009890678432456196,0.015969790647366644,0.022217796292385905,0.027674939691086253,0.030957877845266386,0.03617221883781072
SSP585,AFE,Country resampling,0,IE,2054,0.017776882634475744,-0.003405537377889708,7.00059774321649e-4,0.004504743395164957,0.010626810709606777,0.016959776588123143,0.023538318557998733,0.029314353918975553,0.03306762786347307,0.03841666523066953
SSP585,AFE,Country resampling,0,IE,2055,0.018838235269175163,-0.003469685470676153,9.235231310609111e-4,0.0048998206704810145,0.011333121942127877,0.018024366783279122,0.0249721348664583,0.031002087925477338,0.03526732635122316,0.04065214068395246
SSP585,AFE,Country resampling,0,IE,2056,0.019688064897779967,-0.003989086876242786,8.58765657526584e-4,0.004974909450217691,0.011802353258445253,0.018816791987548376,0.026278533528116543,0.032595466260749294,0.037319973410194635,0.042557269991482606
SSP585,AFE,Country resampling,0,IE,2057,0.020782023388125292,-0.004102183996684094,0.0010894304941419086,0.005383727219374325,0.012478287780718855,0.01985737611896421,0.027866288007863227,0.034229802660643176,0.03961496040926195,0.04482594192782466
SSP585,AFE,Country resampling,0,IE,2058,0.021896312481787694,-0.004235386175619318,0.0013420892944050644,0.0057742437790676004,0.013270431691744439,0.020910527689144143,0.029405109259480394,0.036052602917572146,0.04168932045111566,0.04713143235357768
SSP585,AFE,Country resampling,0,IE,2059,0.023029458742537923,-0.00421065630829427,0.001621859626286172,0.006203124132692351,0.013941987333713296,0.021977414766927605,0.030943439627287878,0.03805204102451423,0.04395294327883359,0.04946875563975133
SSP585,AFE,Country resampling,0,IE,2060,0.024179928948398155,-0.004142150569162642,0.0019342400924767479,0.006536478684709879,0.014636398644011395,0.023059816967597124,0.032312808500530976,0.04013423046959737,0.04623519289375898,0.051834724125036744
SSP585,AFE,Country resampling,0,IE,2061,0.025061764105950846,-0.004611283443159061,0.001734306628207217,0.006432110773784883,0.015098780513795734,0.023898661273757837,0.03365981348786021,0.041874802014359544,0.04852993569019319,0.05379525802522912
SSP585,AFE,Country resampling,0,IE,2062,0.02622847117615923,-0.004616437200867365,0.0019940197123967003,0.006854840697693732,0.01578420306756806,0.025001489276082478,0.035128466976735245,0.04382606261472683,0.05092964095776439,0.056170399194563875
SSP585,AFE,Country resampling,0,IE,2063,0.027408077626625338,-0.004892874951150411,0.0022033064068222308,0.007256852244212408,0.016601784130663405,0.02625622395442523,0.03657320420142715,0.04580798550412891,0.053388506716168384,0.05943965543966926
SSP585,AFE,Country resampling,0,IE,2064,0.028598988795242586,-0.004952082161884039,0.0024399541604722963,0.007875920022436046,0.017472546369259462,0.02742545689196718,0.03815795016010434,0.048419369460467765,0.055906612998479925,0.06296605404938872
SSP585,AFE,Country resampling,0,IE,2065,0.02979958180525666,-0.005014840063365217,0.0027490249491787474,0.00835334221205445,0.01832234168671823,0.028734342634219756,0.039788225099142094,0.05072165787773758,0.05847754267249075,0.06604681804357232
SSP585,AFE,Country resampling,0,IE,2066,0.030672204797082103,-0.005872438374249301,0.0023382833940781226,0.008028641701529516,0.018680670840863278,0.02939986165612468,0.041059177613811754,0.05244491818664126,0.06102655582254395,0.06845469938727154
SSP585,AFE,Country resampling,0,IE,2067,0.03187488966339391,-0.00570766904030221,0.002362502307730225,0.008353921186398572,0.019647231588007352,0.03068337740040733,0.04293378286328817,0.05502711123482689,0.06389714294397847,0.07091334110563367
SSP585,AFE,Country resampling,0,IE,2068,0.03308301100983713,-0.005679187033935597,0.002579450200422795,0.008607968449002757,0.020362232160116733,0.03186995176958163,0.04482236071664733,0.05772732948948657,0.0669016995795889,0.07352790111436018
SSP585,AFE,Country resampling,0,IE,2069,0.03429500569340993,-0.005895585644976811,0.002986571876788192,0.009039116367845858,0.02106512440473865,0.03311202832849375,0.04668587430425902,0.0603089856487349,0.06973015504304335,0.0758431245355972
SSP585,AFE,Country resampling,0,IE,2070,0.035509312154156425,-0.006383486384994638,0.0030581751128711367,0.00937004548404592,0.021880429321693123,0.03440735022176783,0.04830290868183801,0.06273056510877445,0.07295738494699351,0.0790556156300576
SSP585,AFE,Country resampling,0,IE,2071,0.036339949316007036,-0.00726037709472005,0.0025039107974344447,0.008961339947623725,0.02196629880394735,0.0349253248670271,0.04960257642726479,0.06509726661838111,0.07552544839009721,0.0819616756444514
SSP585,AFE,Country resampling,0,IE,2072,0.03754233382219563,-0.007266405130105969,0.00226271387790345,0.009193843277887458,0.022842158143111746,0.03598064753411928,0.05129730722206624,0.06763782896382664,0.07881621641211467,0.0855919734039864
SSP585,AFE,Country resampling,0,IE,2073,0.03874322561795818,-0.007492863204601177,0.002103145694472764,0.009408570395196103,0.023525331147537742,0.037156967352413584,0.05323410421661948,0.07037294510431799,0.08162001187963003,0.08883614190463904
SSP585,AFE,Country resampling,0,IE,2074,0.03994121795231931,-0.008012611636559074,0.0019050971294402698,0.00960485705283023,0.024227852466933764,0.038328469537857124,0.05540741230698931,0.07310723829241773,0.08499219902838824,0.09282064290117617
SSP585,AFE,Country resampling,0,IE,2075,0.04113492910383609,-0.008286610660147279,0.0018185422823009723,0.009935288946730902,0.02478261722048189,0.0395030884288784,0.057268248323627174,0.07613268524550687,0.0878715932507203,0.09669026139838949
SSP585,AFE,Country resampling,0,IE,2076,0.04190196411926017,-0.009856400017188996,8.11066954919083e-4,0.009374083962187385,0.02467633928858423,0.04028230348842021,0.05850997151078613,0.07849577000395558,0.09072871689141768,0.10016074474774647
SSP585,AFE,Country resampling,0,IE,2077,0.04306829390445199,-0.010001027032293833,8.023445683626749e-4,0.009473038927645162,0.025322080469336955,0.041437348398495166,0.06029345986735152,0.08144542436875431,0.09369192744763534,0.10423625927221815
SSP585,AFE,Country resampling,0,IE,2078,0.044227147161019276,-0.010054609515600478,-9.299291534223776e-5,0.009706332898677106,0.025879660720407788,0.042544538206429616,0.0621931434278476,0.08411534252837082,0.09681296169358539,0.10843888756090334
SSP585,AFE,Country resampling,0,IE,2079,0.04537735980261659,-0.010402638965257923,-3.5089537586833667e-5,0.009772355934477405,0.026399747180807592,0.043828686061905486,0.0643483095374453,0.08675065263006812,0.10000512561069007,0.11326302263779309
SSP585,AFE,Country resampling,0,IE,2080,0.04651780734387434,-0.010771208118764669,5.0731042527982925e-6,0.01013478470417524,0.02701098899882068,0.045040422730720175,0.06610072205081832,0.09009869678488061,0.1033339603707853,0.11826555710111637
SSP585,AFE,Country resampling,0,IE,2081,0.04721767174163105,-0.012792633578086311,-0.0011953996282833966,0.009073060066272832,0.026956978425624473,0.045597904545852164,0.06720754702349874,0.09337839711853038,0.1067674336981938,0.12201251291192891
SSP585,AFE,Country resampling,0,IE,2082,0.048328877435483086,-0.014342006059554022,-0.0019105236850172774,0.00886171283342102,0.027292233854624592,0.04676596101010716,0.06911686332693534,0.09704812308439549,0.10976567634490897,0.1271304534992116
SSP585,AFE,Country resampling,0,IE,2083,0.049428282566380655,-0.014753055857886796,-0.002049459808055846,0.008973511079369157,0.027892361351788325,0.048106064086128,0.07115101114212866,0.10052387927907733,0.1134540085777572,0.1325127980119525
SSP585,AFE,Country resampling,0,IE,2084,0.050514999675912664,-0.015192218351897905,-0.0025876189061571123,0.009078675868411457,0.02848406276721388,0.04910764194999728,0.07317613250114699,0.10385234236503928,0.11760497122209605,0.13799071187773512
SSP585,AFE,Country resampling,0,IE,2085,0.051588186958218873,-0.01644017117906334,-0.0030119132150203272,0.008996726952912837,0.02892111459261837,0.05004520705876975,0.07539009911682487,0.10715848070989424,0.12178197546036065,0.1426509120059204
SSP585,AFE,Country resampling,0,IE,2086,0.052210679237325364,-0.01906691297063921,-0.005261823689506989,0.007815587571419048,0.02879136832359447,0.05047176144681609,0.07675115745973154,0.11009564309924426,0.12532723178622873,0.1480408279723985
SSP585,AFE,Country resampling,0,IE,2087,0.05324799426681659,-0.020071232484718385,-0.005621192734425289,0.007403492970718663,0.029004204220715896,0.05150510346537901,0.07833492867925801,0.11265314482402312,0.13010417213489653,0.1535222213353806
SSP585,AFE,Country resampling,0,IE,2088,0.054270422904371896,-0.020870793225489463,-0.005948151281949237,0.007285012030342688,0.028989155071307365,0.05272085521045616,0.0806145527062779,0.11603522564429058,0.1350539963210028,0.15836241774848653
SSP585,AFE,Country resampling,0,IE,2089,0.055277350573713635,-0.02168699274077199,-0.006654356683343846,0.007308703939765028,0.02934978909692393,0.05346952813273065,0.08318636316796696,0.11890922441462905,0.13994447912252458,0.16469926808272667
SSP585,AFE,Country resampling,0,IE,2090,0.05626820919266562,-0.02251791245337375,-0.007173814102348913,0.007154965801753377,0.02988738757423584,0.05453598579322133,0.0856587412536233,0.12312133798283624,0.14509293322360062,0.17127995810273683
SSP585,AFE,Country resampling,0,IE,2091,0.05684347766575992,-0.025308877675828234,-0.010082481756436095,0.005659251407664879,0.02885099028977181,0.0548903367667572,0.08795292266171045,0.12678700101612314,0.15011263545235837,0.17701260134216462
SSP585,AFE,Country resampling,0,IE,2092,0.057797852218824386,-0.026258143005558492,-0.01035292614394344,0.005351103134589144,0.029171423899053972,0.05606379751262697,0.08992685789593632,0.13088075604665234,0.15542153507194503,0.18323495307162663
SSP585,AFE,Country resampling,0,IE,2093,0.05873549778136866,-0.02721844904215525,-0.011445893208129042,0.004818936713090661,0.02890587784733975,0.05683108644101392,0.09248711889179204,0.13362780979027786,0.16060898409059382,0.19021449888580502
SSP585,AFE,Country resampling,0,IE,2094,0.059656044957315135,-0.02818683486282028,-0.01311149955075191,0.004422007634738101,0.02908848538889816,0.0575392395777104,0.09429519598711839,0.13675110084337547,0.16463886463925942,0.19702517177120465
SSP585,AFE,Country resampling,0,IE,2095,0.06055916978325715,-0.029227439761708857,-0.013804013548649512,0.004322868955342022,0.02926969006343258,0.05841703506171214,0.09612749982677288,0.1404484950307826,0.170305219996246,0.20461393491976865
SSP585,AFE,Country resampling,0,IE,2096,0.061100783456563446,-0.03246667141870242,-0.01698698053284544,0.0012506777009097204,0.02816349047423311,0.05858707919940087,0.09799796258777987,0.14367938659347518,0.17586836171577414,0.21093215848412855
SSP585,AFE,Country resampling,0,IE,2097,0.06197005352747775,-0.03355303043573758,-0.01796086120341184,2.835859559677917e-4,0.028113679443634465,0.059817127756612576,0.1003190342680835,0.14862137801662698,0.1820618808528726,0.2182322318216201
SSP585,AFE,Country resampling,0,IE,2098,0.0628219408232773,-0.03473732689388048,-0.019669887292443438,-2.441660233676195e-4,0.028289755693955976,0.06067837902449613,0.10258415519126382,0.15305024357013408,0.18730733934852517,0.2257069763988457
SSP585,AFE,Country resampling,0,IE,2099,0.06365628889806774,-0.03629854043177797,-0.021507279516430132,-9.368385920579755e-4,0.027884156935160692,0.06148505620016831,0.10518833291982424,0.15831843240812218,0.19245665782731466,0.23333622235034304
SSP585,AFE,Country resampling,0,IE,2100,0.06447298670013668,-0.03836206282808469,-0.023484322492805285,-0.0018743828931312857,0.027837764472180226,0.06245654445643395,0.10803464902134904,0.16286519836497182,0.1995782412937341,0.24114546725948072
SSP585,AFE,Country resampling,1,M8,2021,-3.0875785312911574e-5,-2.701236723506833e-4,-2.321220436079019e-4,-1.9473682764065137e-4,-1.240954621772039e-4,-3.0246603632766433e-5,5.293260053496063e-5,1.3503571926607453e-4,1.810512821377118e-4,2.2892228003256178e-4
SSP585,AFE,Country resampling,1,M8,2022,-9.095696676841847e-5,-8.118869421081309e-4,-7.114195499357157e-4,-6.019631821833959e-4,-3.6870223083959597e-4,-8.797769092938612e-5,0.00017614987760705691,4.115569836914857e-4,5.641599790171535e-4,6.479688791327373e-4
SSP585,AFE,Country resampling,1,M8,2023,-1.8631551069925312e-4,-0.0017404112218610322,-0.0014910048067160399,-0.001281887471115095,-7.737032690696144e-4,-2.0059144915518523e-4,3.767705478483485e-4,8.788300533721261e-4,0.0011689088274110077,0.0013938525454023406
SSP585,AFE,Country resampling,1,M8,2024,-3.230025653311319e-4,-0.0031670509413693647,-0.0026049678736630223,-0.002200550946655433,-0.0013175377458584658,-3.589304879576538e-4,6.794205786494478e-4,0.001515312861219398,0.002004049007643338,0.002414188983541109
SSP585,AFE,Country resampling,1,M8,2025,-5.070399965672046e-4,-0.004902345940791436,-0.004017190772049911,-0.0034302164192696605,-0.002047499331461311,-5.474677913182568e-4,0.0010562444500655799,0.00234676707155832,0.0031218137753588836,0.0037374935020982438
SSP585,AFE,Country resampling,1,M8,2026,-7.903329686240745e-4,-0.007114156974924746,-0.00583471710200027,-0.004929233952705514,-0.002975085299304625,-8.540490295953496e-4,0.0014571213045392328,0.003343489846752124,0.004448625201157441,0.005226311777575609
SSP585,AFE,Country resampling,1,M8,2027,-0.001102246778650784,-0.009629230368494168,-0.007927890611202531,-0.0066963128091848565,-0.004092355327019487,-0.0012012700932392262,0.001869294098235108,0.004565425616938668,0.006017859273392378,0.0070638604131336765
SSP585,AFE,Country resampling,1,M8,2028,-0.0014818507526286329,-0.012574027513977067,-0.010360242015771315,-0.008734077508795979,-0.0053631556596606955,-0.0016299384090904812,0.002404612124866534,0.00591978262457502,0.007736820296095446,0.00909384169839909
SSP585,AFE,Country resampling,1,M8,2029,-0.0019351191403689239,-0.015926993861045617,-0.013148607120249322,-0.011059724295895523,-0.006892367007383132,-0.0021319834622722245,0.0029276664602091995,0.007483251117878709,0.00968802627315689,0.011453685281785652
SSP585,AFE,Country resampling,1,M8,2030,-0.0024679677537415845,-0.019636659545084225,-0.016299835741898683,-0.013670823082984307,-0.008673375332563543,-0.0027303446791443475,0.0034801965911603894,0.00915831309789219,0.011795208394344104,0.014124509242416622
SSP585,AFE,Country resampling,1,M8,2031,-0.0031764443528591313,-0.023986503265278892,-0.019964047390909595,-0.01673894146469399,-0.01056061964463395,-0.00344549260471666,0.004083382904522093,0.011037255068703455,0.014045732471639748,0.016974377969447646
SSP585,AFE,Country resampling,1,M8,2032,-0.003898864205918895,-0.028608514023387776,-0.02392461384271895,-0.02001623146507079,-0.01265752923236832,-0.004164154758361516,0.004780169616793284,0.01299542793478228,0.016561262781508046,0.020078858398878827
SSP585,AFE,Country resampling,1,M8,2033,-0.004718436931263059,-0.03379388766240657,-0.028274434406613647,-0.023530820647761595,-0.015012984244675676,-0.005004479188070843,0.00549950857689846,0.015093292882539537,0.019236957339722822,0.023500948977212836
SSP585,AFE,Country resampling,1,M8,2034,-0.005640730732179855,-0.03933058536444092,-0.03294242858789686,-0.027467227326971676,-0.01755120116756481,-0.005872308374033519,0.006243661493738284,0.017396360557480485,0.02226517831741318,0.027306897339955574
SSP585,AFE,Country resampling,1,M8,2035,-0.006671235939673448,-0.045291873405333666,-0.03791905952227255,-0.03168897586553802,-0.02028709049752503,-0.007066760269917927,0.0069042315240546714,0.01977215652289919,0.025531416596457267,0.03138215404104251
SSP585,AFE,Country resampling,1,M8,2036,-0.007947857531343638,-0.05188132277810137,-0.043492085752362665,-0.03645770482173305,-0.023505152132357127,-0.008355071331119623,0.007635131054445632,0.02210674401402728,0.02877900777369038,0.03561990929726894
SSP585,AFE,Country resampling,1,M8,2037,-0.009216599025537286,-0.058692495338971,-0.04913428418488746,-0.041428220166090934,-0.026859461238447235,-0.009642996481059818,0.008232084410419782,0.024654865187068345,0.03244581551248638,0.04025993928306343
SSP585,AFE,Country resampling,1,M8,2038,-0.010607483530951867,-0.06599394320028616,-0.0551731811577433,-0.046333588422205634,-0.030463521104123287,-0.011111349986716756,0.009017029795877818,0.027334239437512085,0.03631589066436165,0.04515012446622334
SSP585,AFE,Country resampling,1,M8,2039,-0.012125403862674689,-0.07372959407548185,-0.06182315752017044,-0.051823622423756176,-0.03412416354280118,-0.01254151711347995,0.009988626054587835,0.03041217491146189,0.04016560628715007,0.05030407607713654
SSP585,AFE,Country resampling,1,M8,2040,-0.013775148085708566,-0.08188438870138252,-0.06885741450016679,-0.057398150704052464,-0.03819147088730221,-0.014159695572521502,0.010713853494816072,0.03359852572756923,0.044301456378921716,0.055719954409252016
SSP585,AFE,Country resampling,1,M8,2041,-0.015671133930634795,-0.09049817542920155,-0.07632433803414981,-0.06373704052558168,-0.042462104012074287,-0.015923413828975608,0.011449669414731245,0.03691601594435916,0.049003155706982354,0.06132018623681651
SSP585,AFE,Country resampling,1,M8,2042,-0.017582201238796724,-0.09919960778669963,-0.08382110251679792,-0.07030598540224048,-0.0466688581277834,-0.017701991829933372,0.012211482652223216,0.04041262066173077,0.053417957982223305,0.06729456789487087
SSP585,AFE,Country resampling,1,M8,2043,-0.01963361948394793,-0.10826100820731077,-0.09162697434425432,-0.07709816683855429,-0.05133451742758449,-0.01972476773916837,0.013095740973417758,0.043935240023178924,0.058161422059285456,0.07353315513420919
SSP585,AFE,Country resampling,1,M8,2044,-0.021829310107796873,-0.11767337826386932,-0.09974262559648364,-0.08429016652080557,-0.05638103241216191,-0.02168343539870332,0.01423533902871621,0.047651385190184796,0.06371833786658197,0.0800351065348772
SSP585,AFE,Country resampling,1,M8,2045,-0.024173060205327834,-0.12742710755182082,-0.1081599038576766,-0.09140922364063774,-0.06166065743219662,-0.02387761541904615,0.014984486861004787,0.051491815806575296,0.06898371597694757,0.08679968700198895
SSP585,AFE,Country resampling,1,M8,2046,-0.026642423127710146,-0.1375321741546453,-0.11682869986726675,-0.09906779859566547,-0.06708995672302392,-0.02622313280744426,0.015916055529899886,0.05526779444896307,0.07446021153139068,0.0938549057656708
SSP585,AFE,Country resampling,1,M8,2047,-0.029249147400063902,-0.1479092171636738,-0.12578138120006324,-0.10703224773078888,-0.07241221676033949,-0.028789000798578823,0.017025725815471626,0.059432542699855775,0.08017427618466563,0.1012135563123843
SSP585,AFE,Country resampling,1,M8,2048,-0.032007344768257395,-0.1585889010029124,-0.13499969153647262,-0.11527985409293506,-0.07817162680966022,-0.031185751562736674,0.018266202419861544,0.06435432542580866,0.08609930906695581,0.10884316972451233
SSP585,AFE,Country resampling,1,M8,2049,-0.03491983851150704,-0.16957278087322852,-0.14447463820434095,-0.12379867093406327,-0.08425801664347207,-0.033971625959001495,0.019084066995047277,0.06865542447189231,0.09223580870667386,0.11674417921839779
SSP585,AFE,Country resampling,1,M8,2050,-0.037989295158588066,-0.18084258654750965,-0.15419588698669687,-0.13258175112962875,-0.08964241519298122,-0.03678783562582494,0.019952310752026137,0.07307835058886243,0.0986032259711122,0.12491714501141477
SSP585,AFE,Country resampling,1,M8,2051,-0.04088877498900001,-0.19201811552444709,-0.16376354013720784,-0.14120805137628756,-0.09566587202904811,-0.039185890602409956,0.02105042843169913,0.0777184807402521,0.10558403688627713,0.13366162924740263
SSP585,AFE,Country resampling,1,M8,2052,-0.044184813916362975,-0.2037130491840746,-0.17387562434474998,-0.1502024147473599,-0.10187363992570675,-0.04222129185608631,0.02181691387787893,0.08229199707986463,0.1135887298333229,0.14251222121574003
SSP585,AFE,Country resampling,1,M8,2053,-0.047633943808045864,-0.21563923001810517,-0.18419488752787377,-0.1593709048321599,-0.10858857224457066,-0.045516027594224906,0.022491122363376637,0.08727154718650516,0.12073417857200357,0.15165400343643753
SSP585,AFE,Country resampling,1,M8,2054,-0.051237691854134515,-0.22778282746514786,-0.19471006012000827,-0.16869747052131612,-0.11550906965179417,-0.048956440428043146,0.022926984770947456,0.09293747847827086,0.12751733842322419,0.16108927959721497
SSP585,AFE,Country resampling,1,M8,2055,-0.05499741528127533,-0.24012976704836914,-0.20541318826599367,-0.17817408596477394,-0.12263232181368647,-0.05234071331415757,0.023473409775443932,0.09877663747075911,0.13534891849059455,0.17082053593626007
SSP585,AFE,Country resampling,1,M8,2056,-0.058165743479520415,-0.2519697885762386,-0.21568038266922718,-0.18696896915950675,-0.1293843683905708,-0.05527862814852419,0.025148909001812936,0.10493661281577843,0.1440870769410968,0.1815645902245639
SSP585,AFE,Country resampling,1,M8,2057,-0.06209902559527225,-0.26457671423066526,-0.226778450107347,-0.19720237640833918,-0.13679106312378106,-0.058676354576068734,0.02570552549283256,0.11120234432593762,0.15292030724067185,0.19413903142804598
SSP585,AFE,Country resampling,1,M8,2058,-0.06617808860124241,-0.27733607643808045,-0.23820924818690845,-0.20725894805036488,-0.14432561072674335,-0.06226362420235565,0.02647256823232136,0.11710910492778573,0.1614842312537736,0.20801972644275382
SSP585,AFE,Country resampling,1,M8,2059,-0.07040309176205894,-0.290233248142322,-0.24980982119272405,-0.21733292877004484,-0.15203417945945738,-0.06597070571464553,0.027224318922760893,0.12383521284580479,0.17088638503975992,0.22153813464275016
SSP585,AFE,Country resampling,1,M8,2060,-0.07477402348718509,-0.30325356403065384,-0.2615689425626356,-0.22717532287572278,-0.15995011254335875,-0.06979778501916684,0.027961008649882213,0.13125565484455376,0.18049554261822595,0.2338021006504364
SSP585,AFE,Country resampling,1,M8,2061,-0.07799958721909395,-0.3152498906267627,-0.2724499078082461,-0.23585551110991304,-0.16691338337161363,-0.072794810525518,0.030327973481009907,0.13858243118822258,0.19045153322376626,0.246894427590208
SSP585,AFE,Country resampling,1,M8,2062,-0.08246655011343884,-0.3283298443896236,-0.28435141044665274,-0.24614042155532576,-0.17482802231589048,-0.07670968286666818,0.031313610534965786,0.14596007866619312,0.2009679784183083,0.2601775781859677
SSP585,AFE,Country resampling,1,M8,2063,-0.08706321312280707,-0.34148157042108435,-0.29605328046846924,-0.2569320183400306,-0.18299855019204686,-0.08058122467090711,0.032310480761716,0.15321873789328494,0.21187354018259882,0.2749045084144519
SSP585,AFE,Country resampling,1,M8,2064,-0.0917884430121716,-0.3546908332699878,-0.30733160601090115,-0.2678280554493822,-0.1913785923155099,-0.08493400014544111,0.03343553978392466,0.1606450026731027,0.22412052593394796,0.2885633721747638
SSP585,AFE,Country resampling,1,M8,2065,-0.09664095330502331,-0.36794355368823806,-0.3186276206540836,-0.278817358206926,-0.19978094525914958,-0.08943648642203211,0.03485583257434455,0.16815663264398098,0.2351052102899081,0.30422499282652565
SSP585,AFE,Country resampling,1,M8,2066,-0.09985434636960977,-0.3798037452251949,-0.32852683145878286,-0.2876104932293091,-0.20674441426042853,-0.09257558899940127,0.03664942902590107,0.17755001260478984,0.24760615528079102,0.32023957554807253
SSP585,AFE,Country resampling,1,M8,2067,-0.10475311485775896,-0.3929813519449147,-0.34080879794103613,-0.29853579182436124,-0.21528970899310096,-0.09694748431159866,0.03795449373862059,0.1856761607075268,0.2587489023328889,0.3358601544505984
SSP585,AFE,Country resampling,1,M8,2068,-0.10976121176075015,-0.4061569825245281,-0.3531533702608917,-0.3095111861296633,-0.22395860849293617,-0.10102691748267217,0.03951259606050078,0.1939061427998511,0.2726680638873008,0.3516727074533253
SSP585,AFE,Country resampling,1,M8,2069,-0.11487648007502271,-0.4193177267589616,-0.36552463494634446,-0.3206360656845978,-0.232673217133416,-0.10558611254951145,0.04108844947179435,0.20322099704268243,0.2854424958768819,0.3679230513929704
SSP585,AFE,Country resampling,1,M8,2070,-0.1200966398666452,-0.4324509796186531,-0.3779050407950363,-0.3319036503754038,-0.24119025726006652,-0.11021599854095948,0.04224261737160118,0.21221448591115474,0.2983892622938971,0.38468045399060696
SSP585,AFE,Country resampling,1,M8,2071,-0.12312022780071408,-0.4438646792863749,-0.38904422688213663,-0.3405789797074805,-0.24742476987831294,-0.11166924391190614,0.04480026264378073,0.22334028026058592,0.3130866415512362,0.40468130797852
SSP585,AFE,Country resampling,1,M8,2072,-0.12834210259015877,-0.4568100943912711,-0.40045091703970725,-0.351656905672766,-0.2561043282939015,-0.11639029438710041,0.04642603228178693,0.2330171412049087,0.3266368201260186,0.42286985815201905
SSP585,AFE,Country resampling,1,M8,2073,-0.13365092997146488,-0.46969031013123924,-0.4113724351478079,-0.36252355825592625,-0.26483103512712153,-0.12110032298605022,0.04849775447609772,0.2442721212622767,0.3415753105302658,0.4416449756317297
SSP585,AFE,Country resampling,1,M8,2074,-0.13904385609029646,-0.4824943876094928,-0.4222417722540039,-0.3728658662022617,-0.27359807315669477,-0.12570703073060008,0.05035904324773138,0.253827782550191,0.3570530456326182,0.46168919574265144
SSP585,AFE,Country resampling,1,M8,2075,-0.14451794204352975,-0.49495393480704136,-0.4343504678159341,-0.38411426255308684,-0.28234800353135336,-0.1304429326962122,0.05197719484374563,0.26393173395927444,0.37303468774122434,0.4819495871011884
SSP585,AFE,Country resampling,1,M8,2076,-0.14714313890851427,-0.504092323200896,-0.444524659548062,-0.3926399805142133,-0.2877893390498283,-0.13217860944435095,0.05577541194830349,0.27764346225936,0.3890503218364754,0.5056650486282795
SSP585,AFE,Country resampling,1,M8,2077,-0.15258097124288017,-0.5164950679996184,-0.4560233127160827,-0.40404317108113214,-0.2967228435146855,-0.1369097685894024,0.05797907951927511,0.28888137651574614,0.4060530518409713,0.5310784520229735
SSP585,AFE,Country resampling,1,M8,2078,-0.1580832432658268,-0.5287758117464937,-0.46594005305642,-0.4151073420457637,-0.3055116733894214,-0.14168433497477673,0.060736094602452495,0.3005562467362377,0.42236771399290185,0.5576307990946898
SSP585,AFE,Country resampling,1,M8,2079,-0.1636467116632332,-0.5410108638907086,-0.4775126473338911,-0.4264359934280262,-0.314132808860812,-0.14593508640510205,0.063548433853643,0.3127865600798983,0.4419241783988661,0.5889317608266011
SSP585,AFE,Country resampling,1,M8,2080,-0.1692680868822547,-0.5533465632221244,-0.4889836446801497,-0.43732508245668394,-0.32289349631593345,-0.15005483169285805,0.06642213611154502,0.32475973529933455,0.4608560219444804,0.615557346940808
SSP585,AFE,Country resampling,1,M8,2081,-0.17131377150565952,-0.5638340678379742,-0.498165999799648,-0.44534127240182286,-0.32806160823046543,-0.15158595100940803,0.07662841794854897,0.33996666134672926,0.47952352773195683,0.6463241381533581
SSP585,AFE,Country resampling,1,M8,2082,-0.17684153834311112,-0.5758553237325843,-0.5096114243256608,-0.45604620276552044,-0.3368381487434367,-0.15599821135547637,0.08246270187297627,0.3532374051384701,0.49967356918875705,0.673236097921161
SSP585,AFE,Country resampling,1,M8,2083,-0.18241087923935417,-0.5877292046096453,-0.5210126202927393,-0.46670494358223785,-0.34540154730839634,-0.16032254382384598,0.0861026112680181,0.36687429191403603,0.520492321697815,0.701058585350251
SSP585,AFE,Country resampling,1,M8,2084,-0.1880184032489166,-0.5994486642872536,-0.532318005470868,-0.47748612802770907,-0.35368807220717957,-0.16482753723836985,0.08920887456388815,0.38214255131044683,0.5420033308274941,0.7300686915402858
SSP585,AFE,Country resampling,1,M8,2085,-0.19366070928951373,-0.6110070958092393,-0.5434663984461755,-0.48815991064799885,-0.36192301263913695,-0.16954163516372667,0.09342953537213966,0.39750561835371323,0.5642312428683898,0.7661663413442147
SSP585,AFE,Country resampling,1,M8,2086,-0.1951134157205291,-0.6198894042372621,-0.5508613344761422,-0.494258244550987,-0.3661793205370638,-0.17058330428705093,0.10082349522701473,0.4176385128520874,0.5957167011101139,0.8074016226909303
SSP585,AFE,Country resampling,1,M8,2087,-0.20062422235733113,-0.6302849035841093,-0.5615440157619372,-0.5028882834667726,-0.37454181259111663,-0.1749757311818514,0.10533662215101702,0.4336787549993023,0.6229292388754476,0.8588011820690523
SSP585,AFE,Country resampling,1,M8,2088,-0.20615514649432298,-0.6404874008352763,-0.5721003432266222,-0.5116549540327165,-0.38288537024817393,-0.1783761636454108,0.11075095425416798,0.45465523140117886,0.6513801193820055,0.9022432128088412
SSP585,AFE,Country resampling,1,M8,2089,-0.21170286115340775,-0.6513419339411806,-0.5825253698312748,-0.5218827277072592,-0.39084368446333606,-0.18175813551651826,0.1144114245677183,0.4737172706079028,0.6811394642319457,0.9479894260774764
SSP585,AFE,Country resampling,1,M8,2090,-0.21726405952256234,-0.6621184027786259,-0.5928144729656801,-0.5324742425481215,-0.3983123824363042,-0.18554688856374418,0.11817406519864665,0.4930538907676686,0.7122822336533908,0.9860622817263468
SSP585,AFE,Country resampling,1,M8,2091,-0.2180211919953119,-0.6706483048666163,-0.6002651834686737,-0.5406697306463013,-0.401916640602398,-0.18460203179064988,0.12494573383990415,0.5180963098800833,0.7497354680809094,1.027969515330399
SSP585,AFE,Country resampling,1,M8,2092,-0.22342134296230443,-0.6806111595408831,-0.6102016876045462,-0.5504735806177251,-0.4103054183903609,-0.18849811672035188,0.12906190213970326,0.5366357646698893,0.7836310277641597,1.0688000250096965
SSP585,AFE,Country resampling,1,M8,2093,-0.2288223806169538,-0.6903810309141998,-0.6200589966918351,-0.5585301565514218,-0.41816282910581903,-0.19100098643465374,0.13329815908936143,0.5557608843890707,0.818610034629836,1.1110800309649556
SSP585,AFE,Country resampling,1,M8,2094,-0.2342212057123666,-0.6999400061617911,-0.6299603809581718,-0.5665067638096344,-0.42462493642294896,-0.19570818381003952,0.13988126288983993,0.5783040772875179,0.8496126588471591,1.1548700060376125
SSP585,AFE,Country resampling,1,M8,2095,-0.23961476256891012,-0.7092837226267379,-0.6395219827595289,-0.5741096121532316,-0.43200829131022334,-0.1997891514724333,0.14700842221160004,0.5992009166172628,0.88077903808217,1.2002337339340714
SSP585,AFE,Country resampling,1,M8,2096,-0.2395278020898124,-0.71465330684718,-0.6457488224598121,-0.5784337208851686,-0.4363315156831659,-0.19529490543187467,0.1591828907783096,0.6281186145353322,0.9164088160945614,1.2505771889004682
SSP585,AFE,Country resampling,1,M8,2097,-0.2446925474921502,-0.7226829749716727,-0.6549107265536547,-0.5854361638391862,-0.44385537322661184,-0.19754835267635562,0.16680311583657081,0.6513427438207766,0.9498417415084195,1.299584700902298
SSP585,AFE,Country resampling,1,M8,2098,-0.24984037133489645,-0.7305135719150632,-0.6639148621567531,-0.5934218366466883,-0.4524231144948101,-0.2015698396609179,0.1724354426712168,0.6755251621724301,0.992617194115237,1.350397189146903
SSP585,AFE,Country resampling,1,M8,2099,-0.25496854741644126,-0.7381411614756935,-0.6727594595925827,-0.6010527188804506,-0.4597062559512991,-0.20526313500746146,0.1804379886774935,0.702983550367895,1.0395021778181108,1.4030948831844468
SSP585,AFE,Country resampling,1,M8,2100,-0.2600744095258496,-0.7455245758602645,-0.6814430149454018,-0.6095416574032266,-0.4667911596404185,-0.20945479887776147,0.1879192379573537,0.7339659946751255,1.0893468590070716,1.4577626569410727
SSP585,AFE,Country resampling,1,M4,2021,-6.0680116560796193e-5,-2.8839410550920156e-4,-2.569486399791321e-4,-2.2139123499803626e-4,-1.4852708435167394e-4,-5.8294638343392435e-5,2.794750480145103e-5,1.0963757272506314e-4,1.550142210276605e-4,1.996407861568183e-4
SSP585,AFE,Country resampling,1,M4,2022,-1.6137420605022434e-4,-8.605098302524012e-4,-7.707664270639902e-4,-6.467470648390594e-4,-4.337107286720432e-4,-1.5025066923296526e-4,1.024185334265737e-4,3.527710459795719e-4,4.885331540465217e-4,5.897520215761119e-4
SSP585,AFE,Country resampling,1,M4,2023,-3.075560406703426e-4,-0.0018367574116017998,-0.0015673629531179234,-0.0013317158035562882,-8.775152580229872e-4,-3.244214137758106e-4,2.3891885564331083e-4,7.399703138845525e-4,0.001022830191127988,0.0012579087484908935
SSP585,AFE,Country resampling,1,M4,2024,-5.046766159272353e-4,-0.0031409495194604144,-0.0027472762055989973,-0.0022260697165148334,-0.0014839369338298936,-5.622188071326417e-4,4.7909406529139664e-4,0.0013084213524755086,0.0018014306371482265,0.00217472280872274
SSP585,AFE,Country resampling,1,M4,2025,-7.581561438133599e-4,-0.004894528769060014,-0.00426129496553741,-0.003452174733585178,-0.0022640796193136026,-8.442633550320711e-4,7.565095106291664e-4,0.002046121881069252,0.002796873068000172,0.003351672894312474
SSP585,AFE,Country resampling,1,M4,2026,-0.0011076110199439437,-0.0071968976349633534,-0.00606366921101893,-0.004973505316530435,-0.0032357694548927896,-0.001209821555327617,0.001061836955349893,0.002894496362102773,0.003945054363773825,0.004777899923386768
SSP585,AFE,Country resampling,1,M4,2027,-0.0015036309905791523,-0.009809110416330096,-0.008252408546766765,-0.006791404518812837,-0.0043885132641986735,-0.0016570762198619415,0.00138667544878196,0.003971093070813892,0.0053428876914504144,0.006522382805846297
SSP585,AFE,Country resampling,1,M4,2028,-0.001975338366012158,-0.012847200150391277,-0.010730208449172223,-0.008963672702343406,-0.005721209400408822,-0.0022304503280484167,0.0017905618171091264,0.005156656618879675,0.006830615509449277,0.008409916436201299
SSP585,AFE,Country resampling,1,M4,2029,-0.002528353731067412,-0.01632180481740018,-0.013633457122204368,-0.0114436069048103,-0.0072792599973561245,-0.002869153506161737,0.00224721079498974,0.006511798372593325,0.008603766425505017,0.010514930765802543
SSP585,AFE,Country resampling,1,M4,2030,-0.003168241910151748,-0.020239158628704443,-0.016959170592234316,-0.014150122540757348,-0.009066428590090436,-0.0035500762856826573,0.0026955072944114256,0.008072599293121386,0.010664742579791275,0.0128711986600654
SSP585,AFE,Country resampling,1,M4,2031,-0.003962683850585957,-0.024678414033885553,-0.020586584173420693,-0.017244330731022373,-0.011166483316721154,-0.004422521469251706,0.0032075737062080556,0.009790619293480596,0.012779635780707217,0.015553838468969945
SSP585,AFE,Country resampling,1,M4,2032,-0.00480535199359533,-0.029546271318630087,-0.02445488815192903,-0.02057963684386487,-0.013359542574026412,-0.005296949587153599,0.00373701905837287,0.011658733200067939,0.015198377467598853,0.01849071313211198
SSP585,AFE,Country resampling,1,M4,2033,-0.005752585421998413,-0.034778755180280556,-0.028747649360432254,-0.02417130804766373,-0.015853433758266172,-0.006346446215485746,0.004325746416356802,0.013718133931394271,0.017839524148974502,0.021710421499539303
SSP585,AFE,Country resampling,1,M4,2034,-0.006809784969755706,-0.040429202765495074,-0.03338371981531318,-0.028126719955193332,-0.018558358048968104,-0.007520702271027635,0.00489218475365466,0.01597806441959686,0.020641116731806308,0.025221124578080203
SSP585,AFE,Country resampling,1,M4,2035,-0.007982273847867316,-0.04647741024328119,-0.038381101456864665,-0.03248212049296628,-0.021520891750660964,-0.008772291652736408,0.005564273497054351,0.018060254601637547,0.02369267073182924,0.029031435927395346
SSP585,AFE,Country resampling,1,M4,2036,-0.009359172477183875,-0.05313104949711353,-0.04376116577044449,-0.037191720970300636,-0.02482443339272636,-0.01029138056535256,0.00628198435229127,0.0203518565741196,0.0270143809636775,0.03320602706770837
SSP585,AFE,Country resampling,1,M4,2037,-0.010784207579673022,-0.06009296587438457,-0.04955756289323079,-0.04214608541809004,-0.02826978189956056,-0.011840539342626855,0.0068977667046629665,0.022813413586948217,0.03066007074583544,0.03765981373780993
SSP585,AFE,Country resampling,1,M4,2038,-0.01233910899878976,-0.06748165779948744,-0.05569023370373895,-0.04749332097501507,-0.03188771408564231,-0.013469077722842615,0.007646064952143594,0.02548468282187997,0.03409797096964177,0.04216780789187088
SSP585,AFE,Country resampling,1,M4,2039,-0.014028703421743005,-0.0752929600658288,-0.062206514053850456,-0.05309616176026462,-0.03581998583104945,-0.015303829537577085,0.008254759211353158,0.028169211906604177,0.03806153875833756,0.04680272200298417
SSP585,AFE,Country resampling,1,M4,2040,-0.015857706496035684,-0.08352156027069518,-0.06908128539025395,-0.059079978112890605,-0.040030449611653696,-0.017213252418112335,0.008830286124870801,0.030824234968757858,0.0422228205003012,0.05166655177279813
SSP585,AFE,Country resampling,1,M4,2041,-0.01786800790648313,-0.09217201667361806,-0.07634488195830857,-0.06542789577058786,-0.04456800503973135,-0.019287511034070615,0.009306741930493356,0.033536087510273094,0.04658854150271904,0.05671587611040762
SSP585,AFE,Country resampling,1,M4,2042,-0.01997352278602138,-0.10119600166127891,-0.08392101878431744,-0.07233277933962716,-0.049283139545228255,-0.02138128434731551,0.010039135010215416,0.03631419179947661,0.05121448193313302,0.06205645583502806
SSP585,AFE,Country resampling,1,M4,2043,-0.022227584381829812,-0.11058798576245288,-0.09184043291601193,-0.07928149707278663,-0.05418836622161785,-0.02383256789673721,0.010782318193849283,0.04005927449186614,0.05571469932684969,0.06762556577751239
SSP585,AFE,Country resampling,1,M4,2044,-0.024634063516949523,-0.12027743445969659,-0.10009792422085445,-0.08645885978742643,-0.05934494982204369,-0.026284128180507682,0.011583619141568413,0.043157386306984416,0.06012550167457399,0.07342231753871402
SSP585,AFE,Country resampling,1,M4,2045,-0.027196683834873725,-0.13033198905641952,-0.10868771237804953,-0.09401793829851934,-0.06458957430952608,-0.0290264976746879,0.012116052232753749,0.046296091247896146,0.06505008336504224,0.07973525648906542
SSP585,AFE,Country resampling,1,M4,2046,-0.029797499799287808,-0.140728902357259,-0.11746236941647208,-0.10184522690026414,-0.0701816883878982,-0.03179898793065994,0.01266072382805189,0.04967583559054869,0.0701856850407251,0.08686561010759812
SSP585,AFE,Country resampling,1,M4,2047,-0.03263781338606675,-0.15163118713590776,-0.12666602020595913,-0.11001885060814849,-0.07599348645048809,-0.034825210293338404,0.013247552758494319,0.05421502398076535,0.07545955339640811,0.09435615118452516
SSP585,AFE,Country resampling,1,M4,2048,-0.035637921428845476,-0.1628597616755144,-0.13617561817579335,-0.1184880015636362,-0.0819929106999204,-0.037954458878378394,0.013605310711788277,0.05893482023602384,0.08131981373017994,0.10130495002786372
SSP585,AFE,Country resampling,1,M4,2049,-0.03880055278090622,-0.17433647583783102,-0.1459631699775787,-0.12724393105554502,-0.0879530749949256,-0.04123676904451995,0.013903775316252753,0.06291943539282678,0.08742118952981996,0.10817183257953092
SSP585,AFE,Country resampling,1,M4,2050,-0.042128262576115016,-0.18611611967071384,-0.1560346899175476,-0.136063233440956,-0.09401162697336438,-0.0446007257571418,0.01448140817140331,0.06695463467002287,0.09361988354408812,0.11524092313950259
SSP585,AFE,Country resampling,1,M4,2051,-0.04517766072890306,-0.19749588840681748,-0.16602625050249029,-0.1446801331565213,-0.10023121973171631,-0.04772709776550538,0.015279337332737342,0.07158468340170973,0.10027789907781628,0.12310182470253145
SSP585,AFE,Country resampling,1,M4,2052,-0.04874320469432791,-0.20972244355177627,-0.17678039095617085,-0.15420347000508744,-0.10704573575793261,-0.051375013765735555,0.015584603924068408,0.07604679703763975,0.10687992369396224,0.13117073329825907
SSP585,AFE,Country resampling,1,M4,2053,-0.05246964511658425,-0.22219689932620051,-0.18779388184602802,-0.16397935460310178,-0.11414863208620729,-0.05518263140422319,0.015782097310201637,0.08054517223216866,0.11414498654091643,0.13971046478226132
SSP585,AFE,Country resampling,1,M4,2054,-0.05635835062054739,-0.2349034894173039,-0.19905539347581,-0.17399911946457,-0.12148778721174316,-0.05907886888632796,0.016297052188682937,0.08511794504779663,0.1208939459010799,0.1485385008691305
SSP585,AFE,Country resampling,1,M4,2055,-0.06041050277447002,-0.24782607852269753,-0.2105532000237929,-0.1842536874332853,-0.12895647344300043,-0.06299740126300457,0.01674943516004873,0.08979114874995774,0.12824740020693498,0.1591404808592542
SSP585,AFE,Country resampling,1,M4,2056,-0.06374656202618356,-0.2597240620042775,-0.22144328526652546,-0.1935717611196553,-0.1358849875195341,-0.0664385435078576,0.017739689802027114,0.09514891395619858,0.13602092002241647,0.16923950420651482
SSP585,AFE,Country resampling,1,M4,2057,-0.0679795459711302,-0.2728659993982213,-0.23286024071182393,-0.20400899666400812,-0.1436739085139423,-0.07075627245173466,0.01812640042589303,0.10014227846564547,0.14389254381053532,0.17898575813512574
SSP585,AFE,Country resampling,1,M4,2058,-0.07236516174890173,-0.28616333166530616,-0.2443763924849617,-0.2139965122867551,-0.15168866403194245,-0.0751005321395844,0.018470525799490545,0.10630173562077067,0.15215774142258542,0.18897850758722265
SSP585,AFE,Country resampling,1,M4,2059,-0.07690336036049461,-0.2995991428537841,-0.25605291635640587,-0.2240932982473549,-0.15987289567316093,-0.07960722586661795,0.018769355431696777,0.11262965013022845,0.1611264991785213,0.1992639208514915
SSP585,AFE,Country resampling,1,M4,2060,-0.08159390722499182,-0.31314845360344024,-0.26787866857717013,-0.23509307766041726,-0.16822605477851083,-0.08443807021322786,0.01892619590681005,0.11771856458658814,0.17068458316750632,0.20984522533738317
SSP585,AFE,Country resampling,1,M4,2061,-0.08498713379464595,-0.3249303622754716,-0.27906020036005147,-0.24477670438862442,-0.17543833040594886,-0.0876591273968898,0.02057343566448372,0.12472463307171433,0.18040211812145876,0.2221461158459129
SSP585,AFE,Country resampling,1,M4,2062,-0.08977888107448329,-0.3384121433001532,-0.2910413799383298,-0.25591954720244203,-0.18398645887985504,-0.09251694827598755,0.021055344017467448,0.13025877999184535,0.1892172203381831,0.2335727294363535
SSP585,AFE,Country resampling,1,M4,2063,-0.09470617121315028,-0.3512864273700306,-0.3033007571320209,-0.2671974267669879,-0.19264813172988268,-0.09732293617947185,0.021335726527709375,0.13658166077626724,0.19825654177731797,0.24532992358537664
SSP585,AFE,Country resampling,1,M4,2064,-0.09976763603412941,-0.3641306904739642,-0.3153420299590572,-0.27859956715101925,-0.201444417877649,-0.10205079502768544,0.021495606477724805,0.14438941755693305,0.21073023558562987,0.25742317168638246
SSP585,AFE,Country resampling,1,M4,2065,-0.10496174225664578,-0.3769290878025254,-0.32765481564493526,-0.2900991589358512,-0.2103595113607953,-0.1070408557048696,0.02254653081068425,0.15148985206079196,0.22092437173610255,0.26996677093118143
SSP585,AFE,Country resampling,1,M4,2066,-0.10833407648908044,-0.388370573928293,-0.3375855874623486,-0.2987332258872144,-0.21688070885983396,-0.10924426836766238,0.02410256939483374,0.16071285829912194,0.23223908724046557,0.28468721142331255
SSP585,AFE,Country resampling,1,M4,2067,-0.1135793949478251,-0.4018055874582631,-0.34939216952637325,-0.3093100019396919,-0.2258041287549487,-0.11414811854253509,0.025664549296144756,0.16871733161662916,0.24344403739671527,0.3002690818448962
SSP585,AFE,Country resampling,1,M4,2068,-0.11893899490592952,-0.4152232997622523,-0.36126389258717867,-0.32057928439486383,-0.23496726632634735,-0.11947798233595919,0.026297378545084127,0.17673105157117666,0.2568170816906618,0.31449764197534746
SSP585,AFE,Country resampling,1,M4,2069,-0.12441047259638904,-0.4286094462191495,-0.37349910460837676,-0.3317496932301391,-0.24419965174035493,-0.12434756004454728,0.026759751817517607,0.18490532782863367,0.2691792744882441,0.3305567603425714
SSP585,AFE,Country resampling,1,M4,2070,-0.12999129185433778,-0.4419501512725255,-0.38572027129097847,-0.3433230122962645,-0.25336816422913083,-0.12996843071527098,0.02718590584352648,0.1928535727149464,0.2816454345930772,0.3471343833147407
SSP585,AFE,Country resampling,1,M4,2071,-0.1331613170383532,-0.4531601061587708,-0.3948978867698418,-0.35255945040097814,-0.26052159572866185,-0.13259442690255396,0.029549704018225043,0.2049459206093025,0.2947421007038862,0.36385145742438796
SSP585,AFE,Country resampling,1,M4,2072,-0.13874689152146313,-0.46663901747435094,-0.40693564640372104,-0.3638579719874855,-0.2699097259513352,-0.13785361525413448,0.03010912562441559,0.21415445442954373,0.3080018260320697,0.3816005596539292
SSP585,AFE,Country resampling,1,M4,2073,-0.14442343361291698,-0.48004483161429484,-0.4189245484550128,-0.3754762075345769,-0.2785998912813508,-0.14337316216406681,0.030651266785344966,0.223595561460705,0.32165230825327784,0.3999755360682085
SSP585,AFE,Country resampling,1,M4,2074,-0.15018783575061045,-0.49332819454507554,-0.4308537686995369,-0.38712462515575535,-0.28678755623161045,-0.1490103008628474,0.03117598175607228,0.23316061389376244,0.33530250134602324,0.41899703097582613
SSP585,AFE,Country resampling,1,M4,2075,-0.15603689794712583,-0.505339766169536,-0.4427128917288046,-0.39876624853303444,-0.2954706313865351,-0.1543729196327382,0.031683188991243505,0.2430579202123613,0.349235195269951,0.43946577929806735
SSP585,AFE,Country resampling,1,M4,2076,-0.15879387344716178,-0.5153936816508631,-0.45129467292739806,-0.4077475374841108,-0.3021044809971677,-0.15510617349715017,0.03477665884227277,0.2584291698585828,0.3649774027568898,0.46339704290991807
SSP585,AFE,Country resampling,1,M4,2077,-0.16460290526217147,-0.5281939583637197,-0.46350972434473875,-0.4183961692053729,-0.3111223022412073,-0.1605682779796052,0.03544853139452503,0.26819361753098725,0.37980198190349135,0.4833398255690933
SSP585,AFE,Country resampling,1,M4,2078,-0.1704791890533801,-0.540870303223215,-0.4756640357295121,-0.4292049836681981,-0.3196776516798327,-0.1661705040947724,0.036381186305925184,0.27817150776100175,0.39501928813426956,0.5039094390146969
SSP585,AFE,Country resampling,1,M4,2079,-0.17641922703272883,-0.5534130852216347,-0.48771017228533914,-0.4403018600544414,-0.3280943964760251,-0.1719334933086505,0.03805233579167877,0.28838710492862557,0.41063767802747203,0.5251764433505755
SSP585,AFE,Country resampling,1,M4,2080,-0.18241946974628964,-0.5656284339204259,-0.49966667626027556,-0.45045509515928317,-0.3373736605250509,-0.17763040751614162,0.039855724657630154,0.29884632423612634,0.42666578252880394,0.5471671891479254
SSP585,AFE,Country resampling,1,M4,2081,-0.18459237024970754,-0.5742041695906351,-0.509180610592962,-0.45904824060047217,-0.3427551387539419,-0.17974496147538577,0.0469853058451421,0.31422061558250847,0.4450703991995253,0.572870818749041
SSP585,AFE,Country resampling,1,M4,2082,-0.1904981050816702,-0.5857537181986355,-0.5209623903106639,-0.468937808386373,-0.3510495935110067,-0.1855661335522797,0.0490351232231972,0.3255356927320413,0.46341672170657877,0.5989618136158786
SSP585,AFE,Country resampling,1,M4,2083,-0.19644731599820664,-0.5971244436451846,-0.5323290821825252,-0.4785789884888773,-0.3596673812792089,-0.19143921644762651,0.05167085557875517,0.337133907513666,0.483532114473016,0.626162273818277
SSP585,AFE,Country resampling,1,M4,2084,-0.20243636282848243,-0.6082725606046404,-0.5435061355437909,-0.48961308997974845,-0.36774866542051854,-0.19733089592112957,0.053823427207332686,0.3490233055194555,0.5026144090877345,0.6522075744623014
SSP585,AFE,Country resampling,1,M4,2085,-0.20846159096441685,-0.61922053068078875,-0.5548986921933936,-0.49978547258210454,-0.3768030662989255,-0.20187732734762764,0.057493126190019894,0.3618962362469659,0.5222182950988402,0.6799421086143221
SSP585,AFE,Country resampling,1,M4,2086,-0.2100304618932224,-0.6267522168196017,-0.5632614662607529,-0.506200644986918,-0.3833484354079604,-0.20296779933489206,0.06367700333904103,0.3814211536110528,0.5483091271741946,0.7157975795336978
SSP585,AFE,Country resampling,1,M4,2087,-0.21592094708872855,-0.6373114426558207,-0.5743284723574026,-0.5168956249657992,-0.3916797026681349,-0.20876442878106594,0.06603316933865205,0.3952266391063134,0.5714594929740683,0.7454405256854055
SSP585,AFE,Country resampling,1,M4,2088,-0.2218324803635292,-0.6484733264384847,-0.5852594221261626,-0.527499588924753,-0.4012217973238996,-0.21387619368700211,0.0682168527226088,0.41139622925957775,0.5952752449534306,0.7834496052659283
SSP585,AFE,Country resampling,1,M4,2089,-0.22776148805479435,-0.6594774621690492,-0.596048775572006,-0.5380067589490726,-0.4106193409975323,-0.21895770600208286,0.07071029144228724,0.4258397176507975,0.6205580293275954,0.8244302190042395
SSP585,AFE,Country resampling,1,M4,2090,-0.23370441315296264,-0.6702735823803272,-0.6069638620212968,-0.5483730106085483,-0.41991614199831373,-0.22463993467858023,0.07443225248710705,0.44070905164078766,0.6505348183377194,0.8675066222994013
SSP585,AFE,Country resampling,1,M4,2091,-0.2345789313567026,-0.6785993998557219,-0.6147211025014349,-0.5540302140742962,-0.4243585906512695,-0.22540392755343397,0.08379155767396551,0.4652402481808707,0.6847415426499657,0.9011742107300061
SSP585,AFE,Country resampling,1,M4,2092,-0.2403572096576594,-0.6876174742774595,-0.624379453127492,-0.5629249369513596,-0.43289668965706685,-0.2297598529110481,0.0872143643007251,0.48085009175402127,0.7134307532338339,0.9496040843125833
SSP585,AFE,Country resampling,1,M4,2093,-0.24613638521603365,-0.6959342578606973,-0.6343515331560478,-0.5716959024523183,-0.44119567503454815,-0.23414129334933936,0.09019156716232657,0.49741584672997485,0.7433258128960432,1.002823993042818
SSP585,AFE,Country resampling,1,M4,2094,-0.25191311343582756,-0.7053124438831634,-0.6430168371082222,-0.5803852555480573,-0.4500116564448391,-0.23842026233839186,0.09643873700566113,0.5144486275263711,0.7707416435292455,1.0523274198684975
SSP585,AFE,Country resampling,1,M4,2095,-0.2576840901511198,-0.7147162588197175,-0.6520387399904799,-0.5889238526197065,-0.45857781675333126,-0.2418906015623839,0.09879299530069485,0.531929417106406,0.7981168620429819,1.1040083074294504
SSP585,AFE,Country resampling,1,M4,2096,-0.25772499744556465,-0.7211663151342522,-0.6586662912772142,-0.5950314747741718,-0.46251117149397775,-0.24076011986349105,0.110250805397056,0.5595637359269121,0.8371766159879641,1.1454656846945253
SSP585,AFE,Country resampling,1,M4,2097,-0.2632626544145885,-0.7290218430529937,-0.6668171385651975,-0.6030506298725687,-0.4702817955922435,-0.24516797358127085,0.11476449141377609,0.577616395091656,0.8683582054000604,1.2009706439207903
SSP585,AFE,Country resampling,1,M4,2098,-0.2687825086651977,-0.7365776483665369,-0.6748614314843812,-0.6118800529900059,-0.4785674919023646,-0.2483991858958034,0.11886605089441143,0.599731178640222,0.9006392468231619,1.2594883564138757
SSP585,AFE,Country resampling,1,M4,2099,-0.27428158726765084,-0.7439292738952499,-0.6836658438774231,-0.620285519884708,-0.4854388195015171,-0.25263219464073045,0.12354469538280971,0.6234463111420253,0.9340671599539242,1.307489837155442
SSP585,AFE,Country resampling,1,M4,2100,-0.2797569740449557,-0.7519819269862023,-0.6926187468785365,-0.62825107119634,-0.4928851099828602,-0.25580645153357584,0.1264665393007861,0.6472605800135793,0.9686918534238447,1.3572090456393244
SSP585,AFE,Country resampling,1,IE,2021,2.980433124788462e-5,-2.493434228528768e-5,-1.2821181167471661e-5,-2.609960438171297e-6,1.1795045601753484e-5,2.6703179494935725e-5,4.186369398245793e-5,5.542087245943295e-5,6.269430716438484e-5,7.024843214483157e-5
SSP585,AFE,Country resampling,1,IE,2022,7.041723928180588e-5,-8.581976550443015e-5,-5.124474237303555e-5,-2.099184412105437e-5,2.1864015944450532e-5,6.467652560304682e-5,1.088295490513369e-4,1.4926432159312333e-4,1.7513871434113307e-4,1.955930081071422e-4
SSP585,AFE,Country resampling,1,IE,2023,1.2124052997108947e-4,-1.9291603685422652e-4,-1.2172415383203128e-4,-5.776432519106755e-5,2.8439424883591746e-5,1.1501262528085254e-4,2.0383087774808462e-4,2.9075707181690507e-4,3.4229629403520473e-4,3.8559037127590395e-4
SSP585,AFE,Country resampling,1,IE,2024,1.8167405059610342e-4,-3.3386932768369456e-4,-2.2912730304467386e-4,-1.1031825467976428e-4,3.077201489520842e-5,1.759756514931876e-4,3.206280045212617e-4,4.6901880158207744e-4,5.678397194731677e-4,6.500761089731075e-4
SSP585,AFE,Country resampling,1,IE,2025,2.511161472461554e-4,-5.133622973816116e-4,-3.5499439283532826e-4,-1.8683971122869235e-4,2.66032345852818e-5,2.482188835785659e-4,4.607656986866382e-4,6.880657783982949e-4,8.501495538032865e-4,9.65831594765312e-4
SSP585,AFE,Country resampling,1,IE,2026,3.172780513198692e-4,-7.41840965408877e-4,-5.367350675242799e-4,-3.099296562735554e-4,2.292779496815278e-6,3.1294318298674684e-4,6.210861916561006e-4,9.379689293012474e-4,0.001172014398692006,0.0013326371460761319
SSP585,AFE,Country resampling,1,IE,2027,0.00040138421192836837,-9.872835244629174e-4,-7.546906279890741e-4,-4.2147133493345416e-4,-1.6459159653925415e-5,3.9989128961259723e-4,8.166560022265235e-4,0.0012298684901629775,0.0015656769118768067,0.001771494303945814
SSP585,AFE,Country resampling,1,IE,2028,4.934876133835253e-4,-0.0012974212748385367,-0.0010091655035239287,-5.787898054193108e-4,-3.70153048606936e-5,5.004866678702813e-4,0.0010337521211222223,0.0015644795606386654,0.0019896945680059445,0.0022716919672070403
SSP585,AFE,Country resampling,1,IE,2029,5.932345906984882e-4,-0.001622203650889223,-0.0012668518627718837,-7.279971228817516e-4,-6.189908268977584e-5,6.049251871342309e-4,0.0012731207192848704,0.0019279519209210228,0.0024606484972409626,0.002825534249258704
SSP585,AFE,Country resampling,1,IE,2030,7.002741564101633e-4,-0.001990269505159245,-0.0015429090459723016,-9.17822118635625e-4,-9.76454486104339e-5,7.110578283986424e-4,0.0015348530028383989,0.002341514718422855,0.0029794399507722495,0.0034324084634793028
SSP585,AFE,Country resampling,1,IE,2031,7.862394977268261e-4,-0.0024045465114606005,-0.0018962483176197086,-0.0011420506515696816,-1.6598351010913004e-4,8.053782967525902e-4,0.0017954649991610006,0.002754942105422875,0.003546117713158281,0.004067454967394191
SSP585,AFE,Country resampling,1,IE,2032,9.064877876764355e-4,-0.002811643214972423,-0.002248322989858581,-0.001374011160236177,-2.2016819777118113e-4,9.297106317373016e-4,0.002106902657382531,0.003242683127309953,0.0041247577077819664,0.004786308526626903
SSP585,AFE,Country resampling,1,IE,2033,0.0010341484907353538,-0.003237926805576152,-0.002574069028723136,-0.0016141622304937432,-2.649559531760215e-4,0.0010600609073422307,0.0024373012789687676,0.0037669809944386734,0.0047586466690133274,0.0055306366142867935
SSP585,AFE,Country resampling,1,IE,2034,0.0011690542375758506,-0.0036807108954695716,-0.002905167678017417,-0.0018691633146445397,-3.2035756445780716e-4,0.0012169004569759223,0.0027670745254061713,0.004338747175725554,0.005459812704189958,0.006319522587002556
SSP585,AFE,Country resampling,1,IE,2035,0.0013110379081938683,-0.004137071661539931,-0.0033072965414255692,-0.0021531550320251,-3.6972818983782574e-4,0.0013685956912933839,0.0031412174910959156,0.004952773226265583,0.0062066046205660795,0.007150885163768498
SSP585,AFE,Country resampling,1,IE,2036,0.0014113149458402363,-0.004748114733589356,-0.0037920613457582183,-0.0024840891550031996,-4.8025333986834173e-4,0.0014905666953144991,0.0034879759823575884,0.005527467925230178,0.006931638178300503,0.008050086412714211
SSP585,AFE,Country resampling,1,IE,2037,0.0015676085541357354,-0.005307998056693908,-0.004229234156532363,-0.0027800938079487023,-5.239527260109123e-4,0.0016524816024408029,0.0038948359081034667,0.006174776967942953,0.007746133219742512,0.008974306711499722
SSP585,AFE,Country resampling,1,IE,2038,0.001731625467837894,-0.005865682360694563,-0.004735874646606536,-0.0030958127070033533,-5.728717537619166e-4,0.001835530054934309,0.004350824048354018,0.006870499002332275,0.008586406082985814,0.009937622234368046
SSP585,AFE,Country resampling,1,IE,2039,0.0019032995590683166,-0.006414254244897236,-0.005215661682479588,-0.0033646436967180947,-6.499250514910293e-4,0.002038779728779583,0.004802389152874648,0.007575134174387133,0.00945564710902234,0.01093747958152146
SSP585,AFE,Country resampling,1,IE,2040,0.0020825584103271177,-0.007050702589297253,-0.005715265186612218,-0.0036657135603477497,-6.935760791004497e-4,0.002242661293026693,0.005249998591879801,0.00829479630089668,0.010351580717544431,0.011972313678551305
SSP585,AFE,Country resampling,1,IE,2041,0.0021968739758483347,-0.0076948951244760425,-0.006299594624370353,-0.004040231104307068,-8.319909806832337e-4,0.0023319049194170383,0.005684973765737761,0.00903310791337698,0.011251972180863897,0.013096047700420303
SSP585,AFE,Country resampling,1,IE,2042,0.0023913215472246563,-0.008330817839199945,-0.006906477645395447,-0.004359467468152034,-8.808982815861066e-4,0.0025472341754819716,0.006157140806965472,0.009861242378413116,0.012231880351308021,0.014267576048048985
SSP585,AFE,Country resampling,1,IE,2043,0.002593964897881884,-0.008981805620384909,-0.007429165803830818,-0.004712658848036622,-9.746974514751872e-4,0.0027345341502111875,0.006668098802947886,0.010714134012410437,0.01330648253446116,0.015607918811526802
SSP585,AFE,Country resampling,1,IE,2044,0.0028047534091526494,-0.009643799634307887,-0.007984945615075179,-0.004979719695791207,-9.805144511638997e-4,0.0029644192580954853,0.007187627255335616,0.011556044297160473,0.014449911163335388,0.01701431284246735
SSP585,AFE,Country resampling,1,IE,2045,0.0030236236295458907,-0.01031454191303279,-0.008563171639857297,-0.00535585787404449,-0.0010343866322418682,0.0032307814763111176,0.007743681845418127,0.012430084474326033,0.015538763741791549,0.018438567920672607
SSP585,AFE,Country resampling,1,IE,2046,0.0031550766715776613,-0.01123655663795226,-0.009199204263016092,-0.0057484210880160425,-0.001151739031669069,0.0034061942894733077,0.008265578906458099,0.01333228992985005,0.016557267776888367,0.019605942316289402
SSP585,AFE,Country resampling,1,IE,2047,0.003388665986002848,-0.011981156928565606,-0.009750622377540208,-0.0060189726343463194,-0.0011704127142627974,0.0036654023157283167,0.00883316012727936,0.014328540038092152,0.017654426999485242,0.0209828997809279
SSP585,AFE,Country resampling,1,IE,2048,0.0036305766605880807,-0.012784256703869814,-0.010343330198312845,-0.00639744463651004,-0.0011695477265789567,0.00394459064797148,0.009397006765390986,0.015433524199154981,0.018879058064950358,0.022389310232162854
SSP585,AFE,Country resampling,1,IE,2049,0.003880714269399177,-0.01361698567389415,-0.010789130660635448,-0.006774484289989557,-0.0011501673658522171,0.004335002704642599,0.010036006804706038,0.016567645429844315,0.020195682570206614,0.02391610921776418
SSP585,AFE,Country resampling,1,IE,2050,0.004138967417526951,-0.014277447219202186,-0.011232186913787029,-0.007130565537015232,-0.001205243397875727,0.004629556874230278,0.01065601966185531,0.017685934154684405,0.02135877709406439,0.025511989642798494
SSP585,AFE,Country resampling,1,IE,2051,0.004288885739903048,-0.015169628427039167,-0.01196896822542749,-0.007613869723249922,-0.0013567908069055945,0.004820470980818281,0.011215381640834687,0.018675275456474627,0.022587088901908945,0.0271431778929208
SSP585,AFE,Country resampling,1,IE,2052,0.004558390777964938,-0.015753016925891882,-0.012575067892594882,-0.008056772423730275,-0.0013788004238108886,0.005161450509316545,0.011859303796772441,0.01971179197107885,0.023891156464436545,0.029018655350329728
SSP585,AFE,Country resampling,1,IE,2053,0.004835701308538387,-0.016386787371410787,-0.012977622211213761,-0.008428161165000635,-0.0014050502432096101,0.005623459965373057,0.012514572310460076,0.020863713108776872,0.02557845329162656,0.030797536573353018
SSP585,AFE,Country resampling,1,IE,2054,0.005120658766412878,-0.017044171505243236,-0.013676830982920794,-0.00883872577121394,-0.0014598324383599814,0.005947818633833757,0.013294921013903949,0.02204654128089457,0.02719849838126014,0.032465866773182285
SSP585,AFE,Country resampling,1,IE,2055,0.00541308749319469,-0.017978225617201686,-0.014240507332534305,-0.009193050324489603,-0.001479184702067926,0.006352411522490664,0.014024628110572729,0.023440442240667263,0.028621642728271144,0.03450709960130274
SSP585,AFE,Country resampling,1,IE,2056,0.005580818546663147,-0.019034973479182087,-0.015142390330577819,-0.00984352550403168,-0.0016256511025591058,0.006628361102955449,0.014764996473757619,0.02462243550914923,0.03019195820237062,0.03643262323363053
SSP585,AFE,Country resampling,1,IE,2057,0.005880520375857956,-0.019876986050731172,-0.015871898426737363,-0.010402018635992594,-0.0015594417729054288,0.007148645684430022,0.01562500637810671,0.025928240336080426,0.031563993741437556,0.03876805895741378
SSP585,AFE,Country resampling,1,IE,2058,0.006187073147659317,-0.02049916211953809,-0.016662890649608034,-0.010841878432145435,-0.0015850041865778652,0.007607143344789735,0.016549032339798986,0.027199682345631228,0.03340112941118878,0.040857337270020104
SSP585,AFE,Country resampling,1,IE,2059,0.006500268598435666,-0.02031518030874276,-0.017229124457615215,-0.011143919743323925,-0.0015709404764706336,0.007924435572966515,0.017413749270485168,0.028573292450296453,0.035195705421534725,0.04300504258678365
SSP585,AFE,Country resampling,1,IE,2060,0.006819883737806731,-0.021108160000476824,-0.0178211333928593,-0.011495785234669929,-0.0015570579125407935,0.008549503781342893,0.018264030066093645,0.030065744439697728,0.037128881690403445,0.045210691956769536
SSP585,AFE,Country resampling,1,IE,2061,0.006987546575552006,-0.022298837662433124,-0.018511145405475448,-0.012158284479550929,-0.0017953719999204698,0.008690842360758788,0.01913758865011514,0.031349180773403186,0.039879364920153745,0.04736532975738435
SSP585,AFE,Country resampling,1,IE,2062,0.007312330961044444,-0.02347472423504866,-0.01893888283223201,-0.012585912352617723,-0.0018681430387259834,0.00915576756554115,0.020024791431816402,0.03297718092820472,0.0415436930298399,0.04913049119121262
SSP585,AFE,Country resampling,1,IE,2063,0.00764295809034321,-0.024444111247584138,-0.019218517155190084,-0.01316942239799549,-0.0019920157322994014,0.009607488028472833,0.021190377714546016,0.034481050336636246,0.043575022392432196,0.05105989658781404
SSP585,AFE,Country resampling,1,IE,2064,0.00797919302195782,-0.02543791818126472,-0.019615406230577163,-0.013372092732219018,-0.0019463145780296565,0.010055014451936517,0.022128265955458054,0.03618878310132663,0.046177295930962634,0.05371441257140662
SSP585,AFE,Country resampling,1,IE,2065,0.008320788951622471,-0.026453382002849374,-0.01994643357064401,-0.01389243327531101,-0.0019155208878073315,0.010499242265739173,0.023026252237068445,0.03780493889867692,0.04804965132428019,0.05615650256738128
SSP585,AFE,Country resampling,1,IE,2066,0.008479730119470674,-0.027550310984146422,-0.021337354825681828,-0.014638681597715586,-0.002250866862718137,0.010830417352783228,0.023933296191864767,0.03935758268453038,0.04953631214026066,0.05995394016142644
SSP585,AFE,Country resampling,1,IE,2067,0.008826280090066141,-0.027843391193724868,-0.02121589269256332,-0.014923143699743567,-0.002385317633858297,0.01129951692048159,0.024871761604703252,0.040720046723611014,0.05213541061983062,0.0632558810853607
SSP585,AFE,Country resampling,1,IE,2068,0.009177783145179363,-0.02854561322622031,-0.02178696228012507,-0.015572615423885426,-0.002284043590390805,0.011815172806712015,0.026059942817329595,0.042445276603787434,0.0541403414412628,0.06618605221606881
SSP585,AFE,Country resampling,1,IE,2069,0.00953399252136633,-0.029497019903747673,-0.022558565347896287,-0.016145082780189335,-0.002333113742638754,0.012328361942550825,0.027030564583893774,0.04468458255290615,0.05594894329127453,0.0698931904987433
SSP585,AFE,Country resampling,1,IE,2070,0.009894651987692571,-0.030453072735401047,-0.023690207364331656,-0.01635073587157313,-0.002264751433478873,0.012840641093460892,0.02820259996066085,0.04649556230192306,0.058458297071530066,0.0730428709360334
SSP585,AFE,Country resampling,1,IE,2071,0.010041089237639134,-0.03235397305073104,-0.025017941457020486,-0.017211802850343606,-0.0025978758263940083,0.013269330800639856,0.02923250083024556,0.04793803099500893,0.06091138404509213,0.07693702858572635
SSP585,AFE,Country resampling,1,IE,2072,0.010404788931304365,-0.03307284770328623,-0.025691835433978117,-0.017314445674734058,-0.0025538197516935535,0.013629334819872496,0.030519490577380043,0.0499905762423312,0.06368460245483355,0.08040713360648807
SSP585,AFE,Country resampling,1,IE,2073,0.010772503641452102,-0.033941055184738736,-0.02628570755955348,-0.017657571148437565,-0.002543158416072777,0.01412186834753587,0.03176311492147724,0.05194324639656413,0.06643896731267897,0.08431033402245414
SSP585,AFE,Country resampling,1,IE,2074,0.011143979660313996,-0.03489918726697481,-0.027042247680438048,-0.01784314855089708,-0.0025076929392470193,0.014819159057310627,0.033085368130121307,0.05463234491968756,0.06974202126009617,0.08801872155881171
SSP585,AFE,Country resampling,1,IE,2075,0.011518955903596084,-0.0360896090820548,-0.027567078911982294,-0.018218668922535607,-0.002448901191555497,0.015372588865577907,0.034027793066569334,0.05757039697518864,0.07247640412555886,0.09184564040665553
SSP585,AFE,Country resampling,1,IE,2076,0.011650734538647511,-0.037046522635572524,-0.029078086339696132,-0.019021697619396396,-0.0030217629700539372,0.015654167971670352,0.035184198919758436,0.05982520375917279,0.07557911230422783,0.09658761449620175
SSP585,AFE,Country resampling,1,IE,2077,0.012021934019291303,-0.03822585605845603,-0.03017477472974696,-0.019231114685032292,-0.0029854911705544107,0.016219431115806093,0.03663187530490433,0.06305820760963946,0.079979541111283,0.1004570282758738
SSP585,AFE,Country resampling,1,IE,2078,0.01239594578755332,-0.039380522120799066,-0.031324048504485294,-0.019570574268385765,-0.002958977734979995,0.016746907754757123,0.03800837618358338,0.06667881934072377,0.08412838314308038,0.10481175011858777
SSP585,AFE,Country resampling,1,IE,2079,0.01277251536949564,-0.0410145618325326,-0.03251894665891451,-0.0198441830772912,-0.002820177794198464,0.017310136691364608,0.03935916683914659,0.06998166968245662,0.08800662113124319,0.11090444601898126
SSP585,AFE,Country resampling,1,IE,2080,0.013151382864034944,-0.042798638140672765,-0.03373686847051425,-0.020224586314731417,-0.0028823215220299125,0.018033198653942928,0.04088539112135575,0.07268913911344789,0.09219175164610321,0.11813979829136619
SSP585,AFE,Country resampling,1,IE,2081,0.01327859874404802,-0.04478466021276521,-0.03528111804320781,-0.021334769189195645,-0.0033553502087849685,0.017896893053416574,0.04223422037698307,0.07585767468263287,0.09675665002483638,0.12211289834291862
SSP585,AFE,Country resampling,1,IE,2082,0.013656566738559084,-0.04498971430597257,-0.03584072463257905,-0.021668924891365026,-0.003355026681995915,0.018522802020512485,0.043289520472054616,0.07828005361867815,0.10113257653350749,0.1287605080423168
SSP585,AFE,Country resampling,1,IE,2083,0.014036436758852466,-0.046294889615396725,-0.036336317783434886,-0.021921989797529174,-0.003424517820732942,0.019164870974384463,0.04503872373559173,0.08126510252285352,0.10630377446293104,0.13563723530374086
SSP585,AFE,Country resampling,1,IE,2084,0.01441795957956582,-0.048359173341929206,-0.03683734257329474,-0.022309971840469386,-0.003526420489866261,0.01977565398400577,0.047032698902685216,0.08463399888103294,0.11172802051323767,0.141101259173419
SSP585,AFE,Country resampling,1,IE,2085,0.014800881674903121,-0.05012553925733998,-0.03793600831794226,-0.022686576490719843,-0.003385838106675032,0.02021246192144538,0.048248800516616897,0.08802476620418972,0.11672967366411252,0.14666483481270295
SSP585,AFE,Country resampling,1,IE,2086,0.014917046172693293,-0.05306466153517399,-0.03913227783255802,-0.02376181375226399,-0.00373544367550796,0.0202809951148199,0.049656523989667356,0.09259705991345296,0.1215805015248109,0.15235868434924776
SSP585,AFE,Country resampling,1,IE,2087,0.015296724731397426,-0.055117021667982574,-0.04076842093633898,-0.024031718879816262,-0.003670835575329434,0.020988782555493857,0.05092580488208495,0.09589777755650855,0.12642565934044844,0.15958242384372923
SSP585,AFE,Country resampling,1,IE,2088,0.015677333869206223,-0.05710517386246622,-0.04181707362443598,-0.024248947009329322,-0.003828354900067249,0.02138220756206899,0.053003220265389006,0.09922958519477319,0.13349743220017254,0.1644779858503573
SSP585,AFE,Country resampling,1,IE,2089,0.016058626901386597,-0.05929287773420041,-0.042718149075441296,-0.02463450579381253,-0.0035517156556170715,0.022171998281970362,0.05484411765219532,0.1028954156698079,0.14035696303275794,0.17529681629966412
SSP585,AFE,Country resampling,1,IE,2090,0.016440353630400306,-0.06171803536713574,-0.04350346148466439,-0.025562533553104637,-0.0034979296525204373,0.022810734236607344,0.05676369861966968,0.10684560592575179,0.14715528875389697,0.1850312189415501
SSP585,AFE,Country resampling,1,IE,2091,0.01655773936139071,-0.0665551440599087,-0.045890052519746885,-0.027115410682186147,-0.00424523969467841,0.02247606718578582,0.05813063380251024,0.11164925446163673,0.15275400606854078,0.19817896556903722
SSP585,AFE,Country resampling,1,IE,2092,0.016935866695354962,-0.06905449764645662,-0.046774169410236134,-0.027409553177453746,-0.004011600317616465,0.023118749992023235,0.060533977567965164,0.1160089643861708,0.16379984674063275,0.21232415589350678
SSP585,AFE,Country resampling,1,IE,2093,0.017314004599079835,-0.07163149944471311,-0.047156083251886825,-0.027648491616352296,-0.0039963950668366055,0.023919631020165755,0.062247038622576356,0.1203469312524536,0.17260967340589062,0.22149873004295195
SSP585,AFE,Country resampling,1,IE,2094,0.017691907723460965,-0.07378436970838895,-0.04755275989823816,-0.02853091291841154,-0.0038273200385411654,0.024363471240019252,0.06408263520968605,0.1259433908320885,0.1822446388519801,0.2311208928734279
SSP585,AFE,Country resampling,1,IE,2095,0.018069327582209693,-0.07682195681672299,-0.04783123700052801,-0.029209921030935282,-0.0038545957584937007,0.0247637537583294,0.06617286885863255,0.12880176889087766,0.19119394620175978,0.24101270792737622
SSP585,AFE,Country resampling,1,IE,2096,0.01819719535575226,-0.0804778058886373,-0.050742132056066196,-0.030322673645429184,-0.004413628210546805,0.02476131967452444,0.06791875691883498,0.13394915215818257,0.20069987036448014,0.2531798533632388
SSP585,AFE,Country resampling,1,IE,2097,0.018570106922438323,-0.0816685613790197,-0.05193526377172608,-0.03131335446513541,-0.004343131126638838,0.025855196877530184,0.07038233376079597,0.14164494883828466,0.21112897443071596,0.2635169283601417
SSP585,AFE,Country resampling,1,IE,2098,0.018942137330301256,-0.08269178087835959,-0.05259893035539667,-0.03139501993742677,-0.004226646001320639,0.02663749891582723,0.07180578864767337,0.14772708011929842,0.22312619189846702,0.27420319852987923
SSP585,AFE,Country resampling,1,IE,2099,0.01931303985120958,-0.08365540200120332,-0.05317312009750555,-0.03142559916340426,-0.004171188797837816,0.027701135736408977,0.07421936393537842,0.15386267484557636,0.2313953984619032,0.28902751940571303
SSP585,AFE,Country resampling,1,IE,2100,0.019682564519106105,-0.08455501864459304,-0.05483626232405748,-0.031661984237687374,-0.004016997873848266,0.02850457111072985,0.0765860967990209,0.15930289039477147,0.24145970460373967,0.3066060736303213
SSP585,AFE,Country resampling,2,M8,2021,-2.283323351759403e-5,-2.7613992388649536e-4,-2.483355447675806e-4,-1.9270906306240176e-4,-1.1089210327033805e-4,-2.6339622667181928e-5,6.189241361398423e-5,1.5607099014298688e-4,2.2100419288499906e-4,2.600947981646784e-4
SSP585,AFE,Country resampling,2,M8,2022,-1.0879560608723082e-4,-8.587574053506908e-4,-7.744607594667829e-4,-6.21737234264641e-4,-3.880314928573769e-4,-1.1943325775121139e-4,1.6898390197123137e-4,4.309799206755117e-4,5.615372146562601e-4,7.256232886053204e-4
SSP585,AFE,Country resampling,2,M8,2023,-2.2702425935772208e-4,-0.0018700920022190288,-0.0016683567455027968,-0.0013343458671253748,-8.205064698282027e-4,-2.3972498468760595e-4,3.9360914939262637e-4,9.158111511147429e-4,0.0012013080556799282,0.0015521146929776907
SSP585,AFE,Country resampling,2,M8,2024,-3.8136239024577634e-4,-0.003348045174028058,-0.0028303483739005155,-0.002307771757263377,-0.0014188804819609269,-3.859150562315894e-4,7.059824397718795e-4,0.001664826164774658,0.002163808106817421,0.002672764117253334
SSP585,AFE,Country resampling,2,M8,2025,-5.756647116520464e-4,-0.0051893151735240145,-0.004420455019087932,-0.00358204088146834,-0.0021789409905434987,-5.774063362458115e-4,0.0011669194041655784,0.0026076686027023846,0.0033966087282947697,0.0042745844202247574
SSP585,AFE,Country resampling,2,M8,2026,-8.559972965639373e-4,-0.007669637081979253,-0.006427257783073026,-0.005215592910028333,-0.0031707320606802203,-8.380654390335307e-4,0.0016393114130424102,0.0038471401721857706,0.004876593274338858,0.006120525009483272
SSP585,AFE,Country resampling,2,M8,2027,-0.0011546691680186516,-0.01041243341711367,-0.008914978113329669,-0.007134814526185129,-0.004256598731420758,-0.0011361673513918813,0.002290975424846853,0.005280073940814378,0.006718752930037339,0.008555522406487598
SSP585,AFE,Country resampling,2,M8,2028,-0.0015064751132123355,-0.013568742150916436,-0.011622176963501329,-0.009346236112204143,-0.005577829214194419,-0.0015285352196501845,0.00306434200191269,0.006855125058392298,0.008772999653562945,0.011265356897468054
SSP585,AFE,Country resampling,2,M8,2029,-0.0019152187563192813,-0.01732685868942772,-0.01480727543206714,-0.011881468614940839,-0.007119348971583284,-0.0019728174366446805,0.003927999918203751,0.00873045949003004,0.01121661283871762,0.014351508949532576
SSP585,AFE,Country resampling,2,M8,2030,-0.002384684282001226,-0.021597843506006076,-0.018193041317436518,-0.014722840279326865,-0.008855825070960333,-0.0024743414340938075,0.004998733545399259,0.010855220462046143,0.014149113701321499,0.01786587619528627
SSP585,AFE,Country resampling,2,M8,2031,-0.002999565287811201,-0.026242791189114253,-0.022342011228757307,-0.01797119846379933,-0.010856356361448716,-0.002770280019943061,0.006018752202422151,0.013179973035000115,0.01735135395826214,0.02170290985155414
SSP585,AFE,Country resampling,2,M8,2032,-0.0036119959214248043,-0.03121004991792133,-0.02666298099456833,-0.021499009837992022,-0.01303587338153811,-0.003349177768158018,0.007183518490519458,0.015997775116155123,0.02073067571787167,0.025973345857080048
SSP585,AFE,Country resampling,2,M8,2033,-0.004296018480253405,-0.03659010446986822,-0.031397652291113576,-0.025332339165090357,-0.015252293087425844,-0.004000419366882835,0.008496046884255593,0.018911724132542985,0.024274732544598287,0.030645964608111538
SSP585,AFE,Country resampling,2,M8,2034,-0.005055151447414863,-0.042374052194236275,-0.03661648412181491,-0.02955338834902278,-0.01781765738399435,-0.00472958029637055,0.009721859663853583,0.02196311927737447,0.02812786554793034,0.035715348895124024
SSP585,AFE,Country resampling,2,M8,2035,-0.0058928795178391224,-0.048549669063741745,-0.04208411125368714,-0.0341152762405411,-0.020530021643103857,-0.005354492131014299,0.011160946094962432,0.025334033511043314,0.03244026633263923,0.041364113277545
SSP585,AFE,Country resampling,2,M8,2036,-0.006930743969047137,-0.05535125883071671,-0.04809338707504807,-0.03910464697280744,-0.023590834523537663,-0.006194501012573628,0.01270454046035574,0.02902139787605562,0.03686919946071673,0.04771351459793782
SSP585,AFE,Country resampling,2,M8,2037,-0.007940750795684126,-0.06227355259271788,-0.054346313568461556,-0.044259918898739925,-0.026614842584322812,-0.006963509843034454,0.014233338856810107,0.03282228166463781,0.041845139792225636,0.054399727654338564
SSP585,AFE,Country resampling,2,M8,2038,-0.009037750353850793,-0.06949529108830585,-0.060991570827332864,-0.04981749843661258,-0.030017919757344497,-0.007906901755335538,0.015764766548720388,0.036652421447052747,0.047238373988915845,0.061454286235427515
SSP585,AFE,Country resampling,2,M8,2039,-0.010224851291842363,-0.0767218899265492,-0.0681018096857291,-0.05563338311060415,-0.033491178851618564,-0.00888254784524839,0.017299709717190748,0.0410318785767486,0.05298398191328874,0.0689891190333083
SSP585,AFE,Country resampling,2,M8,2040,-0.011505117408748822,-0.08501701634449252,-0.07529748133078128,-0.061631893812729745,-0.037309419068577904,-0.009756077721918444,0.019019121072721523,0.04572918076701596,0.05882289787784338,0.07701591383196447
SSP585,AFE,Country resampling,2,M8,2041,-0.012991365012482659,-0.09375107645315914,-0.08323682567746388,-0.06811462389306856,-0.04137467491776667,-0.011121206648638027,0.020579055343605768,0.0503253865127999,0.06488766061728694,0.08532301906416223
SSP585,AFE,Country resampling,2,M8,2042,-0.01445863177281359,-0.10270532177899185,-0.0908809682004577,-0.07485150112775071,-0.045531522564087684,-0.012557434577399607,0.022422857747875558,0.05549435642709837,0.07150714236764336,0.09434807738836344
SSP585,AFE,Country resampling,2,M8,2043,-0.016024632105669956,-0.11183549844801494,-0.09875245593926239,-0.0819309390251544,-0.04985452514434621,-0.013927222511568471,0.024403330178669747,0.06066944001631194,0.07846472492470258,0.10389945112102357
SSP585,AFE,Country resampling,2,M8,2044,-0.01769198442891695,-0.12147873774299492,-0.10708388697196472,-0.0891368065766644,-0.054311165448886506,-0.015261010027880773,0.026531616968128502,0.06601365294961066,0.08576491514611399,0.11399150443552243
SSP585,AFE,Country resampling,2,M8,2045,-0.01946325307159469,-0.13145714259107869,-0.11574997375840898,-0.09653646808843758,-0.05884528818031168,-0.01649915334889912,0.028736203521683934,0.07154237832652989,0.09340397497586025,0.12437294741425636
SSP585,AFE,Country resampling,2,M8,2046,-0.02136314263724337,-0.14173793260805123,-0.12461340137158061,-0.10440728895704551,-0.06356468171686158,-0.017793094400970932,0.0309854049218109,0.07750557976923926,0.10123711240886396,0.13494605925023817
SSP585,AFE,Country resampling,2,M8,2047,-0.023322120037516658,-0.15226384649022448,-0.13380921363779263,-0.11244609001361075,-0.0687004426744234,-0.019325623204242526,0.03370425993437409,0.08386435763450706,0.10956052676235532,0.14593454532427858
SSP585,AFE,Country resampling,2,M8,2048,-0.02538771231516912,-0.1632163064387682,-0.14325045320992025,-0.12076266462772259,-0.07395252445524331,-0.021083288481680063,0.037037875911847595,0.09070941867574933,0.11840596500064925,0.15736928681206544
SSP585,AFE,Country resampling,2,M8,2049,-0.027562019097949975,-0.17439646553185686,-0.15292617660888383,-0.12924521894573365,-0.07908470689358435,-0.022839077095658855,0.03968237661608526,0.09775552958823258,0.1275890248776454,0.16927198612310226
SSP585,AFE,Country resampling,2,M8,2050,-0.0298470802166253,-0.18584565431597225,-0.16281341822608475,-0.13802625433014376,-0.08490158182100707,-0.02457207394934824,0.04217973197087288,0.10511028876147904,0.1371210695648412,0.18165163743304066
SSP585,AFE,Country resampling,2,M8,2051,-0.03207492659455602,-0.19719467981961417,-0.17278566244028634,-0.14693134224590285,-0.09038418512538829,-0.02628570931100771,0.044837358073887945,0.11242195216023843,0.14708757325030472,0.19511243566862171
SSP585,AFE,Country resampling,2,M8,2052,-0.034529304863922694,-0.20906578761479694,-0.18277862947158993,-0.1563545616660407,-0.09597148658755675,-0.028303784202176885,0.04818078399760756,0.12001497578834054,0.1583600429276973,0.20864959967553168
SSP585,AFE,Country resampling,2,M8,2053,-0.03709346877940789,-0.22115775600182105,-0.1935055296000411,-0.16570440523937624,-0.10235858691419442,-0.030453071704838686,0.051365234894545864,0.12741159892329826,0.16912409657524724,0.22271207674968171
SSP585,AFE,Country resampling,2,M8,2054,-0.039768916839355795,-0.23345298774546258,-0.2043421428185444,-0.17529744395309377,-0.10874789574537816,-0.032245302053876435,0.05442426066208811,0.1362042648959454,0.18038754128022644,0.23809137179610168
SSP585,AFE,Country resampling,2,M8,2055,-0.042557082108183875,-0.2459278939849971,-0.21534130250145342,-0.18526827105222743,-0.11512414587148018,-0.03439548139069998,0.05740574882380767,0.14435105792740222,0.19408692939842867,0.2553577428533546
SSP585,AFE,Country resampling,2,M8,2056,-0.04502624312289283,-0.257844850263663,-0.2259790413317837,-0.19479833073420338,-0.1209570152078483,-0.03625282240055555,0.06103082531287357,0.1539002182026237,0.2065220224547622,0.27204812114124444
SSP585,AFE,Country resampling,2,M8,2057,-0.04795829273850771,-0.2705586240322024,-0.2372090997148177,-0.20466278197517127,-0.12771052548159775,-0.038482961257385595,0.06438955132040014,0.1627235084174072,0.22073721241645933,0.2888702637063074
SSP585,AFE,Country resampling,2,M8,2058,-0.05099890540967389,-0.28341211873365596,-0.2487772050874312,-0.2151570463317919,-0.13461564072872856,-0.04092267647834985,0.06820999599901267,0.17182053716963833,0.2346974990865984,0.3063289411385403
SSP585,AFE,Country resampling,2,M8,2059,-0.054148913125588116,-0.2963905312088219,-0.26046677201745994,-0.22580480710356193,-0.14201709096134596,-0.043496482064965314,0.07223241554446641,0.1814393113423124,0.2484400044844064,0.32513158653415786
SSP585,AFE,Country resampling,2,M8,2060,-0.05740907704066556,-0.30931260585412707,-0.27181428473248836,-0.2365933051841077,-0.14946564334087212,-0.04605993470622577,0.0764890859313277,0.1913260641021963,0.2626189699128922,0.3453273313364885
SSP585,AFE,Country resampling,2,M8,2061,-0.060008756253625006,-0.32150075216065194,-0.28256710499999677,-0.2461003339077849,-0.15510078478547906,-0.04740793122931258,0.08091476852272539,0.2030124984579132,0.278206453104334,0.3659754718949313
SSP585,AFE,Country resampling,2,M8,2062,-0.06337384263459567,-0.3343321941364782,-0.29451832865444827,-0.2570142705645681,-0.1626781024847528,-0.04987140810398816,0.0856524508706758,0.2138541506947896,0.29548148225657384,0.38794053354937397
SSP585,AFE,Country resampling,2,M8,2063,-0.06684164317604546,-0.3476394630797479,-0.30700414933759773,-0.2679868458542696,-0.1698047125251109,-0.05252375566481282,0.09103113845807415,0.2259332460691707,0.31426808602798617,0.41173015445402933
SSP585,AFE,Country resampling,2,M8,2064,-0.07041230961342515,-0.36112133970437255,-0.31956391528002714,-0.2783749631570333,-0.17752156785245807,-0.05482048916950283,0.09635391166244767,0.23794061492533095,0.3323315737557685,0.4377077044564644
SSP585,AFE,Country resampling,2,M8,2065,-0.074085922749899,-0.37442124343232486,-0.3321951870573277,-0.2895753615782579,-0.18523418811078116,-0.05707849343574206,0.10080087358361911,0.25049904482282975,0.3503079727087521,0.46503003660387404
SSP585,AFE,Country resampling,2,M8,2066,-0.07680231666397963,-0.38628949188744743,-0.3438729403703539,-0.2995859502670447,-0.19162866051716726,-0.05824664692228765,0.10722615310288813,0.2662979121768197,0.3699351737114921,0.49119318616193225
SSP585,AFE,Country resampling,2,M8,2067,-0.08056194280303419,-0.39950607507765024,-0.3565586450584298,-0.310866454280029,-0.19891422689604746,-0.0598797384653188,0.11195594756376087,0.2802807221434061,0.3912820024656028,0.5211785936912368
SSP585,AFE,Country resampling,2,M8,2068,-0.0844163184484833,-0.41271232267559715,-0.36876969148834243,-0.322099283334066,-0.20585801308329504,-0.06176264496494782,0.11818129611137645,0.29457822625765995,0.41247914339639,0.5527590321293953
SSP585,AFE,Country resampling,2,M8,2069,-0.08836501120529883,-0.42589555908249677,-0.38092772755128945,-0.3333767483429956,-0.2138415375565428,-0.06372009685384655,0.12326943947117319,0.30946895408801656,0.4330297339557919,0.5827577871235898
SSP585,AFE,Country resampling,2,M8,2070,-0.09240752236745509,-0.4390434311076963,-0.3930900629098227,-0.3446535560041555,-0.22177748166889005,-0.06548268860051626,0.12833599865157863,0.3249844107709706,0.4563116171766041,0.612363137992175
SSP585,AFE,Country resampling,2,M8,2071,-0.09515579526080953,-0.4504324436278854,-0.4049036469164368,-0.35511435821948323,-0.22902927818830995,-0.06666100752320708,0.13712111500946006,0.3410073474813038,0.47936225129480203,0.6471917546958283
SSP585,AFE,Country resampling,2,M8,2072,-0.0992667516569622,-0.46337693903920185,-0.417045743336232,-0.36638209160960555,-0.23693476797603288,-0.06935053203082997,0.14297433991876368,0.35707699015637856,0.5044983254777705,0.6797395238591146
SSP585,AFE,Country resampling,2,M8,2073,-0.10346321858205565,-0.47624950645703307,-0.42916230395855726,-0.37738490804344366,-0.24443117281447305,-0.07249223889076173,0.1489016814775625,0.376016786256559,0.5306908709456153,0.7135507078492248
SSP585,AFE,Country resampling,2,M8,2074,-0.10774430101469223,-0.4890395108745555,-0.44124378516295115,-0.3888187834388501,-0.25190849161607115,-0.07488242827833169,0.1550213911818621,0.3928286702956269,0.5579870270265392,0.7486681195188745
SSP585,AFE,Country resampling,2,M8,2075,-0.11210904589929693,-0.501736719288345,-0.45328089992196147,-0.4003827135712866,-0.2593710057258515,-0.07750916810768571,0.1628422613970636,0.41074355157570075,0.5864366769478879,0.79826678383119265
SSP585,AFE,Country resampling,2,M8,2076,-0.11478650947620928,-0.5124298688335618,-0.4648455346656114,-0.4106867460135492,-0.26587681429634524,-0.0783313333965231,0.17260730410367192,0.4321681151825156,0.6141302824770468,0.8434657733812018
SSP585,AFE,Country resampling,2,M8,2077,-0.11920603320528878,-0.5248598622165486,-0.47676721837759933,-0.42088373233021104,-0.2734299759522111,-0.08098003245431584,0.17975856567927762,0.45453174142914377,0.6448469862516313,0.8838186637832831
SSP585,AFE,Country resampling,2,M8,2078,-0.12370127184377888,-0.5371693116605802,-0.4886173603176229,-0.43219069015191364,-0.2804751589730806,-0.08379892481523404,0.18749346696602331,0.4765043044913977,0.6752648866943256,0.9259449997316295
SSP585,AFE,Country resampling,2,M8,2079,-0.12827097332670767,-0.5493498040484778,-0.500286079627041,-0.4434711669623484,-0.28833085613796017,-0.0863529665928085,0.1957941512919842,0.49733976674128505,0.7101794253000138,0.9801215640906062
SSP585,AFE,Country resampling,2,M8,2080,-0.1329138371104166,-0.5613933610354501,-0.5118490180939775,-0.4542987924043561,-0.2952151340614336,-0.08921933990073516,0.20399023322240667,0.5186922958198907,0.7459494028954381,1.0372567650809192
SSP585,AFE,Country resampling,2,M8,2081,-0.13542066896188798,-0.5712236358518687,-0.5224359466669586,-0.46315611097737164,-0.30104104396355763,-0.08862772518052886,0.2176955366752915,0.544211092123022,0.7794136887298467,1.0873283045035327
SSP585,AFE,Country resampling,2,M8,2082,-0.14008551459205798,-0.5829260545251537,-0.5318694225991696,-0.47380409568652354,-0.30827873671173867,-0.0911375251356682,0.22668051663641337,0.5666985954169155,0.8172622443580272,1.140310689199334
SSP585,AFE,Country resampling,2,M8,2083,-0.14481509707643414,-0.5944713267628963,-0.5423973468672275,-0.4842969835608738,-0.3163887463807748,-0.09258323456185868,0.23538324268634042,0.5911342416241897,0.8567672191182475,1.1944087642473096
SSP585,AFE,Country resampling,2,M8,2084,-0.14960789962666743,-0.6058533261826289,-0.5536811107392374,-0.4940374043958855,-0.32443423868019916,-0.09517916770143109,0.24424759981245048,0.6172892424914492,0.8995733902318068,1.2508408633908068
SSP585,AFE,Country resampling,2,M8,2085,-0.15446236746911857,-0.6170663590000462,-0.5648045835785637,-0.5043945785730506,-0.33186657213947246,-0.09645747976869817,0.2553015189166344,0.6465205349317608,0.9423191381800307,1.313028700937653
SSP585,AFE,Country resampling,2,M8,2086,-0.15680608678332875,-0.6260045351589582,-0.5730891213175658,-0.5131909556974086,-0.33789387647604907,-0.0944620685628213,0.2690405591689059,0.6798129324433799,0.9837961902538489,1.3801089131887436
SSP585,AFE,Country resampling,2,M8,2087,-0.16166189032915956,-0.6368328209339589,-0.5838662635225894,-0.5231521728799148,-0.3462660508811952,-0.09437135405990704,0.2780493256745135,0.7122676702228015,1.0298212015253263,1.4461721985682148
SSP585,AFE,Country resampling,2,M8,2088,-0.16657127596186516,-0.6474484115172088,-0.5944975483579069,-0.5330197094896083,-0.3531684054755968,-0.09365708344139201,0.2887904491585064,0.7436830917041851,1.078574919587612,1.523256019931066
SSP585,AFE,Country resampling,2,M8,2089,-0.17153255314982807,-0.657978350100443,-0.6048286824519763,-0.5426854806616948,-0.36169949672678736,-0.09467598327874477,0.2990023179364082,0.7753162644573253,1.1295328404780942,1.5951406529055976
SSP585,AFE,Country resampling,2,M8,2090,-0.1765440035286654,-0.668133698660066,-0.615415915100726,-0.5518351400891905,-0.3693593939216506,-0.09537483614556358,0.31035228108226653,0.8092938777965599,1.1828128607229098,1.6702456595172375
SSP585,AFE,Country resampling,2,M8,2091,-0.1786671249779731,-0.6761595454459368,-0.6229316961214197,-0.5581380554714884,-0.37400289481308646,-0.09219530442924806,0.3280608874045132,0.8522483995647412,1.2484135662842863,1.7489558028368768
SSP585,AFE,Country resampling,2,M8,2092,-0.18366525731586136,-0.6860392387679893,-0.6329684246900198,-0.5679434551812644,-0.38161774728759545,-0.09232518669105516,0.34320456516783115,0.8881444660306168,1.3022812167125555,1.8310281429307074
SSP585,AFE,Country resampling,2,M8,2093,-0.18870618014996365,-0.6957227778370173,-0.642811353516232,-0.5776084482700444,-0.3895302732539906,-0.0928570377399961,0.3588895451408589,0.9281784720580932,1.3574703147140852,1.9168453224854696
SSP585,AFE,Country resampling,2,M8,2094,-0.19378810948408753,-0.7052081401550422,-0.6525456266715404,-0.5873806374840465,-0.3970331850743456,-0.09436937964476771,0.377775588097257,0.9776920333638567,1.416414782616558,2.0066028587386553
SSP585,AFE,Country resampling,2,M8,2095,-0.19890924274941046,-0.7144936589547551,-0.6620590224553381,-0.5972160644410848,-0.4034378841483762,-0.09359321852988939,0.3959008579342512,1.0202086235523586,1.4834050956478044,2.114524214536129
SSP585,AFE,Country resampling,2,M8,2096,-0.20069146877983057,-0.7215655961906488,-0.6699063093738017,-0.6038073930091128,-0.40803773981795677,-0.09083644028591586,0.41625664606132473,1.0684256084297743,1.5443651245775833,2.224042561901259
SSP585,AFE,Country resampling,2,M8,2097,-0.20575488059659042,-0.7304362926319384,-0.6786768468116788,-0.6130100875203139,-0.41534105900441204,-0.09026784649790298,0.4315755358829474,1.1138500419389528,1.6272563582294866,2.3492637798429943
SSP585,AFE,Country resampling,2,M8,2098,-0.21084978941708488,-0.7390925528441551,-0.6871739974997468,-0.6227654721302508,-0.42215113267328863,-0.09043220839412064,0.44621441978915627,1.1710237536929453,1.7115112716711873,2.485368831739583
SSP585,AFE,Country resampling,2,M8,2099,-0.21597439083408554,-0.7475421852249965,-0.6955333700580565,-0.6323989161252401,-0.4292587068813588,-0.09177421176475725,0.46357129864256624,1.2321787949778122,1.8136744096791069,2.632275742464214
SSP585,AFE,Country resampling,2,M8,2100,-0.22112687046902446,-0.7557905344391173,-0.7039762164196515,-0.641017071538269,-0.4368997701518181,-0.0929844443521477,0.48261537315821174,1.292244295018482,1.9127721551804122,2.7620453925450206
SSP585,AFE,Country resampling,2,M4,2021,-3.583100949133833e-5,-2.911334267954063e-4,-2.523871289832391e-4,-2.021383255563447e-4,-1.2782223673832305e-4,-3.840340547683896e-5,5.4716022677536724e-5,0.00015096633207838382,2.0379782870317818e-4,2.634098774867088e-4
SSP585,AFE,Country resampling,2,M4,2022,-1.2182428034768211e-4,-8.472722003503797e-4,-7.678022216373037e-4,-6.125032837946409e-4,-3.962981258280873e-4,-1.283563809917343e-4,1.559891186885265e-4,4.243565624523438e-4,5.920373126673259e-4,7.367187210378822e-4
SSP585,AFE,Country resampling,2,M4,2023,-2.1704405775779811e-4,-0.0018380238220705115,-0.0015786518365732527,-0.0012945426198702203,-8.064883441606108e-4,-2.2540537944765182e-4,3.850014210727837e-4,9.374112861253447e-4,0.0012374085686027042,0.0016286414741541074
SSP585,AFE,Country resampling,2,M4,2024,-3.258272225654668e-4,-0.003140900734188906,-0.0027370792827528688,-0.002217512500416463,-0.0013738621958989394,-3.157075960433242e-4,7.854473069286438e-4,0.0016717878033199352,0.0022984511033568794,0.002913726750487072
SSP585,AFE,Country resampling,2,M4,2025,-4.525216268740362e-4,-0.004841148246311697,-0.004242030392975898,-0.003449708488530812,-0.002087792476495154,-4.993243391726021e-4,0.0012731443236757012,0.0026897282466073146,0.0036632598220086355,0.004624091961506971
SSP585,AFE,Country resampling,2,M4,2026,-6.323842995521467e-4,-0.007195605441560643,-0.006180839812047579,-0.004943090824123408,-0.0029679784645146035,-6.900659376831708e-4,0.0018332012379856932,0.003923615617362787,0.005293487687995555,0.00655701535048826
SSP585,AFE,Country resampling,2,M4,2027,-8.192746665692807e-4,-0.009647158648174947,-0.008376640003081193,-0.006719647392020234,-0.004011962004636244,-8.660973373681435e-4,0.002545010019709304,0.005404355603863898,0.0072856049036341,0.009111749364936793
SSP585,AFE,Country resampling,2,M4,2028,-0.001039526834905491,-0.012578579629060619,-0.011005263105540097,-0.008770129498423129,-0.005257820701157823,-0.0010251358507640251,0.00346794686070101,0.007158680894883831,0.00963064280888044,0.011832621798939482
SSP585,AFE,Country resampling,2,M4,2029,-0.0012977246898753236,-0.01599039358824996,-0.01379296857643052,-0.011114982941951623,-0.006608591168826672,-0.0013798141101938888,0.004415351932159306,0.009241846183262006,0.012298947250277876,0.015311320760759004
SSP585,AFE,Country resampling,2,M4,2030,-0.0015984497463119585,-0.019911476763224415,-0.01695977635386801,-0.013907503978277225,-0.008184547196334213,-0.0017324603823751228,0.005426103447462638,0.011539310507744753,0.01526590191844012,0.01907809657215611
SSP585,AFE,Country resampling,2,M4,2031,-0.001997385875269986,-0.02419584622584834,-0.020818884571133928,-0.016877567682514017,-0.010004737699202293,-0.0020433787499694045,0.0065707038112637894,0.014178554416140509,0.01854598549364021,0.022970553264112657
SSP585,AFE,Country resampling,2,M4,2032,-0.002405366283143695,-0.028884430877812246,-0.024872752276428083,-0.020210974319326235,-0.011845400424013303,-0.002442852906525017,0.00791225700489856,0.016980913535468867,0.022183117786455004,0.027608822663577472
SSP585,AFE,Country resampling,2,M4,2033,-0.0028701776359646436,-0.03385107942532729,-0.029303211101333215,-0.023775416176799534,-0.013944337553583042,-0.0029641971954041946,0.00934833727638179,0.01987832425986338,0.02616003368487085,0.03250625099185379
SSP585,AFE,Country resampling,2,M4,2034,-0.0033964000520780857,-0.03931071511639749,-0.03409860656510651,-0.027546910778269953,-0.01628814215437563,-0.003451977307493692,0.010866457505379457,0.022879469285760925,0.030485611239215973,0.037955615436213924
SSP585,AFE,Country resampling,2,M4,2035,-0.003988603300015381,-0.045190124705037464,-0.03914027337969211,-0.03173120230746098,-0.01888052247602162,-0.003970214273339934,0.012440833951001318,0.02625750473976996,0.03518015035971761,0.04402114896290882
SSP585,AFE,Country resampling,2,M4,2036,-0.004715733553378176,-0.05161062677944669,-0.044669856725985446,-0.036366312186448986,-0.021829151956319015,-0.0046969696182022624,0.014230705979943248,0.02986050732678443,0.040207067982806,0.05064715897381129
SSP585,AFE,Country resampling,2,M4,2037,-0.005455236747393899,-0.058145361545104426,-0.05054069015771342,-0.04120389327373394,-0.02494365980295299,-0.0053963954657655355,0.016022717624341154,0.03381905469280662,0.04561756125595818,0.05774298351100839
SSP585,AFE,Country resampling,2,M4,2038,-0.006273133803236131,-0.06531255140257683,-0.056865229213461585,-0.04637770246692465,-0.028078282242284286,-0.006367075081345486,0.01811179076027647,0.037862085224213145,0.05139417153261579,0.06488282095386196
SSP585,AFE,Country resampling,2,M4,2039,-0.0071737927758321884,-0.07288577909056393,-0.06312375681044621,-0.051892618643518455,-0.03147810157978695,-0.007186693280723855,0.020141624170300187,0.042494883582342546,0.05740389221345172,0.07244727125231915
SSP585,AFE,Country resampling,2,M4,2040,-0.008161554391231562,-0.08085992171742869,-0.07004649644336423,-0.05773182349525356,-0.03500301751386681,-0.008206333408930289,0.022015835943851425,0.04694403310991487,0.06377684622075193,0.08044254631685005
SSP585,AFE,Country resampling,2,M4,2041,-0.00926233484544492,-0.08922449211079544,-0.07736812084966423,-0.06382266927507844,-0.03874186014587622,-0.009164247963222294,0.024113101160775974,0.052120006150868634,0.07031261361817474,0.08886368321051134
SSP585,AFE,Country resampling,2,M4,2042,-0.010420474621411047,-0.09780884136537048,-0.08492998798551932,-0.07025351234318108,-0.04259302208361032,-0.010205084865244796,0.026289664226686604,0.05774873778351659,0.0773776796567391,0.09777548036963164
SSP585,AFE,Country resampling,2,M4,2043,-0.011674730617164064,-0.10658335633215003,-0.09301731614244836,-0.07699153566428728,-0.04673304780296636,-0.01132506316462184,0.028631566455808888,0.06338383599566152,0.08473902411946725,0.10713766654381986
SSP585,AFE,Country resampling,2,M4,2044,-0.013029006977710589,-0.11567693227318465,-0.10157547345883852,-0.08403976767460378,-0.05125259097761184,-0.012633262260559608,0.031190539867630318,0.06925624889089584,0.09230399333030878,0.11695605313366339
SSP585,AFE,Country resampling,2,M4,2045,-0.01448715729572636,-0.12528081229285645,-0.11035419614162803,-0.09124530522629383,-0.05594514158038458,-0.014188192784311271,0.03419064408948602,0.07565620669773587,0.10028503820460316,0.12723685507809077
SSP585,AFE,Country resampling,2,M4,2046,-0.01594027838891321,-0.1347952374517493,-0.11920849610190129,-0.0984672004271664,-0.06061503509629165,-0.015583761856077238,0.03701354906245907,0.08223617079447687,0.10931482902366861,0.13810279562346936
SSP585,AFE,Country resampling,2,M4,2047,-0.01757654887420379,-0.1448402419618132,-0.12858987728720966,-0.10631549591325766,-0.06568815929365568,-0.017163983163091923,0.04015870299225549,0.08879615279197195,0.11832504029938608,0.149405549426796
SSP585,AFE,Country resampling,2,M4,2048,-0.019322253847658066,-0.1552634688321387,-0.1382354324658412,-0.11442830138394765,-0.07101153257062964,-0.018551941024737062,0.04335294437721826,0.0956132699802109,0.12781316106686305,0.16120122504598478
SSP585,AFE,Country resampling,2,M4,2049,-0.021180698244966156,-0.1664172998566342,-0.1476375329615393,-0.1221386006747719,-0.0764388323707203,-0.019812930302584963,0.04667493530602962,0.10273153834074218,0.1371854443128219,0.17349843677282525
SSP585,AFE,Country resampling,2,M4,2050,-0.02315511587058461,-0.17787827304467052,-0.157373808208604,-0.1308621411628289,-0.08212939335793035,-0.021775206849944828,0.04994025544611164,0.1100818807258192,0.14757588345271921,0.18630626291052224
SSP585,AFE,Country resampling,2,M4,2051,-0.024867602411826173,-0.18894820172570456,-0.16714702262053163,-0.13921341627991105,-0.0874954091191894,-0.023231670862437992,0.053401026077640135,0.11799556082876882,0.15862167867309399,0.20001848975709202
SSP585,AFE,Country resampling,2,M4,2052,-0.02699817450901043,-0.20086976549087152,-0.17795089755209795,-0.148304656947433,-0.09368988662384478,-0.02520203909181079,0.05682385050456745,0.1259770473086895,0.16980060862238683,0.21400839295779903
SSP585,AFE,Country resampling,2,M4,2053,-0.029244813825565763,-0.2130465452108837,-0.18900961138933392,-0.15753094125380007,-0.09941685799740674,-0.026807574264278766,0.060019136644665794,0.1345596338887916,0.18126452608174395,0.22855502397882765
SSP585,AFE,Country resampling,2,M4,2054,-0.03161001991463075,-0.2254637065362067,-0.20029330246173402,-0.16665383149566096,-0.10572280499387723,-0.028539112343046014,0.06305732464267627,0.14315512251310844,0.19313980557213595,0.24366491858149494
SSP585,AFE,Country resampling,2,M4,2055,-0.034096204113558626,-0.23810603078576256,-0.21128755160870558,-0.17632088079814356,-0.11221223589748028,-0.03068951491434735,0.06612802109127847,0.15145951411638037,0.2054518126406717,0.25934535912310014
SSP585,AFE,Country resampling,2,M4,2056,-0.03596522470448438,-0.24974386122725034,-0.22193533305180413,-0.18548536853873537,-0.11791290973558038,-0.03222496078712983,0.07014982569191164,0.1615313205120617,0.21900145269967364,0.2764264182551817
SSP585,AFE,Country resampling,2,M4,2057,-0.038574846972303845,-0.262626533776567,-0.23285919175117953,-0.1956111841733661,-0.1246115166652478,-0.03413858839366524,0.07402667699599164,0.17063581529846386,0.2335825826455333,0.2934978181898093
SSP585,AFE,Country resampling,2,M4,2058,-0.04130086323091808,-0.27567628498621544,-0.24404684521843115,-0.20532773337670898,-0.13144152593624608,-0.03597812739393319,0.07775947550987072,0.1799889009644455,0.24760272027878108,0.3112135143820583
SSP585,AFE,Country resampling,2,M4,2059,-0.04414485445559413,-0.28887696500741644,-0.2556067500017888,-0.21577541433735714,-0.1386644077841305,-0.03819051556826675,0.08120097598829251,0.18958951262825416,0.26268189058962205,0.32959062834443514
SSP585,AFE,Country resampling,2,M4,2060,-0.047108301294935595,-0.3022123129250241,-0.267602767094867,-0.22637806513211853,-0.1460610407790388,-0.040114863933352896,0.08468320487841952,0.20066873083175304,0.27831656935590593,0.34864707789458566
SSP585,AFE,Country resampling,2,M4,2061,-0.04897618091580147,-0.3138660096583233,-0.27809999833392407,-0.23494597186403066,-0.15224198901007774,-0.041678782599816055,0.09008716107448206,0.21250148776691818,0.29488609845173697,0.36985057174708585
SSP585,AFE,Country resampling,2,M4,2062,-0.05201199438581905,-0.3272276689382707,-0.29015544752003436,-0.2456994619369566,-0.1598431884472249,-0.04393769494612432,0.09466931866169093,0.223708145941089,0.3118121689406637,0.3905942985248223
SSP585,AFE,Country resampling,2,M4,2063,-0.055158018651172314,-0.34066620257148306,-0.3023130013130286,-0.25656898601524836,-0.16721095940513683,-0.0462657922471541,0.1005246953655205,0.23537351357025554,0.3293706836102972,0.4121057507991744
SSP585,AFE,Country resampling,2,M4,2064,-0.05841488351965807,-0.3541657430878972,-0.31455956190800183,-0.26754290291780963,-0.17454669273289178,-0.0485008731869479,0.10617755453866617,0.2497346009126698,0.34760569707899225,0.4344087100177497
SSP585,AFE,Country resampling,2,M4,2065,-0.061783115786770204,-0.36771057575558985,-0.3268820500695981,-0.27870420426553905,-0.18179083125377515,-0.05068243347136442,0.11055292980266862,0.26198371464636455,0.3659289780846988,0.45752808100129594
SSP585,AFE,Country resampling,2,M4,2066,-0.06361678623193434,-0.3789575341365935,-0.33810572923811655,-0.28815268095256613,-0.18789032730079183,-0.05222330476641768,0.11775418939664356,0.2765477917622233,0.38610136394996053,0.4836354784775827
SSP585,AFE,Country resampling,2,M4,2067,-0.06703020638241108,-0.392066419077188,-0.3506686363188704,-0.2991271707580999,-0.19563073657834154,-0.054475180225183606,0.12278051087550862,0.2899713782042295,0.40576563715118624,0.5087905494398592
SSP585,AFE,Country resampling,2,M4,2068,-0.07054442695513174,-0.40515502340154014,-0.3632891052005416,-0.3101576320435066,-0.20351164388104986,-0.057005798328657875,0.1276770928969176,0.3039311558648573,0.42818305605785634,0.5348756919468329
SSP585,AFE,Country resampling,2,M4,2069,-0.07415924819784403,-0.4182094339284904,-0.3759553928059748,-0.3212333038885167,-0.21112439564909932,-0.05954595107790189,0.13306619785397078,0.3178265346431311,0.45016134499507854,0.5619232944784979
SSP585,AFE,Country resampling,2,M4,2070,-0.0778743726600416,-0.4312161477195464,-0.38865584011851123,-0.3322943363862216,-0.21872174821595347,-0.06222046583805402,0.138533063319848,0.332829708149403,0.47287611289900144,0.5908034505924135
SSP585,AFE,Country resampling,2,M4,2071,-0.07954929234819363,-0.44263525850759966,-0.399852892158611,-0.3408665305463712,-0.22289988451761936,-0.06404293175305809,0.14697715056637262,0.35043171533653655,0.49698226352134767,0.6367087995665618
SSP585,AFE,Country resampling,2,M4,2072,-0.0832830688775853,-0.45604980274025536,-0.41217409090866186,-0.3523037897011613,-0.22992873191823554,-0.06651110625407514,0.153555390864773,0.3675217184529302,0.5214585312063537,0.6680312835031774
SSP585,AFE,Country resampling,2,M4,2073,-0.08710611884142361,-0.46941933955085957,-0.4243394423022302,-0.3637818467488784,-0.2379282834266652,-0.06911284495046793,0.15940253867247478,0.38381646090272165,0.5468184340576817,0.7005187859412838
SSP585,AFE,Country resampling,2,M4,2074,-0.09101757686885148,-0.48254974313150806,-0.4364187003197856,-0.3748458047394072,-0.2460882794580866,-0.07210690079232807,0.16564106072342616,0.40062057499025194,0.5730921990760462,0.7342531339216983
SSP585,AFE,Country resampling,2,M4,2075,-0.09501649207843421,-0.49541816301354147,-0.4484059186865953,-0.385942612351973,-0.2544873185806914,-0.07515605434049916,0.17214882732316317,0.41786019737821983,0.6003114063646978,0.76928563601649
SSP585,AFE,Country resampling,2,M4,2076,-0.09637249169633522,-0.5053207019403494,-0.45703740229678425,-0.39500167400317804,-0.25908939667397873,-0.07493589490214381,0.18167088240421986,0.43881023743471714,0.629306495367602,0.811279806286546
SSP585,AFE,Country resampling,2,M4,2077,-0.10036287589343451,-0.5178619542262457,-0.46877134730606745,-0.40632283536921154,-0.2669172660056068,-0.0775235349535362,0.18916636783781737,0.4568475156677006,0.658627925280996,0.8496419811790915
SSP585,AFE,Country resampling,2,M4,2078,-0.10442980144696401,-0.5302743671530762,-0.4809047134582015,-0.4176329619824733,-0.27480412697028,-0.08037904566794479,0.19693406114990242,0.4753400623129599,0.690613669917649,0.8895194975322236
SSP585,AFE,Country resampling,2,M4,2079,-0.10857190661348959,-0.5425331136468182,-0.4931551140703858,-0.428538214515074,-0.28279491786933225,-0.08297536992027615,0.20489285504626403,0.4943610053341351,0.7217438390278592,0.9309790685883846
SSP585,AFE,Country resampling,2,M4,2080,-0.11278776027637238,-0.5546462258383426,-0.5053394883182217,-0.43922071365798027,-0.29076546523609215,-0.08500745467882048,0.2129688875903507,0.5139252532243797,0.7538508626493091,0.9740911357490297
SSP585,AFE,Country resampling,2,M4,2081,-0.11369135434178324,-0.564535093109623,-0.5158276067748097,-0.448842507547931,-0.29635754944086456,-0.08313206483914642,0.22826718279182873,0.538768554004503,0.7892711248541762,1.0267327368237282
SSP585,AFE,Country resampling,2,M4,2082,-0.1178609779609524,-0.5756996160839811,-0.5278054835874776,-0.4600089755215932,-0.3047669832212375,-0.084438396551960615,0.23736698584218008,0.5610175674218546,0.823441756606776,1.074082234468044
SSP585,AFE,Country resampling,2,M4,2083,-0.12209321765776238,-0.5876037974017043,-0.539691884428656,-0.4711303491907107,-0.3126472422314207,-0.08678370678676256,0.2460592842997727,0.584082563024064,0.8595042647811665,1.1233741271178586
SSP585,AFE,Country resampling,2,M4,2084,-0.12638635813735155,-0.5993341634192799,-0.5514788649007143,-0.48219083855886374,-0.3204685505850632,-0.08910628496381973,0.25501774992311893,0.6081475212957409,0.8973652521228418,1.1747000315406073
SSP585,AFE,Country resampling,2,M4,2085,-0.13073863250552442,-0.610887044978787,-0.5631587812024028,-0.4917378944936579,-0.327571305449884,-0.0905920502180329,0.26420058464171275,0.6330409623563859,0.936999825823315,1.2281568883912475
SSP585,AFE,Country resampling,2,M4,2086,-0.13117857832116697,-0.6187660333819871,-0.5726637685724405,-0.5005903875973375,-0.3327271950812538,-0.09066674419771403,0.27946161361106436,0.6635956322546895,0.985700096862327,1.2941843268723023
SSP585,AFE,Country resampling,2,M4,2087,-0.1354564337529175,-0.6293024483342415,-0.5840500711506796,-0.5113677580121789,-0.34054768512034506,-0.09183367962424932,0.289098204544107,0.6890575106468674,1.030501527529598,1.353052739240691
SSP585,AFE,Country resampling,2,M4,2088,-0.1397827865064989,-0.639645518254709,-0.5953119581668387,-0.5212456016745007,-0.34876734705234835,-0.09359560522190424,0.29899591213731846,0.7152379114533791,1.0772993097510464,1.4144384536594905
SSP585,AFE,Country resampling,2,M4,2089,-0.14415570496151076,-0.6497922210378079,-0.6064432227344176,-0.5318178491672252,-0.35675312327321984,-0.09639846279371933,0.30916352684052445,0.7435360645053648,1.126202498442839,1.4790774760836067
SSP585,AFE,Country resampling,2,M4,2090,-0.14857322369767623,-0.6597400024126465,-0.6174100608895373,-0.5411699900973006,-0.365118072790525,-0.09900956637047381,0.31961022756394253,0.776520127430954,1.1773273591263862,1.5455414556034477
SSP585,AFE,Country resampling,2,M4,2091,-0.14846091487277036,-0.6677056497100757,-0.6246042367901606,-0.5500295641598906,-0.3691638668316239,-0.09853616272712357,0.3340610030471889,0.8205037375802138,1.2396261071141834,1.6287507015440876
SSP585,AFE,Country resampling,2,M4,2092,-0.1527817266049093,-0.6780900712293365,-0.6352913239071112,-0.5602390148220494,-0.3773554792646995,-0.10119190262983985,0.34748472831998295,0.8546250102006537,1.2932237796133796,1.701102804571218
SSP585,AFE,Country resampling,2,M4,2093,-0.15713746829493036,-0.6882741260429608,-0.6455663858351829,-0.5692490345434716,-0.3849094450147697,-0.10161969349906841,0.3631933506384153,0.8926242774536817,1.3489577271849384,1.7764740058718593
SSP585,AFE,Country resampling,2,M4,2094,-0.16152611796048766,-0.6982550292262387,-0.653854496316549,-0.5774467115726937,-0.3924304761070375,-0.10052664185139842,0.380029164435366,0.9304398200345765,1.4069239412023178,1.8550055870545004
SSP585,AFE,Country resampling,2,M4,2095,-0.16594563652180538,-0.7080304184284689,-0.6628203400733635,-0.5866794685025611,-0.4001526589438595,-0.10064652468874352,0.3953462684312109,0.967960717400841,1.4672235131446496,1.9368464630152018
SSP585,AFE,Country resampling,2,M4,2096,-0.1651450541623225,-0.7149876621836151,-0.6705897870143659,-0.5964807378091357,-0.4022593581399554,-0.09552536067919942,0.41450154081847307,1.0130852937898427,1.530102231283648,2.044486302587389
SSP585,AFE,Country resampling,2,M4,2097,-0.16940612391825116,-0.7243226425182933,-0.680524070935462,-0.6051415183655778,-0.4102299279633318,-0.09714790635294174,0.42797560009855373,1.05332984425399,1.5951115615543374,2.149980990380971
SSP585,AFE,Country resampling,2,M4,2098,-0.1736880089660141,-0.7334502613025562,-0.6902890504371223,-0.6148230860874677,-0.4184675464494923,-0.09723913327605349,0.44268378019796895,1.0939028994333515,1.6627454457534012,2.2734008302231934
SSP585,AFE,Country resampling,2,M4,2099,-0.17798871569177688,-0.742363799674555,-0.69986389080770794,-0.6245873740884493,-0.42668510795815356,-0.09680929589062331,0.4575646730018208,1.133872544716632,1.7331236480076557,2.4148938058842813
SSP585,AFE,Country resampling,2,M4,2100,-0.18230624912706905,-0.7496693045764813,-0.7088946119286915,-0.6325531162041195,-0.43439897126709637,-0.09678022083251747,0.4735500981882169,1.1853621216884593,1.8063722710072825,2.5498337508425757
SSP585,AFE,Country resampling,2,IE,2021,1.2997775973744297e-5,-4.302305071078594e-5,-3.214852170523308e-5,-2.2152452905122023e-5,-6.356182554179135e-6,1.0765159706049854e-5,2.7720442003192902e-5,4.1736409102499654e-5,4.9031150475092875e-5,5.742317384524464e-5
SSP585,AFE,Country resampling,2,IE,2022,1.302867426045129e-5,-1.5807712248723792e-4,-1.2539877095953944e-4,-9.474242150142587e-5,-4.3977233415926076e-5,7.88491499698063e-6,6.066091597872747e-5,1.0617362685616528e-4,1.3454627006601603e-4,1.5822887212663944e-4
SSP585,AFE,Country resampling,2,IE,2023,-9.980201599923966e-6,-3.5022575344099136e-4,-2.9683817692391926e-4,-2.2584963681171466e-4,-1.225908189419478e-4,-1.1400080702883564e-5,9.711286511218664e-5,1.9651855800331135e-4,2.614475144913918e-4,3.052887437555745e-4
SSP585,AFE,Country resampling,2,IE,2024,-5.553516768030953e-5,-6.424583718622006e-4,-5.372465866493981e-4,-4.149538085801541e-4,-2.3897648532225646e-4,-4.488054143025888e-5,1.3201581627236836e-4,2.98699357014709e-4,4.284307998906943e-4,5.059675453129241e-4
SSP585,AFE,Country resampling,2,IE,2025,-1.2314308477801017e-4,-0.0010280710422865187,-8.600865054951222e-4,-6.741492619897093e-4,-3.971657996221789e-4,-9.528571788569584e-5,1.7749497773700273e-4,4.404612193358194e-4,6.268091341739223e-4,7.523490924506575e-4
SSP585,AFE,Country resampling,2,IE,2026,-2.236129970117906e-4,-0.0015422458068973077,-0.0012678539867201355,-0.0010113362382675683,-6.117335285348857e-4,-1.7812859069871179e-4,2.1482345362239252e-4,6.125212555775694e-4,8.597880584129412e-4,0.0010333375382381796
SSP585,AFE,Country resampling,2,IE,2027,-3.353945014493709e-4,-0.002088567024605836,-0.00173995370161959,-0.0013883996901164152,-8.5300420612891e-4,-2.6073831789819035e-4,2.6476640149741826e-4,8.001241914740943e-4,0.0011207284986323503,0.001386725051228807
SSP585,AFE,Country resampling,2,IE,2028,-4.669482783068446e-4,-0.002695719657744108,-0.00227189952652595,-0.0018215929271081953,-0.0011254134319629294,-3.70517584571628e-4,3.236011031229058e-4,0.0010156568328193118,0.001479619060722941,0.0017850009529173955
SSP585,AFE,Country resampling,2,IE,2029,-6.174940664439577e-4,-0.00345589217820069,-0.0028969933172787454,-0.002303068910013184,-0.0014512001295448052,-4.978226788977524e-4,4.097507347926299e-4,0.00127782484117982,0.0018528037914347854,0.0021872289929104195
SSP585,AFE,Country resampling,2,IE,2030,-7.862345356892675e-4,-0.00429691783339898,-0.0035906670235112295,-0.002876686522579075,-0.0018007732470204374,-6.355733453490275e-4,4.5330841923860166e-4,0.0015407366222936147,0.0023380730097000008,0.0026672314239379875
SSP585,AFE,Country resampling,2,IE,2031,-0.0010021794125412153,-0.005223534664645735,-0.0043395198649391785,-0.003541996187374619,-0.00220658741965013,-8.464422884845169e-4,5.175816540167189e-4,0.001822154480435434,0.002848140668604265,0.0031579805170358632
SSP585,AFE,Country resampling,2,IE,2032,-0.0012066296382811093,-0.006188559125145862,-0.005103507864011159,-0.0042033990003703895,-0.0025931767679317486,-0.001008652778886232,5.768250753803716e-4,0.0021153827170101724,0.003310418462011985,0.0036747393411091004
SSP585,AFE,Country resampling,2,IE,2033,-0.0014258408442887616,-0.007189977033521736,-0.005944989139136264,-0.004881963975798731,-0.003012069268021056,-0.0011809620880396388,6.936351013669129e-4,0.002466051355239973,0.0037906075572547407,0.0043089701518465185
SSP585,AFE,Country resampling,2,IE,2034,-0.0016587513953367772,-0.00831726326880009,-0.006890661208833193,-0.005579704097334303,-0.0034745394022454024,-0.001361501411519861,8.103713024888715e-4,0.0027826441440062313,0.004363484962094421,0.0050076603233366246
SSP585,AFE,Country resampling,2,IE,2035,-0.0019042762178237416,-0.009499939137544206,-0.00790028996206848,-0.006314714674089427,-0.003913068490502936,-0.0015275312778934014,8.988741880667228e-4,0.0031307093896358906,0.004938817665578854,0.00584183030826541
SSP585,AFE,Country resampling,2,IE,2036,-0.002215010415668961,-0.010674009847271734,-0.008972955774098745,-0.007159070360066422,-0.00448665293836864,-0.0017940736128583823,9.969038764079396e-4,0.003556095134284988,0.005590551146179444,0.006664295887344107
SSP585,AFE,Country resampling,2,IE,2037,-0.002485514048290227,-0.011951740758326973,-0.010096883039520771,-0.007957781822137777,-0.005032901426110459,-0.0020265078498076794,0.0011102661776048461,0.003918904921855748,0.006156109059516498,0.007573165093904534
SSP585,AFE,Country resampling,2,IE,2038,-0.0027646165506146625,-0.013156538300697223,-0.01130040936380941,-0.008844111284919843,-0.005580849887015904,-0.002247271681847296,0.001239280088494249,0.004262179480587271,0.0068917233871721205,0.008415896230319742
SSP585,AFE,Country resampling,2,IE,2039,-0.0030510585160101744,-0.01437829809180974,-0.012329055617773609,-0.009688736757470028,-0.0061469352978454905,-0.002399584065226723,0.00138073356205215,0.004717919647615631,0.007724093092491885,0.009471649440024026
SSP585,AFE,Country resampling,2,IE,2040,-0.0033435630175172593,-0.015844905950571534,-0.013466262088754104,-0.01052366181001626,-0.006759831844138503,-0.002563038274140561,0.0015387953817524447,0.005128227294105625,0.008605664400042864,0.010619876026717068
SSP585,AFE,Country resampling,2,IE,2041,-0.003729030167037739,-0.017382057743116314,-0.014711085947127122,-0.011585255879341361,-0.007474496392919638,-0.0028815385617067535,0.001626013085710365,0.005623973747084744,0.009431210228603102,0.011657341220309113
SSP585,AFE,Country resampling,2,IE,2042,-0.004038157151402544,-0.018605280048602752,-0.015911103866260223,-0.012494930548829674,-0.008115878561165218,-0.00308940810103453,0.0018810403929681585,0.006153455785487795,0.01035200867847202,0.012839967099321324
SSP585,AFE,Country resampling,2,IE,2043,-0.004349901488505892,-0.02023882251597451,-0.016976617346412027,-0.013544335153422238,-0.008786292291221243,-0.0033596793550745296,0.002036327900911683,0.00669930189882322,0.011247558383051855,0.01395495036351334
SSP585,AFE,Country resampling,2,IE,2044,-0.004662977451206363,-0.022003659660475683,-0.0181090818591829,-0.014580279743661363,-0.00946271489633499,-0.003527830548864741,0.002222928316100603,0.00736240023012219,0.012156484145339735,0.015049711508322986
SSP585,AFE,Country resampling,2,IE,2045,-0.004976095775868328,-0.023361062794919812,-0.019232078389916064,-0.015697729277677673,-0.01002877164096988,-0.0037156338731928473,0.002406762451458544,0.007966167869539232,0.012997229755943343,0.016140335659904415
SSP585,AFE,Country resampling,2,IE,2046,-0.0054228642483301615,-0.02500955013022267,-0.020644697650369897,-0.016943555668864806,-0.01079513013978492,-0.004045174933507922,0.0025513480388575926,0.008555033300349214,0.013894551554686642,0.017142971924033995
SSP585,AFE,Country resampling,2,IE,2047,-0.005745571163312868,-0.027023649316873666,-0.02208468661996782,-0.018172589423452058,-0.011537609068043825,-0.004271986887960377,0.0027763467802249253,0.00925242637445889,0.014763070808681243,0.01830692664654242
SSP585,AFE,Country resampling,2,IE,2048,-0.0060654584675110534,-0.028991211877268344,-0.023552783323276455,-0.01931167387763726,-0.012168023497533875,-0.004487901723518373,0.002964374779920592,0.010070941948296367,0.01584073557037582,0.01952442368813102
SSP585,AFE,Country resampling,2,IE,2049,-0.006381320852983818,-0.030724504051145057,-0.025051211601251566,-0.020496595174178612,-0.012807554539591787,-0.004616874761579515,0.0034309073502980514,0.011346470863376102,0.016890303017466943,0.02117847172878341
SSP585,AFE,Country resampling,2,IE,2050,-0.006691964346040691,-0.03223938521455463,-0.02658425064084069,-0.021656777062664598,-0.01347624888791743,-0.004678731525714019,0.0038371338413783485,0.012259133824444825,0.018038558092943188,0.02290677556331116
SSP585,AFE,Country resampling,2,IE,2051,-0.007207324182729846,-0.03405554308039009,-0.028071907601769613,-0.023126250901088663,-0.014343890340917598,-0.0049303805566087155,0.004059290420981243,0.012877941187693545,0.019242064589901978,0.02445419769137524
SSP585,AFE,Country resampling,2,IE,2052,-0.007531130354912263,-0.03541676158793589,-0.029359556375819974,-0.024279053755999702,-0.015064963493993305,-0.005068833041770415,0.004626393736716666,0.013655766137675978,0.020464600283092122,0.02600928046426433
SSP585,AFE,Country resampling,2,IE,2053,-0.007848654953842127,-0.0369453848162692,-0.03083899359845391,-0.02528441847855012,-0.015836651602487345,-0.005241021030415682,0.005006733213550302,0.014588991179389567,0.021579215269357445,0.0277090101602823
SSP585,AFE,Country resampling,2,IE,2054,-0.008158896924725045,-0.038974729089832,-0.03203081538314413,-0.02652377455479368,-0.016519205368276335,-0.005486409103002132,0.00532889393357644,0.015743002428521426,0.022867934797891957,0.029127734670872273
SSP585,AFE,Country resampling,2,IE,2055,-0.008460877994625249,-0.0410373800670982,-0.0334427894546437,-0.027749074890578672,-0.01723393540894222,-0.005539636876653153,0.005924790864171109,0.016947054277569363,0.02417097823707713,0.03119472276725564
SSP585,AFE,Country resampling,2,IE,2056,-0.00906101841840845,-0.04356657880106917,-0.03542887430138049,-0.02946610891848741,-0.0183192355204696,-0.00586739340624276,0.006130960433232885,0.017907393614960725,0.025588484904594883,0.03305967909845825
SSP585,AFE,Country resampling,2,IE,2057,-0.009383445766203868,-0.04509540929010035,-0.03705483787368147,-0.030340309646543627,-0.018992244604139424,-0.0060169349218794355,0.0066547986428462935,0.01895873079239711,0.02696490470195816,0.03527524577040973
SSP585,AFE,Country resampling,2,IE,2058,-0.009698042178755806,-0.047413677690422436,-0.03878974978713735,-0.031463672148909896,-0.019687428987035543,-0.006042708271014163,0.007037863296532915,0.02028330606400693,0.029122033567921514,0.03758576889921297
SSP585,AFE,Country resampling,2,IE,2059,-0.010004058669993987,-0.048338250958367704,-0.040131930861329664,-0.03294864516937002,-0.02033086355563629,-0.006168329564333996,0.00762821669277336,0.021977758631868828,0.030645053018659264,0.03999360053563581
SSP585,AFE,Country resampling,2,IE,2060,-0.010300775745729962,-0.05053782160799103,-0.04140646877455197,-0.034133535527504005,-0.020938766373117312,-0.0061579360527047045,0.008069345690122576,0.02351479685977297,0.0332622467664871,0.042044199652023245
SSP585,AFE,Country resampling,2,IE,2061,-0.011032575337823536,-0.05288921704076156,-0.04361323816515397,-0.03564729117771952,-0.021972069388431076,-0.006616848598379965,0.00842759269720228,0.025046232143060634,0.0350735903291137,0.044543221714549726
SSP585,AFE,Country resampling,2,IE,2062,-0.011361848248776618,-0.05381898257108197,-0.045258398330884415,-0.03683258438023916,-0.02272038075900279,-0.006610451070645562,0.008999385357363054,0.02660723443306607,0.03733537812776052,0.046716823504240286
SSP585,AFE,Country resampling,2,IE,2063,-0.011683624524873149,-0.055553309401888545,-0.04696210589762909,-0.03844558732598523,-0.023413165252226864,-0.006667805784695058,0.00953253820224445,0.02797604645683848,0.039329514709861964,0.050453213611662995
SSP585,AFE,Country resampling,2,IE,2064,-0.011997426093767083,-0.05727317268990058,-0.04854534114148833,-0.039943556783114155,-0.023703679731715582,-0.0066822686268736,0.010378499632792498,0.02991141315235593,0.04131499238883663,0.05384444744751893
SSP585,AFE,Country resampling,2,IE,2065,-0.012302806963128798,-0.05891199899152058,-0.05029061966404028,-0.0411666561894911,-0.024256578748546698,-0.006702547378995227,0.01115945888862574,0.031243045198743463,0.04450348323917082,0.05842836771760464
SSP585,AFE,Country resampling,2,IE,2066,-0.01318553043204529,-0.06134266265683115,-0.052977456005074974,-0.04337104238870115,-0.025433716838093395,-0.007292039487983626,0.011407143256958546,0.03283716128932182,0.04633845351309327,0.06137017163456128
SSP585,AFE,Country resampling,2,IE,2067,-0.013531736420623108,-0.06402916787980113,-0.05526950654450803,-0.04443651810465014,-0.026199262809545404,-0.007413127756479454,0.012310872403727052,0.03458224926642208,0.049034611550574925,0.06464380283261972
SSP585,AFE,Country resampling,2,IE,2068,-0.013871891493351551,-0.06716161678721509,-0.05701594497799303,-0.045842023347246186,-0.026923251671270687,-0.007406955746771471,0.013154988152515201,0.03664653976479318,0.05204126846342541,0.06749310902604086
SSP585,AFE,Country resampling,2,IE,2069,-0.014205763007454797,-0.06927257968870441,-0.05831187078507512,-0.047099050258119404,-0.02767028386666212,-0.007207131704478897,0.01377808722387791,0.03792890141698039,0.05526106242860757,0.070314507967533
SSP585,AFE,Country resampling,2,IE,2070,-0.014533149707413484,-0.07144071863288523,-0.059885751967722355,-0.048544912900524505,-0.02806033341822184,-0.0072068595860663165,0.014753856719550568,0.04021162202115626,0.0586820889140259,0.07522520272459497
SSP585,AFE,Country resampling,2,IE,2071,-0.015606502912615894,-0.07516291998448624,-0.06327028381284593,-0.05162438945592825,-0.029597562667244698,-0.007961863930986468,0.015230871218692127,0.04120994679291478,0.06080026823511616,0.07831776869506593
SSP585,AFE,Country resampling,2,IE,2072,-0.015983682779376895,-0.0779888477307604,-0.06518955996091852,-0.05290219232998351,-0.030368547795516954,-0.007872836584304599,0.016055242938707193,0.04320024399446879,0.06442742301191955,0.08554290052315183
SSP585,AFE,Country resampling,2,IE,2073,-0.016357099740632042,-0.08084348752092692,-0.06709222518290217,-0.05372388241139159,-0.0312002971608992,-0.007969863056752291,0.017020057589435506,0.04562841311155796,0.06926700223100733,0.091542383498743607
SSP585,AFE,Country resampling,2,IE,2074,-0.016726724145840755,-0.08440679875932229,-0.06990316019546293,-0.0553072115109351,-0.03175874603613163,-0.007927400095992188,0.01821233553296292,0.04787058986839602,0.07362786162723188,0.09621469801608905
SSP585,AFE,Country resampling,2,IE,2075,-0.01709255382086272,-0.08780672374626682,-0.07245806942979457,-0.05686137577085554,-0.0330815309152811,-0.00766583867260795,0.019206308677992612,0.05024417681770095,0.0784764763493997,0.09993791535676128
SSP585,AFE,Country resampling,2,IE,2076,-0.01841401777987406,-0.09313878028493405,-0.07675801686009676,-0.059803812410279635,-0.03470725437108377,-0.008153739461867315,0.019917547521655532,0.05168149214682878,0.08005857783558584,0.10440836975773649
SSP585,AFE,Country resampling,2,IE,2077,-0.018843157311854264,-0.09545045450078624,-0.08066388611295043,-0.06118146084273104,-0.03515746932900202,-0.00789246937021676,0.02048715894216291,0.05413302357628198,0.0847666428312487,0.10858617346733115
SSP585,AFE,Country resampling,2,IE,2078,-0.01927147039681487,-0.09842828416854124,-0.08355293430319191,-0.06269180561159109,-0.03566381170806554,-0.008007547054107222,0.021303811764894848,0.05675192431461342,0.09003793428161808,0.11550888255848483
SSP585,AFE,Country resampling,2,IE,2079,-0.019699066713218083,-0.10201775813606195,-0.08626096393020422,-0.06457421579668501,-0.03628234536921432,-0.007897042976452162,0.02204515979070354,0.0592794131582198,0.09467215437495273,0.12282864081456515
SSP585,AFE,Country resampling,2,IE,2080,-0.020126076834044215,-0.10631875647093751,-0.0894199079674021,-0.06682737329478038,-0.037016659197424806,-0.007966743592589143,0.0235786002566106,0.0632886279566592,0.10147336590254426,0.13130014135367712
SSP585,AFE,Country resampling,2,IE,2081,-0.021729314620104745,-0.11270368309131899,-0.09483262137378752,-0.07086336888338213,-0.039616619924514096,-0.008726580469880063,0.023715520875039225,0.06496512896898476,0.10462500913964803,0.1367542939701298
SSP585,AFE,Country resampling,2,IE,2082,-0.022224536631105574,-0.11749450197972551,-0.09812654377498661,-0.07306838826111578,-0.04048033811097135,-0.008588903871544318,0.024720046492876346,0.06865751366870802,0.1118632768803593,0.14706437898020297
SSP585,AFE,Country resampling,2,IE,2083,-0.022721879418671764,-0.12181068643977927,-0.10067704922182195,-0.07568612228277387,-0.04056928141176441,-0.008351075627064664,0.02620348402524958,0.07097715227018252,0.11931481257864462,0.15811355028078397
SSP585,AFE,Country resampling,2,IE,2084,-0.023221541489315878,-0.12602273703868364,-0.10305707620344871,-0.07757490913502973,-0.04091910610956906,-0.008274958691960488,0.027788725184146212,0.07611523702955583,0.1276046088317648,0.1699273439842159
SSP585,AFE,Country resampling,2,IE,2085,-0.023723734963594145,-0.1300814415948183,-0.10530583791722188,-0.07990002714715054,-0.04129354498418561,-0.007699668397409709,0.02959941282537437,0.0808379156031166,0.13619158580847596,0.18266778933163924
SSP585,AFE,Country resampling,2,IE,2086,-0.025627508462161774,-0.1394269952073881,-0.11093721144330491,-0.08486142234947298,-0.043339915096820114,-0.009084931052802558,0.029660663324848624,0.08570577256769636,0.14094704356666055,0.1898953590100143
SSP585,AFE,Country resampling,2,IE,2087,-0.02620545657624207,-0.14451509424507475,-0.11418116325358203,-0.08721559848331434,-0.04422250505380618,-0.008812540486560827,0.03091496902168689,0.09203140931882012,0.14846887110942164,0.2038636228875575
SSP585,AFE,Country resampling,2,IE,2088,-0.02678848945536627,-0.14905723918722272,-0.11889588349273991,-0.08952042734470328,-0.04488661981265271,-0.00845344665167802,0.033028643199653734,0.09771216539045986,0.15696586141276336,0.21568997565563017
SSP585,AFE,Country resampling,2,IE,2089,-0.027376848188317315,-0.1544365965433739,-0.1238985081844483,-0.09178642546066743,-0.0455394849658981,-0.008182567942179864,0.03427658753253415,0.10162261256802249,0.1671962341260589,0.22781807573481996
SSP585,AFE,Country resampling,2,IE,2090,-0.027970779830989168,-0.15998177650600146,-0.127317376160126,-0.09264717993428001,-0.04603994459742333,-0.0074565319309087275,0.03670475175594931,0.10742672313390987,0.17415402249205847,0.2523544378075945
SSP585,AFE,Country resampling,2,IE,2091,-0.030206210105202747,-0.17156563559313243,-0.13759404193273211,-0.09876575334052355,-0.04863851028796343,-0.008751598376886327,0.03681280720747515,0.1106988467822917,0.18248790470073128,0.2620393513778299
SSP585,AFE,Country resampling,2,IE,2092,-0.030883530710952067,-0.1796851023977011,-0.14259137019090026,-0.10071009040016793,-0.04937089624258989,-0.007889633758660197,0.038747314022880175,0.11768612270777783,0.19116129172858587,0.28147027552638204
SSP585,AFE,Country resampling,2,IE,2093,-0.031568711855033293,-0.1838679959040915,-0.14846997721320418,-0.10372642142236053,-0.04996357602322979,-0.007022371584874898,0.041171387089458666,0.1232814277536705,0.2068898711796366,0.3075635126981549
SSP585,AFE,Country resampling,2,IE,2094,-0.032261991523599876,-0.19305724474938885,-0.1542101343228563,-0.10654470434031815,-0.05088564723090655,-0.006291796772980918,0.0432309058450599,0.1288385955685436,0.21969349317523837,0.3385648518970146
SSP585,AFE,Country resampling,2,IE,2095,-0.03296360622760508,-0.20169739547660026,-0.15805168672942502,-0.10980974014463293,-0.051284620285702465,-0.00606504946190195,0.04714264356963549,0.13327145072342586,0.23346083297672524,0.37329409206946007
SSP585,AFE,Country resampling,2,IE,2096,-0.03554641461750807,-0.21241205932673213,-0.17318588165100832,-0.11748184101413783,-0.05481823843535827,-0.007746896267965764,0.04643177496263487,0.13554691923865067,0.2425423746771039,0.3983418131908252
SSP585,AFE,Country resampling,2,IE,2097,-0.036348756678339256,-0.21950300277138798,-0.17884496417687823,-0.1203004643734318,-0.05528840412578456,-0.0074148399518707,0.048140539045551545,0.14347196036626125,0.2592367069690504,0.4328672403397783
SSP585,AFE,Country resampling,2,IE,2098,-0.03716178045107077,-0.22818919434048757,-0.18335695362942556,-0.12251613662086913,-0.055875327684250575,-0.007295955495904893,0.05071442878818824,0.15702883164188242,0.27645271475170713,0.48494919596831326
SSP585,AFE,Country resampling,2,IE,2099,-0.03798567514230866,-0.23831047712290487,-0.18786688379626987,-0.1256442826012962,-0.05656364370167952,-0.006442518849474332,0.05295178210586865,0.16920593122583757,0.290148088124152,0.5318160701707688
SSP585,AFE,Country resampling,2,IE,2100,-0.03882062134195541,-0.24888833927810095,-0.1955623838651756,-0.1287641846162123,-0.05812166279683234,-0.005258390349420938,0.05494550229508202,0.18008741059747874,0.3104332410113862,0.5921959555596612
SSP585,IFE,Joint analytic covariance,0,M8,2021,-7.469157774575574e-5,-2.476453620306157e-4,-2.2125203907507606e-4,-1.8961752185761016e-4,-1.3436779555553446e-4,-7.857788380893904e-5,-1.7822654803684168e-5,3.2831143688016886e-5,6.441761082391916e-5,9.50157502614956e-5
SSP585,IFE,Joint analytic covariance,0,M8,2022,-2.3033108799375146e-4,-7.521776925184547e-4,-6.711413092941265e-4,-5.778332733190061e-4,-4.100234659497881e-4,-2.4102005258308523e-4,-5.884363306088436e-5,9.38274182754162e-5,1.8822336086536927e-4,2.798928668533926e-4
SSP585,IFE,Joint analytic covariance,0,M8,2023,-4.731004818310236e-4,-0.0015210739409430296,-0.0013552124477664961,-0.0011704779024870992,-8.35005792799659e-4,-4.953014877357442e-4,-1.2730305954386512e-4,1.762716426747746e-4,3.6786543496079e-4,5.495488910821016e-4
SSP585,IFE,Joint analytic covariance,0,M8,2024,-8.090973811082369e-4,-0.002555213946597604,-0.0022831568495706445,-0.001976368156682451,-0.0014164422410467004,-8.517018769825246e-4,-2.2932002953393593e-4,2.7268799964257355e-4,5.976190758692156e-4,8.989738766568378e-4
SSP585,IFE,Joint analytic covariance,0,M8,2025,-0.0012443246421254273,-0.003862334858347502,-0.003462875398083609,-0.0029988290392994558,-0.002159762371016255,-0.0013100466867234095,-3.6967788976233207e-4,3.8426297227498466e-4,8.736366179120324e-4,0.0013232315240938634
SSP585,IFE,Joint analytic covariance,0,M8,2026,-0.0018339456356137873,-0.005493133621955182,-0.004962169847632964,-0.004311049758653906,-0.0031167757081334013,-0.001910299186993869,-5.879957273756398e-4,4.791767608342434e-4,0.001139468101683271,0.001804921893892073
SSP585,IFE,Joint analytic covariance,0,M8,2027,-0.0025035060721474434,-0.007411600436386148,-0.006699604329701963,-0.005817627050740326,-0.00422039219499401,-0.0025848334987415567,-8.304543232878769e-4,5.851517203671945e-4,0.0014694838144254305,0.002385202177520438
SSP585,IFE,Joint analytic covariance,0,M8,2028,-0.0032930993951424403,-0.009650241201816049,-0.00867802097002529,-0.0075492120530879165,-0.005517266145148497,-0.0033802281526872924,-0.0011325361745687934,7.088951129808236e-4,0.0018351044254042764,0.0030392995840730543
SSP585,IFE,Joint analytic covariance,0,M8,2029,-0.0042084708403600235,-0.012210100097024792,-0.010984965372794309,-0.009538064128866063,-0.006983804446783981,-0.004306441450402376,-0.0015072109637050968,8.435968888346194e-4,0.002200275807104801,0.003763437846135968
SSP585,IFE,Joint analytic covariance,0,M8,2030,-0.005255224024153349,-0.01509015455464103,-0.013589239329737523,-0.011774301969377865,-0.008642920225875345,-0.005359355068327576,-0.00195078555773201,9.774227315224593e-4,0.002574889015585657,0.004546737982952248
SSP585,IFE,Joint analytic covariance,0,M8,2031,-0.00654765505646282,-0.01840089910514019,-0.016573929617759525,-0.014442956097434257,-0.010633802885808535,-0.0066492464105604165,-0.0025315596449180244,9.368168430893513e-4,0.002889918665459054,0.005160599177251253
SSP585,IFE,Joint analytic covariance,0,M8,2032,-0.007892154661705453,-0.021878421159572423,-0.019724734493338877,-0.017254952607611427,-0.012745619745353653,-0.008014553943374247,-0.0031352802827007697,9.653404379626819e-4,0.003316325273980121,0.00599409964302201
SSP585,IFE,Joint analytic covariance,0,M8,2033,-0.009384842520579029,-0.025667899603790525,-0.023154802073764698,-0.020310255253104405,-0.015083743415814782,-0.009527221134419506,-0.0037900910961621015,9.979667926599779e-4,0.003753393018475631,0.006931309579990017
SSP585,IFE,Joint analytic covariance,0,M8,2034,-0.011030636562295304,-0.029771069529444864,-0.026957335236158897,-0.023613499488412182,-0.017661152010645276,-0.011200363319038786,-0.00451906666353738,0.0010456780083296425,0.004195252979324175,0.007926731158987585
SSP585,IFE,Joint analytic covariance,0,M8,2035,-0.012834286851531651,-0.034218186486484156,-0.03106059192259486,-0.0271840438799671,-0.020389731251797605,-0.013015018246152754,-0.005416528548126798,9.748796686043453e-4,0.00463887349771908,0.008978101584329257
SSP585,IFE,Joint analytic covariance,0,M8,2036,-0.014970161641208346,-0.03919635399874222,-0.035669860641245825,-0.03122272491836503,-0.02358848313712944,-0.015187971184976279,-0.006552203778341925,7.206528539169158e-4,0.004947702282591654,0.009965019599578188
SSP585,IFE,Joint analytic covariance,0,M8,2037,-0.017116651741841737,-0.044292322980220476,-0.04041170322596475,-0.03537041516900036,-0.026809085763098178,-0.01729326422531613,-0.007584790629144134,5.537151647410755e-4,0.005370060421093281,0.011114629007123133
SSP585,IFE,Joint analytic covariance,0,M8,2038,-0.0194326050632061,-0.049797086390837825,-0.04546048360824869,-0.0397888862027503,-0.030261692813502078,-0.01953671772522686,-0.008834230281939082,4.145564677866314e-4,0.005659746179775198,0.012315210193965325
SSP585,IFE,Joint analytic covariance,0,M8,2039,-0.02192180909828456,-0.055634857221683175,-0.05075222386836381,-0.04448288428563528,-0.03392852098191304,-0.02202418107867321,-0.010215693540197801,1.7215214242292294e-4,0.005966006580150662,0.013515527950533495
SSP585,IFE,Joint analytic covariance,0,M8,2040,-0.02458786069361718,-0.061804358627241165,-0.056453952736545944,-0.049453175826379356,-0.03783282643503891,-0.02471185180253499,-0.011691176227959732,-1.9290673745900658e-4,0.006418978998658034,0.014627710289199621
SSP585,IFE,Joint analytic covariance,0,M8,2041,-0.027595357611512217,-0.06849703798872012,-0.0625133714452548,-0.0548621708775644,-0.04220729080227284,-0.027747759940770667,-0.013407954679245354,-5.791580611172683e-4,0.006762815554973465,0.01580869800440318
SSP585,IFE,Joint analytic covariance,0,M8,2042,-0.03061656911558641,-0.07523982094606697,-0.0686039126983277,-0.06037751376627304,-0.04665127011617115,-0.03069907070612543,-0.015072545395579201,-9.572600890683454e-4,0.0071663552400521675,0.01695851590289951
SSP585,IFE,Joint analytic covariance,0,M8,2043,-0.03381938632770276,-0.08237154333641415,-0.07496838366932303,-0.06616384825237175,-0.05133807949193145,-0.03383012959966264,-0.01684944271971056,-0.0014920109883000284,0.00741651038342924,0.018107605308604762
SSP585,IFE,Joint analytic covariance,0,M8,2044,-0.03720623299356329,-0.08982447550947166,-0.08170127091769941,-0.07222002827818291,-0.05627615923952364,-0.037126621052299746,-0.018699064067946275,-0.001983415486926686,0.007400946071192519,0.019253225514067194
SSP585,IFE,Joint analytic covariance,0,M8,2045,-0.04077932726288502,-0.09758551657607203,-0.08865410578927391,-0.07854452239602784,-0.06143168290857107,-0.040582617893666184,-0.020683901089939255,-0.0025882223552319283,0.007326902218968668,0.020391360998469995
SSP585,IFE,Joint analytic covariance,0,M8,2046,-0.0445706319496707,-0.10562926874402846,-0.09598675616614771,-0.08514032948370834,-0.06683221812473053,-0.04429066802947296,-0.022966693253436754,-0.0034800478410599274,0.007320832206517487,0.021553734642004586
SSP585,IFE,Joint analytic covariance,0,M8,2047,-0.04848415869489475,-0.11393218698109107,-0.10368246191512671,-0.09193843625120232,-0.07240748362405511,-0.048129648635893973,-0.02522127416045622,-0.004353709008951841,0.007616441679367782,0.022711202811454587
SSP585,IFE,Joint analytic covariance,0,M8,2048,-0.05258236256793436,-0.12251474288060232,-0.1116609690734055,-0.09894233346192176,-0.07820432952808826,-0.052147572094504435,-0.027519099684770287,-0.005299335322434079,0.007887394112155598,0.02385572999788643
SSP585,IFE,Joint analytic covariance,0,M8,2049,-0.05686627739746408,-0.13136941565125237,-0.1198863396381418,-0.10617847103956114,-0.08419582842123804,-0.05638225984813372,-0.029877455219800064,-0.006180256164202691,0.007689413982903701,0.024977677888469118
SSP585,IFE,Joint analytic covariance,0,M8,2050,-0.061336729137148494,-0.14048822516954332,-0.12830646796250642,-0.1136508237231447,-0.09042589411244895,-0.060728292614190715,-0.03226244850000792,-0.007281770785439263,0.007408089067873764,0.026381695230232323
SSP585,IFE,Joint analytic covariance,0,M8,2051,-0.06572119219549677,-0.1493615231032472,-0.13664380073269736,-0.12114916611621718,-0.09650803887977946,-0.06499869357080407,-0.03472778653407005,-0.008168062973440735,0.0075124209506801255,0.027812269993549067
SSP585,IFE,Joint analytic covariance,0,M8,2052,-0.07047853622587275,-0.15885316545445016,-0.14547798438345647,-0.12907804829685757,-0.10296324498728851,-0.06971320131754072,-0.03733024563200485,-0.0092196980188885,0.0071668749059399265,0.029337406996020787
SSP585,IFE,Joint analytic covariance,0,M8,2053,-0.07541321940356671,-0.1685687214687587,-0.1545418507153926,-0.13722882289943486,-0.10968050013126265,-0.07459976961896375,-0.0401857838087174,-0.010468269224904844,0.006739737566446246,0.03088866274610339
SSP585,IFE,Joint analytic covariance,0,M8,2054,-0.08052482377142456,-0.17849838963953027,-0.16382763159523103,-0.14559625468597143,-0.11668475074676488,-0.07970537539617695,-0.04338755686650694,-0.011676424606256293,0.006227681667248382,0.03246512665470714
SSP585,IFE,Joint analytic covariance,0,M8,2055,-0.08581273191842653,-0.1886320722567906,-0.17332996806677664,-0.15417483083366385,-0.12389217686994619,-0.08496105816403321,-0.04643843333180442,-0.012804160414958809,0.006749330081529383,0.03406590746789715
SSP585,IFE,Joint analytic covariance,0,M8,2056,-0.09058606931490731,-0.19785010728714428,-0.18224312348172572,-0.16231370265621506,-0.13044788111514705,-0.08964653009589496,-0.04919205432688292,-0.013757816179250615,0.007153007664376807,0.03583812026769141
SSP585,IFE,Joint analytic covariance,0,M8,2057,-0.09609088223096973,-0.20817218708465363,-0.1920171485066321,-0.171178719145276,-0.1379027228428768,-0.09514745850071549,-0.05255747075933939,-0.015103123074642873,0.007826745625070042,0.03729318516071563
SSP585,IFE,Joint analytic covariance,0,M8,2058,-0.10175656063994187,-0.21865164030075593,-0.20197197601701403,-0.18022647018428017,-0.145502124017053,-0.10078089916415622,-0.05593211150753369,-0.016527102500315655,0.007517232853277125,0.038432541427198624
SSP585,IFE,Joint analytic covariance,0,M8,2059,-0.10758129012170858,-0.22927735951151829,-0.21209883524579176,-0.1894502478276358,-0.15334512125366223,-0.10657174789293189,-0.05945282949006081,-0.0180315279277385,0.00710526976686149,0.03953680796677562
SSP585,IFE,Joint analytic covariance,0,M8,2060,-0.11356307811608235,-0.24003811943812176,-0.22235646599173456,-0.19884314563548336,-0.16122145753268838,-0.11230409246407225,-0.06314469146907398,-0.01924514420699612,0.0066092181816375115,0.040603181253516446
SSP585,IFE,Joint analytic covariance,0,M8,2061,-0.11848272462335252,-0.24910965667001517,-0.23094017335541647,-0.20728007244173013,-0.16798135250731888,-0.11722943857782847,-0.06583650072541314,-0.02025615352479544,0.007054616141076068,0.04282218620094705
SSP585,IFE,Joint analytic covariance,0,M8,2062,-0.12459029335925076,-0.2598679596111705,-0.24131577652588762,-0.21680807198627636,-0.17598508623235137,-0.12306660939227765,-0.06958572742919705,-0.02179283501171732,0.0065752070851004575,0.044011267820170834
SSP585,IFE,Joint analytic covariance,0,M8,2063,-0.1308342004374896,-0.27071318005570444,-0.25187846470916014,-0.22646147268208086,-0.18408029772703677,-0.12902525687730537,-0.07342760061138645,-0.023472535001801867,0.006031737002595707,0.04517282011279023
SSP585,IFE,Joint analytic covariance,0,M8,2064,-0.1372114611592372,-0.28163404698326183,-0.2625638366853571,-0.23624182305883412,-0.19220851832258545,-0.13510279744268783,-0.07735064185970275,-0.02497467258231238,0.005422388626904195,0.046305121176373434
SSP585,IFE,Joint analytic covariance,0,M8,2065,-0.14371895174593874,-0.29261934529120953,-0.27336272729520456,-0.2461414626754561,-0.20046915833399406,-0.14133285906653664,-0.08124587114762097,-0.026674081440620986,0.004745402621461446,0.04740652436711669
SSP585,IFE,Joint analytic covariance,0,M8,2066,-0.1486945753657849,-0.30173009756071834,-0.28270018474691844,-0.2544276290472991,-0.20728739772468352,-0.14633016677837657,-0.0840642149473543,-0.027497566500118163,0.005427416229006933,0.05015853890176243
SSP585,IFE,Joint analytic covariance,0,M8,2067,-0.15526894380479206,-0.3128964824784701,-0.2935484541200835,-0.2639081110679955,-0.21567998105728178,-0.15270057659658698,-0.0881299577923475,-0.029214528543699114,0.004921236126308077,0.05142063043955296
SSP585,IFE,Joint analytic covariance,0,M8,2068,-0.16195205996966078,-0.32411855995042654,-0.3044752006992888,-0.27332574752502925,-0.22404158602230245,-0.15921334065633985,-0.09228518778682482,-0.03090468680761711,0.004594310793043608,0.052664709055622386
SSP585,IFE,Joint analytic covariance,0,M8,2069,-0.16874013597789594,-0.33538676526794076,-0.3154712492544579,-0.28304729903446973,-0.23267865834432463,-0.1658414334059672,-0.09652843162437347,-0.032618247735851036,0.004236436552384462,0.053890141585179324
SSP585,IFE,Joint analytic covariance,0,M8,2070,-0.17562929156667995,-0.3466916341480966,-0.3265065338015474,-0.2927016482581248,-0.24128031597561228,-0.17253984649824727,-0.10085712580479936,-0.03436986788246525,0.0038471282927699593,0.05509638290260195
SSP585,IFE,Joint analytic covariance,0,M8,2071,-0.18047488599811734,-0.3560533228814585,-0.3341152270873388,-0.3006219093221955,-0.24797831693656777,-0.17741064686277713,-0.10325464802675005,-0.03472653914857112,0.004978107812016881,0.05856160951365137
SSP585,IFE,Joint analytic covariance,0,M8,2072,-0.187380504822946,-0.3672764681920349,-0.34431310586227926,-0.3105345287865527,-0.2566610312895348,-0.1839236078440904,-0.10755115358535974,-0.03633376655910485,0.004666638318404594,0.05996722971020618
SSP585,IFE,Joint analytic covariance,0,M8,2073,-0.19436675629877154,-0.37850475661152844,-0.35448591004125296,-0.3200494596326554,-0.2653603455838004,-0.190750118957573,-0.1115889482631163,-0.0380357324667335,0.004331247221255339,0.061506463819848436
SSP585,IFE,Joint analytic covariance,0,M8,2074,-0.20142942670598907,-0.38964793069174725,-0.36462490318719354,-0.3300078214092059,-0.2740134436663579,-0.19765658050431995,-0.11555047229926435,-0.03996892051468594,0.003971820264915819,0.06318211133021094
SSP585,IFE,Joint analytic covariance,0,M8,2075,-0.20856425736102857,-0.4008626879197597,-0.37469273731902675,-0.33977634446765514,-0.282678274624687,-0.2044683797245247,-0.11993259877821344,-0.041766304067681025,0.003588260835615577,0.06486991278199704
SSP585,IFE,Joint analytic covariance,0,M8,2076,-0.2130811516156843,-0.4086978209840327,-0.38309236992682766,-0.34697317201461597,-0.2886490406646758,-0.20887160600243632,-0.12272963555300656,-0.04239639959586583,0.005240281338220647,0.0695002772333365
SSP585,IFE,Joint analytic covariance,0,M8,2077,-0.22019119491189965,-0.4189463658456808,-0.3939729399349165,-0.3563465700573219,-0.2973710684304723,-0.2155960470510933,-0.12717796213338622,-0.04438082459851147,0.004944973579606906,0.07142586022854977
SSP585,IFE,Joint analytic covariance,0,M8,2078,-0.22735501321235496,-0.42952146112116296,-0.40482317954300523,-0.3659151534998484,-0.3059600870405037,-0.22242244540258127,-0.1316666957053749,-0.046367151200916716,0.004632391802445326,0.07337641450357682
SSP585,IFE,Joint analytic covariance,0,M8,2079,-0.23456827726926832,-0.4400173780842944,-0.4152690068382781,-0.3754020910216991,-0.31453046790652534,-0.22937907475789965,-0.1362770429109528,-0.04837303884260576,0.0043027318398074065,0.07535290529112058
SSP585,IFE,Joint analytic covariance,0,M8,2080,-0.2418266551099686,-0.4504305214590915,-0.4255711896725241,-0.38515139821631367,-0.32335425553813146,-0.23661300967509563,-0.14056612309078687,-0.05039595627563155,0.003956209046845573,0.07735636035386706
SSP585,IFE,Joint analytic covariance,0,M8,2081,-0.24584721637719076,-0.4572063046329855,-0.43291437174129654,-0.3912869469794229,-0.3287301431806887,-0.24064261692333955,-0.14129306765837452,-0.04953410770353817,0.006644718837424736,0.08318385617261534
SSP585,IFE,Joint analytic covariance,0,M8,2082,-0.25302114839433953,-0.46730743846465855,-0.44257722156667617,-0.4009210622533114,-0.33741680276458236,-0.24746754689123474,-0.14551143343225562,-0.051235305414858004,0.006226047582737525,0.0854840692199971
SSP585,IFE,Joint analytic covariance,0,M8,2083,-0.26022302897097005,-0.47730568209230356,-0.45216745619186405,-0.4105059421357169,-0.3460975562615497,-0.2544105354427299,-0.14964209649481244,-0.05292679679473411,0.006388614466195203,0.08782595795985058
SSP585,IFE,Joint analytic covariance,0,M8,2084,-0.26744865053654343,-0.4871952674166018,-0.46209217019721277,-0.4199471387986436,-0.3547671557739328,-0.2611818873519897,-0.15404077036487307,-0.0546051611026345,0.006999017617811861,0.09021115484506521
SSP585,IFE,Joint analytic covariance,0,M8,2085,-0.27469383785999657,-0.4969707541622239,-0.470906052948574,-0.42881737022572375,-0.36337348659167856,-0.2681453955105921,-0.15882606155966228,-0.056322884646725246,0.007699639218151958,0.092641365065977
SSP585,IFE,Joint analytic covariance,0,M8,2086,-0.2782126962673296,-0.502837161517575,-0.47771921468899775,-0.43577300676484537,-0.3679108174417339,-0.2719041562870119,-0.1595053575458186,-0.05516686887811838,0.012571254411682145,0.099736658617537
SSP585,IFE,Joint analytic covariance,0,M8,2087,-0.28533545588179343,-0.5122689483923526,-0.4876219513502668,-0.4449304676711942,-0.3756006867723183,-0.2788557008005837,-0.1642383311629659,-0.057265225617627626,0.012501285236457509,0.10251355953530915
SSP585,IFE,Joint analytic covariance,0,M8,2088,-0.29246293119496614,-0.5221072326514693,-0.49728904209278,-0.4537043694996139,-0.38358291329104865,-0.28564230070230684,-0.1688116475633472,-0.05933247264967497,0.012445670356361915,0.10535124628299095
SSP585,IFE,Joint analytic covariance,0,M8,2089,-0.2995912161888482,-0.5318370548609082,-0.5067677111937159,-0.46233999860780645,-0.39179263324431907,-0.29230268168363244,-0.17343094877368678,-0.06099365628694549,0.012331464796965322,0.10825200734684919
SSP585,IFE,Joint analytic covariance,0,M8,2090,-0.3067164631411464,-0.5403558689692065,-0.516672055600633,-0.4711039175322779,-0.39961228419142497,-0.299053108583304,-0.17805901442757646,-0.06266438407821034,0.012221795262041316,0.11121821617396807
SSP585,IFE,Joint analytic covariance,0,M8,2091,-0.30965319928504453,-0.5464499977779311,-0.5207435184880047,-0.476632260577935,-0.4036409587905938,-0.30202235776637615,-0.1762021300716107,-0.06201869183084289,0.017615574603085063,0.11978769731109845
SSP585,IFE,Joint analytic covariance,0,M8,2092,-0.3166279732448817,-0.5550517264819407,-0.5288505549605457,-0.4850953348788251,-0.4113873455988538,-0.3089559613180346,-0.18046059716250268,-0.06413317182245747,0.01852050191558522,0.12315390463156148
SSP585,IFE,Joint analytic covariance,0,M8,2093,-0.32358739025972727,-0.5635678973029964,-0.5368128643529761,-0.4933765773503509,-0.4189886240127391,-0.3152651568795548,-0.18512100972546475,-0.06475202043345517,0.019508683245818823,0.1266024057223436
SSP585,IFE,Joint analytic covariance,0,M8,2094,-0.33052796926172456,-0.5723971485377912,-0.5460649077748525,-0.5023960049021639,-0.4261586690238762,-0.32192640159268193,-0.18971542307130426,-0.06624350763071066,0.019851334450012068,0.13013615070956633
SSP585,IFE,Joint analytic covariance,0,M8,2095,-0.3374463048526324,-0.5798554536980965,-0.5555713892447042,-0.5104768837827947,-0.43382910051877766,-0.328320440998625,-0.19446552072256262,-0.0678546159651296,0.01987305429410971,0.1337581888402694
SSP585,IFE,Joint analytic covariance,0,M8,2096,-0.3396762523426251,-0.5846900029317863,-0.5618891489607,-0.5159560187037311,-0.4368877554524473,-0.33086271674627077,-0.19364353456859765,-0.0644346738613236,0.024104472042859964,0.14693842085028536
SSP585,IFE,Joint analytic covariance,0,M8,2097,-0.3463845977216512,-0.5932754155512041,-0.570010383612244,-0.5239229251069867,-0.4447233578404437,-0.33732189091682385,-0.197569942961512,-0.06553605422154643,0.024748796687397327,0.1546676313181567
SSP585,IFE,Joint analytic covariance,0,M8,2098,-0.35306008751812,-0.6019034414110893,-0.5779993136516295,-0.531740884547223,-0.4521272188421625,-0.34412203033008826,-0.20116195154293492,-0.06755776551846779,0.025445559594234522,0.16277287539324167
SSP585,IFE,Joint analytic covariance,0,M8,2099,-0.35969977509878404,-0.6108464395767724,-0.585854303973165,-0.539485286102908,-0.4594892110290565,-0.3509983986657849,-0.20552401702055278,-0.06973512558794234,0.027557584333774306,0.17126875915625778
SSP585,IFE,Joint analytic covariance,0,M8,2100,-0.36630079875769384,-0.6196651087387499,-0.5935455281681791,-0.5478471358949318,-0.4668437175704111,-0.35774325109539035,-0.20924223651787924,-0.07196257663688574,0.029862922486552188,0.18017040696958997
SSP585,IFE,Joint analytic covariance,0,M4,2021,-8.630928826669493e-5,-2.5037603993352807e-4,-2.2633286592035895e-4,-1.9741468462469713e-4,-1.4667951285030068e-4,-8.809094017930841e-5,-2.8363305147688367e-5,2.011540588442441e-5,4.690314768782673e-5,7.662961166410848e-5
SSP585,IFE,Joint analytic covariance,0,M4,2022,-2.652964831150184e-4,-7.598325246868903e-4,-6.862783037787256e-4,-6.007938272397873e-4,-4.467974930267571e-4,-2.713461106086945e-4,-9.152806351483966e-5,5.7283281108966305e-5,1.3352251001877958e-4,2.2605249717979044e-4
SSP585,IFE,Joint analytic covariance,0,M4,2023,-5.43269449128525e-4,-0.0015367715365954355,-0.0013868859771914376,-0.001212929567180221,-9.068966098310094e-4,-5.535628764157252e-4,-1.9538914387484674e-4,1.0689398723753305e-4,2.5260921781059486e-4,4.444073384723521e-4
SSP585,IFE,Joint analytic covariance,0,M4,2024,-9.264634154254603e-4,-0.002589871679880748,-0.0023349518264704936,-0.0020463488135660014,-0.0015365686504819065,-9.383508281512465e-4,-3.432476718525368e-4,1.6311676258469197e-4,3.971102671937666e-4,7.27805336032938e-4
SSP585,IFE,Joint analytic covariance,0,M4,2025,-0.0014210283703931514,-0.0039297988538393195,-0.0035369939688394635,-0.0030972270199271625,-0.002348149710642289,-0.0014376063504542014,-5.434502106832495e-4,2.2129587318764357e-4,5.67203110386992e-4,0.001072377036832594
SSP585,IFE,Joint analytic covariance,0,M4,2026,-0.002066548612730701,-0.005615114757785774,-0.005027606623673719,-0.004411374801135414,-0.0033851584957857173,-0.0020879869024335584,-8.296244713202616e-4,2.4379526831237486e-4,7.436139551019065e-4,0.0014562187855004622
SSP585,IFE,Joint analytic covariance,0,M4,2027,-0.002816740919883043,-0.007572788832663477,-0.006776737020096002,-0.005982546617162265,-0.004582623497973559,-0.0028420286654372573,-0.0011570338102289135,2.8184028867492874e-4,9.497908351743577e-4,0.0019043879393304645
SSP585,IFE,Joint analytic covariance,0,M4,2028,-0.0037000028435932864,-0.009839911508585306,-0.008805158046825861,-0.007818028533985166,-0.005983227474507524,-0.003724101417922676,-0.0015453145106520128,3.124986093999918e-4,0.0011431263372430485,0.002402964076877589
SSP585,IFE,Joint analytic covariance,0,M4,2029,-0.004722506425609785,-0.012431806440536325,-0.011120406689909101,-0.009900062068334138,-0.007603809527262584,-0.0047510607524829385,-0.0020146936908427004,3.184809750011788e-4,0.0013461237350445435,0.0029620475212168693
SSP585,IFE,Joint analytic covariance,0,M4,2030,-0.005890291198249797,-0.015351179849348548,-0.013744827432048424,-0.012200858237671353,-0.009407145524061994,-0.00592100170813431,-0.0025749502990098927,2.8650375082519587e-4,0.001578323348351748,0.0035347911032609794
SSP585,IFE,Joint analytic covariance,0,M4,2031,-0.007276018976308918,-0.018707035307721873,-0.01677704157446709,-0.0148756085827892,-0.011484292648553385,-0.007300107080886076,-0.0032422157998213408,1.863623965548519e-4,0.001775256782373555,0.004102192831463068
SSP585,IFE,Joint analytic covariance,0,M4,2032,-0.008767475100288635,-0.022323579322893597,-0.020045672569548173,-0.017723135916945864,-0.01376369387699286,-0.008792014778159163,-0.003967722359938919,1.0347370664016827e-4,0.0019850088800709037,0.004744094173128995
SSP585,IFE,Joint analytic covariance,0,M4,2033,-0.010423286210344163,-0.026285697676805653,-0.02363292065456075,-0.020835773075373362,-0.016285078128960906,-0.010464739538443513,-0.004808528227330883,9.167051263681068e-6,0.0020859525985498168,0.005412804801873702
SSP585,IFE,Joint analytic covariance,0,M4,2034,-0.012249002731772873,-0.03059732816965629,-0.027543416395069836,-0.024275489812524774,-0.01908085031383655,-0.01230455869547209,-0.005780199751846071,-2.130720439336685e-4,0.002277967614967222,0.006104100042240109
SSP585,IFE,Joint analytic covariance,0,M4,2035,-0.014249999061976881,-0.03518321534373134,-0.03178116443114775,-0.02804467133636411,-0.022058723029641958,-0.014330377240665604,-0.0068883902772436945,-5.068398321647141e-4,0.002428956051351027,0.006813729190675195
SSP585,IFE,Joint analytic covariance,0,M4,2036,-0.01652561249880058,-0.04019940714920164,-0.036482817834107464,-0.03210360067504205,-0.025376826503207967,-0.016608766818092924,-0.008127760791533989,-9.417643582199698e-4,0.0023673529637373704,0.00749071255526986
SSP585,IFE,Joint analytic covariance,0,M4,2037,-0.01890308666344731,-0.04549475181392807,-0.04140067690857608,-0.03650245118269309,-0.028866485556652277,-0.018955721020082694,-0.009432658698883462,-0.0012478400362724252,0.002411293210615737,0.008225815161098911
SSP585,IFE,Joint analytic covariance,0,M4,2038,-0.021470117248573062,-0.05121632241214962,-0.046652231005119484,-0.041213336284400916,-0.032599790938327544,-0.02150431072372294,-0.010868062048168647,-0.0015661708185713882,0.0025961750010089174,0.008965864500485546
SSP585,IFE,Joint analytic covariance,0,M4,2039,-0.02423113466564908,-0.05729398514289312,-0.05223853760535294,-0.04623672188700451,-0.036597583371513004,-0.02426693531401075,-0.012414175430088603,-0.0020970474864851884,0.0027683750387153096,0.00969248212989669
SSP585,IFE,Joint analytic covariance,0,M4,2040,-0.027190342193562644,-0.06372705108972258,-0.05815995880500298,-0.051570034833429146,-0.04079659342019398,-0.02724651998635641,-0.014121020125024614,-0.002639419962559573,0.0026227676030163767,0.010330610698726142
SSP585,IFE,Joint analytic covariance,0,M4,2041,-0.03039747194139719,-0.07056365982993515,-0.06446717046626936,-0.05725282802770036,-0.045319701103112175,-0.030513306472970847,-0.01593258014792942,-0.0033484423311502223,0.0023599894920577884,0.011027169544091272
SSP585,IFE,Joint analytic covariance,0,M4,2042,-0.03375100224566252,-0.07768317839319021,-0.0710324805606552,-0.06318754734419649,-0.0500577729444773,-0.03391005108016715,-0.01789113302788531,-0.004163974342685164,0.002081406198392803,0.011767659732257288
SSP585,IFE,Joint analytic covariance,0,M4,2043,-0.03730936722538758,-0.08514455826745418,-0.07791982348146125,-0.06942286735953342,-0.055053855048601774,-0.037547455630400906,-0.01999426850551289,-0.004833097867745434,0.0019416786932362525,0.012498006394913799
SSP585,IFE,Joint analytic covariance,0,M4,2044,-0.04107541442449314,-0.09294355392106668,-0.08501722863710764,-0.07590330031707988,-0.06038887509286084,-0.04133056498641874,-0.022231360545755557,-0.005515662323696457,0.0016439581870878182,0.013214225894221113
SSP585,IFE,Joint analytic covariance,0,M4,2045,-0.04505172099824328,-0.10107517139820102,-0.09237691611089985,-0.08268886262848686,-0.065909436990840925,-0.04522748702185614,-0.024653518680455733,-0.006434227061941862,0.0014927254738719455,0.013912312645397898
SSP585,IFE,Joint analytic covariance,0,M4,2046,-0.049114508405545876,-0.10931390106066483,-0.09994269249552558,-0.08961306292116374,-0.07152644967178512,-0.049207364860784364,-0.027093658746827898,-0.007422082054214494,0.0012297407611181436,0.01463295137886155
SSP585,IFE,Joint analytic covariance,0,M4,2047,-0.05347293219490812,-0.11802978989825288,-0.10787825504943253,-0.09700091585421974,-0.077516936805651,-0.05351194543020804,-0.02982778673909048,-0.008679035572517032,7.551549758439847e-4,0.015312524435789352
SSP585,IFE,Joint analytic covariance,0,M4,2048,-0.0580406981617233,-0.12704941054337146,-0.11613315618550873,-0.1046674466195395,-0.08375288923607807,-0.057934154201555677,-0.032712873036531226,-0.01006031426837997,2.013305096372442e-4,0.01596610464877311
SSP585,IFE,Joint analytic covariance,0,M4,2049,-0.06281889217403436,-0.1363646244112152,-0.12465087926532117,-0.11260651873350991,-0.09027331367079114,-0.06270135900088142,-0.03580891944069939,-0.011357898825125372,-4.358296299099319e-4,0.016589887104601558
SSP585,IFE,Joint analytic covariance,0,M4,2050,-0.06780830842512697,-0.14596666544894488,-0.13357308352986733,-0.12081137914530618,-0.09703601036967838,-0.06766707591013194,-0.03889644592950134,-0.01275805547566716,-0.001114093904575504,0.01714044542621047
SSP585,IFE,Joint analytic covariance,0,M4,2051,-0.07253056267858926,-0.1551110079658453,-0.14197012685178526,-0.1284433189880429,-0.1034924550352331,-0.07235129603111384,-0.041760525448722635,-0.01399657407731772,-0.001482269215407198,0.017894136080127944
SSP585,IFE,Joint analytic covariance,0,M4,2052,-0.07784006073579919,-0.1651163654538368,-0.1512359698745961,-0.13698832208939954,-0.11065401886001053,-0.07751715057844688,-0.045135721871443935,-0.015541930467348416,-0.001905478268030066,0.018412701372084714
SSP585,IFE,Joint analytic covariance,0,M4,2053,-0.08335013746533926,-0.1753648866359416,-0.16075583550488304,-0.1457586365622819,-0.11803633493795715,-0.0829567502099155,-0.048657427419598,-0.01717216136237072,-0.0023811551073219953,0.018887919113162316
SSP585,IFE,Joint analytic covariance,0,M4,2054,-0.08905998658009107,-0.18584540030569918,-0.17049816093006814,-0.154744966957959,-0.12562606708958898,-0.08859206839870015,-0.05218824888056467,-0.018837170321899743,-0.0029206669656022706,0.01942907564434671
SSP585,IFE,Joint analytic covariance,0,M4,2055,-0.09496851630451897,-0.19654631058666122,-0.18045205008362522,-0.16398991106080704,-0.13343145772439804,-0.09437646062829824,-0.0560550110652237,-0.02077956422430744,-0.003951845407156841,0.020005942523444772
SSP585,IFE,Joint analytic covariance,0,M4,2056,-0.10012622161796936,-0.20608008155508017,-0.18944228080655395,-0.1723426409188918,-0.14029315413528237,-0.09961716142478988,-0.05917433568025507,-0.022015119195094978,-0.004349865675784156,0.020932445614980272
SSP585,IFE,Joint analytic covariance,0,M4,2057,-0.10627117460496172,-0.21698017695128774,-0.1996723794903822,-0.18185106949284446,-0.1483592674288653,-0.10566201776136508,-0.06322235445947505,-0.02410440457222363,-0.0054445950622098414,0.02147412444736629
SSP585,IFE,Joint analytic covariance,0,M4,2058,-0.11259631656369973,-0.22804873141346843,-0.21009921712481605,-0.1915182429875879,-0.15661836480947045,-0.11187270550617723,-0.06744564650767709,-0.026040252376536135,-0.006381293082002478,0.02190162036865314
SSP585,IFE,Joint analytic covariance,0,M4,2059,-0.11909905416251831,-0.23927282100877661,-0.2207137253484507,-0.2013226715676092,-0.16506471658580224,-0.11828625276435117,-0.07182638719314124,-0.028049129239164135,-0.0072601923967421725,0.022282990096904536
SSP585,IFE,Joint analytic covariance,0,M4,2060,-0.12577654138518168,-0.25063934189067855,-0.23150657722117354,-0.21128223812162666,-0.17369231337291186,-0.12487459569707038,-0.0763630165466481,-0.03045917107504244,-0.008203179543684063,0.02261133431648977
SSP585,IFE,Joint analytic covariance,0,M4,2061,-0.13107519236514187,-0.2600009976967764,-0.24112536403489337,-0.21918919467033435,-0.18083057099851033,-0.1303829866307633,-0.07947759429458373,-0.03155908274677784,-0.008659696214327434,0.023816106279220803
SSP585,IFE,Joint analytic covariance,0,M4,2062,-0.1378819154521832,-0.2713525687563746,-0.25208492411491346,-0.22915114491887426,-0.18951263773622662,-0.1369289454882584,-0.08407801522144967,-0.0339740048347434,-0.009648944120553095,0.024188010334887055
SSP585,IFE,Joint analytic covariance,0,M4,2063,-0.14483855211363972,-0.2827923566959227,-0.2631733431443682,-0.23920604053614647,-0.1983008500409543,-0.14359469352040954,-0.08881541658624878,-0.03649125258162952,-0.010841582298261078,0.02451374578266183
SSP585,IFE,Joint analytic covariance,0,M4,2064,-0.1519410450833637,-0.2943071833623225,-0.27422880445930736,-0.24935459724992892,-0.20735349041919518,-0.15063797928428058,-0.09368430753218707,-0.039111207109558885,-0.012233962334925956,0.024792923545736065
SSP585,IFE,Joint analytic covariance,0,M4,2065,-0.15918514405121365,-0.3059995216735876,-0.2852796635738707,-0.2595857807612644,-0.21634120775153956,-0.15782882690682337,-0.09868175681718055,-0.04183411829574767,-0.013709920630547521,0.025023445874570786
SSP585,IFE,Joint analytic covariance,0,M4,2066,-0.16449735278849198,-0.31542865283677846,-0.29371100302397263,-0.26758627012105934,-0.22329350385439536,-0.16355270172914138,-0.10159007927045266,-0.04276539238012799,-0.013876000123319774,0.0265209352870076
SSP585,IFE,Joint analytic covariance,0,M4,2067,-0.1717974563304584,-0.32708978041539216,-0.3046191251380831,-0.27796480751558034,-0.23249012766063767,-0.17077572649613249,-0.10656650492422848,-0.04547738399063183,-0.01535406034721859,0.026812385073367074
SSP585,IFE,Joint analytic covariance,0,M4,2068,-0.17921320848811528,-0.33877802659991985,-0.3155583722559652,-0.2884084239885161,-0.2417866872162298,-0.17810788596980992,-0.11166529277099979,-0.04827762869133103,-0.016907686020494642,0.027061363890631886
SSP585,IFE,Joint analytic covariance,0,M4,2069,-0.18673958267336233,-0.350070753521481,-0.32651735799110976,-0.29890704057276524,-0.25117546560038084,-0.18546792767181403,-0.1167508053785141,-0.05112549315360317,-0.018540759626901746,0.027266416482145513
SSP585,IFE,Joint analytic covariance,0,M4,2070,-0.19437143083639452,-0.3620641371276874,-0.3374848853878265,-0.3093163357811491,-0.26064868871139146,-0.19289222317132443,-0.12190686370569098,-0.054009499696479016,-0.020257246344423625,0.027426132860179735
SSP585,IFE,Joint analytic covariance,0,M4,2071,-0.19947010908046248,-0.3706979060140066,-0.345198615211712,-0.31630752013780705,-0.2671111142574669,-0.19788805134149473,-0.12480734833140847,-0.05388295920455612,-0.020154383128917885,0.029325532832458322
SSP585,IFE,Joint analytic covariance,0,M4,2072,-0.20709240496535042,-0.38191365247735076,-0.3560370973560878,-0.32640255717552297,-0.2762871593548512,-0.2052711466115122,-0.13017407074889445,-0.05662069129540509,-0.021845391597158568,0.029563940912721794
SSP585,IFE,Joint analytic covariance,0,M4,2073,-0.21479525503672492,-0.39308028609438256,-0.36708252639575756,-0.3364025001465922,-0.28590034275648785,-0.21266034769207742,-0.13562120496479696,-0.059459108231972854,-0.023609769980339226,0.029763977687119043
SSP585,IFE,Joint analytic covariance,0,M4,2074,-0.2225731782136644,-0.4041875922082436,-0.37786934932609867,-0.34673424657107876,-0.2954061870494181,-0.2204309739088996,-0.14114816106296263,-0.06254195756243378,-0.025442933055654204,0.02992480125190852
SSP585,IFE,Joint analytic covariance,0,M4,2075,-0.2304206450957328,-0.4154360714558862,-0.3885005334874475,-0.3573125482109316,-0.30502899248125315,-0.22809211784960837,-0.14679447085567313,-0.06570327912440722,-0.02734490344319307,0.030045621893647057
SSP585,IFE,Joint analytic covariance,0,M4,2076,-0.23506537671026717,-0.4230436835908231,-0.3965401570583492,-0.3648558508694912,-0.3112618875460894,-0.23298744039829222,-0.1498879801705226,-0.06627006179377601,-0.026808999854788098,0.03249840431065741
SSP585,IFE,Joint analytic covariance,0,M4,2077,-0.24284429467375668,-0.43433448967664734,-0.4075489064135828,-0.37505120929890556,-0.3199732413919323,-0.2407861195712701,-0.15562731372523084,-0.0694263508445016,-0.028663434522796866,0.03272001117682112
SSP585,IFE,Joint analytic covariance,0,M4,2078,-0.2506702545943509,-0.44564147866630555,-0.41837553622255214,-0.38486151610743313,-0.3291253654512098,-0.24877239627620235,-0.16123958360316945,-0.07265030242554497,-0.030577283482458487,0.03290898825565613
SSP585,IFE,Joint analytic covariance,0,M4,2079,-0.2585377658912861,-0.4566331353314167,-0.42907489569864543,-0.3946276913872373,-0.33805887755565833,-0.2566522555963293,-0.16690944099205116,-0.07577871046244544,-0.03255007167495265,0.033065015329229695
SSP585,IFE,Joint analytic covariance,0,M4,2080,-0.2664413543284949,-0.46753464022687297,-0.4397073537519048,-0.4042996147197512,-0.3477560445679371,-0.26454807881827147,-0.17264839763523288,-0.0789554791024361,-0.03458125323778068,0.033187826763460826
SSP585,IFE,Joint analytic covariance,0,M4,2081,-0.27044476172482024,-0.4742225226318707,-0.4464577137189591,-0.41045678407208314,-0.3513424769821091,-0.26840858811735585,-0.17476899670794607,-0.07930361964777123,-0.0327818776192734,0.03631665174302958
SSP585,IFE,Joint analytic covariance,0,M4,2082,-0.2782146696217451,-0.4842762151912655,-0.45679186679222455,-0.4207426152301318,-0.3603729785603499,-0.27616336928676205,-0.18056808430701715,-0.08259552342972143,-0.0346525209882275,0.03657143759917477
SSP585,IFE,Joint analytic covariance,0,M4,2083,-0.2860003586326939,-0.49466192268477444,-0.4670371830393707,-0.4304406686659899,-0.3695623139000499,-0.28372335235025103,-0.18621948515897094,-0.08594605335962062,-0.036570687934930464,0.03680128271115054
SSP585,IFE,Joint analytic covariance,0,M4,2084,-0.29379665578364844,-0.5049288724615102,-0.47712723764001375,-0.4404574504606559,-0.3787660985075859,-0.291408421067432,-0.1915441128177466,-0.08935377577091973,-0.038547552225565516,0.03700633956008645
SSP585,IFE,Joint analytic covariance,0,M4,2085,-0.30159845574366784,-0.5150714585466383,-0.48711096907059026,-0.44939974398829546,-0.3882538466596439,-0.2989564074784606,-0.19701918759642423,-0.09280504681000654,-0.040583332945438894,0.03718681581904284
SSP585,IFE,Joint analytic covariance,0,M4,2086,-0.30494119415479215,-0.5210181591108407,-0.4929838129370542,-0.45576958695466097,-0.39341934982301746,-0.3014022718144358,-0.1979188509384594,-0.09218625540927546,-0.03830245502466408,0.04103399567082582
SSP585,IFE,Joint analytic covariance,0,M4,2087,-0.3125637274719023,-0.5308899232340721,-0.5031595887421888,-0.46532043333815415,-0.4020002147638573,-0.3084336793325171,-0.2033567284322383,-0.09553468527795414,-0.038146188941014576,0.04137217244213049
SSP585,IFE,Joint analytic covariance,0,M4,2088,-0.3201745962487059,-0.5406271212684424,-0.5122399270262907,-0.4752601851983547,-0.41083228869714583,-0.31513944394325993,-0.20896399365563773,-0.09896720976573793,-0.03917972724791234,0.04235977086412051
SSP585,IFE,Joint analytic covariance,0,M4,2089,-0.3277691782999409,-0.550225649258339,-0.5218729946002632,-0.4845979900681,-0.4191833661434666,-0.32236519365380495,-0.21477154878415464,-0.1024428953386047,-0.04063305553611119,0.042654327289003126
SSP585,IFE,Joint analytic covariance,0,M4,2090,-0.33534295465465025,-0.5591637767370998,-0.5317637017673916,-0.49332853259307496,-0.42700864034720465,-0.3303437537673439,-0.2206018323164655,-0.10555204872219107,-0.042120210331419855,0.042918498419789744
SSP585,IFE,Joint analytic covariance,0,M4,2091,-0.33795305719042235,-0.5636908842702193,-0.5371842524082896,-0.49751372003082756,-0.43075833863383195,-0.33319682367427006,-0.22115456698110378,-0.10206920605519447,-0.039329678913933526,0.04765668757459181
SSP585,IFE,Joint analytic covariance,0,M4,2092,-0.34531711742499727,-0.5730369575529154,-0.5454431763213313,-0.5061427712990128,-0.4390152859401456,-0.3401476878405297,-0.22632791189213222,-0.1042814098634229,-0.041238142940607625,0.04832723650250609
SSP585,IFE,Joint analytic covariance,0,M4,2093,-0.3526466901592714,-0.58252296526492775,-0.5537120412349424,-0.5148082547258268,-0.44718131273691725,-0.3472260276884587,-0.2311925970371795,-0.10700012024104054,-0.0431813500364974,0.04901031212057491
SSP585,IFE,Joint analytic covariance,0,M4,2094,-0.3599378441377429,-0.5916184261959936,-0.5626062854231134,-0.5239506661276578,-0.4549552042561885,-0.35443302384037645,-0.23725642401415695,-0.11023270291390856,-0.04435180020433293,0.04970770954818346
SSP585,IFE,Joint analytic covariance,0,M4,2095,-0.36718677159626223,-0.5998633970925962,-0.5709707386674634,-0.5329432118339403,-0.46289206094349705,-0.36158140504489644,-0.24343627558243877,-0.11353391677860489,-0.044609928362921304,0.050421292255240176
SSP585,IFE,Joint analytic covariance,0,M4,2096,-0.3689500166595113,-0.6044085243511941,-0.5750031495379515,-0.5360945521433944,-0.4652813886896856,-0.3631852860189026,-0.24233473577048467,-0.11200487202850029,-0.03744690139037751,0.057087006429402204
SSP585,IFE,Joint analytic covariance,0,M4,2097,-0.3759277083624111,-0.6126433655041942,-0.583409145877203,-0.5444969155645862,-0.47304728210851377,-0.3701778185958113,-0.246245132548522,-0.11513732163654852,-0.039211948685891194,0.05813553106570456
SSP585,IFE,Joint analytic covariance,0,M4,2098,-0.3828521289346747,-0.6207233108449799,-0.5921914366788901,-0.5525795966983494,-0.4813927138210776,-0.3773386169812228,-0.2505116923879463,-0.11878515308963572,-0.04102115464664179,0.05921545242572
SSP585,IFE,Joint analytic covariance,0,M4,2099,-0.38972013985504705,-0.6286476384725118,-0.6011295680343721,-0.5608742410211978,-0.4893216200213343,-0.3840417083635156,-0.2557679829806153,-0.12240999367679865,-0.04146032519236667,0.0603290143306101
SSP585,IFE,Joint analytic covariance,0,M4,2100,-0.3965287321732891,-0.6364158810601241,-0.6077943079675768,-0.5692361413419406,-0.4968702398537817,-0.39030858376766414,-0.2605396140589389,-0.12513232754212614,-0.03958917007910502,0.06147852702270902
SSP585,IFE,Joint analytic covariance,0,IE,2021,1.1617710520939184e-5,-1.846878133074936e-5,-1.3233439071275166e-5,-8.862110056173653e-6,1.944609594239921e-6,1.1225595306474379e-5,2.0869157038333475e-5,2.9946852157092257e-5,3.614045276225108e-5,3.959419208233172e-5
SSP585,IFE,Joint analytic covariance,0,IE,2022,3.496539512126695e-5,-5.387670481669382e-5,-3.873743151963649e-5,-2.553694151983254e-5,6.2499077634059486e-6,3.3714892678116115e-5,6.25312283951962e-5,8.96716086562499e-5,1.080346285029232e-4,1.1758277079300101e-4
SSP585,IFE,Joint analytic covariance,0,IE,2023,7.016896729750144e-5,-1.0459134145021365e-4,-7.55671000391478e-5,-5.038986903322939e-5,1.3316035717303443e-5,6.717223093438696e-5,1.2564467225020803e-4,1.7936858759241004e-4,2.1427199531939825e-4,2.3393627095100175e-4
SSP585,IFE,Joint analytic covariance,0,IE,2024,1.1736603431722337e-4,-1.6885837262512471e-4,-1.2480108567705094e-4,-8.205113915044081e-5,2.366628063277254e-5,1.111493609933234e-4,2.097083347809281e-4,2.9947241658410115e-4,3.5568284671221853e-4,3.869676752112083e-4
SSP585,IFE,Joint analytic covariance,0,IE,2025,1.7670372826772418e-4,-2.4542342586836573e-4,-1.8757998272120324e-4,-1.186578447955888e-4,3.587452449735351e-5,1.6638652284334254e-4,3.144680906538022e-4,4.499015388530148e-4,5.322081077444918e-4,5.7964627232166e-4
SSP585,IFE,Joint analytic covariance,0,IE,2026,2.3260297711691358e-4,-3.541484194457628e-4,-2.740344915913573e-4,-1.822140145639861e-4,3.8345214583096476e-5,2.1933833453580132e-4,4.274245199644422e-4,6.096600170812039e-4,7.274637377146675e-4,7.919435935055036e-4
SSP585,IFE,Joint analytic covariance,0,IE,2027,3.132348477355995e-4,-4.5886014983275434e-4,-3.5770100136388593e-4,-2.3263014881261813e-4,5.3340808890939284e-5,2.963770104582597e-4,5.72212002164757e-4,8.176426594742271e-4,9.666526801473448e-4,0.0010541207861391427
SSP585,IFE,Joint analytic covariance,0,IE,2028,4.0690344845084603e-4,-5.680735008725818e-4,-4.4871101723272796e-4,-2.896753162022314e-4,7.916113088979326e-5,3.914567318142881e-4,7.37713653925498e-4,0.0010504240917583174,0.001244104254810735,0.0013519608098055578
SSP585,IFE,Joint analytic covariance,0,IE,2029,5.140355852497613e-4,-6.82816671409489e-4,-5.586638873578797e-4,-3.4570095512028717e-4,1.0636704614039316e-4,4.938022111210527e-4,9.25024169776939e-4,0.0013076552616266724,0.0015521611743640972,0.001681459006328484
SSP585,IFE,Joint analytic covariance,0,IE,2030,6.350671740964486e-4,-8.176765689129645e-4,-6.537012962009535e-4,-4.005802802042546e-4,1.4608746809638418e-4,6.099427603625807e-4,0.0011384751628527867,0.0015990106419665807,0.0019021716650091665,0.0020551670400313776
SSP585,IFE,Joint analytic covariance,0,IE,2031,7.283639198460978e-4,-0.0010069633686334623,-8.037967099888576e-4,-4.997630706934263e-4,1.3883415779172847e-4,7.101546301157557e-4,0.001328748039711558,0.0018773169031475855,0.0022443185728533758,0.002428016336082042
SSP585,IFE,Joint analytic covariance,0,IE,2032,8.753204385831825e-4,-0.0011724214414343154,-9.101328660140184e-4,-5.620440005032256e-4,1.8391309184020987e-4,8.566566833480005e-4,0.0015777761083172193,0.002220173952063487,0.002642307088198964,0.0028638709746868184
SSP585,IFE,Joint analytic covariance,0,IE,2033,0.001038443689765134,-0.0013220189376560749,-0.0010381031280729204,-6.299058137567592e-4,2.4098025583899063e-4,0.001007448860718907,0.0018571791318148512,0.002587292670137231,0.0030732850774657693,0.0033366562514785666
SSP585,IFE,Joint analytic covariance,0,IE,2034,0.0012183661694775694,-0.0015073506467628173,-0.0011358404850951686,-6.978114775172849e-4,2.8704605314436304e-4,0.001185608712496622,0.002154810418409564,0.0029955717200945697,0.0035334570249554204,0.0038497955864579235
SSP585,IFE,Joint analytic covariance,0,IE,2035,0.0014157122104452302,-0.001629290216369014,-0.0011978340325031922,-7.369272979013795e-4,3.575116274931178e-4,0.0014024657051730505,0.0024734403638833335,0.0034379469677445983,0.004062510337333924,0.004392322908454041
SSP585,IFE,Joint analytic covariance,0,IE,2036,0.0015554508575922332,-0.0018608485249435702,-0.0013715332230385233,-8.605250493415762e-4,3.676975866570009e-4,0.0015434795464533413,0.0027443161046901976,0.0038317304850871035,0.004560055788202522,0.004929187723204653
SSP585,IFE,Joint analytic covariance,0,IE,2037,0.001786434921605573,-0.002033936350023824,-0.0014662604209048356,-9.063625092649795e-4,4.7067180875476344e-4,0.0017764640469281057,0.003108355397397955,0.004318588740655139,0.00510908830179435,0.005566362513544259
SSP585,IFE,Joint analytic covariance,0,IE,2038,0.002037512185366963,-0.00219749981432035,-0.0015766213565592269,-9.391645763819789e-4,5.907697874312778e-4,0.0020311499316602033,0.003513697286400469,0.0048491625543607315,0.005686351636008742,0.006231572194651487
SSP585,IFE,Joint analytic covariance,0,IE,2039,0.0023093255673645174,-0.002369792520753328,-0.0016957474252104975,-9.456824302759181e-4,6.99383101246398e-4,0.002328990594322955,0.003944165704132807,0.0054311438163340935,0.006358942989036041,0.006968929893297306
SSP585,IFE,Joint analytic covariance,0,IE,2040,0.0026024814999454637,-0.0024885096826000345,-0.0018255307369347883,-9.350013575224691e-4,8.128080884679534e-4,0.002637499901851581,0.004386602806716405,0.006024306582173333,0.0070426192537332314,0.007672996073485579
SSP585,IFE,Joint analytic covariance,0,IE,2041,0.002802114329884975,-0.002769906121854168,-0.002032973110554742,-0.0010546271804084406,8.391041660212595e-4,0.002864797339155345,0.004790498169333635,0.0065344347957035035,0.007724728768107479,0.008374478626167539
SSP585,IFE,Joint analytic covariance,0,IE,2042,0.0031344331300761086,-0.0028669632020844995,-0.002139146326013369,-0.0010397005689919746,9.731943674482768e-4,0.0032140449508628044,0.005319551879079593,0.0072138083571846034,0.00853971499547842,0.00918656512407714
SSP585,IFE,Joint analytic covariance,0,IE,2043,0.003489980897684819,-0.0030551913010224974,-0.0021944847817650047,-9.835774271519714e-4,0.0010918651536255541,0.003609085186741523,0.005862948276791374,0.007941277523384716,0.009330860838059247,0.010074753581811053
SSP585,IFE,Joint analytic covariance,0,IE,2044,0.0038691814309298467,-0.003144418133083271,-0.002279059125486077,-9.186379706508152e-4,0.0013303973415292047,0.00402028049450226,0.006468003250244131,0.008705033380388394,0.010159640812858016,0.011064286635909634
SSP585,IFE,Joint analytic covariance,0,IE,2045,0.00427239373535826,-0.0031618801689196336,-0.0022817113287700195,-8.748969220813363e-4,0.0015179249268634787,0.00447159445740708,0.007076534559307179,0.00948643184254082,0.011051950984378736,0.01196941920539201
SSP585,IFE,Joint analytic covariance,0,IE,2046,0.004543876455875173,-0.003447711866209679,-0.002464697237797597,-9.576700550387618e-4,0.0016399625363535952,0.004788602243466222,0.007581563795051538,0.01014872110765438,0.011813172374435093,0.012834796682630604
SSP585,IFE,Joint analytic covariance,0,IE,2047,0.004988773500013366,-0.0035325771671681078,-0.0025324010674200423,-8.711122259461134e-4,0.0018160038373844223,0.005302261831621746,0.00824821226429548,0.011017790180454635,0.012845894525463267,0.013901556272792376
SSP585,IFE,Joint analytic covariance,0,IE,2048,0.005458335593788943,-0.0036206717321097923,-0.0026154866863230208,-7.698105419810307e-4,0.0021527074946911806,0.005794815997880232,0.00896717191284524,0.011928491214541504,0.013794652968865827,0.015014032660874923
SSP585,IFE,Joint analytic covariance,0,IE,2049,0.005952614776570275,-0.003764980163148193,-0.0025978924098128907,-6.869961798631861e-4,0.0023537045716149063,0.006303874964654843,0.009734300020828673,0.012920395140164432,0.014869387331890242,0.016170331346450132
SSP585,IFE,Joint analytic covariance,0,IE,2050,0.0064715792879784795,-0.003956342457959389,-0.0026322003038175223,-5.456446549312651e-4,0.0025992404509170564,0.006838295436075281,0.010516175047625836,0.013938426666487093,0.01598972807061189,0.017371289592155184
SSP585,IFE,Joint analytic covariance,0,IE,2051,0.006809370483092492,-0.004268112957078518,-0.002859737682576907,-6.294150132925777e-4,0.002726573027102025,0.007215722049046136,0.011124972052815874,0.014765916459506768,0.016896505489959093,0.01842242841097298
SSP585,IFE,Joint analytic covariance,0,IE,2052,0.007361524509926443,-0.004531119496194743,-0.002857466549144549,-4.5710216790644225e-4,0.003102711205868247,0.007835742162526582,0.01195701433843352,0.015821280329443133,0.018043971327412058,0.019709987422808856
SSP585,IFE,Joint analytic covariance,0,IE,2053,0.007936918061772547,-0.004641909337093339,-0.0027876340764775966,-2.645618505754288e-4,0.0035320551026523095,0.008458221622890172,0.012826790194817306,0.016913968666440737,0.019282208506612192,0.02103669926490451
SSP585,IFE,Joint analytic covariance,0,IE,2054,0.008535162808666508,-0.004772639453501096,-0.002664467724653596,-6.728746128122902e-5,0.003968143293313214,0.009062537132459081,0.01372275886702401,0.018046127051086273,0.020537649779881966,0.02240694585203906
SSP585,IFE,Joint analytic covariance,0,IE,2055,0.009155784386092436,-0.004764859336119109,-0.0027013138377106616,1.4512189648233675e-4,0.0043728607293403166,0.009675116144542195,0.014658252891650486,0.019291650469749268,0.02174298829691241,0.023762102718979754
SSP585,IFE,Joint analytic covariance,0,IE,2056,0.009540152303062044,-0.00501873970839424,-0.0028892407478744437,9.561745273237725e-5,0.004522717648566321,0.010147996656851455,0.015333409204334791,0.020168873599098892,0.02280004697689587,0.024805778425771627
SSP585,IFE,Joint analytic covariance,0,IE,2057,0.010180292373991984,-0.004995777921013313,-0.002939587286209677,3.115888626149644e-4,0.004966830509619102,0.010848491926683801,0.016309120062608956,0.02146045088430919,0.02407171814506074,0.026315401553082176
SSP585,IFE,Joint analytic covariance,0,IE,2058,0.010839755923757854,-0.005026127013792763,-0.002964565057311519,4.895778275201157e-4,0.005363050648518691,0.011538145157869162,0.017318354120645696,0.02287725534611318,0.025505580945647446,0.027891795317121815
SSP585,IFE,Joint analytic covariance,0,IE,2059,0.01151776404080973,-0.005229244498752955,-0.002914558665663464,7.138092734335189e-4,0.005831833771550304,0.012271291923805383,0.018285596694324197,0.024172571255140465,0.026893689791881656,0.02953954597085262
SSP585,IFE,Joint analytic covariance,0,IE,2060,0.012213463269099334,-0.005431028657200401,-0.0027643058285293396,8.63479268688816e-4,0.006242866809125475,0.013132082816679547,0.019329278880794665,0.025593876233755176,0.028382721840244884,0.031150215833235448
SSP585,IFE,Joint analytic covariance,0,IE,2061,0.012592467741789348,-0.005740026648445034,-0.0028996735901809507,8.932897293900684e-4,0.0062696100500461704,0.013505423202268774,0.01993309877740501,0.02661894509966616,0.029573046159177996,0.032269601000560734
SSP585,IFE,Joint analytic covariance,0,IE,2062,0.013291622092932442,-0.00588395374910741,-0.003049984218505308,0.0011210561864384186,0.006734072923505058,0.014281303098029552,0.02100651105448159,0.027980836513322407,0.030955625789861208,0.03383344035874783
SSP585,IFE,Joint analytic covariance,0,IE,2063,0.014004351676150106,-0.005913569373277888,-0.0029660162112428003,0.0013532512273403687,0.007264071644391218,0.015234769945524973,0.02212714204887975,0.029397674406363174,0.03241289819316028,0.03554609975962742
SSP585,IFE,Joint analytic covariance,0,IE,2064,0.014729583924126488,-0.0059641787096870675,-0.0029091198949267255,0.0015993132851891633,0.007816425049261916,0.01597743570098109,0.02321098192486376,0.030785329189109333,0.03404451344895894,0.03744907636731289
SSP585,IFE,Joint analytic covariance,0,IE,2065,0.015466192305274906,-0.006090263914012477,-0.002979123081979218,0.0018237059024715397,0.008337353085545895,0.01678056192882743,0.024350087202040543,0.03227617969732756,0.03586308213212406,0.039630042478576655
SSP585,IFE,Joint analytic covariance,0,IE,2066,0.01580277742270708,-0.006529433849573134,-0.0032202526378923234,0.0017288716606782446,0.008414552146231769,0.017187026663375404,0.0249552226335171,0.0331821542050646,0.03705317863031982,0.041133699452539224
SSP585,IFE,Joint analytic covariance,0,IE,2067,0.01652851252566634,-0.006673788478068668,-0.0032896053261016796,0.001955737929895963,0.008778595582870696,0.01799631280042885,0.026120691452420047,0.034773360030463836,0.03891803114718215,0.04298158532599381
SSP585,IFE,Joint analytic covariance,0,IE,2068,0.017261148518454505,-0.0069098288896589,-0.0033242967248775235,0.002147153471116215,0.009325801931450217,0.01879973829810605,0.027365166689175102,0.03633791591917148,0.0406029223725539,0.045057851881487136
SSP585,IFE,Joint analytic covariance,0,IE,2069,0.01799944669546638,-0.007193651003961476,-0.003301487599313224,0.0023409110297886965,0.00979105326992638,0.019470910887883885,0.028523026007958252,0.03795616866013702,0.04226370808988901,0.04697412883948095
SSP585,IFE,Joint analytic covariance,0,IE,2070,0.018742139269714575,-0.007160610518364416,-0.0032994782547303703,0.002601160650173818,0.010272723210276308,0.020313337342968807,0.02959214924445494,0.03935431472682312,0.043946818853058754,0.04876329944826975
SSP585,IFE,Joint analytic covariance,0,IE,2071,0.018995223082345136,-0.007796796537079253,-0.0034982199014418677,0.0022954442959995497,0.010253402622821206,0.020691077941578928,0.030198582992593925,0.04008206000254306,0.04503019390579125,0.05040379645665161
SSP585,IFE,Joint analytic covariance,0,IE,2072,0.019711900142404426,-0.007816086212240964,-0.003475113477700792,0.002542624650735093,0.010799941101311744,0.02157349139437198,0.03129439834452735,0.041562585482587545,0.04650243506632885,0.05244170810275488
SSP585,IFE,Joint analytic covariance,0,IE,2073,0.020428498737953382,-0.007772809465169103,-0.0034431392554893636,0.002718310319830875,0.01122956099868816,0.0224098105894861,0.032293668648996354,0.04310146449710596,0.04858964462950361,0.05448044329271769
SSP585,IFE,Joint analytic covariance,0,IE,2074,0.021143751507675335,-0.007645427514576875,-0.003407700547039416,0.0030153770062052335,0.011670332518681215,0.02319388029698255,0.0333655899660423,0.044484255928301505,0.050336059205554,0.05655944115885152
SSP585,IFE,Joint analytic covariance,0,IE,2075,0.02185638773470422,-0.007841406174786732,-0.003335326988719223,0.0032162139643497124,0.012139759342337436,0.024032899107710115,0.0344741584546622,0.0461111828840438,0.052499982399563744,0.05880733728984914
SSP585,IFE,Joint analytic covariance,0,IE,2076,0.021984225094582865,-0.008411903939131783,-0.003871109972479247,0.0025511425145564376,0.011943798024385166,0.02426896301443887,0.03513291358138396,0.0471312608398283,0.053753315073373595,0.06047686845099631
SSP585,IFE,Joint analytic covariance,0,IE,2077,0.022653099761857032,-0.008740898179163886,-0.0038757775754411357,0.0027389766644351555,0.012366901644739053,0.025058188449182728,0.03629064601765919,0.04857962392009722,0.05592548319804156,0.0624761630727045
SSP585,IFE,Joint analytic covariance,0,IE,2078,0.02331524138199592,-0.008968137527660607,-0.0038540213543099607,0.002976694028943572,0.01274151144342972,0.02587270387627133,0.03732355693538231,0.05020799293135801,0.05799629472782635,0.0644809870736338
SSP585,IFE,Joint analytic covariance,0,IE,2079,0.023969488622017754,-0.009082244570117965,-0.0038290332093554812,0.0031912777071227416,0.013276410967449637,0.026654047024464556,0.03851477907913353,0.05185433872504818,0.059820983096332395,0.06647894877534287
SSP585,IFE,Joint analytic covariance,0,IE,2080,0.024614699218526326,-0.009179569700691666,-0.00379724918251219,0.0032768291071455847,0.013669276901861482,0.027397759753743478,0.03957391495699175,0.053274904972627234,0.06190367263879854,0.06862906755094426
SSP585,IFE,Joint analytic covariance,0,IE,2081,0.02459754534762948,-0.01026890756312885,-0.004225926247345124,0.0025905146130992605,0.01334684961244531,0.027361621804267877,0.04007327857377549,0.054196625778693816,0.06284777827372323,0.07036050054929965
SSP585,IFE,Joint analytic covariance,0,IE,2082,0.02519352122740559,-0.0103834765002249,-0.004134491472844282,0.0025773392226346448,0.013503390696528866,0.028055648263820288,0.04109985472501315,0.055650823923590526,0.06499112682954998,0.07253364530289609
SSP585,IFE,Joint analytic covariance,0,IE,2083,0.025777329661723858,-0.01043691184404316,-0.004141351221131211,0.0026667602108078623,0.013829948150407001,0.02871807453164099,0.04200741730816082,0.057373798558960236,0.06716095038480367,0.07472325948270123
SSP585,IFE,Joint analytic covariance,0,IE,2084,0.02634800524710501,-0.010485940182752817,-0.004648137821740417,0.0028453958817258,0.013993559038977088,0.029178863419301537,0.0431619150763736,0.05894180972318135,0.06937445430541223,0.0770746038681533
SSP585,IFE,Joint analytic covariance,0,IE,2085,0.026904617883671267,-0.010542368922722353,-0.005046611736382156,0.0029608797401253235,0.014268141608954565,0.029676175175620434,0.044242124198591054,0.06048402485058116,0.0715895824353205,0.07977272372504414
SSP585,IFE,Joint analytic covariance,0,IE,2086,0.026728497887462566,-0.011569668831203637,-0.005975063595483542,0.002007748928574105,0.013729903475594801,0.029508941099480934,0.04485166269331656,0.06139169896153335,0.07269320510268795,0.08172081579327894
SSP585,IFE,Joint analytic covariance,0,IE,2087,0.027228271590108877,-0.011675330795832762,-0.006066677932932995,0.002212237109508797,0.014092614228123412,0.030097996420889617,0.04600828596906992,0.06280284027073264,0.0751532419966902,0.08434309035900064
SSP585,IFE,Joint analytic covariance,0,IE,2088,0.027711665053739787,-0.01177857771260699,-0.006161316230247343,0.0020548879976318825,0.014198866409964261,0.03069530819411631,0.04715607347735895,0.06439644981210632,0.07724403012527628,0.0876996492640798
SSP585,IFE,Joint analytic covariance,0,IE,2089,0.02817796211109269,-0.012257905814939012,-0.0066069603330206885,0.001910219462956442,0.014686588541447138,0.03128002628932669,0.048109632175002054,0.06573950140487755,0.07904097520959699,0.09077795143072087
SSP585,IFE,Joint analytic covariance,0,IE,2090,0.028626491513503827,-0.013193806152174517,-0.006969781548378305,0.002110901012373048,0.014854750559052027,0.03167223135818842,0.04935617946807838,0.06742838708260178,0.08104071571577863,0.09374228334602092
SSP585,IFE,Joint analytic covariance,0,IE,2091,0.028299857905377812,-0.014859878666984674,-0.008276496524991067,9.25766342194524e-4,0.014231350872007109,0.031340691721868374,0.04936746737084027,0.06824927973437271,0.08276523167468258,0.09644537197620581
SSP585,IFE,Joint analytic covariance,0,IE,2092,0.02868914418011559,-0.014899735860894932,-0.00847854219114673,9.037680661827544e-4,0.014454826142650895,0.03165754235972951,0.05038476067377606,0.06957250815787144,0.08516835289212182,0.09921410035491852
SSP585,IFE,Joint analytic covariance,0,IE,2093,0.029059299899544144,-0.015285607473299476,-0.008658773299818416,8.81639958849313e-4,0.01469700261189194,0.032030952011033675,0.05149164217765648,0.07130837201130266,0.08738045957874484,0.10143815966255068
SSP585,IFE,Joint analytic covariance,0,IE,2094,0.029409874876018316,-0.015494463122979665,-0.009025528434362957,9.327497770574514e-4,0.014751502350097367,0.03230338071791017,0.052474964873134466,0.07267744065119776,0.08924893899680385,0.10384136687360818
SSP585,IFE,Joint analytic covariance,0,IE,2095,0.029740466743629845,-0.01607187712156585,-0.009413343455284278,7.920642237773801e-4,0.014946390454756875,0.03260562818078011,0.05332068947878876,0.07417534438153701,0.0918112539128211,0.10693024877004537
SSP585,IFE,Joint analytic covariance,0,IE,2096,0.02927376431688622,-0.018315895401990172,-0.010568655191536446,-6.094851947431975e-4,0.013722224505590436,0.032104992525341436,0.05368674278235172,0.07493803664919535,0.09383228517695646,0.10901207437399191
SSP585,IFE,Joint analytic covariance,0,IE,2097,0.029543110640759873,-0.018618377098365464,-0.01101710474369969,-0.0011559808953443434,0.013725746624929896,0.032181024004725944,0.0546963766552028,0.07649298896014214,0.09636445697710609,0.11185931586590181
SSP585,IFE,Joint analytic covariance,0,IE,2098,0.02979204141655467,-0.01892883374267523,-0.011272360530199308,-0.0016711388661152069,0.01368104754670621,0.03241907935452443,0.05561288820672472,0.07777547335594479,0.09856206978761503,0.11474695145960213
SSP585,IFE,Joint analytic covariance,0,IE,2099,0.030020364756263018,-0.0192764817144561,-0.01140339647608609,-0.0020649479587384937,0.013694697585112353,0.03265298758341967,0.05658336291323823,0.07934468043907877,0.1009834554047885,0.11747025470386455
SSP585,IFE,Joint analytic covariance,0,IE,2100,0.030227933415595265,-0.019569697799256044,-0.011775790200325114,-0.002528170034052123,0.013721048139193864,0.03281508364749308,0.057741293611012046,0.08122615588430931,0.10300091613281538,0.12070287330242221
SSP585,IFE,Joint analytic covariance,1,M8,2021,-1.469976883595736e-4,-3.3666168566266194e-4,-3.132556741213266e-4,-2.776088159126222e-4,-2.107306890097027e-4,-1.484902107582453e-4,-8.009122430935323e-5,-2.0260448367515058e-5,1.8657137961852643e-5,6.282742015418784e-5
SSP585,IFE,Joint analytic covariance,1,M8,2022,-4.4701310053707477e-4,-0.0010348070917563124,-9.446648468987295e-4,-8.302300344767089e-4,-0.00063416593255954945,-4.4437078934872476e-4,-2.3907269260553532e-4,-7.005131355407582e-5,5.41347118895084e-5,1.7929615252866265e-4
SSP585,IFE,Joint analytic covariance,1,M8,2023,-9.044512020423001e-4,-0.0020783251026850608,-0.0019056640616809228,-0.0016840235185564987,-0.0012929843133190067,-8.912662584034114e-4,-4.752459781716678e-4,-1.1872426615631148e-4,1.1316763720006213e-4,3.547631279471608e-4
SSP585,IFE,Joint analytic covariance,1,M8,2024,-0.001523636446462917,-0.0034724589093671015,-0.0032126633146123186,-0.0028726009172523105,-0.0022173422197240833,-0.0015032644064595924,-7.805770193034522e-4,-2.0939184749645397e-4,1.9500682919796288e-4,6.127370387739192e-4
SSP585,IFE,Joint analytic covariance,1,M8,2025,-0.002308802698992918,-0.005283194903754343,-0.004899020159794887,-0.0043788479931535455,-0.0033562954801451828,-0.0022604231607890046,-0.00116918788302664,-3.073258850060377e-4,3.527829238162971e-4,9.064546982789853e-4
SSP585,IFE,Joint analytic covariance,1,M8,2026,-0.0033028288075861445,-0.007549179869662398,-0.006988197737583862,-0.006247639628654523,-0.004784948448188497,-0.0032577909985638254,-0.0016956387496414038,-4.4991882217494347e-4,4.749595686550968e-4,0.0011846015050725686
SSP585,IFE,Joint analytic covariance,1,M8,2027,-0.004445551441571771,-0.010192584613516895,-0.009402950490638667,-0.008451471003057176,-0.006478626041570068,-0.0043969781728179225,-0.002252684804623012,-5.281446558681674e-4,6.805953424596537e-4,0.0015172509524207728
SSP585,IFE,Joint analytic covariance,1,M8,2028,-0.005768454227439546,-0.013236103622949977,-0.012088163285148173,-0.010959745701962587,-0.00842983352199933,-0.005651018536348085,-0.002947766928417056,-6.34619853190887e-4,9.618479675031377e-4,0.001905296994586906
SSP585,IFE,Joint analytic covariance,1,M8,2029,-0.007275358729713188,-0.016678440051684687,-0.015206989402624065,-0.01375030678431145,-0.010685960829910052,-0.007175443579150564,-0.0037631219005306304,-8.04854205038896e-4,0.0012415143193633567,0.0022961329901991963
SSP585,IFE,Joint analytic covariance,1,M8,2030,-0.008969932668185798,-0.02051746552965744,-0.018680048433011274,-0.016981786548290058,-0.013190643188793594,-0.008836399212469537,-0.0046489136720059,-9.637938010232936e-4,0.0015451617136776322,0.002905386394183964
SSP585,IFE,Joint analytic covariance,1,M8,2031,-0.010931735485519067,-0.024874697544151367,-0.022564366310688547,-0.02055945303956145,-0.016102388976612703,-0.010716812175060986,-0.005750632077488521,-0.0012428099776379702,0.0017008829254187494,0.003572517463493468
SSP585,IFE,Joint analytic covariance,1,M8,2032,-0.013025219742638261,-0.029494754174835183,-0.026738175425816697,-0.024386467680051385,-0.019143191323459208,-0.012702196676220023,-0.006869550945316022,-0.001567955698395427,0.0019712786499352262,0.004210182911322888
SSP585,IFE,Joint analytic covariance,1,M8,2033,-0.01531664340780381,-0.0345434839638018,-0.03124986345572436,-0.0285624163622054,-0.02239530957731206,-0.014978091504350532,-0.008133391156189967,-0.0018549450698252747,0.0022390751244157733,0.004884629258922972
SSP585,IFE,Joint analytic covariance,1,M8,2034,-0.017808865102276195,-0.03997967715160551,-0.03610739787254631,-0.0330387162064427,-0.025968187216187905,-0.017452053913222798,-0.00953892686806257,-0.0021359177596163336,0.0024909687621986042,0.00570074742833011
SSP585,IFE,Joint analytic covariance,1,M8,2035,-0.020504549697199503,-0.04580052623636374,-0.041384414545618996,-0.03777971278740227,-0.029874790863830075,-0.02009183937799408,-0.01094275311849946,-0.0026327769239624186,0.0027217605756599404,0.0065734221492316875
SSP585,IFE,Joint analytic covariance,1,M8,2036,-0.023515530207097957,-0.05212515955842852,-0.04714857324379357,-0.04316395527706224,-0.03405038369182223,-0.02292739901662222,-0.012619918383766526,-0.0030929210872623772,0.002688744978893146,0.0072202771125218545
SSP585,IFE,Joint analytic covariance,1,M8,2037,-0.026635310893356245,-0.05872082556711541,-0.05312980922075474,-0.04865517067701031,-0.038465793741698256,-0.025990875500537858,-0.01433438543786919,-0.003453141382163914,0.0028975600442362843,0.00793157040387931
SSP585,IFE,Joint analytic covariance,1,M8,2038,-0.029963756573975653,-0.06585598272929193,-0.05973497453348062,-0.05445096795496199,-0.04313077038289831,-0.02930975436297434,-0.016092553065373105,-0.004249389521594331,0.0031726312685935822,0.008637751491722695
SSP585,IFE,Joint analytic covariance,1,M8,2039,-0.03350247012864038,-0.07336432479307907,-0.06671199228776822,-0.06046998874473129,-0.048113289030062845,-0.03289296569594319,-0.01804398602129928,-0.004678923871303063,0.003350713695506909,0.0092910118171234991
SSP585,IFE,Joint analytic covariance,1,M8,2040,-0.0372528339005338,-0.08096581094220359,-0.07405552330264532,-0.06700067710669495,-0.053312822615315336,-0.03672144239866432,-0.020087853631515745,-0.00526593979499804,0.0035331526499439336,0.010155881222790975
SSP585,IFE,Joint analytic covariance,1,M8,2041,-0.041304442455458834,-0.08932298777959789,-0.08161239553550326,-0.07386380948768484,-0.05891250293959929,-0.04061266060735008,-0.022354463618232873,-0.006236921116962475,0.003793311484870888,0.010908141988875384
SSP585,IFE,Joint analytic covariance,1,M8,2042,-0.04547813700500736,-0.09755484406873458,-0.08938718410771906,-0.08070567512585182,-0.06479846777901793,-0.04469368858570161,-0.024693742879952796,-0.007228724505370145,0.004549969903966174,0.011995186749765303
SSP585,IFE,Joint analytic covariance,1,M8,2043,-0.04986320271220823,-0.10638007777946208,-0.09758404765620517,-0.08787197583606016,-0.07081275557275421,-0.04889705404598493,-0.027055005491043616,-0.008061419931979733,0.004675550045088216,0.013114583547712453
SSP585,IFE,Joint analytic covariance,1,M8,2044,-0.05445988133880719,-0.11516639145292473,-0.10623784766797378,-0.09544200382646797,-0.07723971213343572,-0.05331038421085854,-0.029711649197949885,-0.008728660479580617,0.004585513139804211,0.014269042907211288
SSP585,IFE,Joint analytic covariance,1,M8,2045,-0.059268183588952916,-0.1242897420466762,-0.11522070803141748,-0.10357012183753818,-0.08391736770648761,-0.0580337158337797,-0.032638947515356426,-0.009787011869195924,0.004410595803976355,0.015708049747200067
SSP585,IFE,Joint analytic covariance,1,M8,2046,-0.06426638896631298,-0.1339277807137159,-0.12452293246315793,-0.1118774185822074,-0.09077365840688634,-0.06278468843146012,-0.03545206653421509,-0.01077883302800092,0.0044147138532493494,0.016659725708439887
SSP585,IFE,Joint analytic covariance,1,M8,2047,-0.06947466956055803,-0.1438417333575743,-0.13414598340820796,-0.12031687023983831,-0.09795026663111378,-0.06780389698505207,-0.03858891703558029,-0.01182577436328029,0.004882956716304609,0.018152151939800357
SSP585,IFE,Joint analytic covariance,1,M8,2048,-0.074888946546675,-0.15402788332169243,-0.144069821408202,-0.12900967988904866,-0.1053349069186664,-0.07303199494053236,-0.04184348626430201,-0.012942221364570423,0.0050023691815028115,0.019937011380667273
SSP585,IFE,Joint analytic covariance,1,M8,2049,-0.08050812742488977,-0.16452251317586614,-0.1542844996795608,-0.13822448436412602,-0.11295426833482522,-0.07855949468892354,-0.04534366493196096,-0.014252905297758774,0.005152018111766257,0.021836631849898976
SSP585,IFE,Joint analytic covariance,1,M8,2050,-0.08633089490746793,-0.17533556076511805,-0.16437903886892907,-0.14770483478915208,-0.12077373395457264,-0.08434389813977194,-0.04879740990168174,-0.015348682117859322,0.005390805355977185,0.023830356940990317
SSP585,IFE,Joint analytic covariance,1,M8,2051,-0.09210967184542118,-0.1861002486800982,-0.17447057916261619,-0.15699955575272928,-0.12846524978551238,-0.08986056637472523,-0.05216626587199821,-0.016366624924156265,0.005580599403291793,0.02518247450472459
SSP585,IFE,Joint analytic covariance,1,M8,2052,-0.09828032880860038,-0.19753126110371189,-0.18524555171448834,-0.16651334262293174,-0.13643192948400767,-0.09588197142005617,-0.05572198052800914,-0.01716577166093947,0.005825535067249919,0.02624794904492155
SSP585,IFE,Joint analytic covariance,1,M8,2053,-0.10464325769122906,-0.20927607314761448,-0.196239402665028,-0.17668438386511753,-0.1448951156796045,-0.10204486506209975,-0.05970716640494822,-0.017753179818091713,0.005785855613457298,0.02729376062330988
SSP585,IFE,Joint analytic covariance,1,M8,2054,-0.11119608543672832,-0.22124973546632876,-0.20743897449271304,-0.18710095057686255,-0.1536816914039185,-0.10843702105846259,-0.0637208587139858,-0.017946720181079383,0.006030573240808229,0.028447075101689912
SSP585,IFE,Joint analytic covariance,1,M8,2055,-0.1179362336568982,-0.23343875510498077,-0.21895787794401841,-0.19764248995523898,-0.16275619562858532,-0.11515561802555502,-0.06800726252643013,-0.01884012887829386,0.006293795868083726,0.030140174293948427
SSP585,IFE,Joint analytic covariance,1,M8,2056,-0.12432022606737336,-0.24492471501550223,-0.2300064591124976,-0.2076367130272424,-0.17094975774583013,-0.12116060878731444,-0.07177745452108239,-0.019740637805817425,0.0066550273617298865,0.032015818954499
SSP585,IFE,Joint analytic covariance,1,M8,2057,-0.13134287243888054,-0.25739298289162166,-0.24156713313563183,-0.21857067621163512,-0.18004708709126402,-0.12773730032161013,-0.07623625272205994,-0.02061734496865058,0.006376048759335465,0.033868005794494276
SSP585,IFE,Joint analytic covariance,1,M8,2058,-0.13853689849004458,-0.26998317569672425,-0.2533381248238349,-0.22968423013307804,-0.189157257926382,-0.1343470163428231,-0.08024383356120379,-0.021654792072664943,0.006835199842895763,0.035759089487719616
SSP585,IFE,Joint analytic covariance,1,M8,2059,-0.14589877427709397,-0.28231307988721954,-0.26558173508655175,-0.2409660596503316,-0.1984917205012744,-0.14141064241333762,-0.08467391154878287,-0.022569216249423856,0.006385044757894293,0.037689004361387536
SSP585,IFE,Joint analytic covariance,1,M8,2060,-0.15342479534813214,-0.29474804415950945,-0.27791755312388716,-0.2522911833791226,-0.20764571905161314,-0.14862845854179974,-0.08925854859108398,-0.023605605229140146,0.005823876458831964,0.04009681747905829
SSP585,IFE,Joint analytic covariance,1,M8,2061,-0.16020549677741502,-0.3065169903130492,-0.2883724257750953,-0.262305794646946,-0.2165504834774927,-0.15480996968894156,-0.09313376340778154,-0.024428809243980554,0.006743218819209944,0.04309693468931867
SSP585,IFE,Joint analytic covariance,1,M8,2062,-0.16793288721649713,-0.3190664654153945,-0.3006897530210567,-0.27375581230543267,-0.22609084814784064,-0.162337070013798,-0.09775400113388083,-0.025788962055971042,0.007198331740830299,0.046889538150440495
SSP585,IFE,Joint analytic covariance,1,M8,2063,-0.1758045492271466,-0.3316783469736647,-0.31311586442691886,-0.28470065516868726,-0.23571616500504994,-0.16950459794491385,-0.10273544163914022,-0.027563528810070362,0.00682582306911572,0.05019348077263872
SSP585,IFE,Joint analytic covariance,1,M8,2064,-0.18381602857468216,-0.3443393486433225,-0.3251182192194779,-0.2963659578712605,-0.24552826719676196,-0.1772149548059928,-0.10762992511917815,-0.027624471679249453,0.007497919825346901,0.055367974800106065
SSP585,IFE,Joint analytic covariance,1,M8,2065,-0.19196274094982602,-0.35722997462706235,-0.33706981443313616,-0.30833448798898344,-0.25543039349177216,-0.18492456268077245,-0.11283037436829377,-0.029296632776953876,0.00868565123216066,0.05823667771838979
SSP585,IFE,Joint analytic covariance,1,M8,2066,-0.19903870426129688,-0.36918326007438,-0.34805027471387606,-0.31828619225381555,-0.2646903732767166,-0.19136891349551027,-0.11709317772702113,-0.02993071252048739,0.009163607350950252,0.061199229596537154
SSP585,IFE,Joint analytic covariance,1,M8,2067,-0.20732788239083932,-0.3821872534127716,-0.3601629243681,-0.32981899809568466,-0.27474463488366285,-0.19888337356006724,-0.12237519001750918,-0.03148020670260532,0.010305103847345344,0.06393497223247992
SSP585,IFE,Joint analytic covariance,1,M8,2068,-0.21573160692074012,-0.3952085057463045,-0.3724875050528871,-0.3413848127956052,-0.28486617704835404,-0.20719722444502925,-0.12760113173513568,-0.03325912607466605,0.010759965422081288,0.06670747994391645
SSP585,IFE,Joint analytic covariance,1,M8,2069,-0.22424481739218216,-0.40823438339054424,-0.3849893242819338,-0.353043512824633,-0.29506526872947525,-0.21563120873108094,-0.13253622390484462,-0.03506489549443178,0.01118865260321929,0.06953628742267415
SSP585,IFE,Joint analytic covariance,1,M8,2070,-0.2328623730522983,-0.42125151787630866,-0.39619338890428435,-0.36470691391991766,-0.30533480570901195,-0.2238615418823725,-0.13747512299755518,-0.03605906906933832,0.011635667553749209,0.07245031484155329
SSP585,IFE,Joint analytic covariance,1,M8,2071,-0.24006692490094483,-0.4329649850184043,-0.4065582309563151,-0.37446677260119376,-0.31406025200326004,-0.23063377366690735,-0.14112454886952766,-0.035924565348540265,0.011898928336314568,0.07597203671617815
SSP585,IFE,Joint analytic covariance,1,M8,2072,-0.2487716021130557,-0.44585770062357133,-0.41856748075141287,-0.38637841841632103,-0.32477640045055595,-0.23883797477953045,-0.1463692246379165,-0.037828604177740935,0.012380282381177232,0.07911093178669773
SSP585,IFE,Joint analytic covariance,1,M8,2073,-0.2575603939624256,-0.45870530038926455,-0.4305090715052509,-0.39729966851571114,-0.33553535305893334,-0.2456285552728199,-0.15124692949907076,-0.03937265877616134,0.013739948354179032,0.08234946214551554
SSP585,IFE,Joint analytic covariance,1,M8,2074,-0.26642795523394414,-0.47149663371644884,-0.44237247559828025,-0.40908474023323593,-0.3460406075475353,-0.2531825181367385,-0.15683478107883436,-0.04077321392692301,0.015578348774370584,0.08569238118783984
SSP585,IFE,Joint analytic covariance,1,M8,2075,-0.2753689097532944,-0.48421124919964,-0.45414910242374984,-0.4209103131683671,-0.3565181376447139,-0.2606699053313651,-0.16165298763392177,-0.041282990274581,0.016856392547169564,0.09062214299171467
SSP585,IFE,Joint analytic covariance,1,M8,2076,-0.2825369589889387,-0.4952999003455916,-0.4643525712671682,-0.4309707681843786,-0.3658168521430713,-0.2675590929204477,-0.16506261434006822,-0.04157438762784817,0.017394221647258477,0.09402935484649802
SSP585,IFE,Joint analytic covariance,1,M8,2077,-0.2915179429834448,-0.5073865947510802,-0.4764375873785263,-0.44251947064027874,-0.37629865736298396,-0.27553310254488783,-0.16976246625991936,-0.042121492898009455,0.02038911634798602,0.09972731290042554
SSP585,IFE,Joint analytic covariance,1,M8,2078,-0.30055358129877396,-0.5193372237656368,-0.4880209332006882,-0.45393364373304157,-0.38666709786269793,-0.28354993415721763,-0.17462449149836712,-0.04413097544944241,0.02107655524406116,0.10570048526999481
SSP585,IFE,Joint analytic covariance,1,M8,2079,-0.3096385117637187,-0.5304313936429145,-0.49999821556746493,-0.46552954115898165,-0.39673919670684243,-0.29191304397927,-0.17982342968245563,-0.04586208420985737,0.02287064957450894,0.11196063791093616
SSP585,IFE,Joint analytic covariance,1,M8,2080,-0.31876738488395207,-0.5419070960241809,-0.51188591216514,-0.4770510985771011,-0.40663931181188684,-0.300165295336527,-0.1854773899477482,-0.04753881584705256,0.023180888250466547,0.11852009981178498
SSP585,IFE,Joint analytic covariance,1,M8,2081,-0.32574831300325935,-0.5515988563433442,-0.5208551052330747,-0.48616811989194264,-0.4134509407188556,-0.30531414223548836,-0.18915116121051,-0.047469680954715446,0.025877950235949305,0.12242912958226286
SSP585,IFE,Joint analytic covariance,1,M8,2082,-0.3348573700440859,-0.563312801010108,-0.5319396565573055,-0.4973587044603421,-0.42206928579305925,-0.31259041069907606,-0.1945557292400456,-0.0492255451047094,0.028227645975639107,0.12774045837494483
SSP585,IFE,Joint analytic covariance,1,M8,2083,-0.3439928440201485,-0.5745263439620721,-0.5429305242001858,-0.5080037832224623,-0.4322491683415895,-0.3207235582282294,-0.19995300250620177,-0.050457416231302336,0.03156384884738804,0.13244966661032825
SSP585,IFE,Joint analytic covariance,1,M8,2084,-0.35314958995720047,-0.5855818914210302,-0.5537917505305934,-0.5184090217942418,-0.44198326355343903,-0.3283690409904685,-0.20447047516169042,-0.051478949823755345,0.03499538578272371,0.13727525664083876
SSP585,IFE,Joint analytic covariance,1,M8,2085,-0.3623225124289463,-0.5964740563187821,-0.5644718697405141,-0.5280943125250743,-0.45110766189778323,-0.33672412901810594,-0.20960935753585438,-0.05311179616272893,0.03669796319054502,0.14221999141074204
SSP585,IFE,Joint analytic covariance,1,M8,2086,-0.3690765143793868,-0.6048092978390548,-0.5732627057201636,-0.5366320213460453,-0.4580804784305823,-0.342501955316819,-0.21304003887340564,-0.05208468673907879,0.04367910570427691,0.1471076071762435
SSP585,IFE,Joint analytic covariance,1,M8,2087,-0.37818296938138085,-0.6154942896352716,-0.5836415572464854,-0.5467994086749854,-0.4676258174834485,-0.34983409404190463,-0.2181428830222455,-0.05311847293479336,0.04640851893594286,0.15228753668794484
SSP585,IFE,Joint analytic covariance,1,M8,2088,-0.38729002343506236,-0.6260358673202361,-0.5946904234398704,-0.5573243463215296,-0.47777218863294335,-0.35721371518745576,-0.22294743026445635,-0.05408853274896482,0.04718295739830541,0.15758369888978416
SSP585,IFE,Joint analytic covariance,1,M8,2089,-0.3963929287638258,-0.6365845053651465,-0.6050348545275954,-0.5676070155318529,-0.48793341849276395,-0.3645174734906901,-0.22867804720916982,-0.054801821956137434,0.04922286161796953,0.16291812536385833
SSP585,IFE,Joint analytic covariance,1,M8,2090,-0.4054870154492023,-0.6468314368399878,-0.6150599421524068,-0.5778244745466479,-0.4980427472883179,-0.37100674319349336,-0.23361893186002808,-0.05455891052123199,0.05230189777526776,0.1683791795055097
SSP585,IFE,Joint analytic covariance,1,M8,2091,-0.41195411538879956,-0.6555981205337291,-0.6237008141573787,-0.5852976959392673,-0.5053163317993208,-0.37554328232396555,-0.23535710687066186,-0.05089454682771179,0.06196964003710697,0.17395882190116382
SSP585,IFE,Joint analytic covariance,1,M8,2092,-0.4209484432336822,-0.6649338699643081,-0.6332338121045233,-0.595355478222269,-0.5144347807701863,-0.3825759014512112,-0.24085524992157903,-0.05073705426123073,0.06818748867356322,0.17967563221347144
SSP585,IFE,Joint analytic covariance,1,M8,2093,-0.4299207237131184,-0.673801024178449,-0.6425968363600373,-0.6052733682468733,-0.5227841418165868,-0.3906495656504214,-0.24634782484138662,-0.05249426190888481,0.07185405523884537,0.18650457573874427
SSP585,IFE,Joint analytic covariance,1,M8,2094,-0.43886672549509853,-0.6840361383258848,-0.6521693214311222,-0.6150557680211434,-0.5317529851751744,-0.39810617542440213,-0.25126326660093384,-0.05054288287543274,0.07567741081801173,0.1951574325178404
SSP585,IFE,Joint analytic covariance,1,M8,2095,-0.4477823144902593,-0.6937356462107623,-0.6608029503388128,-0.624662587614913,-0.5410974221207403,-0.4050452459403944,-0.25546417077245287,-0.050304806017078804,0.08003809115943711,0.20432219625093578
SSP585,IFE,Joint analytic covariance,1,M8,2096,-0.45385138177983375,-0.701939858121275,-0.6699500470318869,-0.6313476042296028,-0.5461150047907377,-0.4100083829572401,-0.257982745554155,-0.048966136132347196,0.08522508010712378,0.2126954163728148
SSP585,IFE,Joint analytic covariance,1,M8,2097,-0.4626199605140119,-0.7108315701609264,-0.6767609092879845,-0.6402940507463947,-0.5547365716712505,-0.4165911905461929,-0.26352718566417377,-0.04670236617500564,0.08915091857833789,0.2236294360823799
SSP585,IFE,Joint analytic covariance,1,M8,2098,-0.4713470632213478,-0.7195110859842904,-0.6857030662068574,-0.6495965920792225,-0.562147159498285,-0.4241269280862519,-0.26800558908865335,-0.04372249883530365,0.0942723112537204,0.24425965322511725
SSP585,IFE,Joint analytic covariance,1,M8,2099,-0.4800290727233387,-0.7279644242648264,-0.6944755755209079,-0.6586680574250026,-0.5707080180951098,-0.43174226410812405,-0.2722964480170261,-0.040827998412229095,0.0996697494698765,0.26111714127914626
SSP585,IFE,Joint analytic covariance,1,M8,2100,-0.4886624798402913,-0.7357363258388459,-0.7025941980729006,-0.6672111755322068,-0.5777450125230812,-0.4391461249892262,-0.2766968942575614,-0.0395734089996874,0.11279366522372365,0.2695680414389601
SSP585,IFE,Joint analytic covariance,1,M4,2021,-1.4976454184201238e-4,-3.3538997958569014e-4,-3.1155017528418654e-4,-2.8299201337098626e-4,-2.1396984121954676e-4,-1.500492202436421e-4,-8.321018371656996e-5,-2.6535648800141137e-5,1.8469524940289847e-5,5.637481851940572e-5
SSP585,IFE,Joint analytic covariance,1,M4,2022,-4.34954459586967e-4,-0.0010076036212298134,-9.120584923690833e-4,-8.000139008325301e-4,-6.21081393622519e-4,-4.244167427057133e-4,-2.3559125121419555e-4,-7.270063580716564e-5,5.767900566567827e-5,1.6388383692160196e-4
SSP585,IFE,Joint analytic covariance,1,M4,2023,-8.600228391564269e-4,-0.0019618830924752586,-0.0018345762454211878,-0.0016283505940814069,-0.0012572008084366093,-8.520466868784382e-4,-4.416223150034426e-4,-1.3285528796290732e-4,1.3263117616801821e-4,3.570492517305619e-4
SSP585,IFE,Joint analytic covariance,1,M4,2024,-0.0014293737527790729,-0.003312044310229442,-0.003050896869763897,-0.0026987571046438895,-0.002103279446744155,-0.0014144292489086663,-7.191167889811778e-4,-1.5997238934547484e-4,2.655226094317449e-4,5.722260760498694e-4
SSP585,IFE,Joint analytic covariance,1,M4,2025,-0.0021473518089856203,-0.00505307039288736,-0.0046247366274796585,-0.004121005519535703,-0.0031704283916041687,-0.002121784913295066,-0.0010729731907491713,-2.3941203365327406e-4,4.420885687442477e-4,9.379090856394377e-4
SSP585,IFE,Joint analytic covariance,1,M4,2026,-0.003046251559640889,-0.0071488616446319575,-0.006573876669897444,-0.005857717944788265,-0.004501683989049127,-0.0029895817020050286,-0.0015129005857656141,-3.2873885124877744e-4,6.413073314236793e-4,0.0013073816018055627
SSP585,IFE,Joint analytic covariance,1,M4,2027,-0.004085474270739797,-0.009573849992072498,-0.008832458556270933,-0.007884825448224386,-0.006069347298432615,-0.003975778203958835,-0.00201255639284309,-3.4274135181573223e-4,9.073852229802828e-4,0.001736039857650844
SSP585,IFE,Joint analytic covariance,1,M4,2028,-0.005288419776182773,-0.012376629081802279,-0.011420538105308053,-0.01021599712952187,-0.007869977139999706,-0.005132961455884599,-0.0025689685575097376,-3.5944608179702063e-4,0.0011811028093057002,0.002218106304425736
SSP585,IFE,Joint analytic covariance,1,M4,2029,-0.006659348648342167,-0.015574283645488598,-0.01436593863056888,-0.012881681552722546,-0.009912310328571178,-0.006452374396426153,-0.003233973899626541,-3.8353360740952505e-4,0.001440988958211506,0.002745050285643377
SSP585,IFE,Joint analytic covariance,1,M4,2030,-0.008202416635853527,-0.019199194727877806,-0.017639323826873683,-0.015836123503526978,-0.01216818220737892,-0.007954788514984101,-0.0040105060125742165,-4.7074161649070907e-4,0.0018164110055805087,0.00341877009171646
SSP585,IFE,Joint analytic covariance,1,M4,2031,-0.009971257932942734,-0.023343003101106916,-0.02128091495757572,-0.019185696941902,-0.014763358546188654,-0.009664609444210548,-0.0049307141195635285,-6.37516853361317e-4,0.0020913199097920216,0.0039919280908626165
SSP585,IFE,Joint analytic covariance,1,M4,2032,-0.011881576858762788,-0.027745654139649134,-0.02531298761904594,-0.022792113491621913,-0.017546803701947,-0.011548668737850987,-0.0058460964135432225,-7.433524197167248e-4,0.0024193877287232855,0.004592599228112897
SSP585,IFE,Joint analytic covariance,1,M4,2033,-0.013976639159929416,-0.03258958152336305,-0.02964772128229501,-0.02671136596877929,-0.02065339949692066,-0.013526241996197064,-0.00689914406204109,-0.0010360247675891472,0.002845052946232584,0.005424245490518753
SSP585,IFE,Joint analytic covariance,1,M4,2034,-0.016260123510173696,-0.037948238303224253,-0.034483190062402067,-0.031060723792596168,-0.023933031556386736,-0.015793439593706604,-0.008000209437297845,-0.001299213063081661,0.0032405513858339416,0.006402954007599893
SSP585,IFE,Joint analytic covariance,1,M4,2035,-0.018735565836133117,-0.043528474219410244,-0.03970298009591986,-0.03558758052095036,-0.027586640418061192,-0.018194073228357366,-0.009261606081519658,-0.001484886381744487,0.003641462422298917,0.007462849768518185
SSP585,IFE,Joint analytic covariance,1,M4,2036,-0.02147114629677327,-0.04951719304263406,-0.0453451778927797,-0.04053065527506377,-0.031535269890556133,-0.02084103811859206,-0.01080914037370137,-0.0017503776679909959,0.0040552589151877,0.008586878623348658
SSP585,IFE,Joint analytic covariance,1,M4,2037,-0.024348168208947807,-0.05593014261083016,-0.05129788859949136,-0.04567560668474991,-0.03568432891083689,-0.023686498649245435,-0.012344949828693969,-0.0021268835579065326,0.004685502920595717,0.00971723478176951
SSP585,IFE,Joint analytic covariance,1,M4,2038,-0.027425859853649204,-0.06281083929138735,-0.057494447997141616,-0.051098064003640475,-0.040081702203555086,-0.026713732104366672,-0.014013083782684704,-0.0024021360596359377,0.004955823452629678,0.010605545262695897
SSP585,IFE,Joint analytic covariance,1,M4,2039,-0.030706959769925102,-0.07008227241829423,-0.06411515241090503,-0.056826318602637003,-0.04467848203069827,-0.030003343368699975,-0.015842117002106304,-0.002781597486804663,0.005450166808290636,0.011603972149163302
SSP585,IFE,Joint analytic covariance,1,M4,2040,-0.03419402432611085,-0.07762561813267474,-0.07108259643875312,-0.0628315885459381,-0.04971409452211106,-0.03347280960685978,-0.01776848841764031,-0.003146911572629251,0.006022441289242695,0.012651334737467159
SSP585,IFE,Joint analytic covariance,1,M4,2041,-0.037910828183055134,-0.08571176497921855,-0.07823183623729067,-0.06914577947286077,-0.055117842847712456,-0.03713417473054553,-0.01965221930506017,-0.0037841367479624906,0.006480067420311033,0.013610013217808872
SSP585,IFE,Joint analytic covariance,1,M4,2042,-0.04180715511151334,-0.09413081909254938,-0.08584290754600184,-0.07603201630670843,-0.06066701416996187,-0.04087020560415544,-0.021878180957372678,-0.004349123724670436,0.006883127596929673,0.014974475340831317
SSP585,IFE,Joint analytic covariance,1,M4,2043,-0.0459125367167903,-0.10292463967722265,-0.09373839752657583,-0.08325798901395712,-0.06650957804995164,-0.04481044181310495,-0.024201953389460712,-0.004868744263783558,0.00726058151406817,0.016368560185659346
SSP585,IFE,Joint analytic covariance,1,M4,2044,-0.050228468705154516,-0.11176663569864194,-0.10225710096952166,-0.0905864737058155,-0.07268838386978405,-0.049054106072020875,-0.02646416030954582,-0.005405461463289584,0.00761657214654071,0.01747857106297278
SSP585,IFE,Joint analytic covariance,1,M4,2045,-0.05475623172412414,-0.12054723133175306,-0.11112587740884398,-0.09837666311275878,-0.07912884101871637,-0.053531929588395644,-0.0288569482209321,-0.00609441671663684,0.007947572713305264,0.018591161749843765
SSP585,IFE,Joint analytic covariance,1,M4,2046,-0.05938555145808477,-0.1297543966329639,-0.12005613571055605,-0.10639892521541665,-0.08558742397276883,-0.058170558353780766,-0.03155408610233787,-0.006632404459144692,0.008436950350741464,0.019767687261775274
SSP585,IFE,Joint analytic covariance,1,M4,2047,-0.06430891294801155,-0.1398730493771565,-0.1294272363050406,-0.11468110052858319,-0.09244071929665085,-0.06293449368007842,-0.034586954493822486,-0.007385390146958546,0.0089890726394054,0.02125058834869382
SSP585,IFE,Joint analytic covariance,1,M4,2048,-0.06944166100460125,-0.1503148890129525,-0.1390709405809758,-0.12344032333636311,-0.0994127470425697,-0.0677994124191027,-0.03765770425940648,-0.008069740520784782,0.009386003691984427,0.023289252873938335
SSP585,IFE,Joint analytic covariance,1,M4,2049,-0.0747839302467117,-0.1610686144485625,-0.14900388529494366,-0.13251607235619262,-0.10659497567001963,-0.07302654248859469,-0.04074459618490933,-0.008892680746177339,0.009383864896449462,0.02545638060610338
SSP585,IFE,Joint analytic covariance,1,M4,2050,-0.08033562289705887,-0.17190879348568824,-0.1591835541239622,-0.14187878076572388,-0.11412677585966255,-0.07855705252597561,-0.04398579930369356,-0.009294792513589733,0.00934673241938165,0.02775702797847687
SSP585,IFE,Joint analytic covariance,1,M4,2051,-0.08572385895505441,-0.18247021764312515,-0.1690749324333087,-0.15084062087823227,-0.12160884940984762,-0.08385616581220995,-0.04694102767526634,-0.009934934536670981,0.009786395279157938,0.03000721354854527
SSP585,IFE,Joint analytic covariance,1,M4,2052,-0.09162104256997883,-0.19355296930467927,-0.17957315956620568,-0.16063182346277308,-0.1296422057888995,-0.08942816260239406,-0.05023265315448022,-0.011128943407032443,0.011077117608997433,0.03215541393926285
SSP585,IFE,Joint analytic covariance,1,M4,2053,-0.09771823826110293,-0.2048688843414125,-0.19029474749607977,-0.17066548569594703,-0.13791620372006635,-0.0952461571263244,-0.053669365978149086,-0.011804819692248364,0.012371741547651373,0.033840628935691904
SSP585,IFE,Joint analytic covariance,1,M4,2054,-0.10401413662727343,-0.21639524471803948,-0.20145878354969504,-0.1808860437835817,-0.14650679456744692,-0.10123032276755428,-0.05702395259590834,-0.012965118010951847,0.012949392087446537,0.03553608018336733
SSP585,IFE,Joint analytic covariance,1,M4,2055,-0.11050719756323779,-0.22812904673906775,-0.21273810683528727,-0.19088257424603,-0.1553223554490435,-0.10743435305451299,-0.06058421092980443,-0.01374145814121497,0.01327252987132201,0.037245365996720625
SSP585,IFE,Joint analytic covariance,1,M4,2056,-0.11648392709661737,-0.2395158623043565,-0.22338026713556813,-0.20057814326862508,-0.1631297579599653,-0.11327171225663496,-0.06397137232515787,-0.01440224976690301,0.014067256631796496,0.03924350236229175
SSP585,IFE,Joint analytic covariance,1,M4,2057,-0.12325744085168511,-0.2515699682587809,-0.23495227253302625,-0.21093956883481468,-0.17216473275533348,-0.11951138857167742,-0.06789863452482181,-0.015313606413424614,0.014742656160641642,0.04103756851216369
SSP585,IFE,Joint analytic covariance,1,M4,2058,-0.130213125309932,-0.26379266832570175,-0.2462618176204829,-0.2217594014175685,-0.1811908150024561,-0.12629506974887356,-0.0717370285609836,-0.016063069185196406,0.015681172626544594,0.04284486182801961
SSP585,IFE,Joint analytic covariance,1,M4,2059,-0.13734830050250169,-0.27633486252208206,-0.25810414039936425,-0.23273303525575295,-0.19009354505785805,-0.13309734965037673,-0.07605772619441381,-0.01713056668071879,0.015655376032941454,0.04466327005643185
SSP585,IFE,Joint analytic covariance,1,M4,2060,-0.14466007567098538,-0.2890863743512452,-0.270104626561285,-0.2436545230778476,-0.19969987608292006,-0.1399675064794757,-0.08065849052249796,-0.018481936857008812,0.01597272797887339,0.046490659434868256
SSP585,IFE,Joint analytic covariance,1,M4,2061,-0.15100510356147323,-0.3007715113706656,-0.2811974842758951,-0.2537471001972076,-0.20795649063023927,-0.14614353509531985,-0.08412340947230415,-0.018958304997917057,0.017645700642135602,0.04883498561733465
SSP585,IFE,Joint analytic covariance,1,M4,2062,-0.1585150793066139,-0.3136482818367377,-0.29336832401402096,-0.2649008887753958,-0.21779713087923766,-0.15331698165710417,-0.08878895619057095,-0.020114649953993157,0.01812230437694106,0.050748865769220323
SSP585,IFE,Joint analytic covariance,1,M4,2063,-0.16618193579301388,-0.32599120976402884,-0.3056563511969642,-0.27617177385521935,-0.22778660215839958,-0.16056068954561303,-0.09363801396064386,-0.02137001616107842,0.01816200589383722,0.05267200453561697
SSP585,IFE,Joint analytic covariance,1,M4,2064,-0.17400183197140962,-0.33886752365966794,-0.3180201555323903,-0.2874517905720672,-0.23769797542012072,-0.16799889716390543,-0.09861951295205812,-0.022677949925460822,0.018149808411055,0.05460254554345886
SSP585,IFE,Joint analytic covariance,1,M4,2065,-0.18197075508708271,-0.3518142605786274,-0.32982722732580183,-0.29876198471913584,-0.2475124068240733,-0.17573875629802643,-0.10321322465877053,-0.02421041288292684,0.018092497424130417,0.05974838976665352
SSP585,IFE,Joint analytic covariance,1,M4,2066,-0.1885803470324573,-0.36286688889283214,-0.34005680433108226,-0.3096083817448001,-0.2564916291521633,-0.18188794257546914,-0.10690406147526815,-0.024742437099917827,0.020350493419500394,0.06393445633573924
SSP585,IFE,Joint analytic covariance,1,M4,2067,-0.1966885095177765,-0.376000801008241,-0.35259557204448916,-0.32112466262546213,-0.26650118342209367,-0.18973950638213094,-0.11091904271118314,-0.026136328392299277,0.021497856142374948,0.06942323853840142
SSP585,IFE,Joint analytic covariance,1,M4,2068,-0.20492472004648066,-0.38909494137674033,-0.36517326162063485,-0.33261464963586745,-0.276518391876072,-0.19771545325780177,-0.11596233843760018,-0.02758799967404551,0.021846581772138305,0.07185795144063739
SSP585,IFE,Joint analytic covariance,1,M4,2069,-0.21328430175616997,-0.40118738079379035,-0.3777772828601271,-0.34415844325223355,-0.28661991635432243,-0.2058111300844409,-0.12120484211705573,-0.029274340124456004,0.022203106311871015,0.07422203890458157
SSP585,IFE,Joint analytic covariance,1,M4,2070,-0.2217624551322892,-0.4131805490645858,-0.3903951483284944,-0.35578853145829004,-0.29694517837661194,-0.21393933250284936,-0.1264329389997758,-0.031004803721083173,0.022887122360875953,0.0769637106229288
SSP585,IFE,Joint analytic covariance,1,M4,2071,-0.2284552622696372,-0.423889155937326,-0.4007417093429321,-0.365143584532915,-0.3057063090008596,-0.2200960807206238,-0.12888794955206972,-0.03135466553643214,0.02514063555060636,0.08107721935310229
SSP585,IFE,Joint analytic covariance,1,M4,2072,-0.23701592224510637,-0.4367307984916371,-0.41067532735482126,-0.37668714186544344,-0.31618824137723156,-0.22830694262461443,-0.13413591326425914,-0.03269521383045209,0.026141304257762708,0.08758936506534042
SSP585,IFE,Joint analytic covariance,1,M4,2073,-0.24567425343219051,-0.44952356402131827,-0.42204630145142424,-0.38854645339329125,-0.32666096947402334,-0.2365316734705764,-0.13945138798260684,-0.03437727986904674,0.02762159924246614,0.09447717554889365
SSP585,IFE,Joint analytic covariance,1,M4,2074,-0.2544250919978809,-0.462265635825272,-0.43423275603890965,-0.400413729291353,-0.3371630572791313,-0.244662214188742,-0.14483027612956303,-0.03617723175903834,0.02948347969920897,0.09907393606277744
SSP585,IFE,Joint analytic covariance,1,M4,2075,-0.26326320454817853,-0.4748807591187807,-0.4463735220756059,-0.4119620985191525,-0.347856453504073,-0.2530932643769427,-0.15029156729857143,-0.03753689099155255,0.03148280920009726,0.1029589209991452
SSP585,IFE,Joint analytic covariance,1,M4,2076,-0.2698442482835164,-0.4852062959930431,-0.45561459100565477,-0.4205865904316048,-0.35631262701723987,-0.2583787031488205,-0.1541994926805662,-0.03698848225492303,0.03477787738448801,0.10741746646067125
SSP585,IFE,Joint analytic covariance,1,M4,2077,-0.27871183175754055,-0.49766927508850184,-0.46751648631427467,-0.43189411715728954,-0.36693941481909054,-0.2665230945327675,-0.1592210869767803,-0.038255167933454945,0.03606674905983229,0.11150221344368727
SSP585,IFE,Joint analytic covariance,1,M4,2078,-0.2876469918288673,-0.5092304013407255,-0.47934290363663357,-0.4435183020746714,-0.3775325433943029,-0.2749603979304188,-0.16390409651625862,-0.038933713946181316,0.03730992089928854,0.11515109677110494
SSP585,IFE,Joint analytic covariance,1,M4,2079,-0.29664440159989525,-0.5205773428531577,-0.49108499295589364,-0.4551263850416173,-0.3873519105012928,-0.2832969790760546,-0.16926578826453395,-0.0395575907045052,0.03848508573396023,0.11876788895497611
SSP585,IFE,Joint analytic covariance,1,M4,2080,-0.30569871542454186,-0.531958237866773,-0.502801112908763,-0.4668111193545912,-0.3974562423363629,-0.2918253253900708,-0.17467687541697022,-0.04009840859619929,0.0393932544081574,0.12433762450187877
SSP585,IFE,Joint analytic covariance,1,M4,2081,-0.3120075967966015,-0.5434298187705501,-0.5114298421451702,-0.47645203981406603,-0.4032603227379661,-0.2964724187384053,-0.1761401035917348,-0.0402432457495812,0.04184278548335197,0.12913600477170684
SSP585,IFE,Joint analytic covariance,1,M4,2082,-0.32103245316041473,-0.5544423783127341,-0.5224658138231602,-0.4859189303650685,-0.4128486392977974,-0.30478035352554655,-0.18188382224324298,-0.04124208865203113,0.042722212862273484,0.1339571084280068
SSP585,IFE,Joint analytic covariance,1,M4,2083,-0.33009579967142066,-0.5627406582667059,-0.5336948745534851,-0.49707688490877544,-0.422465089399354,-0.3126222539426997,-0.18772170898574864,-0.042093653955737595,0.044578382885841865,0.1386742183893762
SSP585,IFE,Joint analytic covariance,1,M4,2084,-0.33919242420058326,-0.5742421229563667,-0.5449039372919343,-0.5073124457157248,-0.4326434030784568,-0.32093030527026867,-0.19367122811358145,-0.04416980731793329,0.047063140928401956,0.14348686031866725
SSP585,IFE,Joint analytic covariance,1,M4,2085,-0.3483171411020489,-0.5856283589971657,-0.5558628976303372,-0.5182260528973153,-0.4423282727392015,-0.3289098777973264,-0.1996793701566626,-0.0461861557679851,0.04928235699858166,0.14839606579656484
SSP585,IFE,Joint analytic covariance,1,M4,2086,-0.354310653691546,-0.5939961943934846,-0.5632599799345195,-0.5257171142603058,-0.44879599711354135,-0.33430923859296086,-0.20215651135716103,-0.0439265358928959,0.05092909324792269,0.1539847372239391
SSP585,IFE,Joint analytic covariance,1,M4,2087,-0.36335977924865503,-0.6052720209335969,-0.5734783126438651,-0.5367418899634967,-0.458949647430125,-0.34239995591355843,-0.20669874781483094,-0.04508734269594413,0.0532503494639656,0.1597133746738432
SSP585,IFE,Joint analytic covariance,1,M4,2088,-0.372420614423688,-0.6165506256555429,-0.583539967834238,-0.5470846753821409,-0.46905168923912377,-0.35084831543354983,-0.21229816986145186,-0.045934397992249985,0.05564318988699922,0.1711379561687926
SSP585,IFE,Joint analytic covariance,1,M4,2089,-0.38148828209766505,-0.6276768459230436,-0.5933864856493937,-0.5576186976845667,-0.4790476548695177,-0.3593227207362697,-0.21840636507876912,-0.047321266685868446,0.05805770355406599,0.17776187386487688
SSP585,IFE,Joint analytic covariance,1,M4,2090,-0.390557968351143,-0.6382013959283415,-0.6025530978886205,-0.5680382013634615,-0.48894846749597787,-0.36751239399793084,-0.2245089887471365,-0.04894038127087231,0.05992284800476648,0.18263734119608976
SSP585,IFE,Joint analytic covariance,1,M4,2091,-0.39615434933563864,-0.6477365162555416,-0.6103512577977447,-0.5751289720214909,-0.49490807833796346,-0.373307750129483,-0.22776713633027776,-0.047598955697933876,0.06505338047911835,0.19052230241647922
SSP585,IFE,Joint analytic covariance,1,M4,2092,-0.40511339727264684,-0.6573990989090199,-0.620851250765892,-0.5855449021943927,-0.5048044236174193,-0.38192607150418295,-0.23130041070181298,-0.047263703361244136,0.06784202835389475,0.19567768706567518
SSP585,IFE,Joint analytic covariance,1,M4,2093,-0.4140605289252429,-0.6670823764377249,-0.6311688426537356,-0.595272978431661,-0.5136895408775692,-0.3893418109177397,-0.23723565954776596,-0.04843581302467049,0.07123193942877015,0.20172680597119677
SSP585,IFE,Joint analytic covariance,1,M4,2094,-0.42299136026603545,-0.6768930218377689,-0.6406255768746045,-0.6050358006214337,-0.5226065900551473,-0.3972365351591406,-0.24348142185276977,-0.04913767840815992,0.07410173752374828,0.2098449130779226
SSP585,IFE,Joint analytic covariance,1,M4,2095,-0.43190159734717615,-0.6859901391737842,-0.6501260707914117,-0.6145715570929617,-0.5315062703492218,-0.404463256122369,-0.24797036429161134,-0.049983231326798314,0.07701674656623166,0.21821789535588734
SSP585,IFE,Joint analytic covariance,1,M4,2096,-0.4369928982773542,-0.6952576957816009,-0.6568145560037393,-0.6210229690891227,-0.5368567801437814,-0.40872595474627466,-0.25042296391851104,-0.04470401080910758,0.08033870811072931,0.22411287387674064
SSP585,IFE,Joint analytic covariance,1,M4,2097,-0.4457376525301364,-0.7044530856271121,-0.6654077715754543,-0.6307550954904597,-0.5461121410265555,-0.41537857731946576,-0.25293479199007207,-0.04588538211683622,0.08407421892961359,0.23285414828678344
SSP585,IFE,Joint analytic covariance,1,M4,2098,-0.4544500710581547,-0.7132176043474382,-0.6738865886096138,-0.6405292255519263,-0.5542083831969848,-0.4229339774351362,-0.25497148501178757,-0.04704533636226735,0.08806719055314823,0.24186535771837
SSP585,IFE,Joint analytic covariance,1,M4,2099,-0.4631264059352799,-0.7215859045916789,-0.6832373455031086,-0.6498987041742607,-0.5627404796997375,-0.43098754415155205,-0.261068465123476,-0.04727735486814953,0.09391073995995697,0.2511543487241192
SSP585,IFE,Joint analytic covariance,1,M4,2100,-0.4717630162809957,-0.7297181538004024,-0.6924223214033133,-0.6592492364393815,-0.5716131680800114,-0.43883006444709893,-0.2653313523399622,-0.04386925469858695,0.09603771500339409,0.26072924545244375
SSP585,IFE,Joint analytic covariance,1,IE,2021,2.766853482438769e-6,-3.074581928630138e-5,-2.549305647551181e-5,-1.9239833784212568e-5,-7.951833734670677e-6,3.4192384660292063e-6,1.4373827673747064e-5,2.4317522850814125e-5,3.08184848042292e-5,3.6618951252295745e-5
SSP585,IFE,Joint analytic covariance,1,IE,2022,-1.205864095010778e-5,-1.0401304054363237e-4,-8.928349650520474e-5,-7.315144958087716e-5,-4.5251137047119805e-5,-1.1369492709023543e-5,2.0677835005089573e-5,4.701605319187286e-5,6.690847691978031e-5,7.975212896234871e-5
SSP585,IFE,Joint analytic covariance,1,IE,2023,-4.442836288587326e-5,-2.2462265654426552e-4,-1.949442517823863e-4,-1.6663216258627767e-4,-1.126897878972466e-4,-4.618928612531992e-5,1.996695285610972e-5,7.475380494794683e-5,1.1390858227600102e-4,1.331136877232407e-4
SSP585,IFE,Joint analytic covariance,1,IE,2024,-9.426269368384421e-5,-3.9577788473864063e-4,-3.4694721949050656e-4,-2.984071822853762e-4,-2.0789991943931385e-4,-9.612057761781978e-5,1.2719262843602364e-5,1.0287868100626874e-4,1.6676750857823607e-4,2.0661588438002082e-4
SSP585,IFE,Joint analytic covariance,1,IE,2025,-1.614508900072975e-4,-6.108793034544397e-4,-5.423541645427298e-4,-4.65362469620223e-4,-3.2706955779684965e-4,-1.665367287176922e-4,-2.768378123130244e-6,1.3059520034091056e-4,2.381420789651867e-4,2.909485201101736e-4
SSP585,IFE,Joint analytic covariance,1,IE,2026,-2.565772479452555e-4,-8.816238882028371e-4,-7.923380901286914e-4,-6.787904634715902e-4,-4.946434523945553e-4,-2.662510561490805e-4,-3.940092748203061e-5,1.5346273407446098e-4,3.024307362270383e-4,3.867880285919746e-4
SSP585,IFE,Joint analytic covariance,1,IE,2027,-3.600771708319739e-4,-0.00119320586499638,-0.0010784115143716076,-9.250579724151109e-4,-6.804428466219425e-4,-3.655283912418761e-4,-7.599767800350876e-5,1.8233856559206625e-4,3.879016884182573e-4,5.070952138709005e-4
SSP585,IFE,Joint analytic covariance,1,IE,2028,-4.8003445125677224e-4,-0.0015503257669211735,-0.0014143637504493822,-0.0012115469055554828,-8.874781835413459e-4,-4.8630153432055456e-4,-1.1468566983766082e-4,2.1408467281293088e-4,4.670235122705978e-4,6.326624561485249e-4
SSP585,IFE,Joint analytic covariance,1,IE,2029,-6.160100813710212e-4,-0.001961235339554332,-0.0017846804082012556,-0.001518534705579977,-0.0011256977254091582,-6.285805751072848e-4,-1.6875410819297554e-4,2.458407289229748e-4,5.596893308521862e-4,7.726894154097135e-4
SSP585,IFE,Joint analytic covariance,1,IE,2030,-7.675160323322716e-4,-0.002382041467665469,-0.0021964828007346227,-0.0018553796570035086,-0.0013852716208647697,-7.845223105698018e-4,-2.3182274768002165e-4,2.666453157791572e-4,6.617200399185833e-4,9.352546209403343e-4
SSP585,IFE,Joint analytic covariance,1,IE,2031,-9.604775525763332e-4,-0.002884916562444123,-0.0026712899737368176,-0.0022694485232281677,-0.0016795877616522792,-9.677347736876674e-4,-3.1893626499782113e-4,2.853423813227841e-4,7.526208202752289e-4,0.0010844354982419808
SSP585,IFE,Joint analytic covariance,1,IE,2032,-0.001143642883875473,-0.003417170579471024,-0.003141350362361739,-0.002652013609159742,-0.0019837702316185535,-0.0011529363776878743,-3.999625964472009e-4,3.304331360521774e-4,8.641025199813855e-4,0.0012654921005204821
SSP585,IFE,Joint analytic covariance,1,IE,2033,-0.0013400042478743934,-0.0040099201898291,-0.003630613785031195,-0.0030739199498200144,-0.002300905009674059,-0.0013650192218978563,-4.958717133268786e-4,3.525730168785994e-4,9.690877835221152e-4,0.0014644806333081821
SSP585,IFE,Joint analytic covariance,1,IE,2034,-0.0015487415921024983,-0.004615301760611292,-0.00416502620263709,-0.003519916557850733,-0.0026435857737751034,-0.0015578150027564797,-5.903213065552582e-4,3.789017855296069e-4,0.0010778552734643165,0.0016797574735872703
SSP585,IFE,Joint analytic covariance,1,IE,2035,-0.0017689838610663866,-0.005224877900525537,-0.0047189259118374455,-0.003989964319525241,-0.003012898637640815,-0.0017796934424159638,-6.91416048770932e-4,4.3688408614893734e-4,0.001173956977726952,0.001890507823382906
SSP585,IFE,Joint analytic covariance,1,IE,2036,-0.0020443839103246875,-0.0059006342461181555,-0.005349760551708482,-0.0045442621102457,-0.0034212294541766386,-0.0020617157392784913,-8.437834507602493e-4,4.648501068158402e-4,0.0012512533373386704,0.002065627698899236
SSP585,IFE,Joint analytic covariance,1,IE,2037,-0.0022871426844084386,-0.006584399910826594,-0.005943506043563301,-0.005036787616137494,-0.0038236071723705134,-0.0023094926742500133,-9.537550312042342e-4,4.969217937117692e-4,0.0013949334179466795,0.0022956776255876137
SSP585,IFE,Joint analytic covariance,1,IE,2038,-0.002537896720326449,-0.007293840537598999,-0.006544172468964338,-0.005577152979721367,-0.004238627311783122,-0.002562365301586267,-0.001049289599947184,5.569428427925524e-4,0.001482718327507735,0.002538457912704295
SSP585,IFE,Joint analytic covariance,1,IE,2039,-0.0027955103587152808,-0.008041170082326061,-0.00719868411709132,-0.006125638222362761,-0.004658062284078973,-0.0028287823107131516,-0.0011425357597833752,6.084916945165672e-4,0.0015942371937954754,0.0027931715338417925
SSP585,IFE,Joint analytic covariance,1,IE,2040,-0.0030588095744229493,-0.008810605855288495,-0.007844171488548674,-0.006686676240737743,-0.005098499191921901,-0.0030902723612673544,-0.0012442752379800692,6.787493187548567e-4,0.0017597379141083855,0.0030827762731783334
SSP585,IFE,Joint analytic covariance,1,IE,2041,-0.0033936142724037,-0.009688474228019231,-0.008545209721545089,-0.007318282547926946,-0.005560244435182798,-0.0034274949222278805,-0.001408757267625932,6.659696868404509e-4,0.0019051966509937453,0.0032687201954143
SSP585,IFE,Joint analytic covariance,1,IE,2042,-0.0036709818934940186,-0.01042563767965923,-0.009186363860427527,-0.007897862226621121,-0.005996779316774725,-0.003712445692611477,-0.001551545511232072,7.181932517883803e-4,0.002082131149271952,0.003566000333637464
SSP585,IFE,Joint analytic covariance,1,IE,2043,-0.003950665995417935,-0.011201112176140776,-0.009855340736727636,-0.008525750823871525,-0.006443050522046995,-0.00392949929595926,-0.0016473350676467213,7.913706393238851e-4,0.0023498344963874688,0.0037990199129913317
SSP585,IFE,Joint analytic covariance,1,IE,2044,-0.004231412633652676,-0.012111744035868219,-0.010580417807433818,-0.009157452156875311,-0.006925312174787673,-0.0041999642043503704,-0.0017827957891102808,8.85628509493888e-4,0.002541092708331464,0.004130054547679483
SSP585,IFE,Joint analytic covariance,1,IE,2045,-0.004511951864828778,-0.012895371278751374,-0.011230251106933679,-0.009759310942384858,-0.007426817314846429,-0.004509974288506413,-0.001909262227296482,0.001072599232934579,0.002863931677288988,0.00450331310597237
SSP585,IFE,Joint analytic covariance,1,IE,2046,-0.0048808375082282085,-0.013824754922214593,-0.012051739243567644,-0.010460661318823705,-0.007983715303102573,-0.004905319405521302,-0.0021043200000438744,0.0011244087044692374,0.003106204421676311,0.0047531652701042
SSP585,IFE,Joint analytic covariance,1,IE,2047,-0.005165756612546479,-0.014725278660723203,-0.012789718150553964,-0.011103687503285642,-0.00844365751363721,-0.005142388346934812,-0.0022407709060628944,0.0012027118574097669,0.003468818101071329,0.005100174745479035
SSP585,IFE,Joint analytic covariance,1,IE,2048,-0.005447285542073743,-0.01563934564005313,-0.01361119022832693,-0.011695715927375838,-0.008882846620409501,-0.005445454602352684,-0.002323427610761847,0.0013403674583054804,0.0037018725094393416,0.0054228987592358615
SSP585,IFE,Joint analytic covariance,1,IE,2049,-0.00572419717817807,-0.016451376978802425,-0.014226137438108386,-0.012193139247802243,-0.009403352918625152,-0.005717238849463235,-0.0023962916866807904,0.0014724351280007153,0.003922088213084816,0.005641914560907091
SSP585,IFE,Joint analytic covariance,1,IE,2050,-0.0059952720104090584,-0.0172199824154692,-0.014988492279455229,-0.012843324863688343,-0.009801516569160201,-0.0059819454650495985,-0.0024254671528980976,0.001576476544028039,0.004119871668206299,0.0061143993595891176
SSP585,IFE,Joint analytic covariance,1,IE,2051,-0.006385812890366771,-0.018224673196320467,-0.01589705658021136,-0.013613257678319557,-0.010337151636138353,-0.006349910514780899,-0.002575981382652498,0.001629359200741032,0.004442621825656464,0.00650599784557019
SSP585,IFE,Joint analytic covariance,1,IE,2052,-0.0066592862386215534,-0.019034993975480273,-0.016739719107976937,-0.014273180881336655,-0.010826065487903352,-0.006568527259058932,-0.002616006776035018,0.0018766378366887773,0.005017498846328067,0.006920857018789329
SSP585,IFE,Joint analytic covariance,1,IE,2053,-0.006925019430126134,-0.019799056425038226,-0.017551641687395474,-0.014907156895448448,-0.01128241516464737,-0.006869639212220058,-0.002614143789776563,0.0020206282849649427,0.005278093804864991,0.007374027939434009
SSP585,IFE,Joint analytic covariance,1,IE,2054,-0.0071819488094548856,-0.020549239186188846,-0.018501272072111496,-0.015533418609840376,-0.011703410988111673,-0.007145014386792714,-0.0026141316319462926,0.002186326895430657,0.005566238663086905,0.007960061956122382
SSP585,IFE,Joint analytic covariance,1,IE,2055,-0.007429036093660413,-0.021507634197300427,-0.019338442632481263,-0.016186547758580114,-0.01219248414810195,-0.007377666666889826,-0.0026042879832502697,0.002449889179564602,0.005976452937676083,0.008451655882274001
SSP585,IFE,Joint analytic covariance,1,IE,2056,-0.007836298970755995,-0.022592869974919615,-0.020219823117336996,-0.017002639334330372,-0.012740529939929579,-0.007763851925380205,-0.0027079873199678806,0.002556341998454837,0.006174943080266397,0.00873874639916919
SSP585,IFE,Joint analytic covariance,1,IE,2057,-0.008085431587195435,-0.023553291567216295,-0.020859125489176615,-0.017722228141848307,-0.013281728528293124,-0.007968608738360194,-0.002679705513587871,0.002778778934046988,0.0067447018651187,0.009477128704369068
SSP585,IFE,Joint analytic covariance,1,IE,2058,-0.00832377318011257,-0.024487226907758553,-0.02166447828537917,-0.018502431232490856,-0.013457308864243012,-0.008098164457660761,-0.002581824188190668,0.0030859512440522996,0.0072275359531494806,0.010328787909129611
SSP585,IFE,Joint analytic covariance,1,IE,2059,-0.008550473774592282,-0.02544674180335773,-0.022450445082413395,-0.019261928040068457,-0.013784481587244435,-0.008295325193966252,-0.002491285263680587,0.003464328769359305,0.007681777742555892,0.010813704200924612
SSP585,IFE,Joint analytic covariance,1,IE,2060,-0.00876471967714676,-0.026417479597266973,-0.023268644861715992,-0.019963162858603143,-0.014077290626850147,-0.008365954487725202,-0.0024072738006419847,0.003793093343263166,0.008065983331569748,0.011300864468427487
SSP585,IFE,Joint analytic covariance,1,IE,2061,-0.009200393215941793,-0.027522620969007396,-0.024126381843202226,-0.02067068903039659,-0.014670484743799617,-0.008679478434027887,-0.0025382643645651404,0.003879608118902489,0.008449323538208042,0.011581822689867646
SSP585,IFE,Joint analytic covariance,1,IE,2062,-0.009417807909883225,-0.02855288695658189,-0.02503569638398248,-0.02144435308391479,-0.015150075890070364,-0.008747739617162298,-0.0024012487593541576,0.0040785931638095425,0.009087815001141496,0.012618292487220328
SSP585,IFE,Joint analytic covariance,1,IE,2063,-0.009622613434132732,-0.02937262762765375,-0.02581851080463339,-0.022068385310912497,-0.015557269602951979,-0.008869445447637736,-0.002207870775277454,0.004483744251882984,0.00969233844760972,0.013616469129681268
SSP585,IFE,Joint analytic covariance,1,IE,2064,-0.00981419660327254,-0.03044975153124284,-0.026688282757962017,-0.022562205807748592,-0.015711052804511655,-0.008836977525801093,-0.001914343553136938,0.004966370867008424,0.01021768306396792,0.014392868745259987
SSP585,IFE,Joint analytic covariance,1,IE,2065,-0.009991985862743302,-0.031422605289909616,-0.027486670511158627,-0.02328381483389752,-0.016075988977305278,-0.008901046937657475,-0.0016416637934821565,0.0054717836631900905,0.01092586593321646,0.01539581080843423
SSP585,IFE,Joint analytic covariance,1,IE,2066,-0.010458357228839588,-0.03264587041502341,-0.028573447866869522,-0.024315135923442907,-0.01676023868535409,-0.009258451561028114,-0.0018332816301314947,0.0055400622499652726,0.011176439500362617,0.01575541266523648
SSP585,IFE,Joint analytic covariance,1,IE,2067,-0.010639372873062825,-0.03339053823952096,-0.029564756035363148,-0.02503858877883661,-0.01709882084145936,-0.009296970460650367,-0.001510078730769887,0.00622192413791669,0.012402274103425327,0.01668151607956168
SSP585,IFE,Joint analytic covariance,1,IE,2068,-0.010806886874259458,-0.034431798907056006,-0.030419886861968365,-0.025726434800536758,-0.017335144232063754,-0.009326005790504854,-0.0012772719796343701,0.006998506250842718,0.013356941077788712,0.017389214840424334
SSP585,IFE,Joint analytic covariance,1,IE,2069,-0.010960515636012191,-0.035290497213312254,-0.03144306122451329,-0.026391401247740108,-0.017651780129062794,-0.009331164630161204,-9.66156564702142e-4,0.007782537593799701,0.013845364422050243,0.018701744966960154
SSP585,IFE,Joint analytic covariance,1,IE,2070,-0.011099917920009084,-0.03589775138921622,-0.032356804933077354,-0.027208711875550518,-0.018048586381385318,-0.009431039498969895,-5.838047272538893e-4,0.008660129405711226,0.014451951009854557,0.02000847884487332
SSP585,IFE,Joint analytic covariance,1,IE,2071,-0.01161166263130764,-0.037045157297346865,-0.03348099541752781,-0.028050758596785207,-0.018654523545519386,-0.0098259869844598,-7.500804039510811e-4,0.008661009259014767,0.015053380828311144,0.02070198973714887
SSP585,IFE,Joint analytic covariance,1,IE,2072,-0.011755679867949342,-0.03800500794240845,-0.03470984185693444,-0.02850737513254252,-0.018853419021806206,-0.0098796121755238,-5.127377272397537e-4,0.009425199967822229,0.015769487037691796,0.022330762076023355
SSP585,IFE,Joint analytic covariance,1,IE,2073,-0.011886140530235068,-0.03895248328296221,-0.03521141914154338,-0.029173647938042488,-0.019121576696351117,-0.009904989256766028,-2.9397403194392213e-4,0.010411198076741977,0.016732827554089034,0.024013835292435764
SSP585,IFE,Joint analytic covariance,1,IE,2074,-0.012002863236063255,-0.04042924841371103,-0.03610024201610405,-0.029490665538889082,-0.019361301163206418,-0.00990094002321007,9.354788430504524e-5,0.011502314723080347,0.01807839335213184,0.025189875598383274
SSP585,IFE,Joint analytic covariance,1,IE,2075,-0.012105705205115891,-0.041487060345098956,-0.037026113014112016,-0.03011304785139234,-0.019691162184288485,-0.00991990807710369,5.060521738152468e-4,0.012369853401683372,0.0193851804490358,0.027475891249210162
SSP585,IFE,Joint analytic covariance,1,IE,2076,-0.012692710705422328,-0.04266236043080959,-0.03797547962095497,-0.031157034263312476,-0.020449830855532952,-0.010305313016495454,3.0368059265376e-4,0.012364584797621862,0.019787558462279062,0.027645660279320382
SSP585,IFE,Joint analytic covariance,1,IE,2077,-0.012806111225904249,-0.043864485844884275,-0.038631010921090225,-0.0313181294294009,-0.020724820288554907,-0.010239671787050264,5.685804223964364e-4,0.013465972181542149,0.021412918118507655,0.029610145999631216
SSP585,IFE,Joint analytic covariance,1,IE,2078,-0.012906589469906637,-0.0451057663436666,-0.039621946601500674,-0.031853676840706516,-0.020896541158742343,-0.010289347581964647,9.83942002524163e-4,0.014568937632718137,0.022598376496623756,0.03159561473601911
SSP585,IFE,Joint analytic covariance,1,IE,2079,-0.012994110163823458,-0.04633611018386694,-0.04010234297896369,-0.032455289933631504,-0.02119530219181004,-0.010170073563642912,0.0016550928160262157,0.015425665227831278,0.023518458258079567,0.033254573977695066
SSP585,IFE,Joint analytic covariance,1,IE,2080,-0.01306866945941021,-0.047828076293171984,-0.04102055000917001,-0.0328260837470703,-0.02148760044736417,-0.010023093047518472,0.0020523033267015045,0.016453841984880136,0.025264629510319263,0.03585597575528873
SSP585,IFE,Joint analytic covariance,1,IE,2081,-0.013740716206657844,-0.049438055997363055,-0.04207297616408264,-0.033644453056138064,-0.022124614655376268,-0.010579625872262965,0.0015639291194269322,0.01652974026326605,0.02596780837713223,0.035971146798558555
SSP585,IFE,Joint analytic covariance,1,IE,2082,-0.013824916883671157,-0.05051819124654893,-0.0431659403623546,-0.03406175749008546,-0.02231098257798314,-0.010445346165592229,0.0019245763953575357,0.017958962067804174,0.027547537653392802,0.0381020190470838
SSP585,IFE,Joint analytic covariance,1,IE,2083,-0.01389704434872785,-0.051034531247126536,-0.04384724525823904,-0.03468743633283391,-0.022480212580217485,-0.010104234474044405,0.0024563880316763043,0.018944512146779592,0.029170368642866134,0.03986597772912977
SSP585,IFE,Joint analytic covariance,1,IE,2084,-0.013957165756617207,-0.05237907946200306,-0.044759255298659144,-0.0350363629622812,-0.022755426415681013,-0.009934939834637335,0.002928130259553241,0.01970673578779379,0.0309384024220429,0.042857041226208883
SSP585,IFE,Joint analytic covariance,1,IE,2085,-0.014005371326897387,-0.05335728967694767,-0.045333793065378276,-0.03533833126544496,-0.022914746580585926,-0.009767645076879883,0.003454752249434312,0.02065496236951286,0.0328867061522161,0.04508322059914666
SSP585,IFE,Joint analytic covariance,1,IE,2086,-0.014765860687840804,-0.054112546491411076,-0.04635392340838144,-0.03639697866011129,-0.023432375474631617,-0.010060335426968603,0.0031927540205251848,0.020720242985884166,0.03382960935237124,0.04640816909602768
SSP585,IFE,Joint analytic covariance,1,IE,2087,-0.014823190132725816,-0.05522176604522195,-0.04676546476972,-0.03701483455625488,-0.02356906902534009,-0.009748407127997405,0.0036256765881593767,0.022547032841719897,0.03516053497762764,0.04911200276059023
SSP585,IFE,Joint analytic covariance,1,IE,2088,-0.014869409011374346,-0.056718206900581936,-0.04746101884121137,-0.03692084050353406,-0.023755722512473293,-0.009613539871991872,0.004352908946438555,0.024121995638654838,0.03748899755839233,0.05196608871860704
SSP585,IFE,Joint analytic covariance,1,IE,2089,-0.014904646666160759,-0.058180060886881636,-0.04832644157485142,-0.03711694607885425,-0.024151837218116284,-0.00923185664293047,0.00503551843068592,0.026409406371498294,0.03988234931682656,0.05522021411828195
SSP585,IFE,Joint analytic covariance,1,IE,2090,-0.014929047098059312,-0.058992325687171554,-0.04874699238661878,-0.037817456685951,-0.023816262661009197,-0.009089252318118968,0.005656514708920896,0.02732016770209557,0.04260394753362468,0.05832288909923158
SSP585,IFE,Joint analytic covariance,1,IE,2091,-0.015799766053160913,-0.06113356008040723,-0.050387779535359487,-0.03871320066492931,-0.024648726807318333,-0.009575731673922505,0.0051976751609621175,0.02702795249501553,0.04273758193884291,0.06023710166852558
SSP585,IFE,Joint analytic covariance,1,IE,2092,-0.015835045961035354,-0.06252978376739121,-0.051199735651350345,-0.03921635021448199,-0.024802249611472094,-0.00913923729953059,0.005492720142001528,0.02919418834572958,0.045594954081299294,0.0643692989190891
SSP585,IFE,Joint analytic covariance,1,IE,2093,-0.01586019478787548,-0.0639268493839982,-0.052023803455375245,-0.03971930033284889,-0.02468557118140388,-0.008914538048788168,0.006167213479069067,0.031030537989847364,0.04847652010397797,0.06866963786626305
SSP585,IFE,Joint analytic covariance,1,IE,2094,-0.015875365229063076,-0.065324021003576635,-0.05298270234429745,-0.03972875258233821,-0.024715521358273984,-0.008539181175189925,0.006970980684083777,0.03274679998630344,0.05234209313459294,0.07291311129199052
SSP585,IFE,Joint analytic covariance,1,IE,2095,-0.015880717143083145,-0.06645592222037629,-0.05335345236487876,-0.039688790197703265,-0.024483800256493077,-0.008379735369991315,0.007662834606706415,0.03496464622908223,0.05589658386717196,0.07742791504102169
SSP585,IFE,Joint analytic covariance,1,IE,2096,-0.016858483502479538,-0.06825687493084792,-0.0551746095192115,-0.040980279797183175,-0.025429025621361484,-0.009416798658193781,0.0072851338721860726,0.03498416107882664,0.057109605849918,0.08123202275549261
SSP585,IFE,Joint analytic covariance,1,IE,2097,-0.016882307983875466,-0.06984817456326953,-0.055584665338091546,-0.04121547284428943,-0.025167429986205248,-0.00900823994474198,0.007870484752531187,0.03680745057282282,0.06077492496529587,0.08776328375504396
SSP585,IFE,Joint analytic covariance,1,IE,2098,-0.01689699216319307,-0.0712399429180051,-0.05573144421420553,-0.04174543964443731,-0.024918120520545733,-0.008406468956035196,0.008863482906344977,0.0387745579547732,0.06581546946120576,0.09717559020092736
SSP585,IFE,Joint analytic covariance,1,IE,2099,-0.01690266678805885,-0.0725096980884087,-0.05609218340895531,-0.04178017634188203,-0.024938278526731472,-0.008301190219960841,0.009845278407468183,0.04200646749180031,0.06889139732701152,0.10627162387164973
SSP585,IFE,Joint analytic covariance,1,IE,2100,-0.016899463559295613,-0.07376808076061832,-0.05646772792479096,-0.04208921646746123,-0.02482366684330714,-0.008092568930445687,0.010833471460682781,0.04415990911784087,0.07295699737683002,0.11031401847016879
SSP585,IFE,Joint analytic covariance,2,M8,2021,-9.567761467776936e-5,-2.9341975167332114e-4,-2.651069609588386e-4,-2.2525240152467818e-4,-1.6516949292808003e-4,-9.554167864633811e-5,-2.7950393678977115e-5,2.8968288927311293e-5,5.902054252103765e-5,8.8724333362733e-5
SSP585,IFE,Joint analytic covariance,2,M8,2022,-2.054133062182606e-4,-7.593836323622066e-4,-6.849556945739965e-4,-5.72719159009405e-4,-3.999797770356528e-4,-2.066827209879496e-4,-1.773685531925029e-5,1.529145279387967e-4,2.452811097703011e-4,3.403688767216528e-4
SSP585,IFE,Joint analytic covariance,2,M8,2023,-4.644420481114686e-4,-0.0015634810787407887,-0.0014520252364757457,-0.0012275326797544393,-8.701441246030117e-4,-4.6667330671490426e-4,-5.5914666280521e-5,2.809765488177796e-4,4.955765499344842e-4,7.159458061548546e-4
SSP585,IFE,Joint analytic covariance,2,M8,2024,-8.776553554711297e-4,-0.002813561123609745,-0.0026011026854513342,-0.0022595802673365025,-0.0016064055622383444,-8.827873166212252e-4,-1.7619870956117611e-4,4.3675100203186576e-4,7.984575082637834e-4,0.0012174169000533027
SSP585,IFE,Joint analytic covariance,2,M8,2025,-0.0014498890808323228,-0.004498218938570289,-0.004050551618359844,-0.003573033083383603,-0.0025620783043846795,-0.0014608692845171634,-3.2069613370586114e-4,6.27892329227709e-4,0.001193005739224417,0.0018440681732568298
SSP585,IFE,Joint analytic covariance,2,M8,2026,-0.0022320903161142658,-0.006727298018913203,-0.006092192164686016,-0.005349332143149632,-0.003851706829316348,-0.0022338666280227737,-5.884735355474457e-4,7.642019824205096e-4,0.0016364812415298289,0.002480743220815806
SSP585,IFE,Joint analytic covariance,2,M8,2027,-0.0031512187458914154,-0.009346759160257739,-0.008399416832651456,-0.007399328453230813,-0.005411795097597649,-0.003144443322134094,-8.616951899551306e-4,0.0010148305639549272,0.002287251122127354,0.0032949325192507535
SSP585,IFE,Joint analytic covariance,2,M8,2028,-0.004245255273875981,-0.012315322277345974,-0.011061720235273693,-0.00984368700936058,-0.00729399358174701,-0.0041805998408786516,-0.0012366706694179053,0.0012542594251561349,0.0029272640201675176,0.0043113043909443986
SSP585,IFE,Joint analytic covariance,2,M8,2029,-0.00551859504508434,-0.015933091063544614,-0.014235807236165722,-0.01257512212058558,-0.009440028745048346,-0.005474314644949907,-0.0016600340091618704,0.0014666480535140422,0.0036160363100252654,0.005405090982313786
SSP585,IFE,Joint analytic covariance,2,M8,2030,-0.006975498234231714,-0.019720171605479734,-0.017869334562658417,-0.015676450594681424,-0.011841065160983821,-0.006826938441080288,-0.0022104849615029176,0.0017305213038955945,0.004302826766530338,0.006711698342192301
SSP585,IFE,Joint analytic covariance,2,M8,2031,-0.008708800465645372,-0.02434726386461211,-0.022047823838412788,-0.01932094696138388,-0.014613180401941456,-0.008521663384138234,-0.0028867969509487057,0.001992558953166859,0.005125735166947041,0.007945663246975392
SSP585,IFE,Joint analytic covariance,2,M8,2032,-0.010557535771625881,-0.0293327810570698,-0.026418173728372418,-0.023327060608236205,-0.017570756630522405,-0.010183638254536609,-0.0035877478283894704,0.002387915386907969,0.006084767260688101,0.00924733940461868
SSP585,IFE,Joint analytic covariance,2,M8,2033,-0.012601148920269423,-0.03474264248744885,-0.03134162166482384,-0.027725058964289284,-0.02070225457456837,-0.012118084879339575,-0.004320234607290585,0.002800673061501069,0.0070403277110965895,0.010637657524871814
SSP585,IFE,Joint analytic covariance,2,M8,2034,-0.014843000840486398,-0.040553442852907885,-0.03664784734474582,-0.032422944810639356,-0.024168604166657587,-0.014216864229677273,-0.005117774912204748,0.0030148888220467036,0.008013077778818253,0.012533459184310869
SSP585,IFE,Joint analytic covariance,2,M8,2035,-0.017286265993219585,-0.04676290802222727,-0.04239793078511031,-0.03744375284685067,-0.028028952802817003,-0.016317205208938534,-0.006156957366771326,0.003292662249537838,0.009091281196142647,0.01459342414545795
SSP585,IFE,Joint analytic covariance,2,M8,2036,-0.020059071273010876,-0.05346378681565319,-0.048740700415463266,-0.04306173658009785,-0.03234749187736588,-0.01899985156547318,-0.007346346903131684,0.0033598364454124107,0.01045900805171823,0.01641350083723654
SSP585,IFE,Joint analytic covariance,2,M8,2037,-0.022921605376972742,-0.06046520963325801,-0.05534142528398141,-0.04890003545473635,-0.036824009319776224,-0.02174556609124384,-0.008470663969789183,0.003532038446790744,0.011557901709043014,0.018426456328528417
SSP585,IFE,Joint analytic covariance,2,M8,2038,-0.025991517404883036,-0.06791581573305915,-0.062427299439883704,-0.05516801302003338,-0.041775084025998444,-0.024673726554386988,-0.009505347270630432,0.0037064759204473224,0.012685435120262744,0.020513557328727713
SSP585,IFE,Joint analytic covariance,2,M8,2039,-0.02927084802345703,-0.07576328207816486,-0.06995559013302599,-0.061734980033138265,-0.04703639584382033,-0.027848988334118474,-0.010843084358216043,0.0038264766456666596,0.014152079777907924,0.022720181331080468
SSP585,IFE,Joint analytic covariance,2,M8,2040,-0.032761419338778075,-0.08399572175424394,-0.07788875446168497,-0.06872102056883964,-0.05238902994799727,-0.031169847789486227,-0.012292871184255899,0.004401738816850667,0.015749656623378634,0.024986183709449238
SSP585,IFE,Joint analytic covariance,2,M8,2041,-0.036564040947105636,-0.09289629663187825,-0.08631633518986512,-0.0762041585567979,-0.05817482225998963,-0.034725295868067996,-0.013861653096261084,0.00472337381150166,0.01706783882498969,0.02730420815044555
SSP585,IFE,Joint analytic covariance,2,M8,2042,-0.04047437046044777,-0.102260767827994,-0.09498589968941751,-0.08394857087596665,-0.06399097365631073,-0.038399379851413895,-0.015549995424358642,0.005165173226602373,0.01869506244238747,0.029773476771395444
SSP585,IFE,Joint analytic covariance,2,M8,2043,-0.044596192420223835,-0.11202894972071754,-0.10386995192964471,-0.0920420722345465,-0.07035730579828245,-0.04207704747506347,-0.01742058155208756,0.005351089371929389,0.02048973578556324,0.03232543773671673
SSP585,IFE,Joint analytic covariance,2,M8,2044,-0.04893013176363137,-0.1221890047288119,-0.11336088830103636,-0.10036250127207275,-0.0768358425836986,-0.046182559362167086,-0.019090392165447362,0.0059299710224444595,0.022073277462423796,0.03495715414796481
SSP585,IFE,Joint analytic covariance,2,M8,2045,-0.05347658194803806,-0.13269842605893112,-0.12319010418758074,-0.10901671795171088,-0.08353689359408514,-0.05074636748641925,-0.02089103956795199,0.0061526202887150945,0.024105920893543575,0.03805791841915519
SSP585,IFE,Joint analytic covariance,2,M8,2046,-0.058208951522932484,-0.14344525256645146,-0.1331053012905325,-0.1179214538464633,-0.09035654970501802,-0.05529547068899626,-0.02286412892296663,0.006915734611468248,0.02573677458141886,0.041451218688953996
SSP585,IFE,Joint analytic covariance,2,M8,2047,-0.06314972210994729,-0.15465846719085036,-0.1433717160020014,-0.1271421067964032,-0.09765556707113376,-0.05971939303396506,-0.02486042376722164,0.007462036726689068,0.027873636429812363,0.04504102913586616
SSP585,IFE,Joint analytic covariance,2,M8,2048,-0.06829737272277425,-0.16619981209846102,-0.15417925512644565,-0.13665680672194633,-0.1050880526323186,-0.06492143029271652,-0.02694764878229089,0.007757726271493426,0.02962278383408363,0.04879620278657849
SSP585,IFE,Joint analytic covariance,2,M8,2049,-0.07365113229290676,-0.17805327277272995,-0.16530427788862628,-0.14639942234150263,-0.1126590163901274,-0.0700436760763854,-0.029069329984229342,0.007700446538968153,0.03209483010187166,0.05272662302091842
SSP585,IFE,Joint analytic covariance,2,M8,2050,-0.07921000386192123,-0.1902022325318953,-0.17667393524716746,-0.15662260764430572,-0.1206107083767563,-0.07516766697331667,-0.03130120562701996,0.007608447563611633,0.03425331057886596,0.05684775581605692
SSP585,IFE,Joint analytic covariance,2,M8,2051,-0.08469830197709083,-0.20193702917907258,-0.18767558746395943,-0.16643659122869098,-0.12838968958455527,-0.08016837068042681,-0.03353606267796563,0.008645687909278704,0.036358763515044454,0.060838915904703764
SSP585,IFE,Joint analytic covariance,2,M8,2052,-0.09059561218687806,-0.21462982597617045,-0.1993636004273272,-0.17651730772570415,-0.1367925782606175,-0.08541572052722307,-0.03572024350705111,0.009979585585260539,0.0387103804059788,0.06456369333778253
SSP585,IFE,Joint analytic covariance,2,M8,2053,-0.09668618210669189,-0.22759011485954755,-0.21125562601398754,-0.18724991218793244,-0.14548076410249766,-0.09107470438646581,-0.03819419691054707,0.011272669605774156,0.04112180072033414,0.06922887252051847
SSP585,IFE,Joint analytic covariance,2,M8,2054,-0.10296789059622524,-0.24063013609685377,-0.2233500245167371,-0.19807489957414157,-0.15439558747029009,-0.0966356599902447,-0.04055049531117738,0.011223127906455048,0.04319873233005496,0.07508726839191965
SSP585,IFE,Joint analytic covariance,2,M8,2055,-0.10943840955452211,-0.25385415044386,-0.2354190819733909,-0.2092148180546209,-0.16341145184815878,-0.10267464196359599,-0.04285263700153902,0.011176070018776008,0.04516144683520937,0.08013598691938814
SSP585,IFE,Joint analytic covariance,2,M8,2056,-0.11550081925609668,-0.26587378229525654,-0.24649109842966083,-0.21981805145133165,-0.17183961782377763,-0.10812109401463127,-0.0452524079400988,0.012420922790143831,0.04802574083092878,0.08566362481469002
SSP585,IFE,Joint analytic covariance,2,M8,2057,-0.1222417133701551,-0.2792235576920802,-0.2590031187668722,-0.23117117527023426,-0.18110849933344939,-0.11452285197170314,-0.04815431556217867,0.013832509062536129,0.050178259259642706,0.09075782382667619
SSP585,IFE,Joint analytic covariance,2,M8,2058,-0.12915471073803475,-0.2926858801957733,-0.27178279642958664,-0.24258686481295438,-0.19054918308926935,-0.12108899193331663,-0.05095279443585907,0.013768107385106814,0.05268756554630916,0.0964479736639285
SSP585,IFE,Joint analytic covariance,2,M8,2059,-0.13623646614238138,-0.30624529026189323,-0.2847035564374718,-0.25425494271606514,-0.20019222393329547,-0.12761523547998577,-0.05363774043378283,0.013653907791921575,0.055904866927651745,0.10235148629051155
SSP585,IFE,Joint analytic covariance,2,M8,2060,-0.1434834572321836,-0.31994580477795387,-0.29774989404655566,-0.2664131934405941,-0.210022980525667,-0.1335606291382906,-0.05648774133509621,0.013493287903878052,0.057974340018329414,0.10847323861422173
SSP585,IFE,Joint analytic covariance,2,M8,2061,-0.14990582158167232,-0.3325357200828936,-0.30849329949281623,-0.27724129326267716,-0.21863591257849346,-0.13927692188742535,-0.05881470754595283,0.014974172387643528,0.0622343029713981,0.11460926052288194
SSP585,IFE,Joint analytic covariance,2,M8,2062,-0.15734143692254954,-0.3465610915439932,-0.3205222813438456,-0.2893142547553144,-0.22882407468960703,-0.145131478547964,-0.06179828539797702,0.015751079060254372,0.066531105895963,0.12117424844698498
SSP585,IFE,Joint analytic covariance,2,M8,2063,-0.16492172625898893,-0.3601541241979586,-0.3338578480146828,-0.3014689385754937,-0.23878029750593074,-0.1516226186379645,-0.06467021345539861,0.015835007293709426,0.06946483538439205,0.12788443369016061
SSP585,IFE,Joint analytic covariance,2,M8,2064,-0.17264236501977837,-0.37303041707280393,-0.3473417984049713,-0.31352912018582746,-0.2487166343892036,-0.15793170256897182,-0.06795754413866054,0.01605648082434227,0.07335382860210224,0.13482373152048394
SSP585,IFE,Joint analytic covariance,2,M8,2065,-0.18049889476062775,-0.3865250607081285,-0.3607787549853275,-0.32541171061463936,-0.2586050468437082,-0.16446560259129273,-0.07151907895604079,0.01742846791430257,0.07861155333263442,0.14199746028450047
SSP585,IFE,Joint analytic covariance,2,M8,2066,-0.1871910794627748,-0.39894951521398847,-0.37195010414355156,-0.3367337069977202,-0.2674920643110533,-0.17043138095653543,-0.0739328112325138,0.0185819979600822,0.0829691273715511,0.14919778805789177
SSP585,IFE,Joint analytic covariance,2,M8,2067,-0.19518077951012025,-0.4128690045918262,-0.3847743789507273,-0.34843267677638623,-0.277184403225828,-0.17767977178957955,-0.07622329840660166,0.01972217027341232,0.08949024602856788,0.15685366154154826
SSP585,IFE,Joint analytic covariance,2,M8,2068,-0.20328537291181736,-0.42675930512744686,-0.3979063161357765,-0.3599487926891426,-0.28770045000335753,-0.18434722199424863,-0.07950253511986721,0.020297694085931118,0.09573300887854574,0.16476113793702712
SSP585,IFE,Joint analytic covariance,2,M8,2069,-0.2114998907363166,-0.44022650893076554,-0.4110734785930368,-0.3720875444680972,-0.29738239121862786,-0.1912166433135527,-0.08229378272153609,0.021527409923845522,0.10231986304597153,0.17292645049390995
SSP585,IFE,Joint analytic covariance,2,M8,2070,-0.2198192787443114,-0.4536060473126673,-0.4241663558202893,-0.3843802021877872,-0.30706666681932804,-0.1980972523531846,-0.08550339216441935,0.025074189958312038,0.10914490951650105,0.18220478285819072
SSP585,IFE,Joint analytic covariance,2,M8,2071,-0.22662186654458305,-0.46492982007707945,-0.4336950298235511,-0.3944976894737745,-0.31533965688570903,-0.20396105055870878,-0.08787692804197814,0.026338263947839377,0.11429826119334972,0.19040366599000924
SSP585,IFE,Joint analytic covariance,2,M8,2072,-0.23502192880565786,-0.4780334507566752,-0.44597894232154733,-0.40644538958757837,-0.32548389906539055,-0.21014015139579806,-0.0915687380987284,0.02869349085344767,0.11939879112901951,0.20050830178079884
SSP585,IFE,Joint analytic covariance,2,M8,2073,-0.24350656712394192,-0.49102708306534126,-0.4584043185566523,-0.41885883704489535,-0.3353494717005474,-0.2169893005042019,-0.09495059464802899,0.030791680672099787,0.12459882805952048,0.21102860421118086
SSP585,IFE,Joint analytic covariance,2,M8,2074,-0.2520705007380113,-0.5039591649955713,-0.4711127133980504,-0.43125780902931504,-0.34530557446326016,-0.2239632356036524,-0.09698343215824332,0.03310914517140512,0.12989905757241282,0.21993033674652773
SSP585,IFE,Joint analytic covariance,2,M8,2075,-0.2607084118866674,-0.5171476555798148,-0.48386980424654896,-0.4432906108135867,-0.3551951927541554,-0.23084823120731146,-0.09985121827454785,0.03518216568094417,0.1348824484510496,0.23353252014488218
SSP585,IFE,Joint analytic covariance,2,M8,2076,-0.26746234498019483,-0.5292186301477748,-0.4945446034550072,-0.4510377501472406,-0.3631143024450779,-0.2378150149067324,-0.10263682981580563,0.038095647643044454,0.14146723298644567,0.24303795092318786
SSP585,IFE,Joint analytic covariance,2,M8,2077,-0.27613489455840035,-0.542252061617718,-0.5072961282513626,-0.4627975500391092,-0.372824446784468,-0.24492533169999964,-0.10438585744641954,0.03985626042249317,0.14730426536939362,0.25535875297816024
SSP585,IFE,Joint analytic covariance,2,M8,2078,-0.284862570489409,-0.5551590809520713,-0.5195663668237385,-0.47476253092371923,-0.38268932394730076,-0.25219363578780807,-0.1079644071560473,0.04192768856226294,0.15331252013488617,0.26818760320485335
SSP585,IFE,Joint analytic covariance,2,M8,2079,-0.2936400393509213,-0.5679299591305452,-0.5309211098808433,-0.4851115945732439,-0.3930599410522886,-0.26037216576351185,-0.11191237689785558,0.044895475340720574,0.1593327276285485,0.28142889383159425
SSP585,IFE,Joint analytic covariance,2,M8,2080,-0.30246197306788913,-0.5805554269969015,-0.5423570898123861,-0.496051622058244,-0.40253470379445055,-0.26810153862900016,-0.11542685053159213,0.04827260533824064,0.16605684227252765,0.2951358898360563
SSP585,IFE,Joint analytic covariance,2,M8,2081,-0.309018238284152,-0.5913509160376911,-0.5516055978349291,-0.50565750533826,-0.41002513846686034,-0.2745790091883972,-0.11747562117170371,0.053620423490563396,0.17472766498682601,0.3060919820390535
SSP585,IFE,Joint analytic covariance,2,M8,2082,-0.3178131556838394,-0.603303304819964,-0.56309116723627,-0.5172626699378858,-0.42023965044085054,-0.28210188603253095,-0.12056723990165225,0.05570261171840665,0.18112111425097882,0.3206731405238303
SSP585,IFE,Joint analytic covariance,2,M8,2083,-0.32663474957008143,-0.6150623169881435,-0.5744220930538281,-0.5289325182399227,-0.4292847541899459,-0.28868421136248285,-0.12396207651774976,0.05888029965669235,0.18770090693473174,0.3358382984634367
SSP585,IFE,Joint analytic covariance,2,M8,2084,-0.335477863500245,-0.6266217195013912,-0.5861531898955457,-0.5404712571396617,-0.4390994096063064,-0.2951332473389961,-0.12649640738593967,0.06224205984830919,0.1943597061834096,0.34858668496032946
SSP585,IFE,Joint analytic covariance,2,M8,2085,-0.34433738180686424,-0.6379758611373052,-0.5977318146502856,-0.5515121752624969,-0.44915592519793746,-0.3019994266623492,-0.1272656391559353,0.06474282504254178,0.20150995820197323,0.3610281558514111
SSP585,IFE,Joint analytic covariance,2,M8,2086,-0.3506678225147656,-0.6468604874473304,-0.6059809638476495,-0.5591344881147252,-0.45723624723975387,-0.3056025278780239,-0.12819075067528127,0.07391676514484229,0.21321184323211773,0.37431289826242864
SSP585,IFE,Joint analytic covariance,2,M8,2087,-0.3594566474672293,-0.657754181813275,-0.6167538775947324,-0.5692610042720537,-0.46602696537706156,-0.3121571355491409,-0.1302287535515632,0.077332612571110515,0.22097888876223676,0.39378189162653265
SSP585,IFE,Joint analytic covariance,2,M8,2088,-0.36824607344104665,-0.6684315137145361,-0.6274170588821537,-0.5803209626295891,-0.4752786170172189,-0.31898602710795093,-0.13224116780875536,0.08618949505662878,0.2289378973179483,0.4105326690032809
SSP585,IFE,Joint analytic covariance,2,M8,2089,-0.377031289231069,-0.6788891258895274,-0.6376439875557066,-0.5908539235944268,-0.4843760219959786,-0.3245472253726346,-0.13546509286988684,0.09197515759627015,0.23758795597100188,0.425720614645799
SSP585,IFE,Joint analytic covariance,2,M8,2090,-0.385807550482389,-0.6890895812733805,-0.6478099232721406,-0.6014174192812297,-0.4945111873669348,-0.32939890101657615,-0.1377172711639327,0.09632117990656588,0.24779749659479539,0.4413114239922283
SSP585,IFE,Joint analytic covariance,2,M8,2091,-0.39184463832098526,-0.696399467926928,-0.6548317945619655,-0.6091085219950731,-0.5007549121828392,-0.3325744283978398,-0.13410273272645093,0.10327343225876986,0.2676147187036214,0.4568096732723034
SSP585,IFE,Joint analytic covariance,2,M8,2092,-0.4005202092071072,-0.7061256039205254,-0.6646032311663466,-0.6182720958160706,-0.5086208153978742,-0.3384599495934186,-0.13616995577322782,0.10911931096755799,0.28026208959717525,0.47330823085243595
SSP585,IFE,Joint analytic covariance,2,M8,2093,-0.4091734077101029,-0.7156263797044157,-0.6740922793857285,-0.6283688960947637,-0.5169813829130291,-0.3447829398888268,-0.13820087692585248,0.11550450244825144,0.30826859389007955,0.49026225826711745
SSP585,IFE,Joint analytic covariance,2,M8,2094,-0.4177998769513469,-0.7249294046083612,-0.6831735844186828,-0.6377929775719644,-0.5261160615724277,-0.3510626461564511,-0.14072571847012816,0.12243079990991025,0.3212473023153838,0.5257333370338144
SSP585,IFE,Joint analytic covariance,2,M8,2095,-0.4263953435612702,-0.7340062406683122,-0.6922162303899349,-0.6469338559270099,-0.5351067538266746,-0.3560866337221819,-0.140002981549042,0.1297470862317769,0.33147338142539046,0.5464009000835659
SSP585,IFE,Joint analytic covariance,2,M8,2096,-0.4320099679187779,-0.7402694847865837,-0.6987170845063989,-0.6523609156879444,-0.5415250237275835,-0.36105693395788857,-0.13993574697927844,0.1373674475871012,0.3447480094718565,0.5693683421546699
SSP585,IFE,Joint analytic covariance,2,M8,2097,-0.4404543893807623,-0.7488953408603545,-0.7074309109127327,-0.6601587115162616,-0.5509489199177047,-0.3675055704083604,-0.13861088950559983,0.14414849604250535,0.35831674506815714,0.6023446413747061
SSP585,IFE,Joint analytic covariance,2,M8,2098,-0.4488562589513706,-0.7573028848811055,-0.7158811678951434,-0.6688152491159784,-0.5578362138971187,-0.3727942805811968,-0.14082147456623834,0.14981661311971411,0.3699985586168927,0.629239945570319
SSP585,IFE,Joint analytic covariance,2,M8,2099,-0.45721175822429116,-0.76549916013031,-0.7238336461358498,-0.6770504810189498,-0.5645071054425265,-0.37899382708600915,-0.14298198947135093,0.15810313787702984,0.3810607995916535,0.657107034220377
SSP585,IFE,Joint analytic covariance,2,M8,2100,-0.46551716018770606,-0.7732252502769156,-0.7312734832874641,-0.6856118160582731,-0.5737128567971361,-0.384079557922053,-0.14279030348910451,0.1667676299524458,0.3981018266626833,0.6916678921199898
SSP585,IFE,Joint analytic covariance,2,M4,2021,-1.1498140558074965e-4,-3.154663602815272e-4,-2.822868100786691e-4,-2.4034082400894443e-4,-1.8164299093062497e-4,-1.1251549607832478e-4,-5.20177584676651e-5,1.8507400027845143e-6,3.736479729320445e-5,6.531338365963748e-5
SSP585,IFE,Joint analytic covariance,2,M4,2022,-2.505178952558751e-4,-8.004999546640329e-4,-7.024056091043007e-4,-6.121408645794691e-4,-4.431344387830771e-4,-2.4765280285016233e-4,-6.5627757939557e-5,9.967554620478048e-5,1.8508237847448815e-4,2.6140549691608384e-4
SSP585,IFE,Joint analytic covariance,2,M4,2023,-5.398018137068306e-4,-0.001615281682218872,-0.0014828556154750261,-0.0012763810513867103,-9.414166221709264e-4,-5.337748664465125e-4,-1.483530816533407e-4,1.8538280633364492e-4,3.883510726515825e-4,5.533344971842042e-4
SSP585,IFE,Joint analytic covariance,2,M4,2024,-9.884109258764262e-4,-0.0029246686789801413,-0.0025930043930486642,-0.002263282845807979,-0.0017131805977476655,-9.763587049731459e-4,-3.014202504353636e-4,3.0075158660409774e-4,6.680083033944958e-4,9.62875926131082e-4
SSP585,IFE,Joint analytic covariance,2,M4,2025,-0.001601852621963995,-0.0046418962128466695,-0.004142113343127634,-0.0035924631394993797,-0.00274827238932282,-0.0015581744834459732,-5.361689656212254e-4,3.941421124904476e-4,9.668642517494861e-4,0.0015260990986313058
SSP585,IFE,Joint analytic covariance,2,M4,2026,-0.0024200680290946686,-0.006793120976411588,-0.0060749804343113835,-0.005363564931532039,-0.004084851588060212,-0.002364369768410146,-8.310631231544519e-4,5.085741234365894e-4,0.0013441095496854565,0.0021516193830488236
SSP585,IFE,Joint analytic covariance,2,M4,2027,-0.003392328877910744,-0.009317966277951926,-0.008388551141709626,-0.007434461137702408,-0.005641923746567967,-0.0033044972714510457,-0.0012762030102892175,6.548565155102494e-4,0.0018104968613196538,0.0029960817739431655
SSP585,IFE,Joint analytic covariance,2,M4,2028,-0.00454795605238012,-0.01235967908796885,-0.011201015384492941,-0.009871130086504688,-0.007475862645457243,-0.004461788609975981,-0.0017431619207584348,7.761237806660495e-4,0.002283328654065974,0.0038366766506822466
SSP585,IFE,Joint analytic covariance,2,M4,2029,-0.005892219162769163,-0.015692525744495152,-0.014402454253961838,-0.012725014301058268,-0.009728696539634235,-0.005793333027651171,-0.0022928079859701744,9.160958699716561e-4,0.003001342760445447,0.0048192408017628564
SSP585,IFE,Joint analytic covariance,2,M4,2030,-0.007430246621477399,-0.019554906147034454,-0.018049449445166302,-0.015936860651520376,-0.012119790711574457,-0.00733744178575757,-0.002902660785707223,0.0010475804138436518,0.003645681285923781,0.005935365597279628
SSP585,IFE,Joint analytic covariance,2,M4,2031,-0.009225050804540835,-0.024086068766021772,-0.022138635528257563,-0.019601839188487447,-0.014911233894566917,-0.009056732070487294,-0.003704197994703201,0.0011803112410998966,0.0042460696449544396,0.00705366531462771
SSP585,IFE,Joint analytic covariance,2,M4,2032,-0.011175929105337379,-0.029214832106676653,-0.02653099911904841,-0.023748791242614753,-0.01790842939644538,-0.011015420495761652,-0.004501566635213894,0.001264590853445347,0.004823161006240191,0.008245730593738725
SSP585,IFE,Joint analytic covariance,2,M4,2033,-0.013335240840568918,-0.034654485337541646,-0.03138104437443035,-0.028073176494244702,-0.02117806861355681,-0.013182817145642567,-0.005399098195799673,0.0012948332421208976,0.005547196831362799,0.009617476747639232
SSP585,IFE,Joint analytic covariance,2,M4,2034,-0.01570735536147727,-0.04021708233577988,-0.03665142438234173,-0.03276150736369595,-0.024861924550468983,-0.015448865489859909,-0.0063203237346437235,0.00122888432020214,0.006301111909888667,0.01110836696809465
SSP585,IFE,Joint analytic covariance,2,M4,2035,-0.018296443974419097,-0.04656336032305506,-0.04240050364101917,-0.0378498086154806,-0.028742724595068492,-0.017954856444579614,-0.0074959309941248775,0.0012150091397313682,0.007009444672800382,0.012665604507825766
SSP585,IFE,Joint analytic covariance,2,M4,2036,-0.02117775628651386,-0.053420436679688446,-0.04876150669667364,-0.043452923297845926,-0.03300634795291943,-0.020732981477275148,-0.00868579543113876,0.0012263195367724878,0.008050003144112625,0.014220813482337894
SSP585,IFE,Joint analytic covariance,2,M4,2037,-0.024217074351147838,-0.060497626955672616,-0.05525211054369494,-0.04943450460204371,-0.03761176111084502,-0.023557111226147953,-0.009919370987787945,0.001315843050656777,0.00912457228751694,0.015697705153598338
SSP585,IFE,Joint analytic covariance,2,M4,2038,-0.027482650656922125,-0.06797677318898923,-0.06232490648456123,-0.05567381692891116,-0.0424685937114086,-0.02665740085069568,-0.011250427279918929,0.0013759442026844986,0.00998122418306452,0.017201851092431077
SSP585,IFE,Joint analytic covariance,2,M4,2039,-0.030977517755760742,-0.07589034687123233,-0.06980744070035466,-0.06231519000750999,-0.04772255472144654,-0.03006937513745689,-0.012753705147803135,0.0014954573815032291,0.011228064612063503,0.018726795965614943
SSP585,IFE,Joint analytic covariance,2,M4,2040,-0.034704458609919664,-0.08423233351131909,-0.07751854209620739,-0.06943284368621266,-0.05324238712475002,-0.03370013147009354,-0.014392946680771124,0.001487208881671312,0.012353774444576911,0.020266180139294338
SSP585,IFE,Joint analytic covariance,2,M4,2041,-0.03867738280243416,-0.09311100877211782,-0.08596611579923298,-0.07684432239533653,-0.0591280538142169,-0.03758345542560082,-0.016296506664580906,0.0013723344250892657,0.01360247583143272,0.02228834125057148
SSP585,IFE,Joint analytic covariance,2,M4,2042,-0.04285914588226303,-0.10257831762307995,-0.09463188516549473,-0.08470737538440239,-0.06529488559684402,-0.04150638485668523,-0.018350795890383464,0.0013610146791329665,0.014834186245016496,0.024423307634320168
SSP585,IFE,Joint analytic covariance,2,M4,2043,-0.047275097055059945,-0.1124543568144924,-0.10336281868190718,-0.09280878062074914,-0.07160677496256085,-0.045798387913404015,-0.02043502461415672,0.0012596621102479537,0.01609989542753271,0.026627887757142272
SSP585,IFE,Joint analytic covariance,2,M4,2044,-0.051926604563276246,-0.12272799861088325,-0.11263653342670653,-0.10122758479907977,-0.07821422369038145,-0.05023182563117662,-0.022630717697968983,0.001311949691835769,0.017407441490435504,0.02889835130625594
SSP585,IFE,Joint analytic covariance,2,M4,2045,-0.05681475022935012,-0.13338738237913608,-0.12238400736968504,-0.10998631359544375,-0.08510934677706972,-0.054952121647238394,-0.025161802748370737,9.483175915614437e-4,0.018718867694478634,0.031230940940192804
SSP585,IFE,Joint analytic covariance,2,M4,2046,-0.061780903152949374,-0.14425370000675705,-0.13224945608519473,-0.11892344263356122,-0.09227983959745323,-0.05972425396642239,-0.027739586686920864,5.943554591014727e-4,0.020189282210564864,0.033934918448858674
SSP585,IFE,Joint analytic covariance,2,M4,2047,-0.06710088925867885,-0.15562090064693135,-0.14265531242426518,-0.12834138479868756,-0.09982267372955805,-0.06468851500480571,-0.03050730556925929,5.325009163732832e-5,0.02163563525073668,0.036922541163279796
SSP585,IFE,Joint analytic covariance,2,M4,2048,-0.07265259278270231,-0.16732914991769254,-0.15339265783792547,-0.13807215649439522,-0.1075737709040995,-0.06973006301868373,-0.03276389683375411,-4.3755978541411863e-4,0.023031745026028956,0.03934714312496537
SSP585,IFE,Joint analytic covariance,2,M4,2049,-0.07843561970977508,-0.1792781707658122,-0.1644846089997149,-0.1481068966900239,-0.11557842801787546,-0.07496867787700584,-0.0352071560275691,-7.703136681570184e-4,0.024222362223628648,0.04179353374391942
SSP585,IFE,Joint analytic covariance,2,M4,2050,-0.08444927691429804,-0.1914368901486619,-0.17579188245303662,-0.15858210608340878,-0.12381181375260922,-0.08080014739575975,-0.03798416473694491,-0.0013804576815969563,0.02539707592340868,0.04426688549347727
SSP585,IFE,Joint analytic covariance,2,M4,2051,-0.09020797342879028,-0.2034813603107905,-0.18675750403419997,-0.16853376295967717,-0.13192539169802353,-0.08640430748874045,-0.04082106400990304,-0.0015645783096158144,0.02715973838308424,0.048274133904940175
SSP585,IFE,Joint analytic covariance,2,M4,2052,-0.0965866536750919,-0.2162738364569608,-0.1985872078565066,-0.17932898198686326,-0.14063005077187216,-0.09232714099231876,-0.04403302359342451,-0.002265244803236121,0.029415165556096717,0.050760546034220456
SSP585,IFE,Joint analytic covariance,2,M4,2053,-0.103182559184536,-0.2294366138872581,-0.21067246110426274,-0.1903864547441418,-0.14967422619284854,-0.09816154882952333,-0.04713202597334104,-0.003068784664008491,0.03049248547797322,0.05323437433508903
SSP585,IFE,Joint analytic covariance,2,M4,2054,-0.10999350633854543,-0.24283702611693822,-0.22299846566923756,-0.20166931241089248,-0.15895877189020036,-0.10448145253935931,-0.05036635601187295,-0.0035949785016277745,0.03253020168462614,0.056251727208894396
SSP585,IFE,Joint analytic covariance,2,M4,2055,-0.11701702737609132,-0.25645627603523774,-0.23554861739431587,-0.21319007325719683,-0.16846473132289877,-0.11091390937111478,-0.05358599315946691,-0.004190516557666889,0.03412478331707126,0.06022356472378021
SSP585,IFE,Joint analytic covariance,2,M4,2056,-0.1233508251804839,-0.2690393582121607,-0.24720706177686558,-0.22319611435306466,-0.1772579420000547,-0.11710091513258813,-0.05669244557919248,-0.004479354112115339,0.035948231793367674,0.06415615709097112
SSP585,IFE,Joint analytic covariance,2,M4,2057,-0.1306563973069993,-0.2824972135074988,-0.2600843352226378,-0.23502147915394175,-0.1870345757563744,-0.12368537743127322,-0.06000743652022361,-0.005258440004822069,0.03763163716793923,0.06848583189622769
SSP585,IFE,Joint analytic covariance,2,M4,2058,-0.1381546982388141,-0.2958721734863212,-0.27312859610460866,-0.2470365923387783,-0.19662313327039505,-0.1300695467247706,-0.06322827268754458,-0.0061257874460203116,0.03933958737149426,0.0730051196643788
SSP585,IFE,Joint analytic covariance,2,M4,2059,-0.14584192983940303,-0.3098324751329735,-0.2861548533876987,-0.2591824975423819,-0.2067158420317224,-0.1373457647791898,-0.0674276324845231,-0.0072152655699349,0.041071000187588344,0.07771972988940913
SSP585,IFE,Joint analytic covariance,2,M4,2060,-0.15371404915775255,-0.3239177518184201,-0.29914376179755,-0.2714688458494538,-0.21719274465008334,-0.14482189174467458,-0.07177333667257033,-0.00770853447851848,0.04282477712383917,0.08365199607212628
SSP585,IFE,Joint analytic covariance,2,M4,2061,-0.16034965711357252,-0.33709626846100843,-0.3115016165707201,-0.282371445420029,-0.22631304330407362,-0.15144609042533608,-0.07449992772798414,-0.007427793489782164,0.04495376267088619,0.08978636663522188
SSP585,IFE,Joint analytic covariance,2,M4,2062,-0.16840172668511022,-0.35128491688083974,-0.32443851308934796,-0.29483425495254517,-0.23681901670890923,-0.1591346990461635,-0.07885721345451577,-0.006895441213559245,0.04718706976829219,0.09742365492409805
SSP585,IFE,Joint analytic covariance,2,M4,2063,-0.17661373215215692,-0.3655432489804973,-0.3374398985706466,-0.30739527966778446,-0.2473000388583202,-0.16679533770880983,-0.08313832427792683,-0.007484166819992365,0.05069312030540226,0.10364821344692322
SSP585,IFE,Joint analytic covariance,2,M4,2064,-0.18498060722183685,-0.3798545031814739,-0.35063964057791513,-0.319805427630524,-0.25802629896391627,-0.17470309960176983,-0.08772745306220661,-0.008210938097510162,0.05231435973531952,0.10823561171935053
SSP585,IFE,Joint analytic covariance,2,M4,2065,-0.1934971034602354,-0.39420208264656653,-0.3640039825529034,-0.3324343380484793,-0.26893749218323815,-0.18277914373021248,-0.09244432087041504,-0.00903674129970056,0.053971504088485334,0.11288553840960978
SSP585,IFE,Joint analytic covariance,2,M4,2066,-0.20031095117401887,-0.406600905868077,-0.3753024135308118,-0.34306356954631106,-0.2779541919290035,-0.18803327721886415,-0.09542730622611603,-0.008392787567556436,0.05715770481087916,0.11830749506009534
SSP585,IFE,Joint analytic covariance,2,M4,2067,-0.20893539552040385,-0.4206602955799441,-0.3886244140681306,-0.35559246090739705,-0.2888386082767763,-0.19571065560960954,-0.10012130884908652,-0.008916148037995867,0.05946128172995933,0.12318846887907252
SSP585,IFE,Joint analytic covariance,2,M4,2068,-0.2176837182630047,-0.4346730307938207,-0.40192505936646894,-0.36815833907129303,-0.30000066767688016,-0.20375543348166691,-0.10485673017311817,-0.009671019979695942,0.06217483373859398,0.12816130228569794
SSP585,IFE,Joint analytic covariance,2,M4,2069,-0.22655004926362288,-0.4486162433650771,-0.4152021584813041,-0.3809335713868219,-0.3100119371571766,-0.2121007486425237,-0.10978298379315368,-0.010751545855477013,0.06448339359471765,0.1347167890847558
SSP585,IFE,Joint analytic covariance,2,M4,2070,-0.23552840827324217,-0.46247752359122063,-0.428446688242672,-0.39381627588203155,-0.3205856530122133,-0.22023723078257812,-0.11482297614588605,-0.011867352625972511,0.06681804958544468,0.14169066884052553
SSP585,IFE,Joint analytic covariance,2,M4,2071,-0.24231135464682996,-0.4736022792815388,-0.4389865854373971,-0.4033827521777316,-0.32889714012038274,-0.22604424226771347,-0.1180620498356911,-0.0099605139101513,0.07007337630459301,0.1480932008998973
SSP585,IFE,Joint analytic covariance,2,M4,2072,-0.2513310326627102,-0.4871218748459584,-0.4519711372763061,-0.41611428082546503,-0.3397454852117523,-0.23446584881590538,-0.12305941538434925,-0.010944257106472835,0.07254286902881181,0.15550328053158363
SSP585,IFE,Joint analytic covariance,2,M4,2073,-0.2604379536742263,-0.50065199292693,-0.4638789491396824,-0.42824511841376284,-0.35018405349375015,-0.24298267050061978,-0.1269117320909964,-0.011945402098552603,0.07504081631151267,0.16317782932790473
SSP585,IFE,Joint analytic covariance,2,M4,2074,-0.2696259148808823,-0.514386643625051,-0.4768561783699763,-0.4403028557258271,-0.36099872253907983,-0.24983368225158503,-0.13191412129584923,-0.01296132561960694,0.07756641982605265,0.17112489063280248
SSP585,IFE,Joint analytic covariance,2,M4,2075,-0.27888867561223507,-0.5275304995590476,-0.49004368645368707,-0.4526402576530526,-0.37200353444256573,-0.2583352057202609,-0.13677091519278797,-0.01398927469069409,0.08011887648181201,0.17935282553333587
SSP585,IFE,Joint analytic covariance,2,M4,2076,-0.2854238607857522,-0.5374478806756023,-0.4975450322579045,-0.4624221673332484,-0.38001161224341595,-0.26374948689088995,-0.13916837405617474,-0.01119872894938321,0.08387148236242768,0.18670197206568034
SSP585,IFE,Joint analytic covariance,2,M4,2077,-0.2946692967434371,-0.5500637391086912,-0.5104114554851948,-0.47471260824816613,-0.39062210027946515,-0.27219095968056756,-0.14406793698528608,-0.011623396607003102,0.0865664855855634,0.19542415696587817
SSP585,IFE,Joint analytic covariance,2,M4,2078,-0.30396706719537925,-0.5629659582119388,-0.5231765740571177,-0.48686664454248035,-0.40106068241444515,-0.2809413410125951,-0.14845526912158097,-0.011253913427162351,0.08929090002194974,0.20444763538291333
SSP585,IFE,Joint analytic covariance,2,M4,2079,-0.3133110418722109,-0.5752842009000104,-0.535830357549448,-0.4991104668547607,-0.4119328914989285,-0.2897516458813442,-0.1531486503371025,-0.011442113588504539,0.09454618449895942,0.2137817922368598
SSP585,IFE,Joint analytic covariance,2,M4,2080,-0.32269511629827197,-0.5868622258547631,-0.5479870807886245,-0.5111865281525569,-0.42207977394702323,-0.2986326621268762,-0.15868208567306324,-0.011472208392094143,0.10043332862207972,0.22343638760593285
SSP585,IFE,Joint analytic covariance,2,M4,2081,-0.3288107772157972,-0.5956156237358212,-0.5574484844354869,-0.5202367462515581,-0.4296320303682617,-0.3039560212706502,-0.16105057466587275,-0.007902061008833113,0.10666376834313461,0.2358275841608153
SSP585,IFE,Joint analytic covariance,2,M4,2082,-0.33811296890414355,-0.6076257125289614,-0.5690781343605276,-0.5310205576536433,-0.43807234381413507,-0.312686626367746,-0.16642517045933006,-0.00892821987614088,0.11097397388301836,0.2472586500252231
SSP585,IFE,Joint analytic covariance,2,M4,2083,-0.3474350775538355,-0.6194360868686037,-0.5807757725676748,-0.5413952337384911,-0.4483446200584519,-0.3213364944041808,-0.17149157602113488,-0.009405300737608108,0.1151563237187303,0.25924242629052974
SSP585,IFE,Joint analytic covariance,2,M4,2084,-0.3567713670241941,-0.631040798734042,-0.5926125945433431,-0.5525130560312269,-0.4577570130737583,-0.32997827580354566,-0.17584699962977204,-0.009442511182040847,0.11944501831190257,0.26967456747346324
SSP585,IFE,Joint analytic covariance,2,M4,2085,-0.36611617851925427,-0.6424345134710503,-0.604305899244507,-0.5638048863712466,-0.46753621273534995,-0.3386439023148914,-0.18095854415157328,-0.009359786482909376,0.12384307907778733,0.27850295883879345
SSP585,IFE,Joint analytic covariance,2,M4,2086,-0.3717867747397622,-0.650633097823423,-0.6146751299454657,-0.5708320396204147,-0.47589980320465,-0.3437444366425046,-0.18129636661914844,-0.004216371879508823,0.12851424841001188,0.29118408070491014
SSP585,IFE,Joint analytic covariance,2,M4,2087,-0.38100369318311544,-0.6615469127964856,-0.6260231805166869,-0.5811695132802052,-0.4863162958493876,-0.35253364137951204,-0.18450978429465018,-0.0031377386086399108,0.1365570952917932,0.30055725424332747
SSP585,IFE,Joint analytic covariance,2,M4,2088,-0.3902120572815927,-0.6722402508652731,-0.6362712552960604,-0.5908202365516801,-0.49591205083684126,-0.3605943730118582,-0.18832142707381364,-0.0013137794673053873,0.14199554318925592,0.3101140382928598
SSP585,IFE,Joint analytic covariance,2,M4,2089,-0.39940675225247046,-0.6827101729708958,-0.6455787434343137,-0.6014583952539181,-0.5055932239498625,-0.369329885321225,-0.19269673599198822,7.580808515228975e-4,0.14612544059550883,0.3211930890547541
SSP585,IFE,Joint analytic covariance,2,M4,2090,-0.40858277736133486,-0.6929542690760379,-0.6556393913290408,-0.6111274519914679,-0.5156295889365425,-0.3769584539569964,-0.1975500424156595,2.962422894406901e-4,0.15031486327211324,0.3343252689223971
SSP585,IFE,Joint analytic covariance,2,M4,2091,-0.41374106673514854,-0.6998572654632137,-0.6645685787574958,-0.6170204663975043,-0.5235077021262926,-0.3823316126982323,-0.19722029873240884,0.013071646536583261,0.1558774172363518,0.3611161206333992
SSP585,IFE,Joint analytic covariance,2,M4,2092,-0.4227579491723463,-0.7094515494135258,-0.6747008586836357,-0.625306056915855,-0.5327238328855723,-0.3901529195018496,-0.20170075618364705,0.013649304622880668,0.16025195482863352,0.3735016895918209
SSP585,IFE,Joint analytic covariance,2,M4,2093,-0.4317424915757645,-0.7188240179963913,-0.684384802764774,-0.6345005352245525,-0.5408951898245984,-0.3975956102234114,-0.2058289939871231,0.013515029622772585,0.16617647059551505,0.3860053161119888
SSP585,IFE,Joint analytic covariance,2,M4,2094,-0.44069033487492437,-0.727974420851302,-0.6939927965427126,-0.6442122793491957,-0.5505343930905142,-0.40566040050829105,-0.20928005282489662,0.01625665336063118,0.1749197713765954,0.3988677409783268
SSP585,IFE,Joint analytic covariance,2,M4,2095,-0.4495972558541853,-0.7371709061540597,-0.7039490337003947,-0.654261657625239,-0.5606211107593263,-0.412941087679428,-0.2128611702382294,0.01943418270917455,0.1878801442186656,0.41210175826698714
SSP585,IFE,Joint analytic covariance,2,M4,2096,-0.45414468111330897,-0.7438185996667611,-0.7112685628379094,-0.660708419736929,-0.5668782362097622,-0.4147590315991472,-0.212973243169612,0.027794984645701553,0.1987697541598453,0.4356267516237054
SSP585,IFE,Joint analytic covariance,2,M4,2097,-0.46284061113816166,-0.7524344443712995,-0.7199392417706832,-0.6689018776624381,-0.5753290277697697,-0.4236088879974455,-0.216803432749134,0.028043643557691247,0.2104677839494081,0.450186365645664
SSP585,IFE,Joint analytic covariance,2,M4,2098,-0.471484971043427,-0.760827707952225,-0.7285571367029942,-0.6786248097402139,-0.5840475241308345,-0.431498492231289,-0.22056848064461865,0.02828113379063321,0.21700225042154095,0.46518132448801214
SSP585,IFE,Joint analytic covariance,2,M4,2099,-0.48007426018359833,-0.7689997523164914,-0.7362121656571415,-0.6874991170846962,-0.5925108874017444,-0.43976045772687933,-0.22438671429180396,0.031907634767064944,0.23021409110354893,0.48062747386171345
SSP585,IFE,Joint analytic covariance,2,M4,2100,-0.4886051216412727,-0.7769522439826838,-0.7436534018372647,-0.6964634859169766,-0.6009035179349098,-0.4465700438879657,-0.2280530835777772,0.03600544241956438,0.23638688256947238,0.49993273242538183
SSP585,IFE,Joint analytic covariance,2,IE,2021,1.930379090298029e-5,-2.4783939249967136e-5,-1.7819915671801746e-5,-8.682546950833367e-6,4.7821505635425865e-6,2.0330804816337533e-5,3.644352493320513e-5,5.069416914269543e-5,5.7993047744281366e-5,6.540164133467252e-5
SSP585,IFE,Joint analytic covariance,2,IE,2022,4.5104589037614495e-5,-8.544242815700653e-5,-6.584056744600164e-5,-3.8800913137704286e-5,1.5098994010365185e-6,4.7496422742321354e-5,9.224847422223403e-5,1.3254883782876092e-4,1.5445131265563457e-4,1.7595717722915233e-4
SSP585,IFE,Joint analytic covariance,2,IE,2023,7.535976559536195e-5,-1.947432619617745e-4,-1.5067375371746738e-4,-1.0115089602140691e-4,-1.3655189006200885e-5,7.960809983176276e-5,1.6816534432714803e-4,2.5418557817369347e-4,2.908956779359316e-4,3.317649185400951e-4
SSP585,IFE,Joint analytic covariance,2,IE,2024,1.1075557040529649e-4,-3.6048670113411895e-4,-2.765693796693336e-4,-1.8313415651233234e-4,-4.4120700337574315e-5,1.1798178944066873e-4,2.693037202202708e-4,4.127640927225728e-4,4.919592267028039e-4,5.476620771411061e-4
SSP585,IFE,Joint analytic covariance,2,IE,2025,1.519635411316722e-4,-5.638021719961362e-4,-4.451439676629809e-4,-2.9734800820350186e-4,-8.989103952550259e-5,1.5264443547891027e-4,3.9447803384048963e-4,6.162162903718404e-4,7.259599059484755e-4,8.2820099697313e-4
SSP585,IFE,Joint analytic covariance,2,IE,2026,1.8797771298040278e-4,-8.444782732956845e-4,-6.826422312889047e-4,-4.65441262700772e-4,-1.5237961087899432e-4,1.9343873990940175e-4,5.537380125158198e-4,8.397283340220719e-4,0.0010044636143316575,0.0011303395352017988
SSP585,IFE,Joint analytic covariance,2,IE,2027,2.4111013201932874e-4,-0.0011522237422014552,-9.62367113098389e-4,-6.5150559249324e-4,-2.2294000825515137e-4,2.4759277559516235e-4,7.341474768544076e-4,0.0011373316265141486,0.0013604069556409748,0.0015138775733619901
SSP585,IFE,Joint analytic covariance,2,IE,2028,3.027007785041391e-4,-0.0014990844816785837,-0.0012656499311202772,-8.7422911118199e-4,-3.076590226931408e-4,3.0312425046841174e-4,9.256332668887701e-4,0.0014764286683796703,0.0017559073217883296,0.00196257401893182
SSP585,IFE,Joint analytic covariance,2,IE,2029,3.736241176848232e-4,-0.001886502975175672,-0.0016161512733452123,-0.0011304216376463395,-3.9211144997750025e-4,3.7834725152668947e-4,0.0011552530039907194,0.0018495955075351624,0.002209203569903489,0.0024792737759658347
SSP585,IFE,Joint analytic covariance,2,IE,2030,4.547483872456848e-4,-0.0023109363135258576,-0.001958777545759199,-0.0014091019222694512,-4.8379084552407914e-4,4.8652696792944594e-4,0.0014113159412404985,0.0022663216852935484,0.0027084618212329875,0.0030822943852163386
SSP585,IFE,Joint analytic covariance,2,IE,2031,5.162503388954631e-4,-0.0027951609323069,-0.0023519785320391617,-0.0017360079910539005,-6.076392366962946e-4,5.436498471153017e-4,0.0016598791716146977,0.0026917684013711973,0.0032558531266385134,0.0037094553581849756
SSP585,IFE,Joint analytic covariance,2,IE,2032,6.183933337114977e-4,-0.0032726420381867516,-0.0027835184866527697,-0.002010135867384255,-7.167867643024239e-4,6.239292626775139e-4,0.001972380004729851,0.0032088895212316506,0.0038344843821304852,0.004423581648897291
SSP585,IFE,Joint analytic covariance,2,IE,2033,7.340919202994955e-4,-0.0037951669637225627,-0.0032508928811847415,-0.0023729763250884607,-8.090578849387631e-4,7.374827584961108e-4,0.0023099938596753966,0.0037610190549397073,0.004543160531840539,0.005240190159300516
SSP585,IFE,Joint analytic covariance,2,IE,2034,8.643545209908732e-4,-0.0043450499034770745,-0.0037263437337070214,-0.0027207304090339224,-9.201822825392614e-4,8.465876548368612e-4,0.002700833185669327,0.004384956079091273,0.005254918736392843,0.006068134576124192
SSP585,IFE,Joint analytic covariance,2,IE,2035,0.0010101779811995115,-0.004888814700625901,-0.0041893203481530306,-0.003061330708591636,-0.0010083049974278224,9.97073808864879e-4,0.0031040187558347976,0.0050649566332286785,0.00599649726170504,0.006902018948623813
SSP585,IFE,Joint analytic covariance,2,IE,2036,0.0011186850135029847,-0.005529949491260911,-0.004746693929475704,-0.0034587645332580853,-0.0011502253570998267,0.001122970742483076,0.003490009955908535,0.005713537509667932,0.0068013066864808175,0.007830748597864657
SSP585,IFE,Joint analytic covariance,2,IE,2037,0.0012954689741750958,-0.006118582756252519,-0.005277935560151004,-0.0038576026822864542,-0.0012491895288843091,0.0012880206070958744,0.003934376616412466,0.0064357265734988015,0.007672479445859075,0.008873535548402341
SSP585,IFE,Joint analytic covariance,2,IE,2038,0.0014911332520390896,-0.006712064308707244,-0.005736839491638879,-0.004160079521215476,-0.001337715904971143,0.0014582608578297407,0.004436720428434987,0.007244323541647346,0.008606507433430926,0.010006541009229524
SSP585,IFE,Joint analytic covariance,2,IE,2039,0.0017066697323037117,-0.007397443558553974,-0.00620115696425459,-0.004501938423884678,-0.0014459098887852906,0.0016733229653207449,0.004977287262685648,0.008092230244886657,0.009599975619455536,0.011175051496212465
SSP585,IFE,Joint analytic covariance,2,IE,2040,0.001943039271141589,-0.00810811780913246,-0.006710943175936723,-0.004781728496017712,-0.0014693543155965827,0.0019257572762105268,0.005516677118667712,0.00895620766612175,0.01075346958089351,0.012402059729800616
SSP585,IFE,Joint analytic covariance,2,IE,2041,0.002113341855328521,-0.008969684763985325,-0.007442046728442463,-0.005198988312814856,-0.0015936040034024712,0.002049229120748175,0.006036341160309655,0.009749959185866375,0.01188727767625401,0.013540760705525371
SSP585,IFE,Joint analytic covariance,2,IE,2042,0.002384775421815255,-0.009668119986468757,-0.008048298068282134,-0.005487049702856993,-0.001736260529931477,0.002407869091123671,0.006717646219696671,0.010590996527489172,0.012993637149252099,0.014989867669583727
SSP585,IFE,Joint analytic covariance,2,IE,2043,0.00267890463483611,-0.010365099476014586,-0.008634526446559853,-0.005919840824694755,-0.0017804388193535248,0.0027126272169200605,0.007381080928263284,0.011571885574774754,0.014184475239090341,0.01643797684372528
SSP585,IFE,Joint analytic covariance,2,IE,2044,0.002996472799644878,-0.011082536906740244,-0.0091680889807853,-0.006139680058892337,-0.0017878194735295727,0.003044332625241619,0.008112835118700978,0.012644553850815476,0.01554178458502296,0.017942278883452165
SSP585,IFE,Joint analytic covariance,2,IE,2045,0.0033381682813120594,-0.011744254490893936,-0.009689505939347138,-0.00641898123870015,-0.001865909278988831,0.0034872546785341685,0.008895772700328736,0.013797809845215838,0.01688666918338433,0.01950825111352325
SSP585,IFE,Joint analytic covariance,2,IE,2046,0.0035719516300168896,-0.01260254003859308,-0.010420894776032436,-0.006827366658617029,-0.001998329884134148,0.0037189272999278433,0.009574935913565646,0.014828152145732987,0.018369916475160137,0.021031975300770535
SSP585,IFE,Joint analytic covariance,2,IE,2047,0.00395116714873156,-0.01329505646273601,-0.010937927962147646,-0.007149388587750538,-0.002072236327001181,0.004210162102659176,0.010534188029861419,0.016079292323590087,0.0198058328169949,0.02274336025118523
SSP585,IFE,Joint analytic covariance,2,IE,2048,0.0043552200599280555,-0.013972371741325392,-0.011600936792897315,-0.007496460830435502,-0.0019436584551411895,0.004703898438371379,0.011426249483146356,0.017404507358369105,0.02122520991173184,0.024659615543689974
SSP585,IFE,Joint analytic covariance,2,IE,2049,0.004784487416868322,-0.014632343178210586,-0.012253583673706247,-0.007647101935349164,-0.0020055812847584176,0.005166787177729781,0.012372143552129566,0.01868646269971206,0.02282976347258838,0.026531806381862144
SSP585,IFE,Joint analytic covariance,2,IE,2050,0.005239273052376814,-0.015230924771633132,-0.012709382441185364,-0.007747719765941818,-0.0018579091648284196,0.005833090414003206,0.013342063356828027,0.019971222912385737,0.02441549658926015,0.028558545127897874
SSP585,IFE,Joint analytic covariance,2,IE,2051,0.005509671451699449,-0.01613202632616265,-0.013384910774826824,-0.008180873052647896,-0.0019335422459344498,0.006136895640601825,0.014091665988940072,0.02127557186403523,0.025965010349024733,0.030547276770160406
SSP585,IFE,Joint analytic covariance,2,IE,2052,0.005991041488213833,-0.01680322330827421,-0.013773419542224014,-0.008343801210128576,-0.0015738314598665593,0.006588868176808593,0.015138335102419381,0.02288252057546649,0.027558012516693594,0.032550364237297714
SSP585,IFE,Joint analytic covariance,2,IE,2053,0.006496377077844118,-0.017462675800747413,-0.014060296066644993,-0.008447243139654968,-0.0013479239852389469,0.007387101585915656,0.016211681574235803,0.024376443036586603,0.029214832516074585,0.03509670896764384
SSP585,IFE,Joint analytic covariance,2,IE,2054,0.00702561574232019,-0.01809656805698424,-0.014567125365456296,-0.008686773660796976,-0.0011490927110122395,0.0081106726236721,0.017311772882352194,0.025980216080204403,0.031121213564717854,0.0372143826508217
SSP585,IFE,Joint analytic covariance,2,IE,2055,0.007578617821569211,-0.018748847709158918,-0.014974027262731915,-0.008929049227438235,-9.443524560173167e-4,0.008845743384195304,0.018501386476570347,0.02774346367378664,0.03321073103876027,0.03952785906856185
SSP585,IFE,Joint analytic covariance,2,IE,2056,0.007850005924387227,-0.01988663088131304,-0.015800336082891903,-0.009472448818489408,-0.00111189924868077,0.00923939317567768,0.019365134076420654,0.029232873480333835,0.03501482884994288,0.041578379031128355
SSP585,IFE,Joint analytic covariance,2,IE,2057,0.008414683936844192,-0.020477702780341226,-0.016220534429173948,-0.009660606191259446,-0.001037318681363003,0.009893746312337415,0.020530714279848122,0.030999205199187807,0.03723945570243941,0.04432952579311041
SSP585,IFE,Joint analytic covariance,2,IE,2058,0.00899998750077935,-0.021034847837370942,-0.016511700462173214,-0.009491202743707605,-9.05758544944707e-4,0.010474073119664418,0.021696589688998263,0.03287195847248475,0.03939618870308145,0.04667449269164118
SSP585,IFE,Joint analytic covariance,2,IE,2059,0.009605463697021643,-0.02153208880986246,-0.017024208165495092,-0.009669774062059799,-6.514374822215452e-4,0.011044124844931835,0.022747041809518448,0.034711295777896056,0.041795879468570336,0.04913568329391364
SSP585,IFE,Joint analytic covariance,2,IE,2060,0.010230591925568966,-0.0220753533782746,-0.017168478684955846,-0.009579445329095583,-2.3396773602543663e-4,0.011817393634260542,0.02408980918004139,0.036881961637623334,0.044433849897124865,0.0522150846773141
SSP585,IFE,Joint analytic covariance,2,IE,2061,0.010443835531900203,-0.023175923308738976,-0.018116466199863495,-0.010047265241316116,-2.4017539846807323e-4,0.012069877562549292,0.02496520916908873,0.03840804324752408,0.04668461690069824,0.054533525094327004
SSP585,IFE,Joint analytic covariance,2,IE,2062,0.011060289762560682,-0.023764999122343387,-0.018408710157544594,-0.010089093612245768,1.0254975786380682e-4,0.012957719159794878,0.026535024481164543,0.0405129898743727,0.049324711423768056,0.057712014830821404
SSP585,IFE,Joint analytic covariance,2,IE,2063,0.01169200589316799,-0.02405845874748541,-0.018935124596667408,-0.010138672127407577,3.620345261319269e-4,0.013747665179426327,0.02803628811056605,0.04242968607985623,0.052311935035135974,0.06128107098108604
SSP585,IFE,Joint analytic covariance,2,IE,2064,0.01233824220205848,-0.0245007744822967,-0.019516731742835074,-0.010361663915778762,8.224562669738866e-4,0.01487189838290559,0.029225390024363807,0.04460502930508651,0.05581996056312965,0.06456240808343947
SSP585,IFE,Joint analytic covariance,2,IE,2065,0.01299820869960766,-0.02490948808975656,-0.01992765089153248,-0.010750033318359508,0.0013754429160703074,0.015840451687522794,0.030709172742583113,0.04696655013669396,0.059047759639574926,0.06799711251331383
SSP585,IFE,Joint analytic covariance,2,IE,2066,0.013119871711244069,-0.02592200352807766,-0.02048589824492321,-0.011056992057215562,0.0010848708906869287,0.016058186331822544,0.03190057246365205,0.049037124083715376,0.06104338659628233,0.07032197391918545
SSP585,IFE,Joint analytic covariance,2,IE,2067,0.013754616010283605,-0.026351051280434426,-0.021139499198831947,-0.011392245023852842,0.0013799287576956865,0.017313901393206377,0.0333962245128884,0.05103464658137999,0.0640220216677104,0.07387674843959066
SSP585,IFE,Joint analytic covariance,2,IE,2068,0.014398345351187336,-0.02718001339928335,-0.0211394907729578,-0.01170515912886535,0.001815072645217658,0.018059600152821986,0.03477300691757887,0.053528201291319355,0.06634968714783372,0.07754529101688387
SSP585,IFE,Joint analytic covariance,2,IE,2069,0.01505015852730629,-0.02741659509095571,-0.021459314312465904,-0.011861524847030546,0.002124070237136677,0.018904591892715095,0.03665793382909155,0.056177052094524206,0.06939942568506162,0.0814731367310182
SSP585,IFE,Joint analytic covariance,2,IE,2070,0.015709129528930776,-0.027587185128613797,-0.021733952456074852,-0.01170158279919078,0.002627388324096952,0.02014461846824661,0.03865541387590729,0.05908218132379796,0.07341440954715378,0.0859422987917709
SSP585,IFE,Joint analytic covariance,2,IE,2071,0.015689488102246907,-0.02891110910234198,-0.023579462479207496,-0.012636824780845768,0.00243862799312472,0.020427894610558106,0.03948444578745941,0.06145327412795711,0.07596033369904298,0.09003250580230163
SSP585,IFE,Joint analytic covariance,2,IE,2072,0.01630910385705231,-0.029589573578969092,-0.024075122771706235,-0.013090839810376297,0.0028154182106195913,0.02155270661017178,0.041551513117705746,0.06366334727994179,0.07993342214884762,0.0952174871646265
SSP585,IFE,Joint analytic covariance,2,IE,2073,0.016931386550284366,-0.030260799097431096,-0.024659608362419778,-0.01319354944537545,0.00304061652494797,0.022315731673382022,0.043124577835587846,0.06664430817733782,0.08495533309461945,0.10012478606618211
SSP585,IFE,Joint analytic covariance,2,IE,2074,0.017555414142870984,-0.03091857287797723,-0.025122640678354652,-0.013543422207831366,0.0033555182099102854,0.0232676674760402,0.04474192148945094,0.06911490427797201,0.08888196599412704,0.10526644994446015
SSP585,IFE,Joint analytic covariance,2,IE,2075,0.01818026372556769,-0.031734986050936345,-0.02550047465120779,-0.014018949435010464,0.0035610375879158718,0.02409495868602146,0.04659692964920395,0.07283976625380188,0.09382495638354485,0.11060486752353033
SSP585,IFE,Joint analytic covariance,2,IE,2076,0.017961515805557382,-0.0332383195137078,-0.02658120022449781,-0.014903980233255195,0.00300320485126801,0.02412014525752576,0.047876187886102206,0.07485155887720524,0.09664939338996859,0.11410604093054931
SSP585,IFE,Joint analytic covariance,2,IE,2077,0.01853440218503677,-0.03436198039509687,-0.026822591970292724,-0.01508388884300802,0.003140023792007257,0.025265235413407305,0.04949168702872975,0.07802697841041878,0.10164797623693188,0.11781672851909832
SSP585,IFE,Joint analytic covariance,2,IE,2078,0.019104496705970253,-0.03488793422610865,-0.02762996391733849,-0.015226341192175297,0.0035035065059627335,0.025939195276578397,0.051476712484115617,0.0828967901800872,0.1063535212200267,0.12426468154480981
SSP585,IFE,Joint analytic covariance,2,IE,2079,0.019671002521289616,-0.0361929817295332,-0.028220285587817397,-0.01521684409658247,0.0038225640657825743,0.026865198549959335,0.053609269781577484,0.08669901088571225,0.11091662062522303,0.13146045955679211
SSP585,IFE,Joint analytic covariance,2,IE,2080,0.020233143230382833,-0.037242958449505315,-0.028258129164437675,-0.015114206538885155,0.0039524191439268275,0.02809893259405205,0.05557785057939177,0.09007389307139727,0.1156760824428951,0.13794280237182885
SSP585,IFE,Joint analytic covariance,2,IE,2081,0.01979253893164523,-0.04103051180551387,-0.02976660937954037,-0.016314333114903188,0.003338782634772941,0.02794310724869803,0.056765526124733345,0.09257155602835235,0.11922680630529539,0.14233721281690878
SSP585,IFE,Joint analytic covariance,2,IE,2082,0.020299813220304164,-0.04207003864450702,-0.03027775554270621,-0.016120981025436455,0.003527627118039278,0.02891238224239162,0.058979593293194216,0.0964985322557186,0.12455753080045968,0.1503263000842997
SSP585,IFE,Joint analytic covariance,2,IE,2083,0.020800327983754086,-0.04253899141960669,-0.030441940552489773,-0.016221288671472687,0.0037878358874596507,0.02966524933946607,0.060974277452117503,0.10077653611234577,0.12979164940314572,0.15572232409045272
SSP585,IFE,Joint analytic covariance,2,IE,2084,0.021293503523949098,-0.04228734806386248,-0.030613785754419205,-0.01637882237992594,0.004046934980137529,0.03045482808826422,0.06311183922243377,0.10489001711626587,0.13521385887670334,0.16123674093631976
SSP585,IFE,Joint analytic covariance,2,IE,2085,0.021778796712390025,-0.0419439048813127,-0.031299352326229046,-0.016376985878627626,0.004203293218404458,0.03132344687943278,0.06506924232092356,0.10934602584508092,0.14187990660443422,0.1709494258014596
SSP585,IFE,Joint analytic covariance,2,IE,2086,0.0211189522249966,-0.04409764347461031,-0.03358152962274247,-0.01815518994292654,0.0032729073622227434,0.03101419976548553,0.06578991329335682,0.11240646671120177,0.14513488177676884,0.17712166521356643
SSP585,IFE,Joint analytic covariance,2,IE,2087,0.02154704571588617,-0.04520223561471396,-0.03372467909569348,-0.018312889821932566,0.003416989567131379,0.03160952894709912,0.06744735104046409,0.11691380128941077,0.15019447513640832,0.18412287735427835
SSP585,IFE,Joint analytic covariance,2,IE,2088,0.021965983840546044,-0.045274526414043524,-0.03433909224609463,-0.018298496180513223,0.003630334798102014,0.032514615074969555,0.06985258683070159,0.12085372969901961,0.15722763922332697,0.19131173072819496
SSP585,IFE,Joint analytic covariance,2,IE,2089,0.022375463021401476,-0.04544059744932157,-0.034582595530613824,-0.018372881241968786,0.004043887988782718,0.03310386125034803,0.07205903684638673,0.12621310806662245,0.16184857739878758,0.1996317681432796
SSP585,IFE,Joint analytic covariance,2,IE,2090,0.022775226878945842,-0.04622679490502249,-0.034857770485972474,-0.018224106881067723,0.004499499269805557,0.034037712475664283,0.074213855119487665,0.13193229479488996,0.1684765898869836,0.20755730376119227
SSP585,IFE,Joint analytic covariance,2,IE,2091,0.021896428414163283,-0.04912033943449824,-0.0371151620333849,-0.02033025321145895,0.0030483477302603035,0.0334862880974372,0.07456633300670154,0.13489011046495528,0.17295624748683772,0.21361425344365362
SSP585,IFE,Joint analytic covariance,2,IE,2092,0.022237739965239145,-0.04979227300687309,-0.03729082608440165,-0.020344634938316432,0.0031646690906018127,0.034431332191834474,0.07737792684316391,0.14262042091227886,0.18191455700780532,0.22187457037254435
SSP585,IFE,Joint analytic covariance,2,IE,2093,0.022569083865661588,-0.050539652074201954,-0.03841747491492319,-0.02041909349209497,0.0038750295166747883,0.03612675042566349,0.07988722180922,0.14836808861660838,0.1891253342035057,0.232666974819027
SSP585,IFE,Joint analytic covariance,2,IE,2094,0.022890457923577467,-0.05067514545943921,-0.03864015745785158,-0.020591169954779342,0.0040702980648437415,0.03742798814653564,0.08292921437569001,0.15337355097070166,0.19966570206514378,0.24801128636733932
SSP585,IFE,Joint analytic covariance,2,IE,2095,0.023201912292915128,-0.05136765662649859,-0.03855209140789312,-0.020719960961263762,0.004348918074467689,0.03852224216477468,0.08565766240058831,0.15929672786074567,0.2092202007164305,0.25837522345939495
SSP585,IFE,Joint analytic covariance,2,IE,2096,0.022134713194531086,-0.054030507082052,-0.04081682868312483,-0.02294361691176049,0.002940830429032648,0.03740699794652169,0.08637979784256994,0.16303594009613756,0.21374395657102394,0.26230546952941547
SSP585,IFE,Joint analytic covariance,2,IE,2097,0.02238622175739935,-0.05475388638785106,-0.041236884603280434,-0.022947092155122892,0.0032511541825887558,0.03895141339592795,0.09005869479493467,0.17077594526923431,0.22511085182978535,0.2721025221291299
SSP585,IFE,Joint analytic covariance,2,IE,2098,0.022628712092056413,-0.055449551194704884,-0.041364616493353025,-0.02312364594612681,0.0033892478384727476,0.040211768238757495,0.09301774775596847,0.177014312872354,0.2364771769153339,0.2900170062696173
SSP585,IFE,Joint analytic covariance,2,IE,2099,0.02286250195930717,-0.056114922138183,-0.04104182565346752,-0.023294719849986146,0.0037251738164510995,0.041179987736086554,0.09563935910717808,0.1856013253875492,0.24840839257015387,0.3044614202385767
SSP585,IFE,Joint analytic covariance,2,IE,2100,0.02308796145356662,-0.05659853853717121,-0.04127064685176439,-0.02308071737722481,0.004628922758021209,0.0422411899679449,0.09867473415936262,0.19155336976485873,0.26204110012302184,0.3243553913363587
