estimator,method,L,draw,M8_2100,M4_2100,IE_2100
AFE,Country resampling,0,1,-0.07078586486554295,-0.13494071570113908,0.06415485083559613
AFE,Country resampling,0,2,-0.4778629724286053,-0.47983979938351784,0.001976826954912525
AFE,Country resampling,0,3,-0.3293210623713769,-0.3323697081281519,0.0030486457567749925
AFE,Country resampling,0,4,-0.4605724872101711,-0.4831827950757911,0.022610307865620016
AFE,Country resampling,0,5,-0.05645614408465316,-0.005694479052203216,-0.05076166503244994
AFE,Country resampling,0,6,0.08017952739980849,0.028722395169625603,0.05145713223018289
AFE,Country resampling,0,7,0.21667798368025992,0.08129287434362964,0.13538510933663028
AFE,Country resampling,0,8,-0.4052441840949246,-0.4586308719391683,0.05338668784424372
AFE,Country resampling,0,9,0.13486414696044258,0.004457902102800171,0.1304062448576424
AFE,Country resampling,0,10,-0.19254563623536325,-0.2452908830676852,0.05274524683232196
AFE,Country resampling,0,11,-0.04281098910474601,-0.19343914011177665,0.15062815100703064
AFE,Country resampling,0,12,-0.45875048894638626,-0.47612735555806507,0.01737686661167881
AFE,Country resampling,0,13,-0.4291677137651253,-0.42763150038445974,-0.0015362133806655631
AFE,Country resampling,0,14,-0.3757864821670187,-0.4171614288935893,0.041374946726570605
AFE,Country resampling,0,15,-0.41391726573371546,-0.4386261200437809,0.02470885431006542
AFE,Country resampling,0,16,-0.28699383187558736,-0.35329517784068964,0.06630134596510229
AFE,Country resampling,0,17,-0.3612760156670304,-0.25318992216533376,-0.10808609350169662
AFE,Country resampling,0,18,-0.11006806495020438,-0.11446097662428312,0.004392911674078737
AFE,Country resampling,0,19,-0.10451643187061233,-0.17530086566299985,0.07078443379238752
AFE,Country resampling,0,20,-0.3696689382417464,-0.46295197885440476,0.09328304061265835
AFE,Country resampling,0,21,-0.26370810001455747,-0.32418845750376746,0.06048035748920999
AFE,Country resampling,0,22,-0.1836826829244721,-0.07310503450562356,-0.11057764841884854
AFE,Country resampling,0,23,0.761467151434247,0.48960520336470026,0.2718619480695468
AFE,Country resampling,0,24,-0.6092753898838787,-0.6422391302782644,0.032963740394385654
AFE,Country resampling,0,25,0.46385037730802314,0.25147934408782846,0.21237103322019468
AFE,Country resampling,0,26,0.0314491948077833,-0.12696705683135523,0.15841625163913853
AFE,Country resampling,0,27,0.07190829750598882,0.01077026225890676,0.061138035247082057
AFE,Country resampling,0,28,-0.6041774712432719,-0.5676380195211068,-0.036539451722165106
AFE,Country resampling,0,29,-0.04603439021568634,-0.022589349725065988,-0.02344504049062035
AFE,Country resampling,0,30,-0.38626428849409833,-0.4481506486663527,0.06188636017225435
AFE,Country resampling,0,31,0.19301902468275478,0.052571699696541296,0.14044732498621348
AFE,Country resampling,0,32,-0.4647734049478728,-0.54030306313536125,0.07552965818748847
AFE,Country resampling,0,33,0.140851472512056,-0.016280409259779915,0.1571318817718359
AFE,Country resampling,0,34,-0.23238957124171522,-0.19324164378825892,-0.0391479274534563
AFE,Country resampling,0,35,0.0230783131398391,-0.08050843946386466,0.10358675260370376
AFE,Country resampling,0,36,0.43372199266603917,0.24244535751973628,0.1912766351463029
AFE,Country resampling,0,37,-0.6590130778647485,-0.6474489043641107,-0.011564173500637764
AFE,Country resampling,0,38,1.1542515706921543,0.7713557069509434,0.382895863741211
AFE,Country resampling,0,39,-0.42814001091967835,-0.429952945831899,0.0018129349122206762
AFE,Country resampling,0,40,-0.4166125174603814,-0.43119857608538503,0.014586058625003617
AFE,Country resampling,0,41,-0.18979727325649653,-0.2730183630282176,0.08322108977172105
AFE,Country resampling,0,42,-0.26074627548786666,-0.25761616347591654,-0.0031301120119501258
AFE,Country resampling,0,43,-0.4439479658782053,-0.4085122778535012,-0.03543568802470409
AFE,Country resampling,0,44,-0.15376310738314947,-0.32671331707402484,0.17295020969087538
AFE,Country resampling,0,45,-0.3534492651215324,-0.3203430096972487,-0.03310625542428369
AFE,Country resampling,0,46,-0.19661298527371474,-0.2501853182568806,0.05357233298316588
AFE,Country resampling,0,47,-0.2800279564905981,-0.3728320650671154,0.09280410857651733
AFE,Country resampling,0,48,-0.32471869144108767,-0.430905250224464,0.10618655878337635
AFE,Country resampling,0,49,-0.16020190195897577,-0.3114621677122258,0.15126026575325002
AFE,Country resampling,0,50,-0.04547460006027837,-0.12375584538666684,0.07828124532638847
AFE,Country resampling,0,51,-0.45864177866575095,-0.5143404808242441,0.05569870215849315
AFE,Country resampling,0,52,-0.33264690443273914,-0.4148300474653793,0.08218314303264018
AFE,Country resampling,0,53,-0.3442775447536591,-0.3874904815419208,0.04321293678826166
AFE,Country resampling,0,54,-0.3763717839286954,-0.48663593153246587,0.11026414760377046
AFE,Country resampling,0,55,-0.4484024497901361,-0.5273965556113138,0.07899410582117772
AFE,Country resampling,0,56,0.01637974494129457,-0.10886210958780296,0.12524185452909753
AFE,Country resampling,0,57,-0.5705278556417419,-0.5748072458107218,0.004279390168979935
AFE,Country resampling,0,58,-0.19857817586842752,-0.2945783996802033,0.09600022381177575
AFE,Country resampling,0,59,-0.11157028381401501,-0.1413691081088091,0.02979882429479408
AFE,Country resampling,0,60,0.23342250661281994,0.13097558953839816,0.10244691707442177
AFE,Country resampling,0,61,-0.11227495275543486,-0.1844929140567757,0.07221796130134084
AFE,Country resampling,0,62,0.6656134570054124,0.44252279248198856,0.22309066452342385
AFE,Country resampling,0,63,-0.596363686614212,-0.6556226009539678,0.05925891433975583
AFE,Country resampling,0,64,0.0354416913104425,-0.060957852642932964,0.09639954395337547
AFE,Country resampling,0,65,-0.17197788240021072,-0.21529358672297216,0.04331570432276144
AFE,Country resampling,0,66,-0.4081954348293513,-0.3741062369799425,-0.03408919784940878
AFE,Country resampling,0,67,-0.5646882040178536,-0.5992628152203625,0.03457461120250893
AFE,Country resampling,0,68,-0.3968489249955328,-0.43320580393320396,0.036356878937671144
AFE,Country resampling,0,69,1.006627633371218,0.7260098817306933,0.2806177516405248
AFE,Country resampling,0,70,-0.285173114443387,-0.33158227711010557,0.04640916266671857
AFE,Country resampling,0,71,0.009714440094418464,-0.10040229757091013,0.11011673766532859
AFE,Country resampling,0,72,-0.2622508762036112,-0.33024528871673486,0.06799441251312366
AFE,Country resampling,0,73,0.43484213940528504,0.2865539738845053,0.14828816552077972
AFE,Country resampling,0,74,-0.2841738414574566,-0.3201359673705124,0.03596212591305581
AFE,Country resampling,0,75,0.5085740739159152,0.29607766601737584,0.2124964078985394
AFE,Country resampling,0,76,0.20679857187411632,0.32339041391048773,-0.11659184203637141
AFE,Country resampling,0,77,0.20909479393103347,0.1021117439753707,0.10698304995566277
AFE,Country resampling,0,78,-0.48460653635851303,-0.5392793122271479,0.05467277586863484
AFE,Country resampling,0,79,0.2502209984138226,0.14760313721890195,0.10261786119492067
AFE,Country resampling,0,80,-0.12296645507173687,-0.13307987615048855,0.010113421078751683
AFE,Country resampling,0,81,0.20664031073962175,0.07089918547400398,0.13574112526561777
AFE,Country resampling,0,82,-0.45840378877598376,-0.43307078657999964,-0.02533300219598411
AFE,Country resampling,0,83,0.17670366843789198,-0.08077489557710993,0.2574785640150019
AFE,Country resampling,0,84,0.20363610901226026,0.10902649038186452,0.09460961863039574
AFE,Country resampling,0,85,-0.2863575206322371,-0.32599165752958514,0.03963413689734807
AFE,Country resampling,0,86,-0.1866646580727167,-0.2459481400340866,0.0592834819613699
AFE,Country resampling,0,87,-0.4089410609438484,-0.3524385250225557,-0.05650253592129273
AFE,Country resampling,0,88,0.24812950333310857,0.10323386146870028,0.1448956418644083
AFE,Country resampling,0,89,0.5472035119002774,0.45779376420281337,0.08940974769746401
AFE,Country resampling,0,90,-0.4833781200000058,-0.5287308506958237,0.04535273069581791
AFE,Country resampling,0,91,-0.15984231432352047,-0.2599753260621195,0.10013301173859901
AFE,Country resampling,0,92,-0.5130953698861929,-0.5733212212054106,0.06022585131921776
AFE,Country resampling,0,93,-0.4008247129203365,-0.4729568215813099,0.07213210866097342
AFE,Country resampling,0,94,0.552348790251963,0.28536389228980674,0.2669848979621563
AFE,Country resampling,0,95,-0.3474288646730831,-0.37527415422508537,0.027845289552002273
AFE,Country resampling,0,96,-0.3125562916017677,-0.36005960827494143,0.04750331667317376
AFE,Country resampling,0,97,-0.49355239107868587,-0.5599540434471368,0.06640165236845097
AFE,Country resampling,0,98,-0.5617320553514307,-0.6010435273852386,0.039311472033807915
AFE,Country resampling,0,99,1.1474217728314255,0.9258809371731846,0.2215408356582409
AFE,Country resampling,0,100,-0.5220757378336363,-0.5878134364298648,0.06573769859622858
AFE,Country resampling,0,101,0.6854416884902692,0.4315463217335205,0.25389536675674873
AFE,Country resampling,0,102,-0.08303724637082643,-0.06792873179806047,-0.015108514572765963
AFE,Country resampling,0,103,-0.13184321963184953,-0.2594828308060635,0.12763961117421396
AFE,Country resampling,0,104,-0.5232254837379384,-0.5366401033477486,0.013414619609810163
AFE,Country resampling,0,105,0.03946392092472695,0.014422242766784832,0.025041678157942115
AFE,Country resampling,0,106,-0.2091554097475068,-0.21835504828543406,0.009199638537927268
AFE,Country resampling,0,107,-0.6626226483387625,-0.6574142574050152,-0.005208390933747253
AFE,Country resampling,0,108,-0.2148963474793275,-0.24809922308323973,0.03320287560391222
AFE,Country resampling,0,109,0.6978796220025323,0.6114043090684049,0.08647531293412736
AFE,Country resampling,0,110,-0.042249454414384324,-0.13761622822516173,0.0953667738107774
AFE,Country resampling,0,111,-0.05678038708948541,-0.09018020835772622,0.033399821268240815
AFE,Country resampling,0,112,0.04133598558773355,-0.05429273803840351,0.09562872362613706
AFE,Country resampling,0,113,-0.48316587135611855,-0.5344126850680873,0.05124681371196871
AFE,Country resampling,0,114,0.5106022305903755,0.22842431352789316,0.2821779170624823
AFE,Country resampling,0,115,-0.5299124793492638,-0.49834000574868564,-0.03157247360057813
AFE,Country resampling,0,116,-0.1491453369089445,-0.24561083168315379,0.09646549477420929
AFE,Country resampling,0,117,0.13728007723332603,0.018698619984302445,0.11858145724902358
AFE,Country resampling,0,118,0.19773814606365225,0.08880658494498417,0.10893156111866809
AFE,Country resampling,0,119,-0.189780160777274,-0.24272213434652656,0.052941973569252565
AFE,Country resampling,0,120,-0.33493301811065335,-0.40580725615517854,0.0708742380445252
AFE,Country resampling,0,121,-0.22721829191418852,-0.34549006538425586,0.11827177347006734
AFE,Country resampling,0,122,0.06085802323754641,-0.0505953124735391,0.11145333571108551
AFE,Country resampling,0,123,-0.23862746385710087,-0.2828052039833172,0.044177740126216336
AFE,Country resampling,0,124,-0.3318631274182825,-0.39015641628525755,0.058293288866975046
AFE,Country resampling,0,125,-0.389264672785296,-0.4121983627589816,0.02293368997368561
AFE,Country resampling,0,126,-0.6418067741639222,-0.672104326098633,0.030297551934710842
AFE,Country resampling,0,127,-0.6061737580550222,-0.6713088386087691,0.06513508055374695
AFE,Country resampling,0,128,0.09212880164716619,-0.08347199204878075,0.17560079369594694
AFE,Country resampling,0,129,-0.6056636256711649,-0.6199144896345814,0.01425086396341646
AFE,Country resampling,0,130,-0.3606755004477601,-0.35929763697776806,-0.0013778634699920245
AFE,Country resampling,0,131,0.5754066555475223,0.5282751981954998,0.04713145735202251
AFE,Country resampling,0,132,-0.36684376420220965,-0.4089177651234176,0.042074000921207944
AFE,Country resampling,0,133,-0.12078374481066356,-0.15443524625001115,0.033651501439347586
AFE,Country resampling,0,134,0.2766043930361204,0.17930188840721106,0.09730250462890933
AFE,Country resampling,0,135,-0.5825981761496649,-0.5655966958524693,-0.017001480297195615
AFE,Country resampling,0,136,0.11534177528359435,0.0012032680935780693,0.11413850719001628
AFE,Country resampling,0,137,-0.3996279718428879,-0.34811988656207105,-0.05150808528081685
AFE,Country resampling,0,138,-0.2880214850375845,-0.3408777243260199,0.052856239288435414
AFE,Country resampling,0,139,-0.010946343369245937,-0.20372379066039437,0.19277744729114843
AFE,Country resampling,0,140,0.01257728009797865,-0.006521174415091813,0.019098454513070462
AFE,Country resampling,0,141,-0.15603862558756176,-0.13493399383447147,-0.021104631753090297
AFE,Country resampling,0,142,0.882195827671052,0.7451512712614055,0.13704455640964652
AFE,Country resampling,0,143,-0.2464991943596221,-0.28927080033065244,0.04277160597103036
AFE,Country resampling,0,144,-0.4899774886833146,-0.4883338901774955,-0.0016435985058190772
AFE,Country resampling,0,145,-0.07664645635105372,-0.183286149650712,0.10663969329965828
AFE,Country resampling,0,146,-0.5197196538453727,-0.5561348923697209,0.03641523852434825
AFE,Country resampling,0,147,-0.5057845531921117,-0.5084328098461859,0.002648256654074199
AFE,Country resampling,0,148,0.12254532112504846,-0.04844756037821607,0.17099288150326453
AFE,Country resampling,0,149,1.6308956241448014,1.6014858510399073,0.02940977310489412
AFE,Country resampling,0,150,0.1288765258923008,0.11501053376452597,0.01386599212777484
AFE,Country resampling,0,151,-0.5445537194140561,-0.592762831580665,0.04820911216660895
AFE,Country resampling,0,152,0.03197005836382649,0.026722926946648684,0.005247131417177808
AFE,Country resampling,0,153,-0.5269542486601493,-0.587555435679441,0.060601187019291736
AFE,Country resampling,0,154,0.18890195249308128,0.06017188157682196,0.12873007091625932
AFE,Country resampling,0,155,-0.41684903172585475,-0.4613162534809553,0.04446722175510054
AFE,Country resampling,0,156,0.6228354932109113,0.39775608710609767,0.22507940610481358
AFE,Country resampling,0,157,-0.4156767740151681,-0.42431653259583535,0.008639758580667234
AFE,Country resampling,0,158,-0.38630617372664966,-0.35103766748308085,-0.03526850624356881
AFE,Country resampling,0,159,0.15256017668944621,-0.04822493183594212,0.20078510852538833
AFE,Country resampling,0,160,-0.4344725995067764,-0.4963108809048252,0.06183828139804881
AFE,Country resampling,0,161,-0.07007536575321327,-0.05519522378671993,-0.014880141966493343
AFE,Country resampling,0,162,-0.3828054621077699,-0.40814013571468954,0.025334673606919655
AFE,Country resampling,0,163,-0.6826378870339226,-0.700805996538671,0.018168109504748453
AFE,Country resampling,0,164,-0.29900917694260165,-0.3274995859553722,0.028490409012770557
AFE,Country resampling,0,165,-0.5358854039645362,-0.6057092633304928,0.06982385936595659
AFE,Country resampling,0,166,0.07042457273542557,0.004821057700640008,0.06560351503478556
AFE,Country resampling,0,167,-0.31177221128740107,-0.3647993645825901,0.05302715329518903
AFE,Country resampling,0,168,-0.16322612400041725,-0.2482639264890103,0.08503780248859305
AFE,Country resampling,0,169,0.025820650704047043,-0.09763485146207862,0.12345550216612566
AFE,Country resampling,0,170,-0.5272119337893648,-0.5388778519300862,0.011665918140721376
AFE,Country resampling,0,171,0.1672229561805323,0.08110597579736933,0.08611698038316296
AFE,Country resampling,0,172,-0.41547474738865664,-0.431671500525291,0.01619675313663438
AFE,Country resampling,0,173,-0.14657341827325487,-0.2138704279142103,0.06729700964095542
AFE,Country resampling,0,174,-0.05189089767205235,-0.05480205684881345,0.0029111591767611023
AFE,Country resampling,0,175,-0.09585492164818177,-0.17718573479309851,0.08133081314491675
AFE,Country resampling,0,176,-0.004427779454726277,-0.06326531793556123,0.05883753848083495
AFE,Country resampling,0,177,-0.5153499521902116,-0.5535361664251643,0.03818621423495272
AFE,Country resampling,0,178,-0.48476726283555227,-0.5483636863705312,0.06359642353497896
AFE,Country resampling,0,179,1.0959516822626618,0.8417627387480571,0.25418894351460475
AFE,Country resampling,0,180,0.16792218596015318,0.0732427253737904,0.09467946058636278
AFE,Country resampling,0,181,0.06271927573403624,-0.021705010951107884,0.08442428668514412
AFE,Country resampling,0,182,-0.060087514800300834,-0.09043913313184015,0.03035161833153932
AFE,Country resampling,0,183,-0.44680484618010563,-0.5175836238756802,0.07077877769557461
AFE,Country resampling,0,184,-0.13943554034151673,-0.13198026582273548,-0.007455274518781252
AFE,Country resampling,0,185,-0.24876035060392243,-0.18372143833887677,-0.06503891226504566
AFE,Country resampling,0,186,-0.5361158567205466,-0.5493119756442091,0.013196118923662459
AFE,Country resampling,0,187,0.24513025769194607,0.0047269844846826725,0.2404032732072634
AFE,Country resampling,0,188,0.5526572749953524,0.5768879555296715,-0.024230680534319093
AFE,Country resampling,0,189,0.6989257908422206,0.5390219086010577,0.15990388224116292
AFE,Country resampling,0,190,-0.6122484940679362,-0.6257751564361416,0.013526662368205322
AFE,Country resampling,0,191,-0.49680782554022473,-0.5118641482894699,0.015056322749245177
AFE,Country resampling,0,192,-0.05870395181323296,-0.15847987901746463,0.09977592720423167
AFE,Country resampling,0,193,0.19459747214801593,0.04858871472196413,0.1460087574260518
AFE,Country resampling,0,194,-0.45281189823648416,-0.5313758581176293,0.07856395988114517
AFE,Country resampling,0,195,0.23118499708964269,0.29365838940527444,-0.06247339231563176
AFE,Country resampling,0,196,-0.2614640367821388,-0.34221925390015806,0.08075521711801925
AFE,Country resampling,0,197,-0.3373268397799839,-0.4166242985457148,0.07929745876573091
AFE,Country resampling,0,198,-0.2034396966623926,-0.2870908248444475,0.08365112818205489
AFE,Country resampling,0,199,0.21157857712768546,0.09153785014093496,0.1200407269867505
AFE,Country resampling,0,200,-0.13940336887841942,-0.2824619386742936,0.14305856979587417
AFE,Country resampling,0,201,-0.34567335625823414,-0.465981405175692,0.12030804891745783
AFE,Country resampling,0,202,0.11707018996655649,-0.07392296013979338,0.19099315010634987
AFE,Country resampling,0,203,-0.14601675597396435,-0.15373230735974097,0.00771555138577662
AFE,Country resampling,0,204,-0.3654477614374264,-0.3557196294461282,-0.009728131991298183
AFE,Country resampling,0,205,-0.06383515767875625,-0.1485331517913966,0.08469799411264034
AFE,Country resampling,0,206,-0.6871276816007537,-0.8031687107905608,0.11604102918980719
AFE,Country resampling,0,207,-0.11963181211538876,-0.16128597429256852,0.041654162177179765
AFE,Country resampling,0,208,-0.2832506300785925,-0.410270412014731,0.1270197819361385
AFE,Country resampling,0,209,0.05968498869048755,-0.010814235767801827,0.07049922445828938
AFE,Country resampling,0,210,-0.699930595706129,-0.7151419053582003,0.015211309652071292
AFE,Country resampling,0,211,-0.6757217251806127,-0.6810846666573285,0.005362941476715788
AFE,Country resampling,0,212,-0.2343346351262967,-0.28620234162385383,0.05186770649755712
AFE,Country resampling,0,213,-0.4460759844211196,-0.4933704942290723,0.04729450980795269
AFE,Country resampling,0,214,-0.22234463308680008,-0.208603733095453,-0.013740899991347089
AFE,Country resampling,0,215,-0.2253484739752929,-0.2724108380321294,0.0470623640568365
AFE,Country resampling,0,216,-0.3025453050066974,-0.38520540148272076,0.08266009647602335
AFE,Country resampling,0,217,-0.045930136550009326,-0.16883330192959578,0.12290316537958645
AFE,Country resampling,0,218,0.19092008694535623,0.017300048792464384,0.17362003815289184
AFE,Country resampling,0,219,-0.47272714758576906,-0.5405207172180247,0.06779356963225569
AFE,Country resampling,0,220,-0.5606582408673495,-0.5901534931300175,0.029495252262668026
AFE,Country resampling,0,221,-0.6567900042591659,-0.6860409835400925,0.02925097928092657
AFE,Country resampling,0,222,0.1892783911580942,0.20756803077414143,-0.018289639616047237
AFE,Country resampling,0,223,-0.010417453266246879,-0.08868330036590877,0.07826584709966189
AFE,Country resampling,0,224,-0.2801539267199247,-0.30830391109512933,0.028149984375204662
AFE,Country resampling,0,225,0.3339777129090622,0.22451550911432627,0.10946220379473592
AFE,Country resampling,0,226,0.4935321629423648,0.33929992964177047,0.15423223330059432
AFE,Country resampling,0,227,0.2654045276996273,0.11191529371089715,0.15348923398873016
AFE,Country resampling,0,228,-0.12343702425783687,-0.10881899792852967,-0.014618026329307199
AFE,Country resampling,0,229,-0.1899089413817966,-0.28079477502165506,0.09088583363985847
AFE,Country resampling,0,230,-0.3953875192561387,-0.450365678635292,0.05497815937915329
AFE,Country resampling,0,231,0.5760845740239948,0.3396079835741792,0.23647659044981562
AFE,Country resampling,0,232,-0.18446672933883523,-0.28488900343144485,0.10042227409260962
AFE,Country resampling,0,233,-0.3693042024780899,-0.41518294321869464,0.04587874074060472
AFE,Country resampling,0,234,-0.13024667393966216,-0.2687301299629731,0.1384834560233109
AFE,Country resampling,0,235,-0.18753061349770583,-0.3075124047857022,0.11998179128799635
AFE,Country resampling,0,236,-0.5949503769176933,-0.635005100006425,0.0400547230887317
AFE,Country resampling,0,237,-0.4863675604332385,-0.5483438247770849,0.0619762643438464
AFE,Country resampling,0,238,-0.3955553204799397,-0.4353231091031876,0.039767788623247924
AFE,Country resampling,0,239,-0.5135596562605069,-0.5840044980770261,0.07044484181651922
AFE,Country resampling,0,240,0.7442502015419241,0.611584526112249,0.1326656754296751
AFE,Country resampling,0,241,1.2564998547510062,0.9780257085354098,0.2784741462155964
AFE,Country resampling,0,242,-0.09390789656310905,-0.06702031290685007,-0.026887583656258984
AFE,Country resampling,0,243,-0.6140912764172568,-0.6515392911709892,0.037448014753732384
AFE,Country resampling,0,244,0.002508361782456614,-0.11877784020143889,0.1212862019838955
AFE,Country resampling,0,245,0.01088310343526655,-0.08944265445839084,0.10032575789365739
AFE,Country resampling,0,246,0.07389373763211915,-0.09698402207840617,0.17087775971052532
AFE,Country resampling,0,247,-0.3060414687838924,-0.4141980406243547,0.10815657184046235
AFE,Country resampling,0,248,-0.6949898012419169,-0.6837432362561735,-0.01124656498574339
AFE,Country resampling,0,249,-0.23327354268471523,-0.27356333272505107,0.04028979004033584
AFE,Country resampling,0,250,-0.28004066573000164,-0.38884051117320706,0.10879984544320542
AFE,Country resampling,0,251,-0.3499192497194511,-0.4451388679426056,0.0952196182231545
AFE,Country resampling,0,252,-0.40888537233100664,-0.48506089548010023,0.0761755231490936
AFE,Country resampling,0,253,0.033181186349447556,-0.08824750927768543,0.12142869562713299
AFE,Country resampling,0,254,-0.1084374518512432,-0.2119104003664679,0.1034729485152247
AFE,Country resampling,0,255,0.3364402107278246,0.3105065604792465,0.025933650248578077
AFE,Country resampling,0,256,-0.40476100209292376,-0.46073424945618235,0.055973247363258594
AFE,Country resampling,0,257,-0.01786949973409746,-0.10039149193326713,0.08252199219916967
AFE,Country resampling,0,258,-0.535756199240033,-0.5769613879419249,0.041205188701891826
AFE,Country resampling,0,259,-0.12823430231016852,-0.16873304777055387,0.040498745460385344
AFE,Country resampling,0,260,-0.5764064207855919,-0.6212559427562114,0.04484952197061953
AFE,Country resampling,0,261,-0.05209436976179127,-0.13799968138270213,0.08590531162091086
AFE,Country resampling,0,262,0.03827602700949351,-0.018736037365501113,0.05701206437499462
AFE,Country resampling,0,263,-0.2468359539941597,-0.29402857201385313,0.04719261801969343
AFE,Country resampling,0,264,-0.2187860157607895,-0.2927491525214254,0.07396313676063593
AFE,Country resampling,0,265,-0.5978311297510703,-0.6135209836322274,0.015689853881157068
AFE,Country resampling,0,266,-0.17003657898139624,-0.2741952422232261,0.10415866324182987
AFE,Country resampling,0,267,0.013347833219998106,-0.003471726675597697,0.016819559895595804
AFE,Country resampling,0,268,-0.44308142915747295,-0.505557450222357,0.062476021064884035
AFE,Country resampling,0,269,0.0677793899089143,-0.015314983463849963,0.08309437337276426
AFE,Country resampling,0,270,-0.5102469083249728,-0.5974075527968511,0.08716064447187832
AFE,Country resampling,0,271,-0.2551801116712845,-0.23296574036111017,-0.02221437131017434
AFE,Country resampling,0,272,0.13104563888264908,-0.1067231118730354,0.2377687507556845
AFE,Country resampling,0,273,0.07761565643758717,-0.0189407507579068,0.09655640719549397
AFE,Country resampling,0,274,-0.2492739450164303,-0.3976663031339748,0.14839235811754448
AFE,Country resampling,0,275,0.9028403042358468,0.8453418957686629,0.057498408467183904
AFE,Country resampling,0,276,-0.2842981076686131,-0.31553344082830703,0.031235333159693957
AFE,Country resampling,0,277,-0.24987357466124727,-0.27613193791932467,0.0262583632580774
AFE,Country resampling,0,278,-0.37804126268594396,-0.4029844474198486,0.024943184733904666
AFE,Country resampling,0,279,-0.35414469363221845,-0.3334193130152071,-0.020725380617011346
AFE,Country resampling,0,280,0.05481218771038887,0.00337112743665835,0.05144106027373052
AFE,Country resampling,0,281,0.1913233165033139,0.1546321628869931,0.036691153616320804
AFE,Country resampling,0,282,-0.45622337590209205,-0.490499934549107,0.034276558647014954
AFE,Country resampling,0,283,-0.32407337085161314,-0.3939323670433498,0.06985899619173663
AFE,Country resampling,0,284,-0.20536511881081487,-0.32170766262720074,0.11634254381638587
AFE,Country resampling,0,285,-0.47432164442653746,-0.5167136527216082,0.04239200829507073
AFE,Country resampling,0,286,-0.13497328054109625,-0.2855717003234187,0.15059841978232247
AFE,Country resampling,0,287,-0.3207569389595749,-0.3762096727406179,0.055452733781042984
AFE,Country resampling,0,288,0.0021441721546595627,-0.10514349608502493,0.1072876682396845
AFE,Country resampling,0,289,-0.17962339256687287,-0.2866144847534383,0.10699109218656544
AFE,Country resampling,0,290,0.011253245003438161,-0.052147936134064654,0.06340118113750282
AFE,Country resampling,0,291,-0.5055918965465551,-0.5339612993910648,0.028369402844509728
AFE,Country resampling,0,292,-0.6246035473903975,-0.6367390165152007,0.012135469124803233
AFE,Country resampling,0,293,0.06317632125608097,0.006660088936757846,0.05651623231932312
AFE,Country resampling,0,294,-0.38377665357631985,-0.3749160511785987,-0.008860602397721129
AFE,Country resampling,0,295,-0.3218620330320423,-0.33580439942266427,0.013942366390621963
AFE,Country resampling,0,296,-0.0804041056758622,-0.18144194718301132,0.10103784150714912
AFE,Country resampling,0,297,0.6038458386064918,0.2560063946760873,0.34783944393040445
AFE,Country resampling,0,298,-0.3636356187072972,-0.4129928964894869,0.04935727778218968
AFE,Country resampling,0,299,-0.07204560634133328,-0.1407817146065391,0.06873610826520582
AFE,Country resampling,0,300,-0.2565626126901789,-0.31452913641095037,0.05796652372077149
AFE,Country resampling,0,301,-0.26460472869277196,-0.4273483023542569,0.16274357366148495
AFE,Country resampling,0,302,0.0675687161042684,0.03667999147597523,0.030888724628293174
AFE,Country resampling,0,303,-0.5016782128492846,-0.5780706514652849,0.07639243861600031
AFE,Country resampling,0,304,-0.1491672935485231,-0.2290266217214686,0.0798593281729455
AFE,Country resampling,0,305,-0.17310207445314418,-0.23943458456415978,0.0663325101110156
AFE,Country resampling,0,306,-0.3680189443640016,-0.3068759026984539,-0.06114304166554774
AFE,Country resampling,0,307,-0.41638035288227093,-0.4482553680002178,0.03187501511794688
AFE,Country resampling,0,308,-0.16865862107806662,-0.30360355672700134,0.13494493564893473
AFE,Country resampling,0,309,-0.5348771280198978,-0.5533234307593116,0.018446302739413722
AFE,Country resampling,0,310,-0.13626975329876456,-0.2311926727864121,0.09492291948764753
AFE,Country resampling,0,311,1.026780972035359,0.8600433076307958,0.16673766440456306
AFE,Country resampling,0,312,-0.04167368713819408,-0.23548035007535495,0.19380666293716087
AFE,Country resampling,0,313,-0.4665497592647113,-0.5610152013345019,0.09446544206979057
AFE,Country resampling,0,314,-0.053945480217567066,-0.0911626319581722,0.03721715174060514
AFE,Country resampling,0,315,-0.3955867536026504,-0.4524394295019011,0.05685267589925069
AFE,Country resampling,0,316,0.42406934113696626,0.5681791095961037,-0.14410976845913748
AFE,Country resampling,0,317,-0.3813602365238855,-0.4146128128007929,0.033252576276907364
AFE,Country resampling,0,318,-0.2494964960563515,-0.3145550019615706,0.06505850590521911
AFE,Country resampling,0,319,-0.43818088254786336,-0.48338323268876726,0.0452023501409039
AFE,Country resampling,0,320,0.551834481260985,0.367746899127833,0.18408758213315202
AFE,Country resampling,0,321,-0.21476286611544304,-0.2103581441555371,-0.004404721959905933
AFE,Country resampling,0,322,-0.36582013675555614,-0.41853423608816487,0.05271409933260873
AFE,Country resampling,0,323,-0.3683787847183505,-0.36985684343673353,0.001478058718383024
AFE,Country resampling,0,324,0.4360079432607151,0.247139787828617,0.18886815543209812
AFE,Country resampling,0,325,-0.20581536313896065,-0.3294525925101549,0.12363722937119426
AFE,Country resampling,0,326,-0.32231609995526367,-0.400785148198746,0.07846904824348233
AFE,Country resampling,0,327,-0.5598347831222051,-0.576614751373196,0.016779968250990818
AFE,Country resampling,0,328,-0.4670264851841569,-0.5059045700653124,0.03887808488115552
AFE,Country resampling,0,329,-0.7727438268818868,-0.7975811817726981,0.024837354890811292
AFE,Country resampling,0,330,-0.26642300426320487,-0.26866122919063973,0.002238224927434862
AFE,Country resampling,0,331,-0.15938937152611354,-0.14359779897209812,-0.01579157255401542
AFE,Country resampling,0,332,-0.5519568060741453,-0.5742751112942501,0.022318305220104806
AFE,Country resampling,0,333,0.5571196272262255,0.47275732392665004,0.0843623032995755
AFE,Country resampling,0,334,-0.27735474784492087,-0.33394221526546763,0.056587467420546766
AFE,Country resampling,0,335,-0.230570632083145,-0.2609973642676686,0.03042673218452363
AFE,Country resampling,0,336,-0.11180397849646018,-0.06608337515781448,-0.04572060333864569
AFE,Country resampling,0,337,-0.18649058297435028,-0.2922179766728674,0.10572739369851714
AFE,Country resampling,0,338,-0.09189343679389261,-0.21329902638568787,0.12140558959179526
AFE,Country resampling,0,339,0.9928744186439113,0.713460928016209,0.2794134906277024
AFE,Country resampling,0,340,-0.10913141847200991,-0.12322606804701286,0.014094649575002949
AFE,Country resampling,0,341,-0.335046828024092,-0.3283424292183059,-0.006704398805786105
AFE,Country resampling,0,342,-0.5943867921467079,-0.6017771806827568,0.0073903885360488974
AFE,Country resampling,0,343,-0.41881192309952187,-0.44555096658822335,0.026739043488701486
AFE,Country resampling,0,344,-0.1347122265765074,-0.25990821476399173,0.12519598818748434
AFE,Country resampling,0,345,-0.06846568370897388,-0.23439549929116044,0.16592981558218656
AFE,Country resampling,0,346,-0.1403028734185069,-0.16959519115021626,0.029292317731709372
AFE,Country resampling,0,347,0.34769953781854523,0.2109795603541218,0.13671997746442344
AFE,Country resampling,0,348,-0.45158650506411846,-0.5019423796780489,0.05035587461393043
AFE,Country resampling,0,349,-0.16111662591363718,-0.23201075257731707,0.07089412666367989
AFE,Country resampling,0,350,-0.5546899307669666,-0.6122719665485795,0.05758203578161292
AFE,Country resampling,0,351,-0.40599966186878067,-0.4883902446653874,0.08239058279660672
AFE,Country resampling,0,352,-0.37965688731104774,-0.41266736686180405,0.03301047955075631
AFE,Country resampling,0,353,-0.08626061489879666,-0.17544198924244914,0.08918137434365248
AFE,Country resampling,0,354,0.21357678786064804,0.07283052475581897,0.14074626310482907
AFE,Country resampling,0,355,-0.5307618230892452,-0.5175151992658504,-0.01324662382339481
AFE,Country resampling,0,356,-0.2966041153896126,-0.35090779532463945,0.05430367993502683
AFE,Country resampling,0,357,-0.28265496093882925,-0.31134496704924153,0.02869000611041228
AFE,Country resampling,0,358,-0.018175674438684286,-0.14992660508762556,0.13175093064894128
AFE,Country resampling,0,359,-0.4471458409121726,-0.4814011778301952,0.03425533691802263
AFE,Country resampling,0,360,-0.1899366645328393,-0.20754796639293083,0.01761130186009152
AFE,Country resampling,0,361,-0.31601158050427924,-0.35735408139917235,0.04134250089489311
AFE,Country resampling,0,362,-0.3662723274933617,-0.41494823514985546,0.048675907656493766
AFE,Country resampling,0,363,-0.48943686733754266,-0.47608790981013993,-0.013348957527402727
AFE,Country resampling,0,364,-0.20761045150403334,-0.23588672984549086,0.028276278341457517
AFE,Country resampling,0,365,-0.2841788693349321,-0.36491149513414844,0.08073262579921636
AFE,Country resampling,0,366,-0.037424518925017414,-0.22916473597093634,0.19174021704591893
AFE,Country resampling,0,367,-0.09618705038271014,-0.12400223961542423,0.027815189232714088
AFE,Country resampling,0,368,0.25385743938388106,0.10652995450645797,0.1473274848774231
AFE,Country resampling,0,369,-0.4743324740803656,-0.570534458974713,0.09620198489434739
AFE,Country resampling,0,370,-0.5644157035541284,-0.5434970180210443,-0.02091868553308407
AFE,Country resampling,0,371,0.03298330624361667,0.036297721430254004,-0.0033144151866373317
AFE,Country resampling,0,372,-0.520112764516923,-0.562157333294993,0.042044568778069946
AFE,Country resampling,0,373,0.44876211527428134,0.3935275738642381,0.05523454141004325
AFE,Country resampling,0,374,-0.5052191799279543,-0.5154743639367402,0.01025518400878589
AFE,Country resampling,0,375,-0.14145667550761576,-0.11349972467233838,-0.027956950835277383
AFE,Country resampling,0,376,-0.2856220702575133,-0.26827977756650345,-0.017342292691009842
AFE,Country resampling,0,377,-0.28420875890624,-0.300826430381531,0.01661767147529103
AFE,Country resampling,0,378,-0.21882215355761714,-0.34490863163617,0.1260864780785529
AFE,Country resampling,0,379,-0.1282832966132994,-0.2102360721741342,0.0819527755608348
AFE,Country resampling,0,380,-0.22613592453012743,-0.2528453194643495,0.026709394934222086
AFE,Country resampling,0,381,0.7634662461271611,0.45536625109089646,0.3080999950362646
AFE,Country resampling,0,382,0.311406424353476,0.28682570527637274,0.02458071907710324
AFE,Country resampling,0,383,0.013461316659723277,-0.17877833103044016,0.19223964769016344
AFE,Country resampling,0,384,-0.3990004426900091,-0.5161909288588491,0.11719048616883998
AFE,Country resampling,0,385,-0.3903561467814527,-0.41725717828681763,0.026901031505364936
AFE,Country resampling,0,386,-0.07128643514247601,-0.09371642905185629,0.022429993909380275
AFE,Country resampling,0,387,-0.3254751020956529,-0.3625239016896855,0.03704879959403262
AFE,Country resampling,0,388,-0.32294548634174736,-0.4019897857789333,0.07904429943718594
AFE,Country resampling,0,389,-0.6198137380537321,-0.6650359015554359,0.04522216350170383
AFE,Country resampling,0,390,-0.4391467181101113,-0.43963685768509153,4.901395749802306e-4
AFE,Country resampling,0,391,-0.5614477824289421,-0.632323789584857,0.07087600715591491
AFE,Country resampling,0,392,0.5448459060586544,0.42867906263639943,0.11616684342225492
AFE,Country resampling,0,393,-0.4575985693458269,-0.500395504554257,0.04279693520843009
AFE,Country resampling,0,394,-0.5799247707410891,-0.5984758475212351,0.018551076780146003
AFE,Country resampling,0,395,-0.35204699840143594,-0.3430613066840348,-0.008985691717401156
AFE,Country resampling,0,396,0.9370997561102128,0.7593634034410306,0.1777363526691822
AFE,Country resampling,0,397,-0.11413340971256258,-0.1570568518781017,0.042923442165539116
AFE,Country resampling,0,398,-0.2670642109930045,-0.18372698425094436,-0.08333722674206012
AFE,Country resampling,0,399,-0.11916615130680419,-0.22214675028056607,0.10298059897376188
AFE,Country resampling,0,400,-0.4768895721884072,-0.5123264410017763,0.03543686881336905
AFE,Country resampling,0,401,-0.17503727555750104,-0.3059887316258534,0.13095145606835235
AFE,Country resampling,0,402,-0.598299006254226,-0.6178533357264565,0.01955432947223046
AFE,Country resampling,0,403,0.4220390644200709,0.32836372165391636,0.09367534276615452
AFE,Country resampling,0,404,-0.17956846308130203,-0.1841247387197521,0.004556275638450069
AFE,Country resampling,0,405,-0.1270603813468173,-0.17880613527909095,0.05174575393227365
AFE,Country resampling,0,406,-0.07814056146009385,-0.21356300787298643,0.13542244641289258
AFE,Country resampling,0,407,-0.3214500867250084,-0.3024803415998041,-0.01896974512520433
AFE,Country resampling,0,408,-0.6409503788605069,-0.6253064520760677,-0.015643926784439155
AFE,Country resampling,0,409,-0.30014642655774915,-0.3338125035201055,0.03366607696235635
AFE,Country resampling,0,410,-0.40802026024372684,-0.4560683058244305,0.048048045580703636
AFE,Country resampling,0,411,-0.48135263972910325,-0.5582673277641452,0.07691468803504198
AFE,Country resampling,0,412,-0.21587479764425033,-0.2537064310527898,0.037831633408539456
AFE,Country resampling,0,413,0.2001071207998424,0.1901247942784383,0.009982326521404072
AFE,Country resampling,0,414,0.2657946896804746,0.05048802429654198,0.21530666538393262
AFE,Country resampling,0,415,-0.09483389850351676,-0.11789088474409137,0.023056986240574617
AFE,Country resampling,0,416,-0.18580643209562742,-0.250306273296069,0.06449984120044161
AFE,Country resampling,0,417,-0.41531709499861325,-0.48444021357202083,0.06912311857340758
AFE,Country resampling,0,418,-0.15448093644054017,-0.11745700280439986,-0.037023933636140316
AFE,Country resampling,0,419,-0.4794793178249437,-0.5278106494821,0.04833133165715631
AFE,Country resampling,0,420,-0.5384639824909976,-0.5478039234179796,0.009339940926981982
AFE,Country resampling,0,421,-0.32293593999285974,-0.39805373478767303,0.07511779479481329
AFE,Country resampling,0,422,-0.10068029463916839,-0.17718124698124704,0.07650095234207865
AFE,Country resampling,0,423,-0.4326761456337145,-0.42211431407946753,-0.010561831554246948
AFE,Country resampling,0,424,0.026229316484404075,-0.12593167736560862,0.1521609938500127
AFE,Country resampling,0,425,-0.10524883432784427,-0.16986123334396774,0.06461239901612348
AFE,Country resampling,0,426,-0.34918094651565224,-0.40173515703750506,0.05255421052185283
AFE,Country resampling,0,427,-0.5926731906057312,-0.6752367246022042,0.08256353399647298
AFE,Country resampling,0,428,-0.49190027275657666,-0.48751627144285525,-0.0043840013137214084
AFE,Country resampling,0,429,-0.3014967000149744,-0.2653575527871056,-0.03613914722786882
AFE,Country resampling,0,430,-0.1162425986899519,-0.14694150085667013,0.030698902166718223
AFE,Country resampling,0,431,-0.4438590794124254,-0.34983694747866045,-0.09402213193376496
AFE,Country resampling,0,432,0.4305025851239672,0.4261253240598013,0.004377261064165916
AFE,Country resampling,0,433,0.7844471360412077,0.5167972623517352,0.2676498736894726
AFE,Country resampling,0,434,-0.5243890664757639,-0.5388903107809613,0.014501244305197392
AFE,Country resampling,0,435,0.22066424429143616,0.13273754443378283,0.08792669985765333
AFE,Country resampling,0,436,-0.45709462935855827,-0.5353827859341276,0.07828815657556931
AFE,Country resampling,0,437,-0.1645432528105355,-0.2106079339639081,0.04606468115337259
AFE,Country resampling,0,438,-0.3148949112771787,-0.3001667808330696,-0.014728130444109144
AFE,Country resampling,0,439,-0.2642693551780222,-0.3299666402952869,0.06569728511726469
AFE,Country resampling,0,440,-0.13324880421798935,-0.24298136717214047,0.10973256295415112
AFE,Country resampling,0,441,0.019290017342209254,-0.1907275511868889,0.21001756852909814
AFE,Country resampling,0,442,-0.5843799098077138,-0.6123018811808005,0.027921971373086718
AFE,Country resampling,0,443,-0.1888653768818076,-0.26370431541954165,0.07483893853773405
AFE,Country resampling,0,444,0.1345393351171833,-0.010354528982687072,0.14489386409987037
AFE,Country resampling,0,445,-0.38239361024369456,-0.4933863297292821,0.11099271948558753
AFE,Country resampling,0,446,-0.6216703565797892,-0.624475718509097,0.0028053619293078036
AFE,Country resampling,0,447,0.4512029132143418,0.44181146954827066,0.009391443666071142
AFE,Country resampling,0,448,-0.6319291127545452,-0.649647947369405,0.01771883461485979
AFE,Country resampling,0,449,-0.13676314187347482,-0.13021823225480145,-0.006544909618673378
AFE,Country resampling,0,450,0.27869476200468957,0.15831968482037628,0.12037507718431328
AFE,Country resampling,0,451,-0.38455316617914126,-0.3749292223703744,-0.009623943808766855
AFE,Country resampling,0,452,-0.24560350862347635,-0.3629356761765905,0.11733216755311415
AFE,Country resampling,0,453,0.2536659716676952,0.31067283333592255,-0.05700686166822733
AFE,Country resampling,0,454,-0.37043590872133914,-0.4327817736893642,0.06234586496802508
AFE,Country resampling,0,455,-0.1706216280757732,-0.22754004836971176,0.056918420293938565
AFE,Country resampling,0,456,-0.501429781039775,-0.5689066806035897,0.06747689956381475
AFE,Country resampling,0,457,-0.5968151137612197,-0.5994955396194737,0.0026804258582540097
AFE,Country resampling,0,458,0.1434236192712015,-0.04610489738660928,0.18952851665781079
AFE,Country resampling,0,459,0.4115315225934524,0.30237723809470896,0.10915428449874343
AFE,Country resampling,0,460,-0.5415970394829042,-0.5785937553499311,0.03699671586702691
AFE,Country resampling,0,461,-0.4495013225465041,-0.5977617443888223,0.14826042184231825
AFE,Country resampling,0,462,-0.08732320559830453,-0.01330580938572501,-0.07401739621257952
AFE,Country resampling,0,463,0.5791136070092311,0.3885507869046003,0.19056282010463077
AFE,Country resampling,0,464,-0.026142768854837573,-0.09456106188266511,0.06841829302782754
AFE,Country resampling,0,465,-0.5200475967843403,-0.5418173112736142,0.021769714489273895
AFE,Country resampling,0,466,-0.27608758413215784,-0.23930901780411606,-0.03677856632804177
AFE,Country resampling,0,467,-0.39786795014239396,-0.43393494102017327,0.036066990877779315
AFE,Country resampling,0,468,-0.25759154448169297,-0.30217297592412995,0.04458143144243698
AFE,Country resampling,0,469,-0.10977951522167106,-0.2516397370421316,0.14186022182046054
AFE,Country resampling,0,470,-0.06274787427533024,-0.11971952285333731,0.05697164857800707
AFE,Country resampling,0,471,-0.3728105062408097,-0.4234143701647992,0.05060386392398952
AFE,Country resampling,0,472,-0.5188034846488134,-0.5685927129121475,0.049789228263334095
AFE,Country resampling,0,473,-0.2292515132020364,-0.2940731282035868,0.06482161500155037
AFE,Country resampling,0,474,-0.3004331439860032,-0.3557217385866477,0.0552885946006445
AFE,Country resampling,0,475,0.07578291169474483,-0.0062854511434670135,0.08206836283821184
AFE,Country resampling,0,476,-0.630420705044785,-0.6656539204292033,0.03523321538441837
AFE,Country resampling,0,477,-0.1460686509280963,-0.237987016447329,0.09191836551923271
AFE,Country resampling,0,478,-0.06282844990881364,-0.14974591539870508,0.08691746548989143
AFE,Country resampling,0,479,-0.24607047382286562,-0.26178303762302013,0.01571256380015451
AFE,Country resampling,0,480,-0.1749560703135039,-0.25878757689420107,0.08383150658069716
AFE,Country resampling,0,481,0.33818011012216864,0.32235582568926846,0.015824284432900182
AFE,Country resampling,0,482,-0.2632669147674742,-0.34386963670823156,0.08060272194075735
AFE,Country resampling,0,483,-0.4431590340007311,-0.5107051752737437,0.06754614127301262
AFE,Country resampling,0,484,-0.20522869735324978,-0.3712528795506099,0.16602418219736015
AFE,Country resampling,0,485,-0.6185371156974022,-0.6590124290996957,0.04047531340229349
AFE,Country resampling,0,486,-0.13203906242336028,-0.21130719725510128,0.079268134831741
AFE,Country resampling,0,487,-0.14988952924382803,-0.21196343937065476,0.062073910126826726
AFE,Country resampling,0,488,0.04141550295642071,-0.025820672281338664,0.06723617523775938
AFE,Country resampling,0,489,-0.30837794738035995,-0.4200585824045846,0.11168063502422465
AFE,Country resampling,0,490,-0.26077215074573545,-0.28335866622893835,0.022586515483202896
AFE,Country resampling,0,491,-0.052996102936489264,-0.06830758631679679,0.015311483380307522
AFE,Country resampling,0,492,-0.034319601609130834,-0.13992650147808672,0.10560689986895588
AFE,Country resampling,0,493,-0.4669385058242219,-0.5001855554420065,0.033247049617784574
AFE,Country resampling,0,494,-0.3722389549695446,-0.4975058058899221,0.12526685092037748
AFE,Country resampling,0,495,-0.5049776128856274,-0.5890887029402105,0.08411109005458317
AFE,Country resampling,0,496,-0.6656872373086702,-0.7046474323333338,0.038960195024663635
AFE,Country resampling,0,497,-0.3871882172032798,-0.44954811557328744,0.06235989837000766
AFE,Country resampling,0,498,-0.4307640899108237,-0.4211138680620736,-0.009650221848750085
AFE,Country resampling,0,499,-0.678474992561908,-0.7066553113695406,0.02818031880763261
AFE,Country resampling,0,500,-0.10540339606744087,-0.19888097433061847,0.0934775782631776
AFE,Country resampling,0,501,-0.2053309120623209,-0.2642879272525904,0.058957015190269524
AFE,Country resampling,0,502,-0.4424862555103596,-0.46864659757005,0.026160342059690422
AFE,Country resampling,0,503,0.21745731222413323,0.022604079116590015,0.1948532331075432
AFE,Country resampling,0,504,-0.03930625262597809,-0.1746024257690052,0.1352961731430271
AFE,Country resampling,0,505,-0.14317686669994256,-0.2517003750712068,0.10852350837126423
AFE,Country resampling,0,506,-0.5738839949757248,-0.6167214356842984,0.04283744070857354
AFE,Country resampling,0,507,-0.3033510596996638,-0.38375072646814967,0.08039966676848587
AFE,Country resampling,0,508,-0.525222338646776,-0.587362819845846,0.06214048119907001
AFE,Country resampling,0,509,0.0035539409533462685,-0.07517442457518186,0.07872836552852813
AFE,Country resampling,0,510,-0.2902582675875468,-0.37175408289657563,0.08149581530902883
AFE,Country resampling,0,511,-0.3045867737706698,-0.32950105236631666,0.024914278595646877
AFE,Country resampling,0,512,0.18944660375709566,0.06320267449023698,0.12624392926685868
AFE,Country resampling,0,513,-0.48650745499749226,-0.5228401460963721,0.03633269109887982
AFE,Country resampling,0,514,-0.1366752697100646,-0.2619822048299314,0.1253069351198668
AFE,Country resampling,0,515,-0.5568281964529065,-0.536441294591779,-0.02038690186112746
AFE,Country resampling,0,516,-0.5168501905467179,-0.5185596360103696,0.0017094454636517042
AFE,Country resampling,0,517,-0.014001138168487137,-0.03985888672745741,0.025857748558970273
AFE,Country resampling,0,518,-0.05982840847512794,-0.18128110715285306,0.12145269867772512
AFE,Country resampling,0,519,0.04223748482968159,-0.074853488934149,0.1170909737638306
AFE,Country resampling,0,520,-0.13836704075658313,-0.24663316556328008,0.10826612480669695
AFE,Country resampling,0,521,-0.48598104049126833,-0.5818809283020328,0.09589988781076442
AFE,Country resampling,0,522,-0.28454498781476967,-0.38965294512799886,0.1051079573132292
AFE,Country resampling,0,523,-0.06146755315752028,-0.27502025341150516,0.21355270025398487
AFE,Country resampling,0,524,-0.29422816529064155,-0.2338457806212938,-0.060382384669347755
AFE,Country resampling,0,525,-0.4231267818706369,-0.46793620802225355,0.04480942615161665
AFE,Country resampling,0,526,-0.4417717976752188,-0.48167550239371626,0.03990370471849747
AFE,Country resampling,0,527,0.0692784033781555,-0.010439487163614869,0.07971789054177036
AFE,Country resampling,0,528,0.08162333538816391,-0.10740744541207492,0.18903078080023883
AFE,Country resampling,0,529,-0.10945877173267393,-0.2803959528547,0.17093718112202605
AFE,Country resampling,0,530,-0.40890460033176323,-0.5515180112763329,0.1426134109445697
AFE,Country resampling,0,531,0.270952946115522,0.07403921257526114,0.19691373354026087
AFE,Country resampling,0,532,0.014085739259319219,-0.1747665525269162,0.18885229178623542
AFE,Country resampling,0,533,0.3742696104470131,0.271986150604858,0.10228345984215514
AFE,Country resampling,0,534,-0.38389468905725954,-0.44194730338061994,0.058052614323360396
AFE,Country resampling,0,535,0.0608401270059995,0.017865802467918135,0.042974324538081365
AFE,Country resampling,0,536,0.6853177948375897,0.47296899286080163,0.21234880197678807
AFE,Country resampling,0,537,0.2394051470397931,0.09752623224620738,0.14187891479358572
AFE,Country resampling,0,538,0.005555093517043863,-0.0454278965043059,0.05098299002134976
AFE,Country resampling,0,539,0.5295504781006315,0.3639964586073501,0.1655540194932814
AFE,Country resampling,0,540,2.0100306511120327,1.6831518292368588,0.3268788218751739
AFE,Country resampling,0,541,-0.0031678562895660622,-0.0565074022419757,0.05333954595240964
AFE,Country resampling,0,542,-0.06206128726339577,-0.20413427170184517,0.1420729844384494
AFE,Country resampling,0,543,-0.5143930487125613,-0.5331931773855243,0.01880012867296299
AFE,Country resampling,0,544,-0.6141892601376936,-0.6824527882649873,0.06826352812729375
AFE,Country resampling,0,545,0.5123986250945136,0.31990724512764257,0.19249137996687105
AFE,Country resampling,0,546,-0.26127280252762564,-0.3921299261459298,0.13085712361830415
AFE,Country resampling,0,547,-0.08739794884276919,-0.10848658403820444,0.021088635195435246
AFE,Country resampling,0,548,-0.38644840414182036,-0.45706416874278055,0.0706157646009602
AFE,Country resampling,0,549,-0.26299068799524883,-0.28723464631659656,0.024243958321347736
AFE,Country resampling,0,550,0.1070378900598199,-0.044700487243843456,0.15173837730366335
AFE,Country resampling,0,551,-0.7641748457918102,-0.7525471646783972,-0.011627681113412947
AFE,Country resampling,0,552,-0.26426095827482565,-0.42540503603282187,0.16114407775799622
AFE,Country resampling,0,553,0.533758401198005,0.35081353020976036,0.18294487098824463
AFE,Country resampling,0,554,-0.3280266150053339,-0.3840583428252413,0.056031727819907395
AFE,Country resampling,0,555,-0.25034143346838933,-0.27897747327409783,0.028636039805708502
AFE,Country resampling,0,556,0.24711149408942856,0.1352640852956577,0.11184740879377086
AFE,Country resampling,0,557,-0.3671282396021769,-0.4374607840608741,0.07033254445869719
AFE,Country resampling,0,558,-0.17840006367480155,-0.2866278809346774,0.10822781725987585
AFE,Country resampling,0,559,0.6251843182794672,0.34271242023764725,0.28247189804181994
AFE,Country resampling,0,560,-0.3008882181764946,-0.2962930149906966,-0.00459520318579798
AFE,Country resampling,0,561,-0.4897112082610733,-0.5043465973979785,0.014635389136905208
AFE,Country resampling,0,562,0.09546706418412065,0.10697259157829109,-0.011505527394170434
AFE,Country resampling,0,563,-0.20423208789424663,-0.4301659967856538,0.2259339088914072
AFE,Country resampling,0,564,-0.14121096186660875,-0.33683958681577375,0.195628624949165
AFE,Country resampling,0,565,-0.6203150969213247,-0.6406641691741213,0.020349072252796585
AFE,Country resampling,0,566,1.060263049049793,0.8024548393542659,0.2578082096955272
AFE,Country resampling,0,567,-0.2987306825810909,-0.3827681538714013,0.08403747129031036
AFE,Country resampling,0,568,-0.04883221154222539,-0.14058055797778812,0.09174834643556273
AFE,Country resampling,0,569,-0.2277738433548776,-0.38075130171753724,0.15297745836265964
AFE,Country resampling,0,570,-0.3006895323750529,-0.4056707503426644,0.1049812179676115
AFE,Country resampling,0,571,0.2177368011480909,0.10635263475910595,0.11138416638898496
AFE,Country resampling,0,572,-0.1155243895750997,-0.27962982551843707,0.16410543594333737
AFE,Country resampling,0,573,-0.2968434143690265,-0.3666655613070978,0.06982214693807132
AFE,Country resampling,0,574,-0.5675034236750197,-0.6120040194557196,0.04450059578069987
AFE,Country resampling,0,575,-0.15480030113025556,-0.218010731359653,0.06321043022939743
AFE,Country resampling,0,576,-0.03390284999673043,-0.15260379489383702,0.11870094489710659
AFE,Country resampling,0,577,0.49684306231415043,0.24511891072190473,0.2517241515922457
AFE,Country resampling,0,578,0.22054632539499575,0.15918015745787928,0.06136616793711647
AFE,Country resampling,0,579,0.9764855927716862,0.6624398913369813,0.3140457014347049
AFE,Country resampling,0,580,-0.10492983929651001,-0.12946327582702477,0.024533436530514763
AFE,Country resampling,0,581,0.1092422861335689,-0.031736355151053774,0.14097864128462267
AFE,Country resampling,0,582,-0.3501374351967087,-0.4351822986075694,0.0850448634108607
AFE,Country resampling,0,583,-0.4083895410969337,-0.43476441452481585,0.02637487342788214
AFE,Country resampling,0,584,-0.09608566887453818,-0.18075589335592224,0.08467022448138406
AFE,Country resampling,0,585,-0.017188153991378186,-0.18603385824953633,0.16884570425815815
AFE,Country resampling,0,586,-0.4477666958924901,-0.45425789420881213,0.0064911983163220555
AFE,Country resampling,0,587,-0.0925069079342612,-0.18506151076702926,0.09255460283276806
AFE,Country resampling,0,588,0.1396035439132397,-0.03411708822238391,0.1737206321356236
AFE,Country resampling,0,589,-0.5379556329319005,-0.5825633305521778,0.044607697620277276
AFE,Country resampling,0,590,0.180743610290667,0.29224548303677556,-0.11150187274610857
AFE,Country resampling,0,591,-0.47060795917156373,-0.5300284744288963,0.05942051525733261
AFE,Country resampling,0,592,-0.1047172278267895,-0.2456414424247505,0.140924214597961
AFE,Country resampling,0,593,1.3083803089666612,0.9422142570016914,0.3661660519649699
AFE,Country resampling,0,594,-0.7603543430635872,-0.7658726853722081,0.005518342308620916
AFE,Country resampling,0,595,-0.36358568389667856,-0.4086728771760406,0.04508719327936206
AFE,Country resampling,0,596,-0.13989723513756203,-0.21928172652315037,0.07938449138558834
AFE,Country resampling,0,597,-0.45254982773316466,-0.5149098547033303,0.06236002697016563
AFE,Country resampling,0,598,-0.46786234424270634,-0.5155919603296003,0.04772961608689397
AFE,Country resampling,0,599,0.06584501254627706,-0.03964950944605505,0.10549452199233211
AFE,Country resampling,0,600,-0.7069643724007939,-0.718181679881023,0.011217307480229088
AFE,Country resampling,0,601,0.9555955088912989,0.77051816581642,0.18507734307487889
AFE,Country resampling,0,602,-0.380428700661117,-0.4461423785566462,0.06571367789552918
AFE,Country resampling,0,603,-0.19720462617368628,-0.22994554718910443,0.032740921015418145
AFE,Country resampling,0,604,0.29637029675225923,0.106728005121276,0.18964229163098323
AFE,Country resampling,0,605,-0.16361744411067503,-0.2654689440744211,0.1018514999637461
AFE,Country resampling,0,606,-0.5189658413065459,-0.5797758522715404,0.0608100109649945
AFE,Country resampling,0,607,-0.08172392013665608,-0.20889560623410763,0.12717168609745155
AFE,Country resampling,0,608,-0.3640297685224355,-0.43668301430120615,0.07265324577877064
AFE,Country resampling,0,609,-0.373156877470018,-0.39330128315541824,0.020144405685400213
AFE,Country resampling,0,610,-0.215589823862955,-0.2808567801830998,0.06526695632014479
AFE,Country resampling,0,611,-0.36687693564366863,-0.4700102844490448,0.10313334880537617
AFE,Country resampling,0,612,0.36357824995730414,0.22369395992373353,0.1398842900335706
AFE,Country resampling,0,613,-0.5012994292864448,-0.5706385648291831,0.0693391355427383
AFE,Country resampling,0,614,-0.098361742429382,-0.22912865646198877,0.13076691403260676
AFE,Country resampling,0,615,-0.5004633101201639,-0.5037814194127948,0.0033181092926308775
AFE,Country resampling,0,616,-0.3539184543803786,-0.4469734495377342,0.0930549951573556
AFE,Country resampling,0,617,0.05512070167376182,-0.1222766295782941,0.17739733125205592
AFE,Country resampling,0,618,-0.44139394913307517,-0.48226234080402053,0.04086839167094536
AFE,Country resampling,0,619,-0.4551108723842576,-0.5137796639741457,0.058668791589888025
AFE,Country resampling,0,620,-0.10078546388063325,-0.1702757302790967,0.06949026639846345
AFE,Country resampling,0,621,-0.1285470387824098,-0.21375365595777496,0.08520661717536515
AFE,Country resampling,0,622,-0.21367941929747214,-0.22146052852537523,0.0077811092279030936
AFE,Country resampling,0,623,-0.5551395074515534,-0.600201291809038,0.04506178435748465
AFE,Country resampling,0,624,0.035553325789632995,-0.13794755400978542,0.17350087979941842
AFE,Country resampling,0,625,-0.40358945535925095,-0.43396130776039,0.030371852401139043
AFE,Country resampling,0,626,-0.39197177461572086,-0.4541570130988398,0.062185238483118965
AFE,Country resampling,0,627,-0.4640456539582165,-0.5152024408729954,0.05115678691477887
AFE,Country resampling,0,628,0.2280923916569817,0.05396068900130091,0.1741317026556808
AFE,Country resampling,0,629,0.27435054483568133,0.03347632589242511,0.24087421894325622
AFE,Country resampling,0,630,-0.23545312040870114,-0.28233838142010215,0.046885261011401
AFE,Country resampling,0,631,-0.2886910397439797,-0.31979996668643385,0.03110892694245415
AFE,Country resampling,0,632,-0.4786619613299681,-0.4218263262400047,-0.056835635089963366
AFE,Country resampling,0,633,-0.053490277607975756,-0.1170420906250651,0.06355181301708934
AFE,Country resampling,0,634,-0.5143936168964578,-0.6036914032165412,0.08929778632008345
AFE,Country resampling,0,635,-0.24495195005544346,-0.2795076535768841,0.03455570352144066
AFE,Country resampling,0,636,-0.20399907454973865,-0.3004175151543037,0.09641844060456506
AFE,Country resampling,0,637,-0.1860541558039388,-0.35400969560737205,0.16795553980343325
AFE,Country resampling,0,638,-0.17439280765765952,-0.22520255472638184,0.05080974706872232
AFE,Country resampling,0,639,-0.24278780962532243,-0.3010690245904941,0.05828121496517169
AFE,Country resampling,0,640,-0.05287351873166468,-0.06007711759115575,0.007203598859491067
AFE,Country resampling,0,641,0.11075458455168397,-0.011945362235324164,0.12269994678700813
AFE,Country resampling,0,642,-0.4796752844720862,-0.44424309258788364,-0.035432191884202546
AFE,Country resampling,0,643,0.11993733076263813,0.11338589129716903,0.0065514394654691
AFE,Country resampling,0,644,-0.1136818835111233,-0.2760184382575285,0.16233655474640518
AFE,Country resampling,0,645,-0.49398321224833686,-0.5606975183915341,0.06671430614319729
AFE,Country resampling,0,646,-0.00931923032423787,-0.15776853743971608,0.1484493071154782
AFE,Country resampling,0,647,-0.0390155370963553,-0.12179640417537685,0.08278086707902155
AFE,Country resampling,0,648,-0.19453058631281328,-0.29493917051822605,0.10040858420541277
AFE,Country resampling,0,649,0.11944168896164764,0.022401805933504937,0.0970398830281427
AFE,Country resampling,0,650,-0.1570468395207122,-0.3024979788942588,0.1454511393735466
AFE,Country resampling,0,651,-0.11474475004031082,-0.18144102339033974,0.06669627335002892
AFE,Country resampling,0,652,-0.43127812656709075,-0.48914305435716265,0.05786492779007191
AFE,Country resampling,0,653,0.11931510236806475,0.005170503565025797,0.11414459880303895
AFE,Country resampling,0,654,0.36295551259413217,0.1612315318163855,0.20172398077774667
AFE,Country resampling,0,655,-0.5330760608127887,-0.5189129396497536,-0.014163121163035086
AFE,Country resampling,0,656,-0.35464941491966684,-0.43877817118424767,0.08412875626458083
AFE,Country resampling,0,657,-0.07893709796102588,-0.053686588726441054,-0.025250509234584828
AFE,Country resampling,0,658,-0.07974816250023675,-0.16025361424311657,0.08050545174287982
AFE,Country resampling,0,659,-0.5483387545602398,-0.571106541846279,0.02276778728603912
AFE,Country resampling,0,660,-0.6042596050442053,-0.5923713513570423,-0.011888253687162953
AFE,Country resampling,0,661,-0.2036589368037267,-0.3053654865656208,0.10170654976189408
AFE,Country resampling,0,662,-0.31007108841026276,-0.38092027966991227,0.0708491912596495
AFE,Country resampling,0,663,-0.08558899712388846,-0.1514794193570479,0.06589042223315944
AFE,Country resampling,0,664,-0.19899208949304725,-0.2556152228591878,0.056623133366140554
AFE,Country resampling,0,665,0.3645042356677042,0.2206611995093417,0.14384303615836247
AFE,Country resampling,0,666,-0.3794742092798161,-0.33844034066212025,-0.04103386861769587
AFE,Country resampling,0,667,-0.5832989193377829,-0.5912813480579042,0.007982428720121337
AFE,Country resampling,0,668,-0.39077679709110047,-0.4009100112438374,0.010133214152736936
AFE,Country resampling,0,669,-0.42577193228637866,-0.47744640888295087,0.051674476596572205
AFE,Country resampling,0,670,0.17928863631934822,0.09394182650825433,0.08534680981109388
AFE,Country resampling,0,671,-0.031811480329868025,-0.1036961979368679,0.07188471760699988
AFE,Country resampling,0,672,-0.324746122279547,-0.39005812866174205,0.06531200638219503
AFE,Country resampling,0,673,-0.23620507808663427,-0.32020058947007735,0.08399551138344308
AFE,Country resampling,0,674,-0.38932010389014804,-0.28918585250669926,-0.10013425138344878
AFE,Country resampling,0,675,-0.6130448489918221,-0.6126702864458069,-3.745625460152002e-4
AFE,Country resampling,0,676,-0.3269690113900584,-0.42013852960250353,0.09316951821244512
AFE,Country resampling,0,677,-0.010680025213338329,-0.1139502737942727,0.10327024858093437
AFE,Country resampling,0,678,-0.20356794166081893,-0.2458066880400135,0.04223874637919456
AFE,Country resampling,0,679,-0.1211700529495936,-0.21542196197402974,0.09425190902443614
AFE,Country resampling,0,680,-0.3509866529639103,-0.426091877747409,0.07510522478349868
AFE,Country resampling,0,681,-0.22402359947039718,-0.2747259728759772,0.05070237340558004
AFE,Country resampling,0,682,0.4068735650043265,0.3836139376196539,0.023259627384672577
AFE,Country resampling,0,683,-0.399303174054221,-0.40014844001540906,8.452659611880575e-4
AFE,Country resampling,0,684,0.15755836953740743,0.049763681531945325,0.1077946880054621
AFE,Country resampling,0,685,-0.40041636523334867,-0.4331781688705062,0.03276180363715753
AFE,Country resampling,0,686,-0.4446061890417802,-0.48605720476919656,0.041451015727416385
AFE,Country resampling,0,687,-0.36871833985822744,-0.4461755784730982,0.07745723861487075
AFE,Country resampling,0,688,0.04382519092592996,-0.03604745209505866,0.07987264302098862
AFE,Country resampling,0,689,-0.26280014829460685,-0.355398246087961,0.09259809779335415
AFE,Country resampling,0,690,-0.32859275496527984,-0.36036838124805837,0.031775626282778524
AFE,Country resampling,0,691,0.1388823831655568,-0.00858312776616077,0.14746551093171756
AFE,Country resampling,0,692,-0.716260118688227,-0.7694202973506596,0.05316017866243261
AFE,Country resampling,0,693,-0.4297333829082878,-0.49072836434066547,0.06099498143237769
AFE,Country resampling,0,694,-0.011926871818374485,-0.06523986487690148,0.05331299305852699
AFE,Country resampling,0,695,-0.4631563564181548,-0.48994959556157114,0.02679323914341636
AFE,Country resampling,0,696,-0.30261738299920693,-0.3072959108772638,0.004678527878056893
AFE,Country resampling,0,697,-0.08132191665103683,-0.10769847333729043,0.026376556686253605
AFE,Country resampling,0,698,0.6054438425992397,0.40921180394644474,0.19623203865279493
AFE,Country resampling,0,699,-0.19562890751257855,-0.29229245690563466,0.0966635493930561
AFE,Country resampling,0,700,-0.6256152954783603,-0.6429997961480767,0.01738450066971642
AFE,Country resampling,0,701,-0.17198791123004675,-0.2182837978867368,0.046295886656690044
AFE,Country resampling,0,702,0.1965761709358902,0.11576485410227244,0.08081131683361775
AFE,Country resampling,0,703,-0.5635811707511007,-0.6033707355689646,0.03978956481786389
AFE,Country resampling,0,704,-0.6076236059407092,-0.6524022302469532,0.04477862430624402
AFE,Country resampling,0,705,-0.606385928904765,-0.6510218195256654,0.044635890620900454
AFE,Country resampling,0,706,0.10872372133699715,0.046686026524312974,0.062037694812684174
AFE,Country resampling,0,707,-0.3051402981820822,-0.451984942777263,0.14684464459518076
AFE,Country resampling,0,708,-0.15498516167042453,-0.15992985140113658,0.0049446897307120485
AFE,Country resampling,0,709,-0.3640140214324714,-0.46566327376142447,0.10164925232895305
AFE,Country resampling,0,710,-0.5268082717761898,-0.5657102898073444,0.03890201803115456
AFE,Country resampling,0,711,0.10401896817315981,-0.006090758218081693,0.1101097263912415
AFE,Country resampling,0,712,-0.5440879433629311,-0.5700859982111357,0.02599805484820461
AFE,Country resampling,0,713,-0.16051342911037136,-0.317863368723455,0.15734993961308363
AFE,Country resampling,0,714,0.038442200481015654,-0.029516630877680194,0.06795883135869585
AFE,Country resampling,0,715,-0.09077137954145031,-0.1571643630682108,0.06639298352676049
AFE,Country resampling,0,716,-0.6143817936062429,-0.6514256822330601,0.03704388862681718
AFE,Country resampling,0,717,-0.11442045699619208,-0.22859004569125685,0.11416958869506477
AFE,Country resampling,0,718,-0.22130520439957602,-0.29194941373158867,0.07064420933201265
AFE,Country resampling,0,719,-0.486812896246706,-0.5215257496401278,0.03471285339342178
AFE,Country resampling,0,720,-0.5200132104193949,-0.5627468527623863,0.042733642342991485
AFE,Country resampling,0,721,0.5520775177918602,0.514790994464716,0.037286523327144216
AFE,Country resampling,0,722,-0.3591958792600267,-0.45170033697766565,0.09250445771763893
AFE,Country resampling,0,723,-0.1888402823362425,-0.27921316761245185,0.09037288527620935
AFE,Country resampling,0,724,0.18542140112548178,0.054069504055651585,0.1313518970698302
AFE,Country resampling,0,725,0.24091676597953193,0.14988759460820678,0.09102917137132516
AFE,Country resampling,0,726,-0.3212292123722491,-0.403623834619517,0.0823946222472679
AFE,Country resampling,0,727,-0.6475708774273892,-0.6576089843352517,0.010038106907862554
AFE,Country resampling,0,728,-0.25383177021462067,-0.36177918920042784,0.10794741898580718
AFE,Country resampling,0,729,-0.2612791563008354,-0.3487259654553857,0.08744680915455028
AFE,Country resampling,0,730,-0.31857707914044675,-0.339437134464483,0.02086005532403623
AFE,Country resampling,0,731,-0.34352865800335175,-0.40413866862139003,0.06061001061803828
AFE,Country resampling,0,732,-0.3212214888071262,-0.3563390807492214,0.03511759194209518
AFE,Country resampling,0,733,0.3239878450889959,0.2711701171855292,0.05281772790346673
AFE,Country resampling,0,734,-0.058463564941685364,-0.17722302240184884,0.11875945746016348
AFE,Country resampling,0,735,0.03444006740332117,-0.09573954688096253,0.1301796142842837
AFE,Country resampling,0,736,0.8608806446090875,0.036869135568034395,0.8240115090410531
AFE,Country resampling,0,737,-0.37745584822293665,-0.4672926959013718,0.08983684767843514
AFE,Country resampling,0,738,-0.19985485594171926,-0.34411978423408973,0.14426492829237048
AFE,Country resampling,0,739,-0.2149840392105592,-0.19927908979976172,-0.015704949410797475
AFE,Country resampling,0,740,-0.37836011003100944,-0.41460072382876456,0.03624061379775512
AFE,Country resampling,0,741,-0.5428785389134557,-0.5325574016670398,-0.010321137246415923
AFE,Country resampling,0,742,0.1411872247199315,-0.04405373488024722,0.18524095960017872
AFE,Country resampling,0,743,4.1222811369068246e-4,-0.1515891519654161,0.1520013800791068
AFE,Country resampling,0,744,-0.5113727131208201,-0.5272277941605545,0.01585508103973443
AFE,Country resampling,0,745,-0.07908763512839923,-0.11959404555110897,0.04050641042270975
AFE,Country resampling,0,746,-0.13636292351139745,-0.26749873251004885,0.1311358089986514
AFE,Country resampling,0,747,-0.01172702317672214,-0.06941499690429986,0.057687973727577724
AFE,Country resampling,0,748,-0.5669309426651915,-0.60290410238682135,0.035973159721629844
AFE,Country resampling,0,749,-0.23530169566933157,-0.3407944617494306,0.10549276608009905
AFE,Country resampling,0,750,-0.3130300474955924,-0.3542403212789862,0.041210273783393814
AFE,Country resampling,0,751,0.36780231685178233,0.16352053859910698,0.20428177825267535
AFE,Country resampling,0,752,-0.23945278882813903,-0.3269349180649358,0.08748212923679677
AFE,Country resampling,0,753,-0.3224378332035046,-0.4189673756757586,0.09652954247225398
AFE,Country resampling,0,754,-0.33713780342788935,-0.31394175413879133,-0.02319604928909802
AFE,Country resampling,0,755,-0.2503393962261038,-0.3619703910554001,0.11163099482929628
AFE,Country resampling,0,756,-0.09359469669389398,-0.2775179144375076,0.18392321774361364
AFE,Country resampling,0,757,-0.24675478534545403,-0.39085076846728306,0.14409598312182903
AFE,Country resampling,0,758,-0.231530721783752,-0.31985657630889075,0.08832585452513875
AFE,Country resampling,0,759,0.2859815140265758,0.14629930917657785,0.13968220484999794
AFE,Country resampling,0,760,-0.41665873761490113,-0.4465518128493009,0.02989307523439977
AFE,Country resampling,0,761,-0.025966851642112432,-0.15354120054986176,0.12757434890774932
AFE,Country resampling,0,762,-0.14682524426833465,-0.32230519853976214,0.17547995427142749
AFE,Country resampling,0,763,-0.5033024626429333,-0.5798989599724238,0.07659649732949048
AFE,Country resampling,0,764,-0.04838362499108606,-0.12175259868443022,0.07336897369334416
AFE,Country resampling,0,765,0.297989515801387,0.35696144334014135,-0.058971927538754354
AFE,Country resampling,0,766,0.023035310726470026,-0.13852725076457162,0.16156256149104165
AFE,Country resampling,0,767,0.6722223210924239,0.25089943974569273,0.4213228813467311
AFE,Country resampling,0,768,0.20332328266226596,0.08021685374010978,0.12310642892215617
AFE,Country resampling,0,769,-0.4345600533135995,-0.463309133411947,0.028749080098347535
AFE,Country resampling,0,770,-0.19579185368241803,-0.26216238208021203,0.066370528397794
AFE,Country resampling,0,771,0.17767334897776044,0.21110949495623377,-0.03343614597847333
AFE,Country resampling,0,772,-0.24384223267427885,-0.2756495284347864,0.03180729576050756
AFE,Country resampling,0,773,-0.3791720237669771,-0.35998004907349945,-0.019191974693477665
AFE,Country resampling,0,774,0.1451533842158239,0.23640659084950055,-0.09125320663367664
AFE,Country resampling,0,775,-0.678983707477301,-0.7080075774404315,0.029023869963130555
AFE,Country resampling,0,776,0.6139377262074597,0.3335238165771728,0.2804139096302869
AFE,Country resampling,0,777,-0.5878809216187181,-0.6235970403176601,0.03571611869894198
AFE,Country resampling,0,778,-0.13601014266997058,-0.2357874690022408,0.09977732633227021
AFE,Country resampling,0,779,-0.028620103076971604,-0.13134120088471757,0.10272109780774596
AFE,Country resampling,0,780,-0.43352993588592825,-0.5171630259643676,0.08363309007843933
AFE,Country resampling,0,781,-0.004825555364247669,-0.0969046829662783,0.09207912760203063
AFE,Country resampling,0,782,-0.018107425876469074,-0.1183811733464144,0.10027374746994533
AFE,Country resampling,0,783,-0.5878948943769824,-0.6061314450058971,0.018236550628914716
AFE,Country resampling,0,784,-0.6003103691979736,-0.6265674586018861,0.02625708940391247
AFE,Country resampling,0,785,0.3198651657711211,0.34550559492398825,-0.025640429152867128
AFE,Country resampling,0,786,-0.5144919623175519,-0.5881412873000644,0.07364932498251253
AFE,Country resampling,0,787,-0.21232411826045006,-0.30982277915995926,0.0974986608995092
AFE,Country resampling,0,788,1.0869424904035272,0.9532082359690519,0.13373425443447529
AFE,Country resampling,0,789,-0.4895509423237121,-0.5630876670264588,0.07353672470274675
AFE,Country resampling,0,790,-0.5338808922632012,-0.5543216582839748,0.020440766020773604
AFE,Country resampling,0,791,-0.3419322985441071,-0.3781651982234663,0.036232899679359165
AFE,Country resampling,0,792,0.3683580810967977,0.16351236385018342,0.20484571724661427
AFE,Country resampling,0,793,-0.5008240983807775,-0.5027324624188516,0.0019083640380741507
AFE,Country resampling,0,794,0.15680720422076577,0.05924842223026339,0.09755878199050239
AFE,Country resampling,0,795,0.11266360477091109,0.04708834077317636,0.06557526399773472
AFE,Country resampling,0,796,-0.39305639175266616,-0.4457771685957793,0.05272077684311316
AFE,Country resampling,0,797,-0.04188327974739792,-0.14845477482469094,0.10657149507729302
AFE,Country resampling,0,798,-0.4479012201451481,-0.5266945582325746,0.0787933380874265
AFE,Country resampling,0,799,-0.28660175538624055,-0.40967778855539827,0.12307603316915772
AFE,Country resampling,0,800,-0.7124653800730424,-0.7436563668612143,0.031190986788171893
AFE,Country resampling,0,801,-0.15601670093585462,-0.23201528665351823,0.0759985857176636
AFE,Country resampling,0,802,-0.20423838811748662,-0.30602919378099647,0.10179080566350984
AFE,Country resampling,0,803,0.9624219787612172,0.6941374363747841,0.26828454238643307
AFE,Country resampling,0,804,-0.5605108020915928,-0.6282687683119346,0.0677579662203418
AFE,Country resampling,0,805,-0.4119372385082528,-0.4530737879466007,0.04113654943834788
AFE,Country resampling,0,806,-0.5601946462392644,-0.5598432312125607,-3.5141502670366087e-4
AFE,Country resampling,0,807,-0.39595831891986166,-0.50364824459106,0.10768992567119828
AFE,Country resampling,0,808,0.0010935876997857363,0.03413865915351,-0.03304507145372426
AFE,Country resampling,0,809,-0.5920960219140339,-0.597942046258434,0.005846024344400069
AFE,Country resampling,0,810,-0.5369754948320653,-0.5539767107438471,0.01700121591178183
AFE,Country resampling,0,811,-0.37390886956890534,-0.38819083929449794,0.014281969725592591
AFE,Country resampling,0,812,-0.5795977916104207,-0.6214088603073433,0.04181106869692264
AFE,Country resampling,0,813,-0.45516708660604,-0.5136842104536812,0.058517123847641184
AFE,Country resampling,0,814,0.31477983324068104,0.1890612779900045,0.12571855525067654
AFE,Country resampling,0,815,-0.6873617163555295,-0.713241471923044,0.02587975556751454
AFE,Country resampling,0,816,-0.17695396039345712,-0.32258174742163237,0.14562778702817525
AFE,Country resampling,0,817,0.3176039842162621,0.18558201592743084,0.13202196828883128
AFE,Country resampling,0,818,0.0061651514547387265,-0.10889979919821924,0.11506495065295796
AFE,Country resampling,0,819,0.49115968145148914,0.4171733273874434,0.07398635406404575
AFE,Country resampling,0,820,-0.711020517816064,-0.6626790789174972,-0.04834143889856679
AFE,Country resampling,0,821,0.6591918774080763,0.5891995906314844,0.06999228677659186
AFE,Country resampling,0,822,-0.41279701241604283,-0.4028903374292767,-0.009906674986766117
AFE,Country resampling,0,823,-0.1362892936055511,-0.20475580082143274,0.06846650721588166
AFE,Country resampling,0,824,0.35589210054499043,0.13796568910277585,0.21792641144221458
AFE,Country resampling,0,825,0.17963845968614467,0.04614196478691035,0.13349649489923432
AFE,Country resampling,0,826,0.01693235436910623,-0.12364111649459308,0.1405734708636993
AFE,Country resampling,0,827,-0.47276463221132936,-0.5318771610062845,0.0591125287949551
AFE,Country resampling,0,828,-0.07547398575667019,-0.1573220958054532,0.08184811004878301
AFE,Country resampling,0,829,-0.6492709779208143,-0.6422100270572354,-0.007060950863578941
AFE,Country resampling,0,830,-0.2577918384236465,-0.29614625081205326,0.038354412388406756
AFE,Country resampling,0,831,-0.21691950132900328,-0.2554545043827451,0.0385350030537418
AFE,Country resampling,0,832,0.19361583472254718,0.011274642655968892,0.18234119206657828
AFE,Country resampling,0,833,-0.4603215554502178,-0.5231743462053913,0.06285279075517347
AFE,Country resampling,0,834,-0.3527416401205904,-0.39190497678095426,0.03916333666036387
AFE,Country resampling,0,835,-0.01919814210768711,-0.20952108818002746,0.19032294607234035
AFE,Country resampling,0,836,-0.4253092191714013,-0.48188026658728333,0.056571047415882036
AFE,Country resampling,0,837,-0.1588381577582647,-0.27163191397533715,0.11279375621707244
AFE,Country resampling,0,838,-0.3515337104222307,-0.4019325666247058,0.050398856202475084
AFE,Country resampling,0,839,0.42404686511485257,0.23868014502336954,0.18536672009148303
AFE,Country resampling,0,840,-0.37681570044001367,-0.4009403444470748,0.024124644007061158
AFE,Country resampling,0,841,-0.3820301301004517,-0.4204416112113972,0.0384114811109455
AFE,Country resampling,0,842,-0.5139228825386952,-0.5597171766628379,0.04579429412414271
AFE,Country resampling,0,843,0.44346397088098377,0.24001715022024572,0.20344682066073805
AFE,Country resampling,0,844,0.14205117837542303,-0.059626493660210333,0.20167767203563336
AFE,Country resampling,0,845,-0.2811804049503429,-0.3604712644296686,0.07929085947932568
AFE,Country resampling,0,846,0.12900175280775872,-0.07051296915799365,0.19951472196575237
AFE,Country resampling,0,847,-0.3525475533470851,-0.4224438125074812,0.0698962591603961
AFE,Country resampling,0,848,-0.09027632188785673,-0.17807864048154276,0.08780231859368604
AFE,Country resampling,0,849,-0.012055085964374324,-0.15936076481454098,0.14730567885016665
AFE,Country resampling,0,850,0.023083390576955853,-0.12606334385722684,0.1491467344341827
AFE,Country resampling,0,851,-0.27169634650415075,-0.34688002723286193,0.07518368072871118
AFE,Country resampling,0,852,-0.5431403008670372,-0.576403913367263,0.0332636125002258
AFE,Country resampling,0,853,-0.17173686316871206,-0.2069469847142711,0.035210121545559026
AFE,Country resampling,0,854,0.35322301917422827,0.26503973269538905,0.08818328647883922
AFE,Country resampling,0,855,-0.31472773998006087,-0.3360817536533628,0.02135401367330192
AFE,Country resampling,0,856,-0.32242493189219945,-0.40713940942311055,0.0847144775309111
AFE,Country resampling,0,857,-0.47710693259852566,-0.4919547231954382,0.014847790596912547
AFE,Country resampling,0,858,-0.3912909247470798,-0.4320582466031345,0.040767321856054695
AFE,Country resampling,0,859,-0.5472988880412519,-0.5731675943684321,0.02586870632718019
AFE,Country resampling,0,860,-0.46304508400705513,-0.48823684182210725,0.025191757815052118
AFE,Country resampling,0,861,0.143491840837084,0.2891053335977307,-0.14561349276064672
AFE,Country resampling,0,862,0.7613667589685269,0.7263306936599103,0.03503606530861658
AFE,Country resampling,0,863,-0.5337720630389711,-0.5767090895549047,0.042937026515933674
AFE,Country resampling,0,864,-9.658611961844699e-4,-0.08167630153769001,0.08071044034150554
AFE,Country resampling,0,865,0.12454760341719529,-0.08516110215445793,0.20970870557165322
AFE,Country resampling,0,866,-0.029448048401742644,-0.073641596016776,0.04419354761503336
AFE,Country resampling,0,867,-0.5290279997751126,-0.5555290176445069,0.026501017869394294
AFE,Country resampling,0,868,-0.23582274001473713,-0.3392647134124236,0.10344197339768646
AFE,Country resampling,0,869,-0.2547237386789424,-0.34915210492082616,0.09442836624188378
AFE,Country resampling,0,870,-0.5581256325196874,-0.5776556811434972,0.019530048623809804
AFE,Country resampling,0,871,-0.5430065408158948,-0.5109051355731759,-0.03210140524271898
AFE,Country resampling,0,872,-0.33360030131786156,-0.3874469580072064,0.05384665668934485
AFE,Country resampling,0,873,0.5201562724537248,0.29629446308203766,0.2238618093716871
AFE,Country resampling,0,874,0.10068583873088333,0.041927958819308664,0.05875787991157466
AFE,Country resampling,0,875,0.012396851747022541,-0.026498904073604335,0.038895755820626876
AFE,Country resampling,0,876,0.08070392432444629,-0.08119727218905726,0.16190119651350354
AFE,Country resampling,0,877,0.2945580153548206,0.29674791232972453,-0.0021898969749039043
AFE,Country resampling,0,878,1.8556532426917225,1.3039648784848143,0.5516883642069081
AFE,Country resampling,0,879,-0.6188215678347581,-0.6226878087493204,0.0038662409145623355
AFE,Country resampling,0,880,0.34647109658321074,0.19772610735862317,0.14874498922458756
AFE,Country resampling,0,881,0.5518528129167033,0.37978018001150615,0.17207263290519714
AFE,Country resampling,0,882,-0.13993207627790516,-0.1461198919544885,0.00618781567658333
AFE,Country resampling,0,883,-0.3305734187781437,-0.5047591279816885,0.17418570920354481
AFE,Country resampling,0,884,0.06275536621529554,-0.09966462793981834,0.16241999415511388
AFE,Country resampling,0,885,-0.6836527703963838,-0.7064646502973175,0.022811879900933696
AFE,Country resampling,0,886,-0.1664867062601093,-0.3615520820536957,0.1950653757935864
AFE,Country resampling,0,887,-0.46257954237504473,-0.49260123883273954,0.030021696457694813
AFE,Country resampling,0,888,0.010080414167148888,-0.08132735604566788,0.09140777021281676
AFE,Country resampling,0,889,-0.41819652140961794,-0.47465791993950057,0.056461398529882634
AFE,Country resampling,0,890,-0.006475908027347765,-0.11040234943651006,0.1039264414091623
AFE,Country resampling,0,891,-0.0657845085551314,-0.11679328326334104,0.05100877470820964
AFE,Country resampling,0,892,0.07819335392285764,-0.012063042158266257,0.0902563960811239
AFE,Country resampling,0,893,-0.41759241518900714,-0.3873109983844012,-0.030281416804605943
AFE,Country resampling,0,894,0.17140901772074968,0.022203708408819134,0.14920530931193055
AFE,Country resampling,0,895,-0.4066352903263095,-0.4402170955485051,0.03358180522219556
AFE,Country resampling,0,896,-0.38578334123126,-0.3924629199303943,0.00667957869913427
AFE,Country resampling,0,897,-0.022444102887491435,-0.07805757160250393,0.05561346871501249
AFE,Country resampling,0,898,0.02803504509603494,-0.10602545136799957,0.1340604964640345
AFE,Country resampling,0,899,-0.5721095930528175,-0.5465839076034318,-0.025525685449385715
AFE,Country resampling,0,900,0.010862524817980335,-0.12510745561505654,0.13596998043303687
AFE,Country resampling,0,901,-0.034162663777015934,-0.06630709492716325,0.03214443115014731
AFE,Country resampling,0,902,-0.324414730968812,-0.35190075291823,0.02748602194941796
AFE,Country resampling,0,903,0.11899171016387378,0.04606385315866679,0.07292785700520699
AFE,Country resampling,0,904,-0.21323812489584637,-0.21862615126174978,0.005388026365903409
AFE,Country resampling,0,905,-0.5135195170131603,-0.5507712829970466,0.03725176598388624
AFE,Country resampling,0,906,-0.11270053719377571,-0.18358640172291374,0.07088586452913803
AFE,Country resampling,0,907,-0.34989389586829367,-0.44919128411505715,0.09929738824676348
AFE,Country resampling,0,908,-0.03832326989048829,-0.18961466508197755,0.15129139519148926
AFE,Country resampling,0,909,-0.5220913051293048,-0.5616363506571422,0.03954504552783744
AFE,Country resampling,0,910,-0.044763038895770046,-0.14627912760340844,0.1015160887076384
AFE,Country resampling,0,911,-0.18628331409975674,-0.21823470108757215,0.03195138698781541
AFE,Country resampling,0,912,-0.07454045942914278,-0.18792332632531072,0.11338286689616794
AFE,Country resampling,0,913,-0.16823278515889695,-0.1747906169052551,0.006557831746358156
AFE,Country resampling,0,914,-0.08781899261730253,-0.17313581331624017,0.08531682069893765
AFE,Country resampling,0,915,-0.3935480580602405,-0.4847236745728605,0.09117561651261996
AFE,Country resampling,0,916,-0.6001473809566709,-0.6267026940851417,0.026555313128470814
AFE,Country resampling,0,917,-0.2102022629284377,-0.18009498779290978,-0.03010727513552791
AFE,Country resampling,0,918,-0.057810623447714815,-0.1560340969455405,0.09822347349782568
AFE,Country resampling,0,919,-0.41156647749958153,-0.461061233970664,0.04949475647108248
AFE,Country resampling,0,920,0.2195140363671464,0.08637110037838269,0.1331429359887637
AFE,Country resampling,0,921,-0.3477085647595227,-0.389337061188892,0.04162849642936928
AFE,Country resampling,0,922,-0.48074596592108054,-0.4841219602021575,0.0033759942810769328
AFE,Country resampling,0,923,-0.5747889006506578,-0.5701870778978081,-0.004601822752849705
AFE,Country resampling,0,924,-0.7140177474684186,-0.724598785094646,0.010581037626227419
AFE,Country resampling,0,925,0.0061479627242071455,-0.08529701135960588,0.09144497408381302
AFE,Country resampling,0,926,-0.033139647272251604,-0.16555060634362928,0.13241095907137768
AFE,Country resampling,0,927,-0.2768207733453768,-0.27498144757244247,-0.0018393257729343304
AFE,Country resampling,0,928,0.3952004061303449,0.36114824260322775,0.03405216352711715
AFE,Country resampling,0,929,-0.07620077982878326,-0.17336471413454901,0.09716393430576575
AFE,Country resampling,0,930,-0.13973814345363744,-0.2021752113016213,0.06243706784798386
AFE,Country resampling,0,931,-0.4860505724763602,-0.5314188957688584,0.04536832329249818
AFE,Country resampling,0,932,0.12434863768937898,0.042159928653362266,0.08218870903601672
AFE,Country resampling,0,933,-0.6338679492422286,-0.6819272571052424,0.04805930786301382
AFE,Country resampling,0,934,-0.3739638808300433,-0.3967730213962526,0.022809140566209307
AFE,Country resampling,0,935,-0.7355735310031766,-0.6972316185501014,-0.038341912453075166
AFE,Country resampling,0,936,-0.2974178695835179,-0.3389121508566877,0.041494281273169786
AFE,Country resampling,0,937,0.44561219564026766,0.3003429440070293,0.14526925163323834
AFE,Country resampling,0,938,-0.5595856982918854,-0.5707782009923568,0.01119250270047134
AFE,Country resampling,0,939,0.21061710650883825,0.16310905833116518,0.04750804817767307
AFE,Country resampling,0,940,-0.05141518959426028,-0.2141764434500968,0.1627612538558365
AFE,Country resampling,0,941,-0.18067365393843693,-0.22206992520302704,0.04139627126459011
AFE,Country resampling,0,942,-0.012221406611380492,-0.1697213941609822,0.1574999875496017
AFE,Country resampling,0,943,-0.12493957146841361,-0.2348081982248309,0.10986862675641729
AFE,Country resampling,0,944,-0.3669157074017356,-0.37988724967918186,0.012971542277446235
AFE,Country resampling,0,945,-0.25076831657933574,-0.3627969862126009,0.11202866963326519
AFE,Country resampling,0,946,0.3444666440462443,0.28105265558734005,0.06341398845890422
AFE,Country resampling,0,947,-0.6390539569036516,-0.6861347102912183,0.047080753387566676
AFE,Country resampling,0,948,-0.08011007256135594,-0.17454350175064193,0.09443342918928599
AFE,Country resampling,0,949,0.31317071439067856,0.14937001544348916,0.1638006989471894
AFE,Country resampling,0,950,-0.35519732283405436,-0.4395396523602355,0.08434232952618115
AFE,Country resampling,0,951,-0.3566735878779552,-0.4838447461483626,0.12717115827040737
AFE,Country resampling,0,952,0.02500912224448415,-0.24746934853361668,0.27247847077810083
AFE,Country resampling,0,953,-0.5341504869482445,-0.5460009384959372,0.011850451547692709
AFE,Country resampling,0,954,-0.10927480616751573,-0.24141044651113008,0.13213564034361436
AFE,Country resampling,0,955,-0.431880364845579,-0.511598483912705,0.079718119067126
AFE,Country resampling,0,956,-0.44621716052916593,-0.5164950052114976,0.07027784468233167
AFE,Country resampling,0,957,-0.2502880257973993,-0.2771849820210973,0.026896956223698032
AFE,Country resampling,0,958,0.41082810827567773,0.23720245811488816,0.17362565016078957
AFE,Country resampling,0,959,0.5735803933027117,0.3470723619247267,0.22650803137798503
AFE,Country resampling,0,960,-0.5691997365086008,-0.6165503404415529,0.047350603932952096
AFE,Country resampling,0,961,-0.3318637180318843,-0.45660243984457993,0.12473872181269563
AFE,Country resampling,0,962,-0.7112098974750507,-0.7407064797629807,0.02949658228792995
AFE,Country resampling,0,963,-0.05693839562796554,-0.07339662980923467,0.016458234181269127
AFE,Country resampling,0,964,0.0985588315776631,-0.009435176503981513,0.10799400808164461
AFE,Country resampling,0,965,0.14688594758158136,-0.010405997622940588,0.15729194520452194
AFE,Country resampling,0,966,-0.47994528037615636,-0.529324014801639,0.049378734425482684
AFE,Country resampling,0,967,-0.21170098750777988,-0.1931487832623393,-0.018552204245440573
AFE,Country resampling,0,968,-0.01641576540865375,-0.08936342580116896,0.07294766039251521
AFE,Country resampling,0,969,0.25113388426701033,0.1383030294996097,0.11283085476740062
AFE,Country resampling,0,970,-0.27608317754494305,-0.33416282675896447,0.05807964921402142
AFE,Country resampling,0,971,-0.6049047385734567,-0.6244665935096166,0.019561854936159917
AFE,Country resampling,0,972,-0.49869334828861067,-0.5267326179017453,0.028039269613134632
AFE,Country resampling,0,973,0.880815447637076,0.8937175352774895,-0.012902087640413562
AFE,Country resampling,0,974,-0.6395249824914023,-0.6125182959093762,-0.027006686582026096
AFE,Country resampling,0,975,-0.3297473584547542,-0.4171058741863505,0.08735851573159625
AFE,Country resampling,0,976,-0.689382330923871,-0.6984823757297387,0.00910004480586768
AFE,Country resampling,0,977,-0.21138940998861078,-0.2627222660811629,0.051332856092552115
AFE,Country resampling,0,978,0.23004991912126105,0.14088269386136165,0.0891672252598994
AFE,Country resampling,0,979,-0.17490684585799843,-0.23447475917685157,0.05956791331885314
AFE,Country resampling,0,980,-0.43128012617470257,-0.45605162715493897,0.024771500980236394
AFE,Country resampling,0,981,0.1486416057644413,0.018045403115998893,0.1305962026484424
AFE,Country resampling,0,982,0.4863932319560653,0.3788659699758077,0.10752726198025764
AFE,Country resampling,0,983,0.07627256706167662,-0.0025346999685084137,0.07880726703018504
AFE,Country resampling,0,984,-0.15987465782322607,-0.12339871788185963,-0.03647593994136644
AFE,Country resampling,0,985,0.13331504373777658,0.029614089549540257,0.10370095418823633
AFE,Country resampling,0,986,-0.06365822461942972,-0.09697664079947133,0.03331841618004161
AFE,Country resampling,0,987,-0.2456615787125771,-0.3250495551854743,0.07938797647289719
AFE,Country resampling,0,988,-0.4242208664412863,-0.4454441770255817,0.021223310584295385
AFE,Country resampling,0,989,-0.2996455939646201,-0.36783790205414446,0.06819230808952437
AFE,Country resampling,0,990,-0.10251328737254328,-0.19204642215390333,0.08953313478136005
AFE,Country resampling,0,991,-0.23122929567215755,-0.24461258115528917,0.013383285483131613
AFE,Country resampling,0,992,0.7054129413166546,0.5835699985868334,0.1218429427298211
AFE,Country resampling,0,993,-0.15703476096975788,-0.20250268493342471,0.045467923963666834
AFE,Country resampling,0,994,0.45948782781248854,0.21876405149195288,0.24072377632053565
AFE,Country resampling,0,995,0.37676757725870447,0.25737909999736175,0.11938847726134272
AFE,Country resampling,0,996,-0.19743913591127615,-0.30925489171515985,0.1118157558038837
AFE,Country resampling,0,997,-0.24808917341340153,-0.2532051230269301,0.00511594961352857
AFE,Country resampling,0,998,-0.10518552422621574,-0.13116989513345878,0.025984370907243037
AFE,Country resampling,0,999,0.07559042383215031,-0.0801165284170049,0.1557069522491552
AFE,Country resampling,0,1000,-0.6724303505496492,-0.7005482256311458,0.028117875081496657
AFE,Country resampling,1,1,-0.6518443864823171,-0.636932767189156,-0.014911619293161094
AFE,Country resampling,1,2,1.7380687831794672,1.6340186977418703,0.10405008543759697
AFE,Country resampling,1,3,0.9752769762978324,0.9531181963663977,0.02215877993143467
AFE,Country resampling,1,4,0.3069612808927866,0.22491427742811343,0.0820470034646732
AFE,Country resampling,1,5,-0.5901559696282137,-0.56143100330422,-0.028724966323993684
AFE,Country resampling,1,6,-0.5153430237678204,-0.5503670713263553,0.03502404755853494
AFE,Country resampling,1,7,2.064877567636749,1.4027786891381933,0.6620988784985555
AFE,Country resampling,1,8,-0.010193231982108641,-0.07897754316057581,0.06878431117846717
AFE,Country resampling,1,9,-0.01596197465664062,0.04210723965811902,-0.05806921431475964
AFE,Country resampling,1,10,-0.41245758259187326,-0.5295861253481109,0.11712854275623763
AFE,Country resampling,1,11,-0.39311272901317607,-0.35864440208995296,-0.0344683269232231
AFE,Country resampling,1,12,-0.662548140365728,-0.7213883023038833,0.05884016193815533
AFE,Country resampling,1,13,-0.21790521716239775,-0.23833632680439876,0.02043110964200101
AFE,Country resampling,1,14,0.36525377659986336,0.3300760626059662,0.03517771399389713
AFE,Country resampling,1,15,-0.19200670081757187,-0.2442918209288042,0.05228512011123232
AFE,Country resampling,1,16,-0.0533302908809391,-0.125259027084895,0.0719287362039559
AFE,Country resampling,1,17,1.6849685071987945,1.4788014118733321,0.2061670953254624
AFE,Country resampling,1,18,0.03592588605304381,0.15323562072746388,-0.11730973467442007
AFE,Country resampling,1,19,-0.5221561708187878,-0.5571141316507053,0.03495796083191749
AFE,Country resampling,1,20,-0.4161788564384088,-0.4320469545714032,0.01586809813299439
AFE,Country resampling,1,21,-0.662974948975384,-0.6364310645120435,-0.02654388446334055
AFE,Country resampling,1,22,1.4570261083301124,1.4182706209669345,0.03875548736317791
AFE,Country resampling,1,23,-0.29389510080372805,-0.3497167357680525,0.05582163496432446
AFE,Country resampling,1,24,0.8537570035364561,0.7148570623363601,0.13889994120009597
AFE,Country resampling,1,25,-0.3693952108526104,-0.32249750560132895,-0.04689770525128145
AFE,Country resampling,1,26,1.0624344014038773,1.2488222076724464,-0.1863878062685691
AFE,Country resampling,1,27,-0.6653503358927928,-0.6968701487236499,0.03151981283085714
AFE,Country resampling,1,28,0.006765521990103052,0.0017731250896848572,0.0049923969004181945
AFE,Country resampling,1,29,0.16152878267572968,0.12347483069204923,0.038053951983680445
AFE,Country resampling,1,30,0.7142766901688806,0.5442404959444269,0.1700361942244537
AFE,Country resampling,1,31,0.5862768687057647,0.5198129957944231,0.06646387291134159
AFE,Country resampling,1,32,-0.8242581339725016,-0.8354354623317205,0.011177328359218919
AFE,Country resampling,1,33,-0.018143537256478326,-0.033468422346747406,0.01532488509026908
AFE,Country resampling,1,34,0.0478447661299064,0.032674259287701846,0.015170506842204556
AFE,Country resampling,1,35,-0.051408741435240546,0.011992709800352497,-0.06340145123559304
AFE,Country resampling,1,36,-0.30004264793500346,-0.3014489394560502,0.0014062915210467652
AFE,Country resampling,1,37,-0.3620845717403557,-0.4325851366081578,0.0705005648678021
AFE,Country resampling,1,38,-0.5862031898029958,-0.5887545626090214,0.002551372806025576
AFE,Country resampling,1,39,-0.413224061282937,-0.5049324984186033,0.09170843713566634
AFE,Country resampling,1,40,0.7849131523841757,0.6166769231250047,0.16823622925917103
AFE,Country resampling,1,41,-0.13755610323179668,-0.21883276262145634,0.08127665938965967
AFE,Country resampling,1,42,-0.786592384625274,-0.7776689900463059,-0.00892339457896818
AFE,Country resampling,1,43,0.37999705960778707,0.2686839059711448,0.11131315363664229
AFE,Country resampling,1,44,-0.17119090314926866,-0.2103298556963542,0.03913895254708555
AFE,Country resampling,1,45,-0.14783704876555792,-0.23603335849002016,0.08819630972446224
AFE,Country resampling,1,46,-0.7154458601771931,-0.7331618889391283,0.01771602876193512
AFE,Country resampling,1,47,-0.4138672880505275,-0.45366384734610465,0.03979655929557713
AFE,Country resampling,1,48,-0.5476721924968745,-0.5933180124547449,0.045645819957870426
AFE,Country resampling,1,49,-0.5194849251891704,-0.5728543924710261,0.053369467281855654
AFE,Country resampling,1,50,-0.4115052502682286,-0.4517260593288174,0.04022080906058878
AFE,Country resampling,1,51,-0.6954017383245747,-0.6794877426601826,-0.01591399566439211
AFE,Country resampling,1,52,-0.6444910127071377,-0.7289795705378684,0.08448855783073073
AFE,Country resampling,1,53,-0.5725869465717732,-0.5580739906567831,-0.014512955914990133
AFE,Country resampling,1,54,-0.48080240706021726,-0.4903721548590011,0.009569747798783834
AFE,Country resampling,1,55,-0.22126239916216495,-0.22074625441226736,-5.161447498975846e-4
AFE,Country resampling,1,56,-0.7509475668872894,-0.7625795783484297,0.011632011461140346
AFE,Country resampling,1,57,-0.09430764455782159,-0.13830797420402274,0.04400032964620115
AFE,Country resampling,1,58,-0.5929477493802111,-0.6279554155399298,0.03500766615971873
AFE,Country resampling,1,59,-0.24753041143247811,-0.29469502485111476,0.04716461341863665
AFE,Country resampling,1,60,0.244504392009945,0.06975677616328846,0.17474761584665655
AFE,Country resampling,1,61,-0.48982031989323327,-0.50954307589455206,0.019722756001318786
AFE,Country resampling,1,62,0.7262706066009579,0.846825546079329,-0.12055493947837115
AFE,Country resampling,1,63,-0.6902575935834032,-0.6795384359643839,-0.010719157619019315
AFE,Country resampling,1,64,0.7736638307233255,0.7754246947288852,-0.001760864005559748
AFE,Country resampling,1,65,-0.04269170640957354,-0.12767314370418148,0.08498143729460794
AFE,Country resampling,1,66,-0.5469685677588669,-0.5739080090923346,0.026939441333467706
AFE,Country resampling,1,67,0.7877553837704947,0.7288407856070802,0.05891459816341449
AFE,Country resampling,1,68,-0.5999879418808487,-0.5777284146123634,-0.022259527268485346
AFE,Country resampling,1,69,0.17360469632400521,0.09157841626978747,0.08202628005421775
AFE,Country resampling,1,70,-0.15119113258881778,-0.2523713520606955,0.10118021947187772
AFE,Country resampling,1,71,-0.4336088885903546,-0.5169302636512765,0.08332137506092185
AFE,Country resampling,1,72,-0.24911494542261614,-0.299228462685424,0.05011351726280788
AFE,Country resampling,1,73,-0.46919923969194177,-0.49215444536212716,0.022955205670185386
AFE,Country resampling,1,74,-0.41794842891241957,-0.4652860780230804,0.04733764911066085
AFE,Country resampling,1,75,-0.47174576418339464,-0.44228207491703075,-0.02946368926636389
AFE,Country resampling,1,76,-0.5683619974726215,-0.5457999213849811,-0.02256207608764038
AFE,Country resampling,1,77,1.1835258145926772,0.9749177193188117,0.2086080952738656
AFE,Country resampling,1,78,-0.5116650324340187,-0.482791508518983,-0.028873523915035726
AFE,Country resampling,1,79,-0.47176041578345596,-0.45792581332189586,-0.013834602461560097
AFE,Country resampling,1,80,-0.745446560672594,-0.7509549215538486,0.005508360881254615
AFE,Country resampling,1,81,-0.6936089689161243,-0.6856425434704654,-0.007966425445658953
AFE,Country resampling,1,82,0.0974027403709774,-0.1108491238384186,0.208251864209396
AFE,Country resampling,1,83,-0.027166229662373698,0.08016150765518226,-0.10732773731755596
AFE,Country resampling,1,84,0.0350710478861036,0.03131753822280503,0.003753509663298571
AFE,Country resampling,1,85,-0.18956662358293075,-0.19906702277467092,0.009500399191740172
AFE,Country resampling,1,86,0.38251828946120403,0.38617648886625,-0.00365819940504597
AFE,Country resampling,1,87,-0.2969867718504672,-0.3519976576508713,0.05501088580040414
AFE,Country resampling,1,88,0.6614130429210396,0.2922633178825691,0.36914972503847054
AFE,Country resampling,1,89,-0.2697054167530165,-0.29447996602580784,0.024774549272791324
AFE,Country resampling,1,90,1.7369520548107542,1.6853273319074837,0.05162472290327047
AFE,Country resampling,1,91,0.38403348178091834,0.10994708525056929,0.27408639653034905
AFE,Country resampling,1,92,-0.7398312595190873,-0.7474967592037058,0.007665499684618493
AFE,Country resampling,1,93,-0.45018707646453393,-0.4624605458764752,0.012273469411941296
AFE,Country resampling,1,94,0.6066517942983138,0.5965886430340797,0.010063151264234182
AFE,Country resampling,1,95,0.023983215126571977,-0.08982581847756765,0.11380903360413963
AFE,Country resampling,1,96,-0.2047876138965944,-0.15471577301844408,-0.05007184087815031
AFE,Country resampling,1,97,-0.3008242108064796,-0.2993326703357313,-0.001491540470748287
AFE,Country resampling,1,98,-0.5575056347623921,-0.5664380101984672,0.008932375436075057
AFE,Country resampling,1,99,-0.49623784536309323,-0.5007526161920264,0.004514770828933146
AFE,Country resampling,1,100,-0.1343082430543886,-0.16469442665596346,0.030386183601574857
AFE,Country resampling,1,101,-0.5329239618248655,-0.569001787348195,0.0360778255233295
AFE,Country resampling,1,102,0.19511060731248264,0.1257833636915664,0.06932724362091625
AFE,Country resampling,1,103,-0.606562717610539,-0.6361634818207867,0.02960076421024771
AFE,Country resampling,1,104,-0.5487077224453146,-0.5261792537778283,-0.022528468667486368
AFE,Country resampling,1,105,-0.5120829036429793,-0.5522797646836446,0.04019686104066533
AFE,Country resampling,1,106,0.019790109031798453,-0.01817202011429364,0.037962129146092094
AFE,Country resampling,1,107,1.2183708833226001,1.0309208109392052,0.18745007238339495
AFE,Country resampling,1,108,-0.38520731584639856,-0.43934817863104003,0.054140862784641475
AFE,Country resampling,1,109,0.29917479700677974,0.09298121853990926,0.20619357846687048
AFE,Country resampling,1,110,-0.40522034966946463,-0.40979392581381535,0.004573576144350722
AFE,Country resampling,1,111,-0.7041661777338224,-0.733962502843037,0.029796325109214594
AFE,Country resampling,1,112,0.24896457578280962,0.09711696161206529,0.15184761417074433
AFE,Country resampling,1,113,0.13316747277366847,0.02744950519673406,0.10571796757693441
AFE,Country resampling,1,114,0.5258300650798304,0.20772594340340578,0.31810412167642466
AFE,Country resampling,1,115,-0.088754518118863035,0.01603841751452162,-0.10479293563338465
AFE,Country resampling,1,116,-0.5363782109507842,-0.583655852359842,0.04727764140905777
AFE,Country resampling,1,117,-0.05591298620354701,-0.19287115748377293,0.13695817128022592
AFE,Country resampling,1,118,0.12691249657707915,0.024547215123394084,0.10236528145368506
AFE,Country resampling,1,119,-0.37508096474342034,-0.36032658605732415,-0.014754378686096192
AFE,Country resampling,1,120,0.2946089182980991,0.30764935592085285,-0.013040437622753753
AFE,Country resampling,1,121,0.7772651933746744,0.6797782850008509,0.09748690837382346
AFE,Country resampling,1,122,0.5682861568758859,0.4948918534100508,0.07339430346583509
AFE,Country resampling,1,123,2.4830347513213322,1.9124398592187428,0.5705948921025894
AFE,Country resampling,1,124,-0.44150964606808785,-0.4723787155091621,0.03086906944107426
AFE,Country resampling,1,125,-0.5991956594544576,-0.5768101624242903,-0.022385497030167345
AFE,Country resampling,1,126,-0.5674030635672362,-0.534957212271169,-0.03244585129606725
AFE,Country resampling,1,127,-0.625363179941287,-0.6470305908040818,0.021667410862794778
AFE,Country resampling,1,128,-0.681359658906089,-0.6717781161893701,-0.00958154271671885
AFE,Country resampling,1,129,-0.358456201385146,-0.3990679665143999,0.04061176512925391
AFE,Country resampling,1,130,-0.4757528112974969,-0.4990286591211993,0.0232758478237024
AFE,Country resampling,1,131,-0.20623870600279115,-0.2555042780527246,0.049265572049933426
AFE,Country resampling,1,132,0.13829470511336028,0.11150437912337807,0.02679032598998221
AFE,Country resampling,1,133,0.09139190982445111,-0.14920897413493717,0.24060088395938828
AFE,Country resampling,1,134,-0.36804827014048747,-0.4325294409429725,0.06448117080248505
AFE,Country resampling,1,135,-0.18974650831520312,-0.2523019778001965,0.06255546948499335
AFE,Country resampling,1,136,-0.09423920380674666,-0.06543849394826795,-0.028800709858478712
AFE,Country resampling,1,137,0.954535452002339,0.8041893490919072,0.15034610291043182
AFE,Country resampling,1,138,-0.07933291095695516,-0.19296654225036014,0.11363363129340498
AFE,Country resampling,1,139,-0.035518006004852776,-0.2404407528659377,0.20492274686108491
AFE,Country resampling,1,140,-0.7726252695102899,-0.7790983895699568,0.006473120059666937
AFE,Country resampling,1,141,0.16427212820632975,0.03808536228237758,0.12618676592395217
AFE,Country resampling,1,142,-0.707929343180671,-0.660757206452671,-0.047172136728000025
AFE,Country resampling,1,143,-0.604741806114343,-0.5700439187839716,-0.03469788733037138
AFE,Country resampling,1,144,-0.5822336961264363,-0.6015741454840735,0.019340449357637235
AFE,Country resampling,1,145,0.6485021360387202,0.7067317562467046,-0.05822962020798439
AFE,Country resampling,1,146,-0.27372821877926423,-0.31034083900368403,0.0366126202244198
AFE,Country resampling,1,147,-0.07164700580928451,-0.13053025957622644,0.05888325376694192
AFE,Country resampling,1,148,-0.48272549986735214,-0.5480854667873356,0.06535996691998347
AFE,Country resampling,1,149,-0.4772617974421275,-0.5403718004060661,0.06311000296393865
AFE,Country resampling,1,150,-0.5126788349995767,-0.5214184118962524,0.008739576896675705
AFE,Country resampling,1,151,-0.49009600199759085,-0.5169293806033458,0.026833378605754965
AFE,Country resampling,1,152,0.31395044218354906,0.2471139611420674,0.06683648104148165
AFE,Country resampling,1,153,-0.18745995189976394,-0.16402915361975945,-0.023430798280004494
AFE,Country resampling,1,154,0.6324373610171794,0.5153835364434811,0.11705382457369828
AFE,Country resampling,1,155,0.2369382347873028,-0.031169319227445702,0.2681075540147485
AFE,Country resampling,1,156,-0.5142161604336507,-0.5151740143931406,9.578539594898849e-4
AFE,Country resampling,1,157,-0.37457849655927944,-0.5023653989461754,0.12778690238689594
AFE,Country resampling,1,158,-0.03015183127789567,-0.06555408303575205,0.035402251757856384
AFE,Country resampling,1,159,-0.36828410332548744,-0.3453119257563553,-0.02297217756913217
AFE,Country resampling,1,160,0.9296988648421949,1.0117661985859554,-0.08206733374376052
AFE,Country resampling,1,161,0.018092190274977993,-0.05261297777387153,0.07070516804884952
AFE,Country resampling,1,162,-0.4532972045034187,-0.5084967075376823,0.055199503034263575
AFE,Country resampling,1,163,0.5024875408373206,0.4548763615439597,0.047611179293360895
AFE,Country resampling,1,164,0.13176731759679328,0.10649488009885455,0.025272437497938727
AFE,Country resampling,1,165,-0.648497483284475,-0.6389389147764151,-0.009558568508059917
AFE,Country resampling,1,166,-0.3234848220482006,-0.3487983691673703,0.025313547119169666
AFE,Country resampling,1,167,-0.5708731829526212,-0.5421874115163375,-0.028685771436283702
AFE,Country resampling,1,168,-0.7563503265628124,-0.7686325987731348,0.012282272210322409
AFE,Country resampling,1,169,0.19202570439963407,0.16293848445221015,0.029087219947423915
AFE,Country resampling,1,170,-0.2800611050562405,-0.2826460810402417,0.002584975984001203
AFE,Country resampling,1,171,-0.28566089154423413,-0.30539093407657913,0.019730042532345005
AFE,Country resampling,1,172,1.314009271222457,1.340252563184503,-0.02624329196204611
AFE,Country resampling,1,173,-0.028174136000888472,-0.050797175823310226,0.022623039822421753
AFE,Country resampling,1,174,0.9856847491023097,0.9377924655714358,0.047892283530873936
AFE,Country resampling,1,175,1.9619822943530827,1.83122747168767,0.13075482266541272
AFE,Country resampling,1,176,-0.24087488148095337,-0.31292211415210724,0.07204723267115387
AFE,Country resampling,1,177,-0.3517265692875624,-0.4446826144344431,0.09295604514688072
AFE,Country resampling,1,178,0.18083020151073192,0.128876478103515,0.051953723407216934
AFE,Country resampling,1,179,-0.417744504971013,-0.4560637425393954,0.0383192375683824
AFE,Country resampling,1,180,-0.0033132945374737544,0.07192931692394189,-0.07524261146141564
AFE,Country resampling,1,181,0.9953428823701134,0.8209348102989165,0.1744080720711969
AFE,Country resampling,1,182,0.3587733319363704,0.09978268129747803,0.2589906506388924
AFE,Country resampling,1,183,0.2374447653024121,0.17506535067415685,0.06237941462825525
AFE,Country resampling,1,184,-0.39281357707819786,-0.4557750666551469,0.06296148957694903
AFE,Country resampling,1,185,-0.13740882018127576,-0.2531349401552433,0.11572611997396753
AFE,Country resampling,1,186,-0.4421253179571555,-0.4987723961493221,0.05664707819216663
AFE,Country resampling,1,187,-0.5349816477088094,-0.5416640821775303,0.006682434468720855
AFE,Country resampling,1,188,-0.31664982805453,-0.339856485237479,0.02320665718294901
AFE,Country resampling,1,189,-0.6107817217894332,-0.6791572112352864,0.06837548944585314
AFE,Country resampling,1,190,0.3984576368812023,0.30411193452633145,0.09434570235487083
AFE,Country resampling,1,191,-0.30958665023644283,-0.33513479773765076,0.02554814750120793
AFE,Country resampling,1,192,-0.6312029467561151,-0.6405285825501448,0.009325635794029674
AFE,Country resampling,1,193,0.7996294142039146,0.5592459301589654,0.24038348404494925
AFE,Country resampling,1,194,0.710153203896895,0.6482953599096892,0.06185784398720573
AFE,Country resampling,1,195,-0.4806731649766256,-0.5509573639194965,0.07028419894287086
AFE,Country resampling,1,196,1.0244396583769637,0.6336971874712063,0.3907424709057574
AFE,Country resampling,1,197,-0.5483632212929517,-0.5411286420353757,-0.007234579257575979
AFE,Country resampling,1,198,1.3947791716286697,1.1486220275937344,0.24615714403493527
AFE,Country resampling,1,199,0.33634049582433834,0.25092799234208885,0.08541250348224949
AFE,Country resampling,1,200,0.24199184607494217,0.18147499295376135,0.060516853121180825
AFE,Country resampling,1,201,-0.2491886432099364,-0.23105132492954872,-0.01813731828038767
AFE,Country resampling,1,202,-0.2038206587083281,-0.2084526205619065,0.004631961853578392
AFE,Country resampling,1,203,-0.16242493841833572,-0.25515071195735406,0.09272577353901834
AFE,Country resampling,1,204,-0.5037328976434149,-0.47541334676361613,-0.02831955087979876
AFE,Country resampling,1,205,-0.5849252854127671,-0.5870138144163431,0.002088529003576034
AFE,Country resampling,1,206,-0.6860881150418379,-0.6881566637703984,0.0020685487285605486
AFE,Country resampling,1,207,-0.08305238461807929,-0.2803774996298334,0.1973251150117541
AFE,Country resampling,1,208,-0.4308708665125106,-0.4891439819534329,0.058273115440922285
AFE,Country resampling,1,209,0.40230030462668354,0.36423971651900966,0.038060588107673876
AFE,Country resampling,1,210,-0.6840587195200577,-0.6891827912517563,0.005124071731698598
AFE,Country resampling,1,211,-0.23687685968786143,-0.25346637498072544,0.01658951529286401
AFE,Country resampling,1,212,0.8025437766490848,0.7479296340292996,0.054614142619785255
AFE,Country resampling,1,213,-0.5228500206297708,-0.5687771472873213,0.0459271266575505
AFE,Country resampling,1,214,0.13385754753039247,-0.2985703405127431,0.4324278880431356
AFE,Country resampling,1,215,0.012046495412728397,0.046045260623320594,-0.0339987652105922
AFE,Country resampling,1,216,0.1210926102427452,-0.10237631022288807,0.22346892046563327
AFE,Country resampling,1,217,0.24431671503818486,0.18650560309473674,0.057811111943448124
AFE,Country resampling,1,218,-0.3874570453853525,-0.38966788225123206,0.0022108368658795285
AFE,Country resampling,1,219,0.5672178444515379,0.38965046029318273,0.17756738415835516
AFE,Country resampling,1,220,-0.16160432994295104,-0.1859389586244088,0.02433462868145775
AFE,Country resampling,1,221,-0.3439886780976428,-0.34729044410146537,0.0033017660038225927
AFE,Country resampling,1,222,-0.6275030305789815,-0.6440994333862351,0.016596402807253607
AFE,Country resampling,1,223,-0.6167711953367201,-0.6331060583062356,0.016334862969515473
AFE,Country resampling,1,224,-0.6055981659510226,-0.6234800742985533,0.017881908347530784
AFE,Country resampling,1,225,-0.4355324555163306,-0.39740272716143943,-0.038129728354891146
AFE,Country resampling,1,226,-0.6013540159948476,-0.5873588154171627,-0.013995200577684885
AFE,Country resampling,1,227,-0.15494459352865197,-0.0924406201688942,-0.06250397335975777
AFE,Country resampling,1,228,-0.0389919942305188,-0.191571729053427,0.1525797348229082
AFE,Country resampling,1,229,0.6026610910606398,0.49458521552993884,0.10807587553070097
AFE,Country resampling,1,230,-0.450554696822851,-0.5170008356064707,0.06644613878361971
AFE,Country resampling,1,231,0.03459422300122972,-0.05150554272961405,0.08609976573084377
AFE,Country resampling,1,232,-0.35356126276659716,-0.35921844988323903,0.005657187116641871
AFE,Country resampling,1,233,1.1010737908931931,1.2791055323346145,-0.17803174144142142
AFE,Country resampling,1,234,-0.17624564265027054,-0.19602015876871093,0.01977451611844039
AFE,Country resampling,1,235,-0.208153467136603,-0.25083538903612446,0.04268192189952147
AFE,Country resampling,1,236,-0.3611445209304258,-0.4174918732863103,0.056347352355884506
AFE,Country resampling,1,237,-0.1728146815946363,-0.19082794449643536,0.018013262901799054
AFE,Country resampling,1,238,-0.2615511293339524,-0.3600806103198727,0.09852948098592029
AFE,Country resampling,1,239,0.11054971998543328,0.16482177696230083,-0.054272056976867544
AFE,Country resampling,1,240,-0.6409717982466351,-0.6232246375258429,-0.017747160720792188
AFE,Country resampling,1,241,-0.3963546904377099,-0.4547005491817695,0.05834585874405962
AFE,Country resampling,1,242,-0.5462881063856252,-0.5669633988982723,0.020675292512647103
AFE,Country resampling,1,243,0.46375342181515666,0.39604029102277516,0.0677131307923815
AFE,Country resampling,1,244,0.7653087248741435,0.7064828773470218,0.05882584752712172
AFE,Country resampling,1,245,-0.33993893549262844,-0.4806536949761969,0.14071475948356849
AFE,Country resampling,1,246,0.34431726266766627,0.3264038128776259,0.017913449790040392
AFE,Country resampling,1,247,2.0596098681903747,1.7664691007004434,0.29314076748993134
AFE,Country resampling,1,248,-0.2824837382955142,-0.2781481865110593,-0.004335551784454883
AFE,Country resampling,1,249,-0.3007021682318298,-0.2742141622862193,-0.026488005945610515
AFE,Country resampling,1,250,0.22030999225546455,0.30228752663042013,-0.08197753437495559
AFE,Country resampling,1,251,-0.4356688465595471,-0.45018913776167124,0.01452029120212417
AFE,Country resampling,1,252,-0.10060387409353833,-0.01691475149549737,-0.08368912259804095
AFE,Country resampling,1,253,-0.0968479319860015,-0.16563198227945086,0.06878405029344936
AFE,Country resampling,1,254,-0.3942995428848116,-0.38962445371913945,-0.004675089165672164
AFE,Country resampling,1,255,-0.5519892535818616,-0.5792172013293764,0.027227947747514802
AFE,Country resampling,1,256,-0.49476641438074154,-0.5080249157227545,0.013258501342013007
AFE,Country resampling,1,257,0.33559788143489944,0.3323005346720753,0.003297346762824116
AFE,Country resampling,1,258,-0.21135364813387536,-0.30856778904587656,0.0972141409120012
AFE,Country resampling,1,259,0.482313138787815,0.2647162885554737,0.21759685023234132
AFE,Country resampling,1,260,0.6093688128225643,0.6660213506459365,-0.05665253782337221
AFE,Country resampling,1,261,-0.3901583529505913,-0.3715418314043438,-0.01861652154624749
AFE,Country resampling,1,262,0.3601929274778637,0.42349323132585415,-0.06330030384799046
AFE,Country resampling,1,263,0.004740799680240659,-0.034161595959490754,0.03890239563973141
AFE,Country resampling,1,264,-0.44376481437930104,-0.46200294384119567,0.018238129461894625
AFE,Country resampling,1,265,0.04053419795950952,-0.03674596126534713,0.07728015922485665
AFE,Country resampling,1,266,0.4431559879495197,0.4054983230952318,0.0376576648542879
AFE,Country resampling,1,267,-0.23221903186908266,-0.2965701722800683,0.06435114041098566
AFE,Country resampling,1,268,1.706922075467837,1.453033218896329,0.25388885657150784
AFE,Country resampling,1,269,-0.1972182749956518,-0.284895466757376,0.08767719176172417
AFE,Country resampling,1,270,-0.42447091279853355,-0.4427244331734226,0.018253520374889032
AFE,Country resampling,1,271,-0.5826710510335988,-0.6425649828849442,0.059893931851345394
AFE,Country resampling,1,272,-0.2375081423459654,-0.2534527165338065,0.01594457418784112
AFE,Country resampling,1,273,0.08546611011213567,-0.024901495476278623,0.1103676055884143
AFE,Country resampling,1,274,-0.11951252752963615,-0.21901545645936604,0.0995029289297299
AFE,Country resampling,1,275,-0.2582761720794854,-0.3134945168815867,0.055218344802101305
AFE,Country resampling,1,276,-0.7720983483887844,-0.7919663010662767,0.019867952677492307
AFE,Country resampling,1,277,0.031750961770077524,8.965503807509823e-4,0.03085441138932654
AFE,Country resampling,1,278,0.18202941050342591,0.046618744918470956,0.13541066558495496
AFE,Country resampling,1,279,0.03784707085103012,0.10196143070408015,-0.06411435985305003
AFE,Country resampling,1,280,0.7382928029102731,0.43583291106719857,0.30245989184307454
AFE,Country resampling,1,281,-0.5217988706518697,-0.5600180085139973,0.038219137862127606
AFE,Country resampling,1,282,-0.0031231995356324482,-0.10992453335304087,0.10680133381740842
AFE,Country resampling,1,283,0.5333625288700918,0.4419758055691956,0.09138672330089626
AFE,Country resampling,1,284,-0.5516109222112171,-0.5426736571731567,-0.00893726503806036
AFE,Country resampling,1,285,0.23544833540466592,0.2627781548102115,-0.027329819405545575
AFE,Country resampling,1,286,0.3177877326085572,0.30458574757402923,0.013201985034527963
AFE,Country resampling,1,287,-0.608295986756844,-0.5944985079053744,-0.013797478851469647
AFE,Country resampling,1,288,3.3005040872728424,2.9904540104331154,0.31005007683972696
AFE,Country resampling,1,289,0.2665051657514754,0.16619224938810095,0.10031291636337447
AFE,Country resampling,1,290,0.20165938067191957,0.108837090980199,0.09282228969172057
AFE,Country resampling,1,291,-0.2734735748395687,-0.18914326743584975,-0.08433030740371894
AFE,Country resampling,1,292,-0.6354657632702099,-0.6881523979055009,0.052686634635290996
AFE,Country resampling,1,293,0.308833996331352,0.06663874973075345,0.24219524660059855
AFE,Country resampling,1,294,-0.5822030918149714,-0.5502476522614659,-0.03195543955350555
AFE,Country resampling,1,295,-0.5850708436892231,-0.6597313031770309,0.07466045948780775
AFE,Country resampling,1,296,-0.4056170893015848,-0.47797749384492727,0.07236040454334247
AFE,Country resampling,1,297,0.27601718457134794,0.16156193687060982,0.11445524770073812
AFE,Country resampling,1,298,-0.5186769798572517,-0.5235763894321458,0.004899409574894098
AFE,Country resampling,1,299,0.2520812856890342,0.19966831604682822,0.052412969642205987
AFE,Country resampling,1,300,-0.7049347024596132,-0.6997818039143124,-0.005152898545300766
AFE,Country resampling,1,301,-0.6015544106598839,-0.6045403703745665,0.002985959714682629
AFE,Country resampling,1,302,-0.4205516169452791,-0.4595408691534071,0.03898925220812799
AFE,Country resampling,1,303,-0.5718977475235802,-0.6263087293440821,0.05441098182050186
AFE,Country resampling,1,304,2.8432372708468483,1.4487352378427487,1.3945020330040996
AFE,Country resampling,1,305,-0.6337708341072386,-0.622105152104101,-0.011665682003137556
AFE,Country resampling,1,306,-0.5159791301095589,-0.4629516082490447,-0.05302752186051418
AFE,Country resampling,1,307,-0.26798657409399007,-0.28773450963292,0.01974793553892995
AFE,Country resampling,1,308,-0.42947487229104275,-0.4832554326797941,0.05378056038875134
AFE,Country resampling,1,309,-0.10024234580579472,-0.1759139218954071,0.07567157608961239
AFE,Country resampling,1,310,0.24923159133640072,0.12097824476586916,0.12825334657053156
AFE,Country resampling,1,311,-0.1326593583446377,-0.27246903460935235,0.13980967626471463
AFE,Country resampling,1,312,-0.07136032909478551,-0.14545082289605304,0.07409049380126753
AFE,Country resampling,1,313,0.03816299267486811,-0.16069968502657617,0.19886267770144428
AFE,Country resampling,1,314,-0.2781844067304732,-0.2616139160719382,-0.016570490658534998
AFE,Country resampling,1,315,-0.40843497745896473,-0.38606322783595626,-0.022371749623008474
AFE,Country resampling,1,316,0.25281678061967927,0.12851606612844524,0.12430071449123403
AFE,Country resampling,1,317,-0.6077449503249515,-0.6105600551962157,0.00281510487126424
AFE,Country resampling,1,318,-0.16995757233691478,-0.13376780179572578,-0.03618977054118899
AFE,Country resampling,1,319,-0.43551449906786177,-0.49823750665175737,0.0627230075838956
AFE,Country resampling,1,320,-0.098096813416066575,-0.15432728649075889,0.05623047307469231
AFE,Country resampling,1,321,-0.14143302871541052,-0.13684295895316523,-0.004590069762245297
AFE,Country resampling,1,322,-0.7139150182017718,-0.6959995611776186,-0.017915457024153203
AFE,Country resampling,1,323,0.12411417033630578,0.1389751104850816,-0.014860940148775814
AFE,Country resampling,1,324,0.9902769980992396,1.0731487579738404,-0.08287175987460071
AFE,Country resampling,1,325,0.09491964271663833,-0.059365473447238415,0.15428511616387675
AFE,Country resampling,1,326,-0.8383983917822918,-0.8576948806328314,0.019296488850539584
AFE,Country resampling,1,327,-0.7981676216500908,-0.819340331602497,0.021172709952406166
AFE,Country resampling,1,328,0.3483826809605901,0.38178582528957983,-0.03340314432898972
AFE,Country resampling,1,329,-0.3346965933125363,-0.3306450115883347,-0.004051581724201614
AFE,Country resampling,1,330,-0.0036384214319070685,-0.15644000513131395,0.15280158369940688
AFE,Country resampling,1,331,1.2437364558354358,1.068079759082413,0.17565669675302287
AFE,Country resampling,1,332,0.035013259992744405,-0.10929970059307703,0.14431296058582144
AFE,Country resampling,1,333,-0.4387454643210982,-0.43933579504127085,5.903307201726715e-4
AFE,Country resampling,1,334,0.2368068225549591,0.17760083569377882,0.05920598686118028
AFE,Country resampling,1,335,-0.5018327561100124,-0.518132123707961,0.01629936759794859
AFE,Country resampling,1,336,-0.41218684148037443,-0.44544793948975814,0.033261098009383705
AFE,Country resampling,1,337,-0.15908462461141404,-0.2207766208409495,0.06169199622953547
AFE,Country resampling,1,338,0.5652079347883765,0.5015711965055369,0.06363673828283956
AFE,Country resampling,1,339,-0.6019875996098756,-0.5846900716491215,-0.017297527960754122
AFE,Country resampling,1,340,-0.46525967627163944,-0.47536372577671593,0.010104049505076484
AFE,Country resampling,1,341,-0.1843821175475937,-0.15462350351870668,-0.02975861402888702
AFE,Country resampling,1,342,-0.5883721591666916,-0.6921706655075899,0.10379850634089827
AFE,Country resampling,1,343,-0.24919443564601262,-0.29577819303143416,0.04658375738542153
AFE,Country resampling,1,344,-0.4862493816912311,-0.5112272796714772,0.024977897980246078
AFE,Country resampling,1,345,-0.6754723318148715,-0.6430599595448914,-0.03241237226998017
AFE,Country resampling,1,346,-0.4171460575810765,-0.3904284567825209,-0.026717600798555563
AFE,Country resampling,1,347,-0.4516676946548288,-0.5937256715322319,0.14205797687740307
AFE,Country resampling,1,348,0.5168440978874038,0.4482503680700476,0.06859372981735623
AFE,Country resampling,1,349,-0.17925088125075261,-0.19405397632359478,0.014803095072842165
AFE,Country resampling,1,350,0.10661831992615589,0.16135898880288102,-0.05474066887672513
AFE,Country resampling,1,351,-0.3947852708143612,-0.3602765069313987,-0.034508763882962534
AFE,Country resampling,1,352,0.1405184131878796,0.08063172512553751,0.0598866880623421
AFE,Country resampling,1,353,0.5618851236495452,0.6016768876497107,-0.039791764000165486
AFE,Country resampling,1,354,-0.19068765705365087,-0.2966858048716853,0.1059981478180344
AFE,Country resampling,1,355,-0.13847920785233203,-0.11444517471888704,-0.024034033133444987
AFE,Country resampling,1,356,8.915335416570525e-4,0.007550804357848717,-0.006659270816191665
AFE,Country resampling,1,357,-0.5895928755979026,-0.6097760968875601,0.020183221289657438
AFE,Country resampling,1,358,0.27412064478059284,0.23370801764640392,0.040412627134188917
AFE,Country resampling,1,359,0.11337246656400657,0.07655629831845423,0.03681616824555234
AFE,Country resampling,1,360,-0.16157509254788316,-0.2941401128171377,0.13256502026925454
AFE,Country resampling,1,361,-0.37638642990971816,-0.3682780402978695,-0.008108389611848676
AFE,Country resampling,1,362,-0.057015849503684324,-0.0843017090130892,0.027285859509404875
AFE,Country resampling,1,363,-0.5102133524787185,-0.4675836978390079,-0.04262965463971058
AFE,Country resampling,1,364,-0.39416666307033077,-0.38940924343879024,-0.004757419631540527
AFE,Country resampling,1,365,0.6685741879411005,0.5435515389648369,0.12502264897626358
AFE,Country resampling,1,366,-0.37851063774730354,-0.3813481154672086,0.002837477719905057
AFE,Country resampling,1,367,-0.4498556826152219,-0.5618911161104917,0.11203543349526979
AFE,Country resampling,1,368,-0.017159865815003394,0.04176387425343897,-0.058923740068442365
AFE,Country resampling,1,369,-0.7415565212355405,-0.7487106945050902,0.007154173269549702
AFE,Country resampling,1,370,0.3658001361157277,0.3221617762426061,0.04363835987312159
AFE,Country resampling,1,371,0.09524193673040604,-0.11232139701536159,0.20756333374576763
AFE,Country resampling,1,372,0.8395027792960639,0.7905956155910727,0.04890716370499115
AFE,Country resampling,1,373,1.0544563814204087,1.0414041952248887,0.013052186195519955
AFE,Country resampling,1,374,-0.5760180323387855,-0.5466267186975422,-0.029391313641243255
AFE,Country resampling,1,375,0.7251587782833444,0.6415674733850114,0.083591304898333
AFE,Country resampling,1,376,-0.22620698766687009,-0.28697012529199584,0.06076313762512575
AFE,Country resampling,1,377,-0.21337887053360138,-0.1827777523924431,-0.03060111814115829
AFE,Country resampling,1,378,-0.3506194923899608,-0.40511553034606673,0.054496037956105914
AFE,Country resampling,1,379,0.056233321665250635,-0.06085211917375166,0.1170854408390023
AFE,Country resampling,1,380,-0.03775093180240763,-0.04945965496000726,0.011708723157599632
AFE,Country resampling,1,381,-0.11547788918610447,-0.11897696883625097,0.0034990796501465082
AFE,Country resampling,1,382,0.24270223145741032,0.25508498636954724,-0.012382754912136917
AFE,Country resampling,1,383,-0.8049901143456359,-0.8261231834824241,0.02113306913678814
AFE,Country resampling,1,384,-0.3719024649972057,-0.3613630627217451,-0.010539402275460574
AFE,Country resampling,1,385,-0.4804558227735547,-0.5056836077139346,0.025227784940379916
AFE,Country resampling,1,386,-0.4113980334586216,-0.44601459281585465,0.03461655935723307
AFE,Country resampling,1,387,0.29052955394625024,0.2610209611256733,0.02950859282057694
AFE,Country resampling,1,388,-0.3209283596986303,-0.36148364210459716,0.04055528240596684
AFE,Country resampling,1,389,-0.5209886500292485,-0.4999539278003954,-0.021034722228853164
AFE,Country resampling,1,390,0.06719262563813277,0.034111764112209286,0.03308086152592349
AFE,Country resampling,1,391,0.5283474802609234,0.39900840073842936,0.12933907952249402
AFE,Country resampling,1,392,-0.4764679209799053,-0.4623995624373819,-0.014068358542523418
AFE,Country resampling,1,393,-0.1298015843762821,-0.2999395553124917,0.17013797093620964
AFE,Country resampling,1,394,-0.02667730267072521,-0.039168819889448425,0.012491517218723214
AFE,Country resampling,1,395,0.24598321862741512,-0.012011073469326838,0.25799429209674196
AFE,Country resampling,1,396,-0.6791779593286877,-0.7192791570461669,0.04010119771747911
AFE,Country resampling,1,397,-0.44523406763267737,-0.4408375203628463,-0.004396547269831075
AFE,Country resampling,1,398,-0.20253055688265864,-0.26716863250945544,0.0646380756267968
AFE,Country resampling,1,399,0.004251194732553865,-0.03264930814476874,0.036900502877322605
AFE,Country resampling,1,400,0.05046155379200523,0.08001190187454865,-0.02955034808254342
AFE,Country resampling,1,401,-0.3866005466724638,-0.3937162774059173,0.007115730733453507
AFE,Country resampling,1,402,0.09500327975348499,-0.010242916679249814,0.1052461964327348
AFE,Country resampling,1,403,-0.3749905362775213,-0.4088944723256078,0.0339039360480865
AFE,Country resampling,1,404,-0.03653326758409048,-0.029244358437096052,-0.007288909146994427
AFE,Country resampling,1,405,-0.2669610977768211,-0.36798730404218827,0.10102620626536718
AFE,Country resampling,1,406,0.4588190996973447,0.4735346258491522,-0.01471552615180749
AFE,Country resampling,1,407,-0.4279377693411812,-0.3991168385401236,-0.02882093080105763
AFE,Country resampling,1,408,-0.5975056833842762,-0.600464828277995,0.002959144893718735
AFE,Country resampling,1,409,-0.24381562601512652,-0.261281239126711,0.017465613111584455
AFE,Country resampling,1,410,-0.3838686326543199,-0.426379853173662,0.042511220519342086
AFE,Country resampling,1,411,-0.22536257100371748,-0.2609360031266692,0.03557343212295172
AFE,Country resampling,1,412,0.2952492865627703,0.23777729817189552,0.05747198839087475
AFE,Country resampling,1,413,0.7274380854336524,0.7156083479297957,0.011829737503856741
AFE,Country resampling,1,414,0.3880366510565003,0.457639445230259,-0.0696027941737587
AFE,Country resampling,1,415,-0.29511235714258055,-0.29447881744043336,-6.3353970214719e-4
AFE,Country resampling,1,416,-0.687004208380136,-0.6901214215541411,0.003117213174005151
AFE,Country resampling,1,417,-0.04047141152861378,-0.04241304796643475,0.0019416364378209705
AFE,Country resampling,1,418,0.5188856083369373,0.2774646164698744,0.2414209918670629
AFE,Country resampling,1,419,-0.6373401028070373,-0.6308185784099687,-0.0065215243970686565
AFE,Country resampling,1,420,-0.07788463419531466,-0.05620372170351162,-0.02168091249180304
AFE,Country resampling,1,421,-0.14763304419859435,-0.1673885167174689,0.01975547251887455
AFE,Country resampling,1,422,-0.027499168590294998,-0.06344661090213666,0.03594744231184166
AFE,Country resampling,1,423,-0.0778328836583736,-0.0661510689111251,-0.011681814747248498
AFE,Country resampling,1,424,-0.36666154379834925,-0.33812759441653295,-0.028533949381816304
AFE,Country resampling,1,425,-0.3101634343921593,-0.27604110418218286,-0.03412233020997646
AFE,Country resampling,1,426,0.32277241537249135,0.4351800031917832,-0.11240758781929183
AFE,Country resampling,1,427,-0.45532659947953313,-0.48992645647129396,0.034599856991760825
AFE,Country resampling,1,428,-0.4920106629219745,-0.5122538983266508,0.02024323540467632
AFE,Country resampling,1,429,0.013341720034185656,0.10790291366053895,-0.09456119362635329
AFE,Country resampling,1,430,1.165954517120006,0.8707362274440755,0.29521828967593056
AFE,Country resampling,1,431,-0.5998276229817063,-0.6106761612705038,0.010848538288797505
AFE,Country resampling,1,432,-0.46952238581838135,-0.4639236073590347,-0.005598778459346643
AFE,Country resampling,1,433,-0.026485688177057654,-0.13101227264990678,0.10452658447284913
AFE,Country resampling,1,434,-0.199757367951499,-0.20261079326200426,0.002853425310505253
AFE,Country resampling,1,435,-0.3851901743732855,-0.3651153959479977,-0.02007477842528782
AFE,Country resampling,1,436,-0.45128588507422596,-0.5247143477810956,0.07342846270686965
AFE,Country resampling,1,437,-0.08233303234524791,-0.12858343014096774,0.04625039779571982
AFE,Country resampling,1,438,-0.4409586943930415,-0.47262059211536933,0.03166189772232786
AFE,Country resampling,1,439,-0.334477147634911,-0.39555635042421977,0.061079202789308784
AFE,Country resampling,1,440,0.2762196468091789,0.137892899280061,0.1383267475291179
AFE,Country resampling,1,441,-0.6069049239547217,-0.5955302436709601,-0.011374680283761651
AFE,Country resampling,1,442,-0.28860132281615014,-0.2792145884921837,-0.009386734323966417
AFE,Country resampling,1,443,0.5802160608383695,0.3896131148587536,0.1906029459796159
AFE,Country resampling,1,444,-0.34686171228796026,-0.3531069639567428,0.006245251668782537
AFE,Country resampling,1,445,-0.5311009643581968,-0.48636269894812756,-0.0447382654100692
AFE,Country resampling,1,446,-0.2873642515402166,-0.37544169658107074,0.08807744504085413
AFE,Country resampling,1,447,0.03788979945503068,0.020800672034803513,0.017089127420227168
AFE,Country resampling,1,448,-0.4339265554578743,-0.40858455156463247,-0.025342003893241816
AFE,Country resampling,1,449,-0.06706439260308839,-0.10720636354554092,0.04014197094245253
AFE,Country resampling,1,450,-0.26145643265759155,-0.2557847577202117,-0.005671674937379856
AFE,Country resampling,1,451,0.0064352252039305835,-0.16349016367618785,0.16992538888011843
AFE,Country resampling,1,452,-0.4321313829308189,-0.4344920380729177,0.002360655142098822
AFE,Country resampling,1,453,0.1635203218695862,0.2714044787110981,-0.10788415684151187
AFE,Country resampling,1,454,-0.7113998398258523,-0.7199895757887467,0.008589735962894363
AFE,Country resampling,1,455,-0.7485671681794195,-0.7201310213870997,-0.02843614679231976
AFE,Country resampling,1,456,0.4906989889737019,0.616165022358409,-0.12546603338470708
AFE,Country resampling,1,457,-0.13241850425287027,-0.10178266298298999,-0.030635841269880282
AFE,Country resampling,1,458,0.8225624562610294,0.30072490621804504,0.5218375500429844
AFE,Country resampling,1,459,-0.014394472377728063,-0.05924430367161271,0.044849831293884646
AFE,Country resampling,1,460,-0.5062398542951541,-0.5612311307470574,0.05499127645190338
AFE,Country resampling,1,461,-0.6129320563249891,-0.600437816928439,-0.012494239396550144
AFE,Country resampling,1,462,0.813751670921895,0.7509266094384319,0.06282506148346312
AFE,Country resampling,1,463,-0.22773423481726962,-0.20509293334698242,-0.0226413014702872
AFE,Country resampling,1,464,0.15544401929441753,0.18621963653984852,-0.030775617245430986
AFE,Country resampling,1,465,-0.8516681205278183,-0.8455445847585261,-0.006123535769292143
AFE,Country resampling,1,466,0.7647549752278449,0.7031268843685625,0.061628090859282336
AFE,Country resampling,1,467,-0.3893776761517166,-0.42374226173015317,0.03436458557843658
AFE,Country resampling,1,468,-0.15881017053393276,-0.17661784054593632,0.017807670012003562
AFE,Country resampling,1,469,0.09295636102819516,0.03445229143789863,0.058504069590296526
AFE,Country resampling,1,470,-0.11605670030496551,-0.28220635199093025,0.16614965168596474
AFE,Country resampling,1,471,1.4356723502875672,1.3996428937053982,0.03602945658216905
AFE,Country resampling,1,472,0.37921155737284695,0.3375884699993579,0.041623087373489076
AFE,Country resampling,1,473,0.003219186730374135,-0.006308956568575663,0.009528143298949798
AFE,Country resampling,1,474,0.1875656223522617,0.19628589519676565,-0.00872027284450394
AFE,Country resampling,1,475,-0.5161199392747184,-0.5409418522877993,0.0248219130130809
AFE,Country resampling,1,476,0.06324854292723847,0.156567299965922,-0.09331875703868353
AFE,Country resampling,1,477,-0.3886619592309123,-0.411424655163362,0.022762695932449728
AFE,Country resampling,1,478,0.585828862652144,0.5209120679431896,0.0649167947089544
AFE,Country resampling,1,479,-0.5354587683698141,-0.6080424731349348,0.07258370476512066
AFE,Country resampling,1,480,-0.39009402476023225,-0.4084573533549637,0.018363328594731443
AFE,Country resampling,1,481,1.2752073631740557,1.2900804727868382,-0.014873109612782542
AFE,Country resampling,1,482,-0.33999909916041626,-0.36668480961665595,0.026685710456239686
AFE,Country resampling,1,483,-0.6575973578883694,-0.6186524402234106,-0.03894491766495878
AFE,Country resampling,1,484,-0.08775169217127321,-0.09826271124051911,0.010511019069245897
AFE,Country resampling,1,485,0.7080495490855321,0.6661168822956325,0.0419326667898996
AFE,Country resampling,1,486,-0.2504917050929887,-0.27113473439269875,0.02064302929971007
AFE,Country resampling,1,487,-0.6578204122714415,-0.6698104430937484,0.011990030822306874
AFE,Country resampling,1,488,-0.3383923925372211,-0.32242740051838703,-0.015964992018834057
AFE,Country resampling,1,489,-0.20434726335849596,-0.24336142758451096,0.039014164226015
AFE,Country resampling,1,490,-0.20678477460670597,-0.19611185136604647,-0.010672923240659493
AFE,Country resampling,1,491,0.04536816250861353,-0.10539066407703068,0.1507588265856442
AFE,Country resampling,1,492,1.2990892608469857,1.418087783883733,-0.11899852303674718
AFE,Country resampling,1,493,-0.32399104376727106,-0.505245459689573,0.18125441592230196
AFE,Country resampling,1,494,-0.020220702660386558,-0.18224117529690875,0.1620204726365222
AFE,Country resampling,1,495,-0.5561030061713431,-0.5561439449012855,4.0938729942374685e-5
AFE,Country resampling,1,496,-0.7618047967815846,-0.770601672152964,0.008796875371379409
AFE,Country resampling,1,497,-0.23333625082243825,-0.25940453362828664,0.026068282805848386
AFE,Country resampling,1,498,-0.5224538352435004,-0.5402663022756102,0.017812467032109813
AFE,Country resampling,1,499,1.1071363990782026,0.6407241571153299,0.4664122419628727
AFE,Country resampling,1,500,-0.05897568710570544,-0.13042149288057658,0.07144580577487114
AFE,Country resampling,1,501,-0.24338128056909958,-0.2535769654208353,0.01019568485173572
AFE,Country resampling,1,502,-0.38432121390716745,-0.4061041091276907,0.021782895220523235
AFE,Country resampling,1,503,-0.6308931839319855,-0.6532506717363511,0.02235748780436564
AFE,Country resampling,1,504,0.08129433022347632,0.04661811858559983,0.034676211637876486
AFE,Country resampling,1,505,-0.5672985073862842,-0.5640521820713593,-0.0032463253149248583
AFE,Country resampling,1,506,0.5714624921779994,0.6528299374844169,-0.08136744530641749
AFE,Country resampling,1,507,-0.33614845375163904,-0.3761172377812907,0.03996878402965165
AFE,Country resampling,1,508,-0.3835733674196685,-0.3353030189165084,-0.04827034850316014
AFE,Country resampling,1,509,-0.2932176826966413,-0.42520995586550137,0.13199227316886009
AFE,Country resampling,1,510,0.1245469416896805,0.018680992886586978,0.10586594880309352
AFE,Country resampling,1,511,-0.11863489174733577,-0.12167737651617239,0.0030424847688366174
AFE,Country resampling,1,512,-0.41800576542152756,-0.3719067997274931,-0.04609896569403449
AFE,Country resampling,1,513,-0.55366174183471,-0.5768518666984994,0.023190124863789463
AFE,Country resampling,1,514,0.3542819845576084,0.35184095336203125,0.002441031195577148
AFE,Country resampling,1,515,-0.5334879037410324,-0.5784655926247634,0.04497768888373099
AFE,Country resampling,1,516,0.6284936877772369,0.6235491722467434,0.004944515530493465
AFE,Country resampling,1,517,-0.28484579565606516,-0.38108860955070445,0.09624281389463929
AFE,Country resampling,1,518,-0.05531459153380924,-0.14604137803278072,0.09072678649897148
AFE,Country resampling,1,519,-0.3610069516362252,-0.39427727664889034,0.033270325012665136
AFE,Country resampling,1,520,2.279345661145049,2.000634047518029,0.27871161362702024
AFE,Country resampling,1,521,-0.47262162595792157,-0.5376063585922861,0.06498473263436455
AFE,Country resampling,1,522,0.1835855045663377,0.2262038775844577,-0.04261837301811999
AFE,Country resampling,1,523,-0.3081738183178876,-0.29275168690542985,-0.01542213141245774
AFE,Country resampling,1,524,-0.041519276882858724,-0.1440666145853864,0.10254733770252766
AFE,Country resampling,1,525,-0.44159841182231807,-0.4714662252164995,0.02986781339418143
AFE,Country resampling,1,526,-0.4650968873448331,-0.46204296443500814,-0.00305392290982498
AFE,Country resampling,1,527,-0.5271154708239342,-0.5695027956561568,0.04238732483222263
AFE,Country resampling,1,528,0.042547666035382736,0.1626152003156709,-0.12006753428028816
AFE,Country resampling,1,529,2.2710873063492674,2.0244382414935798,0.2466490648556876
AFE,Country resampling,1,530,-0.5302821052187475,-0.5205904816985598,-0.009691623520187709
AFE,Country resampling,1,531,-0.07150887454002708,-0.07863282895339119,0.007123954413364109
AFE,Country resampling,1,532,0.04614263231373372,0.00937466838699108,0.03676796392674264
AFE,Country resampling,1,533,-0.3227633587154367,-0.4595832003786605,0.1368198416632238
AFE,Country resampling,1,534,-0.2718886581185963,-0.33388389668599194,0.06199523856739564
AFE,Country resampling,1,535,-0.4804648026041657,-0.5393303164745855,0.05886551387041983
AFE,Country resampling,1,536,-0.46598846628991075,-0.47820992244915417,0.012221456159243416
AFE,Country resampling,1,537,-0.38599255033002555,-0.37836227401899936,-0.007630276311026196
AFE,Country resampling,1,538,-0.049013618529239245,-0.13958602469929682,0.09057240617005757
AFE,Country resampling,1,539,0.8631581500878356,0.8124077559396634,0.05075039414817217
AFE,Country resampling,1,540,0.3606998400130188,0.4019765491001559,-0.0412767090871371
AFE,Country resampling,1,541,1.0967075177518142,0.9267939962545626,0.16991352149725159
AFE,Country resampling,1,542,-0.14885505941394495,-0.17772355724196254,0.028868497828017592
AFE,Country resampling,1,543,-0.44151533855783154,-0.3232332012482202,-0.11828213730961135
AFE,Country resampling,1,544,0.09450246360594838,-0.14331163963344862,0.237814103239397
AFE,Country resampling,1,545,0.9473833399782898,0.7000154559987402,0.24736788397954967
AFE,Country resampling,1,546,-0.3914398609408244,-0.37289571024550294,-0.01854415069532145
AFE,Country resampling,1,547,1.3133606657234291,0.9563081740813753,0.3570524916420539
AFE,Country resampling,1,548,-0.5412003622117869,-0.5396038834058476,-0.001596478805939272
AFE,Country resampling,1,549,-0.5421062217752903,-0.538645734885416,-0.0034604868898743257
AFE,Country resampling,1,550,0.18887947445077935,0.05081057696211033,0.13806889748866902
AFE,Country resampling,1,551,-0.3400990555068054,-0.397268958396378,0.05716990288957258
AFE,Country resampling,1,552,-0.48022893294121627,-0.5610679611849856,0.08083902824376932
AFE,Country resampling,1,553,0.3979691231017364,0.3424261783190583,0.05554294478267807
AFE,Country resampling,1,554,-0.33469299197954483,-0.3150849898104754,-0.01960800216906944
AFE,Country resampling,1,555,-0.017666478528817087,-0.18998986883763758,0.1723233903088205
AFE,Country resampling,1,556,-0.11179016849086165,-0.2084221111914616,0.09663194270059994
AFE,Country resampling,1,557,-0.4536118782496744,-0.48363385442547946,0.030021976175805043
AFE,Country resampling,1,558,-0.6182510264119346,-0.6282491944504616,0.009998168038526933
AFE,Country resampling,1,559,-0.15302849696685417,-0.08611391489332554,-0.06691458207352863
AFE,Country resampling,1,560,-0.18816648256158364,-0.2668947770501553,0.07872829448857166
AFE,Country resampling,1,561,-0.852070807547335,-0.8603759822909745,0.008305174743639454
AFE,Country resampling,1,562,0.4440975440976216,0.328895871302997,0.11520167279462457
AFE,Country resampling,1,563,-0.1894668729137794,-0.2782565045360731,0.0887896316222937
AFE,Country resampling,1,564,-0.05071357417961053,-0.09137716751287228,0.04066359333326175
AFE,Country resampling,1,565,-0.5055401352429718,-0.5446486747552521,0.03910853951228033
AFE,Country resampling,1,566,-0.4898062351531878,-0.4942605678342791,0.0044543326810913
AFE,Country resampling,1,567,-0.3609628244382981,-0.36559944999438543,0.004636625556087348
AFE,Country resampling,1,568,-0.5291798401796824,-0.5510290204342229,0.021849180254540412
AFE,Country resampling,1,569,-0.2279280244874401,-0.23046603036449786,0.0025380058770577696
AFE,Country resampling,1,570,-0.39342892962477627,-0.49242662403238724,0.09899769440761097
AFE,Country resampling,1,571,-0.47139046932883233,-0.3949587406279188,-0.07643172870091353
AFE,Country resampling,1,572,-0.6348657993183717,-0.6638841778970965,0.0290183785787248
AFE,Country resampling,1,573,-0.1488270189894083,-0.1203064070108093,-0.02852061197859901
AFE,Country resampling,1,574,-0.42453481928614767,-0.4191085359592741,-0.00542628332687356
AFE,Country resampling,1,575,1.2864375323678634,1.0416440213259812,0.24479351104188218
AFE,Country resampling,1,576,1.585407309996448,1.1785547613052514,0.4068525486911967
AFE,Country resampling,1,577,0.07284030390309626,-0.011850398014138674,0.08469070191723493
AFE,Country resampling,1,578,-0.2619776621777262,-0.36137406581603115,0.09939640363830493
AFE,Country resampling,1,579,-0.6288566504362649,-0.6754245500489451,0.04656789961268015
AFE,Country resampling,1,580,-0.1973432577007065,-0.24186021709568506,0.04451695939497857
AFE,Country resampling,1,581,0.1830470363620016,0.3162910931642178,-0.13324405680221618
AFE,Country resampling,1,582,-0.22292539916561893,-0.2944194239448229,0.07149402477920397
AFE,Country resampling,1,583,-0.6201222722290904,-0.6452607730905822,0.02513850086149172
AFE,Country resampling,1,584,1.3754032123025395,0.9367551663721518,0.43864804593038764
AFE,Country resampling,1,585,-0.3461089409645245,-0.35786828345588606,0.011759342491361569
AFE,Country resampling,1,586,-0.33821431248864886,-0.3537337975372593,0.015519485048610449
AFE,Country resampling,1,587,-0.3598021059903316,-0.333115464581088,-0.026686641409243594
AFE,Country resampling,1,588,-0.5043729526548152,-0.5393263554529282,0.03495340279811299
AFE,Country resampling,1,589,-0.5202565008009881,-0.5111654557365812,-0.009091045064406833
AFE,Country resampling,1,590,-0.22273308823952287,-0.28087826730556076,0.05814517906603789
AFE,Country resampling,1,591,0.4656994551281757,0.1782955010084628,0.28740395411971287
AFE,Country resampling,1,592,0.9657228609855566,0.8748997783174959,0.09082308266806072
AFE,Country resampling,1,593,0.38389574335418475,0.23755318195469344,0.1463425613994913
AFE,Country resampling,1,594,-0.6792029816115266,-0.7300552324111383,0.05085225079961175
AFE,Country resampling,1,595,0.8372066738374493,0.7688368203629325,0.06836985347451674
AFE,Country resampling,1,596,-0.5580498791508763,-0.6096223693110135,0.05157249016013721
AFE,Country resampling,1,597,-0.2637680401750768,-0.26388768463061907,1.196444555422449e-4
AFE,Country resampling,1,598,-0.6593959094265136,-0.7037748147504868,0.04437890532397315
AFE,Country resampling,1,599,0.3933031997552363,0.29818918288444185,0.09511401687079446
AFE,Country resampling,1,600,-0.6438543554799676,-0.6414602286464864,-0.0023941268334811694
AFE,Country resampling,1,601,-0.42563751862314925,-0.41412223930967507,-0.01151527931347418
AFE,Country resampling,1,602,0.4817842664609222,0.5520693598393618,-0.07028509337843958
AFE,Country resampling,1,603,-0.31405514261981116,-0.3516887642848314,0.03763362166502027
AFE,Country resampling,1,604,0.18761775391640567,0.037413018984729485,0.1502047349316762
AFE,Country resampling,1,605,0.006965295946740335,-0.19742041494517892,0.20438571089191926
AFE,Country resampling,1,606,-0.4699517465459071,-0.5274065713234355,0.05745482477752839
AFE,Country resampling,1,607,-0.8006228842770428,-0.7761497541658666,-0.024473130111176133
AFE,Country resampling,1,608,0.5406224807410476,0.42939188305650955,0.11123059768453802
AFE,Country resampling,1,609,0.13148016759428627,0.03334090916203203,0.09813925843225424
AFE,Country resampling,1,610,0.4048442077158938,0.2849572809933747,0.1198869267225191
AFE,Country resampling,1,611,-0.05273657868800019,-0.002699942370128383,-0.05003663631787181
AFE,Country resampling,1,612,-0.04027597213212486,-0.03077379462000529,-0.00950217751211957
AFE,Country resampling,1,613,-0.17930210766573373,-0.24241648866551524,0.0631143809997815
AFE,Country resampling,1,614,1.1337491019064556,0.9683641762714783,0.1653849256349773
AFE,Country resampling,1,615,0.6863943087641167,0.49899313183324523,0.18740117693087144
AFE,Country resampling,1,616,-0.4476921641270597,-0.4835921690234619,0.035900004896402216
AFE,Country resampling,1,617,1.0606546691539793,1.0922840472454647,-0.03162937809148536
AFE,Country resampling,1,618,-0.3400531395781483,-0.3281598350552626,-0.011893304522885728
AFE,Country resampling,1,619,0.6370416030553203,0.6277641133385277,0.009277489716792653
AFE,Country resampling,1,620,-0.5149920408442015,-0.5312701829345838,0.016278142090382364
AFE,Country resampling,1,621,-0.3981276956034214,-0.49645241910224946,0.09832472349882804
AFE,Country resampling,1,622,-0.19338988640577948,-0.2255208950233596,0.032131008617580115
AFE,Country resampling,1,623,-0.19697725176689385,-0.2787748499712198,0.08179759820432597
AFE,Country resampling,1,624,0.08259344071396946,-0.07536491480717888,0.15795835552114834
AFE,Country resampling,1,625,-0.4946730822072398,-0.5178292340249245,0.02315615181768471
AFE,Country resampling,1,626,-0.3003523955649804,-0.37396685187165923,0.07361445630667884
AFE,Country resampling,1,627,0.04659801347828885,0.03519859236153411,0.011399421116754738
AFE,Country resampling,1,628,-0.2806766812148572,-0.23942589291137062,-0.04125078830348661
AFE,Country resampling,1,629,-0.6794207068383138,-0.7100035417375785,0.03058283489926472
AFE,Country resampling,1,630,-0.676198494079314,-0.6973342887946299,0.021135794715315903
AFE,Country resampling,1,631,-0.3624347162042809,-0.3914306200397474,0.028995903835466463
AFE,Country resampling,1,632,-0.7167499725666563,-0.7103990191911829,-0.006350953375473423
AFE,Country resampling,1,633,0.3013423442314922,0.3361515171037197,-0.03480917287222751
AFE,Country resampling,1,634,-0.661200134484628,-0.6279159966940784,-0.03328413779054962
AFE,Country resampling,1,635,0.27655395939936156,0.06547827055064537,0.2110756888487162
AFE,Country resampling,1,636,-0.20811407924511072,-0.23973245215097205,0.031618372905861336
AFE,Country resampling,1,637,0.14479647701909126,0.034696509650052665,0.1100999673690386
AFE,Country resampling,1,638,-0.3461961345740143,-0.37295114525301576,0.026755010679001434
AFE,Country resampling,1,639,-0.5347727343225375,-0.5648575491820629,0.03008481485952541
AFE,Country resampling,1,640,0.7207249199007362,0.6548710218066438,0.06585389809409237
AFE,Country resampling,1,641,0.44601523912929997,0.3709627180927273,0.07505252103657267
AFE,Country resampling,1,642,-0.4983159705640824,-0.5471398500330129,0.04882387946893052
AFE,Country resampling,1,643,-0.6169735221359647,-0.6408303029392746,0.023856780803309885
AFE,Country resampling,1,644,3.039379659942285,2.6737710913887143,0.3656085685535708
AFE,Country resampling,1,645,0.10958700192126547,0.11767829280187159,-0.008091290880606117
AFE,Country resampling,1,646,-0.20035582305682142,-0.16836912130034964,-0.03198670175647178
AFE,Country resampling,1,647,0.04114545092017052,-0.0587059808621051,0.09985143178227562
AFE,Country resampling,1,648,0.19761928825191877,0.17524573691796874,0.022373551333950026
AFE,Country resampling,1,649,-0.3037518326406725,-0.4074430517157607,0.10369121907508816
AFE,Country resampling,1,650,-0.6866322986347136,-0.6671671064190186,-0.019465192215695093
AFE,Country resampling,1,651,-0.7732952709191079,-0.768927384944869,-0.004367885974238872
AFE,Country resampling,1,652,-0.1488129201949676,-0.15168630805067307,0.002873387855705456
AFE,Country resampling,1,653,-0.35584643254044324,-0.3930522360647243,0.037205803524281045
AFE,Country resampling,1,654,1.25603763842031,1.0582375899101524,0.19780004851015764
AFE,Country resampling,1,655,-0.42254705919637847,-0.45767342574851044,0.03512636655213197
AFE,Country resampling,1,656,-0.5420287422420262,-0.5451124583683677,0.003083716126341507
AFE,Country resampling,1,657,-0.25353380092615174,-0.29320446572887193,0.03967066480272019
AFE,Country resampling,1,658,-0.05570274512646578,-0.015834237408661966,-0.039868507717803814
AFE,Country resampling,1,659,-0.03790240085830643,-0.0028510839628973494,-0.03505131689540908
AFE,Country resampling,1,660,1.5989572861312218,1.1221762978082483,0.47678098832297344
AFE,Country resampling,1,661,-0.004217424844445428,0.012243971448226754,-0.01646139629267218
AFE,Country resampling,1,662,0.10027640470920995,0.12359595682461144,-0.023319552115401487
AFE,Country resampling,1,663,0.4705794468851683,0.4158978432784657,0.0546816036067026
AFE,Country resampling,1,664,1.4864880527685522,1.3564644488657214,0.13002360390283085
AFE,Country resampling,1,665,-0.5749237484031191,-0.5533247180756785,-0.021599030327440594
AFE,Country resampling,1,666,0.01898846090399764,-0.10644911785325073,0.12543757875724837
AFE,Country resampling,1,667,-0.4229678936743402,-0.39822890725476545,-0.024738986419574727
AFE,Country resampling,1,668,-0.358458640256875,-0.353675860459322,-0.004782779797553038
AFE,Country resampling,1,669,-0.39695845927463724,-0.3616750240161566,-0.035283435258480655
AFE,Country resampling,1,670,1.076396007452614,0.6472499443040365,0.4291460631485775
AFE,Country resampling,1,671,0.22181695511655009,0.20506695731255076,0.016749997803999328
AFE,Country resampling,1,672,-0.632108663457482,-0.6600269523720897,0.02791828891460779
AFE,Country resampling,1,673,1.3698737397065663,1.3862483198098712,-0.016374580103304837
AFE,Country resampling,1,674,-0.027024295379679986,-0.047305987198353106,0.02028169181867312
AFE,Country resampling,1,675,-0.580217917962274,-0.6285684565233618,0.04835053856108784
AFE,Country resampling,1,676,1.2943319432751412,1.0270207053929865,0.2673112378821547
AFE,Country resampling,1,677,-0.3118999586775637,-0.33063022002624864,0.01873026134868494
AFE,Country resampling,1,678,0.1685254360533499,0.1751950947925185,-0.006669658739168582
AFE,Country resampling,1,679,1.0889594559152433,1.2692118056525947,-0.18025234973735138
AFE,Country resampling,1,680,0.8796543311426182,0.8261603246658806,0.05349400647673752
AFE,Country resampling,1,681,-0.5984324973177471,-0.6282679619092464,0.029835464591499328
AFE,Country resampling,1,682,-0.6596515274146966,-0.6382951715410681,-0.021356355873628496
AFE,Country resampling,1,683,-0.7214488773181,-0.7344307076368127,0.012981830318712695
AFE,Country resampling,1,684,-0.239173444029669,-0.26994792180351235,0.030774477773843345
AFE,Country resampling,1,685,0.8309980297416963,0.3747485370425052,0.45624949269919113
AFE,Country resampling,1,686,-0.21075613061891996,-0.23708065076757368,0.02632452014865372
AFE,Country resampling,1,687,0.7121419517653851,0.6644506027134383,0.04769134905194683
AFE,Country resampling,1,688,-0.4506426808703792,-0.451943593857293,0.0013009129869138158
AFE,Country resampling,1,689,1.1539589437887443,1.085930799795487,0.0680281439932573
AFE,Country resampling,1,690,-0.6441403625856513,-0.6261086610866226,-0.018031701499028774
AFE,Country resampling,1,691,0.6394331597759431,0.6192762958447291,0.020156863931213964
AFE,Country resampling,1,692,-0.155642467536677,-0.21260505137859798,0.05696258384192099
AFE,Country resampling,1,693,-0.4216295135998702,-0.4212021280197349,-4.27385580135331e-4
AFE,Country resampling,1,694,-0.1506572534276155,-0.21519695334599975,0.06453969991838426
AFE,Country resampling,1,695,-0.5710044528963606,-0.5173498147476998,-0.05365463814866078
AFE,Country resampling,1,696,-0.6007810148338623,-0.6377841073146977,0.03700309248083544
AFE,Country resampling,1,697,0.5797168818293301,0.40751194476540964,0.17220493706392048
AFE,Country resampling,1,698,-0.04435532515602214,-0.15150887991014483,0.10715355475412269
AFE,Country resampling,1,699,-0.30681983485180175,-0.33018309100949716,0.02336325615769541
AFE,Country resampling,1,700,0.4521852701861251,0.7096392040978119,-0.2574539339116868
AFE,Country resampling,1,701,-0.43051575042778434,-0.4378985140779601,0.007382763650175761
AFE,Country resampling,1,702,-0.5980740322990945,-0.5680148121787438,-0.03005922012035067
AFE,Country resampling,1,703,-0.3982822185587349,-0.46662117486374766,0.06833895630501274
AFE,Country resampling,1,704,-0.11233449125177886,-0.1059603274608949,-0.006374163790883958
AFE,Country resampling,1,705,-0.740478748689857,-0.7518806716521869,0.011401922962329891
AFE,Country resampling,1,706,0.2732578754651509,0.06727511255954988,0.20598276290560102
AFE,Country resampling,1,707,-0.30316426590085976,-0.30159095821111837,-0.001573307689741399
AFE,Country resampling,1,708,-0.4715947461425146,-0.4942678893941731,0.02267314325165848
AFE,Country resampling,1,709,-0.23903264619637188,-0.24369819229252332,0.0046655460961514406
AFE,Country resampling,1,710,-0.6710852147949562,-0.6924408092838481,0.021355594488891905
AFE,Country resampling,1,711,-0.7250408670103856,-0.787485346438232,0.06244447942784637
AFE,Country resampling,1,712,0.0763900283179133,-0.027645193950639246,0.10403522226855255
AFE,Country resampling,1,713,-0.5192733347403432,-0.5879380749322438,0.06866474019190061
AFE,Country resampling,1,714,-0.6761586128632407,-0.7032374527767401,0.027078839913499353
AFE,Country resampling,1,715,-0.7559521404790539,-0.7622816871958658,0.006329546716811851
AFE,Country resampling,1,716,-0.03909332940015475,-0.03745868790484708,-0.001634641495307676
AFE,Country resampling,1,717,-0.5718693783461988,-0.5216470699413398,-0.05022230840485897
AFE,Country resampling,1,718,-0.4422951013656953,-0.4419765568111983,-3.1854455449698005e-4
AFE,Country resampling,1,719,0.06470750605144393,-0.1197339496810722,0.18444145573251614
AFE,Country resampling,1,720,1.156703266428858,1.6195242297188464,-0.46282096328998845
AFE,Country resampling,1,721,-0.3385097224522361,-0.3370368665639861,-0.0014728558882499687
AFE,Country resampling,1,722,-0.03167881474357537,-0.18543359208581833,0.15375477734224297
AFE,Country resampling,1,723,-0.01424072815162769,-0.1980459540881473,0.1838052259365196
AFE,Country resampling,1,724,-0.24831544093407165,-0.3494993738578287,0.10118393292375705
AFE,Country resampling,1,725,0.11153801505406635,0.1400377317631969,-0.02849971670913054
AFE,Country resampling,1,726,-0.7910315036488496,-0.7902065666642097,-8.249369846398125e-4
AFE,Country resampling,1,727,0.1997456557649937,0.10839487694643224,0.09135077881856146
AFE,Country resampling,1,728,-0.3667327342729413,-0.4391262178909673,0.072393483618026
AFE,Country resampling,1,729,-0.16270438512747476,-0.1497116995473331,-0.01299268558014166
AFE,Country resampling,1,730,0.4075842672763268,0.3707854226347034,0.03679884464162342
AFE,Country resampling,1,731,-0.45629074060582475,-0.4763897039504209,0.020098963344596155
AFE,Country resampling,1,732,0.34278909062579044,0.29347160157306384,0.04931748905272659
AFE,Country resampling,1,733,-0.5143107972843645,-0.557175054886782,0.04286425760241752
AFE,Country resampling,1,734,0.08802500450078954,0.010688518097312194,0.07733648640347734
AFE,Country resampling,1,735,-0.1528215410634779,-0.15333526136117415,5.137202976962518e-4
AFE,Country resampling,1,736,-0.5251825951168911,-0.5260187675838086,8.36172466917473e-4
AFE,Country resampling,1,737,0.0140790247706577,-0.09833447121073002,0.11241349598138772
AFE,Country resampling,1,738,0.6934358591530749,-0.4175637400287624,1.1109995991818373
AFE,Country resampling,1,739,0.06908115756282096,0.09939054816346982,-0.030309390600648856
AFE,Country resampling,1,740,-0.5236032628873708,-0.549602006133475,0.025998743246104183
AFE,Country resampling,1,741,-0.5878429750780574,-0.5846239225218398,-0.003219052556217572
AFE,Country resampling,1,742,1.0245720482767648,0.9100956911232112,0.11447635715355364
AFE,Country resampling,1,743,-0.39315303505269805,-0.4006295525494299,0.007476517496731838
AFE,Country resampling,1,744,-0.6282040120034045,-0.6568165289129104,0.028612516909505947
AFE,Country resampling,1,745,-0.25210486717339375,-0.3110640447569495,0.05895917758355573
AFE,Country resampling,1,746,1.577203918973619,1.410547470837971,0.16665644813564784
AFE,Country resampling,1,747,-0.5659668630864597,-0.5353823987360096,-0.030584464350450147
AFE,Country resampling,1,748,0.5666217389146568,0.4061629758565448,0.16045876305811202
AFE,Country resampling,1,749,1.0516875861646158,0.7364248480937856,0.31526273807083016
AFE,Country resampling,1,750,-0.15062478831670756,-0.008495699733315765,-0.1421290885833918
AFE,Country resampling,1,751,-0.38887669085121357,-0.37325101476138833,-0.015625676089825236
AFE,Country resampling,1,752,-0.5115514038786868,-0.5142975789618894,0.002746175083202629
AFE,Country resampling,1,753,-0.15856983349852205,-0.42249135597764553,0.2639215224791235
AFE,Country resampling,1,754,-0.2472082426647847,-0.20772303143312154,-0.03948521123166315
AFE,Country resampling,1,755,0.43026998782055137,0.3106960761477686,0.11957391167278275
AFE,Country resampling,1,756,-0.33913160935581776,-0.400568201660054,0.06143659230423626
AFE,Country resampling,1,757,0.30000851015724583,0.34906540900474003,-0.0490568988474942
AFE,Country resampling,1,758,-0.28306138554959825,-0.320535891964148,0.037474506414549746
AFE,Country resampling,1,759,-0.10052089246874252,-0.053545359009141924,-0.046975533459600594
AFE,Country resampling,1,760,0.6315223343848273,0.3745514791103701,0.2569708552744572
AFE,Country resampling,1,761,0.10385634494312956,0.20030203257960344,-0.09644568763647388
AFE,Country resampling,1,762,-0.2313766010058177,-0.30477930068935877,0.07340269968354107
AFE,Country resampling,1,763,1.8067151370753898,1.6230087524999792,0.18370638457541055
AFE,Country resampling,1,764,-0.4347323485339728,-0.4307243291876717,-0.004008019346301128
AFE,Country resampling,1,765,-0.5427453941291382,-0.5132780918882003,-0.029467302240937965
AFE,Country resampling,1,766,-0.5835248137679367,-0.5589379359520046,-0.024586877815932162
AFE,Country resampling,1,767,-0.6946263901937453,-0.7704398405066966,0.07581345031295128
AFE,Country resampling,1,768,-0.6972127227310901,-0.7045550234134038,0.007342300682313674
AFE,Country resampling,1,769,-0.016911431573680913,-0.037035944726427905,0.020124513152746992
AFE,Country resampling,1,770,-0.30391796785366654,-0.3696197958231122,0.06570182796944568
AFE,Country resampling,1,771,-0.7872842497871634,-0.7950595818692523,0.007775332082088915
AFE,Country resampling,1,772,-0.16418205052179735,-0.19435321734555444,0.03017116682375709
AFE,Country resampling,1,773,-0.29015918711892297,-0.42436175127117515,0.13420256415225218
AFE,Country resampling,1,774,0.7504885785527118,0.4466863171302855,0.3038022614224263
AFE,Country resampling,1,775,-0.6299693296272826,-0.6337335607523312,0.003764231125048645
AFE,Country resampling,1,776,-0.6349276173792693,-0.6537450439146348,0.018817426535365556
AFE,Country resampling,1,777,0.08896123417717461,0.08245142460481114,0.0065098095723634675
AFE,Country resampling,1,778,-0.2157210089505942,-0.2911270624362936,0.0754060534856994
AFE,Country resampling,1,779,-0.13616604141145805,-0.07539430646066836,-0.06077173495078969
AFE,Country resampling,1,780,-0.4569252018256039,-0.5002504007401289,0.04332519891452502
AFE,Country resampling,1,781,1.2873730099650862,1.0325707734790734,0.25480223648601275
AFE,Country resampling,1,782,0.9446374433020985,0.9341087865774398,0.010528656724658747
AFE,Country resampling,1,783,0.1758029710102722,0.21706114127402265,-0.04125817026375045
AFE,Country resampling,1,784,0.017559350374330096,-0.04400385907564208,0.06156320944997218
AFE,Country resampling,1,785,-0.3476822062392617,-0.33705580667112056,-0.010626399568141154
AFE,Country resampling,1,786,-0.37033877414480376,-0.45315601032607833,0.08281723618127457
AFE,Country resampling,1,787,0.5240128502961812,0.5965360009199054,-0.07252315062372428
AFE,Country resampling,1,788,-0.42251332090640836,-0.4251066317458234,0.002593310839415053
AFE,Country resampling,1,789,-0.8178431194790939,-0.8367815349290304,0.018938415449936463
AFE,Country resampling,1,790,0.2827253705483346,0.1954900775649131,0.08723529298342148
AFE,Country resampling,1,791,-0.6718533822392121,-0.6795452648857707,0.007691882646558623
AFE,Country resampling,1,792,-0.1440173208049621,-0.09562709270795977,-0.04839022809700233
AFE,Country resampling,1,793,-0.37042435838787535,-0.367653001916899,-0.0027713564709763716
AFE,Country resampling,1,794,0.946851319560257,0.8389330540323474,0.10791826552790962
AFE,Country resampling,1,795,-0.5913009550022993,-0.6459160924007734,0.05461513739847412
AFE,Country resampling,1,796,0.03671356389712099,-0.00892696189046005,0.04564052578758104
AFE,Country resampling,1,797,1.5452175838725597,1.3893556457068277,0.15586193816573202
AFE,Country resampling,1,798,0.13956114609648185,0.04233127696679562,0.09722986912968623
AFE,Country resampling,1,799,0.1272965501865726,0.10200010082986122,0.02529644935671138
AFE,Country resampling,1,800,-0.25228048070921893,-0.31613724929988474,0.0638567685906658
AFE,Country resampling,1,801,-0.699489101184259,-0.6906583851983656,-0.008830715985893356
AFE,Country resampling,1,802,-0.23866701024838333,-0.2923993226169862,0.053732312368602875
AFE,Country resampling,1,803,1.7726286079208786,1.1200151528740876,0.652613455046791
AFE,Country resampling,1,804,0.6950359880316832,0.6385940546712225,0.05644193336046066
AFE,Country resampling,1,805,0.13963435269124447,0.19192843196862608,-0.05229407927738161
AFE,Country resampling,1,806,-0.524507000922374,-0.5172041938555838,-0.007302807066790207
AFE,Country resampling,1,807,-0.7970072386761891,-0.7911124967905905,-0.005894741885598576
AFE,Country resampling,1,808,-0.8299606481366164,-0.8306946413067652,7.339931701487723e-4
AFE,Country resampling,1,809,1.7842405795647518,1.9600316916136968,-0.17579111204894504
AFE,Country resampling,1,810,-0.3823314503789492,-0.3430490709398034,-0.03928237943914581
AFE,Country resampling,1,811,0.1358916891689168,0.016343504061473002,0.1195481851074438
AFE,Country resampling,1,812,-0.5044679156787748,-0.5143926693169216,0.009924753638146822
AFE,Country resampling,1,813,-0.5915809469930238,-0.5976227647357037,0.006041817742679978
AFE,Country resampling,1,814,-0.49727000927166376,-0.49128032041746283,-0.005989688854200925
AFE,Country resampling,1,815,0.7703502877510087,0.695870980015499,0.0744793077355097
AFE,Country resampling,1,816,0.8907469109588146,0.89102034864983,-2.7343769101539905e-4
AFE,Country resampling,1,817,-0.6094038724714259,-0.6351462427658889,0.025742370294463024
AFE,Country resampling,1,818,0.03991354034145633,0.05490726740661245,-0.014993727065156115
AFE,Country resampling,1,819,0.4636251347991458,0.3274387722666985,0.1361863625324473
AFE,Country resampling,1,820,-0.40595186568281416,-0.414032678282918,0.008080812600103848
AFE,Country resampling,1,821,-0.3841601337948368,-0.40149704558158683,0.01733691178675001
AFE,Country resampling,1,822,0.042861608170246646,-0.030284614719699565,0.07314622288994621
AFE,Country resampling,1,823,-0.3325586729065324,-0.3448301840183464,0.012271511111814015
AFE,Country resampling,1,824,-0.09206764929205258,-0.07754720351205413,-0.014520445779998448
AFE,Country resampling,1,825,-0.18345663997404604,-0.21332013719537313,0.029863497221327084
AFE,Country resampling,1,826,-0.4544108549165756,-0.602039638788394,0.14762878387181833
AFE,Country resampling,1,827,-0.41458541617954636,-0.43281226546014384,0.01822684928059748
AFE,Country resampling,1,828,-0.369517422016464,-0.45634082669599574,0.08682340467953176
AFE,Country resampling,1,829,-0.7598589793321386,-0.7559308850128033,-0.0039280943193353846
AFE,Country resampling,1,830,0.7409102833113459,0.6133410703797633,0.12756921293158263
AFE,Country resampling,1,831,-0.5921778597491505,-0.5771249407418012,-0.015052919007349286
AFE,Country resampling,1,832,0.802744394910804,0.7896758876237864,0.013068507287017583
AFE,Country resampling,1,833,0.2621263240327496,0.16711946344093143,0.09500686059181818
AFE,Country resampling,1,834,-0.5263553272530428,-0.5630595134229021,0.036704186169859265
AFE,Country resampling,1,835,-0.7145345707627435,-0.7144730086217483,-6.156214099517499e-5
AFE,Country resampling,1,836,-0.6456534266445428,-0.6625619540406626,0.01690852739611981
AFE,Country resampling,1,837,-0.4159798701491385,-0.46385410210037115,0.04787423195123264
AFE,Country resampling,1,838,0.23305938281144467,0.139147300509729,0.09391208230171566
AFE,Country resampling,1,839,-0.6728877283605661,-0.6622257799153894,-0.01066194844517665
AFE,Country resampling,1,840,1.0720309801047634,0.9655450967889201,0.1064858833158433
AFE,Country resampling,1,841,0.3328074568324988,0.12512612846409343,0.20768132836840536
AFE,Country resampling,1,842,0.03137863428049226,-0.0593778433440072,0.09075647762449945
AFE,Country resampling,1,843,-0.6140121133012104,-0.6199882683584609,0.005976155057250465
AFE,Country resampling,1,844,0.1473122207763351,0.05956190039254827,0.08775032038378683
AFE,Country resampling,1,845,0.20471192635831836,0.22070380750020813,-0.015991881141889763
AFE,Country resampling,1,846,0.2061485839421695,0.06512846591724264,0.14102011802492687
AFE,Country resampling,1,847,-0.49775013910398547,-0.5176795734585503,0.019929434354564846
AFE,Country resampling,1,848,-0.2933029960589595,-0.337445224720442,0.04414222866148254
AFE,Country resampling,1,849,0.10402232192460192,-0.021412710623952003,0.12543503254855393
AFE,Country resampling,1,850,0.0703015996931331,-0.08895847026387815,0.15926006995701125
AFE,Country resampling,1,851,-0.4011147397896103,-0.4004542226239849,-6.605171656254294e-4
AFE,Country resampling,1,852,0.4441459333133839,0.4601407364883232,-0.015994803174939287
AFE,Country resampling,1,853,-0.39173703697021434,-0.4355452738432204,0.04380823687300606
AFE,Country resampling,1,854,-0.38401702560833495,-0.4246979618144259,0.04068093620609092
AFE,Country resampling,1,855,-0.3299442012752426,-0.4443534186903064,0.11440921741506382
AFE,Country resampling,1,856,-0.37019794445946597,-0.3661540110029763,-0.004043933456489679
AFE,Country resampling,1,857,0.04179767680841917,0.0872127182861171,-0.045415041477697926
AFE,Country resampling,1,858,1.4281519884427722,1.2201971140130685,0.20795487442970373
AFE,Country resampling,1,859,-0.086786709722257993,-0.09030662802333123,0.0035199183010732327
AFE,Country resampling,1,860,0.7618910096969438,0.627069698265128,0.13482131143181575
AFE,Country resampling,1,861,0.6635389097490998,0.8292904304700688,-0.165751520720969
AFE,Country resampling,1,862,-0.37819733116558774,-0.3939177415982861,0.01572041043269834
AFE,Country resampling,1,863,-0.2444621470108368,-0.29332841309854163,0.048866266087704835
AFE,Country resampling,1,864,0.2363675345974332,0.13858573363294435,0.09778180096448885
AFE,Country resampling,1,865,0.02915605753508621,0.014778406789597076,0.014377650745489134
AFE,Country resampling,1,866,-0.06919513356519413,-0.22783816308296057,0.15864302951776643
AFE,Country resampling,1,867,0.04513879173901825,-0.11757053706931009,0.16270932880832834
AFE,Country resampling,1,868,0.35172844084436306,0.2186476263967494,0.13308081444761366
AFE,Country resampling,1,869,1.671072757440831,1.4520980496628302,0.21897470777800088
AFE,Country resampling,1,870,-0.1727366372033441,-0.29514579726443735,0.12240916006109326
AFE,Country resampling,1,871,-0.46259568121891725,-0.48385009540359125,0.021254414184673998
AFE,Country resampling,1,872,3.1544712210205903,1.151310414696805,2.0031608063237853
AFE,Country resampling,1,873,-0.768269059545556,-0.7440653063666814,-0.024203753178874576
AFE,Country resampling,1,874,0.7334852382045534,0.6748851265037521,0.05860011170080126
AFE,Country resampling,1,875,0.6357611304031494,0.5149214380032929,0.12083969239985648
AFE,Country resampling,1,876,0.24526686420497712,0.0847516410032858,0.16051522320169131
AFE,Country resampling,1,877,-0.05944565478650865,-0.21913392912112173,0.15968827433461308
AFE,Country resampling,1,878,-0.5561843627281908,-0.5523133885707211,-0.003870974157469731
AFE,Country resampling,1,879,0.21329647261641793,0.29390011338910216,-0.08060364077268423
AFE,Country resampling,1,880,0.4215600622065738,0.4135699778753379,0.007990084331235936
AFE,Country resampling,1,881,0.17581244319422118,0.14736963438043138,0.0284428088137898
AFE,Country resampling,1,882,-0.546401563400166,-0.5375184954239157,-0.00888306797625027
AFE,Country resampling,1,883,-0.2849107946624454,-0.33648382739833405,0.051573032735888646
AFE,Country resampling,1,884,0.12437684100221769,0.08927166540483356,0.03510517559738413
AFE,Country resampling,1,885,-0.03129303389857452,-0.09154634064313827,0.06025330674456375
AFE,Country resampling,1,886,-0.4055684040588484,-0.4055838794988632,1.54754400147894e-5
AFE,Country resampling,1,887,0.10398329967068953,-0.13470468589490536,0.2386879855655949
AFE,Country resampling,1,888,-0.2466421730886389,-0.25772416012689014,0.011081987038251251
AFE,Country resampling,1,889,-0.038011342455231856,0.007177682994812251,-0.04518902545004411
AFE,Country resampling,1,890,-0.44892410225139645,-0.45735349606773723,0.00842939381634078
AFE,Country resampling,1,891,0.6643084504080798,0.5230330830769989,0.14127536733108093
AFE,Country resampling,1,892,0.7159834934360241,0.6473563013994648,0.06862719203655931
AFE,Country resampling,1,893,0.18882369008019784,0.10149065779951338,0.08733303228068445
AFE,Country resampling,1,894,-0.2992583295826693,-0.2737678558168182,-0.025490473765851118
AFE,Country resampling,1,895,0.21504387639491185,0.14920832429286768,0.06583555210204417
AFE,Country resampling,1,896,-0.06198159982499574,-0.0777235720321463,0.015741972207150567
AFE,Country resampling,1,897,0.3479268328831011,0.22801426057152052,0.11991257231158059
AFE,Country resampling,1,898,-0.39866591308693033,-0.41600105419285605,0.01733514110592571
AFE,Country resampling,1,899,-0.19849739409647094,-0.16868971288327594,-0.029807681213194992
AFE,Country resampling,1,900,-0.5295671526799386,-0.4900623436468501,-0.039504809033088506
AFE,Country resampling,1,901,-0.5807140867796694,-0.6092804201873393,0.028566333407669897
AFE,Country resampling,1,902,-0.17044192286704973,-0.2010703734399102,0.030628450572860455
AFE,Country resampling,1,903,-0.24094120482914794,-0.28893271128829545,0.047991506459147515
AFE,Country resampling,1,904,-0.41289395259304695,-0.45191344207361983,0.03901948948057288
AFE,Country resampling,1,905,0.5683140208460158,0.43156401436270087,0.13675000648331492
AFE,Country resampling,1,906,0.4263639152770651,0.3449217756727081,0.08144213960435698
AFE,Country resampling,1,907,-0.5603293074114437,-0.6219443133524907,0.06161500594104696
AFE,Country resampling,1,908,-0.5939527726689198,-0.600066934394176,0.006114161725256251
AFE,Country resampling,1,909,-0.4843639894463283,-0.5457296372463969,0.06136564780006859
AFE,Country resampling,1,910,0.20340608004372096,0.12902650683897754,0.07437957320474342
AFE,Country resampling,1,911,0.44265990245694065,0.4967849926626491,-0.05412509020570844
AFE,Country resampling,1,912,0.4161914066194021,0.11970222908951267,0.29648917752988946
AFE,Country resampling,1,913,0.7276443080517938,0.4211265421960726,0.3065177658557212
AFE,Country resampling,1,914,-0.5557222106522695,-0.5651055348894607,0.009383324237191237
AFE,Country resampling,1,915,-0.4511433766187676,-0.4610434606521785,0.009900084033410916
AFE,Country resampling,1,916,0.5675500182260107,0.5411084281171576,0.026441590108853052
AFE,Country resampling,1,917,-0.43679857204857353,-0.41552500756110156,-0.021273564487471974
AFE,Country resampling,1,918,0.29705615965762844,0.15482789566355915,0.1422282639940693
AFE,Country resampling,1,919,0.3558573894207211,0.3060940887564638,0.04976330066425727
AFE,Country resampling,1,920,-0.06489074321111543,-0.05457423498103875,-0.010316508230076682
AFE,Country resampling,1,921,0.940413518550836,0.74180056606506,0.19861295248577604
AFE,Country resampling,1,922,-0.36329541622295936,-0.4021194337574726,0.038824017534513255
AFE,Country resampling,1,923,-0.39282505365279474,-0.4691797963098704,0.07635474265707565
AFE,Country resampling,1,924,-0.5009129823323049,-0.5758388477655807,0.07492586543327584
AFE,Country resampling,1,925,-0.771887853390814,-0.7720464015636774,1.5854817286342637e-4
AFE,Country resampling,1,926,0.20185269415286244,0.22613975442078216,-0.024287060267919713
AFE,Country resampling,1,927,0.14183045054044774,0.1105557616375179,0.03127468890292984
AFE,Country resampling,1,928,0.810180173956222,0.42121638926000426,0.38896378469621773
AFE,Country resampling,1,929,0.14291553542139246,0.15462435086760196,-0.011708815446209497
AFE,Country resampling,1,930,-0.5546647178095674,-0.5418067455048869,-0.012857972304680443
AFE,Country resampling,1,931,0.11798135699116874,-0.13690948227726984,0.2548908392684386
AFE,Country resampling,1,932,0.11322223220219163,0.0701838308137146,0.04303840138847703
AFE,Country resampling,1,933,-0.6830267796923468,-0.7118303495619596,0.028803569869612744
AFE,Country resampling,1,934,-0.3703831121670319,-0.348253570963061,-0.022129541203970926
AFE,Country resampling,1,935,-0.623922759589888,-0.6159172818334329,-0.008005477756455104
AFE,Country resampling,1,936,-0.30926046928726636,-0.30253757784997215,-0.0067228914372942095
AFE,Country resampling,1,937,0.1563599685908641,0.13634705263945768,0.020012915951406418
AFE,Country resampling,1,938,-0.19230770918136098,-0.1493356121910251,-0.042972096990335884
AFE,Country resampling,1,939,0.5343949375513735,0.5419046650790249,-0.007509727527651444
AFE,Country resampling,1,940,0.3257732028072966,0.45790508692585896,-0.13213188411856236
AFE,Country resampling,1,941,-0.3161229729652336,-0.2912150699174604,-0.02490790304777324
AFE,Country resampling,1,942,-0.10399195298377206,-0.026599607577060924,-0.07739234540671114
AFE,Country resampling,1,943,-0.1556066790038787,-0.2705304951488364,0.11492381614495772
AFE,Country resampling,1,944,-0.5074531797225461,-0.5390567913605654,0.03160361163801928
AFE,Country resampling,1,945,-0.6670104259143473,-0.6371932673957461,-0.029817158518601228
AFE,Country resampling,1,946,-0.5497327545489569,-0.5127074361595413,-0.037025318389415585
AFE,Country resampling,1,947,-0.4822258782044402,-0.5168457600007335,0.03461988179629327
AFE,Country resampling,1,948,-0.5853080259809353,-0.5954998160363336,0.010191790055398275
AFE,Country resampling,1,949,-0.1871633469522087,-0.215343693929556,0.02818034697734728
AFE,Country resampling,1,950,0.028000394134217732,0.09651606640396948,-0.06851567226975175
AFE,Country resampling,1,951,-0.5531690601762885,-0.5633871828158585,0.010218122639570004
AFE,Country resampling,1,952,0.47901983216502386,0.19523052643670646,0.2837893057283174
AFE,Country resampling,1,953,-0.30855853427686275,-0.30760285168775037,-9.556825891123832e-4
AFE,Country resampling,1,954,0.16300970246599888,0.15147963849341362,0.01153006397258527
AFE,Country resampling,1,955,-0.2274304221035358,-0.2442820666012241,0.01685164449768828
AFE,Country resampling,1,956,2.066208244890959,1.7370726087029302,0.3291356361880289
AFE,Country resampling,1,957,-0.5567188447097375,-0.5573230448957448,6.042001860072643e-4
AFE,Country resampling,1,958,-0.48182287179930394,-0.471455473693304,-0.010367398105999959
AFE,Country resampling,1,959,-0.6231069450114405,-0.6431969190914968,0.020089974080056305
AFE,Country resampling,1,960,1.7743778773858128,1.5982525813126602,0.17612529607315253
AFE,Country resampling,1,961,1.0766689126972406,0.633455454672907,0.44321345802433365
AFE,Country resampling,1,962,0.7519456197771541,0.8739678589214557,-0.12202223914430155
AFE,Country resampling,1,963,1.3977519766327053,1.0416186892556434,0.35613328737706196
AFE,Country resampling,1,964,-0.1742794792033613,-0.16763154438504968,-0.006647934818311607
AFE,Country resampling,1,965,-0.22288807467055916,-0.3237697237490812,0.10088164907852204
AFE,Country resampling,1,966,-0.36045820896862624,-0.3135448539418517,-0.04691335502677452
AFE,Country resampling,1,967,-0.48843647116326394,-0.5679661066438835,0.07952963548061953
AFE,Country resampling,1,968,-0.5290382916514418,-0.5746544948482407,0.04561620319679893
AFE,Country resampling,1,969,-0.18818242671618646,-0.17768696564043307,-0.010495461075753387
AFE,Country resampling,1,970,-0.5034466375657323,-0.5110727561974571,0.007626118631724799
AFE,Country resampling,1,971,-0.3836628034075191,-0.3949527255101668,0.011289922102647676
AFE,Country resampling,1,972,-0.2628218546256741,-0.34304723548682814,0.08022538086115405
AFE,Country resampling,1,973,-0.4212115273177305,-0.44304565660343176,0.021834129285701276
AFE,Country resampling,1,974,-0.7511463481685716,-0.7611182010770211,0.009971852908449486
AFE,Country resampling,1,975,-0.283269551414168,-0.31270198750379596,0.029432436089627978
AFE,Country resampling,1,976,0.8787720325958401,0.7423391433453621,0.13643288925047803
AFE,Country resampling,1,977,-0.3143618316381578,-0.4325892446052412,0.11822741296708339
AFE,Country resampling,1,978,-0.2365988780975149,-0.25582814534694,0.019229267249425086
AFE,Country resampling,1,979,-0.15974033025793233,-0.15495021330729497,-0.0047901169506373575
AFE,Country resampling,1,980,-0.3224996979133993,-0.3734635757883398,0.0509638778749405
AFE,Country resampling,1,981,-0.5293082871469323,-0.49705076408053295,-0.032257523066399396
AFE,Country resampling,1,982,0.35340021674135524,0.47850046005929436,-0.12510024331793912
AFE,Country resampling,1,983,-0.25018260163912753,-0.34774092417304525,0.09755832253391772
AFE,Country resampling,1,984,-0.504357359522807,-0.5279388968487018,0.02358153732589474
AFE,Country resampling,1,985,-0.35010101286581885,-0.3936954336805548,0.04359442081473597
AFE,Country resampling,1,986,0.9919121627112244,0.7449293130189578,0.24698284969226658
AFE,Country resampling,1,987,-5.472882434037762e-4,-0.07165883812575358,0.0711115498823498
AFE,Country resampling,1,988,-0.4067458328121296,-0.3355355378917326,-0.07121029492039699
AFE,Country resampling,1,989,0.2950924552910448,0.2156254317552746,0.07946702353577018
AFE,Country resampling,1,990,0.7662484802187708,0.6710703496599331,0.09517813055883773
AFE,Country resampling,1,991,-0.65028563201871,-0.6682705965605564,0.017984964541846393
AFE,Country resampling,1,992,0.101194175211752,0.03777046293306707,0.06342371227868493
AFE,Country resampling,1,993,-0.359554994584794,-0.38861637150830586,0.02906137692351185
AFE,Country resampling,1,994,0.8792335489183474,0.7846649653210467,0.09456858359730069
AFE,Country resampling,1,995,-0.5131962910706668,-0.5363449599104098,0.02314866883974298
AFE,Country resampling,1,996,-0.40683912384500875,-0.4037135249885493,-0.003125598856459466
AFE,Country resampling,1,997,-0.3318849011209748,-0.33938858520192894,0.007503684080954143
AFE,Country resampling,1,998,-0.6757821348204458,-0.6699960618338329,-0.0057860729866129335
AFE,Country resampling,1,999,-0.3471320635638908,-0.36886988348710503,0.02173781992321422
AFE,Country resampling,1,1000,0.6419664420758366,0.5269495551668086,0.115016886909028
AFE,Country resampling,2,1,5.426505230044968,6.7040196539101045,-1.2775144238651368
AFE,Country resampling,2,2,-0.6354662396374129,-0.6641722946337607,0.02870605499634782
AFE,Country resampling,2,3,0.4299650877119474,0.21187667730047122,0.2180884104114762
AFE,Country resampling,2,4,-0.49543273506449603,-0.4545415715476969,-0.04089116351679911
AFE,Country resampling,2,5,-0.4167984971296703,-0.33680159061803816,-0.07999690651163216
AFE,Country resampling,2,6,-0.6236643722567723,-0.5766312303653955,-0.04703314189137675
AFE,Country resampling,2,7,-0.5653965516421241,-0.6595222644107407,0.09412571276861659
AFE,Country resampling,2,8,-0.6627069760421058,-0.7312935726999004,0.06858659665779454
AFE,Country resampling,2,9,2.0042126160340503,2.3249406473837735,-0.32072803134972316
AFE,Country resampling,2,10,-0.427217502719492,-0.3911814590208905,-0.03603604369860147
AFE,Country resampling,2,11,-0.3091856021714783,-0.31269920501128845,0.0035136028398101704
AFE,Country resampling,2,12,0.028079808700034237,0.15416222599373408,-0.12608241729369984
AFE,Country resampling,2,13,-0.33074086259849733,-0.3787966753299704,0.04805581273147308
AFE,Country resampling,2,14,-0.20534556809469995,-0.24850095943081518,0.043155391336115234
AFE,Country resampling,2,15,3.4486605649331876,1.5205697098324027,1.928090855100785
AFE,Country resampling,2,16,-0.6588086318953152,-0.6105505611432439,-0.048258070752071336
AFE,Country resampling,2,17,2.6535526179537445,2.460168588290444,0.1933840296633007
AFE,Country resampling,2,18,-0.061871619591858384,-0.09351156311746334,0.03163994352560495
AFE,Country resampling,2,19,-0.011166532432670184,0.1787850101482733,-0.1899515425809435
AFE,Country resampling,2,20,-0.10335168871050648,-0.15503694115606648,0.05168525244555999
AFE,Country resampling,2,21,0.13926228052474432,0.14945356028888113,-0.010191279764136807
AFE,Country resampling,2,22,0.02923295897982192,0.1814303192029143,-0.15219736022309238
AFE,Country resampling,2,23,0.07288675912022202,0.01759682438236232,0.0552899347378597
AFE,Country resampling,2,24,0.028572199459952596,0.0034444888377367366,0.02512771062221586
AFE,Country resampling,2,25,0.4786975397612967,0.39065679789754726,0.08804074186374944
AFE,Country resampling,2,26,-0.44812458465394345,-0.48193918730842533,0.033814602654481885
AFE,Country resampling,2,27,-0.6487334147241619,-0.6965192129457384,0.04778579822157647
AFE,Country resampling,2,28,0.7226485067759698,0.6901061578570515,0.032542348918918274
AFE,Country resampling,2,29,-0.36485143080328475,-0.43616951362765544,0.07131808282437069
AFE,Country resampling,2,30,-0.44893663969348097,-0.42172548078612626,-0.027211158907354704
AFE,Country resampling,2,31,-0.20074967412326072,-0.2449850351286148,0.04423536100535408
AFE,Country resampling,2,32,-0.12318078097043217,-0.204903987572016,0.08172320660158383
AFE,Country resampling,2,33,1.0182691709286988,1.0868843009283569,-0.06861512999965802
AFE,Country resampling,2,34,-0.7062710517620086,-0.6777999425211763,-0.028471109240832293
AFE,Country resampling,2,35,-0.004644193811929043,0.07436397543947071,-0.07900816925139975
AFE,Country resampling,2,36,0.33213746970491953,0.5809806470718459,-0.2488431773669264
AFE,Country resampling,2,37,0.5079593554281452,0.41144870821813306,0.09651064721001212
AFE,Country resampling,2,38,0.5976689751778985,0.8712905313618335,-0.273621556183935
AFE,Country resampling,2,39,1.6720095992077795,1.1087973291267867,0.5632122700809927
AFE,Country resampling,2,40,0.25891380102608785,5.96729843170607e-4,0.25831707118291725
AFE,Country resampling,2,41,-0.44213275176001465,-0.3194975578183793,-0.12263519394163536
AFE,Country resampling,2,42,-0.28012822438111307,-0.3279898260016605,0.04786160162054742
AFE,Country resampling,2,43,-0.5715508533285019,-0.5052702397674711,-0.06628061356103077
AFE,Country resampling,2,44,0.03453448309984597,-0.09676679554329504,0.131301278643141
AFE,Country resampling,2,45,-0.20316996209429328,-0.18678252887536428,-0.016387433218928993
AFE,Country resampling,2,46,1.2033359027811747,1.312143469223268,-0.10880756644209333
AFE,Country resampling,2,47,0.4677676996287956,0.4612370909332484,0.006530608695547224
AFE,Country resampling,2,48,-0.4463745208067845,-0.41718424697981416,-0.02919027382697037
AFE,Country resampling,2,49,0.08847550143220229,0.051900310702467145,0.03657519072973514
AFE,Country resampling,2,50,-0.37728716094220127,-0.32212931638412967,-0.0551578445580716
AFE,Country resampling,2,51,0.6778479952140637,0.4872731502500087,0.19057484496405497
AFE,Country resampling,2,52,2.6097965142447523,2.7314621620668786,-0.1216656478221263
AFE,Country resampling,2,53,-0.0707206158123358,0.05672552836761824,-0.12744614417995404
AFE,Country resampling,2,54,0.7965221791619623,0.7764535666920398,0.02006861246992253
AFE,Country resampling,2,55,0.7514254484464866,0.6607743173406424,0.09065113110584422
AFE,Country resampling,2,56,0.4305595982393473,0.4910262694982339,-0.060466671258886606
AFE,Country resampling,2,57,0.8620656708406125,1.0076506785224781,-0.14558500768186566
AFE,Country resampling,2,58,1.536122176855411,2.0670581035534594,-0.5309359266980485
AFE,Country resampling,2,59,1.8124710852980424,1.1502688253724904,0.6622022599255519
AFE,Country resampling,2,60,1.6225090995567801,1.6635213619182516,-0.041012262361471485
AFE,Country resampling,2,61,-0.6767483470348272,-0.6361639097132296,-0.040584437321597666
AFE,Country resampling,2,62,0.6722873396924198,0.75080748405477,-0.07852014436235022
AFE,Country resampling,2,63,-0.03888409914438118,0.00957594322122679,-0.04846004236560797
AFE,Country resampling,2,64,0.7953164269907553,0.6540282877650045,0.1412881392257508
AFE,Country resampling,2,65,-0.5993427488150831,-0.5013881105534961,-0.09795463826158701
AFE,Country resampling,2,66,-0.04554780696208971,0.061627613576313856,-0.10717542053840357
AFE,Country resampling,2,67,-0.09560040602270536,-0.058281258940732994,-0.03731914708197237
AFE,Country resampling,2,68,-0.21876930305026532,-0.2907910930009441,0.07202178995067876
AFE,Country resampling,2,69,-0.12721375931146783,-0.20011268494738,0.07289892563591216
AFE,Country resampling,2,70,1.1904315796412988,1.1315887161038733,0.058842863537425405
AFE,Country resampling,2,71,-0.6409413623572131,-0.6934675459021064,0.052526183544893246
AFE,Country resampling,2,72,1.1290250080932096,0.8801392258399847,0.24888578225322489
AFE,Country resampling,2,73,0.04192989916918344,0.011153089319289045,0.030776809849894393
AFE,Country resampling,2,74,-0.6255208614198016,-0.6134808078427982,-0.012040053577003329
AFE,Country resampling,2,75,0.6037862550070634,0.4656737508525568,0.1381125041545066
AFE,Country resampling,2,76,0.008868933994745642,0.007970853895951757,8.980800987938853e-4
AFE,Country resampling,2,77,0.10649380716839607,-0.03334634283140592,0.139840149999802
AFE,Country resampling,2,78,-0.7567175535721157,-0.7246056622919489,-0.03211189128016678
AFE,Country resampling,2,79,-0.1847875070369589,-0.2291685901407723,0.04438108310381339
AFE,Country resampling,2,80,-0.19307901880320677,-0.2312135626605205,0.03813454385731374
AFE,Country resampling,2,81,-0.5457358687638474,-0.6354413085827092,0.08970543981886181
AFE,Country resampling,2,82,-0.4893262546098107,-0.5012490858022955,0.011922831192484828
AFE,Country resampling,2,83,-0.3997035490692493,-0.3591644927739376,-0.04053905629531174
AFE,Country resampling,2,84,0.22047457893952616,0.19829313969241325,0.02218143924711291
AFE,Country resampling,2,85,-0.6806535045670119,-0.6966352855841753,0.01598178101716341
AFE,Country resampling,2,86,0.13117210279531144,0.21768737834094742,-0.08651527554563598
AFE,Country resampling,2,87,0.1103409856455293,0.2032980919744687,-0.09295710632893939
AFE,Country resampling,2,88,-0.7986870438564774,-0.8174261414563933,0.018739097599915877
AFE,Country resampling,2,89,0.5468588167393997,0.5611551538345714,-0.01429633709517164
AFE,Country resampling,2,90,-0.38785987979373304,-0.37384706595182626,-0.01401281384190678
AFE,Country resampling,2,91,0.9486300684498115,1.0666306017043792,-0.11800053325456772
AFE,Country resampling,2,92,0.7432431121363319,1.064591510016959,-0.3213483978806271
AFE,Country resampling,2,93,0.49837383697527393,0.7196832233061901,-0.22130938633091612
AFE,Country resampling,2,94,-0.23669535618611715,-0.6295920213747712,0.39289666518865407
AFE,Country resampling,2,95,-0.6351627225446945,-0.6273693703140087,-0.007793352230685779
AFE,Country resampling,2,96,0.08396480211720792,0.09944821977870943,-0.01548341766150152
AFE,Country resampling,2,97,-0.260350152339077,-0.21966068514036874,-0.04068946719870825
AFE,Country resampling,2,98,-0.07230101812249423,-0.088656498765465,0.016355480642970766
AFE,Country resampling,2,99,-0.8024618291609388,-0.7793974299200409,-0.02306439924089787
AFE,Country resampling,2,100,1.0226340053513994,1.134125158111709,-0.11149115276030974
AFE,Country resampling,2,101,0.07186861773859543,-0.021473772104292355,0.09334238984288779
AFE,Country resampling,2,102,-0.26416785009496446,-0.23269275840770098,-0.03147509168726348
AFE,Country resampling,2,103,-0.033472255010699836,-0.07028345640796074,0.036811201397260906
AFE,Country resampling,2,104,0.14846535920262038,-0.02746729723901442,0.1759326564416348
AFE,Country resampling,2,105,0.47943475030928995,0.4699297439472392,0.00950500636205076
AFE,Country resampling,2,106,0.17601734809044078,0.2682277267780697,-0.09221037868762894
AFE,Country resampling,2,107,2.2132623995830336,2.196143970643505,0.01711842893952875
AFE,Country resampling,2,108,-0.19995353064892085,-0.16273661639436077,-0.037216914254560085
AFE,Country resampling,2,109,0.009598284059980644,-0.06828466815173773,0.07788295221171837
AFE,Country resampling,2,110,-0.30609876550005766,-0.2747477348743451,-0.03135103062571254
AFE,Country resampling,2,111,2.615853331346364,3.0226372842693436,-0.40678395292297953
AFE,Country resampling,2,112,-0.3996234884164003,-0.37295440548345926,-0.026669082932941013
AFE,Country resampling,2,113,0.09897602988553866,0.2144361742966352,-0.11546014441109653
AFE,Country resampling,2,114,0.7267053605836562,0.8214144432440424,-0.09470908266038625
AFE,Country resampling,2,115,1.7519956940593326,1.9916281268901743,-0.23963243283084168
AFE,Country resampling,2,116,-0.5912159396446536,-0.5858624235870681,-0.0053535160575854945
AFE,Country resampling,2,117,-0.06505721673040699,-0.06969429817345463,0.0046370814430476415
AFE,Country resampling,2,118,0.34222313058980713,0.3274682923091674,0.014754838280639726
AFE,Country resampling,2,119,-0.3391533902234911,-0.3950244463104916,0.05587105608700049
AFE,Country resampling,2,120,1.1576806778652888,0.8698804682193964,0.2878002096458925
AFE,Country resampling,2,121,-0.22857056468908554,-0.22213936792851552,-0.006431196760570024
AFE,Country resampling,2,122,-0.28575963945846417,-0.35922923638731474,0.07346959692885058
AFE,Country resampling,2,123,0.1609048239470674,0.23958895690234527,-0.07868413295527787
AFE,Country resampling,2,124,0.270511661902499,0.34720487119655496,-0.07669320929405599
AFE,Country resampling,2,125,-0.30063511560333467,-0.2133236438547257,-0.08731147174860898
AFE,Country resampling,2,126,-0.21192530397791132,-0.29490024123709824,0.08297493725918692
AFE,Country resampling,2,127,0.4896139738015066,0.5904466914891957,-0.10083271768768909
AFE,Country resampling,2,128,1.4843668146270002,1.1636753587501358,0.3206914558768643
AFE,Country resampling,2,129,0.7168225661124876,0.3357473679260716,0.381075198186416
AFE,Country resampling,2,130,-0.566290886056863,-0.49304345444790953,-0.07324743160895342
AFE,Country resampling,2,131,0.3275715105221626,0.08772546854627206,0.23984604197589054
AFE,Country resampling,2,132,-0.8353407293171662,-0.803363148325069,-0.03197758099209713
AFE,Country resampling,2,133,0.20385948568958168,0.2671775761230466,-0.06331809043346492
AFE,Country resampling,2,134,-0.5486256177434654,-0.5845822261676792,0.035956608424213776
AFE,Country resampling,2,135,-0.3694623537350681,-0.5788564794204524,0.2093941256853843
AFE,Country resampling,2,136,0.3684641965425244,0.571766792225805,-0.20330259568328057
AFE,Country resampling,2,137,0.12374056340755724,0.2662241763790554,-0.14248361297149814
AFE,Country resampling,2,138,1.6995857716380596,1.1037822983239267,0.5958034733141329
AFE,Country resampling,2,139,1.2335855627805952,1.2996117355820531,-0.06602617280145795
AFE,Country resampling,2,140,-0.7032135022100274,-0.6858336594027175,-0.017379842807309975
AFE,Country resampling,2,141,-0.3873157282866564,-0.49882147273824995,0.11150574445159356
AFE,Country resampling,2,142,0.09990567625560964,0.011976378918942654,0.08792929733666699
AFE,Country resampling,2,143,-0.1325107362243857,-0.07539153964629108,-0.05711919657809461
AFE,Country resampling,2,144,3.1178083010022206,2.4687834002813744,0.6490249007208462
AFE,Country resampling,2,145,-0.7015110881434027,-0.7629794446970466,0.06146835655364391
AFE,Country resampling,2,146,1.498477120564413,1.439512587420817,0.058964533143595954
AFE,Country resampling,2,147,1.4833264334771843,1.3541101220951224,0.1292163113820619
AFE,Country resampling,2,148,-0.5702396448445801,-0.5450940758420963,-0.02514556900248377
AFE,Country resampling,2,149,0.6893545737332747,0.49518539993969557,0.19416917379357912
AFE,Country resampling,2,150,-0.5267199833333303,-0.48866700077154146,-0.038052982561788795
AFE,Country resampling,2,151,0.48193249361970714,0.1990514897777409,0.28288100384196624
AFE,Country resampling,2,152,-0.3437792141092878,-0.30502881227225476,-0.038750401837033044
AFE,Country resampling,2,153,-0.0579239353197506,-0.049878464181979165,-0.008045471137771432
AFE,Country resampling,2,154,1.7501202145518548,0.9316021559441781,0.8185180586076768
AFE,Country resampling,2,155,-0.2630735852853817,-0.19652099093932718,-0.06655259434605454
AFE,Country resampling,2,156,-0.3723133132898825,-0.5366491659427433,0.16433585265286077
AFE,Country resampling,2,157,-0.5642012108880081,-0.49501908572045805,-0.06918212516755007
AFE,Country resampling,2,158,-0.1276055739432551,-0.0872977433215637,-0.04030783062169141
AFE,Country resampling,2,159,0.38972243150558095,0.3425597689621598,0.04716266254342116
AFE,Country resampling,2,160,-0.31668995294825497,-0.22059247822996608,-0.09609747471828889
AFE,Country resampling,2,161,0.38786871701337744,0.2368128674580503,0.15105584955532714
AFE,Country resampling,2,162,0.09512373932035034,0.11108815781215342,-0.01596441849180308
AFE,Country resampling,2,163,1.07965893671048,1.186857907809554,-0.10719897109907395
AFE,Country resampling,2,164,-0.1412072059264673,-0.001397317735916448,-0.13980988819055085
AFE,Country resampling,2,165,0.26830252749093053,0.36632631337239463,-0.0980237858814641
AFE,Country resampling,2,166,1.0384702491762856,0.8704273246108576,0.16804292456542802
AFE,Country resampling,2,167,0.2667241655012471,0.4271891766214164,-0.1604650111201693
AFE,Country resampling,2,168,0.4103658360676081,0.46639745110034725,-0.056031615032739124
AFE,Country resampling,2,169,-0.25004966140068585,-0.30234185828488747,0.052292196884201614
AFE,Country resampling,2,170,-0.5605941152760633,-0.5159339089465088,-0.044660206329554475
AFE,Country resampling,2,171,-0.04305583719949124,-0.036977454438477664,-0.006078382761013579
AFE,Country resampling,2,172,0.7658944345739527,1.0713162379084928,-0.30542180333454017
AFE,Country resampling,2,173,0.8107182443962633,0.9287877266313582,-0.11806948223509495
AFE,Country resampling,2,174,-0.4328777756268296,-0.3421957518899489,-0.09068202373688072
AFE,Country resampling,2,175,-0.7876222694136594,-0.7433176053563456,-0.044304664057313814
AFE,Country resampling,2,176,-0.3395464432959501,-0.35902791732309725,0.019481474027147172
AFE,Country resampling,2,177,0.1806160176028757,0.15722659518615711,0.023389422416718597
AFE,Country resampling,2,178,1.0544706946220064,0.9010865694773718,0.15338412514463462
AFE,Country resampling,2,179,0.10573301655092471,0.15114482199622015,-0.04541180544529544
AFE,Country resampling,2,180,0.3408697411676114,0.2151823891203526,0.12568735204725878
AFE,Country resampling,2,181,-0.6368866331541475,-0.6450699042869946,0.008183271132847114
AFE,Country resampling,2,182,-0.29022744612216467,-0.16003886844287474,-0.13018857767928993
AFE,Country resampling,2,183,-0.36585930866116523,-0.3802157943681702,0.014356485707004984
AFE,Country resampling,2,184,-0.39284645033757293,-0.38768318569631655,-0.005163264641256382
AFE,Country resampling,2,185,0.3434967435377241,0.4808652482168374,-0.13736850467911332
AFE,Country resampling,2,186,0.6937834808734393,0.5529381366434949,0.14084534422994444
AFE,Country resampling,2,187,0.9380200888831665,0.972177334424712,-0.03415724554154553
AFE,Country resampling,2,188,-0.6620711086924616,-0.6767419691469762,0.0146708604545146
AFE,Country resampling,2,189,0.7183801687743407,0.6102360710952344,0.10814409767910638
AFE,Country resampling,2,190,-0.6700780750016984,-0.6139837418915938,-0.05609433311010459
AFE,Country resampling,2,191,0.3988083384542187,0.3687802112001217,0.03002812725409698
AFE,Country resampling,2,192,-0.5000098835034309,-0.43930686770640204,-0.06070301579702886
AFE,Country resampling,2,193,-0.44502948622573535,-0.44800730719587845,0.002977820970143097
AFE,Country resampling,2,194,-0.0018622748021679403,7.281410002799582e-4,-0.0025904158024478985
AFE,Country resampling,2,195,-0.3328537864422535,-0.471600433294757,0.13874664685250349
AFE,Country resampling,2,196,0.4466336466278569,0.1451034606405972,0.30153018598725967
AFE,Country resampling,2,197,1.0734875549295877,0.9355578098096557,0.13792974511993195
AFE,Country resampling,2,198,-0.6334524918813429,-0.6657119777130887,0.03225948583174576
AFE,Country resampling,2,199,-0.47348559043489924,-0.47799919190130813,0.00451360146640889
AFE,Country resampling,2,200,2.2378101467097924,2.2628382229563497,-0.02502807624655734
AFE,Country resampling,2,201,-0.7269712793774967,-0.7230649802783798,-0.003906299099116883
AFE,Country resampling,2,202,-0.3763932997804823,-0.31553058220960684,-0.06086271757087547
AFE,Country resampling,2,203,1.0181703074412622,0.6831227453550732,0.335047562086189
AFE,Country resampling,2,204,-0.025792008914374276,-0.06436816052430883,0.03857615160993455
AFE,Country resampling,2,205,-0.81136124352464,-0.7709556469678266,-0.04040559655681342
AFE,Country resampling,2,206,-0.42923688653589,-0.326152237336527,-0.103084649199363
AFE,Country resampling,2,207,-0.37323388048190687,-0.36541784418788126,-0.007816036294025608
AFE,Country resampling,2,208,0.7271172193967168,-0.006224377666093295,0.7333415970628101
AFE,Country resampling,2,209,-0.4400575480446264,-0.47270737681560715,0.03264982877098077
AFE,Country resampling,2,210,-0.3178768887637252,-0.21874860441428512,-0.0991282843494401
AFE,Country resampling,2,211,-0.04597505949755576,-0.05322731816441517,0.0072522586668594125
AFE,Country resampling,2,212,0.14428955871129645,0.16832175235641977,-0.024032193645123323
AFE,Country resampling,2,213,-0.6034481656714333,-0.5218547755314987,-0.08159339013993461
AFE,Country resampling,2,214,-0.7962161759126871,-0.7746551531182622,-0.021561022794424956
AFE,Country resampling,2,215,1.3074611016929656,1.5269873999062398,-0.21952629821327418
AFE,Country resampling,2,216,-0.2300396069136018,-0.1949305621417845,-0.03510904477181731
AFE,Country resampling,2,217,-0.07438989374559657,-0.1206465719989569,0.04625667825336033
AFE,Country resampling,2,218,-0.6331735905648048,-0.595381077937024,-0.03779251262778083
AFE,Country resampling,2,219,-0.034098158938686174,0.1869788592216317,-0.22107701816031788
AFE,Country resampling,2,220,0.907124880948782,0.29335272897013076,0.6137721519786512
AFE,Country resampling,2,221,-0.13859417375730254,-0.16740204228146383,0.028807868524161284
AFE,Country resampling,2,222,2.4525407520283227,1.733394651908604,0.7191461001197186
AFE,Country resampling,2,223,-0.48012884669354017,-0.4732732005362976,-0.006855646157242545
AFE,Country resampling,2,224,-0.31517900937159105,-0.4483721330391317,0.13319312366754066
AFE,Country resampling,2,225,-0.6978755399210224,-0.6973200990268023,-5.55440894220105e-4
AFE,Country resampling,2,226,-0.717471438639401,-0.752163542906299,0.03469210426689806
AFE,Country resampling,2,227,0.8553757482639026,0.8640856415175859,-0.00870989325368332
AFE,Country resampling,2,228,-0.722330529563215,-0.6775700277582715,-0.04476050180494351
AFE,Country resampling,2,229,-0.6047798693854438,-0.517881337420816,-0.08689853196462782
AFE,Country resampling,2,230,-0.26717330911429693,-0.25517552126417786,-0.011997787850119068
AFE,Country resampling,2,231,4.661555457204149,4.360312000612269,0.30124345659188023
AFE,Country resampling,2,232,-0.29661771533592984,-0.2516811331828075,-0.04493658215312235
AFE,Country resampling,2,233,-0.3047172806335794,-0.39790093166991336,0.09318365103633397
AFE,Country resampling,2,234,0.4621030189541153,0.38060975286871535,0.08149326608539997
AFE,Country resampling,2,235,0.5051377776613046,0.5793494833510744,-0.07421170568976976
AFE,Country resampling,2,236,0.3175654350997381,0.26744295013414865,0.050122484965589464
AFE,Country resampling,2,237,-0.49847253518039325,-0.48301052237946995,-0.015462012800923297
AFE,Country resampling,2,238,-0.29635130285330813,-0.4347227210115808,0.1383714181582727
AFE,Country resampling,2,239,-0.2573680967260904,-0.21348897351057805,-0.04387912321551235
AFE,Country resampling,2,240,-0.5623021989258803,-0.5456730950302755,-0.01662910389560479
AFE,Country resampling,2,241,1.2343341552988716,0.9351873829700741,0.2991467723287975
AFE,Country resampling,2,242,0.393404844495179,0.2815468731885855,0.11185797130659347
AFE,Country resampling,2,243,0.1294235627043938,0.25545704784765344,-0.12603348514325963
AFE,Country resampling,2,244,-0.6536352124545837,-0.5674665460185897,-0.08616866643599397
AFE,Country resampling,2,245,1.0993456695679118,0.9162266325797384,0.18311903698817344
AFE,Country resampling,2,246,0.7640933416585214,0.6327109914204903,0.13138235023803113
AFE,Country resampling,2,247,-0.14955295193159257,-0.17618992820576485,0.026636976274172275
AFE,Country resampling,2,248,0.23836698182873128,-0.07195739930112588,0.31032438112985716
AFE,Country resampling,2,249,-0.2456532300074068,-0.5121198440859606,0.26646661407855377
AFE,Country resampling,2,250,-0.7033562012940194,-0.71182717297596,0.008470971681940553
AFE,Country resampling,2,251,-0.44128488617101735,-0.3667407698304589,-0.07454411634055846
AFE,Country resampling,2,252,0.4239808088396333,0.5978157960819175,-0.1738349872422842
AFE,Country resampling,2,253,-0.4057783413826025,-0.4213095354546781,0.015531194072075594
AFE,Country resampling,2,254,-0.5865940114314554,-0.5780036331093453,-0.00859037832211007
AFE,Country resampling,2,255,0.15330065500924528,-0.08318876222647764,0.23648941723572292
AFE,Country resampling,2,256,0.3668973623319205,0.5291640497891845,-0.16226668745726402
AFE,Country resampling,2,257,0.31803925974524283,0.23037587547971006,0.08766338426553277
AFE,Country resampling,2,258,-0.6827466724442542,-0.6959344700274138,0.013187797583159577
AFE,Country resampling,2,259,2.6405393403425728,2.5493993123552836,0.09114002798728915
AFE,Country resampling,2,260,-0.31638076673386784,-0.249898230284762,-0.06648253644910584
AFE,Country resampling,2,261,-0.27826891425999845,-0.25556824452002547,-0.02270066973997298
AFE,Country resampling,2,262,-0.44935869245064897,-0.3137737086048521,-0.13558498384579687
AFE,Country resampling,2,263,-0.31501071824412996,-0.3579354742619889,0.042924756017858945
AFE,Country resampling,2,264,2.11262368130878,2.129788299015478,-0.01716461770669797
AFE,Country resampling,2,265,-0.5930951173682493,-0.6358468590933362,0.04275174172508689
AFE,Country resampling,2,266,-0.6976163590982816,-0.6496729306816162,-0.047943428416665324
AFE,Country resampling,2,267,-0.266985254912966,-0.1444542793128697,-0.12253097560009629
AFE,Country resampling,2,268,-0.47998739840044113,-0.49509674832308426,0.015109349922643123
AFE,Country resampling,2,269,0.10750653489381135,0.061022480135464185,0.04648405475834716
AFE,Country resampling,2,270,0.5330227539461294,0.522941667271593,0.010081086674536444
AFE,Country resampling,2,271,-0.6039746552505607,-0.5820005287336015,-0.02197412651695918
AFE,Country resampling,2,272,0.03437112726903724,0.05338464634792195,-0.01901351907888471
AFE,Country resampling,2,273,-0.5807915455458623,-0.6341316923402541,0.05334014679439181
AFE,Country resampling,2,274,8.885359976514636,7.158064528117913,1.7272954483967222
AFE,Country resampling,2,275,3.38776093564287,1.8661704481991892,1.5215904874436808
AFE,Country resampling,2,276,-0.19246264953480186,-0.20142892614940977,0.008966276614607915
AFE,Country resampling,2,277,0.13368124637611056,0.01519644994204894,0.11848479643406162
AFE,Country resampling,2,278,1.2536958664763596,0.9882228470332313,0.2654730194431283
AFE,Country resampling,2,279,3.596426695120531,3.120034924957694,0.47639177016283707
AFE,Country resampling,2,280,0.09875471993960239,0.24550828129162428,-0.1467535613520219
AFE,Country resampling,2,281,0.03489104189154246,-0.10702492629649685,0.1419159681880393
AFE,Country resampling,2,282,-0.5314403064805588,-0.51824832489365,-0.013191981586908819
AFE,Country resampling,2,283,1.0318807591574748,1.3486367919806508,-0.316756032823176
AFE,Country resampling,2,284,-0.5876326476968499,-0.7383099917848114,0.15067734408796152
AFE,Country resampling,2,285,-0.6872817531971445,-0.7161686876692801,0.02888693447213564
AFE,Country resampling,2,286,-0.07733642754104653,-0.01924748290470424,-0.05808894463634229
AFE,Country resampling,2,287,-0.6437833286526775,-0.6504452279529944,0.006661899300316909
AFE,Country resampling,2,288,0.9308480976613531,0.7875659207691454,0.14328217689220768
AFE,Country resampling,2,289,-0.5540297677035031,-0.5053431762325645,-0.04868659147093857
AFE,Country resampling,2,290,-0.42180760513962645,-0.3723228336450395,-0.049484771494586965
AFE,Country resampling,2,291,-0.3269504073130932,-0.19278819560279659,-0.13416221171029663
AFE,Country resampling,2,292,0.9619290767987547,1.0882092198015987,-0.12628014300284396
AFE,Country resampling,2,293,-0.2225086742778981,-0.3703322459162143,0.14782357163831616
AFE,Country resampling,2,294,-0.3344781324053241,-0.33469891125411366,2.2077884878957121e-4
AFE,Country resampling,2,295,-0.4617524902950919,-0.4987352119674773,0.036982721672385366
AFE,Country resampling,2,296,0.45398718979742436,0.49318360090085256,-0.0391964111034282
AFE,Country resampling,2,297,0.7627747554608615,0.7595770379785021,0.003197717482359419
AFE,Country resampling,2,298,1.0259900047553892,0.4892741571760799,0.5367158475793092
AFE,Country resampling,2,299,0.9650778721328717,1.1738555530064447,-0.20877768087357307
AFE,Country resampling,2,300,-0.6256373836938394,-0.641588232614255,0.01595084892041565
AFE,Country resampling,2,301,-0.48855005857197054,-0.5372220158328787,0.048671957260908116
AFE,Country resampling,2,302,1.1698019866285123,0.8665271781154236,0.30327480851308874
AFE,Country resampling,2,303,-0.6477077395969683,-0.6660075749060117,0.018299835309043444
AFE,Country resampling,2,304,-0.7189525234994463,-0.681352110476199,-0.03760041302324724
AFE,Country resampling,2,305,-0.7138518509403098,-0.7364964763563708,0.02264462541606105
AFE,Country resampling,2,306,-0.0021468023904954725,0.0682088037553854,-0.07035560614588088
AFE,Country resampling,2,307,-0.5867941869279869,-0.5499664998512213,-0.03682768707676565
AFE,Country resampling,2,308,0.46258920507946444,0.4384367202480488,0.024152484831415633
AFE,Country resampling,2,309,-0.3959256642727881,-0.4226797789499048,0.026754114677116747
AFE,Country resampling,2,310,-0.30784713571734545,-0.3335951472258102,0.02574801150846473
AFE,Country resampling,2,311,-0.2779073843502825,-0.28048462077162906,0.0025772364213465515
AFE,Country resampling,2,312,8.477760178499397,8.294513280726873,0.18324689777252345
AFE,Country resampling,2,313,-0.18779841486843407,-0.1305158444093606,-0.05728257045907348
AFE,Country resampling,2,314,0.025923220081375264,0.029156916790029186,-0.0032336967086539214
AFE,Country resampling,2,315,1.561499859265334,1.2102815256434791,0.35121833362185484
AFE,Country resampling,2,316,0.1853735660747282,0.12463886161074944,0.06073470446397877
AFE,Country resampling,2,317,1.9062225497638878,1.6670024384364535,0.23922011132743437
AFE,Country resampling,2,318,-0.17698121737515482,-0.2794951626959309,0.10251394532077607
AFE,Country resampling,2,319,-0.45494090916377594,-0.39200174057862036,-0.06293916858515558
AFE,Country resampling,2,320,0.8301194813134272,0.735392179803052,0.09472730151037512
AFE,Country resampling,2,321,1.7097503575440496,1.7445454164122447,-0.03479505886819512
AFE,Country resampling,2,322,-0.5744230792883546,-0.6187463185340156,0.04432323924566106
AFE,Country resampling,2,323,-0.7041554887991375,-0.7026231620298766,-0.00153232676926085
AFE,Country resampling,2,324,-0.35670114385966967,-0.3029272433303557,-0.05377390052931397
AFE,Country resampling,2,325,-0.6190841361677362,-0.5647883213558458,-0.054295814811890386
AFE,Country resampling,2,326,-0.4503140434371211,-0.43047559478853037,-0.019838448648590745
AFE,Country resampling,2,327,-0.36983966499195164,-0.42081167142171083,0.05097200642975919
AFE,Country resampling,2,328,-0.7149861349937559,-0.6583631385468283,-0.05662299644692759
AFE,Country resampling,2,329,0.6342034318135861,0.5640242431808071,0.07017918863277894
AFE,Country resampling,2,330,0.3284081190775803,0.1699478576645912,0.15846026141298908
AFE,Country resampling,2,331,0.8735234170340036,0.8845229184451155,-0.010999501411111945
AFE,Country resampling,2,332,0.9618578916840697,0.9191629847776654,0.042694906906404206
AFE,Country resampling,2,333,-0.24991653744467568,-0.23454733978121778,-0.0153691976634579
AFE,Country resampling,2,334,-0.7542417502386485,-0.7737825986270732,0.019540848388424736
AFE,Country resampling,2,335,-0.6904811218904687,-0.6117064639532752,-0.07877465793719352
AFE,Country resampling,2,336,-0.1594500126530668,-0.15823064875307202,-0.0012193638999947742
AFE,Country resampling,2,337,-0.485591167449957,-0.501230282404121,0.015639114954164035
AFE,Country resampling,2,338,-0.20912415321648692,0.032196732659088845,-0.24132088587557576
AFE,Country resampling,2,339,0.6108774490578206,0.8007163357000777,-0.18983888664225712
AFE,Country resampling,2,340,-0.2866822352742924,-0.2387814338368659,-0.04790080143742648
AFE,Country resampling,2,341,0.8078581275494763,0.8715882741445395,-0.06373014659506326
AFE,Country resampling,2,342,2.227591223218792,0.3731635611482105,1.8544276620705817
AFE,Country resampling,2,343,0.26649128689401436,0.12874843348826337,0.137742853405751
AFE,Country resampling,2,344,1.3562705907021493,1.1946364165850452,0.16163417411710412
AFE,Country resampling,2,345,-0.1905894432189642,-0.19845588990145624,0.007866446682492034
AFE,Country resampling,2,346,-0.004251961710740826,4.34061233541172e-4,-0.004686022944281998
AFE,Country resampling,2,347,-0.3265886023294414,-0.2795524296873232,-0.047036172642118235
AFE,Country resampling,2,348,-0.7383044474968394,-0.708881215493609,-0.029423232003230382
AFE,Country resampling,2,349,1.3167027604810917,1.0857241166400775,0.2309786438410142
AFE,Country resampling,2,350,0.006507444032895826,0.04714573927913501,-0.04063829524623919
AFE,Country resampling,2,351,0.5322350515391092,0.7291619441781325,-0.1969268926390233
AFE,Country resampling,2,352,0.3757941723455167,0.47114999874049723,-0.09535582639498053
AFE,Country resampling,2,353,0.5012964399816493,0.4658269601503253,0.03546947983132398
AFE,Country resampling,2,354,1.1055830066884043,0.9223656045403237,0.18321740214808058
AFE,Country resampling,2,355,-0.5412613007220908,-0.5339844432724129,-0.007276857449677876
AFE,Country resampling,2,356,0.5498111899184219,0.17357625731699788,0.37623493260142404
AFE,Country resampling,2,357,-0.21567079560483837,-0.18508763303583486,-0.030583162569003508
AFE,Country resampling,2,358,-0.09390302364339775,-0.43373165387970103,0.3398286302363033
AFE,Country resampling,2,359,-0.5620798329816474,-0.5344565574154927,-0.027623275566154737
AFE,Country resampling,2,360,0.524502824631959,0.4436040154379759,0.08089880919398307
AFE,Country resampling,2,361,-0.4762005643108096,-0.40814195054870506,-0.06805861376210454
AFE,Country resampling,2,362,-0.3956981376105717,-0.34054335140777814,-0.05515478620279357
AFE,Country resampling,2,363,0.4467100362852936,0.4876846118497338,-0.040974575564440174
AFE,Country resampling,2,364,-0.6416984541677723,-0.5820776663528744,-0.05962078781489788
AFE,Country resampling,2,365,-0.3192680711375645,-0.23147377027742233,-0.08779430086014217
AFE,Country resampling,2,366,-0.37372611524512067,-0.39785519327179253,0.024129078026671857
AFE,Country resampling,2,367,0.027669584848484252,0.06028414360562784,-0.032614558757143586
AFE,Country resampling,2,368,-0.08136328779231072,-0.08570272027852543,0.0043394324862147116
AFE,Country resampling,2,369,0.841698295572251,0.5707645015528173,0.2709337940194336
AFE,Country resampling,2,370,0.9589510462642861,0.622600820040059,0.33635022622422706
AFE,Country resampling,2,371,-0.5813547372550636,-0.5929383669703125,0.011583629715248955
AFE,Country resampling,2,372,-0.6375062383760914,-0.698585178646961,0.061078940270869575
AFE,Country resampling,2,373,-0.23336929356780522,-0.21687565280953325,-0.016493640758271977
AFE,Country resampling,2,374,-0.030592961507506233,0.004673340495448208,-0.03526630200295444
AFE,Country resampling,2,375,0.4646654893575519,0.3662595548942693,0.09840593446328261
AFE,Country resampling,2,376,-0.5926530507476246,-0.6062470938421204,0.013594043094495745
AFE,Country resampling,2,377,3.659520699536241,3.4815508492948926,0.17796985024134848
AFE,Country resampling,2,378,0.18002821818956627,0.22517014328761187,-0.0451419250980456
AFE,Country resampling,2,379,0.1254957602965754,-0.07557793541832525,0.20107369571490064
AFE,Country resampling,2,380,-0.47023730815193965,-0.39699364689812566,-0.07324366125381399
AFE,Country resampling,2,381,0.9305612553509179,1.0546129726977376,-0.12405171734681963
AFE,Country resampling,2,382,-0.28453032955634794,-0.29345368728279986,0.00892335772645192
AFE,Country resampling,2,383,-0.4701898347928324,-0.5472542389730022,0.0770644041801698
AFE,Country resampling,2,384,-0.5450100919359107,-0.48305939831452904,-0.061950693621381614
AFE,Country resampling,2,385,-0.7450310312919047,-0.7370848756912469,-0.007946155600657812
AFE,Country resampling,2,386,-0.3432449606258423,-0.3326766247341476,-0.010568335891694702
AFE,Country resampling,2,387,0.8194936239997235,1.0229152282964313,-0.20342160429670786
AFE,Country resampling,2,388,-0.613974905268552,-0.6675344404080983,0.053559535139546255
AFE,Country resampling,2,389,-0.044028158690181285,0.011831517528408941,-0.055859676218590226
AFE,Country resampling,2,390,-0.28655376654325393,-0.3077471719197531,0.021193405376499164
AFE,Country resampling,2,391,-0.6158027481180784,-0.6401731192474394,0.024370371129360913
AFE,Country resampling,2,392,0.017992321425331026,-0.0019893451269669127,0.01998166655229794
AFE,Country resampling,2,393,-0.12529268643598102,-0.08913048891103537,-0.03616219752494565
AFE,Country resampling,2,394,-0.7317475562228133,-0.7380994538922178,0.0063518976694044715
AFE,Country resampling,2,395,0.19204828930328177,0.22608556798631585,-0.03403727868303408
AFE,Country resampling,2,396,-0.6938372286287651,-0.6567540890633174,-0.03708313956544762
AFE,Country resampling,2,397,-0.28482343805498345,-0.3775827534440498,0.09275931538906634
AFE,Country resampling,2,398,0.2125589496998752,0.013961751342297601,0.1985971983575776
AFE,Country resampling,2,399,-0.0509745179632054,-0.09893930933091755,0.047964791367712145
AFE,Country resampling,2,400,0.052812125947003796,-0.34356471354623286,0.39637683949323665
AFE,Country resampling,2,401,-0.5921386112524707,-0.5840475550461772,-0.008091056206293468
AFE,Country resampling,2,402,-0.37814317937903263,-0.39842076533574566,0.02027758595671303
AFE,Country resampling,2,403,0.6240811153005945,0.7873659448927983,-0.1632848295922038
AFE,Country resampling,2,404,1.2794567134780186,1.5438368685627673,-0.26438015508474866
AFE,Country resampling,2,405,0.7807055794391351,0.8752381338298758,-0.09453255439074071
AFE,Country resampling,2,406,0.12704271964519687,0.10798102964371781,0.01906169000147906
AFE,Country resampling,2,407,-0.6574267214545869,-0.6026147831160602,-0.05481193833852671
AFE,Country resampling,2,408,0.35149348864762664,0.30712914400306235,0.04436434464456429
AFE,Country resampling,2,409,-0.47419926719813044,-0.4245692566072483,-0.04963001059088212
AFE,Country resampling,2,410,0.3516871580086154,0.1800507376673488,0.17163642034126658
AFE,Country resampling,2,411,1.122896486361308,1.0920157307290248,0.030880755632283208
AFE,Country resampling,2,412,4.761369528411137,4.9375434092763895,-0.1761738808652522
AFE,Country resampling,2,413,-0.5437790116634178,-0.5732001864749343,0.029421174811516515
AFE,Country resampling,2,414,0.4398180713894595,0.6840106863953308,-0.2441926150058713
AFE,Country resampling,2,415,-0.6606701300686766,-0.6078860440593182,-0.052784086009358355
AFE,Country resampling,2,416,1.0967599213108707,1.186746620638679,-0.08998669932780823
AFE,Country resampling,2,417,0.14635554649310367,0.2785225161642002,-0.13216696967109653
AFE,Country resampling,2,418,0.37424933500184987,0.5656629461847413,-0.19141361118289146
AFE,Country resampling,2,419,0.8569091593780143,0.710450385950935,0.14645877342707925
AFE,Country resampling,2,420,-0.015182558923726663,-0.06967168414423597,0.054489125220509305
AFE,Country resampling,2,421,0.3718297441247409,0.5933684635724605,-0.22153871944771963
AFE,Country resampling,2,422,0.073710735807478,0.07408768541544819,-3.769496079701895e-4
AFE,Country resampling,2,423,-0.4428357746607582,-0.3833313044959198,-0.0595044701648384
AFE,Country resampling,2,424,0.985076576845036,0.6189419040502566,0.3661346727947794
AFE,Country resampling,2,425,-0.07897455340494552,0.041213120112503665,-0.12018767351744919
AFE,Country resampling,2,426,-0.12937675977236696,-0.1333253446773811,0.003948584905014152
AFE,Country resampling,2,427,-0.6830029439193617,-0.6729646554199573,-0.010038288499404358
AFE,Country resampling,2,428,0.18998312141845086,0.1477103745632593,0.042272746855191556
AFE,Country resampling,2,429,-0.2708982667069392,-0.18182219548552736,-0.08907607122141181
AFE,Country resampling,2,430,-0.12212841376920558,-0.2207012760544913,0.09857286228528572
AFE,Country resampling,2,431,0.027552265945546273,-0.0885796097829018,0.11613187572844808
AFE,Country resampling,2,432,-0.2894811106046661,-0.2582424596811025,-0.031238650923563593
AFE,Country resampling,2,433,-0.5257835740291579,-0.37209058907137116,-0.15369298495778672
AFE,Country resampling,2,434,0.12070160341592184,0.05028019273364137,0.07042141068228047
AFE,Country resampling,2,435,-0.5584359695419425,-0.6440326055986603,0.08559663605671775
AFE,Country resampling,2,436,0.6842776528424308,0.5568064466768647,0.12747120616556606
AFE,Country resampling,2,437,0.040922850145955314,0.17180531649115216,-0.13088246634519685
AFE,Country resampling,2,438,0.1281323692333356,0.25393699337591635,-0.12580462414258076
AFE,Country resampling,2,439,-0.4370244783891526,-0.34832293719545393,-0.08870154119369866
AFE,Country resampling,2,440,-0.09269062054109567,-0.12414044684438252,0.031449826303286854
AFE,Country resampling,2,441,-0.31911355043395884,-0.22362314983524811,-0.09549040059871072
AFE,Country resampling,2,442,-0.5004636024785643,-0.43762627536081533,-0.06283732711774892
AFE,Country resampling,2,443,-0.6191794224414136,-0.5904578535233673,-0.028721568918046225
AFE,Country resampling,2,444,-0.20017262014983983,-0.33876420043169775,0.13859158028185792
AFE,Country resampling,2,445,1.003823253351177,1.0383972791031528,-0.03457402575197577
AFE,Country resampling,2,446,-0.4368709689938388,-0.4789488175198069,0.042077848525968076
AFE,Country resampling,2,447,-0.4285743584829146,-0.33191328670312614,-0.09666107177978844
AFE,Country resampling,2,448,0.2093828030110063,0.27702440806220396,-0.06764160505119765
AFE,Country resampling,2,449,-0.5079680113372809,-0.4812008969087149,-0.02676711442856594
AFE,Country resampling,2,450,-0.8915636524333775,-0.85848793018141345,-0.03307572225196409
AFE,Country resampling,2,451,-0.09449476760190711,-0.1504505108894555,0.055955743287548376
AFE,Country resampling,2,452,0.04770164578350844,-0.0967936461217399,0.14449529190524835
AFE,Country resampling,2,453,0.04755256999089652,0.05620009184889474,-0.00864752185799822
AFE,Country resampling,2,454,-0.44774496688248633,-0.46159065566562585,0.01384568878313952
AFE,Country resampling,2,455,1.6799849004664122,1.6225236780353867,0.05746122243102558
AFE,Country resampling,2,456,-0.5387373878314967,-0.5622889931919233,0.023551605360426553
AFE,Country resampling,2,457,0.9419113062980309,0.7754922027748128,0.1664191035232181
AFE,Country resampling,2,458,-0.859979443928987,-0.8382498949326028,-0.02172954899638413
AFE,Country resampling,2,459,0.04503142775117541,-0.004104782845788857,0.04913621059696427
AFE,Country resampling,2,460,-0.47146265729167103,-0.37406430701593085,-0.09739835027574018
AFE,Country resampling,2,461,0.19311202015921713,0.3252257383777777,-0.13211371821856055
AFE,Country resampling,2,462,0.14831863165956083,0.2293815663333274,-0.08106293467376657
AFE,Country resampling,2,463,-0.7039667810312575,-0.6776619854867445,-0.026304795544513038
AFE,Country resampling,2,464,-0.26798121191636437,-0.40572273954292637,0.137741527626562
AFE,Country resampling,2,465,-0.5766015097579366,-0.5506993818307516,-0.025902127927184937
AFE,Country resampling,2,466,-0.7933360810970449,-0.7647277719099912,-0.028608309187053704
AFE,Country resampling,2,467,-0.052571734206969256,0.055780365541650445,-0.1083520997486197
AFE,Country resampling,2,468,4.234998492825708,4.001048910437692,0.233949582388016
AFE,Country resampling,2,469,-0.5214498495513558,-0.5947121096500501,0.0732622600986943
AFE,Country resampling,2,470,0.1758017907812095,-0.06386465974893996,0.23966645053014946
AFE,Country resampling,2,471,1.6942227894323612,1.652885541016786,0.04133724841557518
AFE,Country resampling,2,472,-0.8069355558845062,-0.7704268467129876,-0.036508709171518605
AFE,Country resampling,2,473,-0.2528809620185887,-0.18671586217785496,-0.06616509984073371
AFE,Country resampling,2,474,-0.07535146339825483,-0.009226599880552855,-0.06612486351770197
AFE,Country resampling,2,475,-0.41644889362829174,-0.3104675214029764,-0.10598137222531534
AFE,Country resampling,2,476,0.15920747212988684,0.12978266346702005,0.029424808662866786
AFE,Country resampling,2,477,-0.49273246214122024,-0.600249249668301,0.10751678752708071
AFE,Country resampling,2,478,1.3243360657609715,1.3769707738105526,-0.052634708049581036
AFE,Country resampling,2,479,0.2846953489605455,0.15579616274096053,0.12889918621958496
AFE,Country resampling,2,480,-0.33959077787717296,-0.2705011200334104,-0.06908965784376253
AFE,Country resampling,2,481,-0.42659099894631336,-0.3381947862426521,-0.08839621270366127
AFE,Country resampling,2,482,0.4527180034843272,0.4528214039533003,-1.0340046897305832e-4
AFE,Country resampling,2,483,0.9282989050250852,0.9777131737021421,-0.049414268677056894
AFE,Country resampling,2,484,-0.2168759377706282,-0.1697121753176245,-0.04716376245300369
AFE,Country resampling,2,485,-0.7423781163377046,-0.7292191306586515,-0.013158985679053048
AFE,Country resampling,2,486,0.1221748959520006,-0.025167248046762847,0.14734214399876344
AFE,Country resampling,2,487,2.7611842873807104,2.711521082537652,0.049663204843058306
AFE,Country resampling,2,488,1.908298544543852,1.801705602591165,0.10659294195268698
AFE,Country resampling,2,489,-0.5898920275759958,-0.5920208038502146,0.002128776274218813
AFE,Country resampling,2,490,-0.3416853520292473,-0.37951621055929685,0.03783085853004953
AFE,Country resampling,2,491,0.5195743557631722,0.6078720748305744,-0.08829771906740214
AFE,Country resampling,2,492,0.2481647590128937,0.36587218061739923,-0.11770742160450554
AFE,Country resampling,2,493,0.506169747271433,0.38253545148810675,0.1236342957833263
AFE,Country resampling,2,494,-0.5127833865901812,-0.49275089197439925,-0.020032494615781937
AFE,Country resampling,2,495,-0.3088910728731453,-0.3568957348034397,0.0480046619302944
AFE,Country resampling,2,496,-0.2418953096544304,-0.14421054357244434,-0.09768476608198606
AFE,Country resampling,2,497,0.17637570596710184,0.48075039653137597,-0.30437469056427413
AFE,Country resampling,2,498,-0.4144064127154703,-0.3683995942410979,-0.04600681847437238
AFE,Country resampling,2,499,-0.4449925523313225,-0.4465962662260704,0.0016037138947478935
AFE,Country resampling,2,500,-0.5951142349357564,-0.4862257915419057,-0.10888844339385073
AFE,Country resampling,2,501,-0.48767521441750195,-0.4792320466482962,-0.008443167769205728
AFE,Country resampling,2,502,0.17599004926673834,0.2405324199568435,-0.06454237069010516
AFE,Country resampling,2,503,1.5032068361491375,1.6509680214656273,-0.14776118531648974
AFE,Country resampling,2,504,2.9010522432862063,3.2325201390315135,-0.3314678957453072
AFE,Country resampling,2,505,-0.08153779305850573,-0.17801247026973355,0.09647467721122782
AFE,Country resampling,2,506,-0.2165052850035426,-0.16430244789381576,-0.05220283710972684
AFE,Country resampling,2,507,0.024066087916890355,-0.09179285678106963,0.11585894469795999
AFE,Country resampling,2,508,-0.29602984351095496,-0.2033986581578222,-0.09263118535313275
AFE,Country resampling,2,509,2.4650917878812586,2.215875878394483,0.24921590948677563
AFE,Country resampling,2,510,1.1075634112622401,1.1169591372338767,-0.009395725971636626
AFE,Country resampling,2,511,-0.08016417851893387,-0.13091740381553374,0.05075322529659987
AFE,Country resampling,2,512,-0.3581711405550505,-0.2618691282809624,-0.09630201227408808
AFE,Country resampling,2,513,0.18415376473158207,0.24717530998281023,-0.06302154525122816
AFE,Country resampling,2,514,-0.01891033867271419,0.06369099280449908,-0.08260133147721327
AFE,Country resampling,2,515,0.7407932655576182,0.620396160624995,0.12039710493262312
AFE,Country resampling,2,516,-0.5707177018036093,-0.563217412214783,-0.007500289588826203
AFE,Country resampling,2,517,-0.17369830068032077,-0.1147750124870126,-0.058923288193308165
AFE,Country resampling,2,518,-0.33517324414988825,-0.4211469744977938,0.08597373034790556
AFE,Country resampling,2,519,-0.5818704134203416,-0.5381975416503362,-0.04367287177000545
AFE,Country resampling,2,520,-0.3569826214431856,-0.3805275047459785,0.02354488330279292
AFE,Country resampling,2,521,-0.12054444683048249,-0.10938515928475934,-0.011159287545723151
AFE,Country resampling,2,522,-0.45950233440290833,-0.4479934604686465,-0.01150887393426181
AFE,Country resampling,2,523,-0.4613788882279827,-0.39402271270009503,-0.06735617552788764
AFE,Country resampling,2,524,-0.5314523122682395,-0.48357386810242275,-0.04787844416581677
AFE,Country resampling,2,525,-0.6033548932542789,-0.6046580074148424,0.001303114160563501
AFE,Country resampling,2,526,0.029535671768710303,0.03421097781467952,-0.004675306045969219
AFE,Country resampling,2,527,-0.34870806121792874,-0.4569552514008759,0.10824719018294715
AFE,Country resampling,2,528,-0.8369320386084943,-0.8361635050252474,-7.685335832469109e-4
AFE,Country resampling,2,529,-0.28410381258986084,-0.4330615843889054,0.14895777179904457
AFE,Country resampling,2,530,-0.15658392904273122,-0.19235633292404675,0.03577240388131553
AFE,Country resampling,2,531,-0.30936721472236994,-0.17723387032732163,-0.1321333443950483
AFE,Country resampling,2,532,-0.41601963583272006,-0.4128509598821647,-0.0031686759505553663
AFE,Country resampling,2,533,0.3065946955540697,0.4681275272781411,-0.1615328317240714
AFE,Country resampling,2,534,-0.3626167788404472,-0.32104473034132996,-0.04157204849911722
AFE,Country resampling,2,535,3.0646513186636275,2.6747203884236024,0.3899309302400251
AFE,Country resampling,2,536,-0.061942677495974596,-0.08289794284654894,0.020955265350574348
AFE,Country resampling,2,537,-0.7042994457605325,-0.7133773884673442,0.009077942706811726
AFE,Country resampling,2,538,0.5390270793363876,0.8334847209861611,-0.2944576416497735
AFE,Country resampling,2,539,-0.43391820223049093,-0.42877984378041356,-0.005138358450077374
AFE,Country resampling,2,540,-0.5746455638890375,-0.5365554859587185,-0.038090077930319044
AFE,Country resampling,2,541,-0.23482143996160798,-0.1877889462958643,-0.04703249366574369
AFE,Country resampling,2,542,-0.519296782237799,-0.40439180208202263,-0.11490498015577633
AFE,Country resampling,2,543,-0.017783968935472072,0.040260967141753756,-0.05804493607722583
AFE,Country resampling,2,544,-0.5208475589520143,-0.35058945320459667,-0.17025810574741762
AFE,Country resampling,2,545,-0.14229779115094932,-0.08575857256144359,-0.056539218589505724
AFE,Country resampling,2,546,2.9813994068451604,2.281561727241333,0.6998376796038275
AFE,Country resampling,2,547,1.081978483261992,0.9263667711087162,0.15561171215327585
AFE,Country resampling,2,548,-0.04002650315928691,0.255449349621677,-0.2954758527809639
AFE,Country resampling,2,549,-0.3431897173990488,-0.41677921130119566,0.07358949390214686
AFE,Country resampling,2,550,0.2327230151393802,-0.03510452037066858,0.2678275355100488
AFE,Country resampling,2,551,3.473379714153113,1.8740090514075565,1.5993706627455566
AFE,Country resampling,2,552,1.1316443305619135,1.1569942994238263,-0.025349968861912764
AFE,Country resampling,2,553,-0.7933212758349931,-0.7973650491292061,0.004043773294213016
AFE,Country resampling,2,554,2.349137375777418,1.7192887364605047,0.6298486393169132
AFE,Country resampling,2,555,0.476048887317283,0.5615153933798023,-0.08546650606251927
AFE,Country resampling,2,556,1.8562623275934143,2.0876315415196096,-0.23136921392619536
AFE,Country resampling,2,557,0.14631904456244493,0.13691224596357987,0.009406798598865063
AFE,Country resampling,2,558,-0.5642310438420259,-0.5699703494992479,0.005739305657221916
AFE,Country resampling,2,559,-0.35812916579355847,-0.3260583531890542,-0.032070812604504284
AFE,Country resampling,2,560,-0.2286685075553091,-0.2068121805415779,-0.02185632701373119
AFE,Country resampling,2,561,0.09499521381417586,0.15071649106077234,-0.05572127724659648
AFE,Country resampling,2,562,0.08200707812436181,0.349262319902657,-0.2672552417782952
AFE,Country resampling,2,563,2.573521983876182,1.9814185287717634,0.5921034551044184
AFE,Country resampling,2,564,-0.3673063013761956,-0.33185793151712273,-0.03544836985907285
AFE,Country resampling,2,565,0.21319519266268672,-0.016456071098009728,0.22965126376069644
AFE,Country resampling,2,566,-0.16348872750439847,-0.15985998740086915,-0.0036287401035293154
AFE,Country resampling,2,567,-0.37928502475556813,-0.3619813277069659,-0.01730369704860224
AFE,Country resampling,2,568,0.18783587796356604,0.22525490613273647,-0.03741902816917042
AFE,Country resampling,2,569,-0.5159772111745443,-0.507379452784166,-0.008597758390378352
AFE,Country resampling,2,570,-0.40630041391531047,-0.40765645696164776,0.0013560430463372963
AFE,Country resampling,2,571,-0.11229658731392977,-0.18557461409828868,0.07327802678435891
AFE,Country resampling,2,572,-0.2762383344525161,-0.2462464555686682,-0.02999187888384791
AFE,Country resampling,2,573,-0.5009854146124171,-0.5058051476164509,0.0048197330040338215
AFE,Country resampling,2,574,0.13915482768467236,-0.0035703521662537874,0.14272517985092614
AFE,Country resampling,2,575,-0.5857446333577351,-0.5621795149352993,-0.023565118422435805
AFE,Country resampling,2,576,-0.4040862313240593,-0.2824649062855875,-0.12162132503847178
AFE,Country resampling,2,577,-0.4355558861877312,-0.3585575406718413,-0.07699834551588991
AFE,Country resampling,2,578,0.0605322472721872,-0.001354307281057232,0.06188655455324443
AFE,Country resampling,2,579,0.1417666847159904,0.22784251216824103,-0.08607582745225062
AFE,Country resampling,2,580,0.4244687626288193,0.6547850829752433,-0.23031632034642402
AFE,Country resampling,2,581,-0.6800365279574958,-0.6736413225994524,-0.006395205358043388
AFE,Country resampling,2,582,-0.33250319642021275,-0.2977949218638227,-0.03470827455639003
AFE,Country resampling,2,583,0.15646281118996308,0.12395534418630749,0.03250746700365559
AFE,Country resampling,2,584,-0.39106964188789173,-0.3224549514032221,-0.06861469048466962
AFE,Country resampling,2,585,-0.25785916755149063,-0.23823313489947817,-0.01962603265201246
AFE,Country resampling,2,586,1.3306944739661137,0.7571119717151367,0.5735825022509771
AFE,Country resampling,2,587,0.24715395250720973,0.21163405660237689,0.03551989590483284
AFE,Country resampling,2,588,1.4271862795423949,1.8996293615008533,-0.4724430819584584
AFE,Country resampling,2,589,-0.3162236403791756,-0.4959742035999104,0.1797505632207348
AFE,Country resampling,2,590,1.4120766268343599,1.3254266776526409,0.08664994918171898
AFE,Country resampling,2,591,1.0141672628815255,1.0771531495605196,-0.06298588667899407
AFE,Country resampling,2,592,-0.08153928491061091,-0.1392278225010053,0.057688537590394384
AFE,Country resampling,2,593,-0.6596763323939214,-0.6678224757905236,0.008146143396602135
AFE,Country resampling,2,594,-0.43698617362575587,-0.43668994916325077,-2.9622446250510137e-4
AFE,Country resampling,2,595,1.0426837865577858,0.81869478761548,0.22398899894230584
AFE,Country resampling,2,596,-0.24492278200942563,-0.17734580500660202,-0.06757697700282361
AFE,Country resampling,2,597,1.2914724578321017,1.2949956086519663,-0.00352315081986454
AFE,Country resampling,2,598,-0.4814113008377614,-0.4977814387503061,0.016370137912544713
AFE,Country resampling,2,599,-0.2334052329655899,-0.18952330177182497,-0.043881931193764934
AFE,Country resampling,2,600,-0.06379804236637221,-0.042904265714838186,-0.020893776651534024
AFE,Country resampling,2,601,-0.24621595626484483,-0.21124489288710913,-0.0349710633777357
AFE,Country resampling,2,602,-0.44976063053227566,-0.43597581832105514,-0.01378481221122052
AFE,Country resampling,2,603,-0.5328558850378406,-0.48522539386215724,-0.04763049117568341
AFE,Country resampling,2,604,1.0019114460628598,1.058210865881808,-0.05629941981894815
AFE,Country resampling,2,605,3.9313712142346313,3.618453716311464,0.31291749792316725
AFE,Country resampling,2,606,0.6255967966101919,0.8296380224872091,-0.20404122587701723
AFE,Country resampling,2,607,0.2581546722131738,0.22042758355220027,0.03772708866097352
AFE,Country resampling,2,608,0.40852236439461187,0.36354864960565814,0.044973714788953734
AFE,Country resampling,2,609,-0.3446680945817775,-0.364449985024379,0.01978189044260148
AFE,Country resampling,2,610,-0.22568140367388145,-0.1345532430198232,-0.09112816065405827
AFE,Country resampling,2,611,0.18028138790855763,0.08641603182631119,0.09386535608224644
AFE,Country resampling,2,612,0.8354604429909056,0.8805588453428173,-0.04509840235191165
AFE,Country resampling,2,613,0.6606203203418555,1.0636075445802433,-0.40298722423838784
AFE,Country resampling,2,614,0.1413232912689859,0.18982679887129428,-0.04850350760230837
AFE,Country resampling,2,615,-0.09548319811577488,-0.1532863068904321,0.05780310877465722
AFE,Country resampling,2,616,-0.5342601600873438,-0.4714293064032159,-0.06283085368412789
AFE,Country resampling,2,617,-0.39919483915556164,-0.46410613985702476,0.06491130070146311
AFE,Country resampling,2,618,-0.31366812754330675,-0.27785058116295847,-0.035817546380348286
AFE,Country resampling,2,619,0.12432880615386988,-0.22434567577901665,0.3486744819328865
AFE,Country resampling,2,620,0.09685313911901994,0.08625807124225982,0.010595067876760123
AFE,Country resampling,2,621,-0.6582265080000271,-0.6247553675382993,-0.03347114046172783
AFE,Country resampling,2,622,-0.12010191729199782,-0.03844499109492239,-0.08165692619707543
AFE,Country resampling,2,623,0.2216600400727884,0.16682040971909684,0.05483963035369155
AFE,Country resampling,2,624,0.7715175749213805,0.5927724234371006,0.17874515148427994
AFE,Country resampling,2,625,-0.33673414892490083,-0.37018897611270873,0.0334548271878079
AFE,Country resampling,2,626,2.2113393523457545,1.290290637979628,0.9210487143661266
AFE,Country resampling,2,627,2.795628493953154,2.0223601839270318,0.7732683100261224
AFE,Country resampling,2,628,-0.46245832670594955,-0.46707989468620137,0.004621567980251817
AFE,Country resampling,2,629,0.24576783178002137,-0.04985511105417306,0.29562294283419444
AFE,Country resampling,2,630,2.853495657188248,3.0751817157822945,-0.22168605859404655
AFE,Country resampling,2,631,-0.11118010265054046,0.05269253715522493,-0.16387263980576539
AFE,Country resampling,2,632,-0.1564684333442441,-0.1836780596843035,0.027209626340059412
AFE,Country resampling,2,633,-0.2235739118824458,-0.2125402816091797,-0.011033630273266093
AFE,Country resampling,2,634,-0.5639793048828197,-0.5103186949829672,-0.05366060989985244
AFE,Country resampling,2,635,-0.6858904101590282,-0.6580250545340349,-0.02786535562499326
AFE,Country resampling,2,636,-0.297985400638759,-0.3186662206650237,0.0206808200262647
AFE,Country resampling,2,637,-0.09327826816319973,-0.16316515001936271,0.06988688185616299
AFE,Country resampling,2,638,1.5586712701659349,1.7108325081930627,-0.15216123802712778
AFE,Country resampling,2,639,-0.6644834081750355,-0.6323777188556601,-0.03210568931937541
AFE,Country resampling,2,640,0.1697337170106452,0.23413154405939696,-0.06439782704875174
AFE,Country resampling,2,641,1.4060488232925166,1.2571212444706026,0.148927578821914
AFE,Country resampling,2,642,-0.7108874904197118,-0.7091491441952593,-0.0017383462244524583
AFE,Country resampling,2,643,-0.3077538111979372,-0.34861938793145153,0.04086557673351432
AFE,Country resampling,2,644,1.408232294870707,1.2973596791452837,0.11087261572542317
AFE,Country resampling,2,645,-0.7736055402695354,-0.7408135640376258,-0.03279197623190966
AFE,Country resampling,2,646,0.5352190390213687,0.6911061995363035,-0.15588716051493479
AFE,Country resampling,2,647,-0.03530490963821442,-0.06918976355387485,0.03388485391566043
AFE,Country resampling,2,648,1.0015721418061885,1.0131086851169324,-0.01153654331074394
AFE,Country resampling,2,649,0.9027337820868073,1.0520115395822405,-0.14927775749543315
AFE,Country resampling,2,650,-0.14685110995602402,-0.1727059945004299,0.025854884544405876
AFE,Country resampling,2,651,3.296844926056062,3.038781801406521,0.2580631246495413
AFE,Country resampling,2,652,1.0028095972407196,1.2473108322974231,-0.24450123505670351
AFE,Country resampling,2,653,1.5400728455413724,1.4827389673142086,0.05733387822716374
AFE,Country resampling,2,654,0.11910166473672468,0.10387139313795335,0.015230271598771328
AFE,Country resampling,2,655,-0.5878361373482401,-0.6356061534906114,0.04777001614237131
AFE,Country resampling,2,656,-0.5802558897181305,-0.5910288680713067,0.010772978353176255
AFE,Country resampling,2,657,0.3957078374820673,0.18729479401613958,0.2084130434659277
AFE,Country resampling,2,658,-0.3659054817078138,-0.34833141175419513,-0.017574069953618654
AFE,Country resampling,2,659,-0.526708163193429,-0.47403835855135856,-0.052669804642070384
AFE,Country resampling,2,660,2.4450137074457805,2.7191178298546066,-0.2741041224088261
AFE,Country resampling,2,661,-0.5957664500904696,-0.5746436248234015,-0.0211228252670681
AFE,Country resampling,2,662,0.07812522016030465,0.054593580248254,0.02353163991205065
AFE,Country resampling,2,663,0.7134952853263123,0.6900222423380313,0.023473042988281012
AFE,Country resampling,2,664,-0.291718889259308,-0.3078267961601806,0.016107906900872604
AFE,Country resampling,2,665,1.7288488569941718,1.6908681882961574,0.03798066869801442
AFE,Country resampling,2,666,0.06424140908028453,0.07375425670312441,-0.009512847622839882
AFE,Country resampling,2,667,-0.3562774416734026,-0.2980576243951001,-0.0582198172783025
AFE,Country resampling,2,668,0.34874371834659246,0.2211240246235171,0.12761969372307536
AFE,Country resampling,2,669,2.4937154682850053,2.4097318976246664,0.0839835706603389
AFE,Country resampling,2,670,-0.29238002567831933,-0.18797794279513225,-0.10440208288318709
AFE,Country resampling,2,671,-0.4602754629757613,-0.44304713256347406,-0.01722833041228722
AFE,Country resampling,2,672,-0.07679459562433688,0.033517722402928385,-0.11031231802726527
AFE,Country resampling,2,673,0.1149202951685977,0.2953761933360528,-0.1804558981674551
AFE,Country resampling,2,674,0.34386458750338367,0.2718993011504349,0.07196528635294874
AFE,Country resampling,2,675,-0.10672696503159895,-0.11902193528932958,0.01229497025773063
AFE,Country resampling,2,676,-0.4257746787239769,-0.41339464599346454,-0.012380032730512358
AFE,Country resampling,2,677,-0.857553771281327,-0.8872006598400433,0.029646888558716222
AFE,Country resampling,2,678,0.36480340172790426,0.3951281146479346,-0.03032471292003036
AFE,Country resampling,2,679,0.24382874129932008,0.12600303597996132,0.11782570531935876
AFE,Country resampling,2,680,-0.7928501678258948,-0.8008268195370539,0.007976651711159133
AFE,Country resampling,2,681,-0.23519555929285507,-0.5953078348424756,0.36011227554962055
AFE,Country resampling,2,682,0.29977413127708363,0.1239581877799838,0.17581594349709984
AFE,Country resampling,2,683,1.4954649606216965,-0.5876998334461427,2.083164794067839
AFE,Country resampling,2,684,-0.5851341430039567,-0.3943788396974107,-0.190755303306546
AFE,Country resampling,2,685,0.008143137060315553,-0.018205221479932088,0.02634835854024764
AFE,Country resampling,2,686,-0.4464579212788381,-0.3909124739984059,-0.0555454472804322
AFE,Country resampling,2,687,1.5257723648453378,0.2164123791438004,1.3093599857015374
AFE,Country resampling,2,688,0.91643815485062,0.9556043459542527,-0.03916619110363273
AFE,Country resampling,2,689,-0.7107274827428143,-0.6787099529515492,-0.03201752979126504
AFE,Country resampling,2,690,0.021503744889559417,0.0713655831056117,-0.04986183821605228
AFE,Country resampling,2,691,-0.08239602433543491,-0.30585594545274175,0.22345992111730684
AFE,Country resampling,2,692,1.5066188845253716,1.6304564131752786,-0.12383752864990694
AFE,Country resampling,2,693,-0.2920914718137131,-0.3223413435876208,0.0302498717739077
AFE,Country resampling,2,694,2.9496585904159782,2.814888787509282,0.13476980290669616
AFE,Country resampling,2,695,-0.25800915588787543,-0.2195173969390879,-0.038491758948787536
AFE,Country resampling,2,696,-0.16237195299687301,-0.21747200669642075,0.055100053699547735
AFE,Country resampling,2,697,-0.6603155748613896,-0.6594793711188864,-8.362037425031499e-4
AFE,Country resampling,2,698,-0.33521054420498275,-0.23324581947854683,-0.10196472472643592
AFE,Country resampling,2,699,-0.26068188892550515,-0.30471217552719665,0.044030286601691504
AFE,Country resampling,2,700,0.16036182690483414,0.17101802531674637,-0.010656198411912232
AFE,Country resampling,2,701,-0.03532701100698821,-0.30767735079471603,0.2723503397877278
AFE,Country resampling,2,702,0.8155219301164063,0.9831981922058484,-0.16767626208944209
AFE,Country resampling,2,703,-0.6815184283377471,-0.7154091727458824,0.03389074440813533
AFE,Country resampling,2,704,2.356681629695438,1.803224998523501,0.5534566311719371
AFE,Country resampling,2,705,1.8298953831303533,2.0223237855441907,-0.1924284024138374
AFE,Country resampling,2,706,-0.19466146347403956,-0.16344601534745817,-0.03121544812658139
AFE,Country resampling,2,707,0.9512802267007416,1.1686646231449695,-0.2173843964442279
AFE,Country resampling,2,708,1.1488398942163442,1.476234433094553,-0.3273945388782087
AFE,Country resampling,2,709,0.2470045860840968,-0.11398029925424946,0.3609848853383463
AFE,Country resampling,2,710,-0.517659957810737,-0.5513588611799304,0.033698903369193345
AFE,Country resampling,2,711,-0.3087451304093337,-0.32052931904181003,0.011784188632476322
AFE,Country resampling,2,712,-0.7447524246949966,-0.7918750402215468,0.04712261552655017
AFE,Country resampling,2,713,-0.6600609886620727,-0.6703609102076483,0.010299921545575574
AFE,Country resampling,2,714,-0.7031020772692329,-0.5970203840432348,-0.10608169322599814
AFE,Country resampling,2,715,-0.5170592902212465,-0.48491831932470963,-0.03214097089653689
AFE,Country resampling,2,716,-0.4238673140003564,-0.5156675059666,0.09180019196624367
AFE,Country resampling,2,717,0.12946440490652322,0.021696775234462784,0.10776762967206044
AFE,Country resampling,2,718,1.5109200453161709,1.7295351253060738,-0.21861507998990293
AFE,Country resampling,2,719,-0.5025212595903097,-0.5315615892098804,0.029040329619570704
AFE,Country resampling,2,720,-0.40986897925684895,-0.4260226281571041,0.01615364890025517
AFE,Country resampling,2,721,-0.4700660248551145,-0.4291634640489135,-0.04090256080620103
AFE,Country resampling,2,722,2.169374049969536,2.395249581817686,-0.22587553184815023
AFE,Country resampling,2,723,-0.35667863802778144,-0.3283279720484733,-0.02835066597930813
AFE,Country resampling,2,724,-0.2558210525222062,-0.25374119929530836,-0.0020798532268978542
AFE,Country resampling,2,725,-0.435023840326223,-0.2574736431406851,-0.17755019718553788
AFE,Country resampling,2,726,0.504421379031254,0.5144812324530503,-0.010059853421796383
AFE,Country resampling,2,727,-0.80035373817079,-0.7984719626084176,-0.0018817755623724564
AFE,Country resampling,2,728,2.6141981795557028,2.502484296089438,0.11171388346626498
AFE,Country resampling,2,729,-0.2953776705520804,-0.1271382295971516,-0.16823944095492882
AFE,Country resampling,2,730,0.011270989477237592,0.06549056693577482,-0.05421957745853723
AFE,Country resampling,2,731,-0.654575554474778,-0.6133190477315951,-0.04125650674318293
AFE,Country resampling,2,732,1.287410658576305,1.0755510752292214,0.21185958334708355
AFE,Country resampling,2,733,0.5092280168341596,0.4679839935814212,0.04124402325273846
AFE,Country resampling,2,734,-0.030108377573690115,0.04997871165346823,-0.08008708922715835
AFE,Country resampling,2,735,-0.3851025721086797,-0.3013715174091831,-0.0837310546994966
AFE,Country resampling,2,736,-0.6687390320088176,-0.7190693416297328,0.050330309620915226
AFE,Country resampling,2,737,0.08368470427227459,0.03576109315722009,0.0479236111150545
AFE,Country resampling,2,738,0.10397742447816083,0.17124165517212053,-0.0672642306939597
AFE,Country resampling,2,739,0.15665376265746955,0.011906521815211235,0.14474724084225832
AFE,Country resampling,2,740,-0.07772670350672095,0.0382234115958322,-0.11595011510255315
AFE,Country resampling,2,741,-0.00596362467369016,0.03540763496645649,-0.04137125964014665
AFE,Country resampling,2,742,0.13863115601100873,0.09796354490615733,0.0406676111048514
AFE,Country resampling,2,743,-0.5143443371880787,-0.4922129733891444,-0.022131363798934323
AFE,Country resampling,2,744,0.3509300322162596,0.3104259049225877,0.04050412729367192
AFE,Country resampling,2,745,-0.12737130417918463,-0.05649858430365107,-0.07087271987553356
AFE,Country resampling,2,746,0.8616042425595805,0.8440424552058132,0.017561787353767233
AFE,Country resampling,2,747,-0.6585380331703454,-0.7121491157321748,0.05361108256182934
AFE,Country resampling,2,748,-0.09846162469506214,-0.38999453984127896,0.2915329151462168
AFE,Country resampling,2,749,0.05609317319303386,0.09263930536195875,-0.03654613216892488
AFE,Country resampling,2,750,-0.43541431110377193,-0.3703072000440273,-0.06510711105974465
AFE,Country resampling,2,751,0.07358128635428218,0.12782935332088607,-0.05424806696660389
AFE,Country resampling,2,752,1.1481047894106484,1.2072062335499711,-0.05910144413932272
AFE,Country resampling,2,753,-0.24983471033199856,-0.2647120715358693,0.014877361203870731
AFE,Country resampling,2,754,0.4481176348149394,0.5612188703827494,-0.11310123556781004
AFE,Country resampling,2,755,-0.7525425115934492,-0.770525303420027,0.017982791826577804
AFE,Country resampling,2,756,-0.46500134322355624,-0.5442250593555487,0.07922371613199242
AFE,Country resampling,2,757,-0.7390126180028774,-0.6496074700876526,-0.0894051479152248
AFE,Country resampling,2,758,0.48466401177372553,0.5487420878496301,-0.06407807607590454
AFE,Country resampling,2,759,0.0261228461836982,-0.008703584209424298,0.0348264303931225
AFE,Country resampling,2,760,1.3335713965352713,0.40692374384281926,0.9266476526924521
AFE,Country resampling,2,761,1.7602821150722563,1.0911532936082602,0.6691288214639961
AFE,Country resampling,2,762,0.048395309066055825,0.014349680883776195,0.03404562818227963
AFE,Country resampling,2,763,0.009274192972067663,0.1462116558801918,-0.13693746290812414
AFE,Country resampling,2,764,0.27010984105151525,0.028589158279359816,0.24152068277215544
AFE,Country resampling,2,765,-0.3389728666235914,-0.3226663818615929,-0.016306484761998474
AFE,Country resampling,2,766,-0.7600195543944157,-0.7309706110062956,-0.02904894338812014
AFE,Country resampling,2,767,-0.18416911325674634,-0.14203770403239524,-0.0421314092243511
AFE,Country resampling,2,768,-0.15570960104043619,-0.17666694893578294,0.020957347895346756
AFE,Country resampling,2,769,-0.6085170799627232,-0.6184707103012812,0.009953630338558006
AFE,Country resampling,2,770,0.3499304047718437,0.2611630537790175,0.08876735099282618
AFE,Country resampling,2,771,-0.41590545336716955,-0.45722720473294864,0.04132175136577909
AFE,Country resampling,2,772,2.809416191902348,2.713390461398349,0.0960257305039991
AFE,Country resampling,2,773,0.7516976320751538,0.7481370055564389,0.0035606265187149155
AFE,Country resampling,2,774,-0.2863179536410764,-0.45610228837596856,0.16978433473489218
AFE,Country resampling,2,775,0.14698968741591556,0.2082251657037295,-0.06123547828781395
AFE,Country resampling,2,776,0.4562109009864235,0.7324290049772251,-0.2762181039908016
AFE,Country resampling,2,777,-0.6014818474951413,-0.5734462481118412,-0.028035599383300136
AFE,Country resampling,2,778,0.5227729516863859,0.6558423207939454,-0.1330693691075595
AFE,Country resampling,2,779,0.4951664952378956,0.5787493552346599,-0.08358285999676429
AFE,Country resampling,2,780,-0.7868991930244666,-0.7671934907257879,-0.01970570229867874
AFE,Country resampling,2,781,0.023275287309693526,-0.05262103894156511,0.07589632625125864
AFE,Country resampling,2,782,1.5472090837242352,1.5057988596636012,0.04141022406063399
AFE,Country resampling,2,783,-0.45140992587575746,-0.4646640636480299,0.013254137772272467
AFE,Country resampling,2,784,-0.39765563114135205,-0.37723552006231653,-0.02042011107903552
AFE,Country resampling,2,785,-0.6443006165672552,-0.6795263733824839,0.03522575681522866
AFE,Country resampling,2,786,-0.42983275296387413,-0.3787275104761302,-0.05110524248774395
AFE,Country resampling,2,787,0.4226188690932955,0.6532469651201565,-0.23062809602686096
AFE,Country resampling,2,788,-0.6965916393106337,-0.7327279053664641,0.036136266055830424
AFE,Country resampling,2,789,-0.7557667647177583,-0.7237116604309795,-0.032055104286778824
AFE,Country resampling,2,790,-0.19102178055053454,-0.2527426342265292,0.06172085367599467
AFE,Country resampling,2,791,0.42573944910115813,0.3994963691851008,0.026243079916057344
AFE,Country resampling,2,792,-0.30724245852364473,-0.3149578315514163,0.007715373027771588
AFE,Country resampling,2,793,0.33064222507427776,0.07491691042947024,0.2557253146448075
AFE,Country resampling,2,794,0.7404546723885952,0.7430758701295996,-0.002621197741004444
AFE,Country resampling,2,795,1.8575259862945028,1.9485261164262329,-0.09100013013173003
AFE,Country resampling,2,796,-0.3945582918155368,-0.4217827738473171,0.027224482031780295
AFE,Country resampling,2,797,-0.44674408698049206,-0.4595485035660304,0.012804416585538325
AFE,Country resampling,2,798,-0.6576810808230014,-0.6225713038157568,-0.0351097770072446
AFE,Country resampling,2,799,-0.7059238589348823,-0.751052870115363,0.04512901118048074
AFE,Country resampling,2,800,0.5588967692279481,0.541755311626664,0.01714145760128405
AFE,Country resampling,2,801,-0.41686201578072335,-0.39328942700750036,-0.02357258877322299
AFE,Country resampling,2,802,-0.32565499059819814,-0.3297077072237026,0.004052716625504438
AFE,Country resampling,2,803,-0.03239451798268467,-0.006254973725436819,-0.02613954425724785
AFE,Country resampling,2,804,-0.6553300987900204,-0.6058156010637932,-0.04951449772622718
AFE,Country resampling,2,805,-0.3573488064834517,-0.36883822511784314,0.011489418634391457
AFE,Country resampling,2,806,-0.1552078165809475,-0.18869462341439303,0.033486806833445515
AFE,Country resampling,2,807,-0.30012218987451844,-0.2666895280321876,-0.033432661842330846
AFE,Country resampling,2,808,0.6454875185482358,0.5436077820174339,0.10187973653080196
AFE,Country resampling,2,809,1.0663483602448176,1.1506484807244317,-0.0843001204796141
AFE,Country resampling,2,810,-0.09593644004543866,-0.04208927946142471,-0.05384716058401395
AFE,Country resampling,2,811,-0.5613002976901966,-0.5068060443645299,-0.05449425332566671
AFE,Country resampling,2,812,0.9466219759715464,0.7915699463127688,0.15505202965877762
AFE,Country resampling,2,813,-0.529191012530358,-0.5133994663640934,-0.01579154616626466
AFE,Country resampling,2,814,-0.6578865623832457,-0.6422735596929314,-0.015613002690314293
AFE,Country resampling,2,815,1.1016037866008226,0.3500380424889036,0.751565744111919
AFE,Country resampling,2,816,0.25931755461062944,0.3090360349684549,-0.049718480357825445
AFE,Country resampling,2,817,0.6023772865631458,0.5155553419400019,0.08682194462314397
AFE,Country resampling,2,818,-0.47970183279961176,-0.5109958936056598,0.03129406080604802
AFE,Country resampling,2,819,0.07967378519138912,-0.01957368604732812,0.09924747123871724
AFE,Country resampling,2,820,1.6022599059294675,1.0022097454628502,0.6000501604666173
AFE,Country resampling,2,821,-0.19096279385300785,-0.07971779791970302,-0.11124499593330484
AFE,Country resampling,2,822,-0.23128632974077012,-0.10268041102045533,-0.1286059187203148
AFE,Country resampling,2,823,-0.5178122199880517,-0.5409140245945525,0.023101804606500798
AFE,Country resampling,2,824,1.4655553987688466,1.3046522535169034,0.16090314525194316
AFE,Country resampling,2,825,-0.07829002617156422,-0.15442441911046212,0.0761343929388979
AFE,Country resampling,2,826,-0.22279722273880287,-0.12721923324779838,-0.09557798949100449
AFE,Country resampling,2,827,-0.5850612162951309,-0.6633310770461913,0.07826986075106046
AFE,Country resampling,2,828,0.6443929366587637,0.5444050488675642,0.09998788779119949
AFE,Country resampling,2,829,0.30477815035808353,0.5554278041719918,-0.25064965381390825
AFE,Country resampling,2,830,-0.6136921534662472,-0.598486811187825,-0.015205342278422185
AFE,Country resampling,2,831,0.32218148585965256,0.504251384152465,-0.1820698982928124
AFE,Country resampling,2,832,0.9874680609983666,1.185208288471768,-0.19774022747340148
AFE,Country resampling,2,833,-0.5140783175543593,-0.49001360201567934,-0.02406471553867995
AFE,Country resampling,2,834,0.07697251235513325,0.12358070596644954,-0.046608193611316295
AFE,Country resampling,2,835,1.46118380012342,1.1224199374751813,0.33876386264823877
AFE,Country resampling,2,836,0.6974063050437567,0.634311761899615,0.06309454314414165
AFE,Country resampling,2,837,1.2841873839686961,1.7024863728034676,-0.41829898883477146
AFE,Country resampling,2,838,-0.26796449090381147,-0.19314310185412698,-0.0748213890496845
AFE,Country resampling,2,839,1.9977707572751382,1.7429788622367068,0.25479189503843136
AFE,Country resampling,2,840,0.7727155463534254,0.8161622972686156,-0.043446750915190124
AFE,Country resampling,2,841,1.046108734205562,1.2182556945164968,-0.1721469603109349
AFE,Country resampling,2,842,-0.667666951264654,-0.7041645806750962,0.03649762941044221
AFE,Country resampling,2,843,1.2991908296959025,1.276688948059609,0.022501881636293408
AFE,Country resampling,2,844,-0.8043412350558533,-0.7753789287819026,-0.02896230627395069
AFE,Country resampling,2,845,-0.6757757354087373,-0.6514140371973626,-0.024361698211374683
AFE,Country resampling,2,846,-0.43701687537643885,-0.4832695776664182,0.04625270228997935
AFE,Country resampling,2,847,-0.33636438786816103,-0.31017236111446955,-0.026192026753691477
AFE,Country resampling,2,848,-0.28993758062983754,-0.2900687008657552,1.3112023591765887e-4
AFE,Country resampling,2,849,1.6036262920005755,1.5899828477325815,0.01364344426799402
AFE,Country resampling,2,850,-0.1550347447291176,-0.1503183265673832,-0.004716418161734404
AFE,Country resampling,2,851,0.8268149478147899,0.9177360643813957,-0.09092111656660573
AFE,Country resampling,2,852,4.917343533993492,4.7300913341758735,0.18725219981761843
AFE,Country resampling,2,853,0.050183754040736606,-0.004710231119523511,0.05489398516026012
AFE,Country resampling,2,854,0.03860132208165856,-0.04389816681028447,0.08249948889194303
AFE,Country resampling,2,855,-0.5466793889629313,-0.5370236634152783,-0.009655725547653038
AFE,Country resampling,2,856,-0.4189812438367212,-0.3648096343275834,-0.0541716095091378
AFE,Country resampling,2,857,0.05682578639766511,0.04571499427409753,0.011110792123567581
AFE,Country resampling,2,858,-0.19380585810007556,-0.10117525635733615,-0.0926306017427394
AFE,Country resampling,2,859,-0.7069772365453519,-0.6987157431121609,-0.008261493433191047
AFE,Country resampling,2,860,-0.28987524445056534,-0.34540081605330275,0.05552557160273741
AFE,Country resampling,2,861,-0.14792958987954885,-0.16405397810803668,0.01612438822848783
AFE,Country resampling,2,862,-0.35614504485102705,-0.4153229941649007,0.05917794931387366
AFE,Country resampling,2,863,0.8090342183106385,0.768691593260274,0.040342625050364456
AFE,Country resampling,2,864,0.11067736771431025,0.1350164398558471,-0.024339072141536855
AFE,Country resampling,2,865,-0.4271594220424656,-0.4342910546856015,0.007131632643135877
AFE,Country resampling,2,866,0.3954613720665727,0.3399664421030164,0.055494929963556316
AFE,Country resampling,2,867,-0.4712255052096923,-0.4973411297122571,0.02611562450256477
AFE,Country resampling,2,868,-0.644996322980939,-0.6063175165045992,-0.03867880647633981
AFE,Country resampling,2,869,0.9682267488684311,0.7046347023681705,0.2635920465002606
AFE,Country resampling,2,870,0.2222224536201518,0.3212975837852643,-0.09907513016511249
AFE,Country resampling,2,871,-0.6819607180483245,-0.6235293592308075,-0.05843135881751693
AFE,Country resampling,2,872,-0.628720335908425,-0.666309905340043,0.03758956943161795
AFE,Country resampling,2,873,-0.5478393068160272,-0.5185941968422334,-0.029245109973793815
AFE,Country resampling,2,874,-0.010779105207138207,0.16055537638104211,-0.17133448158818032
AFE,Country resampling,2,875,-0.25317951324358423,-0.16267091649691334,-0.09050859674667089
AFE,Country resampling,2,876,2.688036630401393,2.3444128303705742,0.34362380003081894
AFE,Country resampling,2,877,-0.4175627450633401,-0.4063891741568726,-0.011173570906467534
AFE,Country resampling,2,878,-0.22733271838698477,-0.2215102806657825,-0.005822437721202278
AFE,Country resampling,2,879,-0.3463637597524176,-0.4668870335725772,0.1205232738201596
AFE,Country resampling,2,880,-0.43186909779903804,-0.3977191393077255,-0.034149958491312526
AFE,Country resampling,2,881,-0.33233136085999704,-0.3295076495960789,-0.002823711263918116
AFE,Country resampling,2,882,0.2982951876209057,0.2758881716495547,0.022407015971350974
AFE,Country resampling,2,883,0.3370090048565353,0.4473000771095488,-0.11029107225301349
AFE,Country resampling,2,884,0.661120756871552,0.6897952190942509,-0.02867446222269887
AFE,Country resampling,2,885,-0.6776465701984649,-0.7290430687554965,0.051396498557031656
AFE,Country resampling,2,886,0.007555033534943467,-0.21524887254950875,0.22280390608445222
AFE,Country resampling,2,887,-0.6297777905120082,-0.6542270610214673,0.02444927050945911
AFE,Country resampling,2,888,0.7123953408011778,0.3830293245997243,0.32936601620145356
AFE,Country resampling,2,889,-0.508572553298796,-0.4957690982032332,-0.012803455095562799
AFE,Country resampling,2,890,-8.535953747379477e-4,0.10905331306987676,-0.1099069084446147
AFE,Country resampling,2,891,-0.26949500695438,-0.3049488343757746,0.03545382742139458
AFE,Country resampling,2,892,-0.5187437117297118,-0.5439945036958573,0.025250791966145547
AFE,Country resampling,2,893,1.0554017701950884,0.814846161652703,0.24055560854238545
AFE,Country resampling,2,894,0.5225027718392616,0.3526525803155154,0.16985019152374625
AFE,Country resampling,2,895,-0.10507347893504071,0.05029945507500866,-0.15537293401004937
AFE,Country resampling,2,896,-0.275937370009271,-0.33287625745274085,0.056938887443469866
AFE,Country resampling,2,897,-0.30118625364443896,-0.20845978203623394,-0.09272647160820502
AFE,Country resampling,2,898,-0.3604801284011674,-0.3883660005187355,0.0278858721175681
AFE,Country resampling,2,899,-0.7447292927060989,-0.7246513783876147,-0.020077914318484158
AFE,Country resampling,2,900,-0.8001052537764455,-0.7496338285370228,-0.05047142523942272
AFE,Country resampling,2,901,-0.5750513669178081,-0.5579516477756838,-0.01709971914212427
AFE,Country resampling,2,902,6.144147654135348,4.567459704301162,1.5766879498341861
AFE,Country resampling,2,903,-0.7152155863983934,-0.5961210477660266,-0.11909453863236685
AFE,Country resampling,2,904,-0.7587812196161227,-0.7228525803477492,-0.03592863926837342
AFE,Country resampling,2,905,0.6227175932510387,0.5302730027816485,0.09244459046939024
AFE,Country resampling,2,906,0.27224328794691854,0.37117130690822164,-0.0989280189613031
AFE,Country resampling,2,907,0.24133516836081936,0.27403803819680306,-0.032702869835983694
AFE,Country resampling,2,908,-0.5268459842010096,-0.46395391850708034,-0.06289206569392924
AFE,Country resampling,2,909,-0.5808294927764818,-0.6305963678516802,0.04976687507519839
AFE,Country resampling,2,910,0.13631364417713265,0.2593141604462539,-0.12300051626912123
AFE,Country resampling,2,911,0.4735568871024274,0.7635543950318155,-0.28999750792938817
AFE,Country resampling,2,912,-0.4275914090129306,-0.503564510550399,0.07597310153746839
AFE,Country resampling,2,913,-0.7011135942920197,-0.694397269499824,-0.006716324792195638
AFE,Country resampling,2,914,1.0407625618754701,1.1097528373096357,-0.06899027543416558
AFE,Country resampling,2,915,-0.46902585460722923,-0.43929629856621777,-0.029729556041011462
AFE,Country resampling,2,916,0.3071182844610434,0.4551208348114224,-0.14800255035037901
AFE,Country resampling,2,917,2.1417264579675037,2.5667768518469827,-0.42505039387947896
AFE,Country resampling,2,918,-0.2657341747641021,-0.25404505688422063,-0.011689117879881472
AFE,Country resampling,2,919,-0.43448502331473104,-0.4353489765270583,8.639532123272398e-4
AFE,Country resampling,2,920,0.08107784945493335,0.19236595973561976,-0.11128811028068641
AFE,Country resampling,2,921,0.5024917129804003,0.5461191695532781,-0.04362745657287781
AFE,Country resampling,2,922,-0.14119012827446453,-0.16884785746486253,0.027657729190397995
AFE,Country resampling,2,923,5.069106291143528,4.345872732483126,0.723233558660402
AFE,Country resampling,2,924,-0.009147734619232906,-0.07041655702774041,0.061268822408507506
AFE,Country resampling,2,925,0.6796217202020822,0.8122848453079647,-0.13266312510588252
AFE,Country resampling,2,926,-0.601373849115848,-0.6047156344712181,0.0033417853553701082
AFE,Country resampling,2,927,-0.7979080958575095,-0.7909590562046765,-0.006949039652833
AFE,Country resampling,2,928,2.642744137386795,2.453749574306292,0.18899456308050278
AFE,Country resampling,2,929,-0.05610623828443506,-0.11844840129231116,0.062342163007876095
AFE,Country resampling,2,930,-0.14918677555640458,-0.04802314821931419,-0.10116362733709039
AFE,Country resampling,2,931,-0.30197338044510436,-0.4302084334511911,0.12823505300608673
AFE,Country resampling,2,932,-0.6164988311259005,-0.5979863836564444,-0.018512447469456128
AFE,Country resampling,2,933,0.21409480756347454,0.1456813755787678,0.06841343198470673
AFE,Country resampling,2,934,1.417845550844555,1.57118535160817,-0.15333980076361486
AFE,Country resampling,2,935,-0.2503433011763242,-0.17192548704941024,-0.07841781412691395
AFE,Country resampling,2,936,0.9259980632861027,1.1214886309000232,-0.19549056761392047
AFE,Country resampling,2,937,0.8128443253668514,0.9021113866118027,-0.08926706124495132
AFE,Country resampling,2,938,0.03364161970489321,-0.001300747669099489,0.0349423673739927
AFE,Country resampling,2,939,-0.49536085477354375,-0.4487315619879846,-0.04662929278555916
AFE,Country resampling,2,940,-0.11945947654029343,-0.0761349415924033,-0.043324534947890125
AFE,Country resampling,2,941,-0.24432000210939042,-0.33695880949213286,0.09263880738274244
AFE,Country resampling,2,942,-0.6778567239467759,-0.6829666564888758,0.005109932542099904
AFE,Country resampling,2,943,1.8641999358062362,1.5732607756843664,0.2909391601218698
AFE,Country resampling,2,944,1.4946033559245624,1.3094378995220373,0.18516545640252513
AFE,Country resampling,2,945,-0.2470426856015806,-0.20023132506667596,-0.046811360534904645
AFE,Country resampling,2,946,0.012654741179836337,-0.04041518943680733,0.05306993061664367
AFE,Country resampling,2,947,1.254594406616175,1.4685435318550022,-0.21394912523882725
AFE,Country resampling,2,948,3.3292674990885747,3.359873098839512,-0.03060559975093735
AFE,Country resampling,2,949,0.9846280822411593,0.864830572800956,0.11979750944020329
AFE,Country resampling,2,950,0.08416579630956122,0.04388724008113987,0.04027855622842136
AFE,Country resampling,2,951,0.1945172329762035,0.25279622255817236,-0.058278989581968865
AFE,Country resampling,2,952,2.7216309813649615,3.002566954596732,-0.28093597323177066
AFE,Country resampling,2,953,1.2342397562383227,1.5599514899513096,-0.3257117337129869
AFE,Country resampling,2,954,-0.33178278031998043,-0.34148758480857444,0.00970480448859401
AFE,Country resampling,2,955,-0.30826571936235747,-0.4266000452422284,0.11833432587987092
AFE,Country resampling,2,956,-0.38301571289149616,-0.34675261953771375,-0.036263093353782416
AFE,Country resampling,2,957,1.7297918638350454,-0.2660541799453765,1.9958460437804217
AFE,Country resampling,2,958,0.5222838565238443,0.5254751608645174,-0.0031913043406730512
AFE,Country resampling,2,959,0.3593629607805402,0.21310207193613628,0.1462608888444039
AFE,Country resampling,2,960,1.811988177520528,1.958538793886171,-0.14655061636564293
AFE,Country resampling,2,961,-0.41380807299407496,-0.3273576340213674,-0.08645043897270754
AFE,Country resampling,2,962,0.14749978644483797,0.07386340787936096,0.073636378565477
AFE,Country resampling,2,963,-0.12797175381586723,-0.2228860591395485,0.09491430532368128
AFE,Country resampling,2,964,-0.10924539293569224,-0.08111423252612793,-0.028131160409564315
AFE,Country resampling,2,965,-0.4677117519257542,-0.3729358367727069,-0.09477591515304729
AFE,Country resampling,2,966,-0.14242986940533797,-0.016813391544339806,-0.12561647786099817
AFE,Country resampling,2,967,-0.6569964593971016,-0.624382590974726,-0.03261386842237557
AFE,Country resampling,2,968,-0.5181304623555314,-0.4962189177626166,-0.021911544592914778
AFE,Country resampling,2,969,-0.5506664132873557,-0.47267548392216396,-0.0779909293651917
AFE,Country resampling,2,970,-0.2848448177729207,-0.26012203357354213,-0.024722784199378567
AFE,Country resampling,2,971,-0.7172936743423031,-0.7299785099814373,0.012684835639134251
AFE,Country resampling,2,972,1.1347171060341346,1.1010525374899145,0.033664568544220064
AFE,Country resampling,2,973,0.5857459061928945,0.3425973474994797,0.24314855869341478
AFE,Country resampling,2,974,0.02955816733929928,-0.0018108473193998442,0.031369014658699124
AFE,Country resampling,2,975,1.0859066263862247,1.1740378889318173,-0.08813126254559256
AFE,Country resampling,2,976,-0.6002884086358544,-0.6054138375525617,0.005125428916707309
AFE,Country resampling,2,977,0.20904551311319275,0.42140654387377907,-0.21236103076058632
AFE,Country resampling,2,978,0.31047615634459036,0.34772645022535076,-0.0372502938807604
AFE,Country resampling,2,979,0.4872500185394175,0.4367332722282842,0.05051674631113334
AFE,Country resampling,2,980,-0.2776380682054488,-0.2959808361382562,0.018342767932807424
AFE,Country resampling,2,981,0.9140025562300669,0.8103158483956416,0.10368670783442524
AFE,Country resampling,2,982,0.9649966528975917,0.6524950741371518,0.31250157876043994
AFE,Country resampling,2,983,-0.06764889049166034,-0.0792654557213649,0.011616565229704556
AFE,Country resampling,2,984,1.119778436695758,1.3574497694657763,-0.2376713327700184
AFE,Country resampling,2,985,-0.7790297411469753,-0.785702116834492,0.006672375687516663
AFE,Country resampling,2,986,-0.03843881099930446,0.05664186968141638,-0.09508068068072084
AFE,Country resampling,2,987,-0.01911267382957227,-0.06897718223933058,0.04986450840975831
AFE,Country resampling,2,988,-0.7718357981386782,-0.7629361674389854,-0.008899630699692795
AFE,Country resampling,2,989,-0.3130867108537345,-0.33294175166036744,0.019855040806632918
AFE,Country resampling,2,990,0.7378181520205727,0.9246269043763373,-0.18680875235576466
AFE,Country resampling,2,991,-0.3243704319048636,-0.15696010083676581,-0.16741033106809777
AFE,Country resampling,2,992,0.8424239721199274,0.8932176756915988,-0.050793703571671456
AFE,Country resampling,2,993,-0.240429802010375,-0.05079116013784424,-0.18963864187253077
AFE,Country resampling,2,994,1.5042637287188314,1.609699263134687,-0.10543553441585551
AFE,Country resampling,2,995,-0.6706843473517812,-0.6009794077858375,-0.0697049395659437
AFE,Country resampling,2,996,-0.4425580921434976,-0.5119300115696552,0.06937191942615761
AFE,Country resampling,2,997,-0.5427002974652739,-0.5308417642685864,-0.011858533196687504
AFE,Country resampling,2,998,0.8270419332349572,1.0081856895824512,-0.18114375634749402
AFE,Country resampling,2,999,0.02060624852404458,0.030508605591659688,-0.009902357067615108
AFE,Country resampling,2,1000,-0.3619416498768233,-0.34747040576073496,-0.014471244116088355
IFE,Joint analytic covariance,0,1,-0.39914092419807823,-0.42517675280219447,0.02603582860411624
IFE,Joint analytic covariance,0,2,-0.10351858920856427,-0.17212179787219895,0.06860320866363467
IFE,Joint analytic covariance,0,3,-0.2829528802558967,-0.3346364283820312,0.051683548126134515
IFE,Joint analytic covariance,0,4,-0.1979987568180629,-0.3320230246728093,0.13402426785474642
IFE,Joint analytic covariance,0,5,-0.5958615540314387,-0.6304137772471872,0.03455222321574847
IFE,Joint analytic covariance,0,6,-0.5145895037622987,-0.5273225818228674,0.01273307806056867
IFE,Joint analytic covariance,0,7,-0.5577992947719103,-0.5840566607565727,0.02625736598466244
IFE,Joint analytic covariance,0,8,0.4551716435537936,0.34063551451523244,0.11453612903856114
IFE,Joint analytic covariance,0,9,-0.18441210099525973,-0.20540483251216068,0.020992731516900953
IFE,Joint analytic covariance,0,10,-0.3877700080983595,-0.36294284433531854,-0.02482716376304095
IFE,Joint analytic covariance,0,11,-0.6185566470722181,-0.6254462911584688,0.006889644086250701
IFE,Joint analytic covariance,0,12,-0.09371649210431243,-0.06755569866849154,-0.026160793435820895
IFE,Joint analytic covariance,0,13,-0.4986924655576481,-0.5255171186093588,0.026824653051710667
IFE,Joint analytic covariance,0,14,-0.5231746707714986,-0.5369026730846892,0.013728002313190601
IFE,Joint analytic covariance,0,15,-0.43240290724250074,-0.4675248339380905,0.03512192669558978
IFE,Joint analytic covariance,0,16,-0.3976238617897493,-0.3982357096915805,6.118479018312195e-4
IFE,Joint analytic covariance,0,17,-0.49152988558563515,-0.5068414204095582,0.015311534823923001
IFE,Joint analytic covariance,0,18,-0.4334392511702222,-0.4304483754833178,-0.0029908756869043707
IFE,Joint analytic covariance,0,19,-0.4719610404369231,-0.4850268908445725,0.013065850407649404
IFE,Joint analytic covariance,0,20,-0.6739968997238108,-0.6546304607942813,-0.019366438929529495
IFE,Joint analytic covariance,0,21,-0.22263794096251466,-0.27902799536865797,0.05639005440614331
IFE,Joint analytic covariance,0,22,-0.3466958213876131,-0.34393299147474,-0.0027628299128731326
IFE,Joint analytic covariance,0,23,-0.5564336972333478,-0.5666899919482917,0.010256294714943937
IFE,Joint analytic covariance,0,24,0.23622223027772127,0.16862834984435104,0.06759388043337022
IFE,Joint analytic covariance,0,25,-0.13574172057549183,-0.1895774037545639,0.05383568317907206
IFE,Joint analytic covariance,0,26,0.22301201493338052,0.14293763735573917,0.08007437757764135
IFE,Joint analytic covariance,0,27,-0.6141840086483561,-0.6091008635465176,-0.005083145101838493
IFE,Joint analytic covariance,0,28,-0.3485625981980869,-0.3939415001264809,0.045378901928394
IFE,Joint analytic covariance,0,29,-0.5435899594145212,-0.5717111752823233,0.02812121586780214
IFE,Joint analytic covariance,0,30,-0.4369389241392313,-0.44514911527026957,0.00821019113103827
IFE,Joint analytic covariance,0,31,-0.23276825268649914,-0.2721601486894083,0.039391896002909155
IFE,Joint analytic covariance,0,32,-0.5252356460525975,-0.5339875211359026,0.008751875083305105
IFE,Joint analytic covariance,0,33,-0.546003187344305,-0.5488776501779395,0.0028744628336345723
IFE,Joint analytic covariance,0,34,-0.3822881095033198,-0.4055368986707083,0.023248789167388484
IFE,Joint analytic covariance,0,35,-0.34630893233476445,-0.36893996805822105,0.022631035723456594
IFE,Joint analytic covariance,0,36,-0.38187303218661317,-0.4160378982911056,0.03416486610449243
IFE,Joint analytic covariance,0,37,0.02302851252944116,-0.058635492391880706,0.08166400492132186
IFE,Joint analytic covariance,0,38,-0.5051221599614243,-0.503944254740299,-0.0011779052211252639
IFE,Joint analytic covariance,0,39,-0.2820764056381013,-0.3403825972322485,0.05830619159414718
IFE,Joint analytic covariance,0,40,-0.4528057057741739,-0.4929777626340841,0.04017205685991021
IFE,Joint analytic covariance,0,41,-0.0862749312399067,-0.07233622721482746,-0.01393870402507924
IFE,Joint analytic covariance,0,42,-0.5560672884710127,-0.6003857388202578,0.044318450349245087
IFE,Joint analytic covariance,0,43,-0.4181229635310221,-0.48440308479956895,0.06628012126854688
IFE,Joint analytic covariance,0,44,-0.018590715060145202,-0.02655945015462946,0.007968735094484258
IFE,Joint analytic covariance,0,45,-0.05350082048150884,-0.14604437681412386,0.09254355633261502
IFE,Joint analytic covariance,0,46,-0.22493593457100747,-0.2899265272668363,0.06499059269582885
IFE,Joint analytic covariance,0,47,-0.3849535883665789,-0.44596056796220707,0.061006979595628175
IFE,Joint analytic covariance,0,48,-0.33240733493093755,-0.3444142594777416,0.012006924546804076
IFE,Joint analytic covariance,0,49,-0.351718556569353,-0.39979076512025313,0.04807220855090011
IFE,Joint analytic covariance,0,50,-0.22105402249402484,-0.2679160381395924,0.04686201564556758
IFE,Joint analytic covariance,0,51,-0.2124786236526257,-0.27000365587009867,0.05752503221747296
IFE,Joint analytic covariance,0,52,-0.33391898895553107,-0.3506466921596957,0.016727703204164612
IFE,Joint analytic covariance,0,53,-0.4697032597430567,-0.5109582404768426,0.04125498073378586
IFE,Joint analytic covariance,0,54,-0.12909236044465822,-0.2120117963259629,0.08291943588130468
IFE,Joint analytic covariance,0,55,-0.004009991772393584,-0.12635152730377086,0.12234153553137728
IFE,Joint analytic covariance,0,56,-0.3453968293801819,-0.34262399637405716,-0.002772833006124742
IFE,Joint analytic covariance,0,57,-0.29309560571795135,-0.3513966061556043,0.05830100043765296
IFE,Joint analytic covariance,0,58,-0.4143916777294274,-0.4528867350659588,0.03849505733653136
IFE,Joint analytic covariance,0,59,-0.2769853886174972,-0.30049113022028306,0.023505741602785846
IFE,Joint analytic covariance,0,60,-0.3578556417202057,-0.41441170010308004,0.056556058382874363
IFE,Joint analytic covariance,0,61,-0.23330147099223053,-0.3080710206217945,0.07476954962956395
IFE,Joint analytic covariance,0,62,0.459024261214799,0.2949602201428587,0.16406404107194028
IFE,Joint analytic covariance,0,63,-0.40981408159184995,-0.40934170173308426,-4.7237985876569244e-4
IFE,Joint analytic covariance,0,64,-0.2546745568129405,-0.2900159483072663,0.0353413914943258
IFE,Joint analytic covariance,0,65,-0.28603943149200617,-0.29073714810939966,0.004697716617393488
IFE,Joint analytic covariance,0,66,-0.0744752415607216,-0.1441254672039025,0.06965022564318091
IFE,Joint analytic covariance,0,67,-0.25565882417509866,-0.2916170279004703,0.03595820372537162
IFE,Joint analytic covariance,0,68,-0.5041901967500053,-0.4964636027441125,-0.007726594005892817
IFE,Joint analytic covariance,0,69,-0.521280179148998,-0.5350803803962806,0.01380020124728254
IFE,Joint analytic covariance,0,70,-0.20935787516549242,-0.34952915105839144,0.14017127589289902
IFE,Joint analytic covariance,0,71,-0.44112439441366025,-0.4514533089476711,0.010328914534010858
IFE,Joint analytic covariance,0,72,-0.3718475793801165,-0.44009380828928746,0.06824622890917098
IFE,Joint analytic covariance,0,73,-0.2937543554820823,-0.35410036107618503,0.06034600559410275
IFE,Joint analytic covariance,0,74,-0.5936107064561854,-0.5775396044350742,-0.016071102021111172
IFE,Joint analytic covariance,0,75,-0.351111168431,-0.40249446754923146,0.051383299118231474
IFE,Joint analytic covariance,0,76,-0.43563076430832604,-0.465895842625092,0.030265078316765948
IFE,Joint analytic covariance,0,77,-0.47628106000887893,-0.5018848825930193,0.0256038225841404
IFE,Joint analytic covariance,0,78,-0.4868517556642341,-0.5164304405111317,0.02957868484689763
IFE,Joint analytic covariance,0,79,-0.2237155768547323,-0.2710239665453761,0.04730838969064377
IFE,Joint analytic covariance,0,80,-0.1818457771306201,-0.24528518350148398,0.06343940637086387
IFE,Joint analytic covariance,0,81,-0.38230589810068594,-0.36898253376424117,-0.013323364336444765
IFE,Joint analytic covariance,0,82,-0.3598092548184656,-0.3977123887120856,0.03790313389361999
IFE,Joint analytic covariance,0,83,-0.49096429833011146,-0.4822047942882912,-0.008759504041820243
IFE,Joint analytic covariance,0,84,-0.10334613434330053,-0.1298928439035243,0.026546709560223758
IFE,Joint analytic covariance,0,85,-0.5703261133520425,-0.5842839860037601,0.013957872651717551
IFE,Joint analytic covariance,0,86,-0.13940916877900444,-0.20570313847163124,0.0662939696926268
IFE,Joint analytic covariance,0,87,0.06872400274396129,-0.0017992010006573356,0.07052320374461862
IFE,Joint analytic covariance,0,88,-0.10415053420404663,-0.18442086342643071,0.08027032922238408
IFE,Joint analytic covariance,0,89,-0.17088065816069908,-0.19159125431656632,0.020710596155867234
IFE,Joint analytic covariance,0,90,-0.28833270510218234,-0.3496886343452369,0.06135592924305455
IFE,Joint analytic covariance,0,91,-0.4403454325564341,-0.48609669418594126,0.045751261629507156
IFE,Joint analytic covariance,0,92,-0.1843505361097728,-0.2597283505715564,0.0753778144617836
IFE,Joint analytic covariance,0,93,-0.22752797639499345,-0.2135569516541732,-0.013971024740820237
IFE,Joint analytic covariance,0,94,-0.41172732709861226,-0.3929816697200501,-0.018745657378562153
IFE,Joint analytic covariance,0,95,-0.2834678058965492,-0.36598629730880883,0.08251849141225964
IFE,Joint analytic covariance,0,96,-0.054715344845007285,-0.03461561637718036,-0.020099728467826927
IFE,Joint analytic covariance,0,97,-0.5124108891075154,-0.5846830867542261,0.07227219764671067
IFE,Joint analytic covariance,0,98,0.03759449683064142,0.01780191046439117,0.019792586366250253
IFE,Joint analytic covariance,0,99,-0.5898151836164736,-0.6077255418844747,0.017910358268001136
IFE,Joint analytic covariance,0,100,-0.0889286291518615,-0.09114727524617472,0.0022186460943132147
IFE,Joint analytic covariance,0,101,-0.4100590562800902,-0.43402162501078356,0.023962568730693357
IFE,Joint analytic covariance,0,102,-0.27870892262673563,-0.34854889934816213,0.0698399767214265
IFE,Joint analytic covariance,0,103,-0.23477828015196367,-0.2528262979625633,0.018048017810599615
IFE,Joint analytic covariance,0,104,-0.6841928669428677,-0.6971568475428944,0.012963980600026681
IFE,Joint analytic covariance,0,105,-0.2996527830240183,-0.3840715914966424,0.08441880847262406
IFE,Joint analytic covariance,0,106,-0.20710371194179322,-0.28901872147287533,0.0819150095310821
IFE,Joint analytic covariance,0,107,0.004259302636766105,-0.09738451898168365,0.10164382161844976
IFE,Joint analytic covariance,0,108,-0.40899575522490983,-0.4071744203435803,-0.0018213348813295172
IFE,Joint analytic covariance,0,109,-0.33466026433837337,-0.3758385531056989,0.041178288767325544
IFE,Joint analytic covariance,0,110,-0.38222397822063925,-0.41517291045790183,0.032948932237262585
IFE,Joint analytic covariance,0,111,-0.5628362443259944,-0.5681521018175413,0.005315857491546838
IFE,Joint analytic covariance,0,112,-0.5015879375103512,-0.49530599177980283,-0.0062819457305484105
IFE,Joint analytic covariance,0,113,-0.6053417025334347,-0.6074656765573665,0.0021239740239318294
IFE,Joint analytic covariance,0,114,-0.22910977839186375,-0.34218061641072794,0.1130708380188642
IFE,Joint analytic covariance,0,115,-0.2519297688074972,-0.32768723488506857,0.07575746607757139
IFE,Joint analytic covariance,0,116,-0.26173293319005264,-0.3099562742927867,0.048223341102734074
IFE,Joint analytic covariance,0,117,-0.5225902040214668,-0.5860627820798816,0.06347257805841477
IFE,Joint analytic covariance,0,118,-0.10150170639596579,-0.18124563421875595,0.07974392782279016
IFE,Joint analytic covariance,0,119,-0.5192209103415684,-0.5439247255176358,0.024703815176067456
IFE,Joint analytic covariance,0,120,-0.3154943980979098,-0.3467089946077806,0.031214596509870796
IFE,Joint analytic covariance,0,121,-0.254615374542987,-0.31869510692572867,0.06407973238274167
IFE,Joint analytic covariance,0,122,-0.4176315990371089,-0.45576342297864914,0.038131823941540244
IFE,Joint analytic covariance,0,123,0.11828791166966623,0.01876268602476694,0.0995252256448993
IFE,Joint analytic covariance,0,124,-0.45399489410933314,-0.47545483009212397,0.021459935982790834
IFE,Joint analytic covariance,0,125,-0.0879248326853398,-0.19294382561128465,0.10501899292594485
IFE,Joint analytic covariance,0,126,-0.46450356890969013,-0.4889841546741204,0.02448058576443024
IFE,Joint analytic covariance,0,127,-0.46584543450372495,-0.49708854349731113,0.031243108993586177
IFE,Joint analytic covariance,0,128,-0.27516939522676753,-0.3361653497365188,0.06099595450975126
IFE,Joint analytic covariance,0,129,-0.254423931872365,-0.34460808416294997,0.09018415229058496
IFE,Joint analytic covariance,0,130,-0.4259480893849177,-0.49679747197260526,0.07084938258768758
IFE,Joint analytic covariance,0,131,-0.43820195328752076,-0.4239531536225267,-0.014248799664994038
IFE,Joint analytic covariance,0,132,-0.58195963687593,-0.6243650337830089,0.042405396907078896
IFE,Joint analytic covariance,0,133,-0.5293851489710704,-0.5836350804155963,0.054249931444525945
IFE,Joint analytic covariance,0,134,-0.16523703907545007,-0.1537883744919296,-0.011448664583520451
IFE,Joint analytic covariance,0,135,-0.1621598414230665,-0.24002388115038176,0.07786403972731526
IFE,Joint analytic covariance,0,136,-0.038022828198252645,-0.12364010068097997,0.08561727248272732
IFE,Joint analytic covariance,0,137,-0.36255954702625837,-0.3844375429751492,0.021877995948890838
IFE,Joint analytic covariance,0,138,0.20988175440375567,0.21630913914965033,-0.00642738474589466
IFE,Joint analytic covariance,0,139,-0.19577723556862325,-0.25198743529081236,0.0562101997221891
IFE,Joint analytic covariance,0,140,-0.5079545865190874,-0.5660281293110088,0.05807354279192134
IFE,Joint analytic covariance,0,141,-0.37106654643810877,-0.39585311794001377,0.024786571501904997
IFE,Joint analytic covariance,0,142,-0.5200824269133397,-0.5101770625725116,-0.009905364340828116
IFE,Joint analytic covariance,0,143,-0.5515602423258634,-0.5530860264182407,0.001525784092377247
IFE,Joint analytic covariance,0,144,-0.4187205299548571,-0.42816243714663293,0.009441907191775845
IFE,Joint analytic covariance,0,145,-0.3378628626194762,-0.38231224194035895,0.044449379320882776
IFE,Joint analytic covariance,0,146,-0.4434645192705372,-0.5208694458401082,0.07740492656957099
IFE,Joint analytic covariance,0,147,-0.2943920052797937,-0.33411386488908323,0.039721859609289534
IFE,Joint analytic covariance,0,148,0.05254678561950832,-0.02211210966505539,0.07465889528456371
IFE,Joint analytic covariance,0,149,-0.08957116861497472,-0.1335845239463601,0.044013355331385395
IFE,Joint analytic covariance,0,150,-0.5222582991418393,-0.526639772799224,0.004381473657384727
IFE,Joint analytic covariance,0,151,-0.1364956151126584,-0.19257899710859527,0.056083381995936876
IFE,Joint analytic covariance,0,152,-0.46137422648982607,-0.4608929575148498,-4.8126897497624554e-4
IFE,Joint analytic covariance,0,153,-0.26478219306643136,-0.3155722598675722,0.05079006680114084
IFE,Joint analytic covariance,0,154,-0.48084559402869476,-0.50910889777895,0.02826330375025521
IFE,Joint analytic covariance,0,155,-0.6212294605789557,-0.6268514857685051,0.005622025189549462
IFE,Joint analytic covariance,0,156,-0.18412445213354345,-0.1961093462947162,0.011984894161172766
IFE,Joint analytic covariance,0,157,-0.47767321695044307,-0.4988906158273304,0.02121739887688734
IFE,Joint analytic covariance,0,158,-0.41270624492154595,-0.4319740591345588,0.019267814213012824
IFE,Joint analytic covariance,0,159,-0.29973780920362103,-0.34218162670849683,0.0424438175048758
IFE,Joint analytic covariance,0,160,-0.5261080999148281,-0.5526350804704478,0.02652698055561975
IFE,Joint analytic covariance,0,161,-0.4857434699033458,-0.5188189620919703,0.03307549218862449
IFE,Joint analytic covariance,0,162,-0.6052529242975053,-0.6076169573153296,0.002364033017824285
IFE,Joint analytic covariance,0,163,-0.3373390690522158,-0.37224655276854646,0.03490748371633068
IFE,Joint analytic covariance,0,164,0.15260570833905862,0.08762484194046483,0.0649808663985938
IFE,Joint analytic covariance,0,165,-0.5941787997239962,-0.62581118627503185,0.03163238655103562
IFE,Joint analytic covariance,0,166,-0.4071281261866996,-0.4071551865457005,2.7060359000907752e-5
IFE,Joint analytic covariance,0,167,-0.5463841055545484,-0.5575816260188846,0.011197520464336197
IFE,Joint analytic covariance,0,168,-0.3773272965791671,-0.3902914789502786,0.012964182371111521
IFE,Joint analytic covariance,0,169,-0.47410567222476563,-0.49835074692327863,0.024245074698513003
IFE,Joint analytic covariance,0,170,-0.5848610491459202,-0.5911328779623535,0.006271828816433289
IFE,Joint analytic covariance,0,171,-0.11917892687056353,-0.2052063166502336,0.08602738977967006
IFE,Joint analytic covariance,0,172,-0.4575913297775118,-0.5295252047047331,0.07193387492722125
IFE,Joint analytic covariance,0,173,-0.213578986200877,-0.26476960571053665,0.05119061950965964
IFE,Joint analytic covariance,0,174,-0.4917324443506518,-0.5242542773684798,0.03252183301782807
IFE,Joint analytic covariance,0,175,-0.4677277679424038,-0.4868648663817621,0.01913709843935829
IFE,Joint analytic covariance,0,176,-0.4553877559730273,-0.5026724925883659,0.04728473661533861
IFE,Joint analytic covariance,0,177,-0.33123753489772656,-0.391689739643975,0.06045220474624846
IFE,Joint analytic covariance,0,178,-0.33279079747618323,-0.36951501849939983,0.0367242210232166
IFE,Joint analytic covariance,0,179,-0.5152218130121337,-0.5021877107851512,-0.013034102226982425
IFE,Joint analytic covariance,0,180,-0.5096988217531191,-0.5194466928913952,0.009747871138276132
IFE,Joint analytic covariance,0,181,-0.3759739384381583,-0.4285797094265602,0.05260577098840191
IFE,Joint analytic covariance,0,182,-0.1204047776775885,-0.12523179879496227,0.004827021117373764
IFE,Joint analytic covariance,0,183,-0.5294639436308868,-0.5683330099555441,0.038869066324657364
IFE,Joint analytic covariance,0,184,-0.26980898402028985,-0.3567573014476748,0.08694831742738496
IFE,Joint analytic covariance,0,185,-0.17522399148290901,-0.2124747757156128,0.03725078423270378
IFE,Joint analytic covariance,0,186,-0.43166442811636885,-0.47612573903307354,0.04446131091670469
IFE,Joint analytic covariance,0,187,-0.4308307291702088,-0.49238751159589034,0.06155678242568152
IFE,Joint analytic covariance,0,188,-0.4424851192071957,-0.45412932262441874,0.011644203417223054
IFE,Joint analytic covariance,0,189,-0.029732425153034092,-0.1733296540975371,0.143597228944503
IFE,Joint analytic covariance,0,190,-0.6577708923779482,-0.6496812416080977,-0.008089650769850465
IFE,Joint analytic covariance,0,191,-0.1616775381396175,-0.2072622499360799,0.045584711796462396
IFE,Joint analytic covariance,0,192,-0.4665429685454471,-0.48802787495102296,0.021484906405575876
IFE,Joint analytic covariance,0,193,-0.5727353593512885,-0.5733122681208598,5.769087695712827e-4
IFE,Joint analytic covariance,0,194,-0.12072926577164744,-0.22252117858602216,0.10179191281437472
IFE,Joint analytic covariance,0,195,-0.3609360137100066,-0.3892436283965247,0.0283076146865181
IFE,Joint analytic covariance,0,196,-0.1521346276369171,-0.2518915184082865,0.0997568907713694
IFE,Joint analytic covariance,0,197,-0.1481750750874936,-0.18447722890493967,0.03630215381744606
IFE,Joint analytic covariance,0,198,-0.39447036743536446,-0.4096699578120213,0.015199590376656857
IFE,Joint analytic covariance,0,199,-0.37232128516584395,-0.37817890835508416,0.005857623189240213
IFE,Joint analytic covariance,0,200,-0.5071657117103704,-0.5628567364939889,0.05569102478361854
IFE,Joint analytic covariance,0,201,-0.3445835418007941,-0.4145983029685516,0.07001476116775751
IFE,Joint analytic covariance,0,202,-0.42229123490451537,-0.4635390792910613,0.04124784438654594
IFE,Joint analytic covariance,0,203,0.053904905773597855,-0.06753427019724922,0.12143917597084708
IFE,Joint analytic covariance,0,204,-0.5327889721908723,-0.5439172772407186,0.011128305049846299
IFE,Joint analytic covariance,0,205,-0.3623035829225505,-0.3914528555518615,0.029149272629310996
IFE,Joint analytic covariance,0,206,-0.3763944522163012,-0.4161140671677436,0.039719614951442384
IFE,Joint analytic covariance,0,207,-0.6056675125841485,-0.618875502028063,0.013207989443914436
IFE,Joint analytic covariance,0,208,-0.15083295153716114,-0.1664895261738476,0.01565657463668646
IFE,Joint analytic covariance,0,209,-0.5217302395141648,-0.5494223889752624,0.02769214946109766
IFE,Joint analytic covariance,0,210,-0.542984174082573,-0.5366584492554589,-0.006325724827114132
IFE,Joint analytic covariance,0,211,-0.2098715418632865,-0.24248505736024917,0.032613515496962675
IFE,Joint analytic covariance,0,212,-0.4853961731173012,-0.471298382020816,-0.014097791096485235
IFE,Joint analytic covariance,0,213,-0.43249458088108805,-0.5088522247635483,0.07635764388246025
IFE,Joint analytic covariance,0,214,-0.19659899783962398,-0.23062889880385606,0.034029900964232085
IFE,Joint analytic covariance,0,215,0.14780204132676245,0.057149008201435425,0.09065303312532702
IFE,Joint analytic covariance,0,216,-0.19544512512568546,-0.24189848580763396,0.0464533606819485
IFE,Joint analytic covariance,0,217,-0.46654903411308024,-0.47308729301532226,0.006538258902242022
IFE,Joint analytic covariance,0,218,-0.01146919860896789,-0.05250892055176193,0.04103972194279404
IFE,Joint analytic covariance,0,219,-0.4965325681352233,-0.5187261696530217,0.022193601517798367
IFE,Joint analytic covariance,0,220,-0.13953546238879178,-0.20078345035732437,0.06124798796853259
IFE,Joint analytic covariance,0,221,-0.04014098512147668,-0.06556046350241418,0.0254194783809375
IFE,Joint analytic covariance,0,222,-0.533381433447945,-0.5212245229315878,-0.012156910516357144
IFE,Joint analytic covariance,0,223,-0.4397748419653956,-0.45346074971604156,0.013685907750645931
IFE,Joint analytic covariance,0,224,0.2778516600603025,0.061449704329915145,0.21640195573038734
IFE,Joint analytic covariance,0,225,-0.27621354977183654,-0.3461823362525327,0.06996878648069615
IFE,Joint analytic covariance,0,226,-0.4476455006410558,-0.45066451892246384,0.003019018281408048
IFE,Joint analytic covariance,0,227,-0.5015609203703868,-0.5386959686840634,0.037135048313676644
IFE,Joint analytic covariance,0,228,-0.5233915722311855,-0.5450756955531024,0.021684123321916937
IFE,Joint analytic covariance,0,229,-0.11019294688798154,-0.2131524512912747,0.10295950440329316
IFE,Joint analytic covariance,0,230,-0.4348971718881768,-0.46264524195258616,0.02774807006440938
IFE,Joint analytic covariance,0,231,-0.5625481458362327,-0.5836028460180529,0.021054700181820207
IFE,Joint analytic covariance,0,232,-0.20596636010057912,-0.2595531744023726,0.05358681430179346
IFE,Joint analytic covariance,0,233,-0.4726644509881919,-0.4961350257425762,0.0234705747543843
IFE,Joint analytic covariance,0,234,-0.04038210809587961,-0.09908003238108165,0.05869792428520204
IFE,Joint analytic covariance,0,235,-0.38739792265859097,-0.4309239155600798,0.04352599290148884
IFE,Joint analytic covariance,0,236,-0.16990870795028656,-0.22032600522578594,0.05041729727549937
IFE,Joint analytic covariance,0,237,-0.33112715768144374,-0.40129549852518387,0.07016834084374013
IFE,Joint analytic covariance,0,238,-0.38734162664901417,-0.4097535074464269,0.022411880797412742
IFE,Joint analytic covariance,0,239,-0.23447583181891085,-0.2909146756319626,0.05643884381305175
IFE,Joint analytic covariance,0,240,0.18601238991499036,0.10819349044706184,0.07781889946792853
IFE,Joint analytic covariance,0,241,-0.4872251264411116,-0.515469903366743,0.028244776925631432
IFE,Joint analytic covariance,0,242,-0.5651152096131136,-0.5404262431080485,-0.024688966505065024
IFE,Joint analytic covariance,0,243,-0.6091117365138611,-0.6122364904751036,0.0031247539612425657
IFE,Joint analytic covariance,0,244,-0.4516965629220262,-0.47077557022670724,0.01907900730468104
IFE,Joint analytic covariance,0,245,-0.35262423225213724,-0.3831027040866647,0.030478471834527454
IFE,Joint analytic covariance,0,246,-0.395347753583035,-0.40382978665950653,0.008482033076471551
IFE,Joint analytic covariance,0,247,-0.3384639683169458,-0.3678222183222647,0.029358250005318887
IFE,Joint analytic covariance,0,248,-0.3112403226089171,-0.3352342938837948,0.02399397127487768
IFE,Joint analytic covariance,0,249,-0.039381511254339197,-0.11911918013452671,0.07973766888018752
IFE,Joint analytic covariance,0,250,-0.12077149071344484,-0.19930747781051084,0.078535987097066
IFE,Joint analytic covariance,0,251,-0.36862747250106787,-0.412436322321169,0.04380884982010114
IFE,Joint analytic covariance,0,252,-0.33844727125909124,-0.3424915763937052,0.004044305134613957
IFE,Joint analytic covariance,0,253,-0.3878562470545387,-0.35878504465351635,-0.029071202401022345
IFE,Joint analytic covariance,0,254,-0.522668186942826,-0.5315735111303357,0.008905324187509667
IFE,Joint analytic covariance,0,255,-0.22825786390119585,-0.2504878502420126,0.022229986340816743
IFE,Joint analytic covariance,0,256,-0.2993927843967231,-0.3788281021237273,0.07943531772700418
IFE,Joint analytic covariance,0,257,-0.17544142269775098,-0.23314444514498134,0.05770302244723036
IFE,Joint analytic covariance,0,258,-0.3771815371406133,-0.4249127713348212,0.04773123419420788
IFE,Joint analytic covariance,0,259,-0.5988853835974877,-0.6351967262372975,0.03631134263980984
IFE,Joint analytic covariance,0,260,-0.4943698576132596,-0.5056823045970054,0.011312446983745783
IFE,Joint analytic covariance,0,261,-0.4450040064082963,-0.47855429763659374,0.033550291228297446
IFE,Joint analytic covariance,0,262,-0.07220678458649687,-0.17691596054696268,0.1047091759604658
IFE,Joint analytic covariance,0,263,-0.5020288625410235,-0.5458888046127703,0.043859942071746816
IFE,Joint analytic covariance,0,264,-0.34922113664557164,-0.33824255661521874,-0.010978580030352902
IFE,Joint analytic covariance,0,265,0.23151291436650534,0.17769958942453434,0.053813324941971
IFE,Joint analytic covariance,0,266,-0.013013160787070266,-0.07702893985250125,0.06401577906543099
IFE,Joint analytic covariance,0,267,-0.13355051666820938,-0.1316831990809929,-0.0018673175872164771
IFE,Joint analytic covariance,0,268,-0.14089550517020988,-0.22207301116151779,0.08117750599130791
IFE,Joint analytic covariance,0,269,-0.3318002080419228,-0.3415965262404631,0.009796318198540321
IFE,Joint analytic covariance,0,270,-0.4592218591423516,-0.49210798677270473,0.032886127630353146
IFE,Joint analytic covariance,0,271,-0.09358931635528667,-0.126018862338383,0.03242954598309633
IFE,Joint analytic covariance,0,272,-0.5571172174804928,-0.5696678804083316,0.012550662927838796
IFE,Joint analytic covariance,0,273,-0.3196855840886751,-0.3289349019719696,0.009249317883294528
IFE,Joint analytic covariance,0,274,-0.5687133569136686,-0.6067776856186402,0.03806432870497156
IFE,Joint analytic covariance,0,275,-0.5151085807467697,-0.5485214745432893,0.03341289379651957
IFE,Joint analytic covariance,0,276,-0.24202979489863619,-0.27330486139915067,0.03127506650051448
IFE,Joint analytic covariance,0,277,-0.5507519689211605,-0.5692345325196391,0.018482563598478552
IFE,Joint analytic covariance,0,278,-0.3656281815784227,-0.43140519562589263,0.06577701404746994
IFE,Joint analytic covariance,0,279,0.05420198285837574,-0.0017291240749739423,0.055931106933349684
IFE,Joint analytic covariance,0,280,-0.13326998777067356,-0.1517960626593493,0.018526074888675748
IFE,Joint analytic covariance,0,281,-0.12382113210753054,-0.14765252685963648,0.02383139475210594
IFE,Joint analytic covariance,0,282,-0.39190833488807875,-0.41787581474130786,0.025967479853229114
IFE,Joint analytic covariance,0,283,-0.31037637774457094,-0.341567565369458,0.03119118762488704
IFE,Joint analytic covariance,0,284,-0.2696749285397837,-0.32863853528767273,0.05896360674788903
IFE,Joint analytic covariance,0,285,-0.496479359976451,-0.5264815682712932,0.030002208294842236
IFE,Joint analytic covariance,0,286,-0.385583502344504,-0.4462489483590123,0.060665446014508295
IFE,Joint analytic covariance,0,287,-0.43692788883863654,-0.4388187120395396,0.0018908232009030579
IFE,Joint analytic covariance,0,288,-0.02044934727286285,-0.12423708626660113,0.10378773899373828
IFE,Joint analytic covariance,0,289,-0.5051211403675999,-0.5375154783852217,0.032394338017621815
IFE,Joint analytic covariance,0,290,-0.23925673424632998,-0.2300379350970232,-0.009218799149306789
IFE,Joint analytic covariance,0,291,-0.41814918627938236,-0.4928747586705623,0.07472557239117994
IFE,Joint analytic covariance,0,292,-0.26522292315899587,-0.2783687409644493,0.01314581780545343
IFE,Joint analytic covariance,0,293,-0.5245275558381289,-0.5096967489633033,-0.01483080687482563
IFE,Joint analytic covariance,0,294,-0.23060706050605007,-0.2384881104673523,0.007881049961302233
IFE,Joint analytic covariance,0,295,0.6653573070579404,0.41339581751860255,0.25196148953933784
IFE,Joint analytic covariance,0,296,0.05362136801260009,-0.004764812992488876,0.058386181005088966
IFE,Joint analytic covariance,0,297,-0.3022940588698867,-0.3013050306432834,-9.890282266032946e-4
IFE,Joint analytic covariance,0,298,-0.465921132756565,-0.5067944961283636,0.04087336337179859
IFE,Joint analytic covariance,0,299,-0.15818379671877025,-0.18739354174259693,0.029209745023826672
IFE,Joint analytic covariance,0,300,-0.24127152486453496,-0.3091698031255158,0.06789827826098083
IFE,Joint analytic covariance,0,301,-0.6764106214655057,-0.663735300447604,-0.012675321017901697
IFE,Joint analytic covariance,0,302,-0.527022233006154,-0.5457059229306234,0.018683689924469338
IFE,Joint analytic covariance,0,303,-0.254059090463719,-0.28563458422933297,0.03157549376561397
IFE,Joint analytic covariance,0,304,-0.44822665690003427,-0.47489250907320213,0.02666585217316786
IFE,Joint analytic covariance,0,305,-0.540489576397261,-0.5395553703951301,-9.342060021308995e-4
IFE,Joint analytic covariance,0,306,-0.19180250128599563,-0.19757720360676234,0.005774702320766711
IFE,Joint analytic covariance,0,307,-0.302458271050968,-0.3446852709030195,0.04222699985205147
IFE,Joint analytic covariance,0,308,-0.2501717863001477,-0.25819490333876016,0.00802311703861247
IFE,Joint analytic covariance,0,309,-0.48841284385369843,-0.5106033546596629,0.02219051080596446
IFE,Joint analytic covariance,0,310,-0.2751899678754509,-0.2698593314324188,-0.005330636443032111
IFE,Joint analytic covariance,0,311,-0.4328836804669365,-0.503972668811926,0.07108898834498956
IFE,Joint analytic covariance,0,312,-0.40214292618939373,-0.3793811769438118,-0.02276174924558194
IFE,Joint analytic covariance,0,313,-0.28206927216935784,-0.30235695870347545,0.02028768653411761
IFE,Joint analytic covariance,0,314,-0.05431914843437491,-0.10696190866108968,0.05264276022671477
IFE,Joint analytic covariance,0,315,-0.5180799901607853,-0.5585619326363294,0.04048194247554404
IFE,Joint analytic covariance,0,316,-0.1676527458128495,-0.2295384241491667,0.061885678336317196
IFE,Joint analytic covariance,0,317,-0.023666030768513036,-0.07462098940655704,0.050954958638044
IFE,Joint analytic covariance,0,318,-0.31245656324797555,-0.35313503130064117,0.04067846805266562
IFE,Joint analytic covariance,0,319,-0.5023407746999355,-0.49927360557430933,-0.0030671691256262124
IFE,Joint analytic covariance,0,320,-0.508496677989372,-0.5501643867868151,0.04166770879744308
IFE,Joint analytic covariance,0,321,-0.3442947220287561,-0.34708552728859154,0.0027908052598354383
IFE,Joint analytic covariance,0,322,-0.6177667384990854,-0.6340180054958491,0.016251266996763714
IFE,Joint analytic covariance,0,323,-0.3460178235142285,-0.38911720715204445,0.04309938363781596
IFE,Joint analytic covariance,0,324,-0.2612520633533023,-0.276291291420078,0.015039228066775712
IFE,Joint analytic covariance,0,325,-0.4209388561477292,-0.46301197069765554,0.04207311454992635
IFE,Joint analytic covariance,0,326,-0.08185324286794549,-0.15201708311657391,0.07016384024862843
IFE,Joint analytic covariance,0,327,-0.4132758788729861,-0.4030591561138477,-0.01021672275913843
IFE,Joint analytic covariance,0,328,-0.5521267730131347,-0.5773007641164986,0.025173991103363824
IFE,Joint analytic covariance,0,329,-0.6726112638913593,-0.7206846353615324,0.0480733714701731
IFE,Joint analytic covariance,0,330,-0.10061268201038387,-0.16158685517435145,0.06097417316396758
IFE,Joint analytic covariance,0,331,-0.4712636142744544,-0.47796274847154974,0.0066991341970953355
IFE,Joint analytic covariance,0,332,-0.053663199332018796,-0.16092804668161198,0.10726484734959318
IFE,Joint analytic covariance,0,333,-0.6045771430336464,-0.6251462044175073,0.020569061383860943
IFE,Joint analytic covariance,0,334,-0.3529915301366292,-0.37011820900065107,0.01712667886402186
IFE,Joint analytic covariance,0,335,-0.3156146390410094,-0.37359390425283223,0.05797926521182284
IFE,Joint analytic covariance,0,336,-0.4373187290508622,-0.4701907679873014,0.032872038936439196
IFE,Joint analytic covariance,0,337,-0.2414729303361104,-0.338106940917946,0.09663401058183563
IFE,Joint analytic covariance,0,338,-0.1685259980591407,-0.24210434595432007,0.07357834789517936
IFE,Joint analytic covariance,0,339,-0.30337325229077494,-0.32781496984529457,0.024441717554519626
IFE,Joint analytic covariance,0,340,-0.08092820208446738,-0.13232936025566278,0.051401158171195394
IFE,Joint analytic covariance,0,341,-0.42088595039590315,-0.42553642905627165,0.0046504786603684956
IFE,Joint analytic covariance,0,342,0.19855782723827842,0.05394200888765788,0.14461581835062054
IFE,Joint analytic covariance,0,343,-0.22821484974670103,-0.2762671654951485,0.04805231574844748
IFE,Joint analytic covariance,0,344,-0.14492237658121443,-0.21629627524191086,0.07137389866069643
IFE,Joint analytic covariance,0,345,-0.3331702378619201,-0.411475177831261,0.07830493996934085
IFE,Joint analytic covariance,0,346,-0.11639354126208523,-0.14130837524186424,0.024914833979779005
IFE,Joint analytic covariance,0,347,-0.12188072201130318,-0.17195782424836636,0.05007710223706319
IFE,Joint analytic covariance,0,348,-0.28547204444719765,-0.36120406399075133,0.07573201954355369
IFE,Joint analytic covariance,0,349,0.2560287896767317,0.10838977700692509,0.1476390126698066
IFE,Joint analytic covariance,0,350,-0.28751497038237195,-0.3358780952856192,0.048363124903247234
IFE,Joint analytic covariance,0,351,-0.48290819379248384,-0.5296104153881941,0.04670222159571025
IFE,Joint analytic covariance,0,352,-0.5834836064873314,-0.5962859242393154,0.012802317751983927
IFE,Joint analytic covariance,0,353,0.3616599666619784,0.23688576891420343,0.12477419774777498
IFE,Joint analytic covariance,0,354,-0.09628797721277271,-0.18327690709494027,0.08698892988216755
IFE,Joint analytic covariance,0,355,-0.2306165623322065,-0.20939451242814677,-0.021222049904059737
IFE,Joint analytic covariance,0,356,-0.29389903907168224,-0.3426266996372731,0.04872766056559086
IFE,Joint analytic covariance,0,357,0.05676754833787334,0.04408811066226903,0.01267943767560431
IFE,Joint analytic covariance,0,358,-0.35120928796583006,-0.36331039882795524,0.012101110862125175
IFE,Joint analytic covariance,0,359,-0.2928397382643344,-0.3599954749211165,0.0671557366567821
IFE,Joint analytic covariance,0,360,-0.22196608612263047,-0.2552331656879059,0.033267079565275415
IFE,Joint analytic covariance,0,361,-0.1730575115493287,-0.26553612780982006,0.09247861626049136
IFE,Joint analytic covariance,0,362,0.20843407276394998,0.15037825758127688,0.05805581518267311
IFE,Joint analytic covariance,0,363,-0.13415869265624802,-0.17442983744035168,0.04027114478410365
IFE,Joint analytic covariance,0,364,-0.3920363818407069,-0.4026015992460259,0.010565217405319016
IFE,Joint analytic covariance,0,365,-0.54447641391307,-0.5455672261834426,0.0010908122703725542
IFE,Joint analytic covariance,0,366,-0.18069492178216073,-0.2624520586321045,0.08175713684994379
IFE,Joint analytic covariance,0,367,-0.664318850693788,-0.6757777574227615,0.011458906728973428
IFE,Joint analytic covariance,0,368,-0.4975499518203663,-0.5301296115454617,0.032579659725095356
IFE,Joint analytic covariance,0,369,-0.08557034020054566,-0.1929837345732004,0.10741339437265474
IFE,Joint analytic covariance,0,370,-0.5116159383122654,-0.5333110179081983,0.021695079595932976
IFE,Joint analytic covariance,0,371,-0.6650871183671008,-0.6976098142459792,0.03252269587887846
IFE,Joint analytic covariance,0,372,0.25348527377029484,0.13325687216459903,0.12022840160569581
IFE,Joint analytic covariance,0,373,-0.10047840130779628,-0.07460125959219566,-0.025877141715600627
IFE,Joint analytic covariance,0,374,-0.31201357751896375,-0.32943798720709905,0.0174244096881353
IFE,Joint analytic covariance,0,375,0.014435344655157278,-0.10624864909166432,0.1206839937468216
IFE,Joint analytic covariance,0,376,-0.3317650003678264,-0.34445651743736094,0.01269151706953453
IFE,Joint analytic covariance,0,377,-0.3088748989847858,-0.3401483571070024,0.0312734581222166
IFE,Joint analytic covariance,0,378,-0.5480116517016986,-0.5624750325994323,0.01446338089773369
IFE,Joint analytic covariance,0,379,-0.3386234842200322,-0.36471706162770645,0.026093577407674262
IFE,Joint analytic covariance,0,380,-0.4054836273514032,-0.4381664451035868,0.032682817752183624
IFE,Joint analytic covariance,0,381,-0.3514203115395247,-0.36760973465030355,0.016189423110778867
IFE,Joint analytic covariance,0,382,-0.3136677807661127,-0.3296349027572858,0.015967121991173117
IFE,Joint analytic covariance,0,383,-0.40199719605038575,-0.3877713733245024,-0.014225822725883353
IFE,Joint analytic covariance,0,384,-0.3086988990674743,-0.3564049374718097,0.047706038404335405
IFE,Joint analytic covariance,0,385,-0.2437429478249341,-0.33914607317437473,0.09540312534944062
IFE,Joint analytic covariance,0,386,-0.061692709766058784,-0.12148605744271057,0.05979334767665179
IFE,Joint analytic covariance,0,387,-0.43496225885458617,-0.4206910059369451,-0.014271252917641086
IFE,Joint analytic covariance,0,388,-0.08303702266580215,-0.14471596014109323,0.061678937475291074
IFE,Joint analytic covariance,0,389,-0.11220260605890486,-0.22457834834781853,0.11237574228891367
IFE,Joint analytic covariance,0,390,-0.5720459368381026,-0.5773453155103122,0.0052993786722096425
IFE,Joint analytic covariance,0,391,-0.5988764392321354,-0.5922352797335122,-0.006641159498623206
IFE,Joint analytic covariance,0,392,0.01814580546755562,-0.05412274925922156,0.07226855472677718
IFE,Joint analytic covariance,0,393,-0.4645782543580572,-0.5170736643932428,0.05249541003518554
IFE,Joint analytic covariance,0,394,-0.30488222241130825,-0.3409356232294005,0.036053400818092274
IFE,Joint analytic covariance,0,395,-0.23229027943862846,-0.28018906215590833,0.047898782717279875
IFE,Joint analytic covariance,0,396,-0.3194413920497863,-0.36018074978359504,0.04073935773380877
IFE,Joint analytic covariance,0,397,-0.3370920739978235,-0.3980110614058706,0.06091898740804713
IFE,Joint analytic covariance,0,398,-0.23842858307964543,-0.3284232908285619,0.08999470774891649
IFE,Joint analytic covariance,0,399,-0.22600391401439168,-0.28110384522250087,0.05509993120810919
IFE,Joint analytic covariance,0,400,-0.2457318931329634,-0.2818057541179285,0.03607386098496512
IFE,Joint analytic covariance,0,401,-0.49819921296185654,-0.5057701390317882,0.007570926069931705
IFE,Joint analytic covariance,0,402,-0.31277666544399174,-0.3159937801106626,0.0032171146666708506
IFE,Joint analytic covariance,0,403,-0.14095546126168979,-0.18546646836656933,0.04451100710487954
IFE,Joint analytic covariance,0,404,-0.014734205005265899,-0.06830617189254917,0.05357196688728327
IFE,Joint analytic covariance,0,405,-0.36252213077073847,-0.3935742056357855,0.03105207486504702
IFE,Joint analytic covariance,0,406,-0.51727813276794965,-0.5294643917191673,0.01218625895121761
IFE,Joint analytic covariance,0,407,-0.2939760817297552,-0.33709358844532755,0.04311750671557235
IFE,Joint analytic covariance,0,408,-0.2030523956760113,-0.2585816326584315,0.05552923698242018
IFE,Joint analytic covariance,0,409,-0.6499286590431068,-0.6452576435512841,-0.004671015491822694
IFE,Joint analytic covariance,0,410,-0.36408680515229463,-0.476039207688821,0.11195240253652639
IFE,Joint analytic covariance,0,411,-0.18236751451023703,-0.2685777143033886,0.08621019979315159
IFE,Joint analytic covariance,0,412,-0.4460210202602216,-0.5003287227910851,0.05430770253086348
IFE,Joint analytic covariance,0,413,-0.4441511609804464,-0.4862017331280929,0.042050572147646514
IFE,Joint analytic covariance,0,414,0.0025173236611089056,-0.008228034455546429,0.010745358116655335
IFE,Joint analytic covariance,0,415,-0.3645510014725537,-0.4224071085749108,0.05785610710235711
IFE,Joint analytic covariance,0,416,-0.5608411223155565,-0.5966981572042012,0.03585703488864467
IFE,Joint analytic covariance,0,417,-0.3046399650830015,-0.3038324828497535,-8.074822332480025e-4
IFE,Joint analytic covariance,0,418,-0.022305585040469866,-0.03667070496582525,0.014365119925355385
IFE,Joint analytic covariance,0,419,-0.5306315258327886,-0.5422270940459903,0.011595568213201735
IFE,Joint analytic covariance,0,420,-0.3769466269770715,-0.37338521679290426,-0.003561410184167224
IFE,Joint analytic covariance,0,421,-0.42286113042660234,-0.4449624938696698,0.022101363443067457
IFE,Joint analytic covariance,0,422,0.07903444606408927,-0.00890238592488879,0.08793683198897806
IFE,Joint analytic covariance,0,423,-0.1631742189374259,-0.23726655257764206,0.07409233364021617
IFE,Joint analytic covariance,0,424,-0.34590239452106775,-0.3709014033188154,0.024999008797747635
IFE,Joint analytic covariance,0,425,-0.4143199720219265,-0.42984729524600784,0.015527323224081346
IFE,Joint analytic covariance,0,426,-0.25304635006436005,-0.33804710756586065,0.0850007575015006
IFE,Joint analytic covariance,0,427,-0.4858298521141542,-0.501774844817266,0.015944992703111782
IFE,Joint analytic covariance,0,428,-0.1578524774338309,-0.18641358622265303,0.02856110878882212
IFE,Joint analytic covariance,0,429,-0.6440345126449047,-0.6800576899612873,0.036023177316382604
IFE,Joint analytic covariance,0,430,-0.1556154736358769,-0.21651391902040884,0.06089844538453193
IFE,Joint analytic covariance,0,431,-0.5513504903838962,-0.5808325219484674,0.029482031564571187
IFE,Joint analytic covariance,0,432,-0.5436699072049727,-0.5630362489124741,0.0193663417075014
IFE,Joint analytic covariance,0,433,-0.5470261085030714,-0.5311805802227081,-0.01584552828036334
IFE,Joint analytic covariance,0,434,-0.4213823976925283,-0.44546655157339543,0.024084153880867154
IFE,Joint analytic covariance,0,435,-0.5094071122226518,-0.5621698233201615,0.05276271109750974
IFE,Joint analytic covariance,0,436,-0.5330496487974699,-0.569076731388281,0.03602708259081111
IFE,Joint analytic covariance,0,437,-0.34951344889452596,-0.37727550963364775,0.027762060739121797
IFE,Joint analytic covariance,0,438,-0.2822091595834163,-0.3351961698408502,0.05298701025743391
IFE,Joint analytic covariance,0,439,-0.28604869440304903,-0.3070487647045178,0.021000070301468776
IFE,Joint analytic covariance,0,440,-0.6297903562843599,-0.6634421918162704,0.033651835531910534
IFE,Joint analytic covariance,0,441,-0.23618960086514684,-0.27795847441677146,0.04176887355162462
IFE,Joint analytic covariance,0,442,-0.349314916200799,-0.36439964827865834,0.01508473207785932
IFE,Joint analytic covariance,0,443,-0.2138374422300905,-0.2047238492601534,-0.009113592969937079
IFE,Joint analytic covariance,0,444,-0.16907407214998105,-0.24102183695346358,0.07194776480348253
IFE,Joint analytic covariance,0,445,-0.5047154998460084,-0.5140560568627233,0.009340557016714879
IFE,Joint analytic covariance,0,446,-0.21727327946076325,-0.2605474050802937,0.04327412561953048
IFE,Joint analytic covariance,0,447,-0.5229584711654163,-0.5652393514911702,0.042280880325753945
IFE,Joint analytic covariance,0,448,-0.36005317507204826,-0.4134142174879848,0.05336104241593653
IFE,Joint analytic covariance,0,449,-0.577683159723188,-0.5946259180705665,0.016942758347378573
IFE,Joint analytic covariance,0,450,-0.39054683854936023,-0.4582384686893711,0.0676916301400109
IFE,Joint analytic covariance,0,451,-0.1815649022376139,-0.2677013024714685,0.0861364002338546
IFE,Joint analytic covariance,0,452,-0.23197637535076887,-0.3346829616981166,0.10270658634734775
IFE,Joint analytic covariance,0,453,-0.429617878640259,-0.45679807267498573,0.027180194034726712
IFE,Joint analytic covariance,0,454,-0.06976470509038613,-0.1554662948254807,0.08570158973509456
IFE,Joint analytic covariance,0,455,-0.4079718565656061,-0.4757367588559738,0.06776490229036769
IFE,Joint analytic covariance,0,456,0.010947122650497576,-0.05696212345955087,0.06790924611004845
IFE,Joint analytic covariance,0,457,-0.17285652887087788,-0.19461662556088544,0.021760096690007558
IFE,Joint analytic covariance,0,458,-0.5816056539044816,-0.6056077062182357,0.024002052313754074
IFE,Joint analytic covariance,0,459,-0.48364060699655376,-0.5463314208978315,0.06269081390127773
IFE,Joint analytic covariance,0,460,-0.20889532057503968,-0.2459085891227092,0.03701326854766951
IFE,Joint analytic covariance,0,461,-0.5142526394612303,-0.5329867664848116,0.018734127023581237
IFE,Joint analytic covariance,0,462,-0.3802423449105612,-0.41366228892752044,0.03341994401695925
IFE,Joint analytic covariance,0,463,-0.18877849843848982,-0.26813754885385377,0.07935905041536395
IFE,Joint analytic covariance,0,464,-0.40305609144408705,-0.40812903403921996,0.005072942595132912
IFE,Joint analytic covariance,0,465,-0.3512774117062947,-0.39751356281011463,0.046236151103819956
IFE,Joint analytic covariance,0,466,-0.4130767561067976,-0.3935206488375049,-0.01955610726929269
IFE,Joint analytic covariance,0,467,-0.33927178035611527,-0.36759936199222054,0.02832758163610527
IFE,Joint analytic covariance,0,468,-0.1792464656162267,-0.2444427006830242,0.0651962350667975
IFE,Joint analytic covariance,0,469,-0.4502922091617254,-0.49069143129956927,0.04039922213784386
IFE,Joint analytic covariance,0,470,-0.6171516539468367,-0.6092395391641612,-0.007912114782675506
IFE,Joint analytic covariance,0,471,-0.6884780673322769,-0.6918923233132135,0.003414255980936587
IFE,Joint analytic covariance,0,472,-0.7005121413840798,-0.6995918094565385,-9.203319275412625e-4
IFE,Joint analytic covariance,0,473,-0.5302105320162674,-0.5715593999764002,0.04134886796013271
IFE,Joint analytic covariance,0,474,-0.5845794841870762,-0.6257496429130147,0.041170158725938544
IFE,Joint analytic covariance,0,475,-0.3279861788180586,-0.36558747618250165,0.037601297364443065
IFE,Joint analytic covariance,0,476,-0.5935420977319682,-0.6041821019422478,0.010640004210279552
IFE,Joint analytic covariance,0,477,-0.20043643126053423,-0.26904808682761905,0.06861165556708482
IFE,Joint analytic covariance,0,478,-0.2402098309147861,-0.230232485678181,-0.009977345236605095
IFE,Joint analytic covariance,0,479,-0.09091374052654388,-0.11100580706203411,0.020092066535490227
IFE,Joint analytic covariance,0,480,-0.42567004823723564,-0.45586169964334133,0.03019165140610569
IFE,Joint analytic covariance,0,481,-0.5398296264483093,-0.57610447260461,0.03627484615630061
IFE,Joint analytic covariance,0,482,-0.4651907885640916,-0.5231379779683301,0.057947189404238486
IFE,Joint analytic covariance,0,483,-0.39952367575507997,-0.44094995708210294,0.041426281327022973
IFE,Joint analytic covariance,0,484,-0.47400777258553584,-0.4949078113650094,0.02090003877947355
IFE,Joint analytic covariance,0,485,-0.31787814176806994,-0.36612184297153527,0.04824370120346533
IFE,Joint analytic covariance,0,486,-0.023143270430129537,-0.12976959518155518,0.10662632475142564
IFE,Joint analytic covariance,0,487,-0.35851824854398084,-0.3940221975823167,0.03550394903833587
IFE,Joint analytic covariance,0,488,-0.20115431344552326,-0.22235225820335625,0.021197944757832987
IFE,Joint analytic covariance,0,489,-0.38837694226749386,-0.40380847277354526,0.015431530506051394
IFE,Joint analytic covariance,0,490,-0.4081949210957587,-0.4614477155692406,0.05325279447348186
IFE,Joint analytic covariance,0,491,-0.5306155668177127,-0.5281060321723472,-0.0025095346453655187
IFE,Joint analytic covariance,0,492,-0.28806684060027876,-0.3368278227380631,0.04876098213778435
IFE,Joint analytic covariance,0,493,-0.5216848799064446,-0.5250086137105071,0.0033237338040624786
IFE,Joint analytic covariance,0,494,-0.23595311027936627,-0.36540829459865365,0.12945518431928738
IFE,Joint analytic covariance,0,495,-0.408475143964924,-0.4392912257448429,0.030816081779918902
IFE,Joint analytic covariance,0,496,-0.1486582725024609,-0.2941871599343282,0.14552888743186732
IFE,Joint analytic covariance,0,497,-0.35004814582019184,-0.3745675344428271,0.024519388622635252
IFE,Joint analytic covariance,0,498,-0.282568260542025,-0.289317875528481,0.006749614986455987
IFE,Joint analytic covariance,0,499,-0.40765928192009504,-0.443338360357467,0.03567907843737195
IFE,Joint analytic covariance,0,500,-0.48356239799966394,-0.5321041984014028,0.04854180040173883
IFE,Joint analytic covariance,0,501,-0.46031799667367146,-0.47986828912743096,0.0195502924537595
IFE,Joint analytic covariance,0,502,-0.6157461303736,-0.620664008747805,0.004917878374204987
IFE,Joint analytic covariance,0,503,-0.3180491542546092,-0.35814160214322344,0.04009244788861421
IFE,Joint analytic covariance,0,504,-0.13371155584106553,-0.156243661950771,0.022532106109705463
IFE,Joint analytic covariance,0,505,-0.18362148777028953,-0.21019904663775657,0.026577558867467044
IFE,Joint analytic covariance,0,506,-0.30624123793362457,-0.3380671511016403,0.03182591316801575
IFE,Joint analytic covariance,0,507,0.41339081523421406,0.34340228701017583,0.06998852822403823
IFE,Joint analytic covariance,0,508,-0.46961968277997335,-0.4978559408655412,0.028236258085567845
IFE,Joint analytic covariance,0,509,-0.4010329562728212,-0.440361104438067,0.03932814816524577
IFE,Joint analytic covariance,0,510,0.037689973936607,-0.06376935949133933,0.10145933342794633
IFE,Joint analytic covariance,0,511,-0.3581648893085504,-0.38654732318764895,0.028382433879098556
IFE,Joint analytic covariance,0,512,-0.14351268788924232,-0.1885824109493348,0.04506972306009249
IFE,Joint analytic covariance,0,513,0.08845369435864958,0.05770894852254216,0.030744745836107423
IFE,Joint analytic covariance,0,514,-0.451726755620542,-0.48986704152487226,0.03814028590433027
IFE,Joint analytic covariance,0,515,-0.39578849718614106,-0.41995205554443227,0.024163558358291204
IFE,Joint analytic covariance,0,516,-0.5206050855820706,-0.5204065895361354,-1.9849604593524806e-4
IFE,Joint analytic covariance,0,517,-0.30782824191607583,-0.3393698621464081,0.031541620230332246
IFE,Joint analytic covariance,0,518,0.04050874117383385,0.06260261204167117,-0.022093870867837317
IFE,Joint analytic covariance,0,519,-0.26983877241800247,-0.2914617208597735,0.02162294844177104
IFE,Joint analytic covariance,0,520,-0.5786901696054717,-0.5864516411956102,0.007761471590138513
IFE,Joint analytic covariance,0,521,-0.21867149473781133,-0.2944338813475572,0.07576238660974588
IFE,Joint analytic covariance,0,522,-0.05611517330584037,-0.16102688897134199,0.10491171566550161
IFE,Joint analytic covariance,0,523,-0.5193324263437344,-0.5510404196674079,0.03170799332367347
IFE,Joint analytic covariance,0,524,0.039705511843501906,-0.0587486612320568,0.0984541730755587
IFE,Joint analytic covariance,0,525,-0.18906774868511922,-0.26740333149382667,0.07833558280870745
IFE,Joint analytic covariance,0,526,-0.03967831002821187,-0.0853282344689068,0.04564992444069493
IFE,Joint analytic covariance,0,527,-0.25281050792127135,-0.317218767697666,0.06440825977639464
IFE,Joint analytic covariance,0,528,-0.6254570094572525,-0.636410674344517,0.01095366488726457
IFE,Joint analytic covariance,0,529,-0.3497835683727186,-0.38511548702702414,0.035331918654305516
IFE,Joint analytic covariance,0,530,-0.44709834300288864,-0.47707258299580924,0.029974239992920593
IFE,Joint analytic covariance,0,531,-0.3338764540132444,-0.413559314717844,0.07968286070459962
IFE,Joint analytic covariance,0,532,-0.24512081370786798,-0.26444161479623995,0.019320801088371975
IFE,Joint analytic covariance,0,533,-0.23173757236002135,-0.32560448516440454,0.0938669128043832
IFE,Joint analytic covariance,0,534,-0.018933637563100292,-0.10275588618958642,0.08382224862648613
IFE,Joint analytic covariance,0,535,-0.4000150128241866,-0.45365561671935173,0.05364060389516512
IFE,Joint analytic covariance,0,536,9.309119182006054e-4,-0.055041153263162945,0.05597206518136355
IFE,Joint analytic covariance,0,537,-0.04782596998935096,-0.1353082239756972,0.08748225398634624
IFE,Joint analytic covariance,0,538,-0.4841583004779144,-0.5121593634473701,0.028001062969455703
IFE,Joint analytic covariance,0,539,-0.29943439781101433,-0.33504357031193877,0.035609172500924435
IFE,Joint analytic covariance,0,540,-0.3666212296927459,-0.38597133862183464,0.019350108929088727
IFE,Joint analytic covariance,0,541,-0.416537807661741,-0.4249345719711697,0.008396764309428706
IFE,Joint analytic covariance,0,542,-0.5581883534708396,-0.6054588876836127,0.04727053421277305
IFE,Joint analytic covariance,0,543,-0.5244549174768163,-0.5412528297837764,0.01679791230696015
IFE,Joint analytic covariance,0,544,-0.3940417052552785,-0.40069352443519035,0.0066518191799118664
IFE,Joint analytic covariance,0,545,-0.17229202912200037,-0.26842556624081315,0.09613353711881278
IFE,Joint analytic covariance,0,546,-0.44806228191848785,-0.4935796073577421,0.04551732543925424
IFE,Joint analytic covariance,0,547,-0.46785085829088624,-0.48369333157804806,0.015842473287161818
IFE,Joint analytic covariance,0,548,-0.5186120650444017,-0.5774585581001872,0.05884649305578549
IFE,Joint analytic covariance,0,549,-0.42021932842319276,-0.44186421829664957,0.021644889873456807
IFE,Joint analytic covariance,0,550,-0.04426139628386194,-0.019549278078620835,-0.024712118205241107
IFE,Joint analytic covariance,0,551,-0.4119198635399517,-0.452436972336397,0.04051710879644532
IFE,Joint analytic covariance,0,552,-0.6187685282238908,-0.6447093402391557,0.02594081201526488
IFE,Joint analytic covariance,0,553,-0.45256200240858824,-0.4610753910096772,0.008513388601088967
IFE,Joint analytic covariance,0,554,-0.4026913862312763,-0.428296834334165,0.025605448102888673
IFE,Joint analytic covariance,0,555,-0.3590747634989584,-0.4109234612531586,0.0518486977542002
IFE,Joint analytic covariance,0,556,-0.40081951622017087,-0.3822674977023447,-0.018552018517826174
IFE,Joint analytic covariance,0,557,-0.36144279218404485,-0.4450812608264427,0.08363846864239788
IFE,Joint analytic covariance,0,558,-0.3824764866410215,-0.42802109330043625,0.04554460665941473
IFE,Joint analytic covariance,0,559,-0.4461267763976883,-0.46646928964275647,0.020342513245068194
IFE,Joint analytic covariance,0,560,-0.47344040074488847,-0.5217694235331112,0.04832902278822271
IFE,Joint analytic covariance,0,561,-0.2469711884271496,-0.24969399517292767,0.0027228067457780725
IFE,Joint analytic covariance,0,562,-0.2055182295495508,-0.25815483836844,0.05263660881888921
IFE,Joint analytic covariance,0,563,-0.2706969235471377,-0.3077851317171728,0.03708820817003511
IFE,Joint analytic covariance,0,564,-0.35132068325706456,-0.3955336020423529,0.044212918785288324
IFE,Joint analytic covariance,0,565,-0.32591080398083516,-0.3676120431901312,0.041701239209296026
IFE,Joint analytic covariance,0,566,-0.11576404945583296,-0.22439830268115213,0.10863425322531917
IFE,Joint analytic covariance,0,567,-0.5687073173415167,-0.5925001473653619,0.023792830023845246
IFE,Joint analytic covariance,0,568,-0.06859537430371931,-0.0861886739945058,0.01759329969078649
IFE,Joint analytic covariance,0,569,-0.20054175323359014,-0.2455905195962007,0.04504876636261057
IFE,Joint analytic covariance,0,570,-0.45315165447275796,-0.5150251118521677,0.061873457379409746
IFE,Joint analytic covariance,0,571,-0.2968674634964248,-0.35247454981295656,0.05560708631653177
IFE,Joint analytic covariance,0,572,-0.2631912574051697,-0.28024492366970655,0.01705366626453686
IFE,Joint analytic covariance,0,573,-0.43093534430283176,-0.4487396567191697,0.017804312416337953
IFE,Joint analytic covariance,0,574,-0.4485207484711251,-0.4667835650356419,0.01826281656451678
IFE,Joint analytic covariance,0,575,-0.5066707294770374,-0.48025524915192275,-0.02641548032511465
IFE,Joint analytic covariance,0,576,-0.3383280205470449,-0.37470898320246393,0.036380962655419014
IFE,Joint analytic covariance,0,577,-0.44888343095554606,-0.4484930181474531,-3.9041280809293255e-4
IFE,Joint analytic covariance,0,578,-0.4648267870662913,-0.5170988847805589,0.05227209771426755
IFE,Joint analytic covariance,0,579,-0.1381354726024523,-0.1710807481495733,0.03294527554712101
IFE,Joint analytic covariance,0,580,-0.3231195105800926,-0.3582858347119602,0.0351663241318676
IFE,Joint analytic covariance,0,581,-0.32408929588450575,-0.393018793559873,0.06892949767536727
IFE,Joint analytic covariance,0,582,-0.39024407795535276,-0.4126908322185614,0.022446754263208635
IFE,Joint analytic covariance,0,583,-0.14272792226234954,-0.24948686611976545,0.10675894385741591
IFE,Joint analytic covariance,0,584,-0.17171675116374163,-0.18594797742144864,0.014231226257707008
IFE,Joint analytic covariance,0,585,-0.4269678848992505,-0.48277519546141723,0.0558073105621667
IFE,Joint analytic covariance,0,586,-0.00799303003269558,-0.10047950403767836,0.09248647400498278
IFE,Joint analytic covariance,0,587,0.18011351614592241,0.004608128094455655,0.17550538805146676
IFE,Joint analytic covariance,0,588,-0.39177392728939353,-0.4255039988025855,0.03373007151319196
IFE,Joint analytic covariance,0,589,-0.4622873667745959,-0.51393137312765,0.051644006353054106
IFE,Joint analytic covariance,0,590,-0.4375798639839741,-0.49427334103580467,0.05669347705183059
IFE,Joint analytic covariance,0,591,-0.5994232580282015,-0.6100240959079836,0.010600837879782055
IFE,Joint analytic covariance,0,592,-0.4476592051477758,-0.49922283742752915,0.05156363227975336
IFE,Joint analytic covariance,0,593,0.026341293162184254,-0.030088396780554194,0.05642968994273845
IFE,Joint analytic covariance,0,594,-0.13383983646085618,-0.20420382751491217,0.070363991054056
IFE,Joint analytic covariance,0,595,-0.24464754275093925,-0.31004953081862996,0.06540198806769071
IFE,Joint analytic covariance,0,596,-0.3681533516391071,-0.4292111398141534,0.06105778817504626
IFE,Joint analytic covariance,0,597,-0.5409049401970398,-0.5306689061980173,-0.010236033999022509
IFE,Joint analytic covariance,0,598,-0.011593065594018293,-0.027450592740265733,0.01585752714624744
IFE,Joint analytic covariance,0,599,-0.13850261635307703,-0.14856486821728598,0.010062251864208949
IFE,Joint analytic covariance,0,600,-0.2323356836401388,-0.2726123392970732,0.04027665565693439
IFE,Joint analytic covariance,0,601,0.1823891490926275,0.01610757635257154,0.16628157274005595
IFE,Joint analytic covariance,0,602,-0.18651029183079848,-0.2670803945146164,0.08057010268381792
IFE,Joint analytic covariance,0,603,-0.5013407939717447,-0.52802722292756,0.0266864289558153
IFE,Joint analytic covariance,0,604,-0.4336066966374569,-0.4562010633163809,0.022594366678924005
IFE,Joint analytic covariance,0,605,-0.04088428245033082,-0.1434062804861459,0.10252199803581508
IFE,Joint analytic covariance,0,606,-0.38074817261461613,-0.3691822471699513,-0.011565925444664837
IFE,Joint analytic covariance,0,607,-0.34885806498046246,-0.42247780512290234,0.07361974014243988
IFE,Joint analytic covariance,0,608,-0.3342995076012665,-0.3903256885850497,0.0560261809837832
IFE,Joint analytic covariance,0,609,-0.7047229333382345,-0.697023617926626,-0.007699315411608509
IFE,Joint analytic covariance,0,610,-0.11724909682573326,-0.14966342518923725,0.032414328363504
IFE,Joint analytic covariance,0,611,-0.42621157316075564,-0.436581286295044,0.01036971313428836
IFE,Joint analytic covariance,0,612,-0.28136614215616307,-0.29146750931914744,0.010101367162984376
IFE,Joint analytic covariance,0,613,-0.5526492747133482,-0.5749940958019754,0.02234482108862712
IFE,Joint analytic covariance,0,614,-0.27041539454076835,-0.29910882630642077,0.028693431765652422
IFE,Joint analytic covariance,0,615,-0.15969936742265767,-0.21332445906851416,0.05362509164585649
IFE,Joint analytic covariance,0,616,-0.0534927056667488,-0.09838253517377193,0.04488982950702314
IFE,Joint analytic covariance,0,617,-0.49751441958951004,-0.5076551390006989,0.010140719411188881
IFE,Joint analytic covariance,0,618,-0.05488077237663935,-0.04505912254291844,-0.009821649833720913
IFE,Joint analytic covariance,0,619,-0.03648191218095376,-0.039608178587338894,0.0031262664063851364
IFE,Joint analytic covariance,0,620,-0.030338623475777315,-0.14427266829011487,0.11393404481433755
IFE,Joint analytic covariance,0,621,-0.32022598887092724,-0.36191632949300834,0.0416903406220811
IFE,Joint analytic covariance,0,622,-0.09945764307514271,-0.08782940860618194,-0.011628234468960774
IFE,Joint analytic covariance,0,623,-0.2803393231969168,-0.26088261585653905,-0.019456707340377744
IFE,Joint analytic covariance,0,624,-0.5064025358703999,-0.4808621912544936,-0.025540344615906263
IFE,Joint analytic covariance,0,625,-0.05188643414230587,-0.16181412707525378,0.1099276929329479
IFE,Joint analytic covariance,0,626,0.06336850288144058,-0.08839805185224225,0.15176655473368283
IFE,Joint analytic covariance,0,627,-0.2763243891376602,-0.2905408962864181,0.014216507148757884
IFE,Joint analytic covariance,0,628,-0.6091674371617068,-0.6321913822706406,0.023023945108933797
IFE,Joint analytic covariance,0,629,-0.5270122990282061,-0.5460801107267959,0.01906781169858973
IFE,Joint analytic covariance,0,630,-0.06669188269410675,-0.14141649447677707,0.07472461178267031
IFE,Joint analytic covariance,0,631,-0.5444926953550708,-0.5588433523666119,0.014350657011541035
IFE,Joint analytic covariance,0,632,-0.3648154684377005,-0.3876125614305449,0.02279709299284438
IFE,Joint analytic covariance,0,633,-0.3392002233043797,-0.41188459287894763,0.07268436957456792
IFE,Joint analytic covariance,0,634,-0.3389745647409038,-0.3795918654095012,0.04061730066859737
IFE,Joint analytic covariance,0,635,-0.15285947735186145,-0.19810495774521497,0.04524548039335352
IFE,Joint analytic covariance,0,636,-0.0031500231918208943,0.004382487185161654,-0.0075325103769825486
IFE,Joint analytic covariance,0,637,0.1460338598111215,-0.07547576482063134,0.22150962463175283
IFE,Joint analytic covariance,0,638,-0.4282788628728138,-0.46292888079821626,0.034650017925402454
IFE,Joint analytic covariance,0,639,-0.36357493518675965,-0.4270657457769256,0.06349081059016592
IFE,Joint analytic covariance,0,640,-0.6181619049604177,-0.6344983201429486,0.016336415182530928
IFE,Joint analytic covariance,0,641,-0.5436111143593492,-0.5106630523109379,-0.032948062048411275
IFE,Joint analytic covariance,0,642,-0.39231892884373154,-0.4668892531940635,0.07457032435033195
IFE,Joint analytic covariance,0,643,-0.5756174699447529,-0.5661459173641443,-0.009471552580608611
IFE,Joint analytic covariance,0,644,-0.17640601830905933,-0.1882032867802167,0.011797268471157363
IFE,Joint analytic covariance,0,645,-0.42465811320714564,-0.45493522977698253,0.030277116569836893
IFE,Joint analytic covariance,0,646,-0.3383464243763148,-0.3990449594363823,0.060698535060067504
IFE,Joint analytic covariance,0,647,-0.14368559090387545,-0.16895969036650982,0.02527409946263437
IFE,Joint analytic covariance,0,648,-0.34060262870188696,-0.35064774879063,0.010045120088743031
IFE,Joint analytic covariance,0,649,0.2395990210008221,0.2630059265478517,-0.02340690554702962
IFE,Joint analytic covariance,0,650,-0.5857853867720669,-0.6098139295147416,0.02402854274267463
IFE,Joint analytic covariance,0,651,-0.6597124796222479,-0.6572684914909964,-0.002443988131251462
IFE,Joint analytic covariance,0,652,-0.2745876350105193,-0.3381385042744297,0.0635508692639104
IFE,Joint analytic covariance,0,653,-0.34989941508304845,-0.40553142782198925,0.055632012738940806
IFE,Joint analytic covariance,0,654,-0.08182618090802574,-0.15465168095828585,0.07282550005026012
IFE,Joint analytic covariance,0,655,-0.4355157032511193,-0.47650142520022276,0.04098572194910344
IFE,Joint analytic covariance,0,656,-0.6295436586396066,-0.6177787119906193,-0.011764946648987307
IFE,Joint analytic covariance,0,657,-0.6196249971531036,-0.5981912993036276,-0.02143369784947602
IFE,Joint analytic covariance,0,658,-0.5478288563608467,-0.5955381877477538,0.04770933138690714
IFE,Joint analytic covariance,0,659,-0.17866489796607354,-0.27379397506363345,0.09512907709755991
IFE,Joint analytic covariance,0,660,-0.3126207787109745,-0.3230967791564855,0.010476000445511002
IFE,Joint analytic covariance,0,661,-0.436203713461791,-0.4393278732218767,0.003124159760085732
IFE,Joint analytic covariance,0,662,-0.2818589191901105,-0.3605954579859644,0.07873653879585385
IFE,Joint analytic covariance,0,663,-0.3494601809054162,-0.3975032287219654,0.04804304781654922
IFE,Joint analytic covariance,0,664,-0.17022390189771497,-0.21912236971983334,0.048898467822118374
IFE,Joint analytic covariance,0,665,-0.18792087250550404,-0.2023804708783552,0.014459598372851157
IFE,Joint analytic covariance,0,666,-0.26359393198221215,-0.33825421400372113,0.07466028202150898
IFE,Joint analytic covariance,0,667,-0.27997822631302915,-0.3050433683653827,0.02506514205235355
IFE,Joint analytic covariance,0,668,0.12220687790260287,-0.09755121346062268,0.21975809136322555
IFE,Joint analytic covariance,0,669,-0.3268276375663409,-0.35828086014763705,0.031453222581296125
IFE,Joint analytic covariance,0,670,-0.40409113901040417,-0.44141942091336717,0.037328281902963
IFE,Joint analytic covariance,0,671,-0.3587521579849875,-0.36982881670901735,0.011076658724029853
IFE,Joint analytic covariance,0,672,-0.3862702991571506,-0.43336060990358727,0.04709031074643666
IFE,Joint analytic covariance,0,673,-0.5208991934342575,-0.523778435739897,0.0028792423056395178
IFE,Joint analytic covariance,0,674,-0.5012206887840793,-0.5128410803285852,0.011620391544505893
IFE,Joint analytic covariance,0,675,-0.3131087120757411,-0.3284322532589138,0.015323541183172695
IFE,Joint analytic covariance,0,676,-0.12240649323546293,-0.141090429664659,0.01868393642919608
IFE,Joint analytic covariance,0,677,0.044897916391302584,-0.039228008422661054,0.08412592481396364
IFE,Joint analytic covariance,0,678,-0.357630860470575,-0.38474067938248524,0.027109818911910222
IFE,Joint analytic covariance,0,679,-0.37037158081642485,-0.4435176816671753,0.07314610085075046
IFE,Joint analytic covariance,0,680,-0.20865128516292009,-0.3158818022149459,0.1072305170520258
IFE,Joint analytic covariance,0,681,0.2183500234246103,0.15482826908847747,0.06352175433613283
IFE,Joint analytic covariance,0,682,-0.24340746446069728,-0.26154330553799665,0.018135841077299375
IFE,Joint analytic covariance,0,683,0.02756550035581684,-0.1509935782717139,0.17855907862753073
IFE,Joint analytic covariance,0,684,-0.39522746082491245,-0.42240191806196004,0.02717445723704759
IFE,Joint analytic covariance,0,685,-0.48784403470708493,-0.46321310820769557,-0.02463092649938936
IFE,Joint analytic covariance,0,686,-0.5013841127082285,-0.49610127629842704,-0.005282836409801428
IFE,Joint analytic covariance,0,687,-0.3189307806805567,-0.36832881454204147,0.04939803386148478
IFE,Joint analytic covariance,0,688,-0.44904450674462637,-0.4922408830476478,0.04319637630302142
IFE,Joint analytic covariance,0,689,-0.5249296577336449,-0.5361288683369498,0.011199210603304977
IFE,Joint analytic covariance,0,690,0.0834313378736613,-0.085289238632972,0.1687205765066333
IFE,Joint analytic covariance,0,691,-0.3756715189664701,-0.3973571272220685,0.0216856082555984
IFE,Joint analytic covariance,0,692,-0.38535269542528383,-0.3866916716884874,0.0013389762632035618
IFE,Joint analytic covariance,0,693,-0.5841758461920101,-0.5732967393347077,-0.010879106857302423
IFE,Joint analytic covariance,0,694,-0.5293210852760718,-0.550301979344509,0.020980894068437173
IFE,Joint analytic covariance,0,695,-0.4045813253562146,-0.4200252378351268,0.015443912478912192
IFE,Joint analytic covariance,0,696,-0.5654782204025585,-0.5935536294189707,0.028075409016412256
IFE,Joint analytic covariance,0,697,-0.41587717778665345,-0.449636876962891,0.033759699176237556
IFE,Joint analytic covariance,0,698,-0.439597729035511,-0.49863205306496605,0.059034324029455076
IFE,Joint analytic covariance,0,699,-0.4137788114605493,-0.48990954415073595,0.07613073269018666
IFE,Joint analytic covariance,0,700,-0.30909472217416856,-0.2919306895621787,-0.017164032611989843
IFE,Joint analytic covariance,0,701,-0.2917665513050136,-0.327912491360532,0.03614594005551841
IFE,Joint analytic covariance,0,702,0.2175675666579302,0.07442110794396384,0.14314645871396636
IFE,Joint analytic covariance,0,703,-0.08649454466523487,-0.1411082332085215,0.05461368854328663
IFE,Joint analytic covariance,0,704,-0.14061301242541646,-0.14788539379322707,0.00727238136781061
IFE,Joint analytic covariance,0,705,-0.24644392734799936,-0.31340307930656763,0.06695915195856827
IFE,Joint analytic covariance,0,706,-0.4875846603157692,-0.5339508760782995,0.046366215762530305
IFE,Joint analytic covariance,0,707,-0.3959297535761964,-0.4074730787901978,0.011543325214001365
IFE,Joint analytic covariance,0,708,-0.4180363978787657,-0.4508524713658876,0.0328160734871219
IFE,Joint analytic covariance,0,709,-0.39268385096232583,-0.42507539783526094,0.032391546872935106
IFE,Joint analytic covariance,0,710,-0.45583113396939656,-0.48750375733257945,0.031672623363182884
IFE,Joint analytic covariance,0,711,-0.42704165365206936,-0.4395551153870274,0.012513461734958042
IFE,Joint analytic covariance,0,712,-0.2654330711631465,-0.28786183002133525,0.022428758858188735
IFE,Joint analytic covariance,0,713,-0.19903707067436094,-0.21802325980631054,0.018986189131949605
IFE,Joint analytic covariance,0,714,-0.5578898850167325,-0.5616709683226617,0.0037810833059291893
IFE,Joint analytic covariance,0,715,-0.19523511529941806,-0.20789881813708022,0.01266370283766216
IFE,Joint analytic covariance,0,716,-0.5075875167503219,-0.5460807887781816,0.03849327202785968
IFE,Joint analytic covariance,0,717,-0.33836478343064336,-0.4184264234398305,0.08006164000918714
IFE,Joint analytic covariance,0,718,-0.10264365603471515,-0.1573924680326919,0.054748811997976765
IFE,Joint analytic covariance,0,719,-0.10887586014472939,-0.1829857674487645,0.0741099073040351
IFE,Joint analytic covariance,0,720,-0.3270900736300081,-0.37483455868447846,0.047744485054470376
IFE,Joint analytic covariance,0,721,-0.6800718092545499,-0.6823815480005121,0.0023097387459621865
IFE,Joint analytic covariance,0,722,-0.2861421641100136,-0.3037454686722134,0.01760330456219983
IFE,Joint analytic covariance,0,723,-0.24334969048890198,-0.29104199403015685,0.047692303541254866
IFE,Joint analytic covariance,0,724,-0.41152011150837864,-0.45186080653854843,0.04034069503016979
IFE,Joint analytic covariance,0,725,-0.23186004851904385,-0.2877173182024465,0.055857269683402655
IFE,Joint analytic covariance,0,726,-0.29948609018645134,-0.3551417280856627,0.05565563789921135
IFE,Joint analytic covariance,0,727,-0.32336354647199084,-0.4091441948521579,0.08578064838016708
IFE,Joint analytic covariance,0,728,-0.3503012535966772,-0.39668974416664804,0.04638849056997085
IFE,Joint analytic covariance,0,729,-0.34659894121031454,-0.3902385987854663,0.04363965757515176
IFE,Joint analytic covariance,0,730,0.05319991322481865,-0.0818191055941806,0.13501901881899925
IFE,Joint analytic covariance,0,731,-0.46200165023662787,-0.4705792832669303,0.008577633030302456
IFE,Joint analytic covariance,0,732,-0.10924196963779942,-0.1851190566315397,0.0758770869937403
IFE,Joint analytic covariance,0,733,-0.34290693373733394,-0.3825034846531278,0.03959655091579384
IFE,Joint analytic covariance,0,734,-0.47898298677489726,-0.49023113232538773,0.011248145550490474
IFE,Joint analytic covariance,0,735,-0.30135698068850647,-0.3340865111138851,0.03272953042537863
IFE,Joint analytic covariance,0,736,-0.36275180193191625,-0.40449314034165795,0.0417413384097417
IFE,Joint analytic covariance,0,737,0.2874226568122429,0.3037609489168196,-0.016338292104576713
IFE,Joint analytic covariance,0,738,-0.4022575554390131,-0.4287053073460231,0.026447751907009986
IFE,Joint analytic covariance,0,739,-0.08815862117200657,-0.11190261201599117,0.023743990843984597
IFE,Joint analytic covariance,0,740,-0.47752604041155455,-0.5313081458111522,0.0537821053995976
IFE,Joint analytic covariance,0,741,-0.3990843424420104,-0.4283871123681672,0.02930276992615677
IFE,Joint analytic covariance,0,742,-0.5008715698747328,-0.5233874307026718,0.022515860827938994
IFE,Joint analytic covariance,0,743,-0.44573152539805916,-0.4578896028403975,0.012158077442338322
IFE,Joint analytic covariance,0,744,-0.492552374838077,-0.5241659060268453,0.03161353118876831
IFE,Joint analytic covariance,0,745,-0.17442805235697922,-0.22246744432600452,0.04803939196902529
IFE,Joint analytic covariance,0,746,-0.5395245170652199,-0.5184293162415254,-0.021095200823694427
IFE,Joint analytic covariance,0,747,-0.36260660551988955,-0.3785831806439045,0.015976575124014958
IFE,Joint analytic covariance,0,748,-0.3670643750647926,-0.4373117712639072,0.07024739619911458
IFE,Joint analytic covariance,0,749,-0.22671851309827473,-0.3268214034495741,0.10010289035129938
IFE,Joint analytic covariance,0,750,0.01445637851618864,-0.10050879268108537,0.11496517119727401
IFE,Joint analytic covariance,0,751,-0.3908448655645569,-0.4426524790398376,0.051807613475280734
IFE,Joint analytic covariance,0,752,-0.4474270310937234,-0.4367168293909347,-0.010710201702788691
IFE,Joint analytic covariance,0,753,-0.1482156838794254,-0.215990630261782,0.0677749463823566
IFE,Joint analytic covariance,0,754,-0.486267245858643,-0.5297939370377437,0.043526691179100685
IFE,Joint analytic covariance,0,755,-0.539014187691577,-0.5696131354979015,0.03059894780632444
IFE,Joint analytic covariance,0,756,-0.10229519154643685,-0.17342204828701613,0.07112685674057928
IFE,Joint analytic covariance,0,757,0.2363887195468657,0.16643482140123034,0.06995389814563535
IFE,Joint analytic covariance,0,758,-0.5081358941475289,-0.5245614854959655,0.016425591348436575
IFE,Joint analytic covariance,0,759,-0.49613031172143895,-0.5302069627302977,0.034076651008858705
IFE,Joint analytic covariance,0,760,-0.20095803910836685,-0.21497869921587898,0.014020660107512128
IFE,Joint analytic covariance,0,761,-0.3168202392974552,-0.33945003785902716,0.02262979856157199
IFE,Joint analytic covariance,0,762,-0.351077968257011,-0.3133528029212219,-0.03772516533578907
IFE,Joint analytic covariance,0,763,-0.4117152045779401,-0.4846047861665306,0.07288958158859049
IFE,Joint analytic covariance,0,764,-0.3866229967553828,-0.4198774888599398,0.033254492104557
IFE,Joint analytic covariance,0,765,-0.10899262694656997,-0.10779748020689439,-0.0011951467396755788
IFE,Joint analytic covariance,0,766,-0.4116655112916222,-0.45561868085266555,0.04395316956104334
IFE,Joint analytic covariance,0,767,-0.5330871808107063,-0.5362328715620109,0.003145690751304664
IFE,Joint analytic covariance,0,768,-0.4210670179971142,-0.4489645878919696,0.027897569894855367
IFE,Joint analytic covariance,0,769,-0.42609360330460355,-0.4331607839002477,0.007067180595644151
IFE,Joint analytic covariance,0,770,-0.14021061140564894,-0.21017746333831921,0.06996685193267027
IFE,Joint analytic covariance,0,771,-0.6383101673605164,-0.6393572527657791,0.001047085405262771
IFE,Joint analytic covariance,0,772,-0.2873857217918352,-0.2986006857573391,0.011214963965503921
IFE,Joint analytic covariance,0,773,-0.20936719596585418,-0.25642834330031716,0.04706114733446298
IFE,Joint analytic covariance,0,774,-0.44732971508615604,-0.44375656910402916,-0.0035731459821268796
IFE,Joint analytic covariance,0,775,-0.3109719979432237,-0.3785072616564883,0.06753526371326457
IFE,Joint analytic covariance,0,776,-0.3820772242651449,-0.47568627279763465,0.09360904853248975
IFE,Joint analytic covariance,0,777,-0.35249990391267694,-0.3549993937672212,0.00249948985454429
IFE,Joint analytic covariance,0,778,-0.1884370898900275,-0.2605971115947664,0.0721600217047389
IFE,Joint analytic covariance,0,779,-0.4213167644545781,-0.4796178625713964,0.05830109811681827
IFE,Joint analytic covariance,0,780,0.16079741795986968,0.03529219191026178,0.1255052260496079
IFE,Joint analytic covariance,0,781,-0.0953632344643145,-0.09060276958840563,-0.004760464875908865
IFE,Joint analytic covariance,0,782,-0.45906022902687693,-0.5083049271383719,0.04924469811149501
IFE,Joint analytic covariance,0,783,-0.5403630446783346,-0.5830117633605586,0.042648718682223974
IFE,Joint analytic covariance,0,784,-0.43441625879134915,-0.4946719831610257,0.06025572436967652
IFE,Joint analytic covariance,0,785,-0.34326972200805284,-0.40476779656860895,0.061498074560556115
IFE,Joint analytic covariance,0,786,-0.5769980377021995,-0.5928040258425706,0.015805988140371152
IFE,Joint analytic covariance,0,787,-0.23428696319185904,-0.2821619741851784,0.04787501099331937
IFE,Joint analytic covariance,0,788,-0.27368355873748584,-0.3043856118050777,0.030702053067591883
IFE,Joint analytic covariance,0,789,-0.4960324580844332,-0.489863156732835,-0.006169301351598211
IFE,Joint analytic covariance,0,790,-0.4201057955352061,-0.4213486262547703,0.001242830719564214
IFE,Joint analytic covariance,0,791,-0.34404911346091105,-0.37638984248883556,0.03234072902792451
IFE,Joint analytic covariance,0,792,-0.407580688332273,-0.45835724707394576,0.05077655874167275
IFE,Joint analytic covariance,0,793,-0.07736654648442065,-0.07414691445769406,-0.003219632026726593
IFE,Joint analytic covariance,0,794,-0.48941603630645814,-0.5068426920877015,0.01742665578124336
IFE,Joint analytic covariance,0,795,-0.3349926917465178,-0.36872558492932883,0.03373289318281103
IFE,Joint analytic covariance,0,796,-0.3133181657505303,-0.38290843783584705,0.06959027208531676
IFE,Joint analytic covariance,0,797,-0.24597527879969627,-0.271158172628737,0.02518289382904071
IFE,Joint analytic covariance,0,798,-0.45417900866355365,-0.5001414318714215,0.04596242320786781
IFE,Joint analytic covariance,0,799,-0.3579688709589661,-0.3801292110775496,0.022160340118583477
IFE,Joint analytic covariance,0,800,0.2337852832809062,0.22008509766370254,0.013700185617203653
IFE,Joint analytic covariance,0,801,-0.41226508128886263,-0.4508438437354252,0.03857876244656255
IFE,Joint analytic covariance,0,802,-0.42203871120184633,-0.4187025858062169,-0.003336125395629441
IFE,Joint analytic covariance,0,803,-0.4491600248577061,-0.4331027393201844,-0.016057285537521726
IFE,Joint analytic covariance,0,804,-0.21108274611731725,-0.2934017965778736,0.08231905046055632
IFE,Joint analytic covariance,0,805,-0.4614195972247208,-0.4971087288984273,0.035689131673706465
IFE,Joint analytic covariance,0,806,-0.5766409966426654,-0.6148498841769552,0.03820888753428975
IFE,Joint analytic covariance,0,807,-0.5559720918283976,-0.5596017218065088,0.0036296299781112262
IFE,Joint analytic covariance,0,808,-0.5283885403399593,-0.5061734021689475,-0.02221513817101184
IFE,Joint analytic covariance,0,809,-0.28877776723021487,-0.4065259160212482,0.11774814879103335
IFE,Joint analytic covariance,0,810,-0.472300257908276,-0.509867609231635,0.03756735132335898
IFE,Joint analytic covariance,0,811,-0.23380924009898163,-0.2792479230969812,0.04543868299799958
IFE,Joint analytic covariance,0,812,-0.37675374472689527,-0.4378485486399917,0.06109480391309641
IFE,Joint analytic covariance,0,813,-0.30000826124561997,-0.36519907486121306,0.06519081361559309
IFE,Joint analytic covariance,0,814,-0.5273140230249834,-0.5480277256963069,0.020713702671323442
IFE,Joint analytic covariance,0,815,-0.5388806100035592,-0.5678920306313906,0.029011420627831352
IFE,Joint analytic covariance,0,816,-0.45371153322602653,-0.47003800580295796,0.016326472576931428
IFE,Joint analytic covariance,0,817,-0.3991958183793206,-0.42357538196469047,0.024379563585369857
IFE,Joint analytic covariance,0,818,-0.4238423555100589,-0.4609912434532314,0.037148887943172504
IFE,Joint analytic covariance,0,819,-0.18976106591558584,-0.24892131599582812,0.05916025008024228
IFE,Joint analytic covariance,0,820,-0.3206000992712732,-0.3909546917164749,0.0703545924452017
IFE,Joint analytic covariance,0,821,-0.5649851094102611,-0.5944752121687322,0.029490102758471082
IFE,Joint analytic covariance,0,822,-0.37733518812038225,-0.39357957759117035,0.0162443894707881
IFE,Joint analytic covariance,0,823,-0.44575321624486486,-0.49973884403163826,0.053985627786773405
IFE,Joint analytic covariance,0,824,-0.11653726738802728,-0.21627966242027097,0.09974239503224369
IFE,Joint analytic covariance,0,825,-0.5043729456000919,-0.528565480357181,0.024192534757089046
IFE,Joint analytic covariance,0,826,-0.45446266134891966,-0.46944788151734773,0.01498522016842807
IFE,Joint analytic covariance,0,827,-0.340196310812069,-0.34943653737476055,0.009240226562691523
IFE,Joint analytic covariance,0,828,-0.6529161119007152,-0.6436182933215895,-0.009297818579125705
IFE,Joint analytic covariance,0,829,-0.42100787718963606,-0.5061674769932616,0.08515959980362553
IFE,Joint analytic covariance,0,830,-0.20081994414265247,-0.21803793379565795,0.017217989653005472
IFE,Joint analytic covariance,0,831,-0.35860018312149866,-0.41627651071836,0.057676327596861365
IFE,Joint analytic covariance,0,832,-0.43425965686954104,-0.47173429243292697,0.03747463556338593
IFE,Joint analytic covariance,0,833,-0.15872710759439923,-0.258544835969465,0.09981772837506575
IFE,Joint analytic covariance,0,834,-0.33960474532363305,-0.35988384374196913,0.020279098418336083
IFE,Joint analytic covariance,0,835,-0.45732535541529307,-0.4688932714155639,0.01156791600027085
IFE,Joint analytic covariance,0,836,-0.17304976792635562,-0.2376726831494148,0.06462291522305919
IFE,Joint analytic covariance,0,837,-0.18276292230672242,-0.2078045698152866,0.02504164750856419
IFE,Joint analytic covariance,0,838,-0.21409003448963115,-0.29161090119636834,0.07752086670673719
IFE,Joint analytic covariance,0,839,-0.2853562879834587,-0.3302904070451316,0.044934119061672884
IFE,Joint analytic covariance,0,840,-0.42014444095226444,-0.45084242614934134,0.030697985197076894
IFE,Joint analytic covariance,0,841,-0.2824144785924999,-0.3054859824022278,0.02307150380972789
IFE,Joint analytic covariance,0,842,-0.24744627601732794,-0.3077875763117106,0.06034130029438267
IFE,Joint analytic covariance,0,843,-0.5283272930624404,-0.5577561587780433,0.02942886571560288
IFE,Joint analytic covariance,0,844,-0.5827547957813477,-0.6137029415381873,0.030948145756839573
IFE,Joint analytic covariance,0,845,-0.4686408392025593,-0.5085825994249439,0.039941760222384604
IFE,Joint analytic covariance,0,846,-0.7189619439753012,-0.7128035553639546,-0.006158388611346655
IFE,Joint analytic covariance,0,847,-0.16773215414831322,-0.2340805035106639,0.06634834936235068
IFE,Joint analytic covariance,0,848,-0.5231784664278163,-0.5898570941455089,0.06667862771769262
IFE,Joint analytic covariance,0,849,-0.5655362007813669,-0.5938815997753643,0.02834539899399735
IFE,Joint analytic covariance,0,850,-0.010389436954376441,-0.08320422964034702,0.07281479268597058
IFE,Joint analytic covariance,0,851,-0.4036993937941378,-0.4029861136512686,-7.132801428691993e-4
IFE,Joint analytic covariance,0,852,0.10629052977392184,6.051193898428675e-4,0.10568541038407897
IFE,Joint analytic covariance,0,853,-0.6097724118140282,-0.6413725327266262,0.031600120912598006
IFE,Joint analytic covariance,0,854,-0.5822618029394238,-0.5677126907449522,-0.014549112194471525
IFE,Joint analytic covariance,0,855,-0.3222314733806634,-0.3693437163405635,0.04711224295990013
IFE,Joint analytic covariance,0,856,-0.4902923488494677,-0.5123089866510656,0.022016637801597905
IFE,Joint analytic covariance,0,857,-0.40759095097645304,-0.4356432851758938,0.028052334199440754
IFE,Joint analytic covariance,0,858,-0.580646662597996,-0.6182246549823558,0.03757799238435977
IFE,Joint analytic covariance,0,859,-0.286502315656499,-0.33111342432544,0.044611108668941024
IFE,Joint analytic covariance,0,860,-0.4330608540353563,-0.4418960982688933,0.008835244233536987
IFE,Joint analytic covariance,0,861,-0.3113442996148319,-0.3513388756710345,0.0399945760562026
IFE,Joint analytic covariance,0,862,-0.42144649512816723,-0.4556430609794967,0.034196565851329463
IFE,Joint analytic covariance,0,863,-0.2103968933746868,-0.24321098718255107,0.032814093807864264
IFE,Joint analytic covariance,0,864,-0.3537026221923131,-0.38313272257343756,0.02943010038112448
IFE,Joint analytic covariance,0,865,-0.36116586860283084,-0.37066047952851044,0.009494610925679603
IFE,Joint analytic covariance,0,866,-0.33151836839344984,-0.3645516228722847,0.03303325447883487
IFE,Joint analytic covariance,0,867,-0.3797858288800723,-0.44838454515758375,0.06859871627751146
IFE,Joint analytic covariance,0,868,-0.3890280838527662,-0.4509257509024316,0.06189766704966537
IFE,Joint analytic covariance,0,869,-0.5778401705345276,-0.5980827003140765,0.02024252977954888
IFE,Joint analytic covariance,0,870,-0.555520740077164,-0.5776115737482497,0.022090833671085663
IFE,Joint analytic covariance,0,871,-0.4569228396684638,-0.5115688271197772,0.05464598745131344
IFE,Joint analytic covariance,0,872,-0.5245502927828996,-0.5340829841874002,0.009532691404500637
IFE,Joint analytic covariance,0,873,-0.4901134902390668,-0.5097905012239246,0.019677010984857746
IFE,Joint analytic covariance,0,874,-0.5787592647279107,-0.5802578449572722,0.0014985802293614459
IFE,Joint analytic covariance,0,875,-0.6012541830206118,-0.6169753868398369,0.015721203819225038
IFE,Joint analytic covariance,0,876,-0.46968446072061254,-0.5148902003089804,0.04520573958836782
IFE,Joint analytic covariance,0,877,-0.4753408732458533,-0.5492416843286879,0.07390081108283464
IFE,Joint analytic covariance,0,878,-0.44082642587660437,-0.4620892801227334,0.02126285424612906
IFE,Joint analytic covariance,0,879,-0.25887227971024596,-0.311329417683182,0.05245713797293605
IFE,Joint analytic covariance,0,880,-0.4477008023105693,-0.45872370089036785,0.011022898579798546
IFE,Joint analytic covariance,0,881,-0.3822494253053885,-0.43203944597089905,0.049790020665510526
IFE,Joint analytic covariance,0,882,-0.5558478416305224,-0.5804295163642624,0.024581674733740067
IFE,Joint analytic covariance,0,883,-0.28877104473983295,-0.34911452467684956,0.06034347993701661
IFE,Joint analytic covariance,0,884,-0.12387572238462341,-0.1822187632587079,0.058343040874084484
IFE,Joint analytic covariance,0,885,-0.5931823300686524,-0.6036938982092422,0.010511568140589844
IFE,Joint analytic covariance,0,886,-0.39430493259149224,-0.40696001252518466,0.012655079933692415
IFE,Joint analytic covariance,0,887,-0.4057799387148878,-0.3974017285030834,-0.008378210211804404
IFE,Joint analytic covariance,0,888,-0.4579675388680374,-0.4764712475816181,0.018503708713580647
IFE,Joint analytic covariance,0,889,-0.25203460595046157,-0.23437065210282026,-0.0176639538476413
IFE,Joint analytic covariance,0,890,-0.2624354965659864,-0.2743991132120114,0.011963616646024966
IFE,Joint analytic covariance,0,891,-0.4494557589057949,-0.4816655957189573,0.03220983681316236
IFE,Joint analytic covariance,0,892,-0.21975031887024676,-0.2676365276959479,0.04788620882570116
IFE,Joint analytic covariance,0,893,-0.18259255947256947,-0.240209132937102,0.05761657346453253
IFE,Joint analytic covariance,0,894,-0.3814545621392389,-0.42089968402309597,0.03944512188385707
IFE,Joint analytic covariance,0,895,-0.2909103764129697,-0.36994573370456585,0.07903535729159616
IFE,Joint analytic covariance,0,896,-0.1895158106133965,-0.2416167562262871,0.05210094561289058
IFE,Joint analytic covariance,0,897,-0.07903919713557028,-0.14393187777254002,0.06489268063696974
IFE,Joint analytic covariance,0,898,-0.20498153687470377,-0.2532453205771855,0.048263783702481744
IFE,Joint analytic covariance,0,899,-0.40402015131594626,-0.42214780040523603,0.018127649089289766
IFE,Joint analytic covariance,0,900,-0.2755294707454575,-0.35439621224782214,0.07886674150236461
IFE,Joint analytic covariance,0,901,-0.25939004666146426,-0.28059772761331636,0.021207680951852104
IFE,Joint analytic covariance,0,902,-0.3876310577636105,-0.36588688409944214,-0.021744173664168365
IFE,Joint analytic covariance,0,903,-0.4316858148157424,-0.4365063755426164,0.004820560726873979
IFE,Joint analytic covariance,0,904,-0.23342977797352016,-0.27390908873278785,0.040479310759267695
IFE,Joint analytic covariance,0,905,-0.20450347773598676,-0.2568401916757098,0.052336713939723056
IFE,Joint analytic covariance,0,906,-0.6114843475278913,-0.6154129288029287,0.003928581275037479
IFE,Joint analytic covariance,0,907,-0.28196083702089936,-0.3623937183899022,0.08043288136900284
IFE,Joint analytic covariance,0,908,-0.19619310894490305,-0.28608507757696244,0.0898919686320594
IFE,Joint analytic covariance,0,909,-0.36652584475835914,-0.4119175610978233,0.04539171633946415
IFE,Joint analytic covariance,0,910,-0.2876893157347271,-0.329187599884437,0.04149828414970991
IFE,Joint analytic covariance,0,911,-0.4341137161304144,-0.4775137316498086,0.04340001551939421
IFE,Joint analytic covariance,0,912,-0.25363484117352364,-0.26051624099487425,0.006881399821350609
IFE,Joint analytic covariance,0,913,-0.4688197794160981,-0.49074789298356214,0.021928113567464047
IFE,Joint analytic covariance,0,914,-0.40299906214726067,-0.39375318779581703,-0.00924587435144364
IFE,Joint analytic covariance,0,915,-0.07581705279299311,-0.18006335394009187,0.10424630114709876
IFE,Joint analytic covariance,0,916,-0.39315256984432156,-0.4205548075634955,0.02740223771917394
IFE,Joint analytic covariance,0,917,-0.34644382093317083,-0.3854825274505931,0.03903870651742225
IFE,Joint analytic covariance,0,918,-0.08149378687203634,-0.11320327620110482,0.031709489329068474
IFE,Joint analytic covariance,0,919,-0.6568814388465136,-0.6581123185369653,0.0012308796904516583
IFE,Joint analytic covariance,0,920,0.029455997521074195,-0.0828319143273536,0.11228791184842779
IFE,Joint analytic covariance,0,921,-0.2862648925370116,-0.3474045624970762,0.06113966996006459
IFE,Joint analytic covariance,0,922,-0.4529138264480538,-0.48023271030093895,0.027318883852885167
IFE,Joint analytic covariance,0,923,-0.5160119807065778,-0.534489032973948,0.018477052267370175
IFE,Joint analytic covariance,0,924,-0.42552933479321575,-0.4228334462609842,-0.0026958885322315718
IFE,Joint analytic covariance,0,925,-0.31015329921586043,-0.3767689676526713,0.06661566843681088
IFE,Joint analytic covariance,0,926,-0.495037602790641,-0.526105279212121,0.031067676421480006
IFE,Joint analytic covariance,0,927,-0.20090290665487265,-0.3132859148494387,0.11238300819456604
IFE,Joint analytic covariance,0,928,-0.08858910642146967,-0.15350002714065236,0.0649109207191827
IFE,Joint analytic covariance,0,929,-0.156857412499109,-0.2437392886763139,0.08688187617720489
IFE,Joint analytic covariance,0,930,-0.4410095009942844,-0.4520488839876031,0.011039382993318747
IFE,Joint analytic covariance,0,931,-0.31820792338664106,-0.34171869647694897,0.023510773090307913
IFE,Joint analytic covariance,0,932,-0.19033037809565978,-0.21320591788360654,0.022875539787946764
IFE,Joint analytic covariance,0,933,-0.47591816356884353,-0.5352514893490655,0.05933332578022199
IFE,Joint analytic covariance,0,934,-0.3831005152247352,-0.44882865452151943,0.06572813929678423
IFE,Joint analytic covariance,0,935,-0.5228818988681508,-0.5608578985791202,0.03797599971096932
IFE,Joint analytic covariance,0,936,-0.02770228999113966,-0.04282583154357178,0.015123541552432118
IFE,Joint analytic covariance,0,937,-0.48544700999865453,-0.49504232497498724,0.009595314976332703
IFE,Joint analytic covariance,0,938,-0.2555137387712717,-0.3100448934744554,0.054531154703183704
IFE,Joint analytic covariance,0,939,-0.6039834206416772,-0.6038000587110488,-1.8336193062840067e-4
IFE,Joint analytic covariance,0,940,-0.4498738969671803,-0.47073445589427687,0.020860558927096595
IFE,Joint analytic covariance,0,941,-0.3277927870778209,-0.3107404252366791,-0.017052361841141783
IFE,Joint analytic covariance,0,942,-0.241895333243339,-0.26228313769029743,0.020387804446958424
IFE,Joint analytic covariance,0,943,-0.3917837303939752,-0.4262298705436409,0.03444614014966574
IFE,Joint analytic covariance,0,944,-0.47354298361973457,-0.48430980808052737,0.010766824460792801
IFE,Joint analytic covariance,0,945,-0.3968705182552481,-0.41816602452567053,0.021295506270422426
IFE,Joint analytic covariance,0,946,-0.28725783346860434,-0.35095424735762004,0.0636964138890157
IFE,Joint analytic covariance,0,947,-0.3572713127102257,-0.4309675359284061,0.07369622321818037
IFE,Joint analytic covariance,0,948,0.6574610401261394,0.48034977284757185,0.17711126727856752
IFE,Joint analytic covariance,0,949,-0.13452408871623533,-0.21885331011110332,0.08432922139486798
IFE,Joint analytic covariance,0,950,-0.4950837571553489,-0.5368886325339102,0.04180487537856126
IFE,Joint analytic covariance,0,951,-0.646840841447659,-0.6366189429688014,-0.010221898478857572
IFE,Joint analytic covariance,0,952,-0.4791402811930894,-0.5019194984263442,0.022779217233254823
IFE,Joint analytic covariance,0,953,-0.08858527985151643,-0.11162369032279074,0.023038410471274307
IFE,Joint analytic covariance,0,954,-0.2742690269410618,-0.27884832478258714,0.004579297841525332
IFE,Joint analytic covariance,0,955,-0.5239336474355398,-0.5461680639180901,0.022234416482550312
IFE,Joint analytic covariance,0,956,-0.28590875681477623,-0.3231584043528125,0.03724964753803628
IFE,Joint analytic covariance,0,957,-0.0770875710366633,-0.09906748833866008,0.021979917301996776
IFE,Joint analytic covariance,0,958,-0.46781236188310205,-0.49331271422364664,0.025500352340544596
IFE,Joint analytic covariance,0,959,-0.2594797959573334,-0.28738121169217856,0.02790141573484517
IFE,Joint analytic covariance,0,960,-0.19133842366316944,-0.24172173430242727,0.05038331063925783
IFE,Joint analytic covariance,0,961,-0.5454361776895533,-0.5471259798925225,0.001689802202969215
IFE,Joint analytic covariance,0,962,-0.22149915179638402,-0.19950551264899774,-0.02199363914738628
IFE,Joint analytic covariance,0,963,-0.050642748950752936,-0.14082323065579117,0.09018048170503823
IFE,Joint analytic covariance,0,964,-0.2812400298639779,-0.29451294811516837,0.01327291825119048
IFE,Joint analytic covariance,0,965,-0.2472082631895145,-0.36606375470671915,0.11885549151720465
IFE,Joint analytic covariance,0,966,-0.4574922129197668,-0.4598122155634706,0.0023200026437038
IFE,Joint analytic covariance,0,967,-0.39219156596081783,-0.42081048094821183,0.028618914987393995
IFE,Joint analytic covariance,0,968,-0.37258512033702407,-0.37447668968616277,0.0018915693491386998
IFE,Joint analytic covariance,0,969,-0.546468954273836,-0.5675221065363096,0.021053152262473618
IFE,Joint analytic covariance,0,970,0.13517950717178362,0.08598405201257453,0.04919545515920909
IFE,Joint analytic covariance,0,971,-0.39647962313283447,-0.38678185569351053,-0.009697767439323934
IFE,Joint analytic covariance,0,972,-0.5907686083520773,-0.5692506207426545,-0.021517987609422806
IFE,Joint analytic covariance,0,973,-0.3436077689521584,-0.36558276135532397,0.021974992403165583
IFE,Joint analytic covariance,0,974,-0.26817766916470387,-0.3286069639403716,0.06042929477566772
IFE,Joint analytic covariance,0,975,-0.5080882709617816,-0.5305226453352212,0.022434374373439647
IFE,Joint analytic covariance,0,976,-0.6525663173774717,-0.6466241979619154,-0.005942119415556335
IFE,Joint analytic covariance,0,977,-0.41374731331738757,-0.46543571312153054,0.05168839980414297
IFE,Joint analytic covariance,0,978,0.8064657859428814,0.6010520722481945,0.20541371369468697
IFE,Joint analytic covariance,0,979,-0.129325572721538,-0.14643069163305555,0.01710511891151756
IFE,Joint analytic covariance,0,980,-0.5144781163063387,-0.5179684518203832,0.0034903355140445402
IFE,Joint analytic covariance,0,981,-0.6132002854802433,-0.640834751502138,0.027634466021894677
IFE,Joint analytic covariance,0,982,-0.6872719442741133,-0.6830531672814877,-0.004218776992625628
IFE,Joint analytic covariance,0,983,-0.5381704903828514,-0.5690064942400876,0.030836003857236283
IFE,Joint analytic covariance,0,984,-0.36474338976460285,-0.407086592296089,0.04234320253148616
IFE,Joint analytic covariance,0,985,-0.5498574130180658,-0.5444418709094262,-0.005415542108639593
IFE,Joint analytic covariance,0,986,-0.29561998343975593,-0.3431452529840131,0.047525269544257176
IFE,Joint analytic covariance,0,987,-0.438548458876417,-0.41421315924216107,-0.024335299634255958
IFE,Joint analytic covariance,0,988,-0.5606022390545264,-0.5855783087936917,0.02497606973916522
IFE,Joint analytic covariance,0,989,-0.47705963811571417,-0.4900976785778557,0.01303804046214152
IFE,Joint analytic covariance,0,990,-0.3965924062032924,-0.47237764678554806,0.07578524058225566
IFE,Joint analytic covariance,0,991,-0.3916756823917097,-0.36050832287261325,-0.031167359519096438
IFE,Joint analytic covariance,0,992,-0.4946233044606979,-0.5314955346887769,0.03687223022807895
IFE,Joint analytic covariance,0,993,-0.42805853985847375,-0.46607177061148575,0.038013230753011995
IFE,Joint analytic covariance,0,994,-0.4551740508761517,-0.44319223320040824,-0.011981817675743467
IFE,Joint analytic covariance,0,995,0.8155841387758844,0.8879911377787797,-0.07240699900289527
IFE,Joint analytic covariance,0,996,-0.07515720335119647,-0.11841708765942482,0.04325988430822836
IFE,Joint analytic covariance,0,997,-0.37865315547835343,-0.37287445780654505,-0.005778697671808386
IFE,Joint analytic covariance,0,998,-0.17238308060746532,-0.2114441314537684,0.03906105084630307
IFE,Joint analytic covariance,0,999,-0.23930703138773624,-0.29736101677352456,0.05805398538578832
IFE,Joint analytic covariance,0,1000,-0.3619596060886531,-0.4027946305688792,0.040835024480226134
IFE,Joint analytic covariance,1,1,-0.19263352512939313,-0.11890382453865544,-0.07372970059073769
IFE,Joint analytic covariance,1,2,-0.2959113746561508,-0.29956267976941187,0.0036513051132610608
IFE,Joint analytic covariance,1,3,-0.6167723112166451,-0.5704102300205642,-0.04636208119608087
IFE,Joint analytic covariance,1,4,-0.40528908644802863,-0.2963859006397651,-0.10890318580826353
IFE,Joint analytic covariance,1,5,-0.6733071474873096,-0.6510317362327654,-0.02227541125454413
IFE,Joint analytic covariance,1,6,-0.6268051760184192,-0.6109317885268102,-0.015873387491609048
IFE,Joint analytic covariance,1,7,-0.5987178444240827,-0.5792427857657867,-0.01947505865829602
IFE,Joint analytic covariance,1,8,-0.5879030176331863,-0.5840868324852215,-0.003816185147964779
IFE,Joint analytic covariance,1,9,-0.36580216059235493,-0.32874274207356513,-0.0370594185187898
IFE,Joint analytic covariance,1,10,-0.6205040201981042,-0.6344239108297449,0.013919890631640675
IFE,Joint analytic covariance,1,11,-0.5310959891196914,-0.5158213883730374,-0.015274600746653988
IFE,Joint analytic covariance,1,12,-0.7398754949688959,-0.7459463522739915,0.0060708573050956005
IFE,Joint analytic covariance,1,13,-0.5085464990280799,-0.4897283606494508,-0.018818138378629112
IFE,Joint analytic covariance,1,14,0.31871075939166915,0.4103207548242671,-0.09160999543259796
IFE,Joint analytic covariance,1,15,-0.4501814202586515,-0.4168110092292798,-0.03337041102937166
IFE,Joint analytic covariance,1,16,-0.4134229226019861,-0.4229358104067804,0.009512887804794312
IFE,Joint analytic covariance,1,17,-0.4136911824027164,-0.41643869736149297,0.0027475149587765646
IFE,Joint analytic covariance,1,18,-0.5094996786412337,-0.5335138725425859,0.024014193901352177
IFE,Joint analytic covariance,1,19,-0.5825091933410738,-0.5350741736317373,-0.0474350197093365
IFE,Joint analytic covariance,1,20,-0.034657279472107505,0.005359581011961101,-0.040016860484068606
IFE,Joint analytic covariance,1,21,-0.27579295125768755,-0.2124170867633819,-0.06337586449430566
IFE,Joint analytic covariance,1,22,-0.350506560443435,-0.33880803101845003,-0.01169852942498495
IFE,Joint analytic covariance,1,23,-0.6741500773572864,-0.674877649042958,7.27571685671613e-4
IFE,Joint analytic covariance,1,24,-0.3272813648242632,-0.27801493871940686,-0.04926642610485632
IFE,Joint analytic covariance,1,25,-0.7395489944016813,-0.7529834724184374,0.013434478016756124
IFE,Joint analytic covariance,1,26,-0.5670889971931933,-0.5673515816193799,2.625844261866517e-4
IFE,Joint analytic covariance,1,27,-0.3792435182168693,-0.36542943609550527,-0.013814082121364035
IFE,Joint analytic covariance,1,28,0.20450467377774184,0.2825174675970308,-0.07801279381928894
IFE,Joint analytic covariance,1,29,-0.5121120340099139,-0.5005657000691424,-0.011546333940771536
IFE,Joint analytic covariance,1,30,-0.499583784863328,-0.5257686570797464,0.02618487221641841
IFE,Joint analytic covariance,1,31,-0.41395276746146403,-0.40942814029992014,-0.004524627161543893
IFE,Joint analytic covariance,1,32,-0.6455013396693832,-0.6415432349457758,-0.0039581047236073585
IFE,Joint analytic covariance,1,33,0.304940957321274,0.3890347477227578,-0.08409379040148379
IFE,Joint analytic covariance,1,34,-0.5504200195728215,-0.5489796359389689,-0.001440383633852571
IFE,Joint analytic covariance,1,35,-0.6825165234426886,-0.6772861640705925,-0.005230359372096149
IFE,Joint analytic covariance,1,36,-0.1903007200026816,-0.3272744604017639,0.13697374039908228
IFE,Joint analytic covariance,1,37,0.20593378701743803,0.358874855986169,-0.15294106896873094
IFE,Joint analytic covariance,1,38,-0.5884157955863494,-0.5762280472995063,-0.012187748286843103
IFE,Joint analytic covariance,1,39,-0.2912080749401561,-0.20193759696576308,-0.08927047797439303
IFE,Joint analytic covariance,1,40,-0.17915071677655292,-0.16640898122476833,-0.012741735551784594
IFE,Joint analytic covariance,1,41,-0.7432133162298047,-0.72967483520584,-0.01353848102396471
IFE,Joint analytic covariance,1,42,-0.39725739519029724,-0.3979807729548498,7.233777645525574e-4
IFE,Joint analytic covariance,1,43,-0.4817664305084802,-0.4443128736800557,-0.03745355682842455
IFE,Joint analytic covariance,1,44,-0.29024846618815037,-0.29428849333084606,0.00404002714269569
IFE,Joint analytic covariance,1,45,-0.5925429589185626,-0.5582999042042831,-0.034243054714279464
IFE,Joint analytic covariance,1,46,-0.38576892992481415,-0.3575266421996005,-0.028242287725213644
IFE,Joint analytic covariance,1,47,-0.3143370634991326,-0.29739225052373064,-0.016944812975401957
IFE,Joint analytic covariance,1,48,-0.398619784990063,-0.3856692363065747,-0.012950548683488328
IFE,Joint analytic covariance,1,49,-0.2916249974541759,-0.30239614374661283,0.010771146292436917
IFE,Joint analytic covariance,1,50,-0.48830078945757227,-0.43887811062308024,-0.04942267883449203
IFE,Joint analytic covariance,1,51,-0.6290032864253081,-0.6267320553739925,-0.0022712310513156586
IFE,Joint analytic covariance,1,52,-0.7931072990303191,-0.7925824961759711,-5.248028543479721e-4
IFE,Joint analytic covariance,1,53,-0.640375309664655,-0.6287599592387733,-0.011615350425881688
IFE,Joint analytic covariance,1,54,-0.0316694599767775,0.039344646105142544,-0.07101410608192005
IFE,Joint analytic covariance,1,55,-0.5697825287265637,-0.5215722518281611,-0.048210276898402515
IFE,Joint analytic covariance,1,56,0.15943481356383682,-0.05520318137129254,0.21463799493512936
IFE,Joint analytic covariance,1,57,-0.36417507978610564,-0.36915555593809146,0.004980476151985824
IFE,Joint analytic covariance,1,58,-0.2792576417147844,-0.24485359341529167,-0.03440404829949273
IFE,Joint analytic covariance,1,59,-0.42813363770889756,-0.4546841791145826,0.026550541405685024
IFE,Joint analytic covariance,1,60,-0.5183165966042959,-0.5445669457768056,0.02625034917250979
IFE,Joint analytic covariance,1,61,-0.12517432159732855,-0.054469015471792726,-0.07070530612553583
IFE,Joint analytic covariance,1,62,-0.5516954969441549,-0.4980555766798458,-0.05363992026430908
IFE,Joint analytic covariance,1,63,-0.16724641181394384,-0.17345038340644314,0.006203971592499302
IFE,Joint analytic covariance,1,64,-0.6660359681568668,-0.657053011201377,-0.008982956955489785
IFE,Joint analytic covariance,1,65,-0.5642546581614281,-0.5362172498930879,-0.028037408268340114
IFE,Joint analytic covariance,1,66,-0.19497621118885478,-0.26813504682639855,0.07315883563754377
IFE,Joint analytic covariance,1,67,-0.7299351231959643,-0.7351288111188453,0.005193687922880996
IFE,Joint analytic covariance,1,68,-0.3904115710826366,-0.39430744423540653,0.0038958731527699575
IFE,Joint analytic covariance,1,69,-0.5049747666241071,-0.581500064351604,0.07652529772749683
IFE,Joint analytic covariance,1,70,-0.4503027607506389,-0.4274257347755679,-0.02287702597507102
IFE,Joint analytic covariance,1,71,-0.41177648760982843,-0.4280139185362509,0.01623743092642249
IFE,Joint analytic covariance,1,72,-0.2410948278832259,-0.23185314247286548,-0.009241685410360412
IFE,Joint analytic covariance,1,73,-0.42967423009684713,-0.3832862503385057,-0.04638797975834141
IFE,Joint analytic covariance,1,74,-0.7007323394991423,-0.6830135642536322,-0.01771877524551002
IFE,Joint analytic covariance,1,75,-0.5127788719123024,-0.47715583339726375,-0.035623038515038674
IFE,Joint analytic covariance,1,76,-0.4540036585560703,-0.4292443060913085,-0.024759352464761797
IFE,Joint analytic covariance,1,77,-0.13002343754099477,-0.31229176100225253,0.18226832346125776
IFE,Joint analytic covariance,1,78,-0.15242586925015167,-0.2503883334079223,0.09796246415777066
IFE,Joint analytic covariance,1,79,-0.1113204294251855,-0.11325023131879852,0.0019298018936130257
IFE,Joint analytic covariance,1,80,0.08091497550568705,0.08711822368914945,-0.0062032481834624065
IFE,Joint analytic covariance,1,81,-0.5624238378472401,-0.5862283551519695,0.023804517304729322
IFE,Joint analytic covariance,1,82,-0.2808829959142519,-0.238745499978116,-0.042137495936135916
IFE,Joint analytic covariance,1,83,-0.6832367730732631,-0.6299400372816699,-0.05329673579159322
IFE,Joint analytic covariance,1,84,-0.3742097608230964,-0.37473499789011766,5.252370670212336e-4
IFE,Joint analytic covariance,1,85,-0.5499797129720494,-0.5578920157730041,0.007912302800954674
IFE,Joint analytic covariance,1,86,-0.691114129644619,-0.6724235352626877,-0.018690594381931325
IFE,Joint analytic covariance,1,87,-0.4666810667964042,-0.45522276137784545,-0.011458305418558745
IFE,Joint analytic covariance,1,88,-0.6467456598819983,-0.6474963537740843,7.506938920860406e-4
IFE,Joint analytic covariance,1,89,-0.22787849991921183,-0.2055733899926958,-0.02230510992651602
IFE,Joint analytic covariance,1,90,-0.5088045030888688,-0.5808491353428967,0.07204463225402791
IFE,Joint analytic covariance,1,91,-0.37431653890479466,-0.4002686401822758,0.025952101277481154
IFE,Joint analytic covariance,1,92,0.22947683347291958,0.23648405135244732,-0.0070072178795277384
IFE,Joint analytic covariance,1,93,-0.32252135986351393,-0.3049643666741405,-0.017556993189373427
IFE,Joint analytic covariance,1,94,-0.5149102634173042,-0.4701618481994133,-0.04474841521789086
IFE,Joint analytic covariance,1,95,-0.127495570575772,-0.13420000177130098,0.006704431195528993
IFE,Joint analytic covariance,1,96,-0.25917846250142806,-0.21892232066217743,-0.040256141839250636
IFE,Joint analytic covariance,1,97,-0.015028305158298116,0.10805087213299647,-0.12307917729129458
IFE,Joint analytic covariance,1,98,0.06895876125947331,0.003173621654998904,0.06578513960447441
IFE,Joint analytic covariance,1,99,-0.6141368366644442,-0.6050741754697144,-0.00906266119472976
IFE,Joint analytic covariance,1,100,-0.5177993818819691,-0.508128342482619,-0.009671039399350101
IFE,Joint analytic covariance,1,101,-0.6338974257669496,-0.6817341036373049,0.04783667787035528
IFE,Joint analytic covariance,1,102,-0.6765938982035513,-0.6796569948816485,0.0030630966780972324
IFE,Joint analytic covariance,1,103,-0.282495730959728,-0.23856388264277317,-0.04393184831695485
IFE,Joint analytic covariance,1,104,-0.5462413538924653,-0.5172253747599257,-0.029015979132539615
IFE,Joint analytic covariance,1,105,1.87555369693726e-4,-0.03987128320225286,0.04005883857194659
IFE,Joint analytic covariance,1,106,-0.7093026077450845,-0.703456523341986,-0.005846084403098417
IFE,Joint analytic covariance,1,107,0.269027178597399,0.30856951738943295,-0.03954233879203395
IFE,Joint analytic covariance,1,108,-0.2394383881478005,-0.2589369023421727,0.019498514194372207
IFE,Joint analytic covariance,1,109,-0.561106566301004,-0.5637438441895404,0.0026372778885364045
IFE,Joint analytic covariance,1,110,-0.5732021596778962,-0.5840513320644277,0.010849172386531492
IFE,Joint analytic covariance,1,111,-0.3023704002808173,-0.3109674272330516,0.008597026952234299
IFE,Joint analytic covariance,1,112,-0.25485530620824526,-0.21944958891487765,-0.03540571729336761
IFE,Joint analytic covariance,1,113,-0.6152896824968289,-0.5973648519701771,-0.017924830526651836
IFE,Joint analytic covariance,1,114,-0.6796668416496503,-0.6721391675579027,-0.007527674091747594
IFE,Joint analytic covariance,1,115,-0.46150787505458046,-0.4681768579425136,0.006668982887933161
IFE,Joint analytic covariance,1,116,-0.43625063564545175,-0.4109561791326213,-0.025294456512830465
IFE,Joint analytic covariance,1,117,-0.5667514338352362,-0.5325717471522602,-0.034179686682975996
IFE,Joint analytic covariance,1,118,-0.039851005021627084,0.013403726874258393,-0.053254731895885477
IFE,Joint analytic covariance,1,119,-0.45709321028373306,-0.47412495988219516,0.017031749598462098
IFE,Joint analytic covariance,1,120,-0.5799196430913486,-0.5592926322383467,-0.020627010853001893
IFE,Joint analytic covariance,1,121,-0.6894238195510832,-0.6554089341349898,-0.03401488541609343
IFE,Joint analytic covariance,1,122,-0.6515809350441157,-0.6538048890304091,0.002223953986293381
IFE,Joint analytic covariance,1,123,-0.4199261335713662,-0.43836256508411275,0.018436431512746543
IFE,Joint analytic covariance,1,124,-0.45151618179106956,-0.44032807344353275,-0.011188108347536807
IFE,Joint analytic covariance,1,125,-0.3101636237668962,-0.3080654170496885,-0.002098206717207729
IFE,Joint analytic covariance,1,126,-0.6367540133112983,-0.6307987465191095,-0.005955266792188829
IFE,Joint analytic covariance,1,127,-0.4478937631614758,-0.43673027437424283,-0.011163488787232945
IFE,Joint analytic covariance,1,128,-0.44357579638192757,-0.4643385018202121,0.020762705438284512
IFE,Joint analytic covariance,1,129,-0.667039981367004,-0.671486552116968,0.004446570749963907
IFE,Joint analytic covariance,1,130,-0.519427183987676,-0.5211765430682529,0.00174935908057694
IFE,Joint analytic covariance,1,131,-0.7457968427970987,-0.7392642302486272,-0.006532612548471484
IFE,Joint analytic covariance,1,132,-0.6889249837049152,-0.6539177289358793,-0.03500725476903588
IFE,Joint analytic covariance,1,133,-0.6102696005599002,-0.5867450355679549,-0.02352456499194533
IFE,Joint analytic covariance,1,134,-0.7720256099613898,-0.7605560971224812,-0.011469512838908624
IFE,Joint analytic covariance,1,135,-0.6255841127399477,-0.6332710112690911,0.007686898529143393
IFE,Joint analytic covariance,1,136,-0.4537680806585602,-0.39958621531837446,-0.054181865340185764
IFE,Joint analytic covariance,1,137,-0.3572747054690478,-0.3299183098732449,-0.02735639559580294
IFE,Joint analytic covariance,1,138,-0.5199358796405282,-0.5095545481389401,-0.010381331501588154
IFE,Joint analytic covariance,1,139,-0.49149310516577027,-0.46941420505552167,-0.0220789001102486
IFE,Joint analytic covariance,1,140,-0.5139265838012038,-0.5246076860817974,0.010681102280593602
IFE,Joint analytic covariance,1,141,-0.6254927723294929,-0.6131352272702482,-0.01235754505924469
IFE,Joint analytic covariance,1,142,-0.4936898972020537,-0.43453147403013326,-0.05915842317192044
IFE,Joint analytic covariance,1,143,-0.006415350452712132,0.0012116029919491123,-0.007626953444661244
IFE,Joint analytic covariance,1,144,-0.4691397014210813,-0.4472998223058774,-0.02183987911520391
IFE,Joint analytic covariance,1,145,-0.6082871264823572,-0.6261866667967453,0.017899540314388118
IFE,Joint analytic covariance,1,146,-0.4842297200329756,-0.4678670279752808,-0.016362692057694805
IFE,Joint analytic covariance,1,147,-0.29925995459439425,-0.30660742227075577,0.007347467676361519
IFE,Joint analytic covariance,1,148,-0.5392525373876664,-0.5019948743064031,-0.037257663081263326
IFE,Joint analytic covariance,1,149,-0.3167653474613159,-0.20623059856297776,-0.11053474889833814
IFE,Joint analytic covariance,1,150,-0.1152746656436201,-0.09094250415813065,-0.024332161485489445
IFE,Joint analytic covariance,1,151,-0.33371303174121936,-0.32814749151550127,-0.005565540225718091
IFE,Joint analytic covariance,1,152,0.8247090342807617,0.7013232238964764,0.12338581038428531
IFE,Joint analytic covariance,1,153,-0.29083510413628455,-0.31775608514624787,0.02692098100996332
IFE,Joint analytic covariance,1,154,-0.6146447809891704,-0.5889132335346074,-0.025731547454562964
IFE,Joint analytic covariance,1,155,-0.3655677287275584,-0.3328899434900263,-0.032677785237532064
IFE,Joint analytic covariance,1,156,-0.22221496764792403,-0.2195291141997998,-0.0026858534481242202
IFE,Joint analytic covariance,1,157,-0.568907595855817,-0.5375318001771527,-0.03137579567866422
IFE,Joint analytic covariance,1,158,0.35189051189378007,0.39708743483475173,-0.04519692294097166
IFE,Joint analytic covariance,1,159,-0.5460830363420306,-0.5404553327315144,-0.005627703610516233
IFE,Joint analytic covariance,1,160,-0.5143542573213177,-0.5467257020818712,0.032371444760553536
IFE,Joint analytic covariance,1,161,-0.19736757756555756,-0.17005834953373644,-0.02730922803182112
IFE,Joint analytic covariance,1,162,-0.5942783514167247,-0.5955393558493534,0.0012610044326286651
IFE,Joint analytic covariance,1,163,-0.6526394512498828,-0.6384682787580473,-0.014171172491835415
IFE,Joint analytic covariance,1,164,-0.6814438348933385,-0.6840082994976189,0.002564464604280392
IFE,Joint analytic covariance,1,165,-0.4255788989347786,-0.37135396363393314,-0.05422493530084549
IFE,Joint analytic covariance,1,166,0.24354864191991066,0.22258971886019485,0.020958923059715806
IFE,Joint analytic covariance,1,167,-0.4805680441601967,-0.5205420177561446,0.0399739735959479
IFE,Joint analytic covariance,1,168,-0.29186635831826624,-0.2953209373750859,0.0034545790568196733
IFE,Joint analytic covariance,1,169,0.4557468770434845,0.4967650284073557,-0.041018151363871214
IFE,Joint analytic covariance,1,170,-0.5286514717865967,-0.520502467543637,-0.008149004242959612
IFE,Joint analytic covariance,1,171,-0.22519687078715256,-0.2286371153921496,0.0034402446049970337
IFE,Joint analytic covariance,1,172,-0.527641893984576,-0.4957797526684665,-0.03186214131610943
IFE,Joint analytic covariance,1,173,-0.6156552772872128,-0.6087334798886594,-0.006921797398553364
IFE,Joint analytic covariance,1,174,-0.5806391204215574,-0.5542165686922309,-0.026422551729326504
IFE,Joint analytic covariance,1,175,-0.4455871296135102,-0.4543468642821875,0.0087597346686773
IFE,Joint analytic covariance,1,176,-0.5529726501548791,-0.5532546188795295,2.8196872465047207e-4
IFE,Joint analytic covariance,1,177,-0.37091452760069943,-0.36766905683083295,-0.0032454707698664764
IFE,Joint analytic covariance,1,178,-0.4431074403553835,-0.4577550404192313,0.014647600063847799
IFE,Joint analytic covariance,1,179,0.15581577270583868,0.1665516117831911,-0.010735839077352427
IFE,Joint analytic covariance,1,180,-0.6001395773580479,-0.5982559598032585,-0.0018836175547893852
IFE,Joint analytic covariance,1,181,0.14213927385329583,0.09417550806328934,0.047963765790006496
IFE,Joint analytic covariance,1,182,-0.37739051609727536,-0.3944276406294329,0.017037124532157555
IFE,Joint analytic covariance,1,183,-0.25103728283565785,-0.24068784419562095,-0.010349438640036901
IFE,Joint analytic covariance,1,184,-0.16200495348508925,-0.17335253666479222,0.01134758317970297
IFE,Joint analytic covariance,1,185,0.11271740219712512,-0.006260548924588716,0.11897795112171383
IFE,Joint analytic covariance,1,186,-0.4366458064395934,-0.4237094044580324,-0.012936401981560985
IFE,Joint analytic covariance,1,187,0.5951381687216966,0.2856493105470883,0.30948885817460825
IFE,Joint analytic covariance,1,188,-0.4031084886755001,-0.2953739896109455,-0.10773449906455457
IFE,Joint analytic covariance,1,189,-0.2489002103472735,-0.21256182095113885,-0.03633838939613465
IFE,Joint analytic covariance,1,190,-0.13839524497527855,-0.06401341968809726,-0.07438182528718129
IFE,Joint analytic covariance,1,191,-0.30165545203367605,-0.34854900841300107,0.04689355637932502
IFE,Joint analytic covariance,1,192,-0.06622404108643931,-0.01446086214887743,-0.05176317893756188
IFE,Joint analytic covariance,1,193,-0.5776893047390845,-0.5717292047334743,-0.005960100005610203
IFE,Joint analytic covariance,1,194,-0.35411013744705633,-0.346698642627144,-0.007411494819912323
IFE,Joint analytic covariance,1,195,-0.4027175457754316,-0.39169686727891095,-0.011020678496520664
IFE,Joint analytic covariance,1,196,-0.45431876527438864,-0.45151055274404606,-0.0028082125303425798
IFE,Joint analytic covariance,1,197,-0.5367924553332057,-0.5391972790827693,0.0024048237495635227
IFE,Joint analytic covariance,1,198,-0.4266036079376827,-0.3953079119882379,-0.03129569594944481
IFE,Joint analytic covariance,1,199,-0.286405278414957,-0.36228039005823787,0.07587511164328087
IFE,Joint analytic covariance,1,200,-0.6587819444202034,-0.6523258389046382,-0.006456105515565191
IFE,Joint analytic covariance,1,201,-0.21896206957172415,-0.2115796402187834,-0.007382429352940756
IFE,Joint analytic covariance,1,202,-0.503773724259617,-0.5139413692803403,0.010167645020723315
IFE,Joint analytic covariance,1,203,0.14557895455526437,0.16659570898041354,-0.021016754425149164
IFE,Joint analytic covariance,1,204,-0.5690997207929427,-0.5580303350288268,-0.011069385764115869
IFE,Joint analytic covariance,1,205,-0.17397563787153048,-0.16603417391614606,-0.00794146395538442
IFE,Joint analytic covariance,1,206,-0.5465300152380217,-0.588088547647352,0.04155853240933027
IFE,Joint analytic covariance,1,207,0.15316676336269053,0.20177456848762132,-0.04860780512493079
IFE,Joint analytic covariance,1,208,-0.604972342090321,-0.598145629816614,-0.006826712273707014
IFE,Joint analytic covariance,1,209,-0.46080100326541296,-0.4640375206276218,0.0032365173622088683
IFE,Joint analytic covariance,1,210,-0.495797321049708,-0.47680603988300696,-0.018991281166701013
IFE,Joint analytic covariance,1,211,-0.6301208394270477,-0.5940753091248347,-0.036045530302212914
IFE,Joint analytic covariance,1,212,-0.39665583260965587,-0.46637714327362945,0.06972131066397358
IFE,Joint analytic covariance,1,213,-0.5059064146822572,-0.5041793341964398,-0.0017270804858173783
IFE,Joint analytic covariance,1,214,-0.3270335976789044,-0.3000024378619235,-0.0270311598169809
IFE,Joint analytic covariance,1,215,0.5254503314424999,0.44378563517172465,0.08166469627077522
IFE,Joint analytic covariance,1,216,-0.537712797093258,-0.5280073482607235,-0.009705448832534547
IFE,Joint analytic covariance,1,217,-0.6220565034774189,-0.6311780812372109,0.009121577759791943
IFE,Joint analytic covariance,1,218,-0.3356715457252075,-0.3313881455893748,-0.004283400135832727
IFE,Joint analytic covariance,1,219,-0.3792563862793724,-0.36968330146958706,-0.00957308480978536
IFE,Joint analytic covariance,1,220,-0.6494734692093498,-0.6499610374516052,4.875682422553762e-4
IFE,Joint analytic covariance,1,221,-0.6368058022687224,-0.6043004591335535,-0.03250534313516895
IFE,Joint analytic covariance,1,222,-0.2346336558710228,-0.3435498434204304,0.10891618754940757
IFE,Joint analytic covariance,1,223,-0.7025673657033111,-0.6899254960728244,-0.012641869630486746
IFE,Joint analytic covariance,1,224,-0.2123317548289999,-0.13591143730891153,-0.07642031752008838
IFE,Joint analytic covariance,1,225,-0.6372640351663024,-0.6246665755577028,-0.012597459608599593
IFE,Joint analytic covariance,1,226,-0.6257287241244146,-0.6155767195480477,-0.010152004576366891
IFE,Joint analytic covariance,1,227,-0.1289699344311629,-0.11927374282110059,-0.009696191610062299
IFE,Joint analytic covariance,1,228,-0.24449941104644102,-0.24728574527278802,0.002786334226346998
IFE,Joint analytic covariance,1,229,-0.03215247636763885,0.004891759591489464,-0.03704423595912831
IFE,Joint analytic covariance,1,230,-0.5670370832077762,-0.5275878181668455,-0.039449265040930714
IFE,Joint analytic covariance,1,231,-0.026598937920433663,0.008348698897797435,-0.0349476368182311
IFE,Joint analytic covariance,1,232,-0.48995548985425696,-0.471232226039611,-0.018723263814645952
IFE,Joint analytic covariance,1,233,-0.5546483195890554,-0.5275173717393553,-0.02713094784970005
IFE,Joint analytic covariance,1,234,-0.44219073786278595,-0.45101468241976683,0.008823944556980878
IFE,Joint analytic covariance,1,235,-0.45956407019396395,-0.46109371825161505,0.0015296480576511007
IFE,Joint analytic covariance,1,236,-0.7410202364668856,-0.7295664541680418,-0.011453782298843862
IFE,Joint analytic covariance,1,237,-0.21772276107208077,-0.1762337388411931,-0.041489022230887684
IFE,Joint analytic covariance,1,238,-0.3862691059807837,-0.38062713820062166,-0.005641967780162016
IFE,Joint analytic covariance,1,239,-0.6289189629685294,-0.6112407837521012,-0.017678179216428225
IFE,Joint analytic covariance,1,240,-0.4847995478755287,-0.45182081419710907,-0.032978733678419636
IFE,Joint analytic covariance,1,241,-0.3679661340481357,-0.3636131455712035,-0.004352988476932218
IFE,Joint analytic covariance,1,242,-0.23410833890772664,-0.20489927351784465,-0.029209065389881994
IFE,Joint analytic covariance,1,243,-0.4297083008685323,-0.38631434855788516,-0.04339395231064713
IFE,Joint analytic covariance,1,244,-0.44403025702208965,-0.41522019015837197,-0.028810066863717676
IFE,Joint analytic covariance,1,245,-0.26009438680472585,-0.24612696387733846,-0.013967422927387396
IFE,Joint analytic covariance,1,246,-0.42657037662739394,-0.40920901636329576,-0.01736136026409818
IFE,Joint analytic covariance,1,247,-0.17990589742859187,-0.17749675898253414,-0.0024091384460577236
IFE,Joint analytic covariance,1,248,-0.6478718609997633,-0.6540143756961405,0.006142514696377166
IFE,Joint analytic covariance,1,249,0.6445829687893991,0.6347722320714821,0.00981073671791699
IFE,Joint analytic covariance,1,250,-0.6090828289818586,-0.5794182319415019,-0.029664597040356733
IFE,Joint analytic covariance,1,251,-0.5038077350476755,-0.5050062255638709,0.0011984905161953607
IFE,Joint analytic covariance,1,252,-0.3113898362042211,-0.30279715161704057,-0.008592684587180544
IFE,Joint analytic covariance,1,253,-0.15060709942522976,-0.15546651586518412,0.004859416439954356
IFE,Joint analytic covariance,1,254,-0.26253608656121574,-0.22505552088832814,-0.0374805656728876
IFE,Joint analytic covariance,1,255,-0.4634852496488321,-0.48920674844700607,0.02572149879817398
IFE,Joint analytic covariance,1,256,-0.48061372634844257,-0.4673653897756537,-0.013248336572788899
IFE,Joint analytic covariance,1,257,-0.4315460420154519,-0.3864769915687297,-0.04506905044672216
IFE,Joint analytic covariance,1,258,-0.438456836922019,-0.3980883162134594,-0.04036852070855956
IFE,Joint analytic covariance,1,259,-0.5073152922780423,-0.579254522149988,0.07193922987194568
IFE,Joint analytic covariance,1,260,-0.35664244081288354,-0.37824463496838445,0.02160219415550091
IFE,Joint analytic covariance,1,261,-0.40551168850034547,-0.45405985254653103,0.04854816404618556
IFE,Joint analytic covariance,1,262,-0.5013064710624658,-0.46253729705143,-0.038769174011035856
IFE,Joint analytic covariance,1,263,-0.28163360682177796,-0.3234049967381146,0.041771389916336665
IFE,Joint analytic covariance,1,264,-0.31737669885920505,-0.3297237842774027,0.012347085418197623
IFE,Joint analytic covariance,1,265,-0.4977831145787167,-0.4785083195343385,-0.019274795044378235
IFE,Joint analytic covariance,1,266,-0.07794407855342123,-0.061545466920066905,-0.01639861163335432
IFE,Joint analytic covariance,1,267,-0.514562433693494,-0.49667779610592,-0.01788463758757397
IFE,Joint analytic covariance,1,268,-0.4204310780621656,-0.42303549679571917,0.0026044187335535485
IFE,Joint analytic covariance,1,269,0.049627285648357056,0.04763466458906329,0.0019926210592937643
IFE,Joint analytic covariance,1,270,0.3657896491133119,0.36299832408806676,0.0027913250252451505
IFE,Joint analytic covariance,1,271,-0.39816354910979146,-0.4038704403496939,0.005706891239902423
IFE,Joint analytic covariance,1,272,0.5950949590852048,0.48976505774946344,0.10532990133574138
IFE,Joint analytic covariance,1,273,-0.5741587460589537,-0.5811141485708271,0.006955402511873432
IFE,Joint analytic covariance,1,274,-0.13416272292638687,-0.13527694099525878,0.0011142180688719083
IFE,Joint analytic covariance,1,275,-0.4511821890493427,-0.45950277379887206,0.008320584749529347
IFE,Joint analytic covariance,1,276,-0.6660026155151528,-0.6587527618356865,-0.007249853679466289
IFE,Joint analytic covariance,1,277,-0.5282896174614375,-0.5186903039336519,-0.009599313527785647
IFE,Joint analytic covariance,1,278,-0.6059132757012786,-0.6263515925275673,0.020438316826288716
IFE,Joint analytic covariance,1,279,-0.4934940239205553,-0.49428918812571176,7.951642051564622e-4
IFE,Joint analytic covariance,1,280,-0.6950162929607423,-0.699763481622604,0.004747188661861745
IFE,Joint analytic covariance,1,281,-0.39931741304796264,-0.41251861865000616,0.01320120560204352
IFE,Joint analytic covariance,1,282,-0.27432884264301693,-0.2539197469113321,-0.020409095731684812
IFE,Joint analytic covariance,1,283,-0.6959098722556057,-0.7086165673956228,0.012706695140017099
IFE,Joint analytic covariance,1,284,-0.5002646991031534,-0.4920524136081281,-0.008212285495025284
IFE,Joint analytic covariance,1,285,0.06200463166029757,0.10379711502493216,-0.04179248336463459
IFE,Joint analytic covariance,1,286,-0.6966021323812635,-0.6989049238759844,0.0023027914947209016
IFE,Joint analytic covariance,1,287,-0.6221746632117293,-0.6018736268175224,-0.020301036394206884
IFE,Joint analytic covariance,1,288,-0.6446561032592748,-0.6245063812382095,-0.020149722021065353
IFE,Joint analytic covariance,1,289,-0.6115141818850123,-0.5945419764638276,-0.016972205421184716
IFE,Joint analytic covariance,1,290,-0.41209480789928876,-0.3903069488169181,-0.021787859082370686
IFE,Joint analytic covariance,1,291,-0.40674063069876554,-0.5235087849088813,0.11676815421011577
IFE,Joint analytic covariance,1,292,-0.5342590800033697,-0.5541845545862711,0.019925474582901392
IFE,Joint analytic covariance,1,293,-0.614999596662233,-0.6176487965517875,0.0026491998895544766
IFE,Joint analytic covariance,1,294,-0.20538859819318822,-0.24809441674215715,0.04270581854896893
IFE,Joint analytic covariance,1,295,-0.10947421280321612,-0.11863174465989701,0.00915753185668089
IFE,Joint analytic covariance,1,296,-0.6338800210691491,-0.6336994474955966,-1.8057357355250048e-4
IFE,Joint analytic covariance,1,297,-0.47202513611601415,-0.41478860952930807,-0.05723652658670608
IFE,Joint analytic covariance,1,298,0.09288085311804095,0.12312407561295546,-0.030243222494914512
IFE,Joint analytic covariance,1,299,-0.25048573938508,-0.30542524943772265,0.05493951005264264
IFE,Joint analytic covariance,1,300,-0.42364658572925495,-0.41640647420326937,-0.007240111525985582
IFE,Joint analytic covariance,1,301,-0.690346219365159,-0.686937005865835,-0.003409213499324104
IFE,Joint analytic covariance,1,302,-0.3483413236939663,-0.325685427363524,-0.022655896330442293
IFE,Joint analytic covariance,1,303,-0.4130561750163877,-0.3996666077612675,-0.013389567255120194
IFE,Joint analytic covariance,1,304,-0.5283162688280378,-0.5989272220679575,0.07061095323991962
IFE,Joint analytic covariance,1,305,-0.45370139983366264,-0.4244631526527971,-0.02923824718086554
IFE,Joint analytic covariance,1,306,-0.5287531418852538,-0.5098692795142887,-0.018883862370965065
IFE,Joint analytic covariance,1,307,-0.5209205171291397,-0.5138303045965907,-0.007090212532548934
IFE,Joint analytic covariance,1,308,-0.421124644164129,-0.4107750637555968,-0.010349580408532177
IFE,Joint analytic covariance,1,309,-0.5723872116288752,-0.5565430003957376,-0.015844211233137617
IFE,Joint analytic covariance,1,310,-0.4943232551131337,-0.46251900634988474,-0.031804248763248943
IFE,Joint analytic covariance,1,311,-0.2775690819339237,-0.2653952773153613,-0.012173804618562434
IFE,Joint analytic covariance,1,312,-0.47712449160476234,-0.5617114334470173,0.08458694184225501
IFE,Joint analytic covariance,1,313,-0.6551026723910036,-0.6592304068202146,0.004127734429210994
IFE,Joint analytic covariance,1,314,-0.4803583208151173,-0.43116528260067977,-0.049193038214437546
IFE,Joint analytic covariance,1,315,-0.5721070537338271,-0.5625036801136372,-0.009603373620189926
IFE,Joint analytic covariance,1,316,-0.5970658313312217,-0.5799899997054998,-0.017075831625721904
IFE,Joint analytic covariance,1,317,-0.6483649494105868,-0.6259930697424799,-0.02237187966810683
IFE,Joint analytic covariance,1,318,-0.7126618598497294,-0.7234900976684626,0.01082823781873321
IFE,Joint analytic covariance,1,319,-0.4814766810316391,-0.4962659294532258,0.014789248421586687
IFE,Joint analytic covariance,1,320,0.08677395993035919,0.03322657625842984,0.05354738367192935
IFE,Joint analytic covariance,1,321,-0.35972095421953587,-0.3820365582871169,0.02231560406758104
IFE,Joint analytic covariance,1,322,-0.38208202673849057,-0.460471620805709,0.07838959406721846
IFE,Joint analytic covariance,1,323,-0.512622667771797,-0.46630420519333826,-0.04631846257845873
IFE,Joint analytic covariance,1,324,-0.4277328739756562,-0.4487334366083494,0.02100056263269323
IFE,Joint analytic covariance,1,325,-0.40125035562596445,-0.4048457732021963,0.0035954175762318297
IFE,Joint analytic covariance,1,326,-0.44356328302200576,-0.4482354328476613,0.004672149825655558
IFE,Joint analytic covariance,1,327,-0.7743099932429854,-0.7664220582837455,-0.007887934959239895
IFE,Joint analytic covariance,1,328,-0.5989796095245996,-0.5645880364703917,-0.034391573054207925
IFE,Joint analytic covariance,1,329,-0.5924159268609673,-0.5407604058167803,-0.051655521044187025
IFE,Joint analytic covariance,1,330,-0.5837852122302163,-0.5722050017070998,-0.01158021052311653
IFE,Joint analytic covariance,1,331,0.06853704010295014,0.01052985460993705,0.05800718549301309
IFE,Joint analytic covariance,1,332,-0.6606755056782001,-0.6452205415357171,-0.01545496414248304
IFE,Joint analytic covariance,1,333,-0.20371855117111248,-0.2580440219259774,0.054325470754864935
IFE,Joint analytic covariance,1,334,-0.4533990608969435,-0.4196613789220186,-0.03373768197492488
IFE,Joint analytic covariance,1,335,-0.3923419655980839,-0.4208639451523841,0.028521979554300247
IFE,Joint analytic covariance,1,336,-0.25001206494888295,-0.22117449893410124,-0.028837566014781713
IFE,Joint analytic covariance,1,337,-0.05071505974290336,-0.059079203916378886,0.00836414417347553
IFE,Joint analytic covariance,1,338,-0.34963991459786214,-0.38858467597592894,0.038944761378066794
IFE,Joint analytic covariance,1,339,-0.4980837232622486,-0.49142782756524606,-0.006655895697002534
IFE,Joint analytic covariance,1,340,-0.24112455242355624,-0.37115361224668075,0.13002905982312452
IFE,Joint analytic covariance,1,341,-0.2574052693687885,-0.22414607982418355,-0.03325918954460494
IFE,Joint analytic covariance,1,342,-0.4913626150668149,-0.5075197467667352,0.01615713169992028
IFE,Joint analytic covariance,1,343,-0.49642748861499786,-0.4773041991810607,-0.019123289433937152
IFE,Joint analytic covariance,1,344,-0.667155644867776,-0.6756885965427577,0.008532951674981692
IFE,Joint analytic covariance,1,345,-0.7124417240323964,-0.7328921671575792,0.02045044312518285
IFE,Joint analytic covariance,1,346,-0.17122877320891872,-0.12681156827736928,-0.04441720493154944
IFE,Joint analytic covariance,1,347,-0.5341800281146285,-0.5055033796773454,-0.028676648437283125
IFE,Joint analytic covariance,1,348,-0.434331372765145,-0.4596504747592045,0.025319101994059512
IFE,Joint analytic covariance,1,349,-0.719687838633578,-0.7318725573480944,0.01218471871451643
IFE,Joint analytic covariance,1,350,-0.4393321019757088,-0.4174796837537832,-0.02185241822192563
IFE,Joint analytic covariance,1,351,-0.25154561842712897,-0.2879232799307959,0.03637766150366695
IFE,Joint analytic covariance,1,352,-0.3343260911947804,-0.3135748080272833,-0.02075128316749708
IFE,Joint analytic covariance,1,353,0.008722351276429618,-0.1564513409853644,0.16517369226179401
IFE,Joint analytic covariance,1,354,-0.6231805803680412,-0.6162940209413401,-0.006886559426701133
IFE,Joint analytic covariance,1,355,-0.7456217007781705,-0.7261990118811323,-0.019422688897038132
IFE,Joint analytic covariance,1,356,-0.4408718560429794,-0.3971588920289182,-0.04371296401406122
IFE,Joint analytic covariance,1,357,-0.5224082347299199,-0.5416594063609586,0.01925117163103862
IFE,Joint analytic covariance,1,358,-0.34128907639275985,-0.3459157579494999,0.004626681556740064
IFE,Joint analytic covariance,1,359,-0.23182250730310672,-0.23520794590642968,0.0033854386033229655
IFE,Joint analytic covariance,1,360,-0.2815428724951423,-0.2851078958259128,0.003565023330770467
IFE,Joint analytic covariance,1,361,-0.29787583716035415,-0.2557386881248511,-0.04213714903550303
IFE,Joint analytic covariance,1,362,-0.6873664273782536,-0.6681940455076567,-0.01917238187059689
IFE,Joint analytic covariance,1,363,-0.6229889719266541,-0.6189642577314773,-0.004024714195176804
IFE,Joint analytic covariance,1,364,-0.2973250189203912,-0.31511124558128856,0.017786226660897353
IFE,Joint analytic covariance,1,365,-0.3081233757572369,-0.290714794018184,-0.01740858173905291
IFE,Joint analytic covariance,1,366,-0.6835002134352437,-0.678373105207112,-0.0051271082281316716
IFE,Joint analytic covariance,1,367,0.005012108955306349,-0.03366653657358676,0.03867864552889311
IFE,Joint analytic covariance,1,368,-0.2376597371184337,-0.2836704363549064,0.04601069923647272
IFE,Joint analytic covariance,1,369,-0.7167628067833792,-0.7198774069080498,0.0031146001246705746
IFE,Joint analytic covariance,1,370,-0.3483499286896923,-0.3006258620071839,-0.04772406668250839
IFE,Joint analytic covariance,1,371,-0.3852891930519635,-0.3818401070347831,-0.003449086017180414
IFE,Joint analytic covariance,1,372,-0.651645557755266,-0.6668454968967685,0.015199939141502528
IFE,Joint analytic covariance,1,373,-0.5041249027150774,-0.5174069705028417,0.013282067787764307
IFE,Joint analytic covariance,1,374,0.24144647664025998,0.21837123943227255,0.02307523720798743
IFE,Joint analytic covariance,1,375,-0.5727361930544229,-0.5564254333479894,-0.016310759706433475
IFE,Joint analytic covariance,1,376,-0.7586223601817106,-0.7535705153059025,-0.00505184487580812
IFE,Joint analytic covariance,1,377,-0.36093143858741683,-0.47647947820237113,0.1155480396149543
IFE,Joint analytic covariance,1,378,0.13969910576588673,0.09669643745310696,0.04300266831277977
IFE,Joint analytic covariance,1,379,-0.5067943923714409,-0.5142746957325819,0.0074803033611410275
IFE,Joint analytic covariance,1,380,-0.07887926333808326,-0.15325335274704133,0.07437408940895807
IFE,Joint analytic covariance,1,381,-0.6441214326045376,-0.6259410934475633,-0.018180339156974257
IFE,Joint analytic covariance,1,382,-0.6226085593353818,-0.593842631159684,-0.028765928175697786
IFE,Joint analytic covariance,1,383,-0.22093140619729001,-0.20689100325418686,-0.014040402943103159
IFE,Joint analytic covariance,1,384,-0.4999433267137088,-0.5148018983034368,0.014858571589728031
IFE,Joint analytic covariance,1,385,-0.31544051483701163,-0.3449221696841458,0.029481654847134164
IFE,Joint analytic covariance,1,386,-0.4095058565426708,-0.4403825772295802,0.030876720686909387
IFE,Joint analytic covariance,1,387,-0.4102303235020245,-0.43922567629688725,0.02899535279486276
IFE,Joint analytic covariance,1,388,-0.6616488970020258,-0.6366211984851303,-0.025027698516895458
IFE,Joint analytic covariance,1,389,-0.28076984743722533,-0.32438111360293254,0.04361126616570721
IFE,Joint analytic covariance,1,390,-0.12819246684273022,-0.23020077551530405,0.10200830867257382
IFE,Joint analytic covariance,1,391,-0.5719170515171992,-0.5690287429829871,-0.0028883085342120696
IFE,Joint analytic covariance,1,392,-0.41298341117351867,-0.36266905105383884,-0.050314360119679824
IFE,Joint analytic covariance,1,393,-0.5636282230459564,-0.5375986470944601,-0.026029575951496242
IFE,Joint analytic covariance,1,394,-0.6652096125762575,-0.6599296195358032,-0.005279993040454345
IFE,Joint analytic covariance,1,395,-0.2801994300592283,-0.304028166531247,0.023828736472018663
IFE,Joint analytic covariance,1,396,-0.024936104607065968,-0.0354874270788178,0.010551322471751834
IFE,Joint analytic covariance,1,397,-0.3318691405101951,-0.25494378945246177,-0.07692535105773335
IFE,Joint analytic covariance,1,398,-0.3761250859524441,-0.4180578267109011,0.04193274075845699
IFE,Joint analytic covariance,1,399,-0.44160870435294286,-0.46663492486961666,0.025026220516673803
IFE,Joint analytic covariance,1,400,0.34646620922022553,0.456985479910079,-0.11051927068985345
IFE,Joint analytic covariance,1,401,-0.4845583108988252,-0.4523025125949678,-0.032255798303857386
IFE,Joint analytic covariance,1,402,-0.37750669555904415,-0.38282615225707894,0.005319456698034797
IFE,Joint analytic covariance,1,403,-0.35571124861513437,-0.31913423996224977,-0.0365770086528846
IFE,Joint analytic covariance,1,404,-0.3677021565284916,-0.336394744971395,-0.0313074115570966
IFE,Joint analytic covariance,1,405,0.025734872390397845,0.03656650116890714,-0.010831628778509295
IFE,Joint analytic covariance,1,406,0.13416443477329665,0.09600304540077764,0.038161389372519006
IFE,Joint analytic covariance,1,407,-0.5059480681192785,-0.5125577571210549,0.0066096890017763865
IFE,Joint analytic covariance,1,408,-0.7126584927789925,-0.6776606996028696,-0.03499779317612295
IFE,Joint analytic covariance,1,409,-0.6553075222968934,-0.6377518625438652,-0.017555659753028197
IFE,Joint analytic covariance,1,410,-0.2587902163784368,-0.2276054213956037,-0.03118479498283311
IFE,Joint analytic covariance,1,411,-0.37106255232406293,-0.36156896002929106,-0.009493592294771869
IFE,Joint analytic covariance,1,412,-0.3498144044005308,-0.31136873608532445,-0.03844566831520635
IFE,Joint analytic covariance,1,413,-0.34570974854923564,-0.32851373168363374,-0.017196016865601904
IFE,Joint analytic covariance,1,414,-0.5618556140103783,-0.5709004785246501,0.009044864514271778
IFE,Joint analytic covariance,1,415,-0.4215575633783679,-0.40324301276962493,-0.018314550608742985
IFE,Joint analytic covariance,1,416,-0.5947991547700906,-0.5670690805011462,-0.02773007426894436
IFE,Joint analytic covariance,1,417,-0.44821567779408644,-0.5042506681542994,0.05603499036021298
IFE,Joint analytic covariance,1,418,-0.5484532560349971,-0.5158843358027372,-0.03256892023225988
IFE,Joint analytic covariance,1,419,-0.6398769296624136,-0.6096156589435677,-0.03026127071884588
IFE,Joint analytic covariance,1,420,-0.6336693641760083,-0.6174758476427333,-0.016193516533274943
IFE,Joint analytic covariance,1,421,-0.4106906441553039,-0.38078328111612536,-0.029907363039178514
IFE,Joint analytic covariance,1,422,-0.3789500033025358,-0.3429939008817936,-0.03595610242074221
IFE,Joint analytic covariance,1,423,-0.5729101719986031,-0.5690162909500223,-0.003893881048580794
IFE,Joint analytic covariance,1,424,-0.4546903895613468,-0.4182634222219861,-0.03642696733936068
IFE,Joint analytic covariance,1,425,-0.5899254139654466,-0.6006315476704533,0.010706133705006726
IFE,Joint analytic covariance,1,426,-0.47058176338149293,-0.5065803618873503,0.035998598505857404
IFE,Joint analytic covariance,1,427,-0.4612358476349938,-0.4428831241748368,-0.01835272346015704
IFE,Joint analytic covariance,1,428,-0.5017459171791752,-0.5457222565545858,0.04397633937541068
IFE,Joint analytic covariance,1,429,-0.28121286591546957,-0.2860915663437992,0.004878700428329608
IFE,Joint analytic covariance,1,430,-0.6118132143988326,-0.6541529911349435,0.04233977673611089
IFE,Joint analytic covariance,1,431,-0.4463962371740897,-0.42171724230227925,-0.024678994871810467
IFE,Joint analytic covariance,1,432,-0.31855647843560886,-0.320183245462084,0.0016267670264751288
IFE,Joint analytic covariance,1,433,-0.31276728115754615,-0.2651395774137649,-0.047627703743781225
IFE,Joint analytic covariance,1,434,-0.5750623729076514,-0.5519994497468733,-0.02306292316077807
IFE,Joint analytic covariance,1,435,-0.7073358505019705,-0.6800321214001741,-0.027303729101796348
IFE,Joint analytic covariance,1,436,-0.7391923969976526,-0.7426822814205235,0.0034898844228709036
IFE,Joint analytic covariance,1,437,-0.396912478658369,-0.38447357063820786,-0.012438908020161121
IFE,Joint analytic covariance,1,438,-0.735221357253844,-0.7177448336003727,-0.0174765236534713
IFE,Joint analytic covariance,1,439,-0.34923670372957416,-0.37744587379649697,0.028209170066922806
IFE,Joint analytic covariance,1,440,-0.25255890149969096,-0.3018060932831912,0.04924719178350023
IFE,Joint analytic covariance,1,441,-0.5252030954627236,-0.5224698918863389,-0.002733203576384735
IFE,Joint analytic covariance,1,442,-0.13376280075273295,-0.15893873340431608,0.025175932651583133
IFE,Joint analytic covariance,1,443,-0.41582947559630723,-0.40021188748909775,-0.015617588107209479
IFE,Joint analytic covariance,1,444,-0.6316196102719238,-0.6054076604015879,-0.026211949870335927
IFE,Joint analytic covariance,1,445,0.2039618748476386,0.14870031406763928,0.05526156077999933
IFE,Joint analytic covariance,1,446,-0.5235871493706419,-0.5095836537792156,-0.01400349559142633
IFE,Joint analytic covariance,1,447,-0.4647033898408567,-0.45527337124650125,-0.009430018594355438
IFE,Joint analytic covariance,1,448,-0.11020999651123276,-0.0914375673733473,-0.01877242913788546
IFE,Joint analytic covariance,1,449,-0.19620100648907413,-0.19665836592939545,4.5735944032132547e-4
IFE,Joint analytic covariance,1,450,-0.6669681060114566,-0.6598367595273871,-0.007131346484069545
IFE,Joint analytic covariance,1,451,-0.6626499200954754,-0.6638680340433113,0.001218113947835886
IFE,Joint analytic covariance,1,452,-0.08576004399461068,-0.04948688618576247,-0.03627315780884821
IFE,Joint analytic covariance,1,453,-0.17800751421738092,-0.11305798688790636,-0.06494952732947457
IFE,Joint analytic covariance,1,454,-0.42230409362285404,-0.3754111005612609,-0.04689299306159311
IFE,Joint analytic covariance,1,455,-0.26916585971141616,-0.29743137096706374,0.02826551125564758
IFE,Joint analytic covariance,1,456,-0.3144018400495826,-0.2862462692451312,-0.028155570804451413
IFE,Joint analytic covariance,1,457,-0.18310219434093222,-0.14141090098130238,-0.041691293359629844
IFE,Joint analytic covariance,1,458,0.040913083330718525,0.07107612835700405,-0.03016304502628553
IFE,Joint analytic covariance,1,459,-0.6902781910974569,-0.6758667361251415,-0.01441145497231544
IFE,Joint analytic covariance,1,460,-0.12615636826436072,-0.11598883804056803,-0.010167530223792687
IFE,Joint analytic covariance,1,461,-0.1599160170114703,-0.08901259187743515,-0.07090342513403514
IFE,Joint analytic covariance,1,462,-0.5706091390925896,-0.5968198424134192,0.026210703320829642
IFE,Joint analytic covariance,1,463,-0.4138751425454932,-0.3539605085029951,-0.05991463404249808
IFE,Joint analytic covariance,1,464,-0.39952731262474994,-0.3648639488790363,-0.03466336374571366
IFE,Joint analytic covariance,1,465,1.3190705596973809,1.2330678528024723,0.08600270689490852
IFE,Joint analytic covariance,1,466,-0.3010741868746203,-0.28467380313748725,-0.01640038373713304
IFE,Joint analytic covariance,1,467,-0.5319228190890344,-0.5406530849115365,0.008730265822502137
IFE,Joint analytic covariance,1,468,-0.3882170342004302,-0.38524089411818163,-0.0029761400822485573
IFE,Joint analytic covariance,1,469,-0.30896257068185584,-0.2849270600622328,-0.024035510619623057
IFE,Joint analytic covariance,1,470,-0.5380073102376006,-0.5151055681138308,-0.02290174212376983
IFE,Joint analytic covariance,1,471,-0.5633442430345257,-0.5461717377038429,-0.01717250533068282
IFE,Joint analytic covariance,1,472,-0.5166948446270868,-0.5278098375332466,0.011114992906159804
IFE,Joint analytic covariance,1,473,-0.4121925266084703,-0.4022803261592077,-0.009912200449262554
IFE,Joint analytic covariance,1,474,-0.673526865936421,-0.6626925165057496,-0.010834349430671408
IFE,Joint analytic covariance,1,475,-0.32204015795707,-0.26056368465685154,-0.06147647330021844
IFE,Joint analytic covariance,1,476,-0.7167286215845481,-0.7245006097243865,0.0077719881398383706
IFE,Joint analytic covariance,1,477,-0.42739069538403973,-0.5493302680137109,0.12193957262967114
IFE,Joint analytic covariance,1,478,-0.7170652414397702,-0.7002032629967234,-0.01686197844304682
IFE,Joint analytic covariance,1,479,-0.5749407813395779,-0.5402098157958702,-0.03473096554370769
IFE,Joint analytic covariance,1,480,-0.15018418751665663,-0.18511949970718256,0.034935312190525925
IFE,Joint analytic covariance,1,481,-0.35834891860748874,-0.4312952929179654,0.07294637431047668
IFE,Joint analytic covariance,1,482,-0.6125191596622295,-0.6335897164781463,0.021070556815916852
IFE,Joint analytic covariance,1,483,-0.13194291735264507,-0.1991360473023488,0.06719312994970372
IFE,Joint analytic covariance,1,484,-0.436920317846169,-0.4697935718159937,0.032873253969824656
IFE,Joint analytic covariance,1,485,-0.44394626398051673,-0.4284296505347821,-0.015516613445734628
IFE,Joint analytic covariance,1,486,-0.3502812155774906,-0.3160531950118981,-0.03422802056559249
IFE,Joint analytic covariance,1,487,-0.3361019353882688,-0.2971229117028882,-0.03897902368538064
IFE,Joint analytic covariance,1,488,0.07236508874985859,-0.04120519089427921,0.1135702796441378
IFE,Joint analytic covariance,1,489,-0.6151435734018571,-0.6054100393404145,-0.009733534061442617
IFE,Joint analytic covariance,1,490,-0.5498299689436716,-0.5554603518432293,0.00563038289955764
IFE,Joint analytic covariance,1,491,-0.7600864470790919,-0.7430372282745348,-0.01704921880455712
IFE,Joint analytic covariance,1,492,-0.4667715550489677,-0.46457734374226667,-0.002194211306701055
IFE,Joint analytic covariance,1,493,-0.7457464009213997,-0.7543748841411079,0.008628483219708216
IFE,Joint analytic covariance,1,494,0.10260280406552535,0.07472026427093592,0.027882539794589434
IFE,Joint analytic covariance,1,495,-0.5786116786829172,-0.5410123586133186,-0.03759932006959854
IFE,Joint analytic covariance,1,496,-0.4889780634522317,-0.4983365476455285,0.009358484193296768
IFE,Joint analytic covariance,1,497,-0.3057045840258734,-0.18212237240947193,-0.12358221161640148
IFE,Joint analytic covariance,1,498,-0.617811635937395,-0.6343374511037292,0.016525815166334223
IFE,Joint analytic covariance,1,499,-0.3767351549285487,-0.41051348303415935,0.033778328105610655
IFE,Joint analytic covariance,1,500,-0.2963662330101756,-0.2815603338967474,-0.014805899113428223
IFE,Joint analytic covariance,1,501,-0.5507984849017425,-0.5377896959916071,-0.01300878891013546
IFE,Joint analytic covariance,1,502,-0.2931501126578764,-0.2701003349269593,-0.023049777730917098
IFE,Joint analytic covariance,1,503,-0.42709718822093334,-0.4480193603846898,0.02092217216375647
IFE,Joint analytic covariance,1,504,-0.593116521114111,-0.5670970153926171,-0.026019505721493807
IFE,Joint analytic covariance,1,505,-0.5485007741763261,-0.484210636645498,-0.06429013753082813
IFE,Joint analytic covariance,1,506,-0.4170428623798761,-0.4563712981665593,0.039328435786683213
IFE,Joint analytic covariance,1,507,-0.4508726249928995,-0.4860166547269158,0.03514402973401631
IFE,Joint analytic covariance,1,508,-0.5208799003217842,-0.5426922046803555,0.02181230435857129
IFE,Joint analytic covariance,1,509,-0.5810253133561039,-0.5611546361371014,-0.019870677219002486
IFE,Joint analytic covariance,1,510,-0.015357062202832727,-0.013840990987842972,-0.001516071214989756
IFE,Joint analytic covariance,1,511,-0.4221729026261335,-0.4204369454616462,-0.0017359571644872673
IFE,Joint analytic covariance,1,512,-0.36161559950901057,-0.32914338264356713,-0.03247221686544344
IFE,Joint analytic covariance,1,513,-0.037075044802230894,-0.1990374078046948,0.16196236300246392
IFE,Joint analytic covariance,1,514,-0.735694360040757,-0.7210727498171057,-0.014621610223651271
IFE,Joint analytic covariance,1,515,-0.7106605417235191,-0.699113882732203,-0.011546658991316128
IFE,Joint analytic covariance,1,516,-0.1428503376164264,-0.1059731957896416,-0.03687714182678481
IFE,Joint analytic covariance,1,517,-0.5593546069157227,-0.5578620799947647,-0.001492526920958026
IFE,Joint analytic covariance,1,518,-0.2877379613246175,-0.23128665749839894,-0.056451303826218546
IFE,Joint analytic covariance,1,519,-0.4866609759137549,-0.45168869863846806,-0.034972277275286845
IFE,Joint analytic covariance,1,520,0.18035018126492686,0.1911909082792249,-0.010840727014298057
IFE,Joint analytic covariance,1,521,-0.5199870712495079,-0.5126987595750992,-0.007288311674408687
IFE,Joint analytic covariance,1,522,-0.6786788493189573,-0.6538549377380737,-0.024823911580883595
IFE,Joint analytic covariance,1,523,-0.26006859872107635,-0.18739015314328777,-0.07267844557778858
IFE,Joint analytic covariance,1,524,-0.5229895236045774,-0.5559327801203608,0.03294325651578345
IFE,Joint analytic covariance,1,525,-0.47800716276940336,-0.46677272893065247,-0.01123443383875089
IFE,Joint analytic covariance,1,526,-0.5656250369071343,-0.5424169174659221,-0.02320811944121215
IFE,Joint analytic covariance,1,527,-0.5998856798242335,-0.5748537386705322,-0.02503194115370122
IFE,Joint analytic covariance,1,528,-0.4200313286362377,-0.42782886519307717,0.007797536556839457
IFE,Joint analytic covariance,1,529,-0.2968504312139314,-0.31820664911185736,0.021356217897925966
IFE,Joint analytic covariance,1,530,-0.35281307396631933,-0.30395874975421866,-0.048854324212100675
IFE,Joint analytic covariance,1,531,-0.630121689382437,-0.6107892545658085,-0.019332434816628496
IFE,Joint analytic covariance,1,532,-0.37889977307491496,-0.36486910670274386,-0.014030666372171097
IFE,Joint analytic covariance,1,533,-0.3346572608145776,-0.3028084674944107,-0.03184879332016688
IFE,Joint analytic covariance,1,534,-0.6533900356603117,-0.6337209961251948,-0.019669039535116895
IFE,Joint analytic covariance,1,535,-0.42487376437346625,-0.5001408134903762,0.07526704911690996
IFE,Joint analytic covariance,1,536,-0.47832454411459124,-0.46147210708065023,-0.016852437033941015
IFE,Joint analytic covariance,1,537,-0.6961619519036213,-0.7054810567488027,0.009319104845181392
IFE,Joint analytic covariance,1,538,-0.07358034973800653,-0.048266147241817214,-0.02531420249618932
IFE,Joint analytic covariance,1,539,-0.2343865245575879,-0.2615086873661079,0.02712216280851998
IFE,Joint analytic covariance,1,540,0.6413809731378521,0.44192719447472717,0.19945377866312497
IFE,Joint analytic covariance,1,541,-0.6015172519166749,-0.6517892616125498,0.050272009695874864
IFE,Joint analytic covariance,1,542,-0.08350046792481025,-0.07477731072919447,-0.008723157195615783
IFE,Joint analytic covariance,1,543,-0.3043303326468483,-0.2823683197350788,-0.02196201291176947
IFE,Joint analytic covariance,1,544,-0.6829384294677068,-0.6756965953912464,-0.007241834076460396
IFE,Joint analytic covariance,1,545,-0.6114001638986182,-0.5990151219080952,-0.012385041990522927
IFE,Joint analytic covariance,1,546,-0.6978072320146975,-0.6815925497460691,-0.016214682268628433
IFE,Joint analytic covariance,1,547,-0.6265441184034719,-0.6186498658307653,-0.007894252572706595
IFE,Joint analytic covariance,1,548,-0.41934890431632577,-0.42128658699270505,0.001937682676379282
IFE,Joint analytic covariance,1,549,0.637127129390076,0.6475435280959225,-0.010416398705846541
IFE,Joint analytic covariance,1,550,-0.5609948273830402,-0.5738488874328131,0.012854060049772964
IFE,Joint analytic covariance,1,551,-0.2966393153523659,-0.3496689189451444,0.05302960359277853
IFE,Joint analytic covariance,1,552,-0.18925767104994107,-0.16531550734604983,-0.02394216370389124
IFE,Joint analytic covariance,1,553,0.08574151005527764,0.04276016207427924,0.0429813479809984
IFE,Joint analytic covariance,1,554,-0.1528629940307339,-0.14697127626981676,-0.005891717760917126
IFE,Joint analytic covariance,1,555,-0.43582351346698056,-0.46357471123560723,0.027751197768626668
IFE,Joint analytic covariance,1,556,-0.6214082207261722,-0.613369038475007,-0.008039182251165178
IFE,Joint analytic covariance,1,557,-0.16610913432752594,-0.09153592678697386,-0.07457320754055208
IFE,Joint analytic covariance,1,558,-0.4984559710332357,-0.4828714606949628,-0.015584510338272906
IFE,Joint analytic covariance,1,559,-0.034333361362777315,-0.0502834148524407,0.015950053489663385
IFE,Joint analytic covariance,1,560,0.006012850798156721,-0.10421767379575653,0.11023052459391325
IFE,Joint analytic covariance,1,561,-0.629995472444529,-0.6209464403936189,-0.009049032050910122
IFE,Joint analytic covariance,1,562,-0.49985510957950596,-0.5124604525604226,0.012605342980916645
IFE,Joint analytic covariance,1,563,-0.3662140739479389,-0.3610492017921021,-0.0051648721558368305
IFE,Joint analytic covariance,1,564,-0.4096156737841098,-0.3993802461944519,-0.010235427589657897
IFE,Joint analytic covariance,1,565,-0.2915517813897581,-0.33122737588084983,0.039675594491091704
IFE,Joint analytic covariance,1,566,-0.3318533850250709,-0.30555438675345414,-0.026298998271616747
IFE,Joint analytic covariance,1,567,-0.851625175756389,-0.8409585103932599,-0.010666665363129102
IFE,Joint analytic covariance,1,568,-0.5701117341063572,-0.5935605857743794,0.02344885166802224
IFE,Joint analytic covariance,1,569,-0.5265642570256157,-0.5276943137751383,0.001130056749522601
IFE,Joint analytic covariance,1,570,-0.7609450643122394,-0.7493336364963562,-0.011611427815883202
IFE,Joint analytic covariance,1,571,-0.18235954234458074,-0.11712123338687441,-0.06523830895770633
IFE,Joint analytic covariance,1,572,-0.10892434847066701,-0.05601149020441909,-0.05291285826624792
IFE,Joint analytic covariance,1,573,-0.09032944405655052,-0.10654839592797127,0.01621895187142075
IFE,Joint analytic covariance,1,574,-0.6074555570594589,-0.6139586406701321,0.006503083610673199
IFE,Joint analytic covariance,1,575,0.07321080795120305,0.03489264862094754,0.03831815933025551
IFE,Joint analytic covariance,1,576,-0.5085451956259621,-0.46214667029794676,-0.04639852532801536
IFE,Joint analytic covariance,1,577,-0.44622781696647806,-0.4715144047662916,0.02528658779981352
IFE,Joint analytic covariance,1,578,-0.5392224847149302,-0.49836446582414273,-0.04085801889078744
IFE,Joint analytic covariance,1,579,-0.5990974919697879,-0.6848131957106668,0.08571570374087889
IFE,Joint analytic covariance,1,580,-0.5169030921731828,-0.5371645728168939,0.02026148064371114
IFE,Joint analytic covariance,1,581,-0.5407139804698854,-0.5267973974384337,-0.013916583031451712
IFE,Joint analytic covariance,1,582,-0.3257005524743548,-0.33807609670388905,0.012375544229534241
IFE,Joint analytic covariance,1,583,-0.4195746875598886,-0.4119405921131738,-0.007634095446714784
IFE,Joint analytic covariance,1,584,0.020535287072313224,0.1369203602182416,-0.11638507314592839
IFE,Joint analytic covariance,1,585,-0.44035294011042325,-0.41458342132387427,-0.025769518786548984
IFE,Joint analytic covariance,1,586,-0.18252915636667866,-0.16947453831669024,-0.01305461804998842
IFE,Joint analytic covariance,1,587,-0.5372261737336348,-0.5126665172481629,-0.02455965648547187
IFE,Joint analytic covariance,1,588,-0.6777397030972944,-0.6761099105799884,-0.0016297925173059946
IFE,Joint analytic covariance,1,589,-0.5197197630733275,-0.5057629304637388,-0.013956832609588687
IFE,Joint analytic covariance,1,590,-0.7422193297490304,-0.7468194035387847,0.004600073789754355
IFE,Joint analytic covariance,1,591,-0.6143233660016985,-0.6210172736819642,0.006693907680265787
IFE,Joint analytic covariance,1,592,-0.4759833217268489,-0.4691547532545304,-0.006828568472318497
IFE,Joint analytic covariance,1,593,-0.12914773220282671,-0.11094267814158154,-0.018205054061245174
IFE,Joint analytic covariance,1,594,-0.05870785112053967,-0.2069237156091781,0.14821586448863844
IFE,Joint analytic covariance,1,595,-0.2470202214592193,-0.29705015722487604,0.05002993576565673
IFE,Joint analytic covariance,1,596,-0.5460756723058044,-0.5502204587087325,0.004144786402928036
IFE,Joint analytic covariance,1,597,-0.5591251292232535,-0.580829933177194,0.021704803953940477
IFE,Joint analytic covariance,1,598,-0.5744403888019145,-0.5402024400723611,-0.034237948729553436
IFE,Joint analytic covariance,1,599,-0.24916233116595932,-0.2475309137409647,-0.001631417424994619
IFE,Joint analytic covariance,1,600,0.36062156437709425,0.39229989966389267,-0.03167833528679842
IFE,Joint analytic covariance,1,601,-0.1682616526285693,-0.13159214095777938,-0.03666951167078991
IFE,Joint analytic covariance,1,602,-0.44957972856432216,-0.4953917653640344,0.04581203679971224
IFE,Joint analytic covariance,1,603,0.10489321801692797,0.156513063039742,-0.051619845022814026
IFE,Joint analytic covariance,1,604,-0.41741864002226947,-0.44448982756743705,0.027071187545167574
IFE,Joint analytic covariance,1,605,-0.37511428834087857,-0.34851775733649526,-0.026596531004383306
IFE,Joint analytic covariance,1,606,-0.5695441531500325,-0.5535004718593552,-0.016043681290677236
IFE,Joint analytic covariance,1,607,-0.08474902351563063,0.001602246655619366,-0.08635127017125
IFE,Joint analytic covariance,1,608,-0.5283057913700333,-0.5572835799942528,0.028977788624219514
IFE,Joint analytic covariance,1,609,0.027884595213820473,0.06327694078920088,-0.0353923455753804
IFE,Joint analytic covariance,1,610,-0.5804284894177436,-0.5760409652247771,-0.004387524192966508
IFE,Joint analytic covariance,1,611,-0.6086771497295937,-0.6069648286721648,-0.0017123210574289116
IFE,Joint analytic covariance,1,612,-0.6413008907119582,-0.6594187030118834,0.018117812299925262
IFE,Joint analytic covariance,1,613,-0.36080500607331345,-0.2590443362112894,-0.10176066986202403
IFE,Joint analytic covariance,1,614,-0.26647004106720695,-0.19859623034341056,-0.06787381072379639
IFE,Joint analytic covariance,1,615,-0.07709094176595499,-0.1935209923796798,0.1164300506137248
IFE,Joint analytic covariance,1,616,-0.3890483434819927,-0.39169218829880104,0.0026438448168083495
IFE,Joint analytic covariance,1,617,-0.3823667408104945,-0.4378691215186207,0.05550238070812619
IFE,Joint analytic covariance,1,618,0.25710086088028183,0.15846708499255424,0.09863377588772759
IFE,Joint analytic covariance,1,619,-0.577145746664645,-0.5715800533543137,-0.005565693310331299
IFE,Joint analytic covariance,1,620,-0.5993761024750287,-0.5971367642169014,-0.002239338258127277
IFE,Joint analytic covariance,1,621,0.16990293830187464,0.14518273049192265,0.02472020780995199
IFE,Joint analytic covariance,1,622,-0.2646637455251716,-0.3070186133468754,0.042354867821703834
IFE,Joint analytic covariance,1,623,-0.21622588353345595,-0.19718979066573883,-0.019036092867717125
IFE,Joint analytic covariance,1,624,-0.3023548766400369,-0.27816255396224165,-0.024192322677795253
IFE,Joint analytic covariance,1,625,-0.5153288393667155,-0.501957014094331,-0.013371825272384452
IFE,Joint analytic covariance,1,626,-0.6067161906489367,-0.5558417992263,-0.05087439142263672
IFE,Joint analytic covariance,1,627,-0.3361915571861075,-0.32161537518751315,-0.01457618199859434
IFE,Joint analytic covariance,1,628,-0.48122237255180245,-0.4507022529895357,-0.030520119562266745
IFE,Joint analytic covariance,1,629,-5.5444725317710386e-5,0.09548706180527122,-0.09554250653058893
IFE,Joint analytic covariance,1,630,-0.7115542017038837,-0.7000178177653589,-0.011536383938524852
IFE,Joint analytic covariance,1,631,-0.5156123488185355,-0.5638696964668206,0.048257347648285154
IFE,Joint analytic covariance,1,632,-0.15937498138538275,-0.149174294652197,-0.010200686733185749
IFE,Joint analytic covariance,1,633,-0.354588741396609,-0.2889715357254137,-0.06561720567119533
IFE,Joint analytic covariance,1,634,-0.050809777969316294,0.03464756255939938,-0.08545734052871568
IFE,Joint analytic covariance,1,635,-0.7357236220259759,-0.6994504122491809,-0.036273209776794935
IFE,Joint analytic covariance,1,636,-0.5103814542330938,-0.5053723734329607,-0.00500908080013307
IFE,Joint analytic covariance,1,637,-0.6012563324439502,-0.609991895587361,0.00873556314341084
IFE,Joint analytic covariance,1,638,-0.4656880792473541,-0.48235555187132084,0.016667472623966728
IFE,Joint analytic covariance,1,639,0.006874147029199973,-0.054849529583599343,0.061723676612799316
IFE,Joint analytic covariance,1,640,-0.7480042407762311,-0.7197411179692638,-0.0282631228069673
IFE,Joint analytic covariance,1,641,-0.5496086501716907,-0.5385079127356721,-0.011100737436018582
IFE,Joint analytic covariance,1,642,-0.5001011460232122,-0.49376382629450766,-0.006337319728704549
IFE,Joint analytic covariance,1,643,-0.3750607158450532,-0.35842854346448894,-0.016632172380564247
IFE,Joint analytic covariance,1,644,-0.744419864912085,-0.7325309096761525,-0.011888955235932475
IFE,Joint analytic covariance,1,645,-0.654798848538909,-0.6225850884028687,-0.03221376013604027
IFE,Joint analytic covariance,1,646,-0.3497444780890858,-0.3465714971658378,-0.0031729809232480255
IFE,Joint analytic covariance,1,647,-0.4593598382450892,-0.4446296144569909,-0.014730223788098296
IFE,Joint analytic covariance,1,648,-0.39502630842890574,-0.4937455577709545,0.09871924934204879
IFE,Joint analytic covariance,1,649,-0.06544847179256785,-0.006938148365081331,-0.05851032342748652
IFE,Joint analytic covariance,1,650,-0.5846636450631117,-0.5717125122571043,-0.01295113280600746
IFE,Joint analytic covariance,1,651,0.3811636984501807,0.33208492610276985,0.04907877234741087
IFE,Joint analytic covariance,1,652,-0.6007738622675765,-0.615715366247295,0.014941503979718496
IFE,Joint analytic covariance,1,653,0.08711350647017602,0.08862990770485135,-0.0015164012346753353
IFE,Joint analytic covariance,1,654,-0.1655895390557437,-0.17645624398478454,0.010866704929040849
IFE,Joint analytic covariance,1,655,-0.395529724233495,-0.38038790546508006,-0.015141818768414916
IFE,Joint analytic covariance,1,656,-0.5515985320075998,-0.5721146840446808,0.020516152037081015
IFE,Joint analytic covariance,1,657,-0.21032435020435003,-0.19840650196439935,-0.011917848239950679
IFE,Joint analytic covariance,1,658,-0.5313652198807557,-0.5426402245718218,0.011275004691066126
IFE,Joint analytic covariance,1,659,-0.6363844285366705,-0.6115608432725556,-0.02482358526411499
IFE,Joint analytic covariance,1,660,0.38368036812417916,0.24291309974486142,0.14076726837931774
IFE,Joint analytic covariance,1,661,-0.3309612068354105,-0.3672542414017733,0.03629303456636279
IFE,Joint analytic covariance,1,662,-0.8039247835724214,-0.7947996180075496,-0.009125165564871751
IFE,Joint analytic covariance,1,663,-0.6650404400355084,-0.6576609918209739,-0.007379448214534512
IFE,Joint analytic covariance,1,664,-0.6957566193451341,-0.6624455265052507,-0.03331109283988343
IFE,Joint analytic covariance,1,665,-0.6618169825638403,-0.6494425094072422,-0.01237447315659801
IFE,Joint analytic covariance,1,666,-0.33138990303476556,-0.36780142012674244,0.036411517091976875
IFE,Joint analytic covariance,1,667,-0.6696904114280724,-0.656147238886077,-0.01354317254199544
IFE,Joint analytic covariance,1,668,-0.49897337133580966,-0.48660261961794427,-0.012370751717865391
IFE,Joint analytic covariance,1,669,0.38533689423228124,0.3812889563709383,0.004047937861342943
IFE,Joint analytic covariance,1,670,-0.68140856132787,-0.6539150274062187,-0.027493533921651325
IFE,Joint analytic covariance,1,671,-0.4085754567151375,-0.3710167770618982,-0.037558679653239335
IFE,Joint analytic covariance,1,672,-0.30427741992002977,-0.2998039023549962,-0.004473517565033558
IFE,Joint analytic covariance,1,673,-0.33328022287795567,-0.3320642545182768,-0.001215968359678854
IFE,Joint analytic covariance,1,674,-0.7068760854635934,-0.6823162894128039,-0.024559796050789506
IFE,Joint analytic covariance,1,675,-0.3601718866506268,-0.3495067454787205,-0.010665141171906312
IFE,Joint analytic covariance,1,676,-0.06343809158400271,-0.12767705157643738,0.06423895999243467
IFE,Joint analytic covariance,1,677,-0.3699702949440373,-0.3545408002132042,-0.015429494730833104
IFE,Joint analytic covariance,1,678,-0.5616300871746212,-0.5686998635344973,0.0070697763598761565
IFE,Joint analytic covariance,1,679,-0.4294231799356152,-0.3933044312358196,-0.03611874869979559
IFE,Joint analytic covariance,1,680,-0.3125489285912968,-0.31816890445580503,0.005619975864508242
IFE,Joint analytic covariance,1,681,-0.43108925920513064,-0.43374021053934686,0.0026509513342162228
IFE,Joint analytic covariance,1,682,-0.5697588297278526,-0.5781039917483327,0.00834516202048008
IFE,Joint analytic covariance,1,683,-0.5144451102508883,-0.49087135887184274,-0.023573751379045604
IFE,Joint analytic covariance,1,684,0.46418598051586923,0.26017057308976255,0.2040154074261067
IFE,Joint analytic covariance,1,685,-0.4379114037078582,-0.41924905372793175,-0.01866234997992644
IFE,Joint analytic covariance,1,686,-0.6685812064093895,-0.6981584669495657,0.029577260540176287
IFE,Joint analytic covariance,1,687,-0.4902060603404027,-0.47317772934435676,-0.01702833099604595
IFE,Joint analytic covariance,1,688,0.29066169225986416,0.24135185255776537,0.04930983970209879
IFE,Joint analytic covariance,1,689,-0.4052360552839501,-0.508968528311739,0.10373247302778887
IFE,Joint analytic covariance,1,690,-0.5176014155853594,-0.5125652183197773,-0.005036197265582132
IFE,Joint analytic covariance,1,691,-0.22715049340359295,-0.23980032525118777,0.012649831847594828
IFE,Joint analytic covariance,1,692,-0.512041789683502,-0.5407896329650321,0.028747843281530128
IFE,Joint analytic covariance,1,693,-0.39993863728429146,-0.3950401706971076,-0.004898466587183847
IFE,Joint analytic covariance,1,694,-0.5301910357778987,-0.4979988398063835,-0.032192195971515236
IFE,Joint analytic covariance,1,695,-0.49205758927515264,-0.48347404736617206,-0.008583541908980585
IFE,Joint analytic covariance,1,696,-0.7924871702549112,-0.7881643492917244,-0.004322820963186813
IFE,Joint analytic covariance,1,697,-0.5733220844267093,-0.557921348269679,-0.015400736157030304
IFE,Joint analytic covariance,1,698,-0.6059547920973574,-0.6111452558567427,0.005190463759385366
IFE,Joint analytic covariance,1,699,-0.5903225923440032,-0.5682991452583865,-0.022023447085616654
IFE,Joint analytic covariance,1,700,-0.08221687393364863,-0.0698100655495344,-0.012406808384114232
IFE,Joint analytic covariance,1,701,0.12254962865853747,0.06579282732428848,0.056756801334248985
IFE,Joint analytic covariance,1,702,-0.39661842194661867,-0.3443598542208074,-0.05225856772581128
IFE,Joint analytic covariance,1,703,-0.15868466584331342,-0.04194195282193369,-0.11674271302137973
IFE,Joint analytic covariance,1,704,-0.2565379969478716,-0.23064813469167,-0.0258898622562016
IFE,Joint analytic covariance,1,705,-0.5838921192650843,-0.6152004859415379,0.031308366676453536
IFE,Joint analytic covariance,1,706,-0.029632771814540493,-0.05021434394811497,0.020581572133574477
IFE,Joint analytic covariance,1,707,-0.664560399496595,-0.6408891945868228,-0.023671204909772148
IFE,Joint analytic covariance,1,708,-0.6409677786251813,-0.63964389781042,-0.0013238808147613135
IFE,Joint analytic covariance,1,709,-0.4561605417297613,-0.4342244006845196,-0.021936141045241664
IFE,Joint analytic covariance,1,710,-0.3853888727131991,-0.3548003532050571,-0.03058851950814201
IFE,Joint analytic covariance,1,711,0.060908451196676205,0.1029923418232439,-0.0420838906265677
IFE,Joint analytic covariance,1,712,0.5244637044704048,0.5983479767557147,-0.07388427228530992
IFE,Joint analytic covariance,1,713,-0.767774089008508,-0.7557573603457384,-0.012016728662769594
IFE,Joint analytic covariance,1,714,-0.3136806572049545,-0.3417432232972626,0.02806256609230806
IFE,Joint analytic covariance,1,715,-0.6712326065948302,-0.6506022396189413,-0.020630366975888936
IFE,Joint analytic covariance,1,716,-0.6398418141695532,-0.6497460382417528,0.009904224072199597
IFE,Joint analytic covariance,1,717,-0.47785531093265965,-0.4333620519971849,-0.04449325893547473
IFE,Joint analytic covariance,1,718,-0.44750333695894573,-0.3907235511612789,-0.05677978579766685
IFE,Joint analytic covariance,1,719,-0.24960677698091283,-0.22530258406477133,-0.024304192916141498
IFE,Joint analytic covariance,1,720,-0.6351389639560854,-0.6065742020241229,-0.028564761931962446
IFE,Joint analytic covariance,1,721,-0.5616651989292111,-0.5342189113572311,-0.027446287571979977
IFE,Joint analytic covariance,1,722,-0.022572356495818013,-0.04408339935154848,0.021511042855730467
IFE,Joint analytic covariance,1,723,-0.27418375742736645,-0.2499271445689757,-0.024256612858390758
IFE,Joint analytic covariance,1,724,-0.2100198613588664,-0.22836277565170948,0.01834291429284307
IFE,Joint analytic covariance,1,725,-0.6180019297513841,-0.6102756673952685,-0.007726262356115621
IFE,Joint analytic covariance,1,726,-0.6219508358240444,-0.6272965362878493,0.005345700463804892
IFE,Joint analytic covariance,1,727,-0.09398560619708318,-0.10136419624496484,0.007378590047881661
IFE,Joint analytic covariance,1,728,0.13787587291633163,0.08750513275743166,0.050370740158899974
IFE,Joint analytic covariance,1,729,0.20057668456693545,0.10226067270752082,0.09831601185941463
IFE,Joint analytic covariance,1,730,-0.5372236535839074,-0.597935225818359,0.06071157223445156
IFE,Joint analytic covariance,1,731,-0.4666360826990644,-0.5153116939247895,0.04867561122572506
IFE,Joint analytic covariance,1,732,-0.35475666547894513,-0.313052269217699,-0.04170439626124611
IFE,Joint analytic covariance,1,733,-0.5779121358750713,-0.6341179409364603,0.05620580506138906
IFE,Joint analytic covariance,1,734,-0.0934978398935421,-0.12253610274666138,0.02903826285311928
IFE,Joint analytic covariance,1,735,-0.6677824088030264,-0.6685546846793607,7.722758763343274e-4
IFE,Joint analytic covariance,1,736,-0.41501052545686845,-0.37282810935580035,-0.0421824161010681
IFE,Joint analytic covariance,1,737,-0.7362317745407723,-0.7366138517924283,3.8207725165606554e-4
IFE,Joint analytic covariance,1,738,0.00937134516856064,-0.0019905171412728517,0.011361862309833493
IFE,Joint analytic covariance,1,739,-0.6966481074652104,-0.6802217219731843,-0.01642638549202613
IFE,Joint analytic covariance,1,740,0.16702120859708103,0.010866367502712526,0.1561548410943685
IFE,Joint analytic covariance,1,741,-0.34205430350544663,-0.3501096069512327,0.008055303445786088
IFE,Joint analytic covariance,1,742,0.12023820999019241,0.12260556161898584,-0.0023673516287934238
IFE,Joint analytic covariance,1,743,-0.3888489084926312,-0.4664990200787622,0.077650111586131
IFE,Joint analytic covariance,1,744,-0.6894578932592796,-0.6678169123384565,-0.021640980920823116
IFE,Joint analytic covariance,1,745,-0.509153416615205,-0.48149222163835026,-0.02766119497685471
IFE,Joint analytic covariance,1,746,-0.17625366993746028,-0.1776247883289488,0.0013711183914885128
IFE,Joint analytic covariance,1,747,-0.21369607923995915,-0.22847041086596487,0.014774331626005721
IFE,Joint analytic covariance,1,748,-0.4401297792905515,-0.4086540259342639,-0.031475753356287606
IFE,Joint analytic covariance,1,749,-0.3934680439661318,-0.3608840463827152,-0.03258399758341657
IFE,Joint analytic covariance,1,750,-0.16570515971742272,-0.2440539551465667,0.07834879542914397
IFE,Joint analytic covariance,1,751,-0.6130443063482256,-0.6360786853689644,0.023034379020738793
IFE,Joint analytic covariance,1,752,-0.6220921661687766,-0.5920917534322903,-0.030000412736486348
IFE,Joint analytic covariance,1,753,-0.4912220370986975,-0.4882647181497656,-0.0029573189489319196
IFE,Joint analytic covariance,1,754,-0.6254807036995955,-0.606925961031904,-0.018554742667691526
IFE,Joint analytic covariance,1,755,-0.5603385769695461,-0.5383498098054065,-0.021988767164139666
IFE,Joint analytic covariance,1,756,-0.3701165618645852,-0.38281820279029677,0.012701640925711577
IFE,Joint analytic covariance,1,757,-0.4368439352824812,-0.4177562421881118,-0.019087693094369418
IFE,Joint analytic covariance,1,758,-0.5842139741976451,-0.5852117890755894,9.978148779442586e-4
IFE,Joint analytic covariance,1,759,-0.3054070701911308,-0.2956489291214617,-0.009758141069669102
IFE,Joint analytic covariance,1,760,-0.48569700802425353,-0.4702698684086385,-0.015427139615615038
IFE,Joint analytic covariance,1,761,-0.15160164244402097,-0.16328306251252656,0.011681420068505588
IFE,Joint analytic covariance,1,762,-0.24966040861881422,-0.23633936640635278,-0.013321042212461442
IFE,Joint analytic covariance,1,763,-0.5364921546750201,-0.5347705216348309,-0.001721633040189241
IFE,Joint analytic covariance,1,764,0.12074087202778028,0.13453583579536899,-0.013794963767588708
IFE,Joint analytic covariance,1,765,-0.43896014800274363,-0.44997901131118623,0.011018863308442595
IFE,Joint analytic covariance,1,766,-0.558934351791855,-0.5235066655972812,-0.035427686194573815
IFE,Joint analytic covariance,1,767,-0.6168466820836017,-0.6104802004838699,-0.006366481599731855
IFE,Joint analytic covariance,1,768,-0.6786467050182249,-0.6611145817415249,-0.01753212327669995
IFE,Joint analytic covariance,1,769,-0.661892744476286,-0.641402196314218,-0.020490548162067967
IFE,Joint analytic covariance,1,770,-0.5253944080645527,-0.5234886834966863,-0.001905724567866418
IFE,Joint analytic covariance,1,771,-0.24648487739649838,-0.23425461588575702,-0.012230261510741358
IFE,Joint analytic covariance,1,772,-0.6415500560822638,-0.6348008403297589,-0.006749215752504867
IFE,Joint analytic covariance,1,773,-0.2262992133589543,-0.2406179103434315,0.014318696984477186
IFE,Joint analytic covariance,1,774,-0.42856739753400686,-0.4264667027385469,-0.002100694795459934
IFE,Joint analytic covariance,1,775,-0.5374016585062451,-0.5154944569561566,-0.021907201550088518
IFE,Joint analytic covariance,1,776,-0.6721240683047431,-0.6379079876701825,-0.03421608063456061
IFE,Joint analytic covariance,1,777,-0.6747326943958539,-0.6536354812473144,-0.021097213148539518
IFE,Joint analytic covariance,1,778,-0.2139746396412282,-0.20342100650216322,-0.010553633139064988
IFE,Joint analytic covariance,1,779,-0.6089305077903502,-0.5759683223405389,-0.03296218544981133
IFE,Joint analytic covariance,1,780,-0.4364004243251496,-0.44525686194129166,0.008856437616142077
IFE,Joint analytic covariance,1,781,-0.5702190408041805,-0.592200326910902,0.021981286106721454
IFE,Joint analytic covariance,1,782,0.8450478832942829,1.0142442906131661,-0.1691964073188832
IFE,Joint analytic covariance,1,783,-0.10497170962977198,-0.12034641045230532,0.015374700822533338
IFE,Joint analytic covariance,1,784,-0.5598867014077922,-0.5499512142665288,-0.009935487141263355
IFE,Joint analytic covariance,1,785,-0.7298131087443089,-0.7077005767185409,-0.022112532025768017
IFE,Joint analytic covariance,1,786,-0.48769943258669346,-0.470747304084853,-0.01695212850184047
IFE,Joint analytic covariance,1,787,0.05814748839932715,-0.014650099089565605,0.07279758748889276
IFE,Joint analytic covariance,1,788,-0.6050572900103751,-0.6127661368450698,0.007708846834694638
IFE,Joint analytic covariance,1,789,-0.6711326458666061,-0.6581915557412095,-0.012941090125396681
IFE,Joint analytic covariance,1,790,-0.5145014385875362,-0.5578382732422498,0.04333683465471361
IFE,Joint analytic covariance,1,791,-0.7000894650552215,-0.6963684746976834,-0.0037209903575381453
IFE,Joint analytic covariance,1,792,-0.33233530868110595,-0.29749393414569403,-0.03484137453541192
IFE,Joint analytic covariance,1,793,-0.46494037330619475,-0.4387820182711176,-0.02615835503507713
IFE,Joint analytic covariance,1,794,-0.5261769904623529,-0.5250140443961219,-0.0011629460662310187
IFE,Joint analytic covariance,1,795,-0.4540031417318816,-0.4811020355705796,0.027098893838698013
IFE,Joint analytic covariance,1,796,-0.6795087762081582,-0.645248064416917,-0.03426071179124124
IFE,Joint analytic covariance,1,797,-0.31462220271352115,-0.2727560342459896,-0.04186616846753155
IFE,Joint analytic covariance,1,798,-0.3162924279712731,-0.36546830979142875,0.04917588182015564
IFE,Joint analytic covariance,1,799,-0.04154563063599648,-0.0071361895940156295,-0.03440944104198085
IFE,Joint analytic covariance,1,800,-0.48198708281021796,-0.46306721169851484,-0.018919871111703124
IFE,Joint analytic covariance,1,801,-0.15499349984163102,-0.19339910179157516,0.038405601949944135
IFE,Joint analytic covariance,1,802,-0.42972748537812766,-0.4528504192121181,0.023122933833990444
IFE,Joint analytic covariance,1,803,-0.5141639859191911,-0.5020164293775697,-0.012147556541621363
IFE,Joint analytic covariance,1,804,-0.6442491900234733,-0.628918172800452,-0.015331017223021215
IFE,Joint analytic covariance,1,805,-0.15741912574726313,-0.09411362501279374,-0.06330550073446939
IFE,Joint analytic covariance,1,806,-0.5753880600743948,-0.5538467001738482,-0.02154135990054662
IFE,Joint analytic covariance,1,807,-0.3340935399560738,-0.3150363927656529,-0.019057147190420953
IFE,Joint analytic covariance,1,808,0.11424266272909711,0.16395388827134383,-0.04971122554224672
IFE,Joint analytic covariance,1,809,-0.6246142332671785,-0.6259691297486887,0.001354896481510215
IFE,Joint analytic covariance,1,810,-0.15533198238453916,-0.2058726088673567,0.05054062648281754
IFE,Joint analytic covariance,1,811,-0.10867370366274487,-0.06790854582377437,-0.0407651578389705
IFE,Joint analytic covariance,1,812,-0.09910480521862763,-0.15461955869852317,0.05551475347989554
IFE,Joint analytic covariance,1,813,-0.4382488605148983,-0.42302096483392615,-0.015227895680972159
IFE,Joint analytic covariance,1,814,0.018569154207417782,0.04756945051470285,-0.029000296307285067
IFE,Joint analytic covariance,1,815,-0.147736393256784,-0.22870859568315383,0.08097220242636982
IFE,Joint analytic covariance,1,816,-0.30995434673736844,-0.2822592565710491,-0.027695090166319325
IFE,Joint analytic covariance,1,817,-0.6515191530344142,-0.6760289854236836,0.024509832389269404
IFE,Joint analytic covariance,1,818,-0.4156856373073443,-0.4008479615680184,-0.014837675739325928
IFE,Joint analytic covariance,1,819,-0.11984699062127846,-0.11170103501155226,-0.008145955609726196
IFE,Joint analytic covariance,1,820,-0.33766054256759526,-0.3384673999516561,8.068573840608328e-4
IFE,Joint analytic covariance,1,821,-0.18733707730491767,-0.1436591403163553,-0.04367793698856237
IFE,Joint analytic covariance,1,822,-0.2923325386400616,-0.25614914478351614,-0.036183393856545454
IFE,Joint analytic covariance,1,823,-0.496622129014903,-0.43610066267082603,-0.06052146634407696
IFE,Joint analytic covariance,1,824,-0.6883031898397411,-0.6644928563284334,-0.02381033351130779
IFE,Joint analytic covariance,1,825,-0.3543043132453746,-0.38016687712149866,0.025862563876124067
IFE,Joint analytic covariance,1,826,-0.5616957262891535,-0.5648923112270785,0.0031965849379249622
IFE,Joint analytic covariance,1,827,0.053440024309733714,-0.08525130569935635,0.13869133000909006
IFE,Joint analytic covariance,1,828,-0.39306252757452187,-0.4490876525598524,0.05602512498533052
IFE,Joint analytic covariance,1,829,0.18474988438217177,0.08134172693388608,0.10340815744828569
IFE,Joint analytic covariance,1,830,-0.6365813518929082,-0.6539726981088877,0.017391346215979486
IFE,Joint analytic covariance,1,831,-0.16547263439951365,-0.09952693086107833,-0.06594570353843532
IFE,Joint analytic covariance,1,832,-0.5318396651630939,-0.49335485559893255,-0.03848480956416134
IFE,Joint analytic covariance,1,833,-0.19685040322201453,-0.16818211912692949,-0.02866828409508504
IFE,Joint analytic covariance,1,834,-0.7585444292715119,-0.7722343476396072,0.0136899183680953
IFE,Joint analytic covariance,1,835,-0.48540215375692863,-0.49001343102270833,0.004611277265779701
IFE,Joint analytic covariance,1,836,-0.6627005013528124,-0.6591860118509216,-0.003514489501890816
IFE,Joint analytic covariance,1,837,-0.5454764474019618,-0.5074737599468547,-0.03800268745510704
IFE,Joint analytic covariance,1,838,-0.47234884030892776,-0.49850279389791785,0.026153953588990086
IFE,Joint analytic covariance,1,839,-0.4728281344637798,-0.49489588252785954,0.02206774806407974
IFE,Joint analytic covariance,1,840,-0.6405327431178,-0.634918839642826,-0.005613903474973925
IFE,Joint analytic covariance,1,841,-0.694225707804071,-0.6976287407393786,0.003403032935307637
IFE,Joint analytic covariance,1,842,-0.0034729513942468593,-0.021757751557335725,0.018284800163088866
IFE,Joint analytic covariance,1,843,-0.36835116820999836,-0.34261436671761014,-0.025736801492388217
IFE,Joint analytic covariance,1,844,0.35215461293627204,0.420045052171681,-0.06789043923540894
IFE,Joint analytic covariance,1,845,-0.43058239709354074,-0.47861217145872026,0.04802977436517952
IFE,Joint analytic covariance,1,846,-0.38339747029799676,-0.3927559700217911,0.009358499723794322
IFE,Joint analytic covariance,1,847,-0.6369461230244119,-0.6710878522788406,0.03414172925442871
IFE,Joint analytic covariance,1,848,-0.5078668941063816,-0.5045230322354897,-0.003343861870891973
IFE,Joint analytic covariance,1,849,-0.11164456302402836,-0.09169315458187799,-0.019951408442150376
IFE,Joint analytic covariance,1,850,-0.5788935932517593,-0.5609554383499546,-0.017938154901804615
IFE,Joint analytic covariance,1,851,-0.7378363130230736,-0.7400592693158895,0.002222956292815881
IFE,Joint analytic covariance,1,852,-0.4860872719789153,-0.506199023858086,0.020111751879170692
IFE,Joint analytic covariance,1,853,-0.33833758271139824,-0.31493383867927294,-0.023403744032125307
IFE,Joint analytic covariance,1,854,-0.39932155063889574,-0.38116292463670676,-0.018158626002188982
IFE,Joint analytic covariance,1,855,-0.48775492504982887,-0.4881964574420057,4.415323921768133e-4
IFE,Joint analytic covariance,1,856,-0.5438727419911668,-0.5147238184859323,-0.02914892350523446
IFE,Joint analytic covariance,1,857,-0.37245451733877377,-0.3613076720957703,-0.011146845243003467
IFE,Joint analytic covariance,1,858,-0.31468997245063934,-0.3627703347947503,0.04808036234411095
IFE,Joint analytic covariance,1,859,0.04777200379675217,-0.010622152865453205,0.058394156662205376
IFE,Joint analytic covariance,1,860,-0.7051551351840277,-0.6860094566376955,-0.0191456785463322
IFE,Joint analytic covariance,1,861,-0.10474911898725392,-0.16190582510925033,0.057156706121996415
IFE,Joint analytic covariance,1,862,-0.06312902918140184,-0.06119159417439335,-0.0019374350070084922
IFE,Joint analytic covariance,1,863,0.09518884783768611,0.04892095782367423,0.04626789001401188
IFE,Joint analytic covariance,1,864,-0.5928007218659717,-0.5606108261357263,-0.03218989573024533
IFE,Joint analytic covariance,1,865,-0.4436870983488832,-0.4350577429054372,-0.008629355443446007
IFE,Joint analytic covariance,1,866,-0.4136023569984889,-0.42631913631578133,0.012716779317292426
IFE,Joint analytic covariance,1,867,-0.20973713012659934,-0.2854032718160636,0.07566614168946428
IFE,Joint analytic covariance,1,868,-0.6893934891018763,-0.6785117597980845,-0.01088172930379172
IFE,Joint analytic covariance,1,869,-0.3213119583785137,-0.34819205862380576,0.026880100245292082
IFE,Joint analytic covariance,1,870,-0.31937920861206714,-0.35934878610016074,0.0399695774880936
IFE,Joint analytic covariance,1,871,-0.41139671832266156,-0.36629728494007763,-0.04509943338258393
IFE,Joint analytic covariance,1,872,-0.4830334019859559,-0.47735743923447516,-0.005675962751480745
IFE,Joint analytic covariance,1,873,-0.4520248555931382,-0.43321118197535546,-0.018813673617782745
IFE,Joint analytic covariance,1,874,-0.13617757294157395,-0.1586980569418982,0.022520484000324248
IFE,Joint analytic covariance,1,875,-0.6992964066496361,-0.6703526310817203,-0.02894377556791583
IFE,Joint analytic covariance,1,876,-0.6330786626892209,-0.6307760795735569,-0.002302583115664003
IFE,Joint analytic covariance,1,877,-0.06491375334943361,-0.028123049549084955,-0.036790703800348656
IFE,Joint analytic covariance,1,878,-0.5581317611077887,-0.520519240990937,-0.03761252011685168
IFE,Joint analytic covariance,1,879,-0.5097295380648433,-0.5056214569330633,-0.0041080811317800725
IFE,Joint analytic covariance,1,880,-0.07185944770985264,-0.07791364152951452,0.006054193819661879
IFE,Joint analytic covariance,1,881,-0.6227841528545548,-0.6195362153471085,-0.0032479375074463412
IFE,Joint analytic covariance,1,882,-0.3048067504361598,-0.2978391749688236,-0.006967575467336173
IFE,Joint analytic covariance,1,883,-0.4764306654128637,-0.4749713412377595,-0.001459324175104193
IFE,Joint analytic covariance,1,884,-0.39670314259432704,-0.38189972415481743,-0.014803418439509608
IFE,Joint analytic covariance,1,885,-0.6857577507500532,-0.6704261780726115,-0.015331572677441674
IFE,Joint analytic covariance,1,886,-0.19867714442215612,-0.19211474819535546,-0.00656239622680066
IFE,Joint analytic covariance,1,887,-0.6632998373560632,-0.6683818651583691,0.005082027802305822
IFE,Joint analytic covariance,1,888,-0.6902308806734669,-0.6795144585857045,-0.010716422087762467
IFE,Joint analytic covariance,1,889,-0.2839734146920868,-0.44667978938168607,0.16270637468959925
IFE,Joint analytic covariance,1,890,-0.2603677324085123,-0.24366396074676733,-0.01670377166174497
IFE,Joint analytic covariance,1,891,-0.27175185149881165,-0.27745777744255407,0.005705925943742418
IFE,Joint analytic covariance,1,892,-0.47564204462113235,-0.4628042465342773,-0.012837798086855035
IFE,Joint analytic covariance,1,893,-0.6889508427037614,-0.6776267792356593,-0.011324063468102108
IFE,Joint analytic covariance,1,894,-0.2418426148175319,-0.21138521453347525,-0.030457400284056635
IFE,Joint analytic covariance,1,895,-0.37742620206042177,-0.3125055366690819,-0.0649206653913399
IFE,Joint analytic covariance,1,896,-0.4246559231847117,-0.41918017722817724,-0.005475745956534439
IFE,Joint analytic covariance,1,897,-0.07448456724868013,-0.006140869610301136,-0.068343697638379
IFE,Joint analytic covariance,1,898,-0.42392886213112313,-0.41529049037238575,-0.008638371758737384
IFE,Joint analytic covariance,1,899,0.5882459641786182,0.38738193069641946,0.20086403348219872
IFE,Joint analytic covariance,1,900,-0.3228442294168802,-0.33818351734287466,0.015339287925994483
IFE,Joint analytic covariance,1,901,-0.25637869603063634,-0.23828442352752066,-0.018094272503115683
IFE,Joint analytic covariance,1,902,-0.6656994494692892,-0.6422696377071115,-0.02342981176217762
IFE,Joint analytic covariance,1,903,-0.6431994700599859,-0.6298135337583235,-0.013385936301662404
IFE,Joint analytic covariance,1,904,-0.5621525010096482,-0.5762199490103754,0.014067448000727234
IFE,Joint analytic covariance,1,905,-0.4532058450076162,-0.44853706241381697,-0.0046687825937992145
IFE,Joint analytic covariance,1,906,-0.2953307559439158,-0.2829563872116134,-0.012374368732302354
IFE,Joint analytic covariance,1,907,-0.7467487054503757,-0.7667690358966784,0.020020330446302692
IFE,Joint analytic covariance,1,908,-0.6684026828203086,-0.6224506108340124,-0.04595207198629614
IFE,Joint analytic covariance,1,909,-0.5507463022293217,-0.544313112053485,-0.006433190175836767
IFE,Joint analytic covariance,1,910,-0.3113300409953875,-0.29880597572350265,-0.012524065271884877
IFE,Joint analytic covariance,1,911,-0.5678552956050996,-0.5581428176964642,-0.009712477908635386
IFE,Joint analytic covariance,1,912,-0.703293145573241,-0.6673871601878154,-0.035905985385425554
IFE,Joint analytic covariance,1,913,-0.3740228493632374,-0.3327062790631078,-0.041316570300129585
IFE,Joint analytic covariance,1,914,-0.5947092768119799,-0.5605814038976753,-0.034127872914304636
IFE,Joint analytic covariance,1,915,-0.26614013401416214,-0.23294648729438794,-0.033193646719774206
IFE,Joint analytic covariance,1,916,-0.2854698820093964,-0.2467869534153797,-0.038682928594016674
IFE,Joint analytic covariance,1,917,-0.052055811059734225,-0.04183302055727067,-0.010222790502463552
IFE,Joint analytic covariance,1,918,-0.47614444215461826,-0.4582218499417965,-0.017922592212821775
IFE,Joint analytic covariance,1,919,-0.6399447508039244,-0.6436103691545659,0.0036656183506414974
IFE,Joint analytic covariance,1,920,-0.5771278073184698,-0.5987798650944949,0.02165205777602508
IFE,Joint analytic covariance,1,921,-0.7050115173566076,-0.7176874736106733,0.012675956254065701
IFE,Joint analytic covariance,1,922,-0.36757360056200583,-0.36673016580041706,-8.434347615887683e-4
IFE,Joint analytic covariance,1,923,-0.6278442195353938,-0.6267733560327091,-0.0010708635026847046
IFE,Joint analytic covariance,1,924,-0.5109244412288594,-0.4666688661289313,-0.04425557509992806
IFE,Joint analytic covariance,1,925,-0.34256031381470864,-0.34872783664267126,0.006167522827962624
IFE,Joint analytic covariance,1,926,-0.35049470630155866,-0.3319235020528518,-0.01857120424870684
IFE,Joint analytic covariance,1,927,-0.7031040130950985,-0.6907652607924422,-0.012338752302656353
IFE,Joint analytic covariance,1,928,-0.4859818567739217,-0.4297855878017043,-0.05619626897221741
IFE,Joint analytic covariance,1,929,-0.6092217685938631,-0.5580644949773774,-0.0511572736164857
IFE,Joint analytic covariance,1,930,-0.6509153526789289,-0.6518210548025141,9.057021235852059e-4
IFE,Joint analytic covariance,1,931,-0.39084100293606594,-0.3760922628841248,-0.014748740051941156
IFE,Joint analytic covariance,1,932,0.003985584293598965,0.014425733950337971,-0.010440149656739006
IFE,Joint analytic covariance,1,933,-0.305735147314422,-0.30317851470998813,-0.0025566326044338394
IFE,Joint analytic covariance,1,934,-0.14750814703061776,-0.16698864558837312,0.019480498557755355
IFE,Joint analytic covariance,1,935,-0.4901600283717621,-0.4940455031769614,0.003885474805199296
IFE,Joint analytic covariance,1,936,-0.20885523806785855,-0.26051790236754846,0.05166266429968991
IFE,Joint analytic covariance,1,937,-0.10754303212861094,-0.1214776206737519,0.013934588545140958
IFE,Joint analytic covariance,1,938,-0.6332086340393441,-0.5979614728715943,-0.03524716116774984
IFE,Joint analytic covariance,1,939,-0.7052645452363477,-0.6947699746185825,-0.010494570617765264
IFE,Joint analytic covariance,1,940,-0.5932420405842577,-0.5489435458561664,-0.04429849472809122
IFE,Joint analytic covariance,1,941,-0.34429631025073537,-0.31481708085148763,-0.02947922939924774
IFE,Joint analytic covariance,1,942,-0.6698172835609892,-0.6725731544133411,0.0027558708523518494
IFE,Joint analytic covariance,1,943,-0.35302678890726924,-0.28028042891555316,-0.07274635999171608
IFE,Joint analytic covariance,1,944,-0.39245359467550456,-0.37569778918632757,-0.01675580548917699
IFE,Joint analytic covariance,1,945,-0.3397024781867034,-0.3300028459853215,-0.009699632201381925
IFE,Joint analytic covariance,1,946,-0.38771170559062074,-0.4415173454115162,0.05380563982089548
IFE,Joint analytic covariance,1,947,-0.6216063705028285,-0.6247996332088127,0.00319326270598419
IFE,Joint analytic covariance,1,948,-0.3328385519599617,-0.3867757325734823,0.0539371806135206
IFE,Joint analytic covariance,1,949,-0.5256857858858314,-0.48097957300933525,-0.04470621287649612
IFE,Joint analytic covariance,1,950,-0.5112452739335676,-0.519658826900444,0.008413552966876403
IFE,Joint analytic covariance,1,951,-0.5041936808193037,-0.4798947605396289,-0.02429892027967484
IFE,Joint analytic covariance,1,952,-0.5724585667154758,-0.5524932292948745,-0.019965337420601248
IFE,Joint analytic covariance,1,953,-0.6677109515120843,-0.6608968272153093,-0.0068141242967749704
IFE,Joint analytic covariance,1,954,-0.30884556889958115,-0.29609914619868705,-0.0127464227008941
IFE,Joint analytic covariance,1,955,-0.2768469271748676,-0.34302578769231606,0.06617886051744848
IFE,Joint analytic covariance,1,956,-0.6423711339704624,-0.66216509037852,0.01979395640805759
IFE,Joint analytic covariance,1,957,-0.7276439238562094,-0.7314075789883359,0.003763655132126509
IFE,Joint analytic covariance,1,958,-0.5389420056961396,-0.5441086045939559,0.0051665988978163435
IFE,Joint analytic covariance,1,959,-0.45475762412692655,-0.507234368930572,0.0524767448036455
IFE,Joint analytic covariance,1,960,-0.7157037095365505,-0.6922987607077727,-0.02340494882877775
IFE,Joint analytic covariance,1,961,-0.1377255624747452,-0.0939889122629527,-0.043736650211792516
IFE,Joint analytic covariance,1,962,-0.632882166673391,-0.6479503628332445,0.015068196159853442
IFE,Joint analytic covariance,1,963,-0.3510744824640627,-0.3082457146553059,-0.042828767808756774
IFE,Joint analytic covariance,1,964,0.03742263697093806,0.05068507552400914,-0.013262438553071076
IFE,Joint analytic covariance,1,965,0.09852184930006413,0.0220829077310698,0.07643894156899433
IFE,Joint analytic covariance,1,966,-0.3009708815654214,-0.29629755751898423,-0.004673324046437166
IFE,Joint analytic covariance,1,967,-0.6957532279563372,-0.6661688919865248,-0.02958433596981236
IFE,Joint analytic covariance,1,968,-0.6214163821481995,-0.623719164749062,0.002302782600862474
IFE,Joint analytic covariance,1,969,-0.6018828675478688,-0.5939193832898876,-0.007963484257981213
IFE,Joint analytic covariance,1,970,-0.5412234933575473,-0.5394670730760163,-0.0017564202815310015
IFE,Joint analytic covariance,1,971,-0.2883420178654684,-0.2578642980149205,-0.030477719850547924
IFE,Joint analytic covariance,1,972,-0.2762467955056427,-0.3158917989252479,0.039645003419605196
IFE,Joint analytic covariance,1,973,-0.39461697809067764,-0.35590613530116344,-0.0387108427895142
IFE,Joint analytic covariance,1,974,-0.5898453154192398,-0.5689410331669461,-0.020904282252293682
IFE,Joint analytic covariance,1,975,-0.34585453816203526,-0.22594369401790337,-0.11991084414413189
IFE,Joint analytic covariance,1,976,-0.6465243285963148,-0.6147579618017025,-0.03176636679461231
IFE,Joint analytic covariance,1,977,-0.26465624090742124,-0.32290819540918236,0.05825195450176113
IFE,Joint analytic covariance,1,978,-0.33666638226934587,-0.2878111119033002,-0.048855270366045644
IFE,Joint analytic covariance,1,979,-0.22208729399504867,-0.2163581438096983,-0.005729150185350362
IFE,Joint analytic covariance,1,980,0.03780130100612844,0.13883975812181526,-0.10103845711568682
IFE,Joint analytic covariance,1,981,-0.4022546268283156,-0.3888263368580194,-0.013428289970296214
IFE,Joint analytic covariance,1,982,-0.6511935923083267,-0.6180146810064466,-0.03317891130188011
IFE,Joint analytic covariance,1,983,-0.24680568611030884,-0.44950506209115726,0.20269937598084842
IFE,Joint analytic covariance,1,984,-0.3040164214431139,-0.23025131995235948,-0.07376510149075444
IFE,Joint analytic covariance,1,985,-0.6086425219783865,-0.6039393428040456,-0.004703179174340932
IFE,Joint analytic covariance,1,986,-0.3134918208898433,-0.2917049155197782,-0.021786905370065113
IFE,Joint analytic covariance,1,987,-0.2668420231925035,-0.24447500393958554,-0.022367019252917952
IFE,Joint analytic covariance,1,988,-0.7242942048743062,-0.7140943184398514,-0.010199886434454797
IFE,Joint analytic covariance,1,989,-0.551714983150564,-0.557035718560656,0.005320735410092037
IFE,Joint analytic covariance,1,990,-0.4536354172502335,-0.42415276594350493,-0.029482651306728558
IFE,Joint analytic covariance,1,991,-0.4980969485457126,-0.49898201050599467,8.850619602820409e-4
IFE,Joint analytic covariance,1,992,-0.4207032916560276,-0.3925283901132077,-0.028174901542819875
IFE,Joint analytic covariance,1,993,-0.3284554171613785,-0.32504862163224724,-0.003406795529131257
IFE,Joint analytic covariance,1,994,-0.4408861422850916,-0.41324699396999465,-0.02763914831509695
IFE,Joint analytic covariance,1,995,0.6026159858843247,0.39622285454405226,0.20639313134027248
IFE,Joint analytic covariance,1,996,-0.4228153324216257,-0.4259397528219676,0.0031244204003418874
IFE,Joint analytic covariance,1,997,-0.46750213738866064,-0.44928822716594374,-0.0182139102227169
IFE,Joint analytic covariance,1,998,-0.34415744192184283,-0.3509294157610988,0.006771973839255985
IFE,Joint analytic covariance,1,999,0.007648835560665201,0.004078564084027736,0.0035702714766374655
IFE,Joint analytic covariance,1,1000,0.031108656508436416,-0.17629074726215554,0.20739940377059196
IFE,Joint analytic covariance,2,1,-0.2300194681106904,-0.31204573039545236,0.08202626228476195
IFE,Joint analytic covariance,2,2,-0.507821077818405,-0.5144048935930965,0.0065838157746914705
IFE,Joint analytic covariance,2,3,-0.5379105469924973,-0.5030421029592853,-0.03486844403321199
IFE,Joint analytic covariance,2,4,-0.7427441122927301,-0.7229939788079114,-0.019750133484818688
IFE,Joint analytic covariance,2,5,0.351425388374508,0.25849628668833247,0.09292910168617552
IFE,Joint analytic covariance,2,6,-0.1072066547930397,-0.22530475326657318,0.11809809847353347
IFE,Joint analytic covariance,2,7,1.108456280369682,0.7035048742973264,0.4049514060723556
IFE,Joint analytic covariance,2,8,-0.3974000040093021,-0.3904722270601034,-0.006927776949198661
IFE,Joint analytic covariance,2,9,0.06877165538573204,-0.21967744710925807,0.2884491024949901
IFE,Joint analytic covariance,2,10,-0.4808926004379388,-0.501683281904781,0.020790681466842154
IFE,Joint analytic covariance,2,11,-0.7085738111789562,-0.7292398254560535,0.020666014277097244
IFE,Joint analytic covariance,2,12,-0.025746244867966617,-0.005113426813269539,-0.020632818054697077
IFE,Joint analytic covariance,2,13,-0.5769458307450049,-0.559396823702565,-0.01754900704243989
IFE,Joint analytic covariance,2,14,-0.28814079622071453,-0.3040066189959112,0.01586582277519666
IFE,Joint analytic covariance,2,15,-0.03844773275948854,-0.06555947161774034,0.0271117388582518
IFE,Joint analytic covariance,2,16,-0.2007516642921645,-0.30932545758565566,0.10857379329349115
IFE,Joint analytic covariance,2,17,-0.7044489121815408,-0.7282899801603994,0.023841067978858543
IFE,Joint analytic covariance,2,18,-0.4017968120673241,-0.3411279711161649,-0.06066884095115921
IFE,Joint analytic covariance,2,19,-0.14657071593216653,-0.24114196521778053,0.094571249285614
IFE,Joint analytic covariance,2,20,-0.09269311309449346,-0.24408433683764041,0.15139122374314695
IFE,Joint analytic covariance,2,21,0.6221893385078345,0.5068481439092951,0.11534119459853942
IFE,Joint analytic covariance,2,22,-0.5078405559768856,-0.5319566001051238,0.0241160441282382
IFE,Joint analytic covariance,2,23,0.5953839628799775,0.5319322710548491,0.06345169182512844
IFE,Joint analytic covariance,2,24,-0.7738612149479595,-0.76895184041595,-0.004909374532009458
IFE,Joint analytic covariance,2,25,-0.49967989223465537,-0.5801842398762438,0.08050434764158843
IFE,Joint analytic covariance,2,26,-0.6810309879842118,-0.665981859741686,-0.0150491282425258
IFE,Joint analytic covariance,2,27,-0.19711569973231513,-0.4160689579260438,0.21895325819372868
IFE,Joint analytic covariance,2,28,0.007820327681302475,0.12191493265963183,-0.11409460497832935
IFE,Joint analytic covariance,2,29,-0.14312080030699148,-0.21503180698257762,0.07191100667558614
IFE,Joint analytic covariance,2,30,-0.32167828819355726,-0.37661431898171915,0.054936030788161894
IFE,Joint analytic covariance,2,31,0.36037539091906656,0.11313694497441729,0.24723844594464928
IFE,Joint analytic covariance,2,32,-0.565589528120946,-0.5669402111102667,0.0013506829893207284
IFE,Joint analytic covariance,2,33,-0.4977454326924903,-0.5187993375287124,0.02105390483622216
IFE,Joint analytic covariance,2,34,-0.23936786590074055,-0.22827929573824257,-0.01108857016249798
IFE,Joint analytic covariance,2,35,-0.19868806726735566,-0.2551660620083016,0.05647799474094595
IFE,Joint analytic covariance,2,36,-0.5664022669649523,-0.5534161832700241,-0.012986083694928263
IFE,Joint analytic covariance,2,37,-0.5138515036322265,-0.48211892094252606,-0.03173258268970047
IFE,Joint analytic covariance,2,38,-0.5018810973454604,-0.587702895559997,0.08582179821453662
IFE,Joint analytic covariance,2,39,-0.107394309306442,-0.1854001946634638,0.0780058853570218
IFE,Joint analytic covariance,2,40,-0.5499070274077794,-0.5016182768226364,-0.048288750585143037
IFE,Joint analytic covariance,2,41,-0.07615488861053266,-0.13700058463578468,0.06084569602525203
IFE,Joint analytic covariance,2,42,-0.4429126292183536,-0.4902236233560803,0.04731099413772666
IFE,Joint analytic covariance,2,43,-0.08547531969306177,-0.2277798433107594,0.14230452361769763
IFE,Joint analytic covariance,2,44,0.5787643856568174,0.19917530412515827,0.37958908153165916
IFE,Joint analytic covariance,2,45,-0.555418027643962,-0.571181705968454,0.015763678324491992
IFE,Joint analytic covariance,2,46,-0.7287628174009702,-0.7280180919176699,-7.447254833002903e-4
IFE,Joint analytic covariance,2,47,-0.6611925044068898,-0.6530038386955934,-0.008188665711296395
IFE,Joint analytic covariance,2,48,-0.2580592024003,-0.34828978293884527,0.09023058053854527
IFE,Joint analytic covariance,2,49,0.24524163851624614,0.01317382439664172,0.23206781411960442
IFE,Joint analytic covariance,2,50,-0.6187626561766764,-0.6235878833533135,0.004825227176637137
IFE,Joint analytic covariance,2,51,0.07425187228844199,-0.14473663032113526,0.21898850260957725
IFE,Joint analytic covariance,2,52,-0.36412024618917616,-0.43820853105489677,0.07408828486572061
IFE,Joint analytic covariance,2,53,-0.4731111177323052,-0.5061289727445378,0.033017855012232644
IFE,Joint analytic covariance,2,54,0.14901370229713007,-0.028887108948783324,0.1779008112459134
IFE,Joint analytic covariance,2,55,-0.6370586140958734,-0.6972329800216069,0.06017436592573355
IFE,Joint analytic covariance,2,56,-0.3740431396939058,-0.4575816241726033,0.0835384844786975
IFE,Joint analytic covariance,2,57,-0.26461357580365263,-0.18874240421138477,-0.07587117159226786
IFE,Joint analytic covariance,2,58,-0.5278694917142704,-0.5334657450317872,0.005596253317516786
IFE,Joint analytic covariance,2,59,-0.6397514639701699,-0.686565547675547,0.046814083705377096
IFE,Joint analytic covariance,2,60,-0.19805907191324923,-0.2665857167087399,0.06852664479549064
IFE,Joint analytic covariance,2,61,-0.5895764633352556,-0.6323455216251311,0.04276905828987554
IFE,Joint analytic covariance,2,62,-0.3063612787959611,-0.3544704805482364,0.04810920175227529
IFE,Joint analytic covariance,2,63,-0.6547851651493022,-0.6635520760206888,0.00876691087138659
IFE,Joint analytic covariance,2,64,-0.133572633567411,-0.24674285644369132,0.11317022287628031
IFE,Joint analytic covariance,2,65,-0.48728935118254924,-0.4740293756539762,-0.013259975528573054
IFE,Joint analytic covariance,2,66,-0.18708441402696396,-0.17911459389293105,-0.007969820134032912
IFE,Joint analytic covariance,2,67,-4.436112263129788e-4,-0.084018241298767,0.08357463007245403
IFE,Joint analytic covariance,2,68,-0.6156532592268888,-0.5925733956739974,-0.02307986355289149
IFE,Joint analytic covariance,2,69,-0.388221107442695,-0.37451563110416175,-0.013705476338533251
IFE,Joint analytic covariance,2,70,-0.6847453434737162,-0.7583262121162615,0.07358086864254532
IFE,Joint analytic covariance,2,71,0.27520314969891735,0.15047997762337095,0.1247231720755464
IFE,Joint analytic covariance,2,72,-0.6408721755412632,-0.622586146170903,-0.01828602937036017
IFE,Joint analytic covariance,2,73,-0.6956071905960823,-0.6953822510989115,-2.249394971708396e-4
IFE,Joint analytic covariance,2,74,-0.5810480242714946,-0.5280810186060352,-0.05296700566545942
IFE,Joint analytic covariance,2,75,1.1813455779915079,0.7862731940289911,0.39507238396251676
IFE,Joint analytic covariance,2,76,-0.3730110608383346,-0.4414989238201843,0.06848786298184972
IFE,Joint analytic covariance,2,77,-0.775125846555702,-0.7769449842153132,0.0018191376596111697
IFE,Joint analytic covariance,2,78,-0.006436825181094563,-0.10063411771350717,0.0941972925324126
IFE,Joint analytic covariance,2,79,0.22305859332844724,0.20263843623108335,0.02042015709736389
IFE,Joint analytic covariance,2,80,-0.5881403062407746,-0.6420060020546923,0.05386569581391765
IFE,Joint analytic covariance,2,81,-0.5483036165772501,-0.5493991794450235,0.0010955628677733475
IFE,Joint analytic covariance,2,82,-0.11095038005883873,-0.19874849217055868,0.08779811211171995
IFE,Joint analytic covariance,2,83,0.24164302948567307,0.02700841274543353,0.21463461674023954
IFE,Joint analytic covariance,2,84,-0.7427063588017427,-0.7282151223560006,-0.014491236445742128
IFE,Joint analytic covariance,2,85,-0.16156629823766866,-0.25093143395573614,0.08936513571806748
IFE,Joint analytic covariance,2,86,-0.009703432837519732,0.01641253663603237,-0.026115969473552103
IFE,Joint analytic covariance,2,87,0.4594892859409365,0.3562403456507497,0.10324894029018683
IFE,Joint analytic covariance,2,88,-0.2293143422907168,-0.29247734307977635,0.06316300078905956
IFE,Joint analytic covariance,2,89,-0.3553393097127382,-0.5311587572164826,0.17581944750374445
IFE,Joint analytic covariance,2,90,-0.46946390949276073,-0.45903256969363737,-0.010431339799123363
IFE,Joint analytic covariance,2,91,0.5875713012795432,0.293123947956075,0.29444735332346816
IFE,Joint analytic covariance,2,92,-0.29998762268448353,-0.3971377312810387,0.09715010859655515
IFE,Joint analytic covariance,2,93,-0.45369330503811434,-0.48353157125285295,0.029838266214738618
IFE,Joint analytic covariance,2,94,-0.6754152273400733,-0.690772101851747,0.015356874511673668
IFE,Joint analytic covariance,2,95,-0.7312672990576944,-0.7159168500828741,-0.015350448974820297
IFE,Joint analytic covariance,2,96,-0.6000178002447722,-0.5898100459177722,-0.010207754327000051
IFE,Joint analytic covariance,2,97,-0.7745348509630736,-0.7689786861000791,-0.005556164862994484
IFE,Joint analytic covariance,2,98,0.02168317697604838,-0.07764297504378859,0.09932615201983697
IFE,Joint analytic covariance,2,99,-0.21069759476417382,-0.31872310064454534,0.10802550588037152
IFE,Joint analytic covariance,2,100,-0.6636268648134565,-0.6405384630172317,-0.023088401796224733
IFE,Joint analytic covariance,2,101,-0.7489696486988779,-0.7870761533643346,0.03810650466545662
IFE,Joint analytic covariance,2,102,-0.7198174920752552,-0.7202940814835476,4.765894082923161e-4
IFE,Joint analytic covariance,2,103,-0.16577846612368285,-0.2705652971910707,0.10478683106738784
IFE,Joint analytic covariance,2,104,-0.5058927676997635,-0.5278687778031501,0.021976010103386567
IFE,Joint analytic covariance,2,105,-0.5092900382738793,-0.5111643284232171,0.0018742901493378206
IFE,Joint analytic covariance,2,106,-0.16081729453550986,-0.0932313014090681,-0.06758599312644176
IFE,Joint analytic covariance,2,107,-0.2892704078960673,-0.2989274783457907,0.009657070449723415
IFE,Joint analytic covariance,2,108,-0.5785060073309578,-0.5381977759759052,-0.04030823135505257
IFE,Joint analytic covariance,2,109,-0.6759794131584544,-0.6694140854753065,-0.006565327683147992
IFE,Joint analytic covariance,2,110,-0.546517476676981,-0.5690753762056582,0.02255789952867715
IFE,Joint analytic covariance,2,111,1.5868715543114207,0.9937103162320866,0.5931612380793341
IFE,Joint analytic covariance,2,112,0.1433652604327702,-0.2722313066618559,0.4155965670946261
IFE,Joint analytic covariance,2,113,-0.021357631309517955,-0.08987103852744527,0.06851340721792731
IFE,Joint analytic covariance,2,114,-0.7708236422178447,-0.7925219572143409,0.021698314996496215
IFE,Joint analytic covariance,2,115,-0.11274261593897783,-0.3615946881694936,0.24885207223051575
IFE,Joint analytic covariance,2,116,-0.6312248931071611,-0.5960938817227012,-0.035131011384459954
IFE,Joint analytic covariance,2,117,-0.023597782851125237,-0.17224900290431966,0.14865122005319442
IFE,Joint analytic covariance,2,118,-0.2298461368001793,-0.2707913217950474,0.0409451849948681
IFE,Joint analytic covariance,2,119,-0.2448773079477834,-0.33466534450325036,0.08978803655546697
IFE,Joint analytic covariance,2,120,-0.5456275158425965,-0.49054001087452126,-0.05508750496807524
IFE,Joint analytic covariance,2,121,-0.35247186886245485,-0.36761528008710864,0.015143411224653791
IFE,Joint analytic covariance,2,122,-0.83905715731537,-0.8571568978780707,0.018099740562700695
IFE,Joint analytic covariance,2,123,0.14835048926919514,0.05749977613397439,0.09085071313522075
IFE,Joint analytic covariance,2,124,-0.30291588422728233,-0.2404380596147495,-0.06247782461253282
IFE,Joint analytic covariance,2,125,-0.5280613943809005,-0.48526336596424435,-0.04279802841665614
IFE,Joint analytic covariance,2,126,-0.2350164086653268,-0.28162412360359335,0.04660771493826654
IFE,Joint analytic covariance,2,127,0.05166598269676781,-0.08133932781305897,0.13300531050982678
IFE,Joint analytic covariance,2,128,-0.6421052984431876,-0.6874866367932579,0.0453813383500703
IFE,Joint analytic covariance,2,129,-0.5330953309218842,-0.5859067737785785,0.05281144285669426
IFE,Joint analytic covariance,2,130,-0.6865705514139888,-0.6731079139953241,-0.013462637418664714
IFE,Joint analytic covariance,2,131,-0.41388254901785426,-0.3897867521860078,-0.024095796831846483
IFE,Joint analytic covariance,2,132,-0.22236636479249583,-0.31584249640605777,0.09347613161356194
IFE,Joint analytic covariance,2,133,-0.6786625043827788,-0.6957672817958438,0.017104777413065042
IFE,Joint analytic covariance,2,134,-0.771971077199793,-0.7956177332614546,0.02364665606166161
IFE,Joint analytic covariance,2,135,-0.17649363869721268,-0.3764241138054045,0.19993047510819184
IFE,Joint analytic covariance,2,136,-0.6310279652704749,-0.6342305277908302,0.0032025625203553343
IFE,Joint analytic covariance,2,137,-0.3816971135981353,-0.41120556111846385,0.02950844752032855
IFE,Joint analytic covariance,2,138,-0.31431023199952945,-0.3388310230384308,0.02452079103890137
IFE,Joint analytic covariance,2,139,-0.40077366669046977,-0.466885781217514,0.06611211452704424
IFE,Joint analytic covariance,2,140,-0.6521353486914316,-0.677845601762245,0.025710253070813316
IFE,Joint analytic covariance,2,141,-0.676980489910491,-0.7210459163665788,0.0440654264560878
IFE,Joint analytic covariance,2,142,-0.49436874551554866,-0.4864664489296111,-0.007902296585937552
IFE,Joint analytic covariance,2,143,-0.5789626005416615,-0.6165448455412165,0.03758224499955498
IFE,Joint analytic covariance,2,144,-0.27922332182017395,-0.4108449724100761,0.13162165058990216
IFE,Joint analytic covariance,2,145,-0.3872962415179476,-0.3491074956383493,-0.03818874587959831
IFE,Joint analytic covariance,2,146,-0.5951329970596381,-0.6183529821865524,0.023219985126914366
IFE,Joint analytic covariance,2,147,0.18826611082733158,0.059055186294204365,0.12921092453312721
IFE,Joint analytic covariance,2,148,-0.5685228886462186,-0.5001787077293772,-0.06834418091684136
IFE,Joint analytic covariance,2,149,-0.512753849911273,-0.5602522231320226,0.04749837322074957
IFE,Joint analytic covariance,2,150,-0.20689443114488204,-0.37866586726921325,0.1717714361243312
IFE,Joint analytic covariance,2,151,0.5956247206030354,0.49644864042534187,0.09917608017769353
IFE,Joint analytic covariance,2,152,-0.6368122643745915,-0.6423254705418677,0.005513206167276241
IFE,Joint analytic covariance,2,153,-0.4592990914727527,-0.5051649330108581,0.045865841538105356
IFE,Joint analytic covariance,2,154,-0.09810409110008111,-0.2065908439676245,0.10848675286754339
IFE,Joint analytic covariance,2,155,-0.16685075616747336,-0.44846974611319657,0.2816189899457232
IFE,Joint analytic covariance,2,156,-0.4532925452721567,-0.5454396376845068,0.09214709241235008
IFE,Joint analytic covariance,2,157,-0.32974832142186383,-0.3891845543279785,0.05943623290611466
IFE,Joint analytic covariance,2,158,-0.1880342565965768,-0.2904494609132653,0.10241520431668849
IFE,Joint analytic covariance,2,159,-0.4834850345550358,-0.5074218100538425,0.023936775498806684
IFE,Joint analytic covariance,2,160,-0.20590911396833456,-0.2654549290363438,0.05954581506800927
IFE,Joint analytic covariance,2,161,-0.550328467542935,-0.5687542780765072,0.018425810533572284
IFE,Joint analytic covariance,2,162,-0.24001877011805806,-0.36625779485533416,0.1262390247372761
IFE,Joint analytic covariance,2,163,-0.4100074996965378,-0.5246131832721312,0.11460568357559342
IFE,Joint analytic covariance,2,164,-0.4114699000672586,-0.47662063104833385,0.06515073098107527
IFE,Joint analytic covariance,2,165,-0.38400872268610486,-0.47986552554223694,0.09585680285613207
IFE,Joint analytic covariance,2,166,-0.22588561743109958,-0.19390344048119068,-0.0319821769499089
IFE,Joint analytic covariance,2,167,-0.463956178891325,-0.504219862933879,0.04026368404255398
IFE,Joint analytic covariance,2,168,-0.13908104249258102,-0.27821766686061133,0.13913662436803031
IFE,Joint analytic covariance,2,169,0.37155386871062457,0.26851229066413684,0.10304157804648773
IFE,Joint analytic covariance,2,170,-0.014209210572851627,-0.07981169069968974,0.06560248012683811
IFE,Joint analytic covariance,2,171,-0.24751762231130858,-0.4003419034155171,0.15282428110420854
IFE,Joint analytic covariance,2,172,-0.5540251464268984,-0.7024630435396542,0.1484378971127558
IFE,Joint analytic covariance,2,173,-0.673772729834855,-0.7289931333512225,0.05522040351636748
IFE,Joint analytic covariance,2,174,-0.529850080378305,-0.5775933874795824,0.04774330710127739
IFE,Joint analytic covariance,2,175,-0.4773102841785243,-0.42307981807781314,-0.05423046610071114
IFE,Joint analytic covariance,2,176,-0.4995212035460669,-0.6845603525220377,0.18503914897597085
IFE,Joint analytic covariance,2,177,-0.5027093597802793,-0.5551514657438138,0.05244210596353449
IFE,Joint analytic covariance,2,178,-0.6302971737944917,-0.6100436872092649,-0.020253486585226743
IFE,Joint analytic covariance,2,179,0.30471244508900663,0.39036129414084675,-0.08564884905184011
IFE,Joint analytic covariance,2,180,-0.6635347559409339,-0.6179396026285559,-0.04559515331237807
IFE,Joint analytic covariance,2,181,-0.032081978564849845,-0.16095483558053014,0.1288728570156803
IFE,Joint analytic covariance,2,182,-0.6783087103326895,-0.6688635496550397,-0.009445160677649778
IFE,Joint analytic covariance,2,183,-0.23871793757650828,-0.35964585490447165,0.12092791732796337
IFE,Joint analytic covariance,2,184,-0.450639133628566,-0.5429566144266645,0.09231748079809854
IFE,Joint analytic covariance,2,185,-0.33602473034776414,-0.5401671449742083,0.2041424146264441
IFE,Joint analytic covariance,2,186,-0.33950701439801456,-0.29407432312453563,-0.04543269127347893
IFE,Joint analytic covariance,2,187,-0.6190420792144701,-0.642977883194956,0.023935803980485892
IFE,Joint analytic covariance,2,188,-0.14392044850874286,-0.29747516863791224,0.15355472012916938
IFE,Joint analytic covariance,2,189,-0.4960180324747828,-0.5693665941173818,0.07334856164259895
IFE,Joint analytic covariance,2,190,-0.8286141091558555,-0.8166088719564691,-0.012005237199386398
IFE,Joint analytic covariance,2,191,-0.2326681049713003,-0.31887023873713494,0.08620213376583463
IFE,Joint analytic covariance,2,192,-0.32275460121116883,-0.45523726548283006,0.13248266427166122
IFE,Joint analytic covariance,2,193,-0.0616732510097604,-0.26594638219447553,0.20427313118471513
IFE,Joint analytic covariance,2,194,-0.7293977513549559,-0.7606399463187165,0.031242194963760572
IFE,Joint analytic covariance,2,195,-0.731666508771628,-0.7475131208887286,0.01584661211710059
IFE,Joint analytic covariance,2,196,-0.6291005995616477,-0.6349027318108783,0.0058021322492306515
IFE,Joint analytic covariance,2,197,-0.09041609213680113,-0.05933085032902086,-0.031085241807780273
IFE,Joint analytic covariance,2,198,0.18776208497546443,0.03174344193279821,0.15601864304266622
IFE,Joint analytic covariance,2,199,-0.45687623384907217,-0.5503470718688352,0.09347083801976308
IFE,Joint analytic covariance,2,200,-0.5604716046175395,-0.6481621937618595,0.08769058914431993
IFE,Joint analytic covariance,2,201,-0.30398246509301485,-0.36840154222797183,0.06441907713495698
IFE,Joint analytic covariance,2,202,-0.40356307148886283,-0.43385267676356687,0.030289605274704035
IFE,Joint analytic covariance,2,203,-0.5004260004179759,-0.4966360406502396,-0.0037899597677363284
IFE,Joint analytic covariance,2,204,-0.711785518985401,-0.7286023826306464,0.016816863645245372
IFE,Joint analytic covariance,2,205,-0.03804000025568621,-0.09138722875412375,0.05334722849843754
IFE,Joint analytic covariance,2,206,-0.4325113422386564,-0.4503414160309124,0.017830073792255985
IFE,Joint analytic covariance,2,207,-0.2527875828637417,-0.21587490388584496,-0.03691267897789674
IFE,Joint analytic covariance,2,208,-0.15712190964836337,-0.274249074698377,0.11712716505001364
IFE,Joint analytic covariance,2,209,-0.5342820168595278,-0.5485662253068868,0.014284208447359004
IFE,Joint analytic covariance,2,210,-0.5389392829674108,-0.5356227941119038,-0.0033164888555069494
IFE,Joint analytic covariance,2,211,-0.7192597159690519,-0.7518100243720423,0.032550308402990336
IFE,Joint analytic covariance,2,212,-0.2780640071089241,-0.39965003697341206,0.12158602986448797
IFE,Joint analytic covariance,2,213,3.9322739761051952,2.321710843669768,1.610563132435427
IFE,Joint analytic covariance,2,214,0.05946434248575283,-0.15311888206778124,0.21258322455353407
IFE,Joint analytic covariance,2,215,-0.351771618070425,-0.48209840771023427,0.13032678963980926
IFE,Joint analytic covariance,2,216,-0.2447655655431895,-0.3478934092782656,0.10312784373507611
IFE,Joint analytic covariance,2,217,-0.1409589260319043,-0.12344398467440332,-0.01751494135750098
IFE,Joint analytic covariance,2,218,-0.7022091863696718,-0.6711129414662385,-0.031096244903433323
IFE,Joint analytic covariance,2,219,0.6007862409753129,-0.21801586808135798,0.8188021090566708
IFE,Joint analytic covariance,2,220,-0.15815308353965984,-0.2844095082930378,0.12625642475337795
IFE,Joint analytic covariance,2,221,-0.5828146719010578,-0.5802321367416581,-0.002582535159399768
IFE,Joint analytic covariance,2,222,-0.6393789822145065,-0.6432528662575745,0.0038738840430679877
IFE,Joint analytic covariance,2,223,-0.7221092769017035,-0.71664134938345,-0.005467927518253424
IFE,Joint analytic covariance,2,224,-0.6101784812545548,-0.6191388972024194,0.008960415947864675
IFE,Joint analytic covariance,2,225,-0.546862093925351,-0.53585861313013194,-0.011003480795219067
IFE,Joint analytic covariance,2,226,-0.27505802739788743,-0.3515150980255868,0.07645707062769935
IFE,Joint analytic covariance,2,227,-0.43141751395945005,-0.5741119226041711,0.14269440864472105
IFE,Joint analytic covariance,2,228,-0.29110946521589864,-0.3811950094696538,0.09008554425375515
IFE,Joint analytic covariance,2,229,-0.24394267655088575,-0.23992486344635566,-0.004017813104530088
IFE,Joint analytic covariance,2,230,-0.8248326096426974,-0.8696975051906874,0.04486489554799
IFE,Joint analytic covariance,2,231,0.6428024935640932,0.45354771034235264,0.1892547832217406
IFE,Joint analytic covariance,2,232,-0.6535021821518434,-0.6708643982018374,0.017362216049993995
IFE,Joint analytic covariance,2,233,-0.2882713492808282,-0.3366627454006079,0.04839139611977972
IFE,Joint analytic covariance,2,234,-0.14285139623256604,-0.11874948996081824,-0.024101906271747797
IFE,Joint analytic covariance,2,235,-0.1287788669280968,-0.21646979787212572,0.08769093094402891
IFE,Joint analytic covariance,2,236,-0.22552719565661894,-0.10012026482821323,-0.1254069308284057
IFE,Joint analytic covariance,2,237,0.3225289791606387,0.11242632721995616,0.21010265194068256
IFE,Joint analytic covariance,2,238,-0.2647367590008862,-0.3005881329723692,0.03585137397148297
IFE,Joint analytic covariance,2,239,-0.726059489772124,-0.7419963672483549,0.01593687747623096
IFE,Joint analytic covariance,2,240,-0.1154430774555456,-0.22586832527825018,0.11042524782270458
IFE,Joint analytic covariance,2,241,-0.5388064057601079,-0.5471440508070902,0.008337645046982312
IFE,Joint analytic covariance,2,242,-0.41984494994479216,-0.46043597047741724,0.04059102053262509
IFE,Joint analytic covariance,2,243,-0.4641520348609631,-0.43386017105505503,-0.030291863805908092
IFE,Joint analytic covariance,2,244,-0.3320449122062644,-0.348049547543392,0.016004635337127593
IFE,Joint analytic covariance,2,245,-0.12604148360647882,-0.10609569867437918,-0.01994578493209964
IFE,Joint analytic covariance,2,246,-0.11811874295286706,-0.1256272067827613,0.00750846382989423
IFE,Joint analytic covariance,2,247,0.25715096320057595,-0.05844167860485017,0.3155926418054261
IFE,Joint analytic covariance,2,248,-0.6180113381614807,-0.607311005155527,-0.010700333005953633
IFE,Joint analytic covariance,2,249,0.023149241261637865,-0.08043471342454245,0.10358395468618031
IFE,Joint analytic covariance,2,250,-0.1833137498383557,-0.29047841686913844,0.10716466703078276
IFE,Joint analytic covariance,2,251,-0.22606659694306097,-0.49689860330144175,0.2708320063583808
IFE,Joint analytic covariance,2,252,-0.4856958519132206,-0.5538964054558128,0.06820055354259213
IFE,Joint analytic covariance,2,253,-0.20227471371727956,-0.2840800068858489,0.08180529316856933
IFE,Joint analytic covariance,2,254,-0.1971337974743712,-0.3664375423620454,0.1693037448876742
IFE,Joint analytic covariance,2,255,0.1279538251071619,0.08519257418806503,0.04276125091909688
IFE,Joint analytic covariance,2,256,0.12616255790504494,-0.10823924045657163,0.23440179836161656
IFE,Joint analytic covariance,2,257,-0.7230447761459868,-0.7149546444009851,-0.008090131745001727
IFE,Joint analytic covariance,2,258,-0.5862873845658823,-0.5718026568822266,-0.014484727683655607
IFE,Joint analytic covariance,2,259,-0.1540919805416061,-0.10896392110752362,-0.04512805943408249
IFE,Joint analytic covariance,2,260,-0.165475116549883,-0.26536904816429474,0.09989393161441174
IFE,Joint analytic covariance,2,261,-0.15075486517791503,-0.2821065028301485,0.13135163765223346
IFE,Joint analytic covariance,2,262,-0.6492861492759651,-0.6374385022924847,-0.011847646983480398
IFE,Joint analytic covariance,2,263,-0.23749447412660418,-0.3356979925429443,0.09820351841634012
IFE,Joint analytic covariance,2,264,-0.48323001793122,-0.5317153698221899,0.04848535189096992
IFE,Joint analytic covariance,2,265,0.366117163190979,0.32775261571737135,0.038364547473607624
IFE,Joint analytic covariance,2,266,-0.5547798209869654,-0.5389970608092541,-0.015782760177711297
IFE,Joint analytic covariance,2,267,-0.7089016847792489,-0.7551542606227158,0.04625257584346698
IFE,Joint analytic covariance,2,268,-0.6511570475948709,-0.635456608410876,-0.015700439183994885
IFE,Joint analytic covariance,2,269,0.32879165029518687,0.168348597559703,0.16044305273548387
IFE,Joint analytic covariance,2,270,-0.04261510452901274,0.030482458919617983,-0.07309756344863072
IFE,Joint analytic covariance,2,271,-0.394555645842402,-0.3674745394727138,-0.02708110636968819
IFE,Joint analytic covariance,2,272,-0.5393598864495851,-0.5845247859255918,0.04516489947600666
IFE,Joint analytic covariance,2,273,-0.3442412302453727,-0.363553819172701,0.019312588927328345
IFE,Joint analytic covariance,2,274,-0.700182198516748,-0.7226807783398299,0.0224985798230819
IFE,Joint analytic covariance,2,275,-0.2456585565043896,-0.3578828473939595,0.11222429088956987
IFE,Joint analytic covariance,2,276,-0.1877119823850284,-0.15760583792606309,-0.03010614445896531
IFE,Joint analytic covariance,2,277,-0.10061042560972522,-0.2755808846279305,0.1749704590182053
IFE,Joint analytic covariance,2,278,-0.04610582616896197,-0.09624040156231839,0.05013457539335642
IFE,Joint analytic covariance,2,279,0.056321989013074836,-0.2264775563382031,0.28279954535127794
IFE,Joint analytic covariance,2,280,-0.49422562397704783,-0.5330206696042431,0.03879504562719527
IFE,Joint analytic covariance,2,281,-0.3270102684490698,-0.36556478968388606,0.038554521234816286
IFE,Joint analytic covariance,2,282,-0.13180440362340762,-0.11905637064455332,-0.012748032978854296
IFE,Joint analytic covariance,2,283,-0.26687242981041304,-0.30796580826473474,0.041093378454321705
IFE,Joint analytic covariance,2,284,-0.7150549292571546,-0.7541959693468689,0.03914104008971431
IFE,Joint analytic covariance,2,285,-0.7745933934611149,-0.807634564813189,0.03304117135207407
IFE,Joint analytic covariance,2,286,-0.6758346336498287,-0.6748781860072826,-9.564476425460988e-4
IFE,Joint analytic covariance,2,287,-0.41815760433534455,-0.4441645260771456,0.02600692174180108
IFE,Joint analytic covariance,2,288,1.624128090831892,1.1698253082377663,0.4543027825941257
IFE,Joint analytic covariance,2,289,-0.3943378938423735,-0.44209734370347475,0.047759449861101255
IFE,Joint analytic covariance,2,290,0.30280550219617286,0.19589702571389478,0.10690847648227808
IFE,Joint analytic covariance,2,291,-0.3594671099093314,-0.531280901603651,0.17181379169431965
IFE,Joint analytic covariance,2,292,-0.4442711484699061,-0.5381681232947413,0.09389697482483517
IFE,Joint analytic covariance,2,293,-0.28600925716480097,-0.33604113909666167,0.0500318819318607
IFE,Joint analytic covariance,2,294,-0.023417229519474003,-0.06268877965885833,0.039271550139384326
IFE,Joint analytic covariance,2,295,-0.7585734045842197,-0.7637431093622453,0.005169704778025586
IFE,Joint analytic covariance,2,296,-0.3127154107782051,-0.3426428215236532,0.029927410745448135
IFE,Joint analytic covariance,2,297,-0.7313909836530877,-0.7240292181932733,-0.007361765459814484
IFE,Joint analytic covariance,2,298,0.0857894681833169,0.07477194778024909,0.011017520403067804
IFE,Joint analytic covariance,2,299,-0.36472664717461556,-0.37394492786187516,0.009218280687259606
IFE,Joint analytic covariance,2,300,0.14014466051614805,0.027357197429930702,0.11278746308621734
IFE,Joint analytic covariance,2,301,-0.43817803199238703,-0.47510948116772034,0.03693144917533331
IFE,Joint analytic covariance,2,302,1.0544494902350068,0.49992699194648615,0.5545224982885206
IFE,Joint analytic covariance,2,303,-0.603831562732699,-0.5941287573822658,-0.009702805350433219
IFE,Joint analytic covariance,2,304,-0.13200658865417547,-0.11544447844541106,-0.016562110208764413
IFE,Joint analytic covariance,2,305,-0.10736597185942942,-0.25974192921922734,0.15237595735979792
IFE,Joint analytic covariance,2,306,0.6847334579794491,0.4828171089007365,0.2019163490787126
IFE,Joint analytic covariance,2,307,-0.4855355801284795,-0.5485646472749046,0.06302906714642509
IFE,Joint analytic covariance,2,308,-0.34972463877362325,-0.42474916309818744,0.07502452432456419
IFE,Joint analytic covariance,2,309,-0.3606425692442893,-0.45600377491792665,0.09536120567363737
IFE,Joint analytic covariance,2,310,-0.5378575173196378,-0.449872351162218,-0.0879851661574198
IFE,Joint analytic covariance,2,311,-0.3999029815798124,-0.3189031636128069,-0.0809998179670055
IFE,Joint analytic covariance,2,312,-0.5928449058037479,-0.6191606363708704,0.026315730567122442
IFE,Joint analytic covariance,2,313,-0.44089113672839286,-0.44936620171131825,0.008475064982925384
IFE,Joint analytic covariance,2,314,-0.18570947967980733,-0.2272306712751644,0.041521191595357054
IFE,Joint analytic covariance,2,315,-0.80092019941218,-0.7727353510645303,-0.02818484834764967
IFE,Joint analytic covariance,2,316,-0.5819642312205859,-0.6626915200294035,0.08072728880881752
IFE,Joint analytic covariance,2,317,-0.5501647032491694,-0.6193123641378576,0.06914766088868818
IFE,Joint analytic covariance,2,318,-0.35391894607923846,-0.3779887407182375,0.024069794638999054
IFE,Joint analytic covariance,2,319,-0.5040400053215811,-0.44728886787704036,-0.056751137444540745
IFE,Joint analytic covariance,2,320,-0.5347037908541816,-0.5709638273234658,0.03626003646928422
IFE,Joint analytic covariance,2,321,-0.7438817786363776,-0.7326118088813474,-0.011269969755030251
IFE,Joint analytic covariance,2,322,-0.5800210203569875,-0.6018883233965882,0.021867303039600605
IFE,Joint analytic covariance,2,323,-0.3589980311161013,-0.4036297700228244,0.04463173890672312
IFE,Joint analytic covariance,2,324,-0.6575247178659072,-0.6704422656755633,0.012917547809656149
IFE,Joint analytic covariance,2,325,-0.2622793776660889,-0.31134727251330585,0.049067894847216964
IFE,Joint analytic covariance,2,326,-0.5430923156503364,-0.5872429235718848,0.044150607921548346
IFE,Joint analytic covariance,2,327,-0.6069640025262009,-0.6168026359314953,0.00983863340529445
IFE,Joint analytic covariance,2,328,-0.31222207200660756,-0.27041565010070145,-0.04180642190590611
IFE,Joint analytic covariance,2,329,0.0020484661338220356,-0.19693346060298078,0.19898192673680282
IFE,Joint analytic covariance,2,330,-0.6357479791547855,-0.6555720599155135,0.019824080760727947
IFE,Joint analytic covariance,2,331,-0.48381727897002946,-0.537231013097907,0.05341373412787753
IFE,Joint analytic covariance,2,332,-0.8972926628293937,-0.8923056821695273,-0.004986980659866358
IFE,Joint analytic covariance,2,333,-0.14031208782676297,-0.10052131827966326,-0.0397907695470997
IFE,Joint analytic covariance,2,334,-0.2958871234977867,-0.34120068100779477,0.045313557510008096
IFE,Joint analytic covariance,2,335,-0.05000641317223509,-0.12638325612421153,0.07637684295197644
IFE,Joint analytic covariance,2,336,-0.49182249559419644,-0.5284872780160876,0.036664782421891196
IFE,Joint analytic covariance,2,337,0.14914155537672613,0.059014423616343015,0.09012713176038312
IFE,Joint analytic covariance,2,338,-0.6401482982972717,-0.6761821048971427,0.03603380659987099
IFE,Joint analytic covariance,2,339,0.9732922857323412,0.27602471516084703,0.6972675705714941
IFE,Joint analytic covariance,2,340,0.10703107431594394,0.06838133428804438,0.03864974002789956
IFE,Joint analytic covariance,2,341,0.06349691762954723,-0.36387899130291246,0.4273759089324597
IFE,Joint analytic covariance,2,342,-0.005645335736286228,-0.19648122605227814,0.1908358903159919
IFE,Joint analytic covariance,2,343,0.2173660221617495,-0.22229515715023973,0.4396611793119892
IFE,Joint analytic covariance,2,344,-0.6093729277949016,-0.6436924064517647,0.034319478656863134
IFE,Joint analytic covariance,2,345,-0.38415039315800115,-0.4477759960937616,0.06362560293576047
IFE,Joint analytic covariance,2,346,-0.6964182055554753,-0.7209911638926866,0.024572958337211293
IFE,Joint analytic covariance,2,347,0.620374624089842,0.2577469109957211,0.3626277130941209
IFE,Joint analytic covariance,2,348,0.12211479376012346,0.001604097445941921,0.12051069631418154
IFE,Joint analytic covariance,2,349,-0.5181876986922425,-0.5280390434794203,0.009851344787177863
IFE,Joint analytic covariance,2,350,-0.23032230539583043,-0.24488981547319344,0.01456751007736301
IFE,Joint analytic covariance,2,351,-0.6460501756731204,-0.6311472184159934,-0.01490295725712698
IFE,Joint analytic covariance,2,352,-0.5712808331332433,-0.6331664029240611,0.06188556979081783
IFE,Joint analytic covariance,2,353,-0.2417117736614054,-0.34194847027217834,0.10023669661077295
IFE,Joint analytic covariance,2,354,-0.5736935754388639,-0.5787522513542431,0.005058675915379229
IFE,Joint analytic covariance,2,355,-0.6755506464827882,-0.6305564877254417,-0.04499415875734647
IFE,Joint analytic covariance,2,356,1.1292380797276445,0.7250382876714692,0.4041997920561753
IFE,Joint analytic covariance,2,357,-0.046953812207722434,-0.14734407628897384,0.1003902640812514
IFE,Joint analytic covariance,2,358,-0.004275208271452113,-0.125707437758654,0.12143222948720189
IFE,Joint analytic covariance,2,359,-0.16863645038298813,-0.16797630184130152,-6.601485416866115e-4
IFE,Joint analytic covariance,2,360,-0.08850201964733762,-0.1567494828152195,0.06824746316788188
IFE,Joint analytic covariance,2,361,-0.3730847921977243,-0.4373394228632763,0.06425463066555204
IFE,Joint analytic covariance,2,362,-0.673575768606045,-0.6972180930326726,0.023642324426627614
IFE,Joint analytic covariance,2,363,-0.22968010990874332,-0.18768097661332395,-0.04199913329541938
IFE,Joint analytic covariance,2,364,-0.5228005083231033,-0.5035909073888503,-0.019209600934253057
IFE,Joint analytic covariance,2,365,-0.50615105895419,-0.6130997920134016,0.1069487330592116
IFE,Joint analytic covariance,2,366,0.7309892205758213,0.44957536568020884,0.28141385489561244
IFE,Joint analytic covariance,2,367,-0.45724840545580847,-0.4981777550685491,0.04092934961274064
IFE,Joint analytic covariance,2,368,-0.1481806184014851,-0.13487653171570402,-0.013304086685781091
IFE,Joint analytic covariance,2,369,-0.5044406706744464,-0.586464639703064,0.08202396902861753
IFE,Joint analytic covariance,2,370,-0.5083688826104007,-0.5084743428757181,1.0546026531743635e-4
IFE,Joint analytic covariance,2,371,-0.26069397225847357,-0.27538933709820257,0.014695364839728997
IFE,Joint analytic covariance,2,372,-0.5685403600368173,-0.5949836200356107,0.026443259998793378
IFE,Joint analytic covariance,2,373,-0.8806392369634833,-0.8761106840949677,-0.004528552868515612
IFE,Joint analytic covariance,2,374,0.3976557037121802,0.08313182738701985,0.3145238763251603
IFE,Joint analytic covariance,2,375,-0.12247957290873634,-0.21046349380852059,0.08798392089978424
IFE,Joint analytic covariance,2,376,-0.4470929611293223,-0.452735655828982,0.005642694699659723
IFE,Joint analytic covariance,2,377,0.7629129721957482,0.6475391123214835,0.11537385987426463
IFE,Joint analytic covariance,2,378,-0.0432748515088579,-0.11518656748366718,0.07191171597480928
IFE,Joint analytic covariance,2,379,0.2815470447747275,0.035226870785517006,0.24632017398921047
IFE,Joint analytic covariance,2,380,-0.4092169876330969,-0.4709237063663354,0.06170671873323852
IFE,Joint analytic covariance,2,381,-0.7142898720862698,-0.6670400964589969,-0.04724977562727295
IFE,Joint analytic covariance,2,382,-0.2862490787292181,-0.3214225012069074,0.03517342247768929
IFE,Joint analytic covariance,2,383,-0.3738572988284239,-0.4161173355495543,0.042260036721130434
IFE,Joint analytic covariance,2,384,-0.8338949210026978,-0.8432945228397135,0.009399601837015714
IFE,Joint analytic covariance,2,385,-0.20277340016068468,-0.39090658119095556,0.18813318103027088
IFE,Joint analytic covariance,2,386,0.5148805654942636,0.23978085047201136,0.2750997150222523
IFE,Joint analytic covariance,2,387,-0.17975679222729557,-0.2968528307492164,0.11709603852192085
IFE,Joint analytic covariance,2,388,-0.4367256373983631,-0.5585189323113149,0.12179329491295177
IFE,Joint analytic covariance,2,389,-0.3319898441164494,-0.43550522532608504,0.10351538120963566
IFE,Joint analytic covariance,2,390,-0.5004269063351247,-0.49896487975906834,-0.001462026576056319
IFE,Joint analytic covariance,2,391,-0.22549690133021139,-0.37989354228563865,0.15439664095542727
IFE,Joint analytic covariance,2,392,-0.32914706905468194,-0.4623482146846434,0.13320114562996144
IFE,Joint analytic covariance,2,393,0.05988927354714191,-0.12691226271807765,0.18680153626521956
IFE,Joint analytic covariance,2,394,-0.017910140779791583,-0.1303276462548637,0.11241750547507212
IFE,Joint analytic covariance,2,395,-0.5522915180404916,-0.5528503146031343,5.587965626426827e-4
IFE,Joint analytic covariance,2,396,-0.5323082991157656,-0.5333597426616363,0.0010514435458707228
IFE,Joint analytic covariance,2,397,-0.6869254525403885,-0.6948316441833089,0.00790619164292039
IFE,Joint analytic covariance,2,398,0.0993607973931101,-0.02776170145333645,0.12712249884644655
IFE,Joint analytic covariance,2,399,0.3591459131254746,0.3191880459455372,0.039957867179937434
IFE,Joint analytic covariance,2,400,-0.8357165799085398,-0.8355649279245294,-1.5165198401034807e-4
IFE,Joint analytic covariance,2,401,-0.3278317415815579,-0.4887087405250571,0.16087699894349916
IFE,Joint analytic covariance,2,402,-0.5259956059522707,-0.579921651528771,0.05392604557650027
IFE,Joint analytic covariance,2,403,-0.2852093126885349,-0.2728651251875309,-0.012344187501003967
IFE,Joint analytic covariance,2,404,-0.5357486995253712,-0.5690795510066851,0.03333085148131387
IFE,Joint analytic covariance,2,405,-0.5068317122911499,-0.48365857865417494,-0.02317313363697493
IFE,Joint analytic covariance,2,406,-0.5419000270388814,-0.5927328366696724,0.050832809630790954
IFE,Joint analytic covariance,2,407,-0.3681180944534286,-0.36437976942948536,-0.003738325023943223
IFE,Joint analytic covariance,2,408,0.41600637439538657,0.2075871506100735,0.20841922378531308
IFE,Joint analytic covariance,2,409,-0.19687705323013605,-0.18972131785077162,-0.007155735379364425
IFE,Joint analytic covariance,2,410,0.17258270290903033,-0.0979771620588975,0.27055986496792783
IFE,Joint analytic covariance,2,411,-0.3065466530183396,-0.37367448274494075,0.06712782972660114
IFE,Joint analytic covariance,2,412,-0.20034548749231984,-0.3983561722969785,0.19801068480465867
IFE,Joint analytic covariance,2,413,-0.629452129981971,-0.627501795972689,-0.0019503340092820176
IFE,Joint analytic covariance,2,414,-0.2434395604618963,-0.2793537814604,0.03591422099850372
IFE,Joint analytic covariance,2,415,-0.6357233197335334,-0.6419912813973996,0.006267961663866228
IFE,Joint analytic covariance,2,416,-0.5971761239010676,-0.5968633457652045,-3.127781358630566e-4
IFE,Joint analytic covariance,2,417,-0.1828068262675484,-0.2505740484542359,0.06776722218668751
IFE,Joint analytic covariance,2,418,-0.579806617187884,-0.6107944836734939,0.030987866485609916
IFE,Joint analytic covariance,2,419,-0.4507793728825039,-0.510523209523549,0.0597438366410451
IFE,Joint analytic covariance,2,420,-0.4482531764072074,-0.46726841586662904,0.01901523945942163
IFE,Joint analytic covariance,2,421,-0.6155507415346732,-0.6545205513403121,0.03896980980563891
IFE,Joint analytic covariance,2,422,-0.6746942652798709,-0.7280751921096055,0.05338092682973461
IFE,Joint analytic covariance,2,423,-0.7624123756129775,-0.7622649689398218,-1.4740667315571443e-4
IFE,Joint analytic covariance,2,424,-0.6906947699595731,-0.7357045458273102,0.04500977586773702
IFE,Joint analytic covariance,2,425,-0.2556315651089628,-0.35530946066063074,0.09967789555166795
IFE,Joint analytic covariance,2,426,-0.19457872626578598,-0.33510594864348864,0.14052722237770265
IFE,Joint analytic covariance,2,427,-0.3899022696708604,-0.45510944774480233,0.06520717807394194
IFE,Joint analytic covariance,2,428,-0.5815914527484208,-0.6496219872922258,0.06803053454380492
IFE,Joint analytic covariance,2,429,-0.5089551569222694,-0.5434549742007443,0.03449981727847484
IFE,Joint analytic covariance,2,430,-0.5522683066352979,-0.5861683728020199,0.03390006616672203
IFE,Joint analytic covariance,2,431,-0.04632450806833577,-0.1475740632718049,0.10124955520346912
IFE,Joint analytic covariance,2,432,0.012446375351902628,-0.10129405438483396,0.11374042973673659
IFE,Joint analytic covariance,2,433,-0.11129267239344465,-0.0806766493640052,-0.030616023029439443
IFE,Joint analytic covariance,2,434,-0.3678605061559779,-0.409233857505386,0.041373351349408116
IFE,Joint analytic covariance,2,435,0.05842428768132524,-0.05507843940566581,0.11350272708699105
IFE,Joint analytic covariance,2,436,-0.36461702046787403,-0.522364330236609,0.15774730976873497
IFE,Joint analytic covariance,2,437,-0.6932675085685018,-0.6714908443303274,-0.02177666423817448
IFE,Joint analytic covariance,2,438,-0.4708617285898653,-0.557985866734385,0.08712413814451969
IFE,Joint analytic covariance,2,439,0.136754327685787,0.12948009018650786,0.007274237499279135
IFE,Joint analytic covariance,2,440,-0.336919906575583,-0.3819212833049903,0.045001376729407294
IFE,Joint analytic covariance,2,441,-0.6138189312985469,-0.6714506339363117,0.05763170263776474
IFE,Joint analytic covariance,2,442,-0.06459212781991786,-0.2039863998653888,0.13939427204547095
IFE,Joint analytic covariance,2,443,-0.3969333735303948,-0.5616372420391849,0.16470386850879004
IFE,Joint analytic covariance,2,444,-0.5301266691824471,-0.5440214069464004,0.013894737763953335
IFE,Joint analytic covariance,2,445,-0.52767082195239,-0.45159233229447604,-0.07607848965791397
IFE,Joint analytic covariance,2,446,-0.5039705369610008,-0.5790469980968689,0.07507646113586808
IFE,Joint analytic covariance,2,447,-0.07523801529602558,-0.28420953446009867,0.20897151916407308
IFE,Joint analytic covariance,2,448,-0.32600578605336006,-0.320396194491252,-0.005609591562108052
IFE,Joint analytic covariance,2,449,-0.14479802592038726,-0.21714199710835025,0.07234397118796299
IFE,Joint analytic covariance,2,450,-0.8148726765589686,-0.8210559573554741,0.006183280796505541
IFE,Joint analytic covariance,2,451,-0.20609229946002106,-0.32753721014282633,0.12144491068280527
IFE,Joint analytic covariance,2,452,-0.6475300692241422,-0.6803262940907716,0.032796224866629364
IFE,Joint analytic covariance,2,453,-0.6725562844805988,-0.6782209516554738,0.0056646671748750155
IFE,Joint analytic covariance,2,454,-0.12003973634258547,-0.21379325806318117,0.0937535217205957
IFE,Joint analytic covariance,2,455,-0.68995373149625006,-0.703350145119855,0.013396413623604997
IFE,Joint analytic covariance,2,456,-0.7605858087458832,-0.7394395534586155,-0.021146255287267768
IFE,Joint analytic covariance,2,457,-0.38699935661868823,-0.4060485429294477,0.01904918631075947
IFE,Joint analytic covariance,2,458,-0.5485048358783924,-0.5860903223594252,0.03758548648103277
IFE,Joint analytic covariance,2,459,-0.5950636204256916,-0.6798083484645797,0.0847447280388881
IFE,Joint analytic covariance,2,460,0.9890606012858523,0.9074812537368337,0.08157934754901852
IFE,Joint analytic covariance,2,461,-0.14762208256713338,-0.18804786216158953,0.040425779594456146
IFE,Joint analytic covariance,2,462,0.6478466145432304,0.5201163498256693,0.1277302647175611
IFE,Joint analytic covariance,2,463,-0.47239278341628266,-0.44253046328338297,-0.02986232013289969
IFE,Joint analytic covariance,2,464,0.2717670118351827,0.1877385925018682,0.08402841933331451
IFE,Joint analytic covariance,2,465,-0.3947057137275515,-0.4384826098204999,0.043776896092948436
IFE,Joint analytic covariance,2,466,-0.7221087375502366,-0.7064089005166424,-0.015699837033594233
IFE,Joint analytic covariance,2,467,-0.0761861688492842,-0.295060497781799,0.2188743289325148
IFE,Joint analytic covariance,2,468,-0.5124566033947573,-0.4855648372065223,-0.026891766188234967
IFE,Joint analytic covariance,2,469,-0.5966309991418399,-0.5905800847590472,-0.006050914382792705
IFE,Joint analytic covariance,2,470,-0.12237028259938088,-0.21861168869071257,0.0962414060913317
IFE,Joint analytic covariance,2,471,-0.522702446203186,-0.5049546187301766,-0.017747827473009403
IFE,Joint analytic covariance,2,472,-0.5200525226625738,-0.5918519929252997,0.07179947026272582
IFE,Joint analytic covariance,2,473,-0.2266888170272614,-0.2278858903129387,0.001197073285677308
IFE,Joint analytic covariance,2,474,-0.5464677484252994,-0.520199856936682,-0.026267891488617412
IFE,Joint analytic covariance,2,475,0.24621025012495323,-0.033687881034750955,0.2798981311597042
IFE,Joint analytic covariance,2,476,-0.7443455969839526,-0.7591749040260969,0.014829307042144246
IFE,Joint analytic covariance,2,477,1.2508881309370352,0.5048776631790961,0.7460104677579391
IFE,Joint analytic covariance,2,478,-0.2736085577371843,-0.3897747018355846,0.11616614409840031
IFE,Joint analytic covariance,2,479,-0.21124693895092095,-0.1546557148297819,-0.05659122412113904
IFE,Joint analytic covariance,2,480,-0.6505607695232614,-0.6285022312685317,-0.022058538254729698
IFE,Joint analytic covariance,2,481,-0.6731851223387593,-0.716220224992622,0.04303510265386268
IFE,Joint analytic covariance,2,482,-0.5433825852293901,-0.6005752494476838,0.05719266421829372
IFE,Joint analytic covariance,2,483,-0.4369395444522334,-0.4380930625710946,0.0011535181188612187
IFE,Joint analytic covariance,2,484,-0.5869770016746088,-0.5916487737385892,0.004671772063980395
IFE,Joint analytic covariance,2,485,-0.5317183276218199,-0.5815105651109522,0.04979223748913231
IFE,Joint analytic covariance,2,486,0.6172819012805029,0.19407470258445803,0.42320719869604484
IFE,Joint analytic covariance,2,487,-0.5554747525489909,-0.6185511886829701,0.06307643613397917
IFE,Joint analytic covariance,2,488,-0.1368571368650604,-0.23435898720440196,0.09750185033934156
IFE,Joint analytic covariance,2,489,-0.8042523252781564,-0.8031583035166429,-0.0010940217615135195
IFE,Joint analytic covariance,2,490,-0.5550869192825323,-0.5678449733549642,0.012758054072431912
IFE,Joint analytic covariance,2,491,0.16612151073504733,-0.08933199675800185,0.2554535074930492
IFE,Joint analytic covariance,2,492,-0.3894632881718456,-0.44246045855119953,0.05299717037935392
IFE,Joint analytic covariance,2,493,0.3175394325702201,0.013493418399041834,0.30404601417117827
IFE,Joint analytic covariance,2,494,-0.3562508605062006,-0.40577057863419197,0.049519718127991386
IFE,Joint analytic covariance,2,495,-0.6198083216208871,-0.6963796406818993,0.07657131906101222
IFE,Joint analytic covariance,2,496,-0.12531896296450618,-0.11814562140243345,-0.0071733415620727214
IFE,Joint analytic covariance,2,497,-0.3831428409682691,-0.4650923861507079,0.0819495451824388
IFE,Joint analytic covariance,2,498,-0.313852189404331,-0.32388895952210583,0.010036770117774818
IFE,Joint analytic covariance,2,499,-0.6168828602608125,-0.6566745780845196,0.03979171782370705
IFE,Joint analytic covariance,2,500,0.32806944313600583,0.12475640070686711,0.20331304242913872
IFE,Joint analytic covariance,2,501,0.023521732962715536,-0.243522224845789,0.26704395780850454
IFE,Joint analytic covariance,2,502,-0.29168098364599204,-0.4423869600763608,0.15070597643036876
IFE,Joint analytic covariance,2,503,-0.4540913722116279,-0.6430266982804732,0.18893532606884533
IFE,Joint analytic covariance,2,504,-0.19069250922402026,-0.2514791008355791,0.06078659161155886
IFE,Joint analytic covariance,2,505,-0.3382194698725359,-0.43134062327632017,0.09312115340378424
IFE,Joint analytic covariance,2,506,-0.5629554782059061,-0.569397718263488,0.006442240057581872
IFE,Joint analytic covariance,2,507,-0.43208479331425986,-0.5158188352966082,0.08373404198234835
IFE,Joint analytic covariance,2,508,-0.29222327105290724,-0.35681215453863213,0.06458888348572489
IFE,Joint analytic covariance,2,509,-0.5684862004983083,-0.6020520299160976,0.033565829417789295
IFE,Joint analytic covariance,2,510,-0.5664374158235458,-0.5623060840460261,-0.004131331777519676
IFE,Joint analytic covariance,2,511,-0.21038691625198314,-0.38621090265121105,0.17582398639922792
IFE,Joint analytic covariance,2,512,-0.3518433226237405,-0.3584990310277355,0.0066557084039949865
IFE,Joint analytic covariance,2,513,-0.4158528309071685,-0.338172615264845,-0.07768021564232352
IFE,Joint analytic covariance,2,514,-0.37108417410077466,-0.46959179292069364,0.09850761881991899
IFE,Joint analytic covariance,2,515,-0.49346105404796303,-0.6260249556933426,0.13256390164537957
IFE,Joint analytic covariance,2,516,-0.6957042542803971,-0.6861856811712772,-0.009518573109119854
IFE,Joint analytic covariance,2,517,-0.7587925567582244,-0.7941636529356815,0.03537109617745704
IFE,Joint analytic covariance,2,518,-0.6051705449033737,-0.6263507374472532,0.021180192543879484
IFE,Joint analytic covariance,2,519,-0.4146974150590138,-0.4628912551387304,0.04819384007971661
IFE,Joint analytic covariance,2,520,-0.6528219073240162,-0.6829203493649133,0.030098442040897067
IFE,Joint analytic covariance,2,521,-0.6946484550683389,-0.7480990659703806,0.05345061090204162
IFE,Joint analytic covariance,2,522,-0.341580596142248,-0.3122987407650738,-0.029281855377174204
IFE,Joint analytic covariance,2,523,0.20419937460312365,0.1881587085994001,0.016040666003723558
IFE,Joint analytic covariance,2,524,0.21641472738576484,-0.04434617806459629,0.2607609054503611
IFE,Joint analytic covariance,2,525,-0.4559017978773793,-0.5119110744398815,0.05600927656250221
IFE,Joint analytic covariance,2,526,-0.18593203335323927,-0.30888001668639653,0.12294798333315726
IFE,Joint analytic covariance,2,527,-0.7322595083046335,-0.7818788829433153,0.049619374638681824
IFE,Joint analytic covariance,2,528,-0.2577220936205311,-0.32551984382351407,0.06779775020298295
IFE,Joint analytic covariance,2,529,-0.13362188163968458,-0.4578868669556905,0.3242649853160059
IFE,Joint analytic covariance,2,530,-0.6599333759093353,-0.671670198088736,0.011736822179400641
IFE,Joint analytic covariance,2,531,-0.704988590390291,-0.7064893253971818,0.001500735006890741
IFE,Joint analytic covariance,2,532,-0.6739014064391877,-0.6595937862606958,-0.014307620178491964
IFE,Joint analytic covariance,2,533,-0.5898702307319025,-0.6054283433281278,0.015558112596225304
IFE,Joint analytic covariance,2,534,-0.5979660206666605,-0.6180753963650094,0.02010937569834892
IFE,Joint analytic covariance,2,535,-0.26525725325489424,-0.4448891231575356,0.17963186990264135
IFE,Joint analytic covariance,2,536,-0.6838668976224072,-0.6902237834280267,0.00635688580561955
IFE,Joint analytic covariance,2,537,-0.2820637869426411,-0.2664239157129362,-0.015639871229704894
IFE,Joint analytic covariance,2,538,-0.04971625353878284,-0.12216683361978475,0.07245058008100191
IFE,Joint analytic covariance,2,539,-0.14246145215243033,-0.08351631753854305,-0.058945134613887284
IFE,Joint analytic covariance,2,540,-0.714155363880505,-0.6626200688483657,-0.05153529503213938
IFE,Joint analytic covariance,2,541,-0.4948848313197606,-0.4761448997324851,-0.018739931587275493
IFE,Joint analytic covariance,2,542,-0.3662433553073515,-0.41632709157217984,0.050083736264828316
IFE,Joint analytic covariance,2,543,-0.43234851054526213,-0.553387916935371,0.1210394063901089
IFE,Joint analytic covariance,2,544,-0.6940176618136367,-0.688647627155449,-0.005370034658187639
IFE,Joint analytic covariance,2,545,-0.5376078574914529,-0.537163824205908,-4.4403328554487587e-4
IFE,Joint analytic covariance,2,546,-0.7118579557375109,-0.6735017384252435,-0.03835621731226735
IFE,Joint analytic covariance,2,547,-0.5664028404100292,-0.6065316333117967,0.04012879290176752
IFE,Joint analytic covariance,2,548,0.3298265529269291,0.4465985299619539,-0.11677197703502484
IFE,Joint analytic covariance,2,549,-0.6629645607502781,-0.6893654948940364,0.026400934143758326
IFE,Joint analytic covariance,2,550,0.03743432364168586,-0.1783397292717026,0.21577405291338847
IFE,Joint analytic covariance,2,551,-0.5391127929257664,-0.5511625541068101,0.012049761181043728
IFE,Joint analytic covariance,2,552,-0.7732184006530853,-0.7536095743976741,-0.01960882625541127
IFE,Joint analytic covariance,2,553,-0.3032010756443073,-0.3896228567221206,0.08642178107781329
IFE,Joint analytic covariance,2,554,0.32303131422007225,0.4083354709008018,-0.08530415668072955
IFE,Joint analytic covariance,2,555,-0.5628322656925286,-0.6381535711243436,0.07532130543181492
IFE,Joint analytic covariance,2,556,0.014257527821680105,0.09828296111740342,-0.08402543329572332
IFE,Joint analytic covariance,2,557,-0.4264142345336426,-0.4710255428946333,0.0446113083609907
IFE,Joint analytic covariance,2,558,1.1292504261048295,0.7605985657809815,0.368651860323848
IFE,Joint analytic covariance,2,559,0.1446400621302273,-0.25882606127859853,0.4034661234088258
IFE,Joint analytic covariance,2,560,-0.05020702349260375,-0.2966234852317572,0.24641646173915344
IFE,Joint analytic covariance,2,561,-0.5897597201325362,-0.5902189464117935,4.5922627925731874e-4
IFE,Joint analytic covariance,2,562,-0.3666813039065906,-0.47535978552888236,0.10867848162229177
IFE,Joint analytic covariance,2,563,-0.32323720888674345,-0.3861894774144321,0.06295226852768865
IFE,Joint analytic covariance,2,564,-0.22371005572620395,-0.46170476616284395,0.23799471043664
IFE,Joint analytic covariance,2,565,0.20795292545539223,-0.09497751538889088,0.3029304408442831
IFE,Joint analytic covariance,2,566,0.14493340280533595,0.1222426087006252,0.022690794104710754
IFE,Joint analytic covariance,2,567,-0.06883838031689682,-0.21754014299679292,0.1487017626798961
IFE,Joint analytic covariance,2,568,-0.5134013694431455,-0.545383036647904,0.03198166720475848
IFE,Joint analytic covariance,2,569,0.4187756717319462,0.33292425439078577,0.08585141734116042
IFE,Joint analytic covariance,2,570,-0.5660639575490828,-0.5988709995603472,0.03280704201126439
IFE,Joint analytic covariance,2,571,-0.7285865426090495,-0.7594240763987689,0.030837533789719318
IFE,Joint analytic covariance,2,572,-0.6977322330662741,-0.7281801759205425,0.03044794285426844
IFE,Joint analytic covariance,2,573,-0.27299076292356683,-0.4186582970906235,0.1456675341670567
IFE,Joint analytic covariance,2,574,-0.33175999565695247,-0.4071468997578298,0.07538690410087734
IFE,Joint analytic covariance,2,575,-0.3012837261026644,-0.3498577631985591,0.048574037095894695
IFE,Joint analytic covariance,2,576,-0.19930985247509347,-0.1996311738301556,3.213213550621319e-4
IFE,Joint analytic covariance,2,577,-0.39659874900739855,-0.461942600524875,0.06534385151747646
IFE,Joint analytic covariance,2,578,-0.39936570816095973,-0.4393555248092279,0.03998981664826817
IFE,Joint analytic covariance,2,579,-0.4094409564458412,-0.4540818123537128,0.04464085590787159
IFE,Joint analytic covariance,2,580,-0.6076251317440571,-0.6538233010946006,0.04619816935054355
IFE,Joint analytic covariance,2,581,0.3237801920496042,0.27374424099866945,0.050035951050934724
IFE,Joint analytic covariance,2,582,-0.08498197655683126,-0.14485727808105064,0.05987530152421938
IFE,Joint analytic covariance,2,583,0.33894411999115737,0.22657178221140373,0.11237233777975364
IFE,Joint analytic covariance,2,584,-0.3832989302510492,-0.5172377455252872,0.133938815274238
IFE,Joint analytic covariance,2,585,-0.8147494867515295,-0.7811758837539656,-0.033573602997563845
IFE,Joint analytic covariance,2,586,-0.6276763482980346,-0.6392776846849771,0.011601336386942496
IFE,Joint analytic covariance,2,587,-0.3506740581026122,-0.40533258852859533,0.05465853042598312
IFE,Joint analytic covariance,2,588,-0.7062790468274256,-0.7102318683678205,0.003952821540394891
IFE,Joint analytic covariance,2,589,-0.32569522220048186,-0.38888073497884457,0.0631855127783627
IFE,Joint analytic covariance,2,590,-0.1930982398201192,-0.15692893740251646,-0.036169302417602744
IFE,Joint analytic covariance,2,591,-0.18087265753674664,-0.23799888364934552,0.05712622611259888
IFE,Joint analytic covariance,2,592,-0.46010527810162116,-0.49064394219950147,0.030538664097880308
IFE,Joint analytic covariance,2,593,-0.5939919628207275,-0.6161750006786575,0.022183037857929966
IFE,Joint analytic covariance,2,594,-0.24397904552932081,-0.3246773387079609,0.08069829317864008
IFE,Joint analytic covariance,2,595,-0.6934911680171758,-0.693731694798233,2.4052678105723757e-4
IFE,Joint analytic covariance,2,596,-0.5132668469150599,-0.4656269507497649,-0.04763989616529496
IFE,Joint analytic covariance,2,597,-0.4840500298478352,-0.4780680294161045,-0.005982000431730694
IFE,Joint analytic covariance,2,598,-0.36852258329204857,-0.4051662818266929,0.03664369853464433
IFE,Joint analytic covariance,2,599,-0.04947415610338368,-0.23438778242044178,0.1849136263170581
IFE,Joint analytic covariance,2,600,-0.4934740292546509,-0.5840232122110458,0.09054918295639491
IFE,Joint analytic covariance,2,601,-0.6802892671171856,-0.6589299590029662,-0.021359308114219377
IFE,Joint analytic covariance,2,602,-0.6571562827326426,-0.6059430007245157,-0.051213282008126915
IFE,Joint analytic covariance,2,603,-0.7139370743219657,-0.7661534904213593,0.05221641609939354
IFE,Joint analytic covariance,2,604,-0.634785627112328,-0.6063732413591831,-0.028412385753144864
IFE,Joint analytic covariance,2,605,-0.3257711416110465,-0.35124155747678343,0.02547041586573695
IFE,Joint analytic covariance,2,606,-0.6179083638703211,-0.6527730123391051,0.03486464846878401
IFE,Joint analytic covariance,2,607,-0.5469889573813942,-0.517996741740382,-0.028992215641012176
IFE,Joint analytic covariance,2,608,-0.40105376531817183,-0.5400882219288534,0.1390344566106816
IFE,Joint analytic covariance,2,609,0.03991253368576797,-0.21002154977779008,0.24993408346355805
IFE,Joint analytic covariance,2,610,-0.42050404676894226,-0.48317944345766195,0.06267539668871969
IFE,Joint analytic covariance,2,611,-0.6358522609674909,-0.6081226424540722,-0.027729618513418708
IFE,Joint analytic covariance,2,612,0.06891086440270033,0.027650078919875254,0.04126078548282508
IFE,Joint analytic covariance,2,613,-0.5393577855717562,-0.5518394100818781,0.012481624510121914
IFE,Joint analytic covariance,2,614,-0.38260933323904256,-0.42822376150678354,0.04561442826774098
IFE,Joint analytic covariance,2,615,-0.7501640616912486,-0.7627828676381222,0.01261880594687359
IFE,Joint analytic covariance,2,616,-0.5811432660754954,-0.5920218497529901,0.010878583677494724
IFE,Joint analytic covariance,2,617,-0.3690426905772304,-0.3751175021545047,0.006074811577274297
IFE,Joint analytic covariance,2,618,-0.3277338055861092,-0.3362904465757376,0.008556640989628383
IFE,Joint analytic covariance,2,619,-0.7268406520096986,-0.7094170164198721,-0.017423635589826514
IFE,Joint analytic covariance,2,620,-0.3924169715496596,-0.3719127792079322,-0.0205041923417274
IFE,Joint analytic covariance,2,621,-0.45491032850099367,-0.5318360988891796,0.07692577038818593
IFE,Joint analytic covariance,2,622,-0.3759265137317166,-0.46691878933659314,0.09099227560487655
IFE,Joint analytic covariance,2,623,-0.25919380579765017,-0.2644938769501125,0.005300071152462338
IFE,Joint analytic covariance,2,624,-0.6533749323912367,-0.72185359908131,0.0684786666900733
IFE,Joint analytic covariance,2,625,-0.5366848856159481,-0.5850852333223684,0.04840034770642032
IFE,Joint analytic covariance,2,626,-0.689404411379501,-0.6580622415485526,-0.031342169830948396
IFE,Joint analytic covariance,2,627,-0.04901397810212216,-0.0555824016683355,0.006568423566213344
IFE,Joint analytic covariance,2,628,-0.31858976135080774,-0.3917352503159094,0.07314548896510165
IFE,Joint analytic covariance,2,629,-0.2789120385525483,-0.25038512852808337,-0.028526910024464947
IFE,Joint analytic covariance,2,630,-0.20578279821987588,-0.554102250854704,0.3483194526348281
IFE,Joint analytic covariance,2,631,-0.6811717211564237,-0.6775141800780091,-0.003657541078414539
IFE,Joint analytic covariance,2,632,0.1432662311577304,-0.045947156293560276,0.18921338745129068
IFE,Joint analytic covariance,2,633,-0.4466542128716511,-0.48708760567342624,0.04043339280177516
IFE,Joint analytic covariance,2,634,-0.08132225829983619,-0.11844884852885063,0.03712659022901443
IFE,Joint analytic covariance,2,635,-0.5174035203711915,-0.44472687300942626,-0.07267664736176527
IFE,Joint analytic covariance,2,636,-0.39941150683187954,-0.42256403275696164,0.0231525259250821
IFE,Joint analytic covariance,2,637,-0.6805085963053519,-0.6895532084808098,0.009044612175457933
IFE,Joint analytic covariance,2,638,0.05820116240007511,-0.11262729842350294,0.17082846082357805
IFE,Joint analytic covariance,2,639,-0.5346690921761452,-0.5573125747529204,0.022643482576775176
IFE,Joint analytic covariance,2,640,-0.38387070558756387,-0.5317379111108396,0.1478672055232757
IFE,Joint analytic covariance,2,641,0.06964718234459522,-0.1395381492985891,0.2091853316431843
IFE,Joint analytic covariance,2,642,-0.2670639837277057,-0.36370967143686794,0.09664568770916226
IFE,Joint analytic covariance,2,643,-0.4893215497373924,-0.510616701087897,0.021295151350504637
IFE,Joint analytic covariance,2,644,0.12738223194561238,-0.045733905404148456,0.17311613734976083
IFE,Joint analytic covariance,2,645,-0.5919710615651991,-0.5976842228890018,0.005713161323802729
IFE,Joint analytic covariance,2,646,-0.550707153436119,-0.5767102201004988,0.026003066664379793
IFE,Joint analytic covariance,2,647,-0.5411155051076441,-0.5355466059353347,-0.005568899172309405
IFE,Joint analytic covariance,2,648,-0.5663042591767292,-0.6378295936395976,0.07152533446286835
IFE,Joint analytic covariance,2,649,0.5370596938739503,0.4026022530547724,0.13445744081917788
IFE,Joint analytic covariance,2,650,0.4615869687461769,0.09055212910972266,0.37103483963645423
IFE,Joint analytic covariance,2,651,-0.5989758738788764,-0.6227493066531036,0.023773432774227166
IFE,Joint analytic covariance,2,652,-0.5753779660164775,-0.5872498870857144,0.011871921069236846
IFE,Joint analytic covariance,2,653,-0.08595122532494759,-0.1394413837121964,0.0534901583872488
IFE,Joint analytic covariance,2,654,-0.06659493252314641,-0.34032494399137125,0.27373001146822484
IFE,Joint analytic covariance,2,655,-0.27793474620629044,-0.30661313723286454,0.0286783910265741
IFE,Joint analytic covariance,2,656,0.012713953280834023,-0.2689860531469618,0.2817000064277958
IFE,Joint analytic covariance,2,657,-0.8108352697079806,-0.8136441212049265,0.0028088514969458744
IFE,Joint analytic covariance,2,658,-0.5226634955192453,-0.6086886707732444,0.08602517525399911
IFE,Joint analytic covariance,2,659,-0.04138065045979722,-0.13764971650428492,0.0962690660444877
IFE,Joint analytic covariance,2,660,0.27418765691251257,0.05313391743927598,0.2210537394732366
IFE,Joint analytic covariance,2,661,-0.5283978356634402,-0.5303010843083069,0.001903248644866684
IFE,Joint analytic covariance,2,662,-0.43720644518523955,-0.5164491056045855,0.07924266041934591
IFE,Joint analytic covariance,2,663,-0.35351583917874396,-0.4798114951742002,0.12629565599545622
IFE,Joint analytic covariance,2,664,-0.4676647560656131,-0.5172332549242626,0.04956849885864956
IFE,Joint analytic covariance,2,665,-0.4795826426389418,-0.5366014013602426,0.0570187587213008
IFE,Joint analytic covariance,2,666,1.0598115012459948,0.7651949249650138,0.2946165762809809
IFE,Joint analytic covariance,2,667,-0.7959944932631914,-0.7772353749101372,-0.018759118353054216
IFE,Joint analytic covariance,2,668,-0.6948276365377407,-0.747220067586827,0.05239243104908631
IFE,Joint analytic covariance,2,669,-0.5042490245881341,-0.5886451069572043,0.08439608236907015
IFE,Joint analytic covariance,2,670,-0.5143476722448916,-0.5440298376384415,0.029682165393549842
IFE,Joint analytic covariance,2,671,-0.6165221318412326,-0.6895387985867948,0.07301666674556218
IFE,Joint analytic covariance,2,672,-0.21308848561109495,-0.09357930304992579,-0.11950918256116916
IFE,Joint analytic covariance,2,673,-0.4828156547737782,-0.545715976310811,0.06290032153703284
IFE,Joint analytic covariance,2,674,-0.10144991574716089,-0.17351875985546927,0.07206884410830838
IFE,Joint analytic covariance,2,675,-0.04980588173701739,-0.17338316249667018,0.1235772807596528
IFE,Joint analytic covariance,2,676,-0.030196023512212067,-0.169847228611815,0.13965120509960294
IFE,Joint analytic covariance,2,677,-0.0689304889695066,-0.13015213001872816,0.061221641049221565
IFE,Joint analytic covariance,2,678,-0.606634366196511,-0.6147159887272485,0.00808162253073752
IFE,Joint analytic covariance,2,679,-0.6169373262746232,-0.5861861557864816,-0.030751170488141577
IFE,Joint analytic covariance,2,680,-0.6318373165137047,-0.6571497077914694,0.025312391277764745
IFE,Joint analytic covariance,2,681,-0.3369320410091269,-0.3320515959381394,-0.004880445070987505
IFE,Joint analytic covariance,2,682,-0.09997082522575551,-0.2715986576345739,0.1716278324088184
IFE,Joint analytic covariance,2,683,-0.3292435891635498,-0.40262055756886106,0.07337696840531127
IFE,Joint analytic covariance,2,684,-0.4801251278216253,-0.4619599849976317,-0.01816514282399362
IFE,Joint analytic covariance,2,685,0.41398593026484587,0.18672723422688575,0.22725869603796012
IFE,Joint analytic covariance,2,686,-0.6166914884223037,-0.6401226466877112,0.023431158265407537
IFE,Joint analytic covariance,2,687,-0.18272371840226775,-0.2127532689473257,0.03002955054505796
IFE,Joint analytic covariance,2,688,-0.7099271609241807,-0.7205005970073634,0.010573436083182619
IFE,Joint analytic covariance,2,689,-0.34897176145261144,-0.3213009888550947,-0.027670772597516713
IFE,Joint analytic covariance,2,690,-0.2798053294020476,-0.31433446455949055,0.034529135157442936
IFE,Joint analytic covariance,2,691,-0.6165607756112723,-0.641737571044183,0.025176795432910737
IFE,Joint analytic covariance,2,692,-0.7210314017959925,-0.7255317766361361,0.0045003748401436505
IFE,Joint analytic covariance,2,693,-0.13149002677115396,-0.4593712529012761,0.32788122613012216
IFE,Joint analytic covariance,2,694,-0.5651805466236726,-0.6130714092459435,0.047890862622270935
IFE,Joint analytic covariance,2,695,-0.7569593968188548,-0.7955249695394746,0.03856557272061978
IFE,Joint analytic covariance,2,696,-0.09204784160938906,-0.17019055637291114,0.07814271476352208
IFE,Joint analytic covariance,2,697,-0.6602298849529292,-0.6362976709518003,-0.023932214001128882
IFE,Joint analytic covariance,2,698,0.39111994691178675,0.2047006304158152,0.18641931649597154
IFE,Joint analytic covariance,2,699,-0.2934354697288414,-0.3630639621972974,0.06962849246845604
IFE,Joint analytic covariance,2,700,-0.35453620344274295,-0.3849318401958025,0.030395636753059563
IFE,Joint analytic covariance,2,701,0.20842806902332334,0.1372943121964758,0.07113375682684753
IFE,Joint analytic covariance,2,702,-0.4147512348908162,-0.4389799338385776,0.024228698947761362
IFE,Joint analytic covariance,2,703,-0.01864628571453486,-0.26088729462941274,0.24224100891487788
IFE,Joint analytic covariance,2,704,-0.6826213150896338,-0.7069406233610446,0.024319308271410822
IFE,Joint analytic covariance,2,705,-0.03310205742518213,-0.060475145033898836,0.027373087608716706
IFE,Joint analytic covariance,2,706,-0.3562439706707248,-0.44765445854921815,0.09141048787849337
IFE,Joint analytic covariance,2,707,-0.4228013190477764,-0.48127895385293273,0.05847763480515633
IFE,Joint analytic covariance,2,708,-0.7323676676064543,-0.7547756491805719,0.022407981574117608
IFE,Joint analytic covariance,2,709,-0.7810707370394204,-0.7581979830656222,-0.022872753973798177
IFE,Joint analytic covariance,2,710,1.2271494192493826,0.9918748718666781,0.23527454738270448
IFE,Joint analytic covariance,2,711,-0.1509440992785932,-0.28856033282823235,0.13761623354963914
IFE,Joint analytic covariance,2,712,-0.28441296047239606,-0.3956661993424775,0.11125323887008143
IFE,Joint analytic covariance,2,713,-0.3437718782979622,-0.3826839175256157,0.038912039227653517
IFE,Joint analytic covariance,2,714,-0.1074114381974125,-0.28110129514545434,0.17368985694804184
IFE,Joint analytic covariance,2,715,-0.2148831834622268,-0.2994058588525037,0.08452267539027691
IFE,Joint analytic covariance,2,716,-0.43760475051010106,-0.47982709372486043,0.04222234321475937
IFE,Joint analytic covariance,2,717,-0.44268252509683437,-0.5170486287959377,0.07436610369910335
IFE,Joint analytic covariance,2,718,0.4490560682760798,0.23620825267986523,0.21284781559621457
IFE,Joint analytic covariance,2,719,0.19076928500927415,0.04301258712598899,0.14775669788328516
IFE,Joint analytic covariance,2,720,-0.25736325303132945,-0.2281088146660567,-0.02925443836527275
IFE,Joint analytic covariance,2,721,0.05824012453119476,-0.0392403578781968,0.09748048240939156
IFE,Joint analytic covariance,2,722,-0.20559357904945508,-0.4377272151782048,0.2321336361287497
IFE,Joint analytic covariance,2,723,0.4488716672899793,0.19282073813269762,0.25605092915728167
IFE,Joint analytic covariance,2,724,-0.5965027022063492,-0.6133016344546747,0.016798932248325515
IFE,Joint analytic covariance,2,725,-0.18853999484707584,-0.3361165593101705,0.14757656446309464
IFE,Joint analytic covariance,2,726,-0.8656297289203903,-0.8626174468595882,-0.003012282060802063
IFE,Joint analytic covariance,2,727,-0.3162544154441538,-0.45836545885497715,0.14211104341082337
IFE,Joint analytic covariance,2,728,-0.712748847706027,-0.7428743528833632,0.030125505177336254
IFE,Joint analytic covariance,2,729,-0.3642913946038343,-0.3366249251577438,-0.027666469446090525
IFE,Joint analytic covariance,2,730,-0.21233202915168026,-0.10966626524759426,-0.102665763904086
IFE,Joint analytic covariance,2,731,-0.5454241905518558,-0.687922211892377,0.14249802134052125
IFE,Joint analytic covariance,2,732,0.1835613344062581,0.14136757462914873,0.042193759777109374
IFE,Joint analytic covariance,2,733,-0.7763858315889693,-0.7951303629689559,0.01874453137998655
IFE,Joint analytic covariance,2,734,-0.5811288828462586,-0.6357179768444396,0.054589093998181015
IFE,Joint analytic covariance,2,735,-0.39347339979861395,-0.3936641687704675,1.907689718535499e-4
IFE,Joint analytic covariance,2,736,-0.6828145477506855,-0.6644816758878767,-0.018332871862808853
IFE,Joint analytic covariance,2,737,-0.47904955297066576,-0.49952535953561994,0.02047580656495418
IFE,Joint analytic covariance,2,738,-0.6555994902301613,-0.6565199573965985,9.204671664372333e-4
IFE,Joint analytic covariance,2,739,0.13164330229230825,0.0904717895544529,0.041171512737855354
IFE,Joint analytic covariance,2,740,-0.062287743931133344,-0.16791509044546882,0.10562734651433547
IFE,Joint analytic covariance,2,741,-0.44459110791874723,-0.46587258799237097,0.021281480073623738
IFE,Joint analytic covariance,2,742,-0.41992060610777526,-0.410513695637991,-0.009406910469784258
IFE,Joint analytic covariance,2,743,-0.354727948816016,-0.39232276666227417,0.03759481784625818
IFE,Joint analytic covariance,2,744,-0.5839718058335421,-0.5671397939568312,-0.016832011876710906
IFE,Joint analytic covariance,2,745,-0.18107482596206403,-0.39838667654336024,0.2173118505812962
IFE,Joint analytic covariance,2,746,-0.25983373082924965,-0.3950585670525796,0.13522483622332993
IFE,Joint analytic covariance,2,747,-0.06535014701170982,-0.18192651420482775,0.11657636719311792
IFE,Joint analytic covariance,2,748,-0.029109580250846867,-0.1986955266141741,0.16958594636332724
IFE,Joint analytic covariance,2,749,-0.6930585994469933,-0.7286556206675718,0.035597021220578506
IFE,Joint analytic covariance,2,750,-0.01672284313276351,-0.22964883395174107,0.21292599081897756
IFE,Joint analytic covariance,2,751,-0.5190538555127353,-0.5690234094381927,0.04996955392545743
IFE,Joint analytic covariance,2,752,-0.1792612438491321,-0.2380025970007068,0.05874135315157469
IFE,Joint analytic covariance,2,753,0.21238351773384978,-0.014636653150583268,0.22702017088443305
IFE,Joint analytic covariance,2,754,-0.444979258067559,-0.48954303603973415,0.044563777972175145
IFE,Joint analytic covariance,2,755,-0.46527130453121,-0.515796675380928,0.05052537084971798
IFE,Joint analytic covariance,2,756,-0.6550062793726372,-0.6666452289376121,0.01163894956497491
IFE,Joint analytic covariance,2,757,-0.5916363776054165,-0.6222577504716036,0.030621372866187047
IFE,Joint analytic covariance,2,758,0.05253482314316349,-0.07837519829883943,0.13091002144200292
IFE,Joint analytic covariance,2,759,-0.5900769163670101,-0.6134483899519823,0.023371473584972158
IFE,Joint analytic covariance,2,760,-0.4500749875461697,-0.3914698326826793,-0.05860515486349038
IFE,Joint analytic covariance,2,761,-0.1728157047018103,-0.3365435569837728,0.16372785228196252
IFE,Joint analytic covariance,2,762,-0.5528874479926997,-0.541513564102095,-0.011373883890604786
IFE,Joint analytic covariance,2,763,-0.5606311810829252,-0.5704252105426889,0.009794029459763709
IFE,Joint analytic covariance,2,764,0.01664562236388134,-0.18307022494794423,0.19971584731182557
IFE,Joint analytic covariance,2,765,-0.7395030916961284,-0.752830448748089,0.013327357051960642
IFE,Joint analytic covariance,2,766,-0.1803160834929488,-0.3330743785181326,0.1527582950251838
IFE,Joint analytic covariance,2,767,-0.6954668173366976,-0.7145164805374495,0.019049663200751965
IFE,Joint analytic covariance,2,768,1.088196252325727,0.833759066186607,0.2544371861391199
IFE,Joint analytic covariance,2,769,0.8570028049979879,0.6357822674809976,0.22122053751699022
IFE,Joint analytic covariance,2,770,-0.4206393756223543,-0.5451021234872542,0.12446274786489986
IFE,Joint analytic covariance,2,771,-0.3790611306713555,-0.4931459844805133,0.11408485380915778
IFE,Joint analytic covariance,2,772,-0.6759477630995647,-0.6549488581177962,-0.020998904981768485
IFE,Joint analytic covariance,2,773,-0.6713536151937556,-0.6851417533124124,0.013788138118656867
IFE,Joint analytic covariance,2,774,-0.3677837299501723,-0.41728313949000717,0.04949940953983489
IFE,Joint analytic covariance,2,775,-0.4129921000450629,-0.4929436176459361,0.07995151760087316
IFE,Joint analytic covariance,2,776,0.030728873361065556,-0.17119688292140822,0.20192575628247378
IFE,Joint analytic covariance,2,777,-0.6344074860943538,-0.6205088532684713,-0.013898632825882551
IFE,Joint analytic covariance,2,778,-0.6291204484113226,-0.6721955944629472,0.04307514605162455
IFE,Joint analytic covariance,2,779,-0.3170064865522435,-0.3217940692006156,0.004787582648372091
IFE,Joint analytic covariance,2,780,-0.5985135318924575,-0.5853597673575874,-0.01315376453487005
IFE,Joint analytic covariance,2,781,-0.19830890067918028,-0.2682241742576409,0.06991527357846061
IFE,Joint analytic covariance,2,782,-0.515616752803169,-0.5189065252847964,0.0032897724816274287
IFE,Joint analytic covariance,2,783,-0.685505289907638,-0.6734891625435995,-0.012016127364038565
IFE,Joint analytic covariance,2,784,-0.6749294861167172,-0.6941671773653608,0.019237691248643607
IFE,Joint analytic covariance,2,785,-0.7734923856062926,-0.8042009952478807,0.03070860964158806
IFE,Joint analytic covariance,2,786,-0.6546111853798877,-0.6954450980146153,0.040833912634727576
IFE,Joint analytic covariance,2,787,-0.5718317923957272,-0.5324511107575794,-0.039380681638147785
IFE,Joint analytic covariance,2,788,0.1509231771361872,0.17699175997316896,-0.02606858283698177
IFE,Joint analytic covariance,2,789,-0.01556303402647774,-0.10443643927460233,0.08887340524812459
IFE,Joint analytic covariance,2,790,-0.3215866173159644,-0.3659611471095937,0.044374529793629325
IFE,Joint analytic covariance,2,791,-0.2789559939258618,-0.4220761532226053,0.1431201592967435
IFE,Joint analytic covariance,2,792,-0.7506643193653396,-0.742936087159062,-0.007728232206277608
IFE,Joint analytic covariance,2,793,0.08787011493189323,0.13155403405561072,-0.043683919123717496
IFE,Joint analytic covariance,2,794,0.05808288803552797,-0.23555845379362073,0.2936413418291487
IFE,Joint analytic covariance,2,795,-0.39151367613623667,-0.44881318632192446,0.057299510185687796
IFE,Joint analytic covariance,2,796,-0.32344724127799906,-0.3725253962736821,0.04907815499568302
IFE,Joint analytic covariance,2,797,0.26492921971651673,0.3074273450946947,-0.04249812537817799
IFE,Joint analytic covariance,2,798,-0.6473980765776803,-0.7245344476519258,0.07713637107424542
IFE,Joint analytic covariance,2,799,-0.09872914922224518,-0.250911085418849,0.1521819361966038
IFE,Joint analytic covariance,2,800,-0.4888185804316001,-0.5623873240529818,0.07356874362138166
IFE,Joint analytic covariance,2,801,0.10018921614137066,0.05569735068782111,0.04449186545354955
IFE,Joint analytic covariance,2,802,0.3378817891646091,0.07439899088272628,0.2634827982818828
IFE,Joint analytic covariance,2,803,-0.7854184111511443,-0.7879649474619701,0.0025465363108257977
IFE,Joint analytic covariance,2,804,1.14727138473364,0.8581558123980566,0.2891155723355834
IFE,Joint analytic covariance,2,805,-0.7790596148507075,-0.8033764313030343,0.02431681645232675
IFE,Joint analytic covariance,2,806,0.3702228794725646,-0.17597391275664853,0.5461967922292131
IFE,Joint analytic covariance,2,807,0.07211396964152827,-0.0773436502763667,0.14945761991789497
IFE,Joint analytic covariance,2,808,-0.3377000865101125,-0.445851219898891,0.10815113338877846
IFE,Joint analytic covariance,2,809,-0.4247757555841115,-0.47127214038403864,0.046496384799927126
IFE,Joint analytic covariance,2,810,-0.6337260688764376,-0.7401526030877013,0.10642653421126369
IFE,Joint analytic covariance,2,811,-0.32838918217528257,-0.40220039560197274,0.07381121342669017
IFE,Joint analytic covariance,2,812,0.2141773805358218,0.1621485867671313,0.05202879376869052
IFE,Joint analytic covariance,2,813,-0.2908550186369827,-0.27599011130630724,-0.01486490733067547
IFE,Joint analytic covariance,2,814,-0.5395733067589387,-0.5701464327416541,0.030573125982715443
IFE,Joint analytic covariance,2,815,0.5893356256889535,0.6269685177933078,-0.037632892104354276
IFE,Joint analytic covariance,2,816,-0.15892952553134176,-0.2869617193898496,0.12803219385850784
IFE,Joint analytic covariance,2,817,-0.351724186206287,-0.34880356626080855,-0.002920619945478431
IFE,Joint analytic covariance,2,818,-0.36469489694836954,-0.37175533814089123,0.007060441192521694
IFE,Joint analytic covariance,2,819,-0.2211545797588641,-0.3589644900710466,0.13780991031218248
IFE,Joint analytic covariance,2,820,-0.35581058525543974,-0.4130851989256453,0.05727461367020559
IFE,Joint analytic covariance,2,821,-0.5948025475383212,-0.6453880339217976,0.050585486383476375
IFE,Joint analytic covariance,2,822,-0.6430322817499252,-0.6686534099769548,0.025621128227029555
IFE,Joint analytic covariance,2,823,-0.7063411140222413,-0.7376743409751803,0.03133322695293894
IFE,Joint analytic covariance,2,824,-0.5522410231999368,-0.5382016457582119,-0.014039377441724898
IFE,Joint analytic covariance,2,825,-0.51778226673615535,-0.476019662922316,-0.04176260381383934
IFE,Joint analytic covariance,2,826,-0.6026386865865372,-0.6339446912475544,0.031306004661017184
IFE,Joint analytic covariance,2,827,-0.4258070390919223,-0.4953398304571691,0.06953279136524682
IFE,Joint analytic covariance,2,828,-0.5580402938506961,-0.5014456681060215,-0.056594625744674554
IFE,Joint analytic covariance,2,829,0.0693958878275216,-0.05557530571192437,0.12497119353944597
IFE,Joint analytic covariance,2,830,-0.5320116074052343,-0.5531319783138025,0.02112037090856811
IFE,Joint analytic covariance,2,831,-0.2030774112021253,-0.27434791452683494,0.07127050332470963
IFE,Joint analytic covariance,2,832,-0.46562715440892966,-0.48528040218248547,0.019653247773555815
IFE,Joint analytic covariance,2,833,-0.26232956488286474,-0.29960320572073684,0.0372736408378721
IFE,Joint analytic covariance,2,834,0.25488908113565745,0.18410253459125747,0.07078654654439998
IFE,Joint analytic covariance,2,835,-0.5880140354099597,-0.6097125124104845,0.021698477000524852
IFE,Joint analytic covariance,2,836,-0.49606348766782604,-0.4968332867332508,7.697990654247366e-4
IFE,Joint analytic covariance,2,837,-0.6883132077992297,-0.6977252822547246,0.009412074455494968
IFE,Joint analytic covariance,2,838,-0.43767362968379875,-0.498615562401865,0.06094193271806625
IFE,Joint analytic covariance,2,839,0.2899276835539031,0.33374380767954337,-0.04381612412564029
IFE,Joint analytic covariance,2,840,-0.5316653029993261,-0.5220026757109748,-0.009662627288351322
IFE,Joint analytic covariance,2,841,2.0251594166698275,1.762017332489357,0.26314208418047036
IFE,Joint analytic covariance,2,842,0.23960731029059756,0.12929779419696086,0.1103095160936367
IFE,Joint analytic covariance,2,843,-0.08932661745637382,-0.17016417669632333,0.08083755923994951
IFE,Joint analytic covariance,2,844,-0.4091616801777892,-0.487007184532787,0.07784550435499782
IFE,Joint analytic covariance,2,845,-0.673291609323718,-0.7138906275217585,0.04059901819804046
IFE,Joint analytic covariance,2,846,-0.15263015476835007,-0.2213891016592754,0.06875894689092532
IFE,Joint analytic covariance,2,847,0.4065781627222511,0.3643057800948213,0.04227238262742983
IFE,Joint analytic covariance,2,848,-0.09384828950803259,-0.30817357974796045,0.21432529023992786
IFE,Joint analytic covariance,2,849,-0.08816028807270082,-0.022297702645752704,-0.06586258542694812
IFE,Joint analytic covariance,2,850,0.013395981943975066,0.08509424462513504,-0.07169826268115997
IFE,Joint analytic covariance,2,851,-0.5216015623748768,-0.5023567917636969,-0.019244770611179907
IFE,Joint analytic covariance,2,852,-0.26677833837348375,-0.35468220986666155,0.0879038714931778
IFE,Joint analytic covariance,2,853,-0.38424089845321985,-0.43145754870430586,0.04721665025108601
IFE,Joint analytic covariance,2,854,-0.10188202838164806,-0.1815463947425362,0.07966436636088814
IFE,Joint analytic covariance,2,855,-0.30251025107845686,-0.31565466221283245,0.013144411134375589
IFE,Joint analytic covariance,2,856,-0.5596458780220045,-0.5629815187742697,0.003335640752265223
IFE,Joint analytic covariance,2,857,-0.7323255942313667,-0.7752541410240503,0.04292854679268365
IFE,Joint analytic covariance,2,858,-0.4405182861458472,-0.4839258139085242,0.04340752776267698
IFE,Joint analytic covariance,2,859,-0.5131752525188411,-0.5084682214562194,-0.004707031062621714
IFE,Joint analytic covariance,2,860,-0.22047829138042918,-0.31115098625900195,0.09067269487857277
IFE,Joint analytic covariance,2,861,-0.5367738257444509,-0.512013431515042,-0.0247603942294089
IFE,Joint analytic covariance,2,862,0.191693011555629,-0.08312237472711648,0.2748153862827455
IFE,Joint analytic covariance,2,863,-0.7602782088517556,-0.7468631385801849,-0.013415070271570628
IFE,Joint analytic covariance,2,864,-0.643946083013395,-0.6614359445359187,0.017489861522523742
IFE,Joint analytic covariance,2,865,-0.02876969877273461,-0.107406911433089,0.0786372126603544
IFE,Joint analytic covariance,2,866,-0.28157135524573995,-0.3543441775340971,0.07277282228835713
IFE,Joint analytic covariance,2,867,-0.622494878734744,-0.6903604715075479,0.0678655927728039
IFE,Joint analytic covariance,2,868,0.1584044548509842,-0.09191008867499162,0.2503145435259758
IFE,Joint analytic covariance,2,869,-0.3982445098721664,-0.47591030066017637,0.07766579078800995
IFE,Joint analytic covariance,2,870,0.13879095851653211,0.10735941682359007,0.031431541692942044
IFE,Joint analytic covariance,2,871,-0.15106313769731494,-0.12495915997611295,-0.026103977721201987
IFE,Joint analytic covariance,2,872,-0.33902897191778225,-0.3997293487883192,0.060700376870536976
IFE,Joint analytic covariance,2,873,0.2418458763565876,0.1391583608168554,0.10268751553973221
IFE,Joint analytic covariance,2,874,-0.14300871837847207,-0.11384706178919579,-0.029161656589276275
IFE,Joint analytic covariance,2,875,0.2927650766344214,0.280487003386239,0.01227807324818242
IFE,Joint analytic covariance,2,876,-0.18826572248491302,-0.3365864103106543,0.14832068782574126
IFE,Joint analytic covariance,2,877,-0.7774984204063987,-0.7434844683244795,-0.03401395208191926
IFE,Joint analytic covariance,2,878,-0.3543033137577628,-0.35713195527880526,0.002828641521042452
IFE,Joint analytic covariance,2,879,0.5736937108942515,0.2022377944245637,0.3714559164696878
IFE,Joint analytic covariance,2,880,-0.6691800625242812,-0.627935308144205,-0.04124475438007624
IFE,Joint analytic covariance,2,881,-0.7471046709756455,-0.7673017696334234,0.020197098657777968
IFE,Joint analytic covariance,2,882,-0.719786786830692,-0.7073959199707802,-0.012390866859911753
IFE,Joint analytic covariance,2,883,-0.2789130873256408,-0.40157167126985993,0.12265858394421914
IFE,Joint analytic covariance,2,884,-0.7288690859003382,-0.7251321911523714,-0.0037368947479667902
IFE,Joint analytic covariance,2,885,-0.3013988320923905,-0.40527489813945905,0.10387606604706856
IFE,Joint analytic covariance,2,886,-0.25340911357013896,-0.20295150062668121,-0.05045761294345774
IFE,Joint analytic covariance,2,887,-0.3366487341420962,-0.5350745311455523,0.19842579700345608
IFE,Joint analytic covariance,2,888,-0.6026285190522014,-0.6344459444649289,0.031817425412727474
IFE,Joint analytic covariance,2,889,-0.2681333421987421,-0.26329671488081996,-0.004836627317922115
IFE,Joint analytic covariance,2,890,-0.5812514065954318,-0.5917186834484254,0.010467276852993534
IFE,Joint analytic covariance,2,891,-0.437982287690143,-0.4871674908141512,0.0491852031240082
IFE,Joint analytic covariance,2,892,-0.5672596050750764,-0.6093420784202714,0.04208247334519499
IFE,Joint analytic covariance,2,893,-0.5263466275712363,-0.5716459644915515,0.04529933692031518
IFE,Joint analytic covariance,2,894,-0.27016370919144195,-0.32945392344367896,0.05929021425223702
IFE,Joint analytic covariance,2,895,-0.7016754894917743,-0.6833471431875646,-0.018328346304209653
IFE,Joint analytic covariance,2,896,-0.6133671878357738,-0.6104484497978023,-0.002918738037971491
IFE,Joint analytic covariance,2,897,-0.10868338954990286,-0.24543101423609315,0.13674762468619028
IFE,Joint analytic covariance,2,898,-0.436532585384269,-0.46544909734787654,0.02891651196360756
IFE,Joint analytic covariance,2,899,-0.37444227426233323,-0.3958169277177186,0.021374653455385362
IFE,Joint analytic covariance,2,900,0.06200250173930999,0.04414861107380941,0.017853890665500582
IFE,Joint analytic covariance,2,901,0.30878748955432256,-0.174078456435383,0.48286594598970556
IFE,Joint analytic covariance,2,902,-0.416810091349916,-0.42675028892863254,0.009940197578716559
IFE,Joint analytic covariance,2,903,-0.2290857298039548,-0.2700398541020832,0.04095412429812839
IFE,Joint analytic covariance,2,904,-0.32778690942883937,-0.35461676289378563,0.026829853464946263
IFE,Joint analytic covariance,2,905,-0.018523123713757084,-0.053783794981010935,0.03526067126725385
IFE,Joint analytic covariance,2,906,-0.3752769923297642,-0.459898427770862,0.08462143544109779
IFE,Joint analytic covariance,2,907,-0.47300708725458085,-0.5455684992546519,0.07256141200007105
IFE,Joint analytic covariance,2,908,0.76190675006088,0.6783689616938127,0.08353778836706738
IFE,Joint analytic covariance,2,909,1.1062183641557013,0.8442352105620188,0.2619831535936825
IFE,Joint analytic covariance,2,910,-0.571881666616799,-0.6126483537613054,0.040766687144506486
IFE,Joint analytic covariance,2,911,-0.6692269298424351,-0.7067700578496744,0.037543128007239246
IFE,Joint analytic covariance,2,912,-0.49188149379751556,-0.5026140937773329,0.010732599979817348
IFE,Joint analytic covariance,2,913,-0.3214794853424804,-0.4672580984911261,0.1457786131486457
IFE,Joint analytic covariance,2,914,-0.524790058522651,-0.524827984137552,3.7925614901013205e-5
IFE,Joint analytic covariance,2,915,-0.24529013351350015,-0.31806081003813724,0.07277067652463709
IFE,Joint analytic covariance,2,916,-0.26726811072338674,-0.3096262644436648,0.04235815372027807
IFE,Joint analytic covariance,2,917,-0.3024827610686105,-0.4145945222794305,0.11211176121082
IFE,Joint analytic covariance,2,918,0.9474312265148979,0.7924702772939178,0.15496094922098003
IFE,Joint analytic covariance,2,919,-0.7326508453008593,-0.7348416755335475,0.002190830232688179
IFE,Joint analytic covariance,2,920,-0.481365009748123,-0.5104349315320571,0.029069921783934083
IFE,Joint analytic covariance,2,921,-0.3595372391056969,-0.4135453085435149,0.054008069437817996
IFE,Joint analytic covariance,2,922,0.7590423868019369,-0.01588104311184102,0.7749234299137779
IFE,Joint analytic covariance,2,923,-0.6633858436562298,-0.7156307160230675,0.052244872366837725
IFE,Joint analytic covariance,2,924,-0.5695144018442261,-0.6470837538963206,0.07756935205209448
IFE,Joint analytic covariance,2,925,-0.573770700871953,-0.6128478006127218,0.039077099740768784
IFE,Joint analytic covariance,2,926,-0.10162235120834229,-0.20470894996747213,0.10308659875912984
IFE,Joint analytic covariance,2,927,-0.14260702525871993,-0.14916158915463784,0.006554563895917909
IFE,Joint analytic covariance,2,928,-0.5806338145410374,-0.5916360218203119,0.01100220727927459
IFE,Joint analytic covariance,2,929,-0.3579587949401666,-0.4429133519952716,0.08495455705510502
IFE,Joint analytic covariance,2,930,-0.6521678243501127,-0.6794042605652083,0.02723643621509564
IFE,Joint analytic covariance,2,931,-0.5453692806815862,-0.5714438590041406,0.026074578322554443
IFE,Joint analytic covariance,2,932,-0.47772378214378175,-0.45299819300337085,-0.024725589140410897
IFE,Joint analytic covariance,2,933,0.12766898059470555,0.05125855230708121,0.07641042828762434
IFE,Joint analytic covariance,2,934,-0.7885284304076939,-0.8164363806434332,0.02790795023573922
IFE,Joint analytic covariance,2,935,-0.6207218770793492,-0.6162327314784837,-0.004489145600865552
IFE,Joint analytic covariance,2,936,-0.522561506014884,-0.6383014989448426,0.11573999292995851
IFE,Joint analytic covariance,2,937,-0.5616040338418873,-0.6194698356382564,0.05786580179636913
IFE,Joint analytic covariance,2,938,0.14603500277106995,0.10787492548826427,0.03816007728280568
IFE,Joint analytic covariance,2,939,-0.06973349183446154,-0.1010596774988689,0.03132618566440737
IFE,Joint analytic covariance,2,940,0.7840206410405894,0.5001566111023135,0.283864029938276
IFE,Joint analytic covariance,2,941,0.22570648246327218,-0.01604070290112214,0.24174718536439432
IFE,Joint analytic covariance,2,942,-0.2785176235454123,-0.17086922585571385,-0.10764839768969847
IFE,Joint analytic covariance,2,943,-0.6646193251868318,-0.6780696631711215,0.01345033798428974
IFE,Joint analytic covariance,2,944,-0.3835887519666765,-0.3383176424644728,-0.0452711095022037
IFE,Joint analytic covariance,2,945,-0.6032214834453143,-0.6101239658737698,0.006902482428455481
IFE,Joint analytic covariance,2,946,-0.5847555998648759,-0.6247593933699639,0.04000379350508798
IFE,Joint analytic covariance,2,947,-0.2231685792424669,-0.2297867246818618,0.0066181454393948735
IFE,Joint analytic covariance,2,948,-0.6136611739391392,-0.6024319080184223,-0.011229265920716935
IFE,Joint analytic covariance,2,949,-0.29254063111197326,-0.35106349802999237,0.05852286691801911
IFE,Joint analytic covariance,2,950,-0.7580538995594133,-0.7432476986108633,-0.014806200948550008
IFE,Joint analytic covariance,2,951,-0.051064601359871564,-0.2277058406789525,0.17664123931908093
IFE,Joint analytic covariance,2,952,-0.6888980781384464,-0.6770975054171415,-0.011800572721304858
IFE,Joint analytic covariance,2,953,-0.5225856058438826,-0.6304668286264569,0.10788122278257428
IFE,Joint analytic covariance,2,954,-0.35552622862752237,-0.36363837323359005,0.008112144606067684
IFE,Joint analytic covariance,2,955,-0.5945650041224319,-0.5521903711882223,-0.04237463293420951
IFE,Joint analytic covariance,2,956,-0.5831093580055332,-0.6198759782677452,0.036766620262212
IFE,Joint analytic covariance,2,957,2.658431592533578,2.418122164715961,0.24030942781761677
IFE,Joint analytic covariance,2,958,-0.601689769459377,-0.5569520142184194,-0.04473775524095758
IFE,Joint analytic covariance,2,959,-0.3321361816174325,-0.33173606146984314,-4.0012014758938896e-4
IFE,Joint analytic covariance,2,960,-0.5194744939705247,-0.5813984289757795,0.06192393500525484
IFE,Joint analytic covariance,2,961,0.11435919403763783,0.011297885483820158,0.10306130855381768
IFE,Joint analytic covariance,2,962,-0.34637416765019724,-0.43999850755872294,0.0936243399085257
IFE,Joint analytic covariance,2,963,0.046183782054358025,-0.1581744109707819,0.2043581930251399
IFE,Joint analytic covariance,2,964,-0.1101029981926428,-0.26173827197558763,0.15163527378294483
IFE,Joint analytic covariance,2,965,-0.5679758865208806,-0.6214241357614985,0.05344824924061786
IFE,Joint analytic covariance,2,966,-0.4830416069569947,-0.45601091448119513,-0.02703069247579959
IFE,Joint analytic covariance,2,967,0.6906596529288156,0.4839152634349706,0.206744389493845
IFE,Joint analytic covariance,2,968,-0.5444214352710433,-0.5057629053574653,-0.03865852991357799
IFE,Joint analytic covariance,2,969,-0.521441405266611,-0.5341852704029799,0.012743865136368937
IFE,Joint analytic covariance,2,970,-0.3011352287077069,-0.43774102491154687,0.13660579620383995
IFE,Joint analytic covariance,2,971,-0.6448752638500186,-0.6146781748612191,-0.03019708898879947
IFE,Joint analytic covariance,2,972,-0.3091726835099553,-0.37670990091255874,0.06753721740260343
IFE,Joint analytic covariance,2,973,-0.5623748016048524,-0.5812623436701674,0.018887542065314955
IFE,Joint analytic covariance,2,974,-0.3443134114701285,-0.4297505481639321,0.0854371366938036
IFE,Joint analytic covariance,2,975,-0.581096467581484,-0.5646641007658344,-0.016432366815649635
IFE,Joint analytic covariance,2,976,-0.4266923891953256,-0.44988899258799253,0.023196603392666937
IFE,Joint analytic covariance,2,977,-0.40152295970995056,-0.38900713009158516,-0.012515829618365393
IFE,Joint analytic covariance,2,978,-0.424318588542703,-0.45108008127072174,0.026761492728018754
IFE,Joint analytic covariance,2,979,-0.5215028960406636,-0.6060699043347193,0.08456700829405572
IFE,Joint analytic covariance,2,980,-0.38422661909361744,-0.5122995056508519,0.12807288655723448
IFE,Joint analytic covariance,2,981,0.005812934819919846,-0.1292097445356888,0.13502267935560863
IFE,Joint analytic covariance,2,982,-0.43091235947927187,-0.5034361795900908,0.07252382011081893
IFE,Joint analytic covariance,2,983,0.4120755978138593,0.11092098688186791,0.30115461093199136
IFE,Joint analytic covariance,2,984,-0.47825175922490104,-0.5385979650919047,0.06034620586700368
IFE,Joint analytic covariance,2,985,-0.27101279678366086,-0.30488917174038577,0.03387637495672491
IFE,Joint analytic covariance,2,986,-0.3100980953764033,-0.4108791212255525,0.10078102584914916
IFE,Joint analytic covariance,2,987,-0.5463931575785099,-0.5990969996196045,0.05270384204109457
IFE,Joint analytic covariance,2,988,-0.42358966870751724,-0.6306041943239689,0.20701452561645162
IFE,Joint analytic covariance,2,989,-0.604066226326909,-0.5920693277526019,-0.01199689857430708
IFE,Joint analytic covariance,2,990,-0.4986355971556634,-0.5581116360603016,0.05947603890463815
IFE,Joint analytic covariance,2,991,-0.2564833665772803,-0.38606536883560083,0.1295820022583205
IFE,Joint analytic covariance,2,992,-0.4951120485700129,-0.5254765387095215,0.030364490139508593
IFE,Joint analytic covariance,2,993,-0.4239744720619082,-0.4250813143288723,0.0011068422669641143
IFE,Joint analytic covariance,2,994,-0.5898652750944038,-0.6023279380271638,0.012462662932759994
IFE,Joint analytic covariance,2,995,-0.47536843453693045,-0.47004443526040995,-0.005323999276520497
IFE,Joint analytic covariance,2,996,-0.3326329381937996,-0.39705951364569514,0.06442657545189556
IFE,Joint analytic covariance,2,997,-0.5193396902524204,-0.47839410086462686,-0.04094558938779358
IFE,Joint analytic covariance,2,998,0.3927073402396548,0.21965109016750395,0.17305625007215086
IFE,Joint analytic covariance,2,999,-0.69343985604621206,-0.6872197379803249,-0.006220118065887181
IFE,Joint analytic covariance,2,1000,-0.6352759371622161,-0.6514525880271413,0.016176650864925257
