spec,estimator,L,draw,IE_2100
Interactive,AFE,0,1,0.26508031492473605
Interactive,AFE,0,2,0.009074547682117351
Interactive,AFE,0,3,0.13175421512272256
Interactive,AFE,0,4,0.05442311736877081
Interactive,AFE,0,5,0.17988830089888086
Interactive,AFE,0,6,0.18660380809537158
Interactive,AFE,0,7,-0.14730353107131022
Interactive,AFE,0,8,0.23877151502683525
Interactive,AFE,0,9,0.0720640220667701
Interactive,AFE,0,10,0.2724843823424673
Interactive,AFE,0,11,-0.08246934194734801
Interactive,AFE,0,12,0.19095594806449645
Interactive,AFE,0,13,-0.09993932795669391
Interactive,AFE,0,14,0.28648431573879274
Interactive,AFE,0,15,0.0930256729618395
Interactive,AFE,0,16,0.07634655576566363
Interactive,AFE,0,17,0.1252271017012626
Interactive,AFE,0,18,0.11845659669937258
Interactive,AFE,0,19,-0.28128106768720285
Interactive,AFE,0,20,0.05848332697774705
Interactive,AFE,0,21,-0.1638148159383368
Interactive,AFE,0,22,-0.3447666978950914
Interactive,AFE,0,23,-0.4836119755911892
Interactive,AFE,0,24,0.026074163371819892
Interactive,AFE,0,25,-0.04370696756609438
Interactive,AFE,0,26,-0.2553213741569663
Interactive,AFE,0,27,-0.21855739928649154
Interactive,AFE,0,28,0.1839311309205548
Interactive,AFE,0,29,-0.01642731484451576
Interactive,AFE,0,30,0.05461310284823351
Interactive,AFE,0,31,0.1583868870797439
Interactive,AFE,0,32,0.38466032523487836
Interactive,AFE,0,33,-0.2128302527960494
Interactive,AFE,0,34,0.1686007235712189
Interactive,AFE,0,35,0.32158070614684153
Interactive,AFE,0,36,0.22197991275013185
Interactive,AFE,0,37,0.1874461581458985
Interactive,AFE,0,38,0.07498014450747847
Interactive,AFE,0,39,0.14632481215598947
Interactive,AFE,0,40,0.08328250733841014
Interactive,AFE,0,41,0.08119235633196864
Interactive,AFE,0,42,0.14963546143509576
Interactive,AFE,0,43,0.29897325713444933
Interactive,AFE,0,44,-0.6816320628879848
Interactive,AFE,0,45,0.11674640730123209
Interactive,AFE,0,46,0.06878948515555372
Interactive,AFE,0,47,0.15716038770104668
Interactive,AFE,0,48,-0.10977435538967384
Interactive,AFE,0,49,-0.03537626110226233
Interactive,AFE,0,50,0.03790997936770457
Interactive,AFE,0,51,-0.16350743161082382
Interactive,AFE,0,52,0.4755749372102702
Interactive,AFE,0,53,0.04891203295830837
Interactive,AFE,0,54,0.377998955999417
Interactive,AFE,0,55,-0.04516271901599722
Interactive,AFE,0,56,0.3498905472781597
Interactive,AFE,0,57,0.10678171143464932
Interactive,AFE,0,58,0.08315834847318626
Interactive,AFE,0,59,0.010309032304161136
Interactive,AFE,0,60,0.12794939967745456
Interactive,AFE,0,61,0.2413501434555526
Interactive,AFE,0,62,0.21503064529111104
Interactive,AFE,0,63,-0.08514300711377021
Interactive,AFE,0,64,-0.10595842564914748
Interactive,AFE,0,65,0.2445674815631249
Interactive,AFE,0,66,0.5061742217421136
Interactive,AFE,0,67,-0.740431931488068
Interactive,AFE,0,68,0.1631477016724977
Interactive,AFE,0,69,-0.1711573726936082
Interactive,AFE,0,70,-0.03942213319529764
Interactive,AFE,0,71,0.07463170545342213
Interactive,AFE,0,72,0.2665929571778377
Interactive,AFE,0,73,-0.11050468906764954
Interactive,AFE,0,74,0.052414315741304285
Interactive,AFE,0,75,0.16027047158610208
Interactive,AFE,0,76,-0.04373296786886194
Interactive,AFE,0,77,-0.17900772636635232
Interactive,AFE,0,78,0.05306988348314834
Interactive,AFE,0,79,-0.37625628783412357
Interactive,AFE,0,80,-0.032685630542130806
Interactive,AFE,0,81,0.18702293313074092
Interactive,AFE,0,82,0.1243193325022659
Interactive,AFE,0,83,0.1905542047429324
Interactive,AFE,0,84,0.09023832053573433
Interactive,AFE,0,85,-0.3154526414673223
Interactive,AFE,0,86,0.002799832351327858
Interactive,AFE,0,87,-0.1240071992547227
Interactive,AFE,0,88,0.16162591058896314
Interactive,AFE,0,89,0.12213480526573994
Interactive,AFE,0,90,0.121502731025667
Interactive,AFE,0,91,0.25173471991122265
Interactive,AFE,0,92,0.027320729755279105
Interactive,AFE,0,93,-0.2168224196984163
Interactive,AFE,0,94,-0.04148417651880332
Interactive,AFE,0,95,0.09324856872006737
Interactive,AFE,0,96,0.14410380143377632
Interactive,AFE,0,97,0.4604011972835935
Interactive,AFE,0,98,0.04912921012774896
Interactive,AFE,0,99,0.3150244882165083
Interactive,AFE,0,100,0.24282323865741862
Interactive,AFE,0,101,-0.2960984051935903
Interactive,AFE,0,102,0.21494816795049776
Interactive,AFE,0,103,-0.09071817155254003
Interactive,AFE,0,104,0.18442237882243018
Interactive,AFE,0,105,0.07249697480581152
Interactive,AFE,0,106,0.11327698804382091
Interactive,AFE,0,107,0.21467071410527305
Interactive,AFE,0,108,-0.012555735352573483
Interactive,AFE,0,109,0.12406675239389375
Interactive,AFE,0,110,0.06490348594904871
Interactive,AFE,0,111,-3.026877027492991
Interactive,AFE,0,112,0.254436279930091
Interactive,AFE,0,113,0.1538963561909964
Interactive,AFE,0,114,0.05794820105974252
Interactive,AFE,0,115,0.0620147219185212
Interactive,AFE,0,116,-0.04061046752468944
Interactive,AFE,0,117,-0.0696024696705505
Interactive,AFE,0,118,-0.04917369400692717
Interactive,AFE,0,119,-0.36914525784800944
Interactive,AFE,0,120,0.1716641796781374
Interactive,AFE,0,121,0.1728573972576034
Interactive,AFE,0,122,0.13043501769234722
Interactive,AFE,0,123,0.5339911036927805
Interactive,AFE,0,124,0.45693115120874106
Interactive,AFE,0,125,-0.1912438110310084
Interactive,AFE,0,126,-0.013957945031657704
Interactive,AFE,0,127,0.002425819218395908
Interactive,AFE,0,128,0.3596296808564279
Interactive,AFE,0,129,-0.01155390813402668
Interactive,AFE,0,130,-0.0939683993960545
Interactive,AFE,0,131,0.03416990974994283
Interactive,AFE,0,132,-0.0746365939903677
Interactive,AFE,0,133,0.09350329199362017
Interactive,AFE,0,134,0.007977595509299107
Interactive,AFE,0,135,-0.10859079870915411
Interactive,AFE,0,136,0.3330220732432134
Interactive,AFE,0,137,0.23454749204754255
Interactive,AFE,0,138,-0.04020637281452044
Interactive,AFE,0,139,0.13017324749725812
Interactive,AFE,0,140,-0.08465783558508655
Interactive,AFE,0,141,0.19186422260733793
Interactive,AFE,0,142,-0.09334451766575691
Interactive,AFE,0,143,-0.1147446641215919
Interactive,AFE,0,144,0.033326841944361196
Interactive,AFE,0,145,-5.172708869136677e-4
Interactive,AFE,0,146,0.21230827567122623
Interactive,AFE,0,147,0.10038736132636172
Interactive,AFE,0,148,-0.21582279017959127
Interactive,AFE,0,149,0.07263254122752083
Interactive,AFE,0,150,0.1379965602103982
Interactive,AFE,0,151,0.09911388167451873
Interactive,AFE,0,152,0.11308750117329625
Interactive,AFE,0,153,-0.7567389356201732
Interactive,AFE,0,154,0.14388844776718657
Interactive,AFE,0,155,0.07919078050524542
Interactive,AFE,0,156,-0.37156873786959166
Interactive,AFE,0,157,-0.0684956719191383
Interactive,AFE,0,158,0.015320813560852575
Interactive,AFE,0,159,0.11862369913392756
Interactive,AFE,0,160,0.0480192249545649
Interactive,AFE,0,161,-0.17713818629021416
Interactive,AFE,0,162,0.27924830878513573
Interactive,AFE,0,163,0.30975425222553
Interactive,AFE,0,164,0.060790988696187154
Interactive,AFE,0,165,0.20142040637313285
Interactive,AFE,0,166,-0.02809876594255778
Interactive,AFE,0,167,0.4077824602944966
Interactive,AFE,0,168,-0.3004865410395754
Interactive,AFE,0,169,0.009101362115167433
Interactive,AFE,0,170,-0.6962166460404395
Interactive,AFE,0,171,0.03900067262064799
Interactive,AFE,0,172,0.01204458879169601
Interactive,AFE,0,173,-0.28650414957454906
Interactive,AFE,0,174,-0.09015146656037376
Interactive,AFE,0,175,-0.20785311126137518
Interactive,AFE,0,176,0.09095639134651612
Interactive,AFE,0,177,0.06509110562634846
Interactive,AFE,0,178,0.004384599744050921
Interactive,AFE,0,179,0.018956989270303204
Interactive,AFE,0,180,-0.09787355363630335
Interactive,AFE,0,181,-0.18467021330875832
Interactive,AFE,0,182,0.16898828997419513
Interactive,AFE,0,183,0.0023165736310712948
Interactive,AFE,0,184,-0.16333516060727227
Interactive,AFE,0,185,0.22993681970544533
Interactive,AFE,0,186,0.14371796810773807
Interactive,AFE,0,187,0.22502501603088376
Interactive,AFE,0,188,-0.07870895538749556
Interactive,AFE,0,189,0.1623821919226578
Interactive,AFE,0,190,0.18514412833132177
Interactive,AFE,0,191,0.30619792381627287
Interactive,AFE,0,192,0.10347669291405936
Interactive,AFE,0,193,-0.19170203384089635
Interactive,AFE,0,194,-0.3488081783318653
Interactive,AFE,0,195,-0.019590529373846532
Interactive,AFE,0,196,-0.08354986674362985
Interactive,AFE,0,197,0.22780897349109053
Interactive,AFE,0,198,-0.07702273330200016
Interactive,AFE,0,199,-0.04464307826546132
Interactive,AFE,0,200,-0.03767978373231484
Interactive,AFE,0,201,-0.35483772639562783
Interactive,AFE,0,202,-0.04273370231808493
Interactive,AFE,0,203,0.06188350404205023
Interactive,AFE,0,204,0.10702830677533082
Interactive,AFE,0,205,0.01110564653609658
Interactive,AFE,0,206,-0.05752163676992206
Interactive,AFE,0,207,0.03284016521803057
Interactive,AFE,0,208,-0.1214482141431108
Interactive,AFE,0,209,0.06189512825761989
Interactive,AFE,0,210,-0.19705481005088532
Interactive,AFE,0,211,-0.0415513918536784
Interactive,AFE,0,212,0.03329102444743093
Interactive,AFE,0,213,0.1641155529170535
Interactive,AFE,0,214,0.2690249577126088
Interactive,AFE,0,215,-0.11285090658806785
Interactive,AFE,0,216,0.26072824615412027
Interactive,AFE,0,217,-0.2719265497651482
Interactive,AFE,0,218,-0.11404223402703784
Interactive,AFE,0,219,-0.11835202072692153
Interactive,AFE,0,220,-0.3844663308457694
Interactive,AFE,0,221,-0.22334584271081626
Interactive,AFE,0,222,-0.21046089213553043
Interactive,AFE,0,223,-0.1191445928704652
Interactive,AFE,0,224,0.1416547764771361
Interactive,AFE,0,225,0.8124172884794362
Interactive,AFE,0,226,0.19078967583761797
Interactive,AFE,0,227,-0.12631175776429127
Interactive,AFE,0,228,-0.04803156703863487
Interactive,AFE,0,229,-0.14150099258492077
Interactive,AFE,0,230,-0.5031059408473083
Interactive,AFE,0,231,-0.08936090875956859
Interactive,AFE,0,232,-0.41971814330632706
Interactive,AFE,0,233,-0.35939630243794307
Interactive,AFE,0,234,-0.39941646066807346
Interactive,AFE,0,235,0.02803062082157104
Interactive,AFE,0,236,-0.14054979575866178
Interactive,AFE,0,237,0.16101931720711327
Interactive,AFE,0,238,-0.06048021014569871
Interactive,AFE,0,239,0.09686254201281996
Interactive,AFE,0,240,0.0684204181141338
Interactive,AFE,0,241,-0.0969925061254977
Interactive,AFE,0,242,0.0581380493694893
Interactive,AFE,0,243,-0.04141054630150853
Interactive,AFE,0,244,0.14479909316171613
Interactive,AFE,0,245,-0.023260239936956917
Interactive,AFE,0,246,-0.08023045549916197
Interactive,AFE,0,247,0.0021351065992296636
Interactive,AFE,0,248,0.11994111993384926
Interactive,AFE,0,249,-0.6362991850636212
Interactive,AFE,0,250,-0.03435818510049782
Interactive,AFE,0,251,-0.3018190879189806
Interactive,AFE,0,252,0.012966559361769936
Interactive,AFE,0,253,0.07649555244757988
Interactive,AFE,0,254,0.004763749277461926
Interactive,AFE,0,255,-0.14477252512243577
Interactive,AFE,0,256,0.0857189940018146
Interactive,AFE,0,257,0.11550202303703838
Interactive,AFE,0,258,-0.7529956637795223
Interactive,AFE,0,259,-1.1445300540666687
Interactive,AFE,0,260,-0.17370051685085697
Interactive,AFE,0,261,0.1424569474964168
Interactive,AFE,0,262,-0.12296430021677085
Interactive,AFE,0,263,-0.708589209423303
Interactive,AFE,0,264,0.27335416896062403
Interactive,AFE,0,265,-0.260438376538098
Interactive,AFE,0,266,0.014354739350221246
Interactive,AFE,0,267,-0.2528287186368775
Interactive,AFE,0,268,0.012700304146054275
Interactive,AFE,0,269,-0.05944459534420843
Interactive,AFE,0,270,-0.3326115953316535
Interactive,AFE,0,271,0.07776626005270659
Interactive,AFE,0,272,-0.008590253073229248
Interactive,AFE,0,273,0.02896698058308933
Interactive,AFE,0,274,-0.03281863549137776
Interactive,AFE,0,275,0.06896689955435431
Interactive,AFE,0,276,0.22144484992175406
Interactive,AFE,0,277,0.11957281195022551
Interactive,AFE,0,278,0.05558059730665055
Interactive,AFE,0,279,0.2620760905364643
Interactive,AFE,0,280,0.060254497523484885
Interactive,AFE,0,281,0.448496610282358
Interactive,AFE,0,282,-0.03123742574536348
Interactive,AFE,0,283,0.28347711049832447
Interactive,AFE,0,284,0.16223683500763553
Interactive,AFE,0,285,0.05694770901316759
Interactive,AFE,0,286,0.31001481795464214
Interactive,AFE,0,287,0.14033493836014954
Interactive,AFE,0,288,-0.3268352336771796
Interactive,AFE,0,289,-0.3922022558730679
Interactive,AFE,0,290,-0.024858701942172545
Interactive,AFE,0,291,0.25901250634677186
Interactive,AFE,0,292,-0.1040358337598496
Interactive,AFE,0,293,-0.4194586138897973
Interactive,AFE,0,294,-0.014292863474949513
Interactive,AFE,0,295,0.015689504891684525
Interactive,AFE,0,296,-0.03939070240163711
Interactive,AFE,0,297,0.10386505327913642
Interactive,AFE,0,298,-0.10660056620998248
Interactive,AFE,0,299,0.025986460036963255
Interactive,AFE,0,300,0.6109223636736377
Interactive,AFE,0,301,-0.39739821821642396
Interactive,AFE,0,302,0.24626577873435374
Interactive,AFE,0,303,0.21037902420544397
Interactive,AFE,0,304,0.05544222276342026
Interactive,AFE,0,305,0.13552547449491148
Interactive,AFE,0,306,0.1286863093068954
Interactive,AFE,0,307,0.32792321139040836
Interactive,AFE,0,308,-0.10007283847402793
Interactive,AFE,0,309,-0.754355228123529
Interactive,AFE,0,310,-0.056127098373253914
Interactive,AFE,0,311,0.23205431854025005
Interactive,AFE,0,312,-0.02134581830832616
Interactive,AFE,0,313,-0.27412230496922785
Interactive,AFE,0,314,0.11732823530298231
Interactive,AFE,0,315,-0.011478866440520541
Interactive,AFE,0,316,0.3399422890350209
Interactive,AFE,0,317,-0.946354479433043
Interactive,AFE,0,318,-0.04680241925905382
Interactive,AFE,0,319,0.06561191034058889
Interactive,AFE,0,320,-0.1402460900203596
Interactive,AFE,0,321,0.23973101296142996
Interactive,AFE,0,322,0.18352438362869417
Interactive,AFE,0,323,0.26333812636649956
Interactive,AFE,0,324,-0.14916873337769476
Interactive,AFE,0,325,-0.07251230863158187
Interactive,AFE,0,326,-0.32290707550200415
Interactive,AFE,0,327,-0.17193698442222083
Interactive,AFE,0,328,-0.3055461465536643
Interactive,AFE,0,329,-0.004005372060307377
Interactive,AFE,0,330,0.2337287439103537
Interactive,AFE,0,331,-3.547650435631322e-4
Interactive,AFE,0,332,0.14413351527535456
Interactive,AFE,0,333,-2.0335814394854115
Interactive,AFE,0,334,0.036100380323779935
Interactive,AFE,0,335,0.23839133438744298
Interactive,AFE,0,336,0.029139059550397417
Interactive,AFE,0,337,0.2587660607420128
Interactive,AFE,0,338,-0.2115983947589064
Interactive,AFE,0,339,-0.08964219328163414
Interactive,AFE,0,340,0.43396423932452166
Interactive,AFE,0,341,-1.0165561491316795
Interactive,AFE,0,342,0.2050693071891736
Interactive,AFE,0,343,0.13406721768188146
Interactive,AFE,0,344,0.6078682540553582
Interactive,AFE,0,345,0.23069623139511186
Interactive,AFE,0,346,-0.20006801904473526
Interactive,AFE,0,347,0.11879601151142061
Interactive,AFE,0,348,0.11903406147747486
Interactive,AFE,0,349,0.12075422374839107
Interactive,AFE,0,350,-0.5952168031848766
Interactive,AFE,0,351,-0.20655385894713008
Interactive,AFE,0,352,0.09663444615470906
Interactive,AFE,0,353,-0.03606524577729364
Interactive,AFE,0,354,-0.042457593058094045
Interactive,AFE,0,355,0.13147666056348262
Interactive,AFE,0,356,0.27798248938320225
Interactive,AFE,0,357,0.012954817353588721
Interactive,AFE,0,358,-0.08396172090503784
Interactive,AFE,0,359,0.031193292870583145
Interactive,AFE,0,360,-0.029902895569488108
Interactive,AFE,0,361,0.3368950696031797
Interactive,AFE,0,362,0.15770274676212237
Interactive,AFE,0,363,-0.0095138660141596
Interactive,AFE,0,364,0.013655225775905944
Interactive,AFE,0,365,0.42536525816571424
Interactive,AFE,0,366,-0.25559152920582606
Interactive,AFE,0,367,0.6559526944831257
Interactive,AFE,0,368,-0.39447785510286104
Interactive,AFE,0,369,-1.4884126632023336
Interactive,AFE,0,370,0.01568759166677569
Interactive,AFE,0,371,0.04689682693006536
Interactive,AFE,0,372,0.16939720145184267
Interactive,AFE,0,373,-0.38010787873949037
Interactive,AFE,0,374,0.10443680729304217
Interactive,AFE,0,375,-0.1124872153001153
Interactive,AFE,0,376,0.07154701365703531
Interactive,AFE,0,377,0.08278037167201446
Interactive,AFE,0,378,-0.22343385815544936
Interactive,AFE,0,379,0.5767109622707352
Interactive,AFE,0,380,0.19836480609558949
Interactive,AFE,0,381,0.15939558507297913
Interactive,AFE,0,382,0.24414209652954078
Interactive,AFE,0,383,0.3283343644818977
Interactive,AFE,0,384,0.45688626114457476
Interactive,AFE,0,385,0.1690394979718839
Interactive,AFE,0,386,0.006221909612626586
Interactive,AFE,0,387,-0.1600156762686049
Interactive,AFE,0,388,0.22403650077921922
Interactive,AFE,0,389,0.10257538112178
Interactive,AFE,0,390,0.03692750177149573
Interactive,AFE,0,391,0.17853975559156354
Interactive,AFE,0,392,0.13015387690951197
Interactive,AFE,0,393,0.07944949042963678
Interactive,AFE,0,394,0.05319360688499941
Interactive,AFE,0,395,0.1365486243947962
Interactive,AFE,0,396,-0.06415252959349571
Interactive,AFE,0,397,-0.1412740869218686
Interactive,AFE,0,398,0.10852486750325285
Interactive,AFE,0,399,0.12921274126216653
Interactive,AFE,0,400,-0.13541244116043993
Interactive,AFE,0,401,0.14937849688039662
Interactive,AFE,0,402,-0.23030242321666305
Interactive,AFE,0,403,-0.12003115306685253
Interactive,AFE,0,404,0.09886540638114649
Interactive,AFE,0,405,0.029942963354257168
Interactive,AFE,0,406,-0.2201424785944216
Interactive,AFE,0,407,0.022724353276209586
Interactive,AFE,0,408,0.0485445446874212
Interactive,AFE,0,409,-0.1009518633077835
Interactive,AFE,0,410,0.12968457453226567
Interactive,AFE,0,411,-0.623707588521065
Interactive,AFE,0,412,-0.41653265135416495
Interactive,AFE,0,413,0.28406811741931337
Interactive,AFE,0,414,0.45163199443656066
Interactive,AFE,0,415,0.14135578547120398
Interactive,AFE,0,416,0.18381414126496232
Interactive,AFE,0,417,-0.08301020859607622
Interactive,AFE,0,418,-0.6546104413558573
Interactive,AFE,0,419,-0.21643634054470362
Interactive,AFE,0,420,0.23332084606615433
Interactive,AFE,0,421,0.06161084346816126
Interactive,AFE,0,422,-0.03488014763389968
Interactive,AFE,0,423,0.08465710382126113
Interactive,AFE,0,424,-0.11685627582979241
Interactive,AFE,0,425,0.6699415216529598
Interactive,AFE,0,426,-0.8445945778923517
Interactive,AFE,0,427,-0.32557335350534544
Interactive,AFE,0,428,-0.02906264430771799
Interactive,AFE,0,429,-0.026100703001239123
Interactive,AFE,0,430,0.07247635861499435
Interactive,AFE,0,431,-0.06483400326101207
Interactive,AFE,0,432,0.029670737572599082
Interactive,AFE,0,433,0.20493551275056776
Interactive,AFE,0,434,0.3176960845772312
Interactive,AFE,0,435,0.04972123652503635
Interactive,AFE,0,436,0.002857789291107471
Interactive,AFE,0,437,0.3418091878175644
Interactive,AFE,0,438,0.07576199371891079
Interactive,AFE,0,439,-0.27836251441263327
Interactive,AFE,0,440,0.03360138856201689
Interactive,AFE,0,441,0.08041375297041142
Interactive,AFE,0,442,0.047716209655721986
Interactive,AFE,0,443,0.027009529324512838
Interactive,AFE,0,444,0.14755447493618778
Interactive,AFE,0,445,-0.29404954708824926
Interactive,AFE,0,446,0.07589121688509926
Interactive,AFE,0,447,-0.13127944332780273
Interactive,AFE,0,448,-0.48528995054679003
Interactive,AFE,0,449,0.46437499515591985
Interactive,AFE,0,450,0.1529486063886739
Interactive,AFE,0,451,-0.3115169752747933
Interactive,AFE,0,452,0.3392362279959842
Interactive,AFE,0,453,0.10083554899395186
Interactive,AFE,0,454,0.22185385059880336
Interactive,AFE,0,455,0.20112233925236167
Interactive,AFE,0,456,0.21565128561409885
Interactive,AFE,0,457,0.18066721315185297
Interactive,AFE,0,458,-0.01896739332561581
Interactive,AFE,0,459,0.07805050063676056
Interactive,AFE,0,460,-0.08392101758571302
Interactive,AFE,0,461,-0.05374033068550321
Interactive,AFE,0,462,-0.27288090157996536
Interactive,AFE,0,463,0.04768289109170576
Interactive,AFE,0,464,0.3930562173699925
Interactive,AFE,0,465,0.3468073450065703
Interactive,AFE,0,466,-0.2576745592962525
Interactive,AFE,0,467,0.19888873894817116
Interactive,AFE,0,468,0.01430694636813401
Interactive,AFE,0,469,0.1683282577312888
Interactive,AFE,0,470,-0.03406886817700783
Interactive,AFE,0,471,-0.057330123664472654
Interactive,AFE,0,472,-0.06142176798112153
Interactive,AFE,0,473,0.13087699327159208
Interactive,AFE,0,474,-0.24416836565128142
Interactive,AFE,0,475,-0.14813188481034967
Interactive,AFE,0,476,0.041319296657340576
Interactive,AFE,0,477,0.05143394980216698
Interactive,AFE,0,478,0.09614637733291065
Interactive,AFE,0,479,-0.06350732636959522
Interactive,AFE,0,480,0.06381468660434164
Interactive,AFE,0,481,0.05030831018004822
Interactive,AFE,0,482,-0.12467423157356416
Interactive,AFE,0,483,-0.26737614359659156
Interactive,AFE,0,484,0.21327561257677796
Interactive,AFE,0,485,-0.22097411939791323
Interactive,AFE,0,486,-0.031353671374796055
Interactive,AFE,0,487,-0.25143036159775267
Interactive,AFE,0,488,0.04575186205105608
Interactive,AFE,0,489,0.5535508893200626
Interactive,AFE,0,490,-0.7238236788861074
Interactive,AFE,0,491,-0.30028148961822376
Interactive,AFE,0,492,0.10676012509185318
Interactive,AFE,0,493,0.26985901070578167
Interactive,AFE,0,494,0.2374300554709361
Interactive,AFE,0,495,-0.01383908753766927
Interactive,AFE,0,496,0.2271932223374621
Interactive,AFE,0,497,0.3043804183820067
Interactive,AFE,0,498,0.2650316746904944
Interactive,AFE,0,499,-0.3253027290814433
Interactive,AFE,0,500,0.0021619744540954944
Interactive,AFE,0,501,0.14517091636865054
Interactive,AFE,0,502,-0.003322380215777465
Interactive,AFE,0,503,0.15589054595390905
Interactive,AFE,0,504,0.084485316217823625
Interactive,AFE,0,505,-0.014076331706824097
Interactive,AFE,0,506,0.24282149907202433
Interactive,AFE,0,507,-0.4670670704935793
Interactive,AFE,0,508,-0.22772492282002488
Interactive,AFE,0,509,-0.02746398454644694
Interactive,AFE,0,510,0.07906786466755422
Interactive,AFE,0,511,0.08534509214057462
Interactive,AFE,0,512,-0.05957795332673643
Interactive,AFE,0,513,0.05619573980869541
Interactive,AFE,0,514,0.11751959124606737
Interactive,AFE,0,515,0.1789372973843093
Interactive,AFE,0,516,0.27237350085252743
Interactive,AFE,0,517,-0.38787905940487144
Interactive,AFE,0,518,0.07263951340051533
Interactive,AFE,0,519,-0.22495084740601934
Interactive,AFE,0,520,-0.7696665587999967
Interactive,AFE,0,521,0.3684478087404196
Interactive,AFE,0,522,-0.2772609995990809
Interactive,AFE,0,523,0.11721829651148075
Interactive,AFE,0,524,0.07218248881653155
Interactive,AFE,0,525,0.15344245922693145
Interactive,AFE,0,526,0.1026727681833165
Interactive,AFE,0,527,0.09476608281516885
Interactive,AFE,0,528,0.017008942221617862
Interactive,AFE,0,529,-0.006894385481501675
Interactive,AFE,0,530,-0.24779694261397134
Interactive,AFE,0,531,-0.3855164641293026
Interactive,AFE,0,532,0.09485942697223837
Interactive,AFE,0,533,0.3859803603123393
Interactive,AFE,0,534,0.04514678627759261
Interactive,AFE,0,535,0.31196813042539473
Interactive,AFE,0,536,0.07961540859186322
Interactive,AFE,0,537,-0.2005521441195124
Interactive,AFE,0,538,-0.03534706147552269
Interactive,AFE,0,539,-0.07728679219737133
Interactive,AFE,0,540,0.2274480081435024
Interactive,AFE,0,541,0.0782461107109027
Interactive,AFE,0,542,-0.37233750268850485
Interactive,AFE,0,543,-0.22396787053697131
Interactive,AFE,0,544,0.09583051549203003
Interactive,AFE,0,545,0.4778167521377168
Interactive,AFE,0,546,0.17414498199448547
Interactive,AFE,0,547,-0.22354390852804507
Interactive,AFE,0,548,0.10573999312031801
Interactive,AFE,0,549,0.16580329152229234
Interactive,AFE,0,550,-0.2548657530386962
Interactive,AFE,0,551,-0.2116262419456918
Interactive,AFE,0,552,-0.9449985343891549
Interactive,AFE,0,553,0.4509822606639162
Interactive,AFE,0,554,0.1512600867982966
Interactive,AFE,0,555,0.09722851777786046
Interactive,AFE,0,556,-0.36541909824117924
Interactive,AFE,0,557,0.026035612195354108
Interactive,AFE,0,558,0.29234441429701585
Interactive,AFE,0,559,-0.11534726597045653
Interactive,AFE,0,560,-0.31764470710718273
Interactive,AFE,0,561,-0.08598792111183529
Interactive,AFE,0,562,0.1050862415291487
Interactive,AFE,0,563,-0.18846344257442582
Interactive,AFE,0,564,0.2373784012905521
Interactive,AFE,0,565,-0.15351500319962408
Interactive,AFE,0,566,0.1534789852218137
Interactive,AFE,0,567,-0.3470490162366724
Interactive,AFE,0,568,0.07459201522275094
Interactive,AFE,0,569,0.022105580609290243
Interactive,AFE,0,570,0.06251855726092925
Interactive,AFE,0,571,-0.37708984436830384
Interactive,AFE,0,572,0.11918211856775851
Interactive,AFE,0,573,-0.556622580448929
Interactive,AFE,0,574,-0.0703833822147566
Interactive,AFE,0,575,0.005891799208589066
Interactive,AFE,0,576,-0.5190538938769151
Interactive,AFE,0,577,-0.0712856972456416
Interactive,AFE,0,578,-0.019797194785946104
Interactive,AFE,0,579,-0.1902183307448131
Interactive,AFE,0,580,0.24587360868326014
Interactive,AFE,0,581,-0.3782365843090071
Interactive,AFE,0,582,0.2616501475159311
Interactive,AFE,0,583,0.2722245338503847
Interactive,AFE,0,584,0.11579703567422828
Interactive,AFE,0,585,-0.0012796489174234926
Interactive,AFE,0,586,0.14713670596849926
Interactive,AFE,0,587,0.2640231266961869
Interactive,AFE,0,588,-0.34732563836219277
Interactive,AFE,0,589,0.28276805787079806
Interactive,AFE,0,590,0.4689747158848111
Interactive,AFE,0,591,0.10009914704996958
Interactive,AFE,0,592,-0.26221447881894955
Interactive,AFE,0,593,0.16930654519847
Interactive,AFE,0,594,-0.787630563773323
Interactive,AFE,0,595,-0.17360210968806855
Interactive,AFE,0,596,-0.0064935487042411255
Interactive,AFE,0,597,0.023656856772111157
Interactive,AFE,0,598,-0.24332661045071902
Interactive,AFE,0,599,0.1783528226590394
Interactive,AFE,0,600,0.21699513244327961
Interactive,AFE,0,601,0.10918009082039859
Interactive,AFE,0,602,-0.06805665189599541
Interactive,AFE,0,603,0.2473492813909851
Interactive,AFE,0,604,0.40011482736525217
Interactive,AFE,0,605,0.12063613845293009
Interactive,AFE,0,606,0.20843337006519047
Interactive,AFE,0,607,0.12581336155055833
Interactive,AFE,0,608,-0.2696973458317147
Interactive,AFE,0,609,0.014071587352628923
Interactive,AFE,0,610,0.22300846177288514
Interactive,AFE,0,611,0.14383320228863472
Interactive,AFE,0,612,0.3884305110312548
Interactive,AFE,0,613,-0.0689186645007348
Interactive,AFE,0,614,0.13088960874659272
Interactive,AFE,0,615,0.08994066789437338
Interactive,AFE,0,616,-0.24254195789398048
Interactive,AFE,0,617,8.029183716640187e-4
Interactive,AFE,0,618,0.24516553858999146
Interactive,AFE,0,619,0.1313095994064648
Interactive,AFE,0,620,0.2385553963321867
Interactive,AFE,0,621,-0.13254816633425326
Interactive,AFE,0,622,0.1339185688881095
Interactive,AFE,0,623,-0.07269310188251565
Interactive,AFE,0,624,-0.06302530331997702
Interactive,AFE,0,625,0.10964372087338636
Interactive,AFE,0,626,0.10003821836017224
Interactive,AFE,0,627,0.20087383751814136
Interactive,AFE,0,628,0.0010744127073171184
Interactive,AFE,0,629,0.1494557821617516
Interactive,AFE,0,630,0.20323490988817616
Interactive,AFE,0,631,-0.04212061875512363
Interactive,AFE,0,632,-0.494854015799405
Interactive,AFE,0,633,0.2511409820876813
Interactive,AFE,0,634,0.1601125229544481
Interactive,AFE,0,635,-0.009355671660330134
Interactive,AFE,0,636,0.24138458448600264
Interactive,AFE,0,637,-0.11473268692884764
Interactive,AFE,0,638,-0.10227550464909707
Interactive,AFE,0,639,-0.05894370617891287
Interactive,AFE,0,640,-0.15398394564639162
Interactive,AFE,0,641,0.08111052795781692
Interactive,AFE,0,642,0.6027650288034265
Interactive,AFE,0,643,0.05529935086580973
Interactive,AFE,0,644,0.03634999915067583
Interactive,AFE,0,645,0.10914532936468413
Interactive,AFE,0,646,0.09426644891476677
Interactive,AFE,0,647,-0.15982786241826663
Interactive,AFE,0,648,0.09817742344397018
Interactive,AFE,0,649,-0.06566028463529738
Interactive,AFE,0,650,-0.09569821284826185
Interactive,AFE,0,651,0.15626478880786587
Interactive,AFE,0,652,0.15963670835760857
Interactive,AFE,0,653,0.07181656922867663
Interactive,AFE,0,654,0.5075173786844782
Interactive,AFE,0,655,0.2896157668394306
Interactive,AFE,0,656,0.18641145826204386
Interactive,AFE,0,657,0.21115273360321574
Interactive,AFE,0,658,-0.45441483405909655
Interactive,AFE,0,659,-0.14455805798276955
Interactive,AFE,0,660,0.08122432646182465
Interactive,AFE,0,661,-0.024323383988052116
Interactive,AFE,0,662,0.2093796016284467
Interactive,AFE,0,663,0.2348251285328936
Interactive,AFE,0,664,-0.08874094393294474
Interactive,AFE,0,665,-0.1799049435317559
Interactive,AFE,0,666,0.3677193583924373
Interactive,AFE,0,667,0.01728521091303481
Interactive,AFE,0,668,0.3124180540573347
Interactive,AFE,0,669,-0.017413281080238985
Interactive,AFE,0,670,0.1361930947347043
Interactive,AFE,0,671,0.16005589493102823
Interactive,AFE,0,672,0.012454904298808245
Interactive,AFE,0,673,0.3687988138227216
Interactive,AFE,0,674,-0.1349943564260898
Interactive,AFE,0,675,0.07425113929243965
Interactive,AFE,0,676,0.18509864346909655
Interactive,AFE,0,677,0.37466302531404017
Interactive,AFE,0,678,-0.6780065507551459
Interactive,AFE,0,679,0.06582436869471076
Interactive,AFE,0,680,0.2541829419309646
Interactive,AFE,0,681,0.1659824190859419
Interactive,AFE,0,682,0.18857807446623864
Interactive,AFE,0,683,0.13357839324221876
Interactive,AFE,0,684,0.20262601482932407
Interactive,AFE,0,685,0.5523695446027312
Interactive,AFE,0,686,-0.36745974552704774
Interactive,AFE,0,687,0.14715319700387053
Interactive,AFE,0,688,0.051001624790283806
Interactive,AFE,0,689,0.11354087593159656
Interactive,AFE,0,690,0.6632636441519468
Interactive,AFE,0,691,0.024116864600431276
Interactive,AFE,0,692,-0.08812641577185376
Interactive,AFE,0,693,-0.20100719619576535
Interactive,AFE,0,694,-0.06221333634283155
Interactive,AFE,0,695,0.5096221010282698
Interactive,AFE,0,696,0.03918318770471263
Interactive,AFE,0,697,0.01180343690177521
Interactive,AFE,0,698,0.2222804901027109
Interactive,AFE,0,699,-0.24767938094505182
Interactive,AFE,0,700,-0.23063061352300185
Interactive,AFE,0,701,0.16357626413468174
Interactive,AFE,0,702,0.17340944186151597
Interactive,AFE,0,703,0.06729877819327534
Interactive,AFE,0,704,-0.12553614568020133
Interactive,AFE,0,705,-0.4467160175654574
Interactive,AFE,0,706,0.133947611646696
Interactive,AFE,0,707,0.21165860386891233
Interactive,AFE,0,708,0.21317939276356945
Interactive,AFE,0,709,0.0830244841183807
Interactive,AFE,0,710,0.16675004543824745
Interactive,AFE,0,711,-0.2375268942047063
Interactive,AFE,0,712,0.28397138886476936
Interactive,AFE,0,713,0.006136551952200087
Interactive,AFE,0,714,0.06589859301965417
Interactive,AFE,0,715,0.1487499912731448
Interactive,AFE,0,716,0.45026795939296926
Interactive,AFE,0,717,0.447490594695821
Interactive,AFE,0,718,-0.08858480871516639
Interactive,AFE,0,719,0.0583661724307446
Interactive,AFE,0,720,-0.23351730856979547
Interactive,AFE,0,721,0.19336502609660677
Interactive,AFE,0,722,0.05017288386055696
Interactive,AFE,0,723,0.07648701972167904
Interactive,AFE,0,724,0.4589226299905369
Interactive,AFE,0,725,0.11967043114311926
Interactive,AFE,0,726,0.1945337467398347
Interactive,AFE,0,727,0.1967176495536782
Interactive,AFE,0,728,0.24421317687906985
Interactive,AFE,0,729,-0.39325594892538474
Interactive,AFE,0,730,0.018028169152544793
Interactive,AFE,0,731,-0.03481959776077259
Interactive,AFE,0,732,0.11596740924689675
Interactive,AFE,0,733,-0.0380860896636962
Interactive,AFE,0,734,-0.022802642224563185
Interactive,AFE,0,735,0.03394909567920956
Interactive,AFE,0,736,-0.03463449516588424
Interactive,AFE,0,737,-0.24497080993211284
Interactive,AFE,0,738,0.03462039220033175
Interactive,AFE,0,739,0.5363281089466021
Interactive,AFE,0,740,0.11858258564596114
Interactive,AFE,0,741,0.4115147914818449
Interactive,AFE,0,742,-0.1292447616633019
Interactive,AFE,0,743,-0.1159944551915697
Interactive,AFE,0,744,-0.04491539930350552
Interactive,AFE,0,745,-0.6286779329395614
Interactive,AFE,0,746,-3.298931604028832e-4
Interactive,AFE,0,747,0.5336642253245859
Interactive,AFE,0,748,-0.3557508283690346
Interactive,AFE,0,749,0.09827454858513285
Interactive,AFE,0,750,-0.16724054679561484
Interactive,AFE,0,751,-0.06054937683526229
Interactive,AFE,0,752,0.2018165568998913
Interactive,AFE,0,753,0.06474742268546263
Interactive,AFE,0,754,0.2915600706190844
Interactive,AFE,0,755,0.1262862608772891
Interactive,AFE,0,756,-0.0857461490838839
Interactive,AFE,0,757,0.06809158403527049
Interactive,AFE,0,758,0.28669104608519314
Interactive,AFE,0,759,0.05051696391442195
Interactive,AFE,0,760,-0.05321844120188868
Interactive,AFE,0,761,0.07059810398647437
Interactive,AFE,0,762,0.2199475660912431
Interactive,AFE,0,763,0.489668572561039
Interactive,AFE,0,764,-0.15970958849115569
Interactive,AFE,0,765,0.2987569329511136
Interactive,AFE,0,766,0.15005469636624102
Interactive,AFE,0,767,-0.7117474727314861
Interactive,AFE,0,768,-0.29182822362343497
Interactive,AFE,0,769,0.05864332596731536
Interactive,AFE,0,770,-0.03404994243874582
Interactive,AFE,0,771,-0.020344885275420777
Interactive,AFE,0,772,-1.0313373544516842
Interactive,AFE,0,773,0.30155364835706955
Interactive,AFE,0,774,0.1245044326963255
Interactive,AFE,0,775,-0.09212818802268874
Interactive,AFE,0,776,0.11572073342239508
Interactive,AFE,0,777,-0.10327634165839172
Interactive,AFE,0,778,0.14209033678662675
Interactive,AFE,0,779,-0.0030134775530872293
Interactive,AFE,0,780,0.09976750945548707
Interactive,AFE,0,781,-0.09850076731814095
Interactive,AFE,0,782,0.0962945536570804
Interactive,AFE,0,783,0.049134171967458284
Interactive,AFE,0,784,-0.030274609616956938
Interactive,AFE,0,785,-0.0047823909756550265
Interactive,AFE,0,786,0.12101311618156674
Interactive,AFE,0,787,-1.2370661736543167
Interactive,AFE,0,788,0.33902814671695547
Interactive,AFE,0,789,-0.10720096856123396
Interactive,AFE,0,790,-0.1047016447091429
Interactive,AFE,0,791,-0.1351031911147006
Interactive,AFE,0,792,-0.23906233471659433
Interactive,AFE,0,793,0.0021241417452378952
Interactive,AFE,0,794,-0.47888507607039965
Interactive,AFE,0,795,0.17878931207911797
Interactive,AFE,0,796,0.05004607803697492
Interactive,AFE,0,797,0.08457538827960565
Interactive,AFE,0,798,-0.5104410697546733
Interactive,AFE,0,799,0.16260656965336717
Interactive,AFE,0,800,-0.31429960698232495
Interactive,AFE,0,801,0.17463287768001967
Interactive,AFE,0,802,-0.08816905807348163
Interactive,AFE,0,803,-0.077382418674253
Interactive,AFE,0,804,0.184605143620733
Interactive,AFE,0,805,0.4114808902009943
Interactive,AFE,0,806,-0.16114018149268383
Interactive,AFE,0,807,-0.09997376320648255
Interactive,AFE,0,808,-0.04269133752521581
Interactive,AFE,0,809,-0.024425119347936675
Interactive,AFE,0,810,0.10177198941578691
Interactive,AFE,0,811,-0.01566851679739978
Interactive,AFE,0,812,0.3861729172473738
Interactive,AFE,0,813,0.06232554967040782
Interactive,AFE,0,814,0.16719210898181003
Interactive,AFE,0,815,0.20786004773036448
Interactive,AFE,0,816,0.24308994171976317
Interactive,AFE,0,817,0.03182115381419215
Interactive,AFE,0,818,-0.06451983974968711
Interactive,AFE,0,819,-0.0069309872258656036
Interactive,AFE,0,820,0.30327354112803206
Interactive,AFE,0,821,0.05255128371204387
Interactive,AFE,0,822,0.0036174953044869618
Interactive,AFE,0,823,-1.2890196273500114
Interactive,AFE,0,824,0.02710104013752812
Interactive,AFE,0,825,-0.025419531732286282
Interactive,AFE,0,826,-0.05678439398345225
Interactive,AFE,0,827,-0.1423124455931204
Interactive,AFE,0,828,0.08773813775153494
Interactive,AFE,0,829,-0.2867615355574683
Interactive,AFE,0,830,-0.2057499331267203
Interactive,AFE,0,831,-0.38124664032864297
Interactive,AFE,0,832,-0.024597890380756438
Interactive,AFE,0,833,-0.08844499570711672
Interactive,AFE,0,834,0.01731998961010217
Interactive,AFE,0,835,0.13756412896360815
Interactive,AFE,0,836,-0.17702639414723953
Interactive,AFE,0,837,-0.10530388350997721
Interactive,AFE,0,838,0.32291779387899866
Interactive,AFE,0,839,0.5575305307116893
Interactive,AFE,0,840,0.17171597962887475
Interactive,AFE,0,841,0.0058528434278167785
Interactive,AFE,0,842,-0.8152420463214454
Interactive,AFE,0,843,-0.2565108811336859
Interactive,AFE,0,844,-0.1924038006565093
Interactive,AFE,0,845,0.01790282594474224
Interactive,AFE,0,846,-0.8206574422495707
Interactive,AFE,0,847,0.026678942612895606
Interactive,AFE,0,848,-0.08789966344347966
Interactive,AFE,0,849,0.04869752024569418
Interactive,AFE,0,850,-0.4401491170202845
Interactive,AFE,0,851,-0.035855341786081074
Interactive,AFE,0,852,0.10021045688121388
Interactive,AFE,0,853,0.170333238426428
Interactive,AFE,0,854,0.24394990985691356
Interactive,AFE,0,855,0.11267834251250997
Interactive,AFE,0,856,-0.357021276401869
Interactive,AFE,0,857,0.14781645531212684
Interactive,AFE,0,858,-0.11621586912670256
Interactive,AFE,0,859,0.05915204562521503
Interactive,AFE,0,860,-0.30354860729431266
Interactive,AFE,0,861,0.5026297266354061
Interactive,AFE,0,862,-0.08763795382974493
Interactive,AFE,0,863,0.3804413777951574
Interactive,AFE,0,864,-0.5497611804436986
Interactive,AFE,0,865,-0.0060999636650893585
Interactive,AFE,0,866,-0.003152469110367928
Interactive,AFE,0,867,0.1771621713967373
Interactive,AFE,0,868,0.09043875679502944
Interactive,AFE,0,869,0.3026643994206517
Interactive,AFE,0,870,-0.2904533658892068
Interactive,AFE,0,871,0.204079884774649
Interactive,AFE,0,872,0.023104303992368735
Interactive,AFE,0,873,0.15832499263348876
Interactive,AFE,0,874,-0.04439286891005123
Interactive,AFE,0,875,0.04201167340778744
Interactive,AFE,0,876,0.07493771324037057
Interactive,AFE,0,877,0.06358340207655888
Interactive,AFE,0,878,-0.14314282882244234
Interactive,AFE,0,879,0.0013421753895175303
Interactive,AFE,0,880,0.023546198002077023
Interactive,AFE,0,881,0.002038606379058505
Interactive,AFE,0,882,-0.8233104010330423
Interactive,AFE,0,883,-0.31155707495821394
Interactive,AFE,0,884,-0.30457296630505903
Interactive,AFE,0,885,-0.8231019004529121
Interactive,AFE,0,886,-0.42553284605102715
Interactive,AFE,0,887,0.03554782658580813
Interactive,AFE,0,888,-0.48755922846939614
Interactive,AFE,0,889,-0.1085120140495297
Interactive,AFE,0,890,-0.2394519806554556
Interactive,AFE,0,891,-0.2520376123558695
Interactive,AFE,0,892,0.0896543560422366
Interactive,AFE,0,893,0.10150357528788978
Interactive,AFE,0,894,0.0826874540289867
Interactive,AFE,0,895,-0.5943192887620521
Interactive,AFE,0,896,0.19830157851826036
Interactive,AFE,0,897,0.3040184361641154
Interactive,AFE,0,898,-0.10283086754865811
Interactive,AFE,0,899,-0.004478544366740778
Interactive,AFE,0,900,0.34875360900436636
Interactive,AFE,0,901,-0.031104712975929094
Interactive,AFE,0,902,-0.10675788810882225
Interactive,AFE,0,903,-0.19689179401618562
Interactive,AFE,0,904,-0.039285031761148836
Interactive,AFE,0,905,0.030778400012426044
Interactive,AFE,0,906,-0.23862717675776168
Interactive,AFE,0,907,0.09527809806656184
Interactive,AFE,0,908,-0.12637315587556874
Interactive,AFE,0,909,0.24013585137088966
Interactive,AFE,0,910,0.38257144430413037
Interactive,AFE,0,911,0.02453809295187792
Interactive,AFE,0,912,0.09377435293716996
Interactive,AFE,0,913,0.11098636654115346
Interactive,AFE,0,914,-0.21243692241007284
Interactive,AFE,0,915,-0.03794138362480037
Interactive,AFE,0,916,-0.927090633595526
Interactive,AFE,0,917,0.2301559265859925
Interactive,AFE,0,918,-0.0904082595443676
Interactive,AFE,0,919,-0.09570161052671566
Interactive,AFE,0,920,0.3762172304995387
Interactive,AFE,0,921,0.11841997368718904
Interactive,AFE,0,922,0.026900486372152477
Interactive,AFE,0,923,0.11082162699551112
Interactive,AFE,0,924,-0.2172973730998835
Interactive,AFE,0,925,-0.30295452323916905
Interactive,AFE,0,926,0.2754128612871124
Interactive,AFE,0,927,0.12509840513135573
Interactive,AFE,0,928,-0.44450479910189156
Interactive,AFE,0,929,-0.11942988661885834
Interactive,AFE,0,930,0.4827782212707774
Interactive,AFE,0,931,-0.33179438873303746
Interactive,AFE,0,932,-0.5785698938707016
Interactive,AFE,0,933,0.36743133597302713
Interactive,AFE,0,934,0.024687194606879403
Interactive,AFE,0,935,0.29811918943733806
Interactive,AFE,0,936,0.014792027963852594
Interactive,AFE,0,937,-0.14189443872650587
Interactive,AFE,0,938,-0.32022557060595425
Interactive,AFE,0,939,-0.16399397983036168
Interactive,AFE,0,940,0.1636747568942417
Interactive,AFE,0,941,0.20285085992180063
Interactive,AFE,0,942,0.10166181141685038
Interactive,AFE,0,943,0.12739497435394476
Interactive,AFE,0,944,0.2023105680637256
Interactive,AFE,0,945,0.11142302044439345
Interactive,AFE,0,946,-0.36160227216273333
Interactive,AFE,0,947,-0.10998866902386117
Interactive,AFE,0,948,0.3288767571773602
Interactive,AFE,0,949,-0.5197643488042178
Interactive,AFE,0,950,0.1407502909125824
Interactive,AFE,0,951,0.18797090708363984
Interactive,AFE,0,952,0.0540786254793022
Interactive,AFE,0,953,0.015285297217164096
Interactive,AFE,0,954,0.27949274223120435
Interactive,AFE,0,955,0.20859737198113537
Interactive,AFE,0,956,0.039231021713783676
Interactive,AFE,0,957,0.00142945218878332
Interactive,AFE,0,958,-0.6084342067495736
Interactive,AFE,0,959,-0.27006948475522097
Interactive,AFE,0,960,-0.13675774865450452
Interactive,AFE,0,961,-0.1286554988788453
Interactive,AFE,0,962,-0.09414780957660485
Interactive,AFE,0,963,-0.3666876434613865
Interactive,AFE,0,964,-4.0068386367597686e-4
Interactive,AFE,0,965,-0.10897881674330812
Interactive,AFE,0,966,-0.1781044443245976
Interactive,AFE,0,967,0.09270446938741239
Interactive,AFE,0,968,0.11366109056864093
Interactive,AFE,0,969,0.04188696594097485
Interactive,AFE,0,970,0.04872777866029521
Interactive,AFE,0,971,0.04769773990377346
Interactive,AFE,0,972,0.1251360935200636
Interactive,AFE,0,973,0.04353160986745741
Interactive,AFE,0,974,-0.2674506503087474
Interactive,AFE,0,975,0.2961915283025913
Interactive,AFE,0,976,-0.04852145692028775
Interactive,AFE,0,977,0.10406025653944773
Interactive,AFE,0,978,0.037934453802207724
Interactive,AFE,0,979,-0.5589578357142517
Interactive,AFE,0,980,-0.05759752886894154
Interactive,AFE,0,981,0.08386901549578141
Interactive,AFE,0,982,-0.2332286618168491
Interactive,AFE,0,983,0.3813743883509495
Interactive,AFE,0,984,-0.8302933647809169
Interactive,AFE,0,985,0.2990326130993223
Interactive,AFE,0,986,0.013853950665549841
Interactive,AFE,0,987,0.14661163751005468
Interactive,AFE,0,988,-0.2544988501245745
Interactive,AFE,0,989,0.11808579087045845
Interactive,AFE,0,990,0.013679440610905536
Interactive,AFE,0,991,0.03630567025724696
Interactive,AFE,0,992,-0.3518532833738106
Interactive,AFE,0,993,-0.14562486543981334
Interactive,AFE,0,994,0.01441702799131872
Interactive,AFE,0,995,0.3294411837436467
Interactive,AFE,0,996,0.15531478350217187
Interactive,AFE,0,997,0.041324707910516345
Interactive,AFE,0,998,0.06355608079398567
Interactive,AFE,0,999,0.1601047842341624
Interactive,AFE,0,1000,-0.23082770725383572
Interactive,AFE,1,1,0.0488067162653798
Interactive,AFE,1,2,-0.28726629879841337
Interactive,AFE,1,3,0.23603384080766876
Interactive,AFE,1,4,-0.04279083357505653
Interactive,AFE,1,5,0.09937141071386335
Interactive,AFE,1,6,0.10693828353840573
Interactive,AFE,1,7,0.48154208573027846
Interactive,AFE,1,8,0.18033876670506221
Interactive,AFE,1,9,-0.7607839059267056
Interactive,AFE,1,10,0.041820101281558
Interactive,AFE,1,11,0.11398502189019322
Interactive,AFE,1,12,0.09364406157060279
Interactive,AFE,1,13,-0.10305994521960127
Interactive,AFE,1,14,0.06890196562706596
Interactive,AFE,1,15,-3.0534465737263297
Interactive,AFE,1,16,0.07457999212032962
Interactive,AFE,1,17,0.1230169802532729
Interactive,AFE,1,18,0.04794628811239543
Interactive,AFE,1,19,0.038520457637124195
Interactive,AFE,1,20,-0.011666985869640212
Interactive,AFE,1,21,0.4728203746223423
Interactive,AFE,1,22,0.08001908076703645
Interactive,AFE,1,23,0.02365597254508489
Interactive,AFE,1,24,-0.10815210131324104
Interactive,AFE,1,25,0.5470728107343199
Interactive,AFE,1,26,0.5230048498820454
Interactive,AFE,1,27,0.010347514427358595
Interactive,AFE,1,28,-1.2162887649762544
Interactive,AFE,1,29,-0.5973006586848051
Interactive,AFE,1,30,-0.5684133636551454
Interactive,AFE,1,31,-0.10262818954607678
Interactive,AFE,1,32,0.2658072162471473
Interactive,AFE,1,33,0.046543977335991915
Interactive,AFE,1,34,0.07628579093098153
Interactive,AFE,1,35,-0.6025266087376401
Interactive,AFE,1,36,0.394095898265058
Interactive,AFE,1,37,0.0026180687532553204
Interactive,AFE,1,38,-0.39049130618442673
Interactive,AFE,1,39,0.3424425953798097
Interactive,AFE,1,40,0.4626725093346551
Interactive,AFE,1,41,-0.21247086153319894
Interactive,AFE,1,42,0.15457689216544068
Interactive,AFE,1,43,0.11348932028474712
Interactive,AFE,1,44,-0.38792959148680706
Interactive,AFE,1,45,0.04538025606700635
Interactive,AFE,1,46,-0.022892367775956046
Interactive,AFE,1,47,0.023084444300194185
Interactive,AFE,1,48,0.16068578379565912
Interactive,AFE,1,49,0.11870596703285208
Interactive,AFE,1,50,0.6853968870120943
Interactive,AFE,1,51,-1.7476166855142092
Interactive,AFE,1,52,-0.04246736268322837
Interactive,AFE,1,53,0.6132560901440177
Interactive,AFE,1,54,0.0448107369019376
Interactive,AFE,1,55,0.048782269520175836
Interactive,AFE,1,56,0.3483650212276659
Interactive,AFE,1,57,0.08386850602430296
Interactive,AFE,1,58,0.46551156629071855
Interactive,AFE,1,59,0.15820148567737213
Interactive,AFE,1,60,0.14370031718872756
Interactive,AFE,1,61,0.4089032124602675
Interactive,AFE,1,62,-0.3281688931371861
Interactive,AFE,1,63,0.2720338280419716
Interactive,AFE,1,64,0.2746746304708998
Interactive,AFE,1,65,0.06243888584121704
Interactive,AFE,1,66,0.14324914993124405
Interactive,AFE,1,67,0.556141787427752
Interactive,AFE,1,68,0.0794965704149363
Interactive,AFE,1,69,0.030438897495938644
Interactive,AFE,1,70,0.11004102008333316
Interactive,AFE,1,71,-0.002372265363781212
Interactive,AFE,1,72,0.07793838870927594
Interactive,AFE,1,73,0.21592042609931072
Interactive,AFE,1,74,0.3976914570387302
Interactive,AFE,1,75,0.05370955865765281
Interactive,AFE,1,76,0.2177378279408152
Interactive,AFE,1,77,0.18563267635815572
Interactive,AFE,1,78,-0.6947724612915878
Interactive,AFE,1,79,0.1956124087712574
Interactive,AFE,1,80,-0.01986446281126719
Interactive,AFE,1,81,-0.07198549555855605
Interactive,AFE,1,82,-0.17693066139400992
Interactive,AFE,1,83,0.053276280376661544
Interactive,AFE,1,84,0.30321568402358245
Interactive,AFE,1,85,0.03038721963291402
Interactive,AFE,1,86,0.01285412007789477
Interactive,AFE,1,87,0.2271817464690904
Interactive,AFE,1,88,0.08478007417790034
Interactive,AFE,1,89,-0.06632779708972447
Interactive,AFE,1,90,0.022243300102821162
Interactive,AFE,1,91,0.2696344230740637
Interactive,AFE,1,92,-0.10644344898811486
Interactive,AFE,1,93,0.00554027201656071
Interactive,AFE,1,94,-0.48311839955281477
Interactive,AFE,1,95,0.18071204107761218
Interactive,AFE,1,96,-0.23480238393215513
Interactive,AFE,1,97,0.14963515386049475
Interactive,AFE,1,98,0.02802272417790508
Interactive,AFE,1,99,0.34074429413429363
Interactive,AFE,1,100,0.16977542376284016
Interactive,AFE,1,101,-0.11804220898560103
Interactive,AFE,1,102,-0.38086448358381886
Interactive,AFE,1,103,-0.34675940990597276
Interactive,AFE,1,104,0.1658149412942228
Interactive,AFE,1,105,-0.6652618291342696
Interactive,AFE,1,106,-0.2328199507077513
Interactive,AFE,1,107,0.43381308395713836
Interactive,AFE,1,108,-0.26830374993806727
Interactive,AFE,1,109,0.05066326368964913
Interactive,AFE,1,110,0.13470761569580347
Interactive,AFE,1,111,-0.01303302715859811
Interactive,AFE,1,112,-0.15680702526910661
Interactive,AFE,1,113,0.18424163914846647
Interactive,AFE,1,114,0.1797009763002697
Interactive,AFE,1,115,0.09144183578997689
Interactive,AFE,1,116,-0.06824563183856269
Interactive,AFE,1,117,-0.2435786059231113
Interactive,AFE,1,118,0.11174108371350244
Interactive,AFE,1,119,-0.3019881821756234
Interactive,AFE,1,120,0.21972627177986948
Interactive,AFE,1,121,0.09160914096495676
Interactive,AFE,1,122,0.042085488493090795
Interactive,AFE,1,123,-0.4204068359734987
Interactive,AFE,1,124,-0.22757730017515465
Interactive,AFE,1,125,0.1498464311684381
Interactive,AFE,1,126,0.16576450843159463
Interactive,AFE,1,127,-0.2552120218256462
Interactive,AFE,1,128,0.09686924504908045
Interactive,AFE,1,129,-0.2112174517189933
Interactive,AFE,1,130,0.13526607802769708
Interactive,AFE,1,131,-1.083733951557132
Interactive,AFE,1,132,0.29589627935152285
Interactive,AFE,1,133,-0.03403576005779796
Interactive,AFE,1,134,-0.14210247383571417
Interactive,AFE,1,135,0.42481405233412683
Interactive,AFE,1,136,0.16795955379369742
Interactive,AFE,1,137,0.1536592844481901
Interactive,AFE,1,138,0.0068280021434861116
Interactive,AFE,1,139,-0.15900925262361942
Interactive,AFE,1,140,0.2903668940824835
Interactive,AFE,1,141,0.1789997652753308
Interactive,AFE,1,142,-3.914286750125173e-4
Interactive,AFE,1,143,0.17258025333276406
Interactive,AFE,1,144,-0.10475797408727294
Interactive,AFE,1,145,-0.3374584057398201
Interactive,AFE,1,146,0.17009083815282866
Interactive,AFE,1,147,0.31210395607095864
Interactive,AFE,1,148,0.5780489179537962
Interactive,AFE,1,149,0.2671135837139277
Interactive,AFE,1,150,-0.39743861610526476
Interactive,AFE,1,151,0.05901269587779989
Interactive,AFE,1,152,-0.7831733407092262
Interactive,AFE,1,153,0.05306543075711401
Interactive,AFE,1,154,-0.2261647787901091
Interactive,AFE,1,155,0.13160750751671624
Interactive,AFE,1,156,0.27069276321495905
Interactive,AFE,1,157,0.03995300403957813
Interactive,AFE,1,158,0.14506916564622263
Interactive,AFE,1,159,0.06783917178667376
Interactive,AFE,1,160,0.016755671055213472
Interactive,AFE,1,161,0.25402103726052794
Interactive,AFE,1,162,0.41145142373936516
Interactive,AFE,1,163,-0.09346365949799884
Interactive,AFE,1,164,0.35229356880215423
Interactive,AFE,1,165,-0.007646719835878724
Interactive,AFE,1,166,0.41171424745377894
Interactive,AFE,1,167,-0.06433307767808216
Interactive,AFE,1,168,-0.4849989269987378
Interactive,AFE,1,169,-0.43575351471928514
Interactive,AFE,1,170,0.41477103225481127
Interactive,AFE,1,171,0.5369986490623231
Interactive,AFE,1,172,0.5767209998573364
Interactive,AFE,1,173,0.12534363296137052
Interactive,AFE,1,174,0.08616006100910778
Interactive,AFE,1,175,-0.08507265702367905
Interactive,AFE,1,176,0.04548962519539401
Interactive,AFE,1,177,-0.3634843053132776
Interactive,AFE,1,178,0.17447711786416997
Interactive,AFE,1,179,-0.13308484944634358
Interactive,AFE,1,180,0.12029862613155595
Interactive,AFE,1,181,0.09523103705595215
Interactive,AFE,1,182,0.24050356178813903
Interactive,AFE,1,183,0.4007822558016352
Interactive,AFE,1,184,0.09714607902381767
Interactive,AFE,1,185,-0.4423081925697513
Interactive,AFE,1,186,0.12048788207145522
Interactive,AFE,1,187,-0.20153076698870198
Interactive,AFE,1,188,0.16114553365304063
Interactive,AFE,1,189,0.1300272051934539
Interactive,AFE,1,190,0.09863183827840116
Interactive,AFE,1,191,0.17708814949801144
Interactive,AFE,1,192,0.3012763841107944
Interactive,AFE,1,193,0.03273484296768314
Interactive,AFE,1,194,0.017989746856091893
Interactive,AFE,1,195,-0.23589983815803894
Interactive,AFE,1,196,0.17244616857381845
Interactive,AFE,1,197,-0.19758230588066938
Interactive,AFE,1,198,0.016089910940110697
Interactive,AFE,1,199,-0.30147186091702993
Interactive,AFE,1,200,0.08622866648234762
Interactive,AFE,1,201,-0.37284478259139575
Interactive,AFE,1,202,-1.7652307182175013
Interactive,AFE,1,203,-0.34250837365180686
Interactive,AFE,1,204,0.24615974789492723
Interactive,AFE,1,205,0.1721022615977592
Interactive,AFE,1,206,-0.24853210900812894
Interactive,AFE,1,207,0.1342053015725253
Interactive,AFE,1,208,0.047327866309035405
Interactive,AFE,1,209,0.0017824186273801557
Interactive,AFE,1,210,-0.05223798419614867
Interactive,AFE,1,211,-0.08360903645563478
Interactive,AFE,1,212,0.026732515804611112
Interactive,AFE,1,213,0.23158063319816513
Interactive,AFE,1,214,0.07634464591539147
Interactive,AFE,1,215,0.3987517882513971
Interactive,AFE,1,216,0.0936953570423219
Interactive,AFE,1,217,-0.6668928357560497
Interactive,AFE,1,218,0.20246153350810314
Interactive,AFE,1,219,-0.4048605621736481
Interactive,AFE,1,220,0.10938210853100827
Interactive,AFE,1,221,-0.0654614760851786
Interactive,AFE,1,222,0.20292723782066135
Interactive,AFE,1,223,0.03828502382681742
Interactive,AFE,1,224,0.13720756183625193
Interactive,AFE,1,225,0.045230667594959084
Interactive,AFE,1,226,0.21878184681058144
Interactive,AFE,1,227,0.12569393875253265
Interactive,AFE,1,228,0.23930680586546504
Interactive,AFE,1,229,0.06330840882072086
Interactive,AFE,1,230,0.11987106669573322
Interactive,AFE,1,231,0.11229100873924835
Interactive,AFE,1,232,0.023074366095785948
Interactive,AFE,1,233,0.4859734426214035
Interactive,AFE,1,234,0.01752145895036894
Interactive,AFE,1,235,0.2271043135861609
Interactive,AFE,1,236,-0.43033738272544775
Interactive,AFE,1,237,0.10249270668063082
Interactive,AFE,1,238,-0.29607527542938894
Interactive,AFE,1,239,-0.07022745525793628
Interactive,AFE,1,240,0.011107297504100444
Interactive,AFE,1,241,0.3075948570193475
Interactive,AFE,1,242,0.056931447226129084
Interactive,AFE,1,243,0.20189063695243747
Interactive,AFE,1,244,-0.1907590546079435
Interactive,AFE,1,245,2.0528886258464052e-4
Interactive,AFE,1,246,0.06949240204353702
Interactive,AFE,1,247,-0.05374377050362433
Interactive,AFE,1,248,0.1614479774137918
Interactive,AFE,1,249,0.055069604150564055
Interactive,AFE,1,250,0.07730795664196444
Interactive,AFE,1,251,0.023981701384186982
Interactive,AFE,1,252,0.21726671469015968
Interactive,AFE,1,253,-0.18212682509601374
Interactive,AFE,1,254,0.19058958781897306
Interactive,AFE,1,255,0.5894297729247079
Interactive,AFE,1,256,0.07395527404162505
Interactive,AFE,1,257,0.18914390775181067
Interactive,AFE,1,258,-0.038390275299261756
Interactive,AFE,1,259,-0.7458437063458008
Interactive,AFE,1,260,0.1625037464617708
Interactive,AFE,1,261,-0.1615618678533397
Interactive,AFE,1,262,0.0627030496961789
Interactive,AFE,1,263,0.12058401497182536
Interactive,AFE,1,264,0.024668707963362735
Interactive,AFE,1,265,0.2688082291367131
Interactive,AFE,1,266,0.03305798537264004
Interactive,AFE,1,267,-0.03970253510213284
Interactive,AFE,1,268,0.22525201831002017
Interactive,AFE,1,269,0.12263030892125004
Interactive,AFE,1,270,0.07889614463853922
Interactive,AFE,1,271,-0.49230991528515666
Interactive,AFE,1,272,0.19052095661187052
Interactive,AFE,1,273,-0.10662422072172495
Interactive,AFE,1,274,0.018248276534533314
Interactive,AFE,1,275,-0.00784961401701223
Interactive,AFE,1,276,-0.0913968093579155
Interactive,AFE,1,277,-0.7922451009568203
Interactive,AFE,1,278,0.1700281950011967
Interactive,AFE,1,279,0.32832470702786365
Interactive,AFE,1,280,0.20610158792891686
Interactive,AFE,1,281,-0.19195793726217203
Interactive,AFE,1,282,0.06788547581868953
Interactive,AFE,1,283,-0.12729648731712806
Interactive,AFE,1,284,0.1586286331716229
Interactive,AFE,1,285,-0.42595223842219954
Interactive,AFE,1,286,-0.0019029286776177656
Interactive,AFE,1,287,0.036058919344964746
Interactive,AFE,1,288,0.12942636137078978
Interactive,AFE,1,289,0.037525483883454336
Interactive,AFE,1,290,0.40030931005199333
Interactive,AFE,1,291,0.20098387325346367
Interactive,AFE,1,292,-0.3190473651024448
Interactive,AFE,1,293,0.03067453928144237
Interactive,AFE,1,294,0.3493971246602632
Interactive,AFE,1,295,0.007544115560503162
Interactive,AFE,1,296,0.07882987268780661
Interactive,AFE,1,297,-0.08728334623107492
Interactive,AFE,1,298,-0.4874360079759108
Interactive,AFE,1,299,0.03783125553014999
Interactive,AFE,1,300,0.11638376255404925
Interactive,AFE,1,301,-0.003818298656811825
Interactive,AFE,1,302,-0.38954146933359757
Interactive,AFE,1,303,0.02590299728514034
Interactive,AFE,1,304,-0.11628727909663428
Interactive,AFE,1,305,0.8105543243103943
Interactive,AFE,1,306,0.11004660414564682
Interactive,AFE,1,307,0.0829630161004773
Interactive,AFE,1,308,-0.21850667111740885
Interactive,AFE,1,309,0.09232142751215888
Interactive,AFE,1,310,0.14339838495713497
Interactive,AFE,1,311,0.19206386357226168
Interactive,AFE,1,312,0.16056593695635513
Interactive,AFE,1,313,-0.002302466306778994
Interactive,AFE,1,314,-0.07833017331446368
Interactive,AFE,1,315,-0.2489010470597599
Interactive,AFE,1,316,-0.0476641496494955
Interactive,AFE,1,317,-0.15866753819622847
Interactive,AFE,1,318,-0.02268304487735584
Interactive,AFE,1,319,0.007416474253843952
Interactive,AFE,1,320,0.60049279922852306
Interactive,AFE,1,321,6.620055013234483e-4
Interactive,AFE,1,322,0.01035418202650873
Interactive,AFE,1,323,-0.011618685578753674
Interactive,AFE,1,324,0.1494457162336632
Interactive,AFE,1,325,0.06389961420414314
Interactive,AFE,1,326,-0.18841785219815876
Interactive,AFE,1,327,0.29987358596906744
Interactive,AFE,1,328,0.1080054704734954
Interactive,AFE,1,329,0.09946460481980113
Interactive,AFE,1,330,0.11715281740910455
Interactive,AFE,1,331,0.04276340798493017
Interactive,AFE,1,332,-0.203466642335575
Interactive,AFE,1,333,0.280790323622674
Interactive,AFE,1,334,-0.0025158330062009515
Interactive,AFE,1,335,-0.02700228738985988
Interactive,AFE,1,336,-0.23156394571892291
Interactive,AFE,1,337,0.017590373725421493
Interactive,AFE,1,338,-0.33032350586783854
Interactive,AFE,1,339,0.16756136860143356
Interactive,AFE,1,340,-0.8135412802119817
Interactive,AFE,1,341,-0.06873875639312566
Interactive,AFE,1,342,0.3273257788342283
Interactive,AFE,1,343,-0.16541461248930645
Interactive,AFE,1,344,0.34330249342814223
Interactive,AFE,1,345,0.0793740923456776
Interactive,AFE,1,346,0.09125378882889801
Interactive,AFE,1,347,0.1350943792264414
Interactive,AFE,1,348,0.11801091652615592
Interactive,AFE,1,349,-0.06310946035673493
Interactive,AFE,1,350,0.16557047094337762
Interactive,AFE,1,351,0.13101356850773027
Interactive,AFE,1,352,0.12144287615949112
Interactive,AFE,1,353,-0.0941242790723511
Interactive,AFE,1,354,-0.5956765525349077
Interactive,AFE,1,355,0.01561079066768134
Interactive,AFE,1,356,0.1622640424265578
Interactive,AFE,1,357,0.3411324926088074
Interactive,AFE,1,358,-0.03180850834746818
Interactive,AFE,1,359,-2.9232867008643026
Interactive,AFE,1,360,0.3207423549651811
Interactive,AFE,1,361,0.28659647766782415
Interactive,AFE,1,362,0.22182351523490618
Interactive,AFE,1,363,0.1331215544915162
Interactive,AFE,1,364,0.28622835695376025
Interactive,AFE,1,365,0.11756732348594767
Interactive,AFE,1,366,0.12014834793560158
Interactive,AFE,1,367,0.4955619521289737
Interactive,AFE,1,368,0.2528796897852851
Interactive,AFE,1,369,0.255286586929517
Interactive,AFE,1,370,-0.15285133681963847
Interactive,AFE,1,371,0.17858667005353956
Interactive,AFE,1,372,-0.17411122138459878
Interactive,AFE,1,373,-2.2146284876114404
Interactive,AFE,1,374,0.04981943307765013
Interactive,AFE,1,375,0.7286556177201274
Interactive,AFE,1,376,-0.08060149452574661
Interactive,AFE,1,377,0.048326929836802535
Interactive,AFE,1,378,-0.4069109874085637
Interactive,AFE,1,379,0.684431645969815
Interactive,AFE,1,380,0.29439205953809555
Interactive,AFE,1,381,-0.006533567342534186
Interactive,AFE,1,382,0.11032667827417797
Interactive,AFE,1,383,-0.15581329796328436
Interactive,AFE,1,384,-0.0044546079068531474
Interactive,AFE,1,385,-0.8882720884403783
Interactive,AFE,1,386,0.20109310462023988
Interactive,AFE,1,387,0.2057189548140177
Interactive,AFE,1,388,0.14763001080413574
Interactive,AFE,1,389,-0.031961594261614934
Interactive,AFE,1,390,0.13423520640877507
Interactive,AFE,1,391,-0.04557955746526143
Interactive,AFE,1,392,0.28874466155246026
Interactive,AFE,1,393,0.19045246786892678
Interactive,AFE,1,394,0.09296033169069273
Interactive,AFE,1,395,-0.06387555898118791
Interactive,AFE,1,396,-0.0015052545873298628
Interactive,AFE,1,397,0.016983251915443143
Interactive,AFE,1,398,-0.17784057711398704
Interactive,AFE,1,399,0.09974401298887181
Interactive,AFE,1,400,0.07783795459394294
Interactive,AFE,1,401,-0.5434371965918137
Interactive,AFE,1,402,-0.2769169162674554
Interactive,AFE,1,403,-0.12285663806585856
Interactive,AFE,1,404,0.31979723894573187
Interactive,AFE,1,405,0.056460981572839075
Interactive,AFE,1,406,0.11139218829476571
Interactive,AFE,1,407,0.04335470810873421
Interactive,AFE,1,408,0.21766398096626383
Interactive,AFE,1,409,1.2345956270606468
Interactive,AFE,1,410,0.06454115774982294
Interactive,AFE,1,411,0.26765510000029025
Interactive,AFE,1,412,0.2756216711967201
Interactive,AFE,1,413,-0.011940607823318072
Interactive,AFE,1,414,0.9158770382505135
Interactive,AFE,1,415,-0.014992292555913611
Interactive,AFE,1,416,-0.07801177679640214
Interactive,AFE,1,417,-0.058812085452525587
Interactive,AFE,1,418,6.818681633863344e-4
Interactive,AFE,1,419,0.05818555817966209
Interactive,AFE,1,420,0.0339407380999166
Interactive,AFE,1,421,0.18473187314518658
Interactive,AFE,1,422,-0.07122726869049778
Interactive,AFE,1,423,0.10856500476873909
Interactive,AFE,1,424,-0.07741823719643837
Interactive,AFE,1,425,0.16232489323244625
Interactive,AFE,1,426,0.3681662163651257
Interactive,AFE,1,427,-0.07653269577279498
Interactive,AFE,1,428,0.23220045909243758
Interactive,AFE,1,429,0.18130119838708403
Interactive,AFE,1,430,-0.13416335754141817
Interactive,AFE,1,431,0.3002249094991226
Interactive,AFE,1,432,0.14094284323644402
Interactive,AFE,1,433,-0.04060121379985715
Interactive,AFE,1,434,0.29727668755508685
Interactive,AFE,1,435,0.18202340737595057
Interactive,AFE,1,436,0.3571398049690463
Interactive,AFE,1,437,0.3331366590454953
Interactive,AFE,1,438,0.08976284728960171
Interactive,AFE,1,439,-0.34294849944329253
Interactive,AFE,1,440,-0.1493287374564718
Interactive,AFE,1,441,0.21614752281343175
Interactive,AFE,1,442,0.07990436246620691
Interactive,AFE,1,443,0.22765800214934417
Interactive,AFE,1,444,0.3341043811967531
Interactive,AFE,1,445,0.20600407622653483
Interactive,AFE,1,446,0.4576625562295531
Interactive,AFE,1,447,0.3804700325486733
Interactive,AFE,1,448,0.0956144113305597
Interactive,AFE,1,449,0.0631523594361556
Interactive,AFE,1,450,0.2879043535627742
Interactive,AFE,1,451,-0.12053398094656598
Interactive,AFE,1,452,0.44630953769476667
Interactive,AFE,1,453,0.10800894868735
Interactive,AFE,1,454,-5.602698981618248e-4
Interactive,AFE,1,455,0.10658260206375203
Interactive,AFE,1,456,0.09306307830821603
Interactive,AFE,1,457,-0.09664288114663766
Interactive,AFE,1,458,-0.18925868847331784
Interactive,AFE,1,459,0.2993312641160658
Interactive,AFE,1,460,0.46328913708180564
Interactive,AFE,1,461,0.8198447603522194
Interactive,AFE,1,462,0.3094323801149177
Interactive,AFE,1,463,-0.5178729422474659
Interactive,AFE,1,464,0.2731181941691079
Interactive,AFE,1,465,-0.31030645156284153
Interactive,AFE,1,466,-0.4716346768345243
Interactive,AFE,1,467,-0.688316496762396
Interactive,AFE,1,468,0.045443070378783035
Interactive,AFE,1,469,0.11959243292698263
Interactive,AFE,1,470,0.14990411923895497
Interactive,AFE,1,471,0.23502353830530187
Interactive,AFE,1,472,-0.1786947401088581
Interactive,AFE,1,473,-0.16812796122530316
Interactive,AFE,1,474,0.07949048402085035
Interactive,AFE,1,475,0.07079560433663379
Interactive,AFE,1,476,-0.13262988631857608
Interactive,AFE,1,477,0.07041419939346882
Interactive,AFE,1,478,0.32987186711471816
Interactive,AFE,1,479,0.2862988250856724
Interactive,AFE,1,480,-0.8368389219523868
Interactive,AFE,1,481,0.04562173411481307
Interactive,AFE,1,482,0.14204456041312075
Interactive,AFE,1,483,-0.05391475815594704
Interactive,AFE,1,484,0.3272578798771453
Interactive,AFE,1,485,0.4444356477395258
Interactive,AFE,1,486,-0.02234267636670606
Interactive,AFE,1,487,0.21291968470413591
Interactive,AFE,1,488,-0.12595807974447493
Interactive,AFE,1,489,0.12105349201395943
Interactive,AFE,1,490,0.1616816857841451
Interactive,AFE,1,491,0.828682682693858
Interactive,AFE,1,492,0.36918729015935625
Interactive,AFE,1,493,0.22908062196296375
Interactive,AFE,1,494,0.08905879044837328
Interactive,AFE,1,495,-0.2732844976698532
Interactive,AFE,1,496,0.20284542422072904
Interactive,AFE,1,497,0.06862103602046565
Interactive,AFE,1,498,-0.017486613770693826
Interactive,AFE,1,499,0.8602450907659691
Interactive,AFE,1,500,-0.3057193352807981
Interactive,AFE,1,501,0.0974096699429251
Interactive,AFE,1,502,0.09037610864764245
Interactive,AFE,1,503,-0.33259991049735915
Interactive,AFE,1,504,0.5207211271785982
Interactive,AFE,1,505,0.15928986774330434
Interactive,AFE,1,506,-0.07483236932591741
Interactive,AFE,1,507,0.0627924906504701
Interactive,AFE,1,508,-0.17905401044477132
Interactive,AFE,1,509,0.012458215010171525
Interactive,AFE,1,510,-0.007536006570299625
Interactive,AFE,1,511,0.0949574306512434
Interactive,AFE,1,512,0.08474202983158463
Interactive,AFE,1,513,0.21649929918223632
Interactive,AFE,1,514,0.15153943607299025
Interactive,AFE,1,515,-0.1096346193968385
Interactive,AFE,1,516,0.08880590672446143
Interactive,AFE,1,517,0.05835579011762393
Interactive,AFE,1,518,-0.10911722351052766
Interactive,AFE,1,519,0.061228924734250345
Interactive,AFE,1,520,-0.6311718404979534
Interactive,AFE,1,521,0.16147245210348637
Interactive,AFE,1,522,0.43227582051818403
Interactive,AFE,1,523,0.1844129638526446
Interactive,AFE,1,524,0.21312130143101227
Interactive,AFE,1,525,0.0856923792789458
Interactive,AFE,1,526,0.3800120993343732
Interactive,AFE,1,527,0.6236348307662225
Interactive,AFE,1,528,0.04802074900815512
Interactive,AFE,1,529,-0.467254823989008
Interactive,AFE,1,530,0.3832791412587624
Interactive,AFE,1,531,0.14110341583126673
Interactive,AFE,1,532,-0.06268446123802385
Interactive,AFE,1,533,-0.1520691251552715
Interactive,AFE,1,534,0.2688997952783476
Interactive,AFE,1,535,0.0103576352457182
Interactive,AFE,1,536,0.15558099149344273
Interactive,AFE,1,537,0.06888410522225052
Interactive,AFE,1,538,0.5230120348149888
Interactive,AFE,1,539,-0.07644069769271344
Interactive,AFE,1,540,0.04541155648069051
Interactive,AFE,1,541,-0.12855197696673615
Interactive,AFE,1,542,-1.5775408260644026
Interactive,AFE,1,543,-0.007966611929851375
Interactive,AFE,1,544,0.14444681413409144
Interactive,AFE,1,545,-0.7630651048450423
Interactive,AFE,1,546,0.08327962424059898
Interactive,AFE,1,547,-0.38655749072526624
Interactive,AFE,1,548,0.01808977106958154
Interactive,AFE,1,549,0.1527521512898672
Interactive,AFE,1,550,-0.33093955194289637
Interactive,AFE,1,551,-0.05452315600155888
Interactive,AFE,1,552,0.20788093928940954
Interactive,AFE,1,553,-0.017008531178247077
Interactive,AFE,1,554,-0.13103768103960056
Interactive,AFE,1,555,0.41211995687898095
Interactive,AFE,1,556,-0.11249601392900166
Interactive,AFE,1,557,-0.0071401655931517816
Interactive,AFE,1,558,0.13127026745809256
Interactive,AFE,1,559,0.19173975707670876
Interactive,AFE,1,560,-0.07656030798397528
Interactive,AFE,1,561,-0.12782679167955913
Interactive,AFE,1,562,0.06832799448403193
Interactive,AFE,1,563,0.5113501658315358
Interactive,AFE,1,564,-0.17536906799058904
Interactive,AFE,1,565,-0.11891124024561672
Interactive,AFE,1,566,-1.2762591725307249
Interactive,AFE,1,567,0.26263651498303575
Interactive,AFE,1,568,0.20306419667547715
Interactive,AFE,1,569,0.0923204958896493
Interactive,AFE,1,570,0.27764581249245346
Interactive,AFE,1,571,-0.7729999338732108
Interactive,AFE,1,572,-0.0575433127353151
Interactive,AFE,1,573,0.013587288189341518
Interactive,AFE,1,574,0.10453657772764113
Interactive,AFE,1,575,-0.029915148693515303
Interactive,AFE,1,576,0.32453415193835333
Interactive,AFE,1,577,0.0968885530823399
Interactive,AFE,1,578,-0.3047470254643949
Interactive,AFE,1,579,0.2068283502646363
Interactive,AFE,1,580,0.047376256049583954
Interactive,AFE,1,581,-0.263160174989285
Interactive,AFE,1,582,0.07945963290983826
Interactive,AFE,1,583,-0.22308111541917663
Interactive,AFE,1,584,-0.016044314460957887
Interactive,AFE,1,585,-0.11443664135392928
Interactive,AFE,1,586,-0.061434523869399627
Interactive,AFE,1,587,0.47538274139501313
Interactive,AFE,1,588,-0.27044265244968146
Interactive,AFE,1,589,-0.024963389538796288
Interactive,AFE,1,590,0.2691982963692179
Interactive,AFE,1,591,-0.12581057673199159
Interactive,AFE,1,592,-0.15532940726887867
Interactive,AFE,1,593,0.3049935222463923
Interactive,AFE,1,594,-0.14290947507606133
Interactive,AFE,1,595,0.27603876110161785
Interactive,AFE,1,596,0.09520693784857281
Interactive,AFE,1,597,-0.14961176080439098
Interactive,AFE,1,598,0.23291624617133644
Interactive,AFE,1,599,0.2610456051329322
Interactive,AFE,1,600,0.13285194579093584
Interactive,AFE,1,601,-0.3133533474784085
Interactive,AFE,1,602,0.017394387268601874
Interactive,AFE,1,603,0.06712351525166205
Interactive,AFE,1,604,0.17621628081401908
Interactive,AFE,1,605,-0.08735443647121732
Interactive,AFE,1,606,0.23738407523845817
Interactive,AFE,1,607,0.2429510316095539
Interactive,AFE,1,608,0.17774792225749492
Interactive,AFE,1,609,-0.429074653378438
Interactive,AFE,1,610,0.26555459053674424
Interactive,AFE,1,611,-0.030679443812627882
Interactive,AFE,1,612,-0.0014633009878025627
Interactive,AFE,1,613,-0.5690622004942254
Interactive,AFE,1,614,0.1633903384731753
Interactive,AFE,1,615,0.12268427896637824
Interactive,AFE,1,616,0.18487029849085668
Interactive,AFE,1,617,-0.10768204748082821
Interactive,AFE,1,618,0.3681350361378608
Interactive,AFE,1,619,-0.3394442354282985
Interactive,AFE,1,620,-0.04324421724688143
Interactive,AFE,1,621,0.03633390985242191
Interactive,AFE,1,622,0.34022524881907856
Interactive,AFE,1,623,0.17364788818591514
Interactive,AFE,1,624,-0.11419065242755555
Interactive,AFE,1,625,0.14618717583596508
Interactive,AFE,1,626,-0.06709520236625721
Interactive,AFE,1,627,0.6697778516198971
Interactive,AFE,1,628,0.15986269459808444
Interactive,AFE,1,629,0.16424455164267582
Interactive,AFE,1,630,0.16973057973216277
Interactive,AFE,1,631,0.18510021859203218
Interactive,AFE,1,632,0.09642850425465721
Interactive,AFE,1,633,-0.3314329943358547
Interactive,AFE,1,634,-1.2988652856010336
Interactive,AFE,1,635,0.3576155203085871
Interactive,AFE,1,636,-0.5566736423713443
Interactive,AFE,1,637,-0.20756897021458243
Interactive,AFE,1,638,0.37171624138995574
Interactive,AFE,1,639,8.896695779814223e-5
Interactive,AFE,1,640,0.009850154133068334
Interactive,AFE,1,641,-0.23516390917009256
Interactive,AFE,1,642,0.14800600425468446
Interactive,AFE,1,643,0.2282197373379763
Interactive,AFE,1,644,0.27286644597199583
Interactive,AFE,1,645,-0.2223211154819158
Interactive,AFE,1,646,-0.053698251704249356
Interactive,AFE,1,647,-0.6374064218361546
Interactive,AFE,1,648,-0.14587661666869478
Interactive,AFE,1,649,0.08534948359521
Interactive,AFE,1,650,-0.5380393327933034
Interactive,AFE,1,651,-0.12764879920806094
Interactive,AFE,1,652,0.16092109357917606
Interactive,AFE,1,653,-0.07299524094739429
Interactive,AFE,1,654,0.2143091791361479
Interactive,AFE,1,655,-0.009628983498008115
Interactive,AFE,1,656,0.3333646649934183
Interactive,AFE,1,657,-0.3404529107834917
Interactive,AFE,1,658,0.11507833695664993
Interactive,AFE,1,659,-0.13689991028403314
Interactive,AFE,1,660,0.21339465351596232
Interactive,AFE,1,661,0.6180864548313257
Interactive,AFE,1,662,0.2872829092613024
Interactive,AFE,1,663,0.3621414359550913
Interactive,AFE,1,664,0.1579271066800183
Interactive,AFE,1,665,-0.13534295450575762
Interactive,AFE,1,666,0.11171525392300163
Interactive,AFE,1,667,0.2508914932153997
Interactive,AFE,1,668,0.015369035050005753
Interactive,AFE,1,669,-0.3807172309856164
Interactive,AFE,1,670,0.003282962121457955
Interactive,AFE,1,671,0.13758078511861827
Interactive,AFE,1,672,-0.25480481250557174
Interactive,AFE,1,673,0.03800006950544432
Interactive,AFE,1,674,0.2781266134345808
Interactive,AFE,1,675,0.08627099782103276
Interactive,AFE,1,676,0.1387071842488431
Interactive,AFE,1,677,0.3532582076760509
Interactive,AFE,1,678,0.13573763866147082
Interactive,AFE,1,679,0.2994110825816284
Interactive,AFE,1,680,0.15010204633575852
Interactive,AFE,1,681,0.05520204884568747
Interactive,AFE,1,682,0.011967284662741995
Interactive,AFE,1,683,-0.107172258263185
Interactive,AFE,1,684,-0.17193301944330341
Interactive,AFE,1,685,0.06248167950630079
Interactive,AFE,1,686,-0.2247867037276885
Interactive,AFE,1,687,0.0859022770924095
Interactive,AFE,1,688,0.08336390616924405
Interactive,AFE,1,689,0.07566385026645428
Interactive,AFE,1,690,0.18062268052450914
Interactive,AFE,1,691,0.12823036556473677
Interactive,AFE,1,692,0.04434221217989853
Interactive,AFE,1,693,0.6948251576696582
Interactive,AFE,1,694,0.10599853032484541
Interactive,AFE,1,695,-0.05225507502067539
Interactive,AFE,1,696,-0.15921716127929453
Interactive,AFE,1,697,-0.006760774515191859
Interactive,AFE,1,698,-0.053766185097631314
Interactive,AFE,1,699,0.10202934124908802
Interactive,AFE,1,700,0.22009458167140072
Interactive,AFE,1,701,0.02286945301932153
Interactive,AFE,1,702,-0.0945248747022488
Interactive,AFE,1,703,0.2531622760607293
Interactive,AFE,1,704,-1.2380187984026474
Interactive,AFE,1,705,0.035430175107936446
Interactive,AFE,1,706,-0.35444949129028824
Interactive,AFE,1,707,0.05756293759651854
Interactive,AFE,1,708,0.3143526087406139
Interactive,AFE,1,709,0.20589394047408394
Interactive,AFE,1,710,-0.5038788873669622
Interactive,AFE,1,711,0.013433705719551603
Interactive,AFE,1,712,0.3839056998702066
Interactive,AFE,1,713,0.0827081403242994
Interactive,AFE,1,714,-1.956534200932268
Interactive,AFE,1,715,0.08177580207631496
Interactive,AFE,1,716,0.001715036412807569
Interactive,AFE,1,717,-0.07161218240454503
Interactive,AFE,1,718,0.6850923953550767
Interactive,AFE,1,719,-0.07961857435413755
Interactive,AFE,1,720,-0.10997666716471732
Interactive,AFE,1,721,0.16875601552395114
Interactive,AFE,1,722,0.193285238263895
Interactive,AFE,1,723,0.20048617451494244
Interactive,AFE,1,724,-0.32693644238366104
Interactive,AFE,1,725,-0.011795507046802212
Interactive,AFE,1,726,0.038231224635163485
Interactive,AFE,1,727,0.17389330150712934
Interactive,AFE,1,728,0.30900892947888847
Interactive,AFE,1,729,0.24182740550965032
Interactive,AFE,1,730,0.1631522866011913
Interactive,AFE,1,731,0.001965484032507403
Interactive,AFE,1,732,0.1921502457093911
Interactive,AFE,1,733,0.30719845301184123
Interactive,AFE,1,734,-0.8544011342668365
Interactive,AFE,1,735,0.10807717094583758
Interactive,AFE,1,736,0.1909947743873951
Interactive,AFE,1,737,0.13374040714316016
Interactive,AFE,1,738,-0.127387830032909
Interactive,AFE,1,739,-0.12932622161812868
Interactive,AFE,1,740,0.15978742254384615
Interactive,AFE,1,741,0.3716213636179244
Interactive,AFE,1,742,0.14130723699909553
Interactive,AFE,1,743,-0.23658401671572404
Interactive,AFE,1,744,0.18459628675884066
Interactive,AFE,1,745,0.2416329172883881
Interactive,AFE,1,746,0.010531772460835698
Interactive,AFE,1,747,-0.1002920387805577
Interactive,AFE,1,748,-0.28069951006438587
Interactive,AFE,1,749,-1.6214114600597802
Interactive,AFE,1,750,0.14932918240077042
Interactive,AFE,1,751,0.3357737095501352
Interactive,AFE,1,752,-5.283469862333142
Interactive,AFE,1,753,-0.03127978997280678
Interactive,AFE,1,754,-0.07746637483344232
Interactive,AFE,1,755,0.3511096918886979
Interactive,AFE,1,756,-0.11632347987111313
Interactive,AFE,1,757,0.14890969996589531
Interactive,AFE,1,758,0.05621108022037968
Interactive,AFE,1,759,-0.01351130731522654
Interactive,AFE,1,760,0.1429910968907837
Interactive,AFE,1,761,0.30899432524960957
Interactive,AFE,1,762,0.19397170517450324
Interactive,AFE,1,763,0.16843152752582646
Interactive,AFE,1,764,0.03168024638580269
Interactive,AFE,1,765,0.27131782526275794
Interactive,AFE,1,766,0.05666700019528337
Interactive,AFE,1,767,0.0134920484737302
Interactive,AFE,1,768,-0.6817265373706864
Interactive,AFE,1,769,-0.06236651259393855
Interactive,AFE,1,770,0.30895057370588275
Interactive,AFE,1,771,0.4025707247640531
Interactive,AFE,1,772,0.2170664959540467
Interactive,AFE,1,773,0.8071719564102611
Interactive,AFE,1,774,0.14599755665477987
Interactive,AFE,1,775,0.2405757737343377
Interactive,AFE,1,776,0.05422206191274648
Interactive,AFE,1,777,0.5293413580916768
Interactive,AFE,1,778,-0.0838766132494424
Interactive,AFE,1,779,0.09476545800471425
Interactive,AFE,1,780,0.03905316251403401
Interactive,AFE,1,781,0.06862864248722222
Interactive,AFE,1,782,0.27373031491543043
Interactive,AFE,1,783,0.4660287360785611
Interactive,AFE,1,784,-1.1642508207411861
Interactive,AFE,1,785,0.08564685245533787
Interactive,AFE,1,786,0.005944672031108489
Interactive,AFE,1,787,0.24877723730627666
Interactive,AFE,1,788,0.06366303855045508
Interactive,AFE,1,789,-0.04635142610200471
Interactive,AFE,1,790,-0.08959808212026599
Interactive,AFE,1,791,-0.2586109318012144
Interactive,AFE,1,792,-1.0524074978727183
Interactive,AFE,1,793,0.31504255035935325
Interactive,AFE,1,794,-0.02851598881389883
Interactive,AFE,1,795,-0.9266220194008892
Interactive,AFE,1,796,0.10588024534526685
Interactive,AFE,1,797,0.20725659764598203
Interactive,AFE,1,798,0.30702341661825105
Interactive,AFE,1,799,0.7626720713112516
Interactive,AFE,1,800,-0.06109370618858656
Interactive,AFE,1,801,0.0880172179014268
Interactive,AFE,1,802,0.4884858394565239
Interactive,AFE,1,803,0.4082707118300535
Interactive,AFE,1,804,0.30746974959341544
Interactive,AFE,1,805,0.0426047354772674
Interactive,AFE,1,806,0.20682673939308782
Interactive,AFE,1,807,-0.3154982848794208
Interactive,AFE,1,808,0.003720265678175405
Interactive,AFE,1,809,-0.23897179688130565
Interactive,AFE,1,810,0.012643557523708826
Interactive,AFE,1,811,-0.034207215565228655
Interactive,AFE,1,812,0.34247964438048495
Interactive,AFE,1,813,-0.43011500681772263
Interactive,AFE,1,814,0.18435264474876767
Interactive,AFE,1,815,-0.6867780978246294
Interactive,AFE,1,816,-0.5177916814768542
Interactive,AFE,1,817,-0.5941644663715975
Interactive,AFE,1,818,0.16997158711762872
Interactive,AFE,1,819,0.1937226154921573
Interactive,AFE,1,820,0.20285759199519715
Interactive,AFE,1,821,0.054043553642151854
Interactive,AFE,1,822,-0.16031729168534747
Interactive,AFE,1,823,0.03194538983411899
Interactive,AFE,1,824,-1.0373962308335356
Interactive,AFE,1,825,0.08258781492609935
Interactive,AFE,1,826,-0.3275783942481475
Interactive,AFE,1,827,-2.052097888948066
Interactive,AFE,1,828,0.31784358008409686
Interactive,AFE,1,829,-0.7278103938296231
Interactive,AFE,1,830,0.40497274464493704
Interactive,AFE,1,831,-0.09343171889421775
Interactive,AFE,1,832,-0.04181308877430334
Interactive,AFE,1,833,0.030052054687519147
Interactive,AFE,1,834,0.09847367526579798
Interactive,AFE,1,835,0.10504622698064903
Interactive,AFE,1,836,0.1628973629379411
Interactive,AFE,1,837,0.19692314381744158
Interactive,AFE,1,838,0.2212404178204357
Interactive,AFE,1,839,0.06851501309351482
Interactive,AFE,1,840,-0.2923054620256236
Interactive,AFE,1,841,0.36720706803216174
Interactive,AFE,1,842,0.28736513637610606
Interactive,AFE,1,843,-0.25282825289751487
Interactive,AFE,1,844,-0.3717961775070099
Interactive,AFE,1,845,-0.45286431351081213
Interactive,AFE,1,846,-0.03529922488269821
Interactive,AFE,1,847,0.08966898116639754
Interactive,AFE,1,848,0.11256729944368982
Interactive,AFE,1,849,-0.33720211393109445
Interactive,AFE,1,850,-0.08714101475701463
Interactive,AFE,1,851,-1.1636599316456615
Interactive,AFE,1,852,0.25061065975980235
Interactive,AFE,1,853,0.16776412435606392
Interactive,AFE,1,854,0.11609047448784338
Interactive,AFE,1,855,0.11826311427715575
Interactive,AFE,1,856,-0.28027224190226785
Interactive,AFE,1,857,0.14416802548754548
Interactive,AFE,1,858,0.21047584784268636
Interactive,AFE,1,859,0.18960815670275188
Interactive,AFE,1,860,-0.031811573393664916
Interactive,AFE,1,861,0.40691835166791523
Interactive,AFE,1,862,0.08594818808962845
Interactive,AFE,1,863,0.05580963971092556
Interactive,AFE,1,864,-0.2336576741378007
Interactive,AFE,1,865,0.013450411163425824
Interactive,AFE,1,866,-0.27890962255040663
Interactive,AFE,1,867,-0.3442036827006394
Interactive,AFE,1,868,0.1158356254454227
Interactive,AFE,1,869,-0.05957833103615773
Interactive,AFE,1,870,0.11316007058244038
Interactive,AFE,1,871,-0.1358614058142713
Interactive,AFE,1,872,-0.42143074725930607
Interactive,AFE,1,873,0.22438116273138897
Interactive,AFE,1,874,0.03186948121418953
Interactive,AFE,1,875,-0.5128294721785336
Interactive,AFE,1,876,-1.1443608928575353
Interactive,AFE,1,877,-0.16654628334923294
Interactive,AFE,1,878,0.024353470032650204
Interactive,AFE,1,879,-0.6153587721476879
Interactive,AFE,1,880,-0.01755864122443751
Interactive,AFE,1,881,0.45162602113362416
Interactive,AFE,1,882,-0.44278197873197367
Interactive,AFE,1,883,0.36829778296354876
Interactive,AFE,1,884,0.14390322822603896
Interactive,AFE,1,885,0.005920704841072988
Interactive,AFE,1,886,-0.29346297883108763
Interactive,AFE,1,887,-0.01641565149203328
Interactive,AFE,1,888,0.12630449266096933
Interactive,AFE,1,889,0.12665180609481497
Interactive,AFE,1,890,0.06315225449983564
Interactive,AFE,1,891,-0.0015912137158318185
Interactive,AFE,1,892,-0.07819213428407834
Interactive,AFE,1,893,0.2441126392562546
Interactive,AFE,1,894,0.17748675944801995
Interactive,AFE,1,895,0.5870886484665239
Interactive,AFE,1,896,0.1434886832057487
Interactive,AFE,1,897,0.18761707123973137
Interactive,AFE,1,898,-0.8506940329681091
Interactive,AFE,1,899,0.0750952526642572
Interactive,AFE,1,900,-0.10961062938704802
Interactive,AFE,1,901,0.45173251839567286
Interactive,AFE,1,902,-0.009675758974368232
Interactive,AFE,1,903,0.13708200952215388
Interactive,AFE,1,904,0.17287496479504716
Interactive,AFE,1,905,0.15482403844065407
Interactive,AFE,1,906,-0.017880729639514703
Interactive,AFE,1,907,0.2082804960231035
Interactive,AFE,1,908,-0.36000319172730955
Interactive,AFE,1,909,0.43151644971954184
Interactive,AFE,1,910,-0.14218461611058963
Interactive,AFE,1,911,0.009168757764453028
Interactive,AFE,1,912,0.006935533490528778
Interactive,AFE,1,913,0.26311498621655316
Interactive,AFE,1,914,-0.09076658372131474
Interactive,AFE,1,915,-0.33656596593238275
Interactive,AFE,1,916,1.024883030957161
Interactive,AFE,1,917,0.046059730544820376
Interactive,AFE,1,918,0.055015185818751755
Interactive,AFE,1,919,0.5375907807023935
Interactive,AFE,1,920,0.21361220056255914
Interactive,AFE,1,921,0.1470305688016369
Interactive,AFE,1,922,3.741557894296754e-4
Interactive,AFE,1,923,-0.14233663229735427
Interactive,AFE,1,924,-0.3223108591793392
Interactive,AFE,1,925,-0.21370676477786876
Interactive,AFE,1,926,0.04356096904596374
Interactive,AFE,1,927,0.36474340923467985
Interactive,AFE,1,928,-0.23928355022354308
Interactive,AFE,1,929,-0.4813850952521743
Interactive,AFE,1,930,-0.21104170493247598
Interactive,AFE,1,931,0.10936071153456572
Interactive,AFE,1,932,-0.1420183688736354
Interactive,AFE,1,933,0.8460007403161316
Interactive,AFE,1,934,0.08139007870915038
Interactive,AFE,1,935,0.1546918629790205
Interactive,AFE,1,936,0.05444610720528109
Interactive,AFE,1,937,0.14311351538499795
Interactive,AFE,1,938,-0.6908534276502061
Interactive,AFE,1,939,0.10359520142962664
Interactive,AFE,1,940,0.08626274962564506
Interactive,AFE,1,941,-0.0022634810530568483
Interactive,AFE,1,942,0.5551129587025471
Interactive,AFE,1,943,0.03857689846610168
Interactive,AFE,1,944,-0.08594412841288301
Interactive,AFE,1,945,0.6056949043048956
Interactive,AFE,1,946,0.3664056356631834
Interactive,AFE,1,947,0.02194157331036284
Interactive,AFE,1,948,0.23434002945947485
Interactive,AFE,1,949,-1.7449577332981874
Interactive,AFE,1,950,0.08821931305346009
Interactive,AFE,1,951,0.109053926897976
Interactive,AFE,1,952,0.17581579962952698
Interactive,AFE,1,953,0.11983185432972876
Interactive,AFE,1,954,0.2008114438774754
Interactive,AFE,1,955,0.23683173359107457
Interactive,AFE,1,956,-0.07828229705450629
Interactive,AFE,1,957,0.08820820243053706
Interactive,AFE,1,958,-0.3843181148358703
Interactive,AFE,1,959,0.06228220546695873
Interactive,AFE,1,960,0.07954926129179407
Interactive,AFE,1,961,-1.0926006812542415
Interactive,AFE,1,962,0.05199945363703207
Interactive,AFE,1,963,0.08231867417136329
Interactive,AFE,1,964,0.19294211531244354
Interactive,AFE,1,965,-0.3863096168597179
Interactive,AFE,1,966,-0.014403441520963733
Interactive,AFE,1,967,-0.4691331212492149
Interactive,AFE,1,968,0.46561526029178313
Interactive,AFE,1,969,0.18350381782795866
Interactive,AFE,1,970,0.005483658803349778
Interactive,AFE,1,971,-0.14268115012743632
Interactive,AFE,1,972,0.4065419784315347
Interactive,AFE,1,973,0.0436900183066532
Interactive,AFE,1,974,0.29101147920922843
Interactive,AFE,1,975,0.09747487992870518
Interactive,AFE,1,976,-0.0808576682061819
Interactive,AFE,1,977,0.2790436598210104
Interactive,AFE,1,978,0.129977771995615
Interactive,AFE,1,979,0.1720201402508299
Interactive,AFE,1,980,-0.2097388010361283
Interactive,AFE,1,981,0.0808026465322933
Interactive,AFE,1,982,0.05641799983276563
Interactive,AFE,1,983,0.17226137105819583
Interactive,AFE,1,984,-0.25398367416349577
Interactive,AFE,1,985,0.31163989292178984
Interactive,AFE,1,986,0.03777935875909588
Interactive,AFE,1,987,0.14268635072335667
Interactive,AFE,1,988,-0.6361096861188451
Interactive,AFE,1,989,0.4816128075481936
Interactive,AFE,1,990,0.27481350054522435
Interactive,AFE,1,991,-0.5303710377513919
Interactive,AFE,1,992,0.10773731374987883
Interactive,AFE,1,993,-0.5392996859601196
Interactive,AFE,1,994,0.08593536419137182
Interactive,AFE,1,995,0.0449499382959615
Interactive,AFE,1,996,0.08848429936908797
Interactive,AFE,1,997,0.1318521796271681
Interactive,AFE,1,998,0.07630660690785462
Interactive,AFE,1,999,-0.0038898275312597708
Interactive,AFE,1,1000,0.2839290250875821
Interactive,AFE,2,1,-1.4986628316671262
Interactive,AFE,2,2,-0.8364589573528439
Interactive,AFE,2,3,-1.208113127523378
Interactive,AFE,2,4,-0.9553499416112909
Interactive,AFE,2,5,-0.07959354049322576
Interactive,AFE,2,6,-0.09427393307205478
Interactive,AFE,2,7,-0.15445057634166703
Interactive,AFE,2,8,-1.0310162726208763
Interactive,AFE,2,9,0.1410653047404975
Interactive,AFE,2,10,-0.2594355202099712
Interactive,AFE,2,11,0.06146509363495656
Interactive,AFE,2,12,-2.3555329559835156
Interactive,AFE,2,13,0.1368734894735113
Interactive,AFE,2,14,-0.2429253340781531
Interactive,AFE,2,15,-3.391201990179926
Interactive,AFE,2,16,-1.7485914063071757
Interactive,AFE,2,17,-1.2554220208175866
Interactive,AFE,2,18,-0.20682233785281956
Interactive,AFE,2,19,0.01565205502836442
Interactive,AFE,2,20,-3.0738674652716287
Interactive,AFE,2,21,-0.49760683692256347
Interactive,AFE,2,22,-3.8758527449504223
Interactive,AFE,2,23,-0.515991871852868
Interactive,AFE,2,24,0.8054307000057599
Interactive,AFE,2,25,-0.016730195239711865
Interactive,AFE,2,26,-1.414376758391111
Interactive,AFE,2,27,-0.4415466218841133
Interactive,AFE,2,28,-0.8362596046496766
Interactive,AFE,2,29,-4.663109689672144
Interactive,AFE,2,30,-0.40487987236075873
Interactive,AFE,2,31,-0.8347814567911465
Interactive,AFE,2,32,0.1588321252991094
Interactive,AFE,2,33,-1.1102231131335936
Interactive,AFE,2,34,0.03939978447898096
Interactive,AFE,2,35,-0.4371002180232948
Interactive,AFE,2,36,-3.989244845148228
Interactive,AFE,2,37,-1.2701445386675274
Interactive,AFE,2,38,0.14088186127282398
Interactive,AFE,2,39,-0.6027944049765782
Interactive,AFE,2,40,-2.454958648917968
Interactive,AFE,2,41,-0.4571989325442185
Interactive,AFE,2,42,-3.861593654275186e-5
Interactive,AFE,2,43,-1.095039675821106
Interactive,AFE,2,44,-0.34840318961709693
Interactive,AFE,2,45,0.06810344777429922
Interactive,AFE,2,46,0.10587714402547888
Interactive,AFE,2,47,-0.3214474537195927
Interactive,AFE,2,48,-4.932381793189974
Interactive,AFE,2,49,-0.0189475922130784
Interactive,AFE,2,50,-0.042656894720901284
Interactive,AFE,2,51,0.3138493791394025
Interactive,AFE,2,52,-0.1189998290683204
Interactive,AFE,2,53,-0.12524865391878937
Interactive,AFE,2,54,-0.15932698638538156
Interactive,AFE,2,55,0.4634073106358939
Interactive,AFE,2,56,-3.763419583094896e-4
Interactive,AFE,2,57,-0.1805539401066356
Interactive,AFE,2,58,-0.5436710160176728
Interactive,AFE,2,59,-1.8932165708212911
Interactive,AFE,2,60,-1.772113708305795
Interactive,AFE,2,61,0.29116416654534705
Interactive,AFE,2,62,-0.5126728725930321
Interactive,AFE,2,63,-0.036518476066632055
Interactive,AFE,2,64,0.19043133443377136
Interactive,AFE,2,65,0.2789112753416072
Interactive,AFE,2,66,-0.8379219750372637
Interactive,AFE,2,67,-0.5482243449865652
Interactive,AFE,2,68,-4.938298055230135
Interactive,AFE,2,69,-0.26433157210292824
Interactive,AFE,2,70,0.041995675974781155
Interactive,AFE,2,71,-0.4618254401548154
Interactive,AFE,2,72,0.19533534309920952
Interactive,AFE,2,73,-0.08054405553595412
Interactive,AFE,2,74,-1.576332224388092
Interactive,AFE,2,75,-0.25615369149378897
Interactive,AFE,2,76,-0.059301686114327956
Interactive,AFE,2,77,0.06765160552163407
Interactive,AFE,2,78,-0.793827226561175
Interactive,AFE,2,79,1.026905179191669
Interactive,AFE,2,80,-2.051839563951808
Interactive,AFE,2,81,-0.8732545326770491
Interactive,AFE,2,82,-0.15437044873478245
Interactive,AFE,2,83,-0.8371199842336948
Interactive,AFE,2,84,-1.6982624725426971
Interactive,AFE,2,85,-5.168109184883271
Interactive,AFE,2,86,-1.2302695453135803
Interactive,AFE,2,87,0.1585900563653717
Interactive,AFE,2,88,0.10929065906784119
Interactive,AFE,2,89,-0.921717273169083
Interactive,AFE,2,90,0.27308169060434584
Interactive,AFE,2,91,-1.1162593185042762
Interactive,AFE,2,92,-1.442102422306801
Interactive,AFE,2,93,-1.4148020025495711
Interactive,AFE,2,94,-0.713278165100736
Interactive,AFE,2,95,-0.3044339933334529
Interactive,AFE,2,96,-0.5530236539912865
Interactive,AFE,2,97,-0.08477529653793558
Interactive,AFE,2,98,-0.4121176080805189
Interactive,AFE,2,99,-0.5021146576111597
Interactive,AFE,2,100,-1.819979692166306
Interactive,AFE,2,101,-0.3199273001822338
Interactive,AFE,2,102,-0.13864482676392997
Interactive,AFE,2,103,-0.4615630393190726
Interactive,AFE,2,104,-5.518818157722411
Interactive,AFE,2,105,-0.10979687400466664
Interactive,AFE,2,106,-0.5429666871763343
Interactive,AFE,2,107,0.16511220546517658
Interactive,AFE,2,108,-2.3152377132078747
Interactive,AFE,2,109,-2.9549729784013516
Interactive,AFE,2,110,0.674293633803559
Interactive,AFE,2,111,-2.132277030527908
Interactive,AFE,2,112,-0.4844751228416202
Interactive,AFE,2,113,-0.006992714563911595
Interactive,AFE,2,114,-2.0205186473458183
Interactive,AFE,2,115,-0.04620172727922389
Interactive,AFE,2,116,-0.401791327436672
Interactive,AFE,2,117,-0.10051427276611713
Interactive,AFE,2,118,-0.9900130518156471
Interactive,AFE,2,119,-0.7455976336270336
Interactive,AFE,2,120,-0.2218578802084642
Interactive,AFE,2,121,-4.355962728401783
Interactive,AFE,2,122,0.035558879266795795
Interactive,AFE,2,123,0.018097399834615335
Interactive,AFE,2,124,0.22610675065127706
Interactive,AFE,2,125,-0.3516801132838898
Interactive,AFE,2,126,-0.44569545293406154
Interactive,AFE,2,127,0.03147214243224439
Interactive,AFE,2,128,-1.023150531951365
Interactive,AFE,2,129,-0.2012543148180852
Interactive,AFE,2,130,-1.4960777860413714
Interactive,AFE,2,131,-0.14386528642574825
Interactive,AFE,2,132,-0.390292643555063
Interactive,AFE,2,133,0.44526316869546045
Interactive,AFE,2,134,-0.09428731355403563
Interactive,AFE,2,135,0.15774155471715356
Interactive,AFE,2,136,0.006783289395418057
Interactive,AFE,2,137,-0.7363478027106438
Interactive,AFE,2,138,0.31535651409256016
Interactive,AFE,2,139,0.2532305572547272
Interactive,AFE,2,140,-1.3089427572156613
Interactive,AFE,2,141,-0.1872024458387278
Interactive,AFE,2,142,-1.5178492011791849
Interactive,AFE,2,143,-1.2323754271933578
Interactive,AFE,2,144,-0.6253545584060826
Interactive,AFE,2,145,-2.6591904397908124
Interactive,AFE,2,146,-0.12084503416005754
Interactive,AFE,2,147,0.06990723082223704
Interactive,AFE,2,148,-6.110937984642146
Interactive,AFE,2,149,-0.07692721104603528
Interactive,AFE,2,150,-4.692273518246418
Interactive,AFE,2,151,-0.5281357796933718
Interactive,AFE,2,152,-0.6164786867991313
Interactive,AFE,2,153,-0.5460979819421675
Interactive,AFE,2,154,-0.655137134496278
Interactive,AFE,2,155,-0.23519548277186308
Interactive,AFE,2,156,-0.5648241051671458
Interactive,AFE,2,157,-0.2468420694535023
Interactive,AFE,2,158,-0.007712117901303883
Interactive,AFE,2,159,-0.13232769804934552
Interactive,AFE,2,160,-2.75263402244719
Interactive,AFE,2,161,-0.2067425792782711
Interactive,AFE,2,162,-0.2376807381932089
Interactive,AFE,2,163,-1.2355583084511252
Interactive,AFE,2,164,-0.03921236347999191
Interactive,AFE,2,165,-0.08176129468523285
Interactive,AFE,2,166,0.35320458833006607
Interactive,AFE,2,167,-0.2097416691812537
Interactive,AFE,2,168,-0.3546857285719782
Interactive,AFE,2,169,-0.009149287878832402
Interactive,AFE,2,170,-0.01714426706397565
Interactive,AFE,2,171,-0.83206380518017
Interactive,AFE,2,172,0.21754954099630397
Interactive,AFE,2,173,-0.2847669459455562
Interactive,AFE,2,174,-0.18244501986019435
Interactive,AFE,2,175,-0.02547981953549361
Interactive,AFE,2,176,-1.7965766635854412
Interactive,AFE,2,177,-0.10173215627980792
Interactive,AFE,2,178,-0.6700503025979146
Interactive,AFE,2,179,0.08743063392255979
Interactive,AFE,2,180,-24.072640281332315
Interactive,AFE,2,181,0.5342877751825135
Interactive,AFE,2,182,0.0011088388820590378
Interactive,AFE,2,183,-20.57624686186383
Interactive,AFE,2,184,-1.869221633652482
Interactive,AFE,2,185,-0.9490026187069025
Interactive,AFE,2,186,-6.450492876486624
Interactive,AFE,2,187,-0.005566045150141141
Interactive,AFE,2,188,-2.0241989980607973
Interactive,AFE,2,189,-1.3201198294211178
Interactive,AFE,2,190,-0.4215385974133885
Interactive,AFE,2,191,-0.4063282691633542
Interactive,AFE,2,192,0.7126028456778801
Interactive,AFE,2,193,0.01864475363120821
Interactive,AFE,2,194,-0.6570786067339627
Interactive,AFE,2,195,0.070028265752762
Interactive,AFE,2,196,-0.26045183920328285
Interactive,AFE,2,197,-1.9255562292270842
Interactive,AFE,2,198,-0.9975401688601143
Interactive,AFE,2,199,0.10272035232073451
Interactive,AFE,2,200,-0.09699591957186593
Interactive,AFE,2,201,-0.19407937683319532
Interactive,AFE,2,202,-0.6177422659090375
Interactive,AFE,2,203,-0.6229105640037317
Interactive,AFE,2,204,0.43619089588252713
Interactive,AFE,2,205,0.1676525185741623
Interactive,AFE,2,206,-0.16119929352228302
Interactive,AFE,2,207,-3.5358020725858257
Interactive,AFE,2,208,-1.1880931319649202
Interactive,AFE,2,209,0.2427918941478565
Interactive,AFE,2,210,-2.7169689356416624
Interactive,AFE,2,211,-1.179688729980251
Interactive,AFE,2,212,0.3287986767554726
Interactive,AFE,2,213,-0.13307515773263323
Interactive,AFE,2,214,-0.7402201399058395
Interactive,AFE,2,215,-3.7274947968911682
Interactive,AFE,2,216,-9.048427792135474
Interactive,AFE,2,217,-0.7712873275649512
Interactive,AFE,2,218,-0.4203583326168385
Interactive,AFE,2,219,-16.574590026487083
Interactive,AFE,2,220,0.05921525955773799
Interactive,AFE,2,221,-0.39228527994498075
Interactive,AFE,2,222,-0.6273997466788545
Interactive,AFE,2,223,-0.5383065190355532
Interactive,AFE,2,224,-0.48947664822428005
Interactive,AFE,2,225,0.15769534202549818
Interactive,AFE,2,226,-0.5618599105193663
Interactive,AFE,2,227,-0.6419394353577386
Interactive,AFE,2,228,-1.4556508698815096
Interactive,AFE,2,229,-0.35205758420574085
Interactive,AFE,2,230,-0.12674469992676507
Interactive,AFE,2,231,-3.0948265611407706
Interactive,AFE,2,232,-0.334066528209098
Interactive,AFE,2,233,-1.9472052016303063
Interactive,AFE,2,234,-0.39839272221528166
Interactive,AFE,2,235,-7.3612751416832936
Interactive,AFE,2,236,-0.415617258200384
Interactive,AFE,2,237,-0.29965445911011335
Interactive,AFE,2,238,-1.2159321032382253
Interactive,AFE,2,239,-0.40972274970855604
Interactive,AFE,2,240,-1.397514756255694
Interactive,AFE,2,241,-0.48918122220921445
Interactive,AFE,2,242,-1.2643505003574915
Interactive,AFE,2,243,0.02959111915637158
Interactive,AFE,2,244,-0.7837083665678936
Interactive,AFE,2,245,-0.8432177061652437
Interactive,AFE,2,246,-0.443311048600014
Interactive,AFE,2,247,0.3680999825900205
Interactive,AFE,2,248,-3.1950213253066067
Interactive,AFE,2,249,-2.1813103391418642
Interactive,AFE,2,250,0.10202412750704459
Interactive,AFE,2,251,-3.4851761352163257
Interactive,AFE,2,252,-6.6967623156426574
Interactive,AFE,2,253,-4.557315315337475
Interactive,AFE,2,254,-1.5417424824763637
Interactive,AFE,2,255,0.06438939399288546
Interactive,AFE,2,256,-1.151020149418849
Interactive,AFE,2,257,-0.1309504465884035
Interactive,AFE,2,258,0.12156465314544507
Interactive,AFE,2,259,0.2975073064896072
Interactive,AFE,2,260,0.1610821373883129
Interactive,AFE,2,261,-0.3117635664475079
Interactive,AFE,2,262,0.1965590979976124
Interactive,AFE,2,263,-0.3898178890161301
Interactive,AFE,2,264,-1.1405665992944116
Interactive,AFE,2,265,-2.068305307556393
Interactive,AFE,2,266,-1.6672157988881815
Interactive,AFE,2,267,-3.1919108241616545
Interactive,AFE,2,268,-0.8356197065269532
Interactive,AFE,2,269,0.03626919919048344
Interactive,AFE,2,270,-0.29341646858340886
Interactive,AFE,2,271,-0.20193713942750924
Interactive,AFE,2,272,-0.06702717790172452
Interactive,AFE,2,273,0.019851641753097837
Interactive,AFE,2,274,-0.13918162333663464
Interactive,AFE,2,275,-1.0018963502468081
Interactive,AFE,2,276,0.17497824198632983
Interactive,AFE,2,277,-0.09419396675418823
Interactive,AFE,2,278,-3.4896148417441517
Interactive,AFE,2,279,-0.06295233132002953
Interactive,AFE,2,280,-0.7371348391539503
Interactive,AFE,2,281,0.8829154672664654
Interactive,AFE,2,282,0.1265891220993972
Interactive,AFE,2,283,-0.1186136550650233
Interactive,AFE,2,284,0.7123043560566824
Interactive,AFE,2,285,-0.5898050686789067
Interactive,AFE,2,286,-1.3405306564288124
Interactive,AFE,2,287,-0.41688391162229377
Interactive,AFE,2,288,-0.4946766715770803
Interactive,AFE,2,289,-0.037563684449045565
Interactive,AFE,2,290,-0.13232909157635908
Interactive,AFE,2,291,-0.07895950048501166
Interactive,AFE,2,292,-1.7837208547762569
Interactive,AFE,2,293,0.3153031670448595
Interactive,AFE,2,294,-0.1226749726445403
Interactive,AFE,2,295,0.30030925159960664
Interactive,AFE,2,296,-0.27248014915715135
Interactive,AFE,2,297,0.12733095508809544
Interactive,AFE,2,298,0.13984770169630467
Interactive,AFE,2,299,-0.894243498761504
Interactive,AFE,2,300,0.37011756736204837
Interactive,AFE,2,301,-0.552940450280666
Interactive,AFE,2,302,0.01767025718710513
Interactive,AFE,2,303,-1.2501412694816878
Interactive,AFE,2,304,-0.46242145211375874
Interactive,AFE,2,305,-0.614901844854925
Interactive,AFE,2,306,-1.6725133099755167
Interactive,AFE,2,307,-0.5518935997129233
Interactive,AFE,2,308,-0.004590036162673838
Interactive,AFE,2,309,-0.5535951514224207
Interactive,AFE,2,310,-0.06546867335087936
Interactive,AFE,2,311,-0.12798755951043927
Interactive,AFE,2,312,-0.47778420320754333
Interactive,AFE,2,313,0.0012213802368347126
Interactive,AFE,2,314,-0.3463265224382317
Interactive,AFE,2,315,-0.16518855615796035
Interactive,AFE,2,316,-1.7210717164780545
Interactive,AFE,2,317,-2.0489253260379847
Interactive,AFE,2,318,-0.13433666230790497
Interactive,AFE,2,319,-0.09001482587320297
Interactive,AFE,2,320,-10.075179434655851
Interactive,AFE,2,321,-0.6478231193747956
Interactive,AFE,2,322,-3.6077962499923553
Interactive,AFE,2,323,-0.23118248847041167
Interactive,AFE,2,324,-2.026055020205359
Interactive,AFE,2,325,-1.4679242595678577
Interactive,AFE,2,326,-0.8024301492851471
Interactive,AFE,2,327,-0.3837344755791091
Interactive,AFE,2,328,1.548684763699419
Interactive,AFE,2,329,-0.4812963306315877
Interactive,AFE,2,330,-0.016065424881553714
Interactive,AFE,2,331,-0.06782529996093356
Interactive,AFE,2,332,0.055806430165857956
Interactive,AFE,2,333,-6.171662617808076
Interactive,AFE,2,334,0.25740477473290213
Interactive,AFE,2,335,-0.7494438233433569
Interactive,AFE,2,336,0.036315545924520576
Interactive,AFE,2,337,-3.421572733428434
Interactive,AFE,2,338,-0.2470851433614243
Interactive,AFE,2,339,-0.13875090810028035
Interactive,AFE,2,340,-0.4773956239934415
Interactive,AFE,2,341,-4.01597377526518
Interactive,AFE,2,342,0.28212604763325544
Interactive,AFE,2,343,-1.4953182066757142
Interactive,AFE,2,344,-2.4008890761327217
Interactive,AFE,2,345,-1.8798536552261136
Interactive,AFE,2,346,-3.1073795232615216
Interactive,AFE,2,347,-0.12392027869719802
Interactive,AFE,2,348,-1.6958811744919062
Interactive,AFE,2,349,-10.113215855186564
Interactive,AFE,2,350,-0.8377908471155393
Interactive,AFE,2,351,-0.7652358008912317
Interactive,AFE,2,352,0.33977066731801764
Interactive,AFE,2,353,-0.22807902714739958
Interactive,AFE,2,354,-0.9413392207401382
Interactive,AFE,2,355,-1.5037801847607755
Interactive,AFE,2,356,-0.29711296931743014
Interactive,AFE,2,357,9.108490791078783e-4
Interactive,AFE,2,358,-0.029978998505663323
Interactive,AFE,2,359,0.22558825897664148
Interactive,AFE,2,360,-0.4910292108502178
Interactive,AFE,2,361,-2.354358437520877
Interactive,AFE,2,362,-0.12805776829135618
Interactive,AFE,2,363,0.2267363473059264
Interactive,AFE,2,364,0.04319591903090414
Interactive,AFE,2,365,-0.8957233989683306
Interactive,AFE,2,366,0.020309444245480868
Interactive,AFE,2,367,-0.05235214615457817
Interactive,AFE,2,368,-0.07909918386352688
Interactive,AFE,2,369,-0.12192720585806627
Interactive,AFE,2,370,-1.2918867188861036
Interactive,AFE,2,371,0.3527133274116392
Interactive,AFE,2,372,-0.1280657945614534
Interactive,AFE,2,373,-0.6967709077155655
Interactive,AFE,2,374,-1.6401376657757245
Interactive,AFE,2,375,-0.4637209380533237
Interactive,AFE,2,376,0.41429152862082796
Interactive,AFE,2,377,-0.9981488822671734
Interactive,AFE,2,378,-0.2692077923217757
Interactive,AFE,2,379,-1.1189891269615175
Interactive,AFE,2,380,-0.22136254306866032
Interactive,AFE,2,381,-0.4581258470064127
Interactive,AFE,2,382,-0.3952341560611058
Interactive,AFE,2,383,0.1409009623190156
Interactive,AFE,2,384,-0.21675189734761713
Interactive,AFE,2,385,-3.0914475025864707
Interactive,AFE,2,386,-0.015827330082688995
Interactive,AFE,2,387,-0.27153255135900745
Interactive,AFE,2,388,-0.5252619453233434
Interactive,AFE,2,389,-0.8257042106320003
Interactive,AFE,2,390,-0.22570654580767047
Interactive,AFE,2,391,-1.2199215421844685
Interactive,AFE,2,392,-0.17556497573868057
Interactive,AFE,2,393,-1.4349509231690671
Interactive,AFE,2,394,-0.025002326447791545
Interactive,AFE,2,395,-1.7477177641072568
Interactive,AFE,2,396,0.13450415095160229
Interactive,AFE,2,397,0.2702029356990804
Interactive,AFE,2,398,0.10168847211427912
Interactive,AFE,2,399,-1.0389008626989504
Interactive,AFE,2,400,-0.24083549123447767
Interactive,AFE,2,401,-1.2959261842479508
Interactive,AFE,2,402,-3.9692567671674603
Interactive,AFE,2,403,0.2003002097194313
Interactive,AFE,2,404,-0.48505712975334214
Interactive,AFE,2,405,-0.04938379596770892
Interactive,AFE,2,406,-0.0915254820934277
Interactive,AFE,2,407,-0.3197346789814217
Interactive,AFE,2,408,-1.9686967181203558
Interactive,AFE,2,409,-0.5571316929531046
Interactive,AFE,2,410,-0.3717690116462824
Interactive,AFE,2,411,-0.2286135399862883
Interactive,AFE,2,412,-0.29618353547583587
Interactive,AFE,2,413,-0.61685927853005
Interactive,AFE,2,414,-0.25993171412116856
Interactive,AFE,2,415,-0.33013782073360254
Interactive,AFE,2,416,-0.06663139402247309
Interactive,AFE,2,417,-0.04546747869139611
Interactive,AFE,2,418,0.41751730915458596
Interactive,AFE,2,419,0.10416361385329542
Interactive,AFE,2,420,-1.2025537761380785
Interactive,AFE,2,421,0.20428237919755643
Interactive,AFE,2,422,-0.2614698287733679
Interactive,AFE,2,423,-1.1808924445289337
Interactive,AFE,2,424,-0.8740300169420514
Interactive,AFE,2,425,0.03056767446978015
Interactive,AFE,2,426,-0.39676273011943075
Interactive,AFE,2,427,-0.003951119179484097
Interactive,AFE,2,428,0.22150058197978706
Interactive,AFE,2,429,0.5244463525810443
Interactive,AFE,2,430,0.8939552726142643
Interactive,AFE,2,431,-4.872659187089682
Interactive,AFE,2,432,-1.3017100908387118
Interactive,AFE,2,433,-0.05960032138303939
Interactive,AFE,2,434,-0.5749033687701034
Interactive,AFE,2,435,-2.8765146321042403
Interactive,AFE,2,436,-0.3164804864243602
Interactive,AFE,2,437,0.014647607379904115
Interactive,AFE,2,438,-0.290644352114079
Interactive,AFE,2,439,-0.5802028106291923
Interactive,AFE,2,440,-0.4683794500698486
Interactive,AFE,2,441,-2.254393403240276
Interactive,AFE,2,442,-1.837903682305369
Interactive,AFE,2,443,-0.7383370817705414
Interactive,AFE,2,444,-1.1212385648854841
Interactive,AFE,2,445,-0.0766217440523419
Interactive,AFE,2,446,-0.9259219401026975
Interactive,AFE,2,447,-0.04676852460203096
Interactive,AFE,2,448,-1.532474255831644
Interactive,AFE,2,449,0.04631538232360355
Interactive,AFE,2,450,-0.13633488085974166
Interactive,AFE,2,451,0.0835151258485235
Interactive,AFE,2,452,-1.303045601058284
Interactive,AFE,2,453,-4.604122416585886
Interactive,AFE,2,454,-0.46657064922058455
Interactive,AFE,2,455,-0.9720188974540287
Interactive,AFE,2,456,0.06836641102229835
Interactive,AFE,2,457,0.24345258725990093
Interactive,AFE,2,458,-0.015800920208372315
Interactive,AFE,2,459,-2.1458961571957262
Interactive,AFE,2,460,0.2241527023780121
Interactive,AFE,2,461,-0.20476932198968845
Interactive,AFE,2,462,-1.1389666554367357
Interactive,AFE,2,463,-0.0013923408445352115
Interactive,AFE,2,464,-10.165668608861063
Interactive,AFE,2,465,-0.0725567921826673
Interactive,AFE,2,466,-0.21820400293602815
Interactive,AFE,2,467,-2.099132491636844
Interactive,AFE,2,468,-0.054379085684011175
Interactive,AFE,2,469,-1.151279295369325
Interactive,AFE,2,470,-0.27446256858543494
Interactive,AFE,2,471,-0.3545877160023161
Interactive,AFE,2,472,-0.0948962120009289
Interactive,AFE,2,473,-0.33717476656655554
Interactive,AFE,2,474,-0.11283788213074819
Interactive,AFE,2,475,-0.010647322947006543
Interactive,AFE,2,476,-0.6438174589804904
Interactive,AFE,2,477,-4.879559092114769
Interactive,AFE,2,478,0.08096949386681351
Interactive,AFE,2,479,-0.18302186670721698
Interactive,AFE,2,480,0.11076829269975574
Interactive,AFE,2,481,-2.029584843248828
Interactive,AFE,2,482,-0.006138020691332846
Interactive,AFE,2,483,-7.139186676319092
Interactive,AFE,2,484,-1.622796188186782
Interactive,AFE,2,485,0.1364305944020363
Interactive,AFE,2,486,-9.595646566532022
Interactive,AFE,2,487,0.3166660309610001
Interactive,AFE,2,488,-0.07890270334346983
Interactive,AFE,2,489,-0.31335193756858004
Interactive,AFE,2,490,0.2411405900244321
Interactive,AFE,2,491,0.07909724979994115
Interactive,AFE,2,492,-0.09451881910714544
Interactive,AFE,2,493,0.18218505900346482
Interactive,AFE,2,494,0.03443720524374516
Interactive,AFE,2,495,0.34148528077420304
Interactive,AFE,2,496,-0.33531252227958974
Interactive,AFE,2,497,-0.18567609316951783
Interactive,AFE,2,498,-0.2563482622108577
Interactive,AFE,2,499,-0.1992151709578609
Interactive,AFE,2,500,0.302938227896544
Interactive,AFE,2,501,-0.7077114003940406
Interactive,AFE,2,502,-6.828287151453286
Interactive,AFE,2,503,-1.260583900628488
Interactive,AFE,2,504,0.11357722774216383
Interactive,AFE,2,505,-0.37479386544561466
Interactive,AFE,2,506,0.5527265554797827
Interactive,AFE,2,507,-0.03849763814024143
Interactive,AFE,2,508,-1.8686890218212273
Interactive,AFE,2,509,-0.4338764532645014
Interactive,AFE,2,510,0.18627348281709133
Interactive,AFE,2,511,0.017468783977615532
Interactive,AFE,2,512,0.4712775064774605
Interactive,AFE,2,513,-0.7760806256226398
Interactive,AFE,2,514,0.32114869355208786
Interactive,AFE,2,515,-0.5126059774316267
Interactive,AFE,2,516,0.07692617821014802
Interactive,AFE,2,517,-1.6283235536874319
Interactive,AFE,2,518,-0.3177523655528156
Interactive,AFE,2,519,-0.04699012814795234
Interactive,AFE,2,520,-0.18868382315392063
Interactive,AFE,2,521,0.07591141073880625
Interactive,AFE,2,522,-1.6627471569741452
Interactive,AFE,2,523,-4.472716721941929
Interactive,AFE,2,524,0.19279061333141556
Interactive,AFE,2,525,-0.08985674629659679
Interactive,AFE,2,526,0.03572258589061106
Interactive,AFE,2,527,1.5826752791153371
Interactive,AFE,2,528,-4.021089523585655
Interactive,AFE,2,529,-2.2619110937125315
Interactive,AFE,2,530,-0.0837544162771775
Interactive,AFE,2,531,-0.2050801110626741
Interactive,AFE,2,532,-2.042149104736951
Interactive,AFE,2,533,-21.173850686146658
Interactive,AFE,2,534,-0.11634554752516335
Interactive,AFE,2,535,-0.009501869178651035
Interactive,AFE,2,536,-0.5889900594796184
Interactive,AFE,2,537,0.05727085408031429
Interactive,AFE,2,538,0.10357551305646573
Interactive,AFE,2,539,-0.679089475670638
Interactive,AFE,2,540,1.3513346145175325
Interactive,AFE,2,541,-0.632825798811117
Interactive,AFE,2,542,0.07256762025773189
Interactive,AFE,2,543,-0.5740087748879813
Interactive,AFE,2,544,-0.21897731016593913
Interactive,AFE,2,545,0.1819383398742349
Interactive,AFE,2,546,0.04650887889584865
Interactive,AFE,2,547,0.31832026515769507
Interactive,AFE,2,548,-0.4128395888045232
Interactive,AFE,2,549,0.10254920135361256
Interactive,AFE,2,550,-1.5030374341180028
Interactive,AFE,2,551,-1.313481541747137
Interactive,AFE,2,552,-0.0018456245595472875
Interactive,AFE,2,553,-0.519901048339575
Interactive,AFE,2,554,0.026425377054774324
Interactive,AFE,2,555,0.006825962689049669
Interactive,AFE,2,556,-1.2881113421717312
Interactive,AFE,2,557,-0.09304274542394941
Interactive,AFE,2,558,-0.46767665863557073
Interactive,AFE,2,559,-0.028733137293418975
Interactive,AFE,2,560,-0.010097851716481143
Interactive,AFE,2,561,-0.02956909491627102
Interactive,AFE,2,562,0.02089546312779711
Interactive,AFE,2,563,-1.1668375005206193
Interactive,AFE,2,564,-2.2681059947755373
Interactive,AFE,2,565,-0.03379019437561703
Interactive,AFE,2,566,-0.4624496671032021
Interactive,AFE,2,567,-1.111998925674135
Interactive,AFE,2,568,-0.3861654246803061
Interactive,AFE,2,569,-3.134672545820817
Interactive,AFE,2,570,-0.9258445712218457
Interactive,AFE,2,571,0.24634790826825836
Interactive,AFE,2,572,-0.2932890540314239
Interactive,AFE,2,573,0.10964272326900004
Interactive,AFE,2,574,-0.16195691416722502
Interactive,AFE,2,575,-0.4812034829047742
Interactive,AFE,2,576,0.3263482525998619
Interactive,AFE,2,577,-0.2660382424777614
Interactive,AFE,2,578,-1.0767609911003562
Interactive,AFE,2,579,-0.8821290977756211
Interactive,AFE,2,580,0.03364549754024537
Interactive,AFE,2,581,-0.4389684551581221
Interactive,AFE,2,582,0.0036348241623480604
Interactive,AFE,2,583,-0.6808753298117456
Interactive,AFE,2,584,0.13963517568140604
Interactive,AFE,2,585,-0.8337388118776243
Interactive,AFE,2,586,-0.10273169646607261
Interactive,AFE,2,587,-0.38668838193985067
Interactive,AFE,2,588,-0.38926909202021687
Interactive,AFE,2,589,0.2506921723127957
Interactive,AFE,2,590,-3.1923382448754656
Interactive,AFE,2,591,0.019349708363795015
Interactive,AFE,2,592,-0.2765534039278428
Interactive,AFE,2,593,-0.8394252332145355
Interactive,AFE,2,594,-3.6211681697998563
Interactive,AFE,2,595,-0.14128902695352308
Interactive,AFE,2,596,-2.7606466946992754
Interactive,AFE,2,597,-0.04491463280016805
Interactive,AFE,2,598,-0.7631589593310677
Interactive,AFE,2,599,-0.40744165512177166
Interactive,AFE,2,600,-0.055251501483135845
Interactive,AFE,2,601,-0.02373866164014604
Interactive,AFE,2,602,0.21507067661664991
Interactive,AFE,2,603,-2.274356295111997
Interactive,AFE,2,604,-0.14547151179907025
Interactive,AFE,2,605,0.22145400315322106
Interactive,AFE,2,606,-0.15149342362181728
Interactive,AFE,2,607,-0.8837032243921912
Interactive,AFE,2,608,-0.17112523422225623
Interactive,AFE,2,609,-0.41549405993703115
Interactive,AFE,2,610,-0.1193159259209784
Interactive,AFE,2,611,-1.510271830193997
Interactive,AFE,2,612,0.2615637267842569
Interactive,AFE,2,613,-0.3329430725948187
Interactive,AFE,2,614,0.09442291340215847
Interactive,AFE,2,615,-0.6361687421039999
Interactive,AFE,2,616,-1.205526515677526
Interactive,AFE,2,617,-0.8544552619635166
Interactive,AFE,2,618,0.30174427700446615
Interactive,AFE,2,619,0.6122414439760706
Interactive,AFE,2,620,-0.10864457407675221
Interactive,AFE,2,621,-1.6161571446042462
Interactive,AFE,2,622,-1.0462477767720824
Interactive,AFE,2,623,-0.2500014380444453
Interactive,AFE,2,624,0.18601351444182568
Interactive,AFE,2,625,-0.06088166026677033
Interactive,AFE,2,626,-0.1775764415487936
Interactive,AFE,2,627,-2.4310794779752065
Interactive,AFE,2,628,-0.38883898117709403
Interactive,AFE,2,629,-7.656939058893228
Interactive,AFE,2,630,0.5718709451421471
Interactive,AFE,2,631,-0.01818727527583508
Interactive,AFE,2,632,-1.1455766611850426
Interactive,AFE,2,633,-0.028324593531149245
Interactive,AFE,2,634,0.1676720200062145
Interactive,AFE,2,635,-1.316706711865207
Interactive,AFE,2,636,-0.8610594047660587
Interactive,AFE,2,637,-1.2395367566820212
Interactive,AFE,2,638,0.06736895994663294
Interactive,AFE,2,639,-0.4519740920479358
Interactive,AFE,2,640,0.0063909495947191974
Interactive,AFE,2,641,-0.1565787627767029
Interactive,AFE,2,642,0.05408256614165485
Interactive,AFE,2,643,0.24159549465415409
Interactive,AFE,2,644,-0.5153190968076822
Interactive,AFE,2,645,-1.4876877571210956
Interactive,AFE,2,646,-0.5083110849121547
Interactive,AFE,2,647,-0.19588963263346137
Interactive,AFE,2,648,-0.2846670135120408
Interactive,AFE,2,649,-4.608234242807669
Interactive,AFE,2,650,-0.16863257703836554
Interactive,AFE,2,651,0.16841433258678706
Interactive,AFE,2,652,-1.0012832503665756
Interactive,AFE,2,653,-0.31683851076653846
Interactive,AFE,2,654,-1.9811974062837436
Interactive,AFE,2,655,0.635182950511437
Interactive,AFE,2,656,-0.16685744738860597
Interactive,AFE,2,657,-0.4867477610668064
Interactive,AFE,2,658,-0.545023638062474
Interactive,AFE,2,659,-2.806978748385281
Interactive,AFE,2,660,-1.1277116113910335
Interactive,AFE,2,661,-1.8243716090986557
Interactive,AFE,2,662,-0.11524986290857164
Interactive,AFE,2,663,-0.22211415484769848
Interactive,AFE,2,664,-1.134550755505531
Interactive,AFE,2,665,-0.20010895150959818
Interactive,AFE,2,666,-0.7743974036573402
Interactive,AFE,2,667,-5.247223029543557
Interactive,AFE,2,668,-0.5449911367608349
Interactive,AFE,2,669,-0.357687742982177
Interactive,AFE,2,670,0.05153022015984621
Interactive,AFE,2,671,-0.09453321254971891
Interactive,AFE,2,672,-0.08705390769878596
Interactive,AFE,2,673,-0.31933419489572845
Interactive,AFE,2,674,-1.0190234665212936
Interactive,AFE,2,675,0.11245263222025725
Interactive,AFE,2,676,-0.3380051004902027
Interactive,AFE,2,677,0.22760790801553832
Interactive,AFE,2,678,-0.11943943332745155
Interactive,AFE,2,679,-1.4134176928131792
Interactive,AFE,2,680,-2.6948355247989872
Interactive,AFE,2,681,2.2583432765857054
Interactive,AFE,2,682,0.2670177764155972
Interactive,AFE,2,683,-1.03147319865134
Interactive,AFE,2,684,-10.419726220181936
Interactive,AFE,2,685,0.042454012728849744
Interactive,AFE,2,686,-0.6462244674199422
Interactive,AFE,2,687,-1.5165573394574228
Interactive,AFE,2,688,0.029727637636928095
Interactive,AFE,2,689,-0.0014064602972304607
Interactive,AFE,2,690,-1.5841883165438413
Interactive,AFE,2,691,-0.9460400325769764
Interactive,AFE,2,692,-0.990161228407926
Interactive,AFE,2,693,-0.3958878316967436
Interactive,AFE,2,694,-0.09463561103452689
Interactive,AFE,2,695,0.1459101540223816
Interactive,AFE,2,696,-45.6772062908658
Interactive,AFE,2,697,-0.055506807652710766
Interactive,AFE,2,698,0.09689342708415227
Interactive,AFE,2,699,-0.0021038534332470382
Interactive,AFE,2,700,-0.2686783138114317
Interactive,AFE,2,701,-0.16927705305330976
Interactive,AFE,2,702,-1.3228977820524046
Interactive,AFE,2,703,-1.0922042460446124
Interactive,AFE,2,704,0.517771324047825
Interactive,AFE,2,705,-0.06039482354367809
Interactive,AFE,2,706,-0.20503931491962724
Interactive,AFE,2,707,-3.191391718087903
Interactive,AFE,2,708,-1.030553463562235
Interactive,AFE,2,709,-0.026933595488016993
Interactive,AFE,2,710,0.13338107371690355
Interactive,AFE,2,711,-0.296918407694408
Interactive,AFE,2,712,0.11411739921368502
Interactive,AFE,2,713,-0.7982625986538666
Interactive,AFE,2,714,-1.4813846646737818
Interactive,AFE,2,715,0.9312240866038275
Interactive,AFE,2,716,0.06041585221449086
Interactive,AFE,2,717,-0.6478090597383328
Interactive,AFE,2,718,0.5139333924463763
Interactive,AFE,2,719,-5.027929515433821
Interactive,AFE,2,720,-0.05874415977256486
Interactive,AFE,2,721,-0.3176069748324133
Interactive,AFE,2,722,0.1616006015394813
Interactive,AFE,2,723,-0.5163492056775312
Interactive,AFE,2,724,-5.577139402256025
Interactive,AFE,2,725,-0.3917030508535554
Interactive,AFE,2,726,-0.6926724674127369
Interactive,AFE,2,727,-1.192415080856545
Interactive,AFE,2,728,0.11549872727269583
Interactive,AFE,2,729,-1.8644876861385837
Interactive,AFE,2,730,-0.019471180766214014
Interactive,AFE,2,731,0.2513548390440088
Interactive,AFE,2,732,0.31121735886440216
Interactive,AFE,2,733,0.288195692777627
Interactive,AFE,2,734,-0.10389810714438741
Interactive,AFE,2,735,-0.1502180487179161
Interactive,AFE,2,736,-2.270232212574485
Interactive,AFE,2,737,0.9343479552811472
Interactive,AFE,2,738,-0.34524735525824035
Interactive,AFE,2,739,0.0433706158187831
Interactive,AFE,2,740,-0.07904181256479381
Interactive,AFE,2,741,-0.3196011578195703
Interactive,AFE,2,742,-0.37963579670757996
Interactive,AFE,2,743,-0.2187643534217697
Interactive,AFE,2,744,0.17539933084451365
Interactive,AFE,2,745,-0.13483957009822523
Interactive,AFE,2,746,-0.528781991070775
Interactive,AFE,2,747,-2.577996414964611
Interactive,AFE,2,748,0.06069767662252623
Interactive,AFE,2,749,-0.988072614525382
Interactive,AFE,2,750,0.23328913767495518
Interactive,AFE,2,751,-0.6590414788935253
Interactive,AFE,2,752,-0.3807118668881453
Interactive,AFE,2,753,-1.099262724954151
Interactive,AFE,2,754,0.027109273836570136
Interactive,AFE,2,755,-1.5899252133578552
Interactive,AFE,2,756,-0.6404550920927903
Interactive,AFE,2,757,-0.12137976037984455
Interactive,AFE,2,758,-0.8656275829194218
Interactive,AFE,2,759,-1.2669526611563517
Interactive,AFE,2,760,-0.8099267982819991
Interactive,AFE,2,761,-0.5138850674274787
Interactive,AFE,2,762,-2.428034707675714
Interactive,AFE,2,763,-0.45636534894139213
Interactive,AFE,2,764,0.010715703710139857
Interactive,AFE,2,765,0.4089552211431827
Interactive,AFE,2,766,-0.00241080539518157
Interactive,AFE,2,767,0.5744753701721232
Interactive,AFE,2,768,0.1350158208164104
Interactive,AFE,2,769,-3.8426254043576993
Interactive,AFE,2,770,0.3763151685373123
Interactive,AFE,2,771,-5.980609683714683
Interactive,AFE,2,772,0.0622863807107068
Interactive,AFE,2,773,0.391436990137787
Interactive,AFE,2,774,0.4675229345337345
Interactive,AFE,2,775,-0.49162584378050866
Interactive,AFE,2,776,-0.026808683592487226
Interactive,AFE,2,777,-4.675487520273803
Interactive,AFE,2,778,-0.7171391788247621
Interactive,AFE,2,779,-0.6737873391128061
Interactive,AFE,2,780,-3.695031243996868
Interactive,AFE,2,781,0.08859399838393367
Interactive,AFE,2,782,-5.178707789263055
Interactive,AFE,2,783,-0.6469522858944081
Interactive,AFE,2,784,0.009082091299120298
Interactive,AFE,2,785,-3.52530835005635
Interactive,AFE,2,786,-1.0039141456827
Interactive,AFE,2,787,-2.5779357597647152
Interactive,AFE,2,788,-0.20610143916696777
Interactive,AFE,2,789,0.012495034177752107
Interactive,AFE,2,790,-0.40593703127015024
Interactive,AFE,2,791,-0.23768851526396761
Interactive,AFE,2,792,-0.25219932981579274
Interactive,AFE,2,793,-0.5260055549814642
Interactive,AFE,2,794,0.09207191740292009
Interactive,AFE,2,795,-0.02047292023829217
Interactive,AFE,2,796,-0.5022021564183771
Interactive,AFE,2,797,0.29136051146091535
Interactive,AFE,2,798,-0.6034454589501699
Interactive,AFE,2,799,-1.2981441688588125
Interactive,AFE,2,800,-0.16849124736650323
Interactive,AFE,2,801,0.12093876793472336
Interactive,AFE,2,802,-0.755091025860829
Interactive,AFE,2,803,0.04620678132843037
Interactive,AFE,2,804,-3.2327978395907397
Interactive,AFE,2,805,-6.138454888527571
Interactive,AFE,2,806,-0.21870949199293277
Interactive,AFE,2,807,-0.9347070244691247
Interactive,AFE,2,808,0.13897187141749945
Interactive,AFE,2,809,-0.05672323754121189
Interactive,AFE,2,810,-15.928627766702116
Interactive,AFE,2,811,-0.35948203449419003
Interactive,AFE,2,812,-0.09464421615981411
Interactive,AFE,2,813,-0.5970865483486403
Interactive,AFE,2,814,-0.33380636219666004
Interactive,AFE,2,815,0.03881527382419825
Interactive,AFE,2,816,-0.5061128029985787
Interactive,AFE,2,817,0.4120643618482066
Interactive,AFE,2,818,0.22576519307883158
Interactive,AFE,2,819,-2.226400449715371
Interactive,AFE,2,820,-0.6828310262495497
Interactive,AFE,2,821,0.49081430374970947
Interactive,AFE,2,822,-0.06127529220444139
Interactive,AFE,2,823,-0.06275153157952751
Interactive,AFE,2,824,-0.28667193223070364
Interactive,AFE,2,825,-0.09798738707695043
Interactive,AFE,2,826,-0.5391649661680775
Interactive,AFE,2,827,-0.05566338721605979
Interactive,AFE,2,828,-0.31525575042468734
Interactive,AFE,2,829,-0.3865050820268833
Interactive,AFE,2,830,-1.177699349500645
Interactive,AFE,2,831,0.26469662290831586
Interactive,AFE,2,832,-0.3719174731577508
Interactive,AFE,2,833,0.09014086356288398
Interactive,AFE,2,834,-0.6255517973393789
Interactive,AFE,2,835,-3.894398633290414
Interactive,AFE,2,836,-0.3566778465891185
Interactive,AFE,2,837,-0.370605123032855
Interactive,AFE,2,838,-5.872166877947224
Interactive,AFE,2,839,-0.7298898973156094
Interactive,AFE,2,840,-1.9100740696701943
Interactive,AFE,2,841,-1.174646805901187
Interactive,AFE,2,842,-0.9942180547454589
Interactive,AFE,2,843,-0.009740329883010546
Interactive,AFE,2,844,-0.25611189711267945
Interactive,AFE,2,845,-0.16696323325798645
Interactive,AFE,2,846,-0.05013305215177666
Interactive,AFE,2,847,-3.9742550473150184
Interactive,AFE,2,848,0.08465539550830536
Interactive,AFE,2,849,-0.1704360528716502
Interactive,AFE,2,850,-0.0014427289427351164
Interactive,AFE,2,851,-1.4591505212361406
Interactive,AFE,2,852,0.0522057856416529
Interactive,AFE,2,853,-0.272233611970627
Interactive,AFE,2,854,-0.04622914773621856
Interactive,AFE,2,855,0.2564142460184019
Interactive,AFE,2,856,-0.28172087422691605
Interactive,AFE,2,857,-0.1460160486731007
Interactive,AFE,2,858,0.041707707789489734
Interactive,AFE,2,859,-1.6853775711637802
Interactive,AFE,2,860,-0.023072425360016968
Interactive,AFE,2,861,-0.4506556929358003
Interactive,AFE,2,862,-3.4342956578628527
Interactive,AFE,2,863,0.0013276816987537465
Interactive,AFE,2,864,0.006573493318648316
Interactive,AFE,2,865,0.03907654086374257
Interactive,AFE,2,866,-0.18015514956927325
Interactive,AFE,2,867,1.0095415589805017
Interactive,AFE,2,868,0.030658392742311857
Interactive,AFE,2,869,-0.16580471518329865
Interactive,AFE,2,870,-0.10977047139823792
Interactive,AFE,2,871,-0.10393960566796667
Interactive,AFE,2,872,-0.09997010717377575
Interactive,AFE,2,873,-0.7591126332740539
Interactive,AFE,2,874,0.0965330233452556
Interactive,AFE,2,875,0.1601419887556491
Interactive,AFE,2,876,-2.15605589738496
Interactive,AFE,2,877,-0.2772310338744939
Interactive,AFE,2,878,-1.171931945730111
Interactive,AFE,2,879,0.0804361050982384
Interactive,AFE,2,880,-0.22287666840620002
Interactive,AFE,2,881,-0.3917320421423527
Interactive,AFE,2,882,-0.7279806757271293
Interactive,AFE,2,883,-0.21497757734880119
Interactive,AFE,2,884,-0.03371817522642395
Interactive,AFE,2,885,0.004050730158525306
Interactive,AFE,2,886,3.4636078153571503e-5
Interactive,AFE,2,887,-0.13298775857627754
Interactive,AFE,2,888,-0.7894613236129826
Interactive,AFE,2,889,-0.8407614504010501
Interactive,AFE,2,890,0.2778561112897736
Interactive,AFE,2,891,0.036895514673120355
Interactive,AFE,2,892,-0.24774490731794974
Interactive,AFE,2,893,-0.025817495850589234
Interactive,AFE,2,894,-0.45764762937679626
Interactive,AFE,2,895,-2.9537916165925138
Interactive,AFE,2,896,-0.4674619010218821
Interactive,AFE,2,897,-0.09465321570540985
Interactive,AFE,2,898,-1.7731137283662124
Interactive,AFE,2,899,-0.3526823321328847
Interactive,AFE,2,900,-2.293203165463581
Interactive,AFE,2,901,-0.20330860671012885
Interactive,AFE,2,902,-1.5275490761478188
Interactive,AFE,2,903,-1.5427524242175679
Interactive,AFE,2,904,0.06004020603439841
Interactive,AFE,2,905,-0.38538209840548265
Interactive,AFE,2,906,-1.5896161960756188
Interactive,AFE,2,907,0.4081262105279394
Interactive,AFE,2,908,-0.16726106584072054
Interactive,AFE,2,909,-0.14304556525510848
Interactive,AFE,2,910,-0.9896437043668014
Interactive,AFE,2,911,-1.169104576323864
Interactive,AFE,2,912,-0.08383324889516752
Interactive,AFE,2,913,-0.9279967056964216
Interactive,AFE,2,914,-2.1262246456105878
Interactive,AFE,2,915,-0.04478915543847195
Interactive,AFE,2,916,-0.1185907185417977
Interactive,AFE,2,917,-0.0028766631774277407
Interactive,AFE,2,918,-0.7979203220657417
Interactive,AFE,2,919,0.07815042341221168
Interactive,AFE,2,920,-3.8606536764553927
Interactive,AFE,2,921,-2.1877080656083976
Interactive,AFE,2,922,-0.31732403214346294
Interactive,AFE,2,923,-0.5113798733397246
Interactive,AFE,2,924,-0.32291968940419835
Interactive,AFE,2,925,-0.5359906132303929
Interactive,AFE,2,926,-2.1429443922374505
Interactive,AFE,2,927,-0.545904856410091
Interactive,AFE,2,928,-1.0399064582440243
Interactive,AFE,2,929,-0.09142930012104955
Interactive,AFE,2,930,-3.269841049339605
Interactive,AFE,2,931,-0.5903013259979324
Interactive,AFE,2,932,-1.4473532543037444
Interactive,AFE,2,933,0.13712259088560486
Interactive,AFE,2,934,-0.6841401534515579
Interactive,AFE,2,935,-0.3651183301727098
Interactive,AFE,2,936,0.41643142188527804
Interactive,AFE,2,937,-0.3905391705565764
Interactive,AFE,2,938,-0.8196689570748865
Interactive,AFE,2,939,-0.3085002491793247
Interactive,AFE,2,940,-0.3680351652641347
Interactive,AFE,2,941,-1.4618909050498727
Interactive,AFE,2,942,-0.8332299356059039
Interactive,AFE,2,943,-0.6937925193811196
Interactive,AFE,2,944,-0.17629828079824206
Interactive,AFE,2,945,0.19243732716367223
Interactive,AFE,2,946,-1.738063919883162
Interactive,AFE,2,947,-0.8776219868606527
Interactive,AFE,2,948,-0.11143024029198911
Interactive,AFE,2,949,0.3163146214868867
Interactive,AFE,2,950,-0.09670207378910856
Interactive,AFE,2,951,0.07465157783892351
Interactive,AFE,2,952,0.1454884234564886
Interactive,AFE,2,953,0.3579688153308762
Interactive,AFE,2,954,-0.1402473792244764
Interactive,AFE,2,955,-0.0779968472799153
Interactive,AFE,2,956,-0.6182547391914341
Interactive,AFE,2,957,-0.742889334819054
Interactive,AFE,2,958,-0.2612672822990064
Interactive,AFE,2,959,-0.2195884427757555
Interactive,AFE,2,960,-0.3376764874093894
Interactive,AFE,2,961,-2.188856490249045
Interactive,AFE,2,962,-0.7365777215518066
Interactive,AFE,2,963,-1.0466003454202872
Interactive,AFE,2,964,-1.0150914047821726
Interactive,AFE,2,965,-0.1643394764163466
Interactive,AFE,2,966,0.0678671147776495
Interactive,AFE,2,967,-0.4854446820533651
Interactive,AFE,2,968,-0.4028276448174245
Interactive,AFE,2,969,-0.5253932688725229
Interactive,AFE,2,970,-1.5761535745793145
Interactive,AFE,2,971,-3.3314789877846374
Interactive,AFE,2,972,0.08581122635494609
Interactive,AFE,2,973,-0.4680908065595104
Interactive,AFE,2,974,-0.14607554154517333
Interactive,AFE,2,975,-1.688399103091558
Interactive,AFE,2,976,-1.510951442185374
Interactive,AFE,2,977,0.15781382574141212
Interactive,AFE,2,978,-0.6022984288255169
Interactive,AFE,2,979,1.5087539794418454
Interactive,AFE,2,980,1.328130905091946
Interactive,AFE,2,981,-0.13428471761327643
Interactive,AFE,2,982,-1.5119341624352987
Interactive,AFE,2,983,-0.06830315639910822
Interactive,AFE,2,984,-1.617582875358569
Interactive,AFE,2,985,-0.25237129709187034
Interactive,AFE,2,986,-0.30894032261903215
Interactive,AFE,2,987,-0.1861677236280863
Interactive,AFE,2,988,-2.3110238340231977
Interactive,AFE,2,989,0.32976669307797235
Interactive,AFE,2,990,-0.18469752993295008
Interactive,AFE,2,991,-2.0420711177343094
Interactive,AFE,2,992,-0.5178216752887962
Interactive,AFE,2,993,-0.17204098614914265
Interactive,AFE,2,994,-0.04151884641758041
Interactive,AFE,2,995,-3.3495863914461292
Interactive,AFE,2,996,0.7398781009180203
Interactive,AFE,2,997,-1.6252949823023624
Interactive,AFE,2,998,-1.2049966775505205
Interactive,AFE,2,999,-1.4045810758024986
Interactive,AFE,2,1000,-0.09341147737347111
Interactive,IFE,0,1,0.236601907224384
Interactive,IFE,0,2,-0.010852929621248508
Interactive,IFE,0,3,-0.10844517331722514
Interactive,IFE,0,4,-0.20648766544688613
Interactive,IFE,0,5,-0.28970066857214005
Interactive,IFE,0,6,0.1515352720008264
Interactive,IFE,0,7,-0.07136418936807454
Interactive,IFE,0,8,0.1372304833911865
Interactive,IFE,0,9,-0.12703529519147128
Interactive,IFE,0,10,0.005469496718110256
Interactive,IFE,0,11,-0.3207892324422772
Interactive,IFE,0,12,0.021922369410686926
Interactive,IFE,0,13,-0.2490812149595656
Interactive,IFE,0,14,0.19097801325850183
Interactive,IFE,0,15,0.24563147574359534
Interactive,IFE,0,16,-0.27585161519681567
Interactive,IFE,0,17,-0.32493618549598824
Interactive,IFE,0,18,0.20206647720192283
Interactive,IFE,0,19,0.03215594019996837
Interactive,IFE,0,20,0.1448486430306356
Interactive,IFE,0,21,-0.3294083593238887
Interactive,IFE,0,22,-0.03701759488003564
Interactive,IFE,0,23,0.09030347410099848
Interactive,IFE,0,24,-0.19836744671793716
Interactive,IFE,0,25,0.3043400180303123
Interactive,IFE,0,26,0.0037669917859567414
Interactive,IFE,0,27,-0.029727865528853203
Interactive,IFE,0,28,-0.01732155079941311
Interactive,IFE,0,29,0.1099643181561506
Interactive,IFE,0,30,-0.14476398937761292
Interactive,IFE,0,31,0.09118042843343055
Interactive,IFE,0,32,-0.11831041798691477
Interactive,IFE,0,33,0.355323918468611
Interactive,IFE,0,34,0.03173594284668668
Interactive,IFE,0,35,0.2844187543169536
Interactive,IFE,0,36,0.3629210204713741
Interactive,IFE,0,37,0.1410225558850442
Interactive,IFE,0,38,0.245317150072472
Interactive,IFE,0,39,-0.47305527280863946
Interactive,IFE,0,40,-0.016632615083334357
Interactive,IFE,0,41,0.09282945710351265
Interactive,IFE,0,42,-0.46527692842375756
Interactive,IFE,0,43,0.03147642813838869
Interactive,IFE,0,44,0.11880345483284549
Interactive,IFE,0,45,0.08941826436201372
Interactive,IFE,0,46,0.5359392456153699
Interactive,IFE,0,47,0.1755501649328184
Interactive,IFE,0,48,-0.553612117298864
Interactive,IFE,0,49,0.06822134838652172
Interactive,IFE,0,50,-0.37137784396555584
Interactive,IFE,0,51,0.017028026170663235
Interactive,IFE,0,52,-0.10337077669682226
Interactive,IFE,0,53,0.31495655075205
Interactive,IFE,0,54,0.03308881165965338
Interactive,IFE,0,55,0.2775809240418359
Interactive,IFE,0,56,-0.3288735788812651
Interactive,IFE,0,57,0.016922779195570503
Interactive,IFE,0,58,0.10434215690304849
Interactive,IFE,0,59,0.06344512044541539
Interactive,IFE,0,60,0.2578265171238423
Interactive,IFE,0,61,0.026725582440237705
Interactive,IFE,0,62,0.06053050526346071
Interactive,IFE,0,63,-0.015313656530994701
Interactive,IFE,0,64,-0.2665004486328286
Interactive,IFE,0,65,-0.33235011135270565
Interactive,IFE,0,66,-0.18287420390194176
Interactive,IFE,0,67,0.16056571489301086
Interactive,IFE,0,68,0.29384380992366277
Interactive,IFE,0,69,-0.0929358319766369
Interactive,IFE,0,70,-0.042915930848206774
Interactive,IFE,0,71,-0.1922237926750454
Interactive,IFE,0,72,-0.030357811999062068
Interactive,IFE,0,73,-0.04850200815699035
Interactive,IFE,0,74,-0.07744213542212197
Interactive,IFE,0,75,-0.03689621858163239
Interactive,IFE,0,76,0.07462269766968743
Interactive,IFE,0,77,-0.018892760838188694
Interactive,IFE,0,78,0.14559377560603937
Interactive,IFE,0,79,-0.004029405431945188
Interactive,IFE,0,80,0.3061880842147622
Interactive,IFE,0,81,0.17068519697060625
Interactive,IFE,0,82,-0.4296250157989384
Interactive,IFE,0,83,0.03605501960555457
Interactive,IFE,0,84,0.07785131545881163
Interactive,IFE,0,85,0.06913916208934923
Interactive,IFE,0,86,0.17269035736800742
Interactive,IFE,0,87,-0.6707176406690954
Interactive,IFE,0,88,-0.2842325199061039
Interactive,IFE,0,89,0.07344252451492983
Interactive,IFE,0,90,0.01549174029051914
Interactive,IFE,0,91,0.12883739732084654
Interactive,IFE,0,92,-0.27928738656474916
Interactive,IFE,0,93,0.1335496912982974
Interactive,IFE,0,94,0.15137792322110477
Interactive,IFE,0,95,0.098939424555341
Interactive,IFE,0,96,0.15432977809378456
Interactive,IFE,0,97,0.12373051483489783
Interactive,IFE,0,98,0.026798039946396957
Interactive,IFE,0,99,0.2871747682530077
Interactive,IFE,0,100,-0.0013556354518305946
Interactive,IFE,0,101,0.15306324544292427
Interactive,IFE,0,102,0.06462164703330675
Interactive,IFE,0,103,-0.11938255864173086
Interactive,IFE,0,104,0.24985086429567238
Interactive,IFE,0,105,0.0563649272439144
Interactive,IFE,0,106,0.10846055719058822
Interactive,IFE,0,107,0.21994026337464612
Interactive,IFE,0,108,-1.0546768484109847e-5
Interactive,IFE,0,109,0.23426096641917038
Interactive,IFE,0,110,0.08912393772139116
Interactive,IFE,0,111,-0.14618573781805455
Interactive,IFE,0,112,-0.07574107329070501
Interactive,IFE,0,113,-0.2113517713950439
Interactive,IFE,0,114,-0.05346078451470904
Interactive,IFE,0,115,0.3905911392406163
Interactive,IFE,0,116,0.4971881324129127
Interactive,IFE,0,117,0.26228937624464965
Interactive,IFE,0,118,-0.2852838229401592
Interactive,IFE,0,119,-0.11278652172423331
Interactive,IFE,0,120,0.09499088393727007
Interactive,IFE,0,121,-0.452416876019719
Interactive,IFE,0,122,0.20819817143328312
Interactive,IFE,0,123,-0.1794057045863554
Interactive,IFE,0,124,-0.25237117175412804
Interactive,IFE,0,125,-0.6572628998970143
Interactive,IFE,0,126,0.10890080021546056
Interactive,IFE,0,127,0.1704214931738145
Interactive,IFE,0,128,-0.13431729823470884
Interactive,IFE,0,129,-0.09634540690109217
Interactive,IFE,0,130,-0.04314011169408705
Interactive,IFE,0,131,0.11626397845185521
Interactive,IFE,0,132,0.07218680163238378
Interactive,IFE,0,133,-0.04604078643610232
Interactive,IFE,0,134,0.09406533413162455
Interactive,IFE,0,135,0.07127628860380575
Interactive,IFE,0,136,-0.03164614119574383
Interactive,IFE,0,137,-4.2844473441183695e-4
Interactive,IFE,0,138,0.09044861186683106
Interactive,IFE,0,139,-0.5363293116802273
Interactive,IFE,0,140,-0.0940050699712558
Interactive,IFE,0,141,0.14082593059083104
Interactive,IFE,0,142,-0.027831041750288832
Interactive,IFE,0,143,0.047892890883654116
Interactive,IFE,0,144,0.24356935909058808
Interactive,IFE,0,145,-0.30219178991896867
Interactive,IFE,0,146,-0.1638331649333189
Interactive,IFE,0,147,0.3415319554221403
Interactive,IFE,0,148,-0.3406226549175555
Interactive,IFE,0,149,-0.1341105701904245
Interactive,IFE,0,150,0.022076659407429977
Interactive,IFE,0,151,-0.16352786117638551
Interactive,IFE,0,152,0.16137412426782638
Interactive,IFE,0,153,0.08255738807282464
Interactive,IFE,0,154,0.1903668999625291
Interactive,IFE,0,155,0.18210525770050445
Interactive,IFE,0,156,-0.10970155917049618
Interactive,IFE,0,157,-0.33602199378953823
Interactive,IFE,0,158,-0.2764917519488439
Interactive,IFE,0,159,-0.21565456623803325
Interactive,IFE,0,160,-0.040929045001124154
Interactive,IFE,0,161,0.03778375103954579
Interactive,IFE,0,162,0.2772255679169372
Interactive,IFE,0,163,-0.2841819642019402
Interactive,IFE,0,164,0.25552605490129887
Interactive,IFE,0,165,-0.02434465678085318
Interactive,IFE,0,166,0.5183906195208756
Interactive,IFE,0,167,0.42175610732428437
Interactive,IFE,0,168,0.2871205743911168
Interactive,IFE,0,169,-0.0310026549371768
Interactive,IFE,0,170,-0.11273461069346646
Interactive,IFE,0,171,0.1275340552286489
Interactive,IFE,0,172,-1.9771733762330435e-5
Interactive,IFE,0,173,-0.031594449294748306
Interactive,IFE,0,174,0.134826349081422
Interactive,IFE,0,175,-0.4636971294360195
Interactive,IFE,0,176,0.17857070037481115
Interactive,IFE,0,177,0.06802827498557273
Interactive,IFE,0,178,0.060652963484729594
Interactive,IFE,0,179,0.010282052768676664
Interactive,IFE,0,180,-0.05215062276855842
Interactive,IFE,0,181,0.23962788037896465
Interactive,IFE,0,182,-0.2179695164526797
Interactive,IFE,0,183,-0.9530322691901572
Interactive,IFE,0,184,0.06436506391672114
Interactive,IFE,0,185,0.10453917915113964
Interactive,IFE,0,186,-0.3327308338738907
Interactive,IFE,0,187,0.10832384917784021
Interactive,IFE,0,188,-0.015822491191110788
Interactive,IFE,0,189,0.1736481082479444
Interactive,IFE,0,190,0.2945110790236114
Interactive,IFE,0,191,0.021743208568211658
Interactive,IFE,0,192,-0.04502281671225772
Interactive,IFE,0,193,-0.19369696979298467
Interactive,IFE,0,194,0.08772631128210806
Interactive,IFE,0,195,0.26784957526898245
Interactive,IFE,0,196,0.17776614978175076
Interactive,IFE,0,197,-0.06810210695907648
Interactive,IFE,0,198,0.02726649741025078
Interactive,IFE,0,199,-0.113401750048859
Interactive,IFE,0,200,-0.16955455450106405
Interactive,IFE,0,201,0.21135283164195962
Interactive,IFE,0,202,-0.06973387880804882
Interactive,IFE,0,203,-0.11100486724985925
Interactive,IFE,0,204,0.16719796701232226
Interactive,IFE,0,205,0.228270665848338
Interactive,IFE,0,206,0.057827305923435435
Interactive,IFE,0,207,0.11183423695454431
Interactive,IFE,0,208,-0.054386910255937004
Interactive,IFE,0,209,-0.10977992393779745
Interactive,IFE,0,210,-0.012712354480817645
Interactive,IFE,0,211,0.13145435458859778
Interactive,IFE,0,212,-0.1667030937080196
Interactive,IFE,0,213,-0.3090723861871745
Interactive,IFE,0,214,-0.30575143753687517
Interactive,IFE,0,215,-0.24415598702031704
Interactive,IFE,0,216,0.16179250570204395
Interactive,IFE,0,217,-0.3447643894302256
Interactive,IFE,0,218,0.06932071760995306
Interactive,IFE,0,219,0.14795153003319406
Interactive,IFE,0,220,0.1824389417689053
Interactive,IFE,0,221,0.22490169943481875
Interactive,IFE,0,222,-0.35208012671915667
Interactive,IFE,0,223,0.11698468834628972
Interactive,IFE,0,224,0.23547717391037193
Interactive,IFE,0,225,0.06871042983694453
Interactive,IFE,0,226,0.008760911420465645
Interactive,IFE,0,227,0.11835970075228153
Interactive,IFE,0,228,0.16350590080846006
Interactive,IFE,0,229,0.45443199110132204
Interactive,IFE,0,230,-0.41571913126405013
Interactive,IFE,0,231,-0.03794785448855287
Interactive,IFE,0,232,0.19072211921001403
Interactive,IFE,0,233,0.007347814444987222
Interactive,IFE,0,234,0.14817419618739314
Interactive,IFE,0,235,0.04744735175042658
Interactive,IFE,0,236,-0.06597328062815122
Interactive,IFE,0,237,-0.15781680660566888
Interactive,IFE,0,238,0.11564974977230702
Interactive,IFE,0,239,-0.3395155023355432
Interactive,IFE,0,240,-0.07233740452403159
Interactive,IFE,0,241,0.057380596411967355
Interactive,IFE,0,242,0.2738638850669052
Interactive,IFE,0,243,-0.07456120880406536
Interactive,IFE,0,244,0.19613422178772222
Interactive,IFE,0,245,-0.17075074289497139
Interactive,IFE,0,246,0.07223815735137462
Interactive,IFE,0,247,-0.18149073522132952
Interactive,IFE,0,248,-0.4871160147644886
Interactive,IFE,0,249,0.1372032284003395
Interactive,IFE,0,250,0.23202893744451758
Interactive,IFE,0,251,-0.2071721376613379
Interactive,IFE,0,252,0.03734019666379351
Interactive,IFE,0,253,-0.04757503910196814
Interactive,IFE,0,254,-0.12178992633592756
Interactive,IFE,0,255,-0.41686242793718964
Interactive,IFE,0,256,0.3048599425044827
Interactive,IFE,0,257,-0.010683975849368754
Interactive,IFE,0,258,0.10057164174295352
Interactive,IFE,0,259,-0.008551463061002185
Interactive,IFE,0,260,0.017978515503637493
Interactive,IFE,0,261,-0.10340571834230627
Interactive,IFE,0,262,0.02143963821987982
Interactive,IFE,0,263,-0.2902592247632967
Interactive,IFE,0,264,-0.024926852239156916
Interactive,IFE,0,265,-0.047877432312431356
Interactive,IFE,0,266,0.06970230763898078
Interactive,IFE,0,267,-0.10498015652651349
Interactive,IFE,0,268,0.07564302669628897
Interactive,IFE,0,269,0.1622249397935671
Interactive,IFE,0,270,-0.03422500282156604
Interactive,IFE,0,271,-0.34012195495849207
Interactive,IFE,0,272,0.36602058076526245
Interactive,IFE,0,273,0.22430685163540454
Interactive,IFE,0,274,0.0577500689117052
Interactive,IFE,0,275,-0.027636214671093562
Interactive,IFE,0,276,-0.26594688435510605
Interactive,IFE,0,277,-0.14317324612744842
Interactive,IFE,0,278,0.1004935745319202
Interactive,IFE,0,279,0.11248165977748403
Interactive,IFE,0,280,-0.15139973473496293
Interactive,IFE,0,281,-0.15573314875087962
Interactive,IFE,0,282,0.2722768004456526
Interactive,IFE,0,283,0.073469831652203
Interactive,IFE,0,284,0.36026821020296007
Interactive,IFE,0,285,-0.11426248190544763
Interactive,IFE,0,286,0.038507620568362655
Interactive,IFE,0,287,-0.335924010033847
Interactive,IFE,0,288,0.09321873331559238
Interactive,IFE,0,289,-0.29733195049160477
Interactive,IFE,0,290,0.33109915343972063
Interactive,IFE,0,291,-0.32067054666584194
Interactive,IFE,0,292,0.07889864896503196
Interactive,IFE,0,293,0.2246648172233059
Interactive,IFE,0,294,-0.5431243512450048
Interactive,IFE,0,295,0.2243104441585656
Interactive,IFE,0,296,0.14008663354206274
Interactive,IFE,0,297,-0.03897799244349276
Interactive,IFE,0,298,0.3585591720998309
Interactive,IFE,0,299,0.37200987399479046
Interactive,IFE,0,300,0.11474120339718175
Interactive,IFE,0,301,-0.10192830187242641
Interactive,IFE,0,302,-0.4242654385670601
Interactive,IFE,0,303,0.08671023354907093
Interactive,IFE,0,304,0.11188662781721159
Interactive,IFE,0,305,-0.10503409149648513
Interactive,IFE,0,306,0.04143042695080934
Interactive,IFE,0,307,-0.7877076487421906
Interactive,IFE,0,308,-0.031620939136993154
Interactive,IFE,0,309,-0.33447647957326276
Interactive,IFE,0,310,0.03754315047710022
Interactive,IFE,0,311,0.25172740413882033
Interactive,IFE,0,312,-0.0120394490402993
Interactive,IFE,0,313,-0.16644776552624185
Interactive,IFE,0,314,0.4680741622951471
Interactive,IFE,0,315,0.12809354024511144
Interactive,IFE,0,316,0.08536972254740138
Interactive,IFE,0,317,0.22291595648316564
Interactive,IFE,0,318,-0.19052653742572723
Interactive,IFE,0,319,-0.22085966437179105
Interactive,IFE,0,320,0.34390404350838555
Interactive,IFE,0,321,0.3381299107114729
Interactive,IFE,0,322,-0.37941970967757366
Interactive,IFE,0,323,0.08114802646038066
Interactive,IFE,0,324,-0.14396134140463523
Interactive,IFE,0,325,0.1273475909685683
Interactive,IFE,0,326,-0.05525411911541722
Interactive,IFE,0,327,0.18718958987762835
Interactive,IFE,0,328,-0.17404609353827027
Interactive,IFE,0,329,0.13898832349065493
Interactive,IFE,0,330,-0.17241937323809842
Interactive,IFE,0,331,-0.08709979966542869
Interactive,IFE,0,332,0.5242055978700765
Interactive,IFE,0,333,-0.3860601972157428
Interactive,IFE,0,334,0.06286965131761768
Interactive,IFE,0,335,0.10318251708812298
Interactive,IFE,0,336,-0.7260928375262923
Interactive,IFE,0,337,-0.17229698376314828
Interactive,IFE,0,338,0.18720666408037312
Interactive,IFE,0,339,0.014285604861301149
Interactive,IFE,0,340,0.14255158222338893
Interactive,IFE,0,341,0.015354905634251459
Interactive,IFE,0,342,0.10440939189145682
Interactive,IFE,0,343,0.002704997766146633
Interactive,IFE,0,344,-0.20468034557925963
Interactive,IFE,0,345,0.1092184546901378
Interactive,IFE,0,346,0.056065223407457676
Interactive,IFE,0,347,-0.06450539780478315
Interactive,IFE,0,348,0.3660079954096047
Interactive,IFE,0,349,-0.1565922169599825
Interactive,IFE,0,350,0.05729770704972781
Interactive,IFE,0,351,0.23291023088003027
Interactive,IFE,0,352,0.24175693282959632
Interactive,IFE,0,353,0.4230795254166746
Interactive,IFE,0,354,0.2107303199443601
Interactive,IFE,0,355,0.036343357967109635
Interactive,IFE,0,356,0.2615870914023565
Interactive,IFE,0,357,0.24253927289566146
Interactive,IFE,0,358,-0.18634615014459432
Interactive,IFE,0,359,-0.24573623251475885
Interactive,IFE,0,360,0.17246062581711996
Interactive,IFE,0,361,0.13366894820089437
Interactive,IFE,0,362,0.1742389257946767
Interactive,IFE,0,363,0.2254598128519073
Interactive,IFE,0,364,0.41188291413206235
Interactive,IFE,0,365,-0.0471575223777283
Interactive,IFE,0,366,-0.45088160332444116
Interactive,IFE,0,367,0.18436586992838644
Interactive,IFE,0,368,0.20957610250110326
Interactive,IFE,0,369,0.12522574447878387
Interactive,IFE,0,370,0.12468766338106274
Interactive,IFE,0,371,-0.16037572383324195
Interactive,IFE,0,372,0.06660326729498367
Interactive,IFE,0,373,-0.45344713639756495
Interactive,IFE,0,374,-0.03666556806545118
Interactive,IFE,0,375,0.22237373225318624
Interactive,IFE,0,376,0.05413151841063568
Interactive,IFE,0,377,0.4623673071099188
Interactive,IFE,0,378,0.004416538514303681
Interactive,IFE,0,379,-0.04887269004105288
Interactive,IFE,0,380,-0.4259676702115558
Interactive,IFE,0,381,0.1909630404531829
Interactive,IFE,0,382,0.1647940276606823
Interactive,IFE,0,383,-0.14417551273048745
Interactive,IFE,0,384,-0.6236907703210327
Interactive,IFE,0,385,0.14980973882387771
Interactive,IFE,0,386,0.17129720789794167
Interactive,IFE,0,387,0.17684544066660446
Interactive,IFE,0,388,-0.12473299587667541
Interactive,IFE,0,389,-0.2755987614634301
Interactive,IFE,0,390,0.026685282176853398
Interactive,IFE,0,391,-0.21091424085352684
Interactive,IFE,0,392,0.17325771401757584
Interactive,IFE,0,393,0.1981032833782974
Interactive,IFE,0,394,0.0663897654864023
Interactive,IFE,0,395,-0.0729350850340248
Interactive,IFE,0,396,0.11736851406721638
Interactive,IFE,0,397,0.0709241335329539
Interactive,IFE,0,398,0.06331860242130916
Interactive,IFE,0,399,0.14673231370737916
Interactive,IFE,0,400,0.20666718704163234
Interactive,IFE,0,401,0.12262398575286415
Interactive,IFE,0,402,-0.0318893457280115
Interactive,IFE,0,403,-0.10321726329656189
Interactive,IFE,0,404,0.06507965292405882
Interactive,IFE,0,405,-0.5062491369771682
Interactive,IFE,0,406,-0.4694584030131931
Interactive,IFE,0,407,-0.1630138804896355
Interactive,IFE,0,408,8.260464482742202e-4
Interactive,IFE,0,409,-0.6455813494765333
Interactive,IFE,0,410,-0.4438178778278553
Interactive,IFE,0,411,0.2020483068837644
Interactive,IFE,0,412,0.17500025922807783
Interactive,IFE,0,413,0.1899135454874762
Interactive,IFE,0,414,0.19336387216262074
Interactive,IFE,0,415,-0.022738759307518674
Interactive,IFE,0,416,-0.4250782108548623
Interactive,IFE,0,417,-0.159046599757946
Interactive,IFE,0,418,0.14987603048743925
Interactive,IFE,0,419,0.07725207747602902
Interactive,IFE,0,420,0.41224659585628887
Interactive,IFE,0,421,-0.1656435231060388
Interactive,IFE,0,422,0.15674940054616282
Interactive,IFE,0,423,0.11723416073172754
Interactive,IFE,0,424,-0.4616510116306898
Interactive,IFE,0,425,-0.31405510368194034
Interactive,IFE,0,426,0.14105796120098302
Interactive,IFE,0,427,0.03335719501641199
Interactive,IFE,0,428,0.00258557383365976
Interactive,IFE,0,429,-0.11828201756272949
Interactive,IFE,0,430,0.12143297344720083
Interactive,IFE,0,431,0.28698606969058504
Interactive,IFE,0,432,0.028238757493111666
Interactive,IFE,0,433,0.1911984198543395
Interactive,IFE,0,434,-0.26805625826196433
Interactive,IFE,0,435,0.12935999748220928
Interactive,IFE,0,436,-0.5052520880743683
Interactive,IFE,0,437,0.09900486167382772
Interactive,IFE,0,438,0.07769094931364018
Interactive,IFE,0,439,0.19517267789223158
Interactive,IFE,0,440,0.07580200930034087
Interactive,IFE,0,441,-0.09977965659923782
Interactive,IFE,0,442,-0.16017271717773274
Interactive,IFE,0,443,0.19156211737629913
Interactive,IFE,0,444,-0.20484113779558888
Interactive,IFE,0,445,0.2237432148981482
Interactive,IFE,0,446,-0.03833026689851904
Interactive,IFE,0,447,-0.3260807459019862
Interactive,IFE,0,448,-0.037721403995216285
Interactive,IFE,0,449,-0.07422741961098
Interactive,IFE,0,450,0.16126146461337743
Interactive,IFE,0,451,0.2888611820211514
Interactive,IFE,0,452,0.26900940695618447
Interactive,IFE,0,453,0.22128429665246352
Interactive,IFE,0,454,0.09839652939471255
Interactive,IFE,0,455,0.022671203090518732
Interactive,IFE,0,456,-0.3057205210671743
Interactive,IFE,0,457,-0.7082002756292485
Interactive,IFE,0,458,0.0859214481061138
Interactive,IFE,0,459,0.08258347069176286
Interactive,IFE,0,460,0.1999997959397236
Interactive,IFE,0,461,0.17257865156129848
Interactive,IFE,0,462,-0.1622494427553688
Interactive,IFE,0,463,0.010065906832286031
Interactive,IFE,0,464,-0.23057404820654115
Interactive,IFE,0,465,0.057268660383008596
Interactive,IFE,0,466,0.13716223357996904
Interactive,IFE,0,467,0.035237466667463635
Interactive,IFE,0,468,-0.25202159585116535
Interactive,IFE,0,469,0.18671680742579355
Interactive,IFE,0,470,0.3237942535371229
Interactive,IFE,0,471,0.23008965890674493
Interactive,IFE,0,472,0.016023126529749132
Interactive,IFE,0,473,0.24411737929041222
Interactive,IFE,0,474,0.09726433257834788
Interactive,IFE,0,475,0.16497892871012065
Interactive,IFE,0,476,-0.4330213050322763
Interactive,IFE,0,477,0.03966270562741747
Interactive,IFE,0,478,-0.32452888977025773
Interactive,IFE,0,479,0.21954812311585536
Interactive,IFE,0,480,-0.05541052954827408
Interactive,IFE,0,481,-0.17167346398521743
Interactive,IFE,0,482,0.01647272487871898
Interactive,IFE,0,483,0.0454486855786046
Interactive,IFE,0,484,0.1370952010325156
Interactive,IFE,0,485,-0.024045428500354182
Interactive,IFE,0,486,-0.19228470012378118
Interactive,IFE,0,487,0.08261509435240089
Interactive,IFE,0,488,0.1264070569256498
Interactive,IFE,0,489,0.0076850061559184946
Interactive,IFE,0,490,0.13873461671850207
Interactive,IFE,0,491,0.26008350020672
Interactive,IFE,0,492,0.05546037408011362
Interactive,IFE,0,493,0.12931801479562366
Interactive,IFE,0,494,-0.056919291476720035
Interactive,IFE,0,495,-0.005373574621613586
Interactive,IFE,0,496,0.1500041952353477
Interactive,IFE,0,497,-0.06950045577203845
Interactive,IFE,0,498,-0.04466410618983341
Interactive,IFE,0,499,-0.3262043385061105
Interactive,IFE,0,500,-0.17364094260418717
Interactive,IFE,0,501,0.20925596422242299
Interactive,IFE,0,502,-0.20826346303968257
Interactive,IFE,0,503,-0.1493899101673446
Interactive,IFE,0,504,0.21955849126019678
Interactive,IFE,0,505,-0.3162797786342091
Interactive,IFE,0,506,0.0942518798304105
Interactive,IFE,0,507,-0.039772165419574734
Interactive,IFE,0,508,-0.03189520070636842
Interactive,IFE,0,509,0.2505024852040636
Interactive,IFE,0,510,0.12405602734307697
Interactive,IFE,0,511,-0.17659899319360228
Interactive,IFE,0,512,0.08930208796636552
Interactive,IFE,0,513,-0.7529743049918772
Interactive,IFE,0,514,0.0666603701977404
Interactive,IFE,0,515,0.05073247839478123
Interactive,IFE,0,516,0.061571041223823286
Interactive,IFE,0,517,0.026415245443292434
Interactive,IFE,0,518,0.22225574912318025
Interactive,IFE,0,519,0.1609299397052113
Interactive,IFE,0,520,0.03831556546298842
Interactive,IFE,0,521,-0.44050258090747385
Interactive,IFE,0,522,-0.00795333571753154
Interactive,IFE,0,523,0.027635609020063345
Interactive,IFE,0,524,0.16220332645176672
Interactive,IFE,0,525,-0.14607552908011612
Interactive,IFE,0,526,0.18128053758585028
Interactive,IFE,0,527,0.3856256450481439
Interactive,IFE,0,528,0.15525860426090443
Interactive,IFE,0,529,0.0917121892351267
Interactive,IFE,0,530,0.21644208975610002
Interactive,IFE,0,531,-0.17569248728234954
Interactive,IFE,0,532,-0.3098855745792787
Interactive,IFE,0,533,0.2329844925507144
Interactive,IFE,0,534,0.014756925183227798
Interactive,IFE,0,535,0.269036982195916
Interactive,IFE,0,536,0.17928760249302866
Interactive,IFE,0,537,0.12912511419204942
Interactive,IFE,0,538,0.1797982210050877
Interactive,IFE,0,539,0.039284391684619724
Interactive,IFE,0,540,-0.3762297753911984
Interactive,IFE,0,541,-0.3826995958525242
Interactive,IFE,0,542,-0.04296662914597438
Interactive,IFE,0,543,0.04917063054642734
Interactive,IFE,0,544,0.10658132955575628
Interactive,IFE,0,545,-0.9689581798866913
Interactive,IFE,0,546,0.0763402202609641
Interactive,IFE,0,547,0.41356413757893085
Interactive,IFE,0,548,0.2744416254721155
Interactive,IFE,0,549,-0.22165255943126394
Interactive,IFE,0,550,-0.5478243381825032
Interactive,IFE,0,551,-0.17373567251061617
Interactive,IFE,0,552,0.4378001957979847
Interactive,IFE,0,553,0.2136255581626405
Interactive,IFE,0,554,-0.11516361566982891
Interactive,IFE,0,555,0.004871817034844406
Interactive,IFE,0,556,0.024731102346195355
Interactive,IFE,0,557,-0.23571945507931136
Interactive,IFE,0,558,-0.06204272799784272
Interactive,IFE,0,559,-0.04491584243733837
Interactive,IFE,0,560,-0.2239991678190315
Interactive,IFE,0,561,0.06643372725762875
Interactive,IFE,0,562,0.22216847458551503
Interactive,IFE,0,563,-0.1405392991833584
Interactive,IFE,0,564,0.22791522946957632
Interactive,IFE,0,565,-0.35520304278385706
Interactive,IFE,0,566,0.019139737754551023
Interactive,IFE,0,567,0.22713446859939723
Interactive,IFE,0,568,0.2503338978202051
Interactive,IFE,0,569,0.020426892561637766
Interactive,IFE,0,570,0.2080849657807573
Interactive,IFE,0,571,0.11646171856687215
Interactive,IFE,0,572,0.19656809949315834
Interactive,IFE,0,573,0.054295848243709255
Interactive,IFE,0,574,-0.4165418713143021
Interactive,IFE,0,575,0.047275188995129835
Interactive,IFE,0,576,-0.007590786864378529
Interactive,IFE,0,577,-0.1719254580653815
Interactive,IFE,0,578,0.7350380655460546
Interactive,IFE,0,579,-0.1791535890181134
Interactive,IFE,0,580,0.13955801461401285
Interactive,IFE,0,581,-0.7121088478744838
Interactive,IFE,0,582,0.4859105066653524
Interactive,IFE,0,583,-0.06581084578108831
Interactive,IFE,0,584,-0.1429340713973677
Interactive,IFE,0,585,0.0386916647131853
Interactive,IFE,0,586,-0.012151683737878338
Interactive,IFE,0,587,0.17758214205966416
Interactive,IFE,0,588,-0.43173427129619624
Interactive,IFE,0,589,0.1308176327849052
Interactive,IFE,0,590,-0.7342647965590398
Interactive,IFE,0,591,0.11258809786809221
Interactive,IFE,0,592,0.06782083799249561
Interactive,IFE,0,593,0.1505572354327619
Interactive,IFE,0,594,-0.15410339840700438
Interactive,IFE,0,595,0.2819809691559225
Interactive,IFE,0,596,0.12075801622283644
Interactive,IFE,0,597,0.0964229076828339
Interactive,IFE,0,598,0.4609114357954682
Interactive,IFE,0,599,-0.5054317510208302
Interactive,IFE,0,600,0.16606039391368188
Interactive,IFE,0,601,0.1549872268159791
Interactive,IFE,0,602,0.1188860987407867
Interactive,IFE,0,603,-0.02575925953225866
Interactive,IFE,0,604,0.2709394606521909
Interactive,IFE,0,605,-0.21179768019134781
Interactive,IFE,0,606,0.11042107684727698
Interactive,IFE,0,607,0.034016366157148537
Interactive,IFE,0,608,0.09338518470213075
Interactive,IFE,0,609,-0.03369890916516749
Interactive,IFE,0,610,-0.42692775399885063
Interactive,IFE,0,611,0.031175220653833158
Interactive,IFE,0,612,0.2018206559848137
Interactive,IFE,0,613,-0.028104337498095155
Interactive,IFE,0,614,0.12877749774951508
Interactive,IFE,0,615,0.0492887224099654
Interactive,IFE,0,616,-0.10042461288766424
Interactive,IFE,0,617,0.24295068066357484
Interactive,IFE,0,618,-0.4448437369361077
Interactive,IFE,0,619,0.2696288253570638
Interactive,IFE,0,620,0.010467049861273559
Interactive,IFE,0,621,0.2660160857834051
Interactive,IFE,0,622,0.36764109774608955
Interactive,IFE,0,623,0.09390130213330661
Interactive,IFE,0,624,-0.3705465660335382
Interactive,IFE,0,625,-0.04701346805466089
Interactive,IFE,0,626,0.24816729170920448
Interactive,IFE,0,627,-0.06924382291191578
Interactive,IFE,0,628,0.3257201763328835
Interactive,IFE,0,629,0.028328795309855548
Interactive,IFE,0,630,0.2450193063032874
Interactive,IFE,0,631,0.29751810094118625
Interactive,IFE,0,632,-0.1035310975945527
Interactive,IFE,0,633,-0.050459229491620405
Interactive,IFE,0,634,0.011068170547508083
Interactive,IFE,0,635,0.26298708447138663
Interactive,IFE,0,636,-0.08229509516939248
Interactive,IFE,0,637,0.1141386273148246
Interactive,IFE,0,638,0.16447262903949234
Interactive,IFE,0,639,0.13850552395285998
Interactive,IFE,0,640,0.26013635268621893
Interactive,IFE,0,641,0.08597002699959422
Interactive,IFE,0,642,-0.014495400289876836
Interactive,IFE,0,643,-0.16305312906349756
Interactive,IFE,0,644,0.21649583143011375
Interactive,IFE,0,645,0.07225399706896951
Interactive,IFE,0,646,0.15096516416915529
Interactive,IFE,0,647,0.1947423709074455
Interactive,IFE,0,648,-0.00967198348772158
Interactive,IFE,0,649,0.05512779006059554
Interactive,IFE,0,650,0.08846330840740635
Interactive,IFE,0,651,0.20504335276775054
Interactive,IFE,0,652,-0.5452019762394683
Interactive,IFE,0,653,0.022427175591545834
Interactive,IFE,0,654,0.05040311988385471
Interactive,IFE,0,655,0.220601021142244
Interactive,IFE,0,656,-0.26566995694548456
Interactive,IFE,0,657,-0.04626995230412967
Interactive,IFE,0,658,0.054876983793831435
Interactive,IFE,0,659,-0.18008094996549284
Interactive,IFE,0,660,0.0034499837901351693
Interactive,IFE,0,661,0.26120323754447217
Interactive,IFE,0,662,0.1627800419190456
Interactive,IFE,0,663,0.053356440628422375
Interactive,IFE,0,664,-0.6032049462688709
Interactive,IFE,0,665,0.21931548059013017
Interactive,IFE,0,666,0.0360388662918556
Interactive,IFE,0,667,0.16553276422951557
Interactive,IFE,0,668,0.4653400952912534
Interactive,IFE,0,669,-0.9762255093663985
Interactive,IFE,0,670,-0.5640588081317712
Interactive,IFE,0,671,-0.1450996225737129
Interactive,IFE,0,672,0.19655290991276098
Interactive,IFE,0,673,0.14981330200247944
Interactive,IFE,0,674,0.06512424669053252
Interactive,IFE,0,675,-0.7938563184430262
Interactive,IFE,0,676,0.15582235657981935
Interactive,IFE,0,677,0.14868623938130254
Interactive,IFE,0,678,-0.1928637858357093
Interactive,IFE,0,679,0.011936110630086594
Interactive,IFE,0,680,0.12635691056026432
Interactive,IFE,0,681,0.26224749227754063
Interactive,IFE,0,682,-0.30563721920729925
Interactive,IFE,0,683,0.13594755102874012
Interactive,IFE,0,684,-0.06614004309758481
Interactive,IFE,0,685,0.2080921142541753
Interactive,IFE,0,686,0.02205642268789998
Interactive,IFE,0,687,-0.06021891144759628
Interactive,IFE,0,688,-0.4445702855896485
Interactive,IFE,0,689,-0.2926087015247175
Interactive,IFE,0,690,0.04888321722945743
Interactive,IFE,0,691,0.10235797880731878
Interactive,IFE,0,692,-0.04908735698811306
Interactive,IFE,0,693,0.1982797972282876
Interactive,IFE,0,694,-0.062448105973755275
Interactive,IFE,0,695,0.20927471785056428
Interactive,IFE,0,696,-0.6081564066259986
Interactive,IFE,0,697,0.1207109327835626
Interactive,IFE,0,698,0.19878795928181892
Interactive,IFE,0,699,0.2277031753045594
Interactive,IFE,0,700,0.139193558218484
Interactive,IFE,0,701,0.3244441075702521
Interactive,IFE,0,702,-0.035208535968507926
Interactive,IFE,0,703,0.15567435337552693
Interactive,IFE,0,704,-0.022676673946609105
Interactive,IFE,0,705,-0.08444636711261477
Interactive,IFE,0,706,0.07267205010014455
Interactive,IFE,0,707,0.11574243613019863
Interactive,IFE,0,708,-0.015624405877391556
Interactive,IFE,0,709,0.11396476991701165
Interactive,IFE,0,710,0.03262324932721816
Interactive,IFE,0,711,0.010268965075951653
Interactive,IFE,0,712,0.05408595179004927
Interactive,IFE,0,713,0.05745006081990289
Interactive,IFE,0,714,-0.22847797508477696
Interactive,IFE,0,715,-0.1144439405640375
Interactive,IFE,0,716,0.16471305441292328
Interactive,IFE,0,717,0.25869377915104186
Interactive,IFE,0,718,-0.08578639411031663
Interactive,IFE,0,719,-0.06486395746916607
Interactive,IFE,0,720,-0.049205666891861455
Interactive,IFE,0,721,0.19113984986973787
Interactive,IFE,0,722,-0.018124685823757924
Interactive,IFE,0,723,-0.06070469290198377
Interactive,IFE,0,724,0.1434512130828126
Interactive,IFE,0,725,-0.045444199507085226
Interactive,IFE,0,726,0.32325569889807493
Interactive,IFE,0,727,0.017646544006328257
Interactive,IFE,0,728,0.46745544951664053
Interactive,IFE,0,729,-0.029657124089457865
Interactive,IFE,0,730,0.02101035682181429
Interactive,IFE,0,731,0.4524031345753542
Interactive,IFE,0,732,0.13057250284523092
Interactive,IFE,0,733,0.028619166811459262
Interactive,IFE,0,734,0.26057103393004066
Interactive,IFE,0,735,-0.10032177661729846
Interactive,IFE,0,736,-0.11200329010741228
Interactive,IFE,0,737,0.08745775073255402
Interactive,IFE,0,738,0.2291613711038748
Interactive,IFE,0,739,0.22135600152303458
Interactive,IFE,0,740,-0.7523124635798784
Interactive,IFE,0,741,-9.470561783482268e-4
Interactive,IFE,0,742,0.11885208664553648
Interactive,IFE,0,743,0.06129566498647854
Interactive,IFE,0,744,-0.024260525785031017
Interactive,IFE,0,745,0.07015509429425615
Interactive,IFE,0,746,0.2334054954942536
Interactive,IFE,0,747,-0.02382249965473704
Interactive,IFE,0,748,0.2170165026315155
Interactive,IFE,0,749,-0.3388952565237321
Interactive,IFE,0,750,0.07961884038347133
Interactive,IFE,0,751,-0.2913738266023206
Interactive,IFE,0,752,0.5209636833367984
Interactive,IFE,0,753,0.22341110918430052
Interactive,IFE,0,754,0.09432952574718423
Interactive,IFE,0,755,-0.005289099673971509
Interactive,IFE,0,756,-0.1024095796383927
Interactive,IFE,0,757,0.1442005547076679
Interactive,IFE,0,758,0.21470900481668542
Interactive,IFE,0,759,0.010536298727352067
Interactive,IFE,0,760,-0.32337446777457535
Interactive,IFE,0,761,0.40906620034327523
Interactive,IFE,0,762,-0.21039008058412778
Interactive,IFE,0,763,0.1372688977644675
Interactive,IFE,0,764,-0.3830609349962224
Interactive,IFE,0,765,-0.010114056263178739
Interactive,IFE,0,766,-0.06452321651649218
Interactive,IFE,0,767,-0.008678316637829475
Interactive,IFE,0,768,-0.3216288716915483
Interactive,IFE,0,769,-0.28953218683581206
Interactive,IFE,0,770,-0.32722103205110376
Interactive,IFE,0,771,0.1194166615020048
Interactive,IFE,0,772,0.1606337114811519
Interactive,IFE,0,773,0.10023918996349113
Interactive,IFE,0,774,-0.023108874394071388
Interactive,IFE,0,775,0.3063012021509339
Interactive,IFE,0,776,0.18208485526177087
Interactive,IFE,0,777,0.09809790384610706
Interactive,IFE,0,778,-0.009239347141295484
Interactive,IFE,0,779,0.1878837872875695
Interactive,IFE,0,780,0.1119754355029875
Interactive,IFE,0,781,-0.23184981248688952
Interactive,IFE,0,782,0.062425189782171486
Interactive,IFE,0,783,0.3129214586543789
Interactive,IFE,0,784,0.09754641023432142
Interactive,IFE,0,785,-0.12807231024604526
Interactive,IFE,0,786,0.6581768768012617
Interactive,IFE,0,787,0.26814748412757505
Interactive,IFE,0,788,-0.041700880569808474
Interactive,IFE,0,789,0.1852521732587975
Interactive,IFE,0,790,-0.082571598773449
Interactive,IFE,0,791,-0.4129323369490556
Interactive,IFE,0,792,0.21355255961724073
Interactive,IFE,0,793,0.10137226013704359
Interactive,IFE,0,794,-0.05260704044775255
Interactive,IFE,0,795,8.146409503133611e-4
Interactive,IFE,0,796,0.003025561410859967
Interactive,IFE,0,797,-0.25921248136020514
Interactive,IFE,0,798,0.15451820145249617
Interactive,IFE,0,799,0.0338364773398957
Interactive,IFE,0,800,-0.06333020624648722
Interactive,IFE,0,801,0.054511619943807266
Interactive,IFE,0,802,0.1572731172329963
Interactive,IFE,0,803,-0.4308298707543413
Interactive,IFE,0,804,0.14824170513815293
Interactive,IFE,0,805,-0.20626429622945863
Interactive,IFE,0,806,-0.018027613948374266
Interactive,IFE,0,807,-0.22973302951136976
Interactive,IFE,0,808,-0.05893876541609955
Interactive,IFE,0,809,-0.08477447794708537
Interactive,IFE,0,810,0.007622606602191162
Interactive,IFE,0,811,0.15198223633280428
Interactive,IFE,0,812,0.2964378049710019
Interactive,IFE,0,813,0.2577791213361893
Interactive,IFE,0,814,-0.03135331627364346
Interactive,IFE,0,815,0.08764142030863831
Interactive,IFE,0,816,0.22450692767513558
Interactive,IFE,0,817,0.03529657304815492
Interactive,IFE,0,818,0.14450502264135368
Interactive,IFE,0,819,-0.39102781817629295
Interactive,IFE,0,820,0.27575404272605886
Interactive,IFE,0,821,0.18642322691965896
Interactive,IFE,0,822,0.03981200668304996
Interactive,IFE,0,823,-0.03298921201820526
Interactive,IFE,0,824,0.15018930062773517
Interactive,IFE,0,825,-0.0068453492635616175
Interactive,IFE,0,826,0.1473218680987377
Interactive,IFE,0,827,0.09303500261946707
Interactive,IFE,0,828,0.0435271599668704
Interactive,IFE,0,829,-0.08245105728599045
Interactive,IFE,0,830,0.05257292811929415
Interactive,IFE,0,831,0.04629950008527328
Interactive,IFE,0,832,-0.18131527465808517
Interactive,IFE,0,833,-0.024718708831419134
Interactive,IFE,0,834,-0.11174919901825475
Interactive,IFE,0,835,0.02565549493247543
Interactive,IFE,0,836,-0.23619966292629446
Interactive,IFE,0,837,0.13911574963363227
Interactive,IFE,0,838,-0.004057492240443272
Interactive,IFE,0,839,0.08738544655546443
Interactive,IFE,0,840,0.3398142025981762
Interactive,IFE,0,841,0.49860627384215606
Interactive,IFE,0,842,-0.022730510385684632
Interactive,IFE,0,843,0.3647639010423561
Interactive,IFE,0,844,0.07280984388077971
Interactive,IFE,0,845,-0.7723145492909523
Interactive,IFE,0,846,-0.4137079139968224
Interactive,IFE,0,847,0.11290712358103394
Interactive,IFE,0,848,-0.17742459785565756
Interactive,IFE,0,849,-0.03695194014841141
Interactive,IFE,0,850,-0.007091477297313298
Interactive,IFE,0,851,0.11427946257050192
Interactive,IFE,0,852,-0.36136778352931975
Interactive,IFE,0,853,0.09535130250943247
Interactive,IFE,0,854,0.36062987812340286
Interactive,IFE,0,855,-0.08789874889402671
Interactive,IFE,0,856,0.08821662835708433
Interactive,IFE,0,857,-0.14808278908045414
Interactive,IFE,0,858,0.06374255869731471
Interactive,IFE,0,859,0.06051855917385773
Interactive,IFE,0,860,-0.07201179635492783
Interactive,IFE,0,861,0.0439985117235453
Interactive,IFE,0,862,0.14113820850267011
Interactive,IFE,0,863,-0.028028466996941948
Interactive,IFE,0,864,-0.2615761925842299
Interactive,IFE,0,865,0.3059796790535345
Interactive,IFE,0,866,0.29884306977612984
Interactive,IFE,0,867,-0.42551450869052587
Interactive,IFE,0,868,0.17453294620812565
Interactive,IFE,0,869,0.029293373590022265
Interactive,IFE,0,870,-0.0022977861752077056
Interactive,IFE,0,871,0.17311260764015257
Interactive,IFE,0,872,-0.1666319211642444
Interactive,IFE,0,873,0.12454664258295967
Interactive,IFE,0,874,0.1639560445695447
Interactive,IFE,0,875,0.12905751573857427
Interactive,IFE,0,876,0.0830297683421155
Interactive,IFE,0,877,0.10978409603465733
Interactive,IFE,0,878,0.24899713687960057
Interactive,IFE,0,879,-0.31827637094470485
Interactive,IFE,0,880,0.06749836367346962
Interactive,IFE,0,881,-0.010504600548719156
Interactive,IFE,0,882,0.09582729726027972
Interactive,IFE,0,883,0.5874725975530228
Interactive,IFE,0,884,0.03269201346293926
Interactive,IFE,0,885,0.018640164466631748
Interactive,IFE,0,886,0.018979047782995417
Interactive,IFE,0,887,0.2459953473452683
Interactive,IFE,0,888,0.25507337714362444
Interactive,IFE,0,889,0.16488684456322944
Interactive,IFE,0,890,-0.19925207785975563
Interactive,IFE,0,891,0.2655154511611453
Interactive,IFE,0,892,0.2848872950826731
Interactive,IFE,0,893,0.09786501346105247
Interactive,IFE,0,894,-0.012072875755472223
Interactive,IFE,0,895,0.04002303006792096
Interactive,IFE,0,896,0.3178234386852844
Interactive,IFE,0,897,0.12184401258814404
Interactive,IFE,0,898,0.39474768856554077
Interactive,IFE,0,899,-0.22333805516395444
Interactive,IFE,0,900,-0.3465402744791589
Interactive,IFE,0,901,-0.05550483402446782
Interactive,IFE,0,902,0.0771461949781882
Interactive,IFE,0,903,-0.5672674461790347
Interactive,IFE,0,904,0.035380399458470047
Interactive,IFE,0,905,0.3635654050600696
Interactive,IFE,0,906,-0.011955604907415096
Interactive,IFE,0,907,0.1387263718183248
Interactive,IFE,0,908,0.04725937655550394
Interactive,IFE,0,909,-0.3592786182263794
Interactive,IFE,0,910,0.06236862599626336
Interactive,IFE,0,911,0.09950317900005046
Interactive,IFE,0,912,0.09874452677183132
Interactive,IFE,0,913,0.14193144129942903
Interactive,IFE,0,914,-0.07472532397552645
Interactive,IFE,0,915,0.045580537659500875
Interactive,IFE,0,916,0.10884319617114835
Interactive,IFE,0,917,-0.3815430800220365
Interactive,IFE,0,918,0.16175432687958213
Interactive,IFE,0,919,0.005115644845947065
Interactive,IFE,0,920,-0.4127205315195439
Interactive,IFE,0,921,-0.18790786199475362
Interactive,IFE,0,922,-0.26045207412824767
Interactive,IFE,0,923,0.09264471316566536
Interactive,IFE,0,924,0.2684264740161171
Interactive,IFE,0,925,0.24838837645785083
Interactive,IFE,0,926,-0.012622307810555289
Interactive,IFE,0,927,-0.11632062052826064
Interactive,IFE,0,928,-0.14441920899799976
Interactive,IFE,0,929,-0.003793976614842376
Interactive,IFE,0,930,0.25188909515744207
Interactive,IFE,0,931,0.2297529221011243
Interactive,IFE,0,932,0.09196705325592514
Interactive,IFE,0,933,0.3674405190782568
Interactive,IFE,0,934,0.07887781122612114
Interactive,IFE,0,935,-0.2999077200215978
Interactive,IFE,0,936,0.2592339755981391
Interactive,IFE,0,937,0.33737260020495374
Interactive,IFE,0,938,0.13753972142442894
Interactive,IFE,0,939,-0.07281750495556938
Interactive,IFE,0,940,0.14034484781681966
Interactive,IFE,0,941,-0.148824329428916
Interactive,IFE,0,942,-0.15554793338624984
Interactive,IFE,0,943,0.1246207417266787
Interactive,IFE,0,944,0.10971297552424775
Interactive,IFE,0,945,-0.3383630369616495
Interactive,IFE,0,946,0.2302814798049294
Interactive,IFE,0,947,0.42599568534527066
Interactive,IFE,0,948,-0.3004277121033614
Interactive,IFE,0,949,0.15558613029143697
Interactive,IFE,0,950,-0.1528867933093072
Interactive,IFE,0,951,0.10523687774891854
Interactive,IFE,0,952,0.14444283677384673
Interactive,IFE,0,953,-0.2193980063176587
Interactive,IFE,0,954,0.2836627715424196
Interactive,IFE,0,955,-0.28380289519619994
Interactive,IFE,0,956,-0.05127850181815208
Interactive,IFE,0,957,0.0338160938335601
Interactive,IFE,0,958,-0.32778529850979465
Interactive,IFE,0,959,0.06157165149470212
Interactive,IFE,0,960,-0.015258712249940576
Interactive,IFE,0,961,-0.21340099006033286
Interactive,IFE,0,962,0.003992213576824666
Interactive,IFE,0,963,-1.0080984290649442
Interactive,IFE,0,964,0.1436670887774112
Interactive,IFE,0,965,0.40005456783458826
Interactive,IFE,0,966,0.0494783295983634
Interactive,IFE,0,967,0.11121061845826108
Interactive,IFE,0,968,-0.01615508098491436
Interactive,IFE,0,969,-0.006741656431116905
Interactive,IFE,0,970,0.20222694103184002
Interactive,IFE,0,971,0.1990340088893391
Interactive,IFE,0,972,-0.02028309184189503
Interactive,IFE,0,973,0.1261511220615501
Interactive,IFE,0,974,-0.4708696865297779
Interactive,IFE,0,975,-0.037527338568711155
Interactive,IFE,0,976,-0.10181500041864444
Interactive,IFE,0,977,0.06778052218873964
Interactive,IFE,0,978,-0.054343305072295456
Interactive,IFE,0,979,0.00960591649923681
Interactive,IFE,0,980,-0.16330451066574125
Interactive,IFE,0,981,-0.22443496632290727
Interactive,IFE,0,982,0.1658111085083428
Interactive,IFE,0,983,0.0447041683043472
Interactive,IFE,0,984,0.4278908463022737
Interactive,IFE,0,985,-0.0011918472522030044
Interactive,IFE,0,986,-0.4267656433377215
Interactive,IFE,0,987,-0.08486086051320063
Interactive,IFE,0,988,0.26284439464220766
Interactive,IFE,0,989,-0.019088245781608393
Interactive,IFE,0,990,0.13236035652292344
Interactive,IFE,0,991,0.15221394370324548
Interactive,IFE,0,992,-0.15526028743620657
Interactive,IFE,0,993,0.4766093465747768
Interactive,IFE,0,994,0.23872776204202817
Interactive,IFE,0,995,0.25316423509199626
Interactive,IFE,0,996,-0.03352834555704076
Interactive,IFE,0,997,0.04916337147658889
Interactive,IFE,0,998,-0.030219442502438354
Interactive,IFE,0,999,-0.07901176661302745
Interactive,IFE,0,1000,0.40551344513736765
Interactive,IFE,1,1,0.1967756008656657
Interactive,IFE,1,2,-0.200623630309267
Interactive,IFE,1,3,-0.3057352553964453
Interactive,IFE,1,4,-0.09175847185351571
Interactive,IFE,1,5,-0.023578795917868045
Interactive,IFE,1,6,0.05119453640722238
Interactive,IFE,1,7,-0.3037542974604541
Interactive,IFE,1,8,-0.15548235547580946
Interactive,IFE,1,9,-0.7739175831381819
Interactive,IFE,1,10,0.03430680586006862
Interactive,IFE,1,11,-0.13288009293439063
Interactive,IFE,1,12,-0.2841606914152346
Interactive,IFE,1,13,0.1613743000111696
Interactive,IFE,1,14,0.07211437669523524
Interactive,IFE,1,15,-0.37773026534546583
Interactive,IFE,1,16,-0.633244817146331
Interactive,IFE,1,17,-0.028358142211315607
Interactive,IFE,1,18,0.3840401564675673
Interactive,IFE,1,19,-0.8027905637908352
Interactive,IFE,1,20,0.07073895386473239
Interactive,IFE,1,21,-0.33087389300172965
Interactive,IFE,1,22,0.5706524951931827
Interactive,IFE,1,23,0.3301855976291721
Interactive,IFE,1,24,-0.2410884997559567
Interactive,IFE,1,25,0.08177562920746906
Interactive,IFE,1,26,-0.9381318783045285
Interactive,IFE,1,27,0.108670794731211
Interactive,IFE,1,28,-0.2655236112876732
Interactive,IFE,1,29,-0.6936026780445684
Interactive,IFE,1,30,-0.14640002335128555
Interactive,IFE,1,31,0.035919796955819705
Interactive,IFE,1,32,-0.2788207767641704
Interactive,IFE,1,33,0.2016638146203762
Interactive,IFE,1,34,-0.15253628620249882
Interactive,IFE,1,35,-0.4314928380409726
Interactive,IFE,1,36,0.0902562106133572
Interactive,IFE,1,37,-1.4686955104178736
Interactive,IFE,1,38,-0.19945941936686795
Interactive,IFE,1,39,0.09108272688605334
Interactive,IFE,1,40,-0.33292748294640373
Interactive,IFE,1,41,-0.09206332766203129
Interactive,IFE,1,42,-0.0759641785073355
Interactive,IFE,1,43,0.09699587188253744
Interactive,IFE,1,44,-0.024055290540418883
Interactive,IFE,1,45,-0.03652399477154655
Interactive,IFE,1,46,-0.4062123163321002
Interactive,IFE,1,47,0.061335114182577866
Interactive,IFE,1,48,-1.129620932859698
Interactive,IFE,1,49,-0.28043807126309706
Interactive,IFE,1,50,-0.35731493444231766
Interactive,IFE,1,51,0.3147875416315282
Interactive,IFE,1,52,-0.16920430797998365
Interactive,IFE,1,53,-0.12272836199548265
Interactive,IFE,1,54,-0.21918771027239503
Interactive,IFE,1,55,-0.12291850857513953
Interactive,IFE,1,56,-0.02627877432679049
Interactive,IFE,1,57,-0.1472179589907564
Interactive,IFE,1,58,0.15823409862853088
Interactive,IFE,1,59,0.298134122066649
Interactive,IFE,1,60,-0.13892060064724787
Interactive,IFE,1,61,0.12565729453535068
Interactive,IFE,1,62,0.10757392552298195
Interactive,IFE,1,63,-0.22969283892994874
Interactive,IFE,1,64,0.033152901839915594
Interactive,IFE,1,65,-0.36821374215281677
Interactive,IFE,1,66,0.23711442918841907
Interactive,IFE,1,67,-0.29508858784798375
Interactive,IFE,1,68,0.07171040555569652
Interactive,IFE,1,69,-0.1263723537455852
Interactive,IFE,1,70,-0.20840299594659573
Interactive,IFE,1,71,0.05213283524550738
Interactive,IFE,1,72,-0.04369874236802951
Interactive,IFE,1,73,0.06607895303090683
Interactive,IFE,1,74,-0.6092723531701763
Interactive,IFE,1,75,-0.06722542232963324
Interactive,IFE,1,76,0.34509688501520364
Interactive,IFE,1,77,0.009640822178781816
Interactive,IFE,1,78,0.06893005355037618
Interactive,IFE,1,79,-0.046291481747212426
Interactive,IFE,1,80,-0.150742739462968
Interactive,IFE,1,81,-0.058957773583459105
Interactive,IFE,1,82,-0.014495332177343334
Interactive,IFE,1,83,0.3751273850926159
Interactive,IFE,1,84,-0.14976600640272375
Interactive,IFE,1,85,0.3556245102310275
Interactive,IFE,1,86,-0.03897181550406892
Interactive,IFE,1,87,0.03076258601908488
Interactive,IFE,1,88,0.13549334657347445
Interactive,IFE,1,89,0.19335582608575164
Interactive,IFE,1,90,0.21820702808643844
Interactive,IFE,1,91,0.13706404100815783
Interactive,IFE,1,92,-0.16664313544195364
Interactive,IFE,1,93,0.03754241644072842
Interactive,IFE,1,94,-0.1993590111010496
Interactive,IFE,1,95,-1.1533561364150509
Interactive,IFE,1,96,-0.29390179624549284
Interactive,IFE,1,97,-0.15551348166423973
Interactive,IFE,1,98,0.0915236622572485
Interactive,IFE,1,99,0.14779552628215242
Interactive,IFE,1,100,0.16358438714500267
Interactive,IFE,1,101,0.17990037797184533
Interactive,IFE,1,102,-0.5124651767834666
Interactive,IFE,1,103,-0.02978816255874961
Interactive,IFE,1,104,0.10399640773805452
Interactive,IFE,1,105,-0.5218241181246739
Interactive,IFE,1,106,-0.7606675954398595
Interactive,IFE,1,107,0.3180963242268193
Interactive,IFE,1,108,-0.7563846735181741
Interactive,IFE,1,109,0.13572121607426024
Interactive,IFE,1,110,0.1933813669511889
Interactive,IFE,1,111,0.22008296513619308
Interactive,IFE,1,112,-1.885545776621518
Interactive,IFE,1,113,0.02977878145090751
Interactive,IFE,1,114,-0.10673392393996795
Interactive,IFE,1,115,0.13441358354119215
Interactive,IFE,1,116,-0.0014629311965703717
Interactive,IFE,1,117,0.10120814416933865
Interactive,IFE,1,118,0.32677354210140386
Interactive,IFE,1,119,0.17800519010475913
Interactive,IFE,1,120,-0.16927996106152254
Interactive,IFE,1,121,-0.0789084935196207
Interactive,IFE,1,122,-0.03055686051373574
Interactive,IFE,1,123,0.2963675743195713
Interactive,IFE,1,124,0.06105390430347424
Interactive,IFE,1,125,-0.04739614144508841
Interactive,IFE,1,126,0.16613655979780284
Interactive,IFE,1,127,-0.02735962554957605
Interactive,IFE,1,128,-0.7146502108096411
Interactive,IFE,1,129,0.1148914511420207
Interactive,IFE,1,130,0.20205524401415886
Interactive,IFE,1,131,0.072512541848614
Interactive,IFE,1,132,-0.18499821909156777
Interactive,IFE,1,133,-0.12759943048803446
Interactive,IFE,1,134,-0.2595577227529068
Interactive,IFE,1,135,0.2179819989831433
Interactive,IFE,1,136,0.4907445048785275
Interactive,IFE,1,137,-0.16479545671318208
Interactive,IFE,1,138,-0.251106245134176
Interactive,IFE,1,139,0.09111531953239382
Interactive,IFE,1,140,-0.32532884453479505
Interactive,IFE,1,141,9.17493675745229e-4
Interactive,IFE,1,142,0.1407519906693493
Interactive,IFE,1,143,-0.21256369334232816
Interactive,IFE,1,144,-0.42246927472795315
Interactive,IFE,1,145,-0.01714845311977309
Interactive,IFE,1,146,-0.9886947327884714
Interactive,IFE,1,147,0.29874818235766876
Interactive,IFE,1,148,0.11872639981088062
Interactive,IFE,1,149,0.021376202151789148
Interactive,IFE,1,150,-0.16833688932013502
Interactive,IFE,1,151,0.15430054471327692
Interactive,IFE,1,152,0.06339260106687372
Interactive,IFE,1,153,0.16213429281447456
Interactive,IFE,1,154,-0.013939730904906522
Interactive,IFE,1,155,-0.2731237344664239
Interactive,IFE,1,156,-0.01187328590642811
Interactive,IFE,1,157,2.7849383310929454e-4
Interactive,IFE,1,158,0.09936796082141197
Interactive,IFE,1,159,0.025985307412980996
Interactive,IFE,1,160,-0.41552533400454583
Interactive,IFE,1,161,0.1136535540100928
Interactive,IFE,1,162,-0.20326869767751699
Interactive,IFE,1,163,-0.08664541388608515
Interactive,IFE,1,164,-0.11282078260898798
Interactive,IFE,1,165,0.2288527920177975
Interactive,IFE,1,166,-0.430879271244639
Interactive,IFE,1,167,-0.15015998377026396
Interactive,IFE,1,168,-0.07551480893596263
Interactive,IFE,1,169,-0.21832797607982202
Interactive,IFE,1,170,0.11924175354203714
Interactive,IFE,1,171,0.04983419964906344
Interactive,IFE,1,172,-0.18869694948887838
Interactive,IFE,1,173,0.07550335644767958
Interactive,IFE,1,174,0.12143876444767698
Interactive,IFE,1,175,-0.030711020393109467
Interactive,IFE,1,176,-0.39194231190340534
Interactive,IFE,1,177,0.13149781292154994
Interactive,IFE,1,178,0.09702478424606509
Interactive,IFE,1,179,-0.1512395978428145
Interactive,IFE,1,180,0.14527297302141218
Interactive,IFE,1,181,0.08088792884774865
Interactive,IFE,1,182,-0.06192262121480563
Interactive,IFE,1,183,0.14234770021700904
Interactive,IFE,1,184,-0.010435360211294653
Interactive,IFE,1,185,0.11449565337302148
Interactive,IFE,1,186,0.06143473870880978
Interactive,IFE,1,187,0.0816491104331778
Interactive,IFE,1,188,-0.6617094542922894
Interactive,IFE,1,189,-0.6194822674124532
Interactive,IFE,1,190,0.05141186983436796
Interactive,IFE,1,191,0.09698403111227694
Interactive,IFE,1,192,-0.14379284212217036
Interactive,IFE,1,193,0.13854947536122575
Interactive,IFE,1,194,0.1456909617080595
Interactive,IFE,1,195,0.17005142461531886
Interactive,IFE,1,196,-0.12757004261095006
Interactive,IFE,1,197,-0.12559938390701186
Interactive,IFE,1,198,-0.38123766478013266
Interactive,IFE,1,199,0.440451359910061
Interactive,IFE,1,200,0.06901138448001465
Interactive,IFE,1,201,0.08138008930225948
Interactive,IFE,1,202,-0.22085464112315312
Interactive,IFE,1,203,-0.5993060068213005
Interactive,IFE,1,204,-0.05772189491828961
Interactive,IFE,1,205,0.22260252305755412
Interactive,IFE,1,206,-0.08215505931196077
Interactive,IFE,1,207,-0.16910815433150017
Interactive,IFE,1,208,-0.2709345938711083
Interactive,IFE,1,209,0.018139837322671437
Interactive,IFE,1,210,-0.06622345167742216
Interactive,IFE,1,211,-0.2792100138073631
Interactive,IFE,1,212,-0.08247635476722903
Interactive,IFE,1,213,-0.2920620146462318
Interactive,IFE,1,214,-0.21746194555311293
Interactive,IFE,1,215,-0.00877981790187743
Interactive,IFE,1,216,-0.2779765966555252
Interactive,IFE,1,217,-0.4796800879378832
Interactive,IFE,1,218,0.2797019951885136
Interactive,IFE,1,219,-0.7854777353096571
Interactive,IFE,1,220,0.1737125806873263
Interactive,IFE,1,221,-0.41549237839879605
Interactive,IFE,1,222,0.09465469890158817
Interactive,IFE,1,223,-0.34090951878645215
Interactive,IFE,1,224,-0.5618080863618798
Interactive,IFE,1,225,0.2605814137601522
Interactive,IFE,1,226,0.21277025878209666
Interactive,IFE,1,227,0.06604904030243364
Interactive,IFE,1,228,-0.30493897397366143
Interactive,IFE,1,229,-0.12494975470482672
Interactive,IFE,1,230,0.04658668644374486
Interactive,IFE,1,231,-0.5737601585915552
Interactive,IFE,1,232,0.42892432030122796
Interactive,IFE,1,233,-0.5208029840240638
Interactive,IFE,1,234,-0.24413099400589655
Interactive,IFE,1,235,0.3563393229759225
Interactive,IFE,1,236,-0.2700299348550961
Interactive,IFE,1,237,0.12364063904734734
Interactive,IFE,1,238,-0.16658824425032814
Interactive,IFE,1,239,0.34106027832942043
Interactive,IFE,1,240,0.13542647581540734
Interactive,IFE,1,241,-0.0609728812785757
Interactive,IFE,1,242,-0.3804993109871099
Interactive,IFE,1,243,0.12305229124969175
Interactive,IFE,1,244,-0.07495147679998926
Interactive,IFE,1,245,-0.05267799333982315
Interactive,IFE,1,246,-0.07387812407367611
Interactive,IFE,1,247,-0.044087390780118474
Interactive,IFE,1,248,-0.05460769641691654
Interactive,IFE,1,249,0.020048042942163002
Interactive,IFE,1,250,-0.5327699060798665
Interactive,IFE,1,251,-0.12163501338796268
Interactive,IFE,1,252,-0.38369893186780246
Interactive,IFE,1,253,0.07876492568825633
Interactive,IFE,1,254,0.08613889775980499
Interactive,IFE,1,255,0.03951340621165156
Interactive,IFE,1,256,0.010491171440148772
Interactive,IFE,1,257,-0.49999219630127656
Interactive,IFE,1,258,-0.8128005690230666
Interactive,IFE,1,259,-0.23512325019902003
Interactive,IFE,1,260,0.10329124105252685
Interactive,IFE,1,261,-0.4273241153697709
Interactive,IFE,1,262,-1.158351542178048
Interactive,IFE,1,263,-0.09902496391792082
Interactive,IFE,1,264,-0.20083102519442053
Interactive,IFE,1,265,-0.17853231703446704
Interactive,IFE,1,266,0.7496817626353658
Interactive,IFE,1,267,-0.1838621269091184
Interactive,IFE,1,268,0.24424149598408118
Interactive,IFE,1,269,0.07980407553760616
Interactive,IFE,1,270,0.6127902308188871
Interactive,IFE,1,271,0.06621366394275374
Interactive,IFE,1,272,0.018676328415441867
Interactive,IFE,1,273,-0.04421512609159839
Interactive,IFE,1,274,-0.17346664540321477
Interactive,IFE,1,275,-0.40311517168248434
Interactive,IFE,1,276,-0.14050442645677386
Interactive,IFE,1,277,0.23552288374564456
Interactive,IFE,1,278,0.2446526593017403
Interactive,IFE,1,279,0.056472785539376624
Interactive,IFE,1,280,-0.16036771005248673
Interactive,IFE,1,281,-0.03907044427003914
Interactive,IFE,1,282,0.012974720250820249
Interactive,IFE,1,283,-0.5429149211621194
Interactive,IFE,1,284,0.07999533903646783
Interactive,IFE,1,285,-0.04967046288491073
Interactive,IFE,1,286,-0.2756409917239009
Interactive,IFE,1,287,-0.6704507268544733
Interactive,IFE,1,288,0.32774730411023345
Interactive,IFE,1,289,0.43907963208911327
Interactive,IFE,1,290,0.20320019039676007
Interactive,IFE,1,291,-0.07460777855335354
Interactive,IFE,1,292,0.05283533053728706
Interactive,IFE,1,293,0.14886439174949329
Interactive,IFE,1,294,-0.14719677748750215
Interactive,IFE,1,295,-0.10723222388053222
Interactive,IFE,1,296,-0.06996794609501333
Interactive,IFE,1,297,0.05072698498007111
Interactive,IFE,1,298,0.06530000968074035
Interactive,IFE,1,299,-0.19885823676226633
Interactive,IFE,1,300,-0.08279019650686237
Interactive,IFE,1,301,-0.5009036160558155
Interactive,IFE,1,302,0.333345295162504
Interactive,IFE,1,303,-0.02746747597992749
Interactive,IFE,1,304,0.07460085534704519
Interactive,IFE,1,305,0.07985914620237133
Interactive,IFE,1,306,0.16521891639451236
Interactive,IFE,1,307,-0.20278648887005013
Interactive,IFE,1,308,0.01397565962468228
Interactive,IFE,1,309,0.3575198458276896
Interactive,IFE,1,310,0.013414645555401394
Interactive,IFE,1,311,0.15478566634026159
Interactive,IFE,1,312,-0.18438555735701234
Interactive,IFE,1,313,-0.1724791834468784
Interactive,IFE,1,314,0.02055838082569561
Interactive,IFE,1,315,-0.07545272702275496
Interactive,IFE,1,316,0.010802137176068816
Interactive,IFE,1,317,-0.039240610879573756
Interactive,IFE,1,318,0.4423104490171561
Interactive,IFE,1,319,-0.06430934939625677
Interactive,IFE,1,320,-0.9405263194307997
Interactive,IFE,1,321,0.2928046148945107
Interactive,IFE,1,322,-0.1762411921615662
Interactive,IFE,1,323,-0.24245933488975924
Interactive,IFE,1,324,-0.07051409721115742
Interactive,IFE,1,325,0.2752420148698227
Interactive,IFE,1,326,-1.205879160804998
Interactive,IFE,1,327,0.04756338420973727
Interactive,IFE,1,328,0.018995489922957964
Interactive,IFE,1,329,-0.1276189718645626
Interactive,IFE,1,330,-0.0156948532204646
Interactive,IFE,1,331,0.032178806118866254
Interactive,IFE,1,332,-1.077825118792595
Interactive,IFE,1,333,-0.3699518671077513
Interactive,IFE,1,334,-0.12685664915699024
Interactive,IFE,1,335,-0.008135744884128937
Interactive,IFE,1,336,0.13703267747465497
Interactive,IFE,1,337,0.31990175587520187
Interactive,IFE,1,338,0.11425683399997721
Interactive,IFE,1,339,0.11188229450341014
Interactive,IFE,1,340,0.12670979505886515
Interactive,IFE,1,341,9.159404932437276e-4
Interactive,IFE,1,342,-0.2555609750569193
Interactive,IFE,1,343,-0.0059625041438545745
Interactive,IFE,1,344,-0.43539093440023824
Interactive,IFE,1,345,0.17011090883786384
Interactive,IFE,1,346,0.27319106115972447
Interactive,IFE,1,347,0.10070897122233202
Interactive,IFE,1,348,0.058114265606989624
Interactive,IFE,1,349,-0.39676825725726095
Interactive,IFE,1,350,-0.3422235164160917
Interactive,IFE,1,351,-0.3095123930978134
Interactive,IFE,1,352,-0.2474129119643207
Interactive,IFE,1,353,-0.024963693917529506
Interactive,IFE,1,354,-0.20594719386479166
Interactive,IFE,1,355,-0.03575997596013114
Interactive,IFE,1,356,-1.350826433451822
Interactive,IFE,1,357,0.519501334196286
Interactive,IFE,1,358,0.24472798771288806
Interactive,IFE,1,359,-0.2786750438442951
Interactive,IFE,1,360,-0.37494574366036637
Interactive,IFE,1,361,0.1499053991160717
Interactive,IFE,1,362,-0.3221741864100617
Interactive,IFE,1,363,0.029790809887291547
Interactive,IFE,1,364,0.09314257711862495
Interactive,IFE,1,365,0.1275014156767148
Interactive,IFE,1,366,-0.1559599633479838
Interactive,IFE,1,367,-1.176210022962223
Interactive,IFE,1,368,0.030508725391227176
Interactive,IFE,1,369,-0.2885658472381609
Interactive,IFE,1,370,0.20813454392886221
Interactive,IFE,1,371,0.1934955764223718
Interactive,IFE,1,372,-0.2807355207076263
Interactive,IFE,1,373,0.1212101287509092
Interactive,IFE,1,374,-0.06002165346991073
Interactive,IFE,1,375,-0.022121004814529943
Interactive,IFE,1,376,0.02292005376501849
Interactive,IFE,1,377,-0.5128574157275415
Interactive,IFE,1,378,0.11196309119375214
Interactive,IFE,1,379,0.03115189211348479
Interactive,IFE,1,380,0.09080119755059302
Interactive,IFE,1,381,0.10650013134883662
Interactive,IFE,1,382,-0.467983235118678
Interactive,IFE,1,383,-0.35875286286900476
Interactive,IFE,1,384,0.10197248492679034
Interactive,IFE,1,385,-0.15224134347114981
Interactive,IFE,1,386,0.047493493914026685
Interactive,IFE,1,387,-0.34609567841753586
Interactive,IFE,1,388,-0.08681198591290085
Interactive,IFE,1,389,-0.02756951271692787
Interactive,IFE,1,390,-0.14164870702368015
Interactive,IFE,1,391,-0.6684579815344003
Interactive,IFE,1,392,0.03845823600176801
Interactive,IFE,1,393,0.5073058366918451
Interactive,IFE,1,394,-0.4632784594779925
Interactive,IFE,1,395,0.035684642368929875
Interactive,IFE,1,396,-0.5372395703272874
Interactive,IFE,1,397,0.1428991152720217
Interactive,IFE,1,398,0.004687617028351632
Interactive,IFE,1,399,0.08170519197403403
Interactive,IFE,1,400,-0.050799668459182934
Interactive,IFE,1,401,-0.718318761928133
Interactive,IFE,1,402,-0.11943438321227084
Interactive,IFE,1,403,0.02218328805773495
Interactive,IFE,1,404,-0.7971897168119432
Interactive,IFE,1,405,-0.06913563989666227
Interactive,IFE,1,406,-0.05738538422030581
Interactive,IFE,1,407,-0.07781880972714039
Interactive,IFE,1,408,-0.012958807153207852
Interactive,IFE,1,409,-0.06433569924479687
Interactive,IFE,1,410,-0.3755535498125083
Interactive,IFE,1,411,0.12093861567564379
Interactive,IFE,1,412,0.08746514229742608
Interactive,IFE,1,413,-0.061593120897597387
Interactive,IFE,1,414,0.03685842187080879
Interactive,IFE,1,415,-0.9981344647749071
Interactive,IFE,1,416,-0.13856539368594722
Interactive,IFE,1,417,0.10578054930653669
Interactive,IFE,1,418,-0.3602583820026757
Interactive,IFE,1,419,-0.09558645808239052
Interactive,IFE,1,420,0.08252728712980761
Interactive,IFE,1,421,-0.6091825299635502
Interactive,IFE,1,422,0.14674957176473757
Interactive,IFE,1,423,0.08842896940652001
Interactive,IFE,1,424,0.059384661462672295
Interactive,IFE,1,425,-0.035479150747045995
Interactive,IFE,1,426,-0.18173394834625134
Interactive,IFE,1,427,-0.03416120418310176
Interactive,IFE,1,428,0.17965161373708616
Interactive,IFE,1,429,-0.410737896524648
Interactive,IFE,1,430,0.08621805567872043
Interactive,IFE,1,431,0.07421354961604854
Interactive,IFE,1,432,0.06445241184759243
Interactive,IFE,1,433,-0.01254272686581892
Interactive,IFE,1,434,-0.07702237501295539
Interactive,IFE,1,435,0.06872870525335584
Interactive,IFE,1,436,0.19002390898978216
Interactive,IFE,1,437,0.2070248117629554
Interactive,IFE,1,438,0.05436195811654787
Interactive,IFE,1,439,0.1810303780127004
Interactive,IFE,1,440,0.14590956648483377
Interactive,IFE,1,441,-0.10087419410376453
Interactive,IFE,1,442,-0.36816445900276307
Interactive,IFE,1,443,-0.043192208031989865
Interactive,IFE,1,444,-0.12069723705979385
Interactive,IFE,1,445,-0.2576833108154055
Interactive,IFE,1,446,-0.16113371621093686
Interactive,IFE,1,447,0.2928686535039232
Interactive,IFE,1,448,0.13804666213697903
Interactive,IFE,1,449,0.2047082981553544
Interactive,IFE,1,450,0.7324289426677872
Interactive,IFE,1,451,-0.1509011028192686
Interactive,IFE,1,452,0.05059556433715473
Interactive,IFE,1,453,-0.07746746377159852
Interactive,IFE,1,454,-0.239762514761104
Interactive,IFE,1,455,0.3827657892541605
Interactive,IFE,1,456,-0.4490458707499998
Interactive,IFE,1,457,-0.11364194644551195
Interactive,IFE,1,458,0.07342186244317428
Interactive,IFE,1,459,-0.31997866445871115
Interactive,IFE,1,460,-0.06435600007160402
Interactive,IFE,1,461,0.11274957169211997
Interactive,IFE,1,462,-0.5509782535979375
Interactive,IFE,1,463,0.27351227677878265
Interactive,IFE,1,464,-1.2087124896805719
Interactive,IFE,1,465,-0.28353026440350304
Interactive,IFE,1,466,-0.014915401394131944
Interactive,IFE,1,467,0.04645338227440898
Interactive,IFE,1,468,-0.7684800109906245
Interactive,IFE,1,469,-1.1629278173630924
Interactive,IFE,1,470,-0.5250991296559154
Interactive,IFE,1,471,-0.12673220305977095
Interactive,IFE,1,472,0.09741441269090856
Interactive,IFE,1,473,0.0679324775017851
Interactive,IFE,1,474,0.054190417773561705
Interactive,IFE,1,475,-0.054911597671781553
Interactive,IFE,1,476,-0.503814299782371
Interactive,IFE,1,477,-0.23649561082149617
Interactive,IFE,1,478,-0.8440473081631116
Interactive,IFE,1,479,-0.09996820361105219
Interactive,IFE,1,480,-0.18538770256138948
Interactive,IFE,1,481,-0.03755681584182158
Interactive,IFE,1,482,-0.644392557746877
Interactive,IFE,1,483,0.02624569557263401
Interactive,IFE,1,484,0.1847304379536574
Interactive,IFE,1,485,-0.18470104934828746
Interactive,IFE,1,486,0.22244365526139298
Interactive,IFE,1,487,-0.44559152068259333
Interactive,IFE,1,488,-0.21042951664934695
Interactive,IFE,1,489,-0.47913742719689756
Interactive,IFE,1,490,0.24605342902466265
Interactive,IFE,1,491,-0.12488709673799636
Interactive,IFE,1,492,-0.15361162930770345
Interactive,IFE,1,493,0.1741567843846401
Interactive,IFE,1,494,-0.04649882027464747
Interactive,IFE,1,495,-0.2611393425296845
Interactive,IFE,1,496,-0.25704242392131804
Interactive,IFE,1,497,0.06796491708250774
Interactive,IFE,1,498,0.23632032452838492
Interactive,IFE,1,499,0.005170570798773477
Interactive,IFE,1,500,0.015727052801722707
Interactive,IFE,1,501,0.22648369469867835
Interactive,IFE,1,502,0.1039509232304201
Interactive,IFE,1,503,0.18074844586826566
Interactive,IFE,1,504,-0.27574858147207404
Interactive,IFE,1,505,-0.01568586715006437
Interactive,IFE,1,506,0.09555470857048232
Interactive,IFE,1,507,-1.2098719650187084
Interactive,IFE,1,508,-0.12847148715012224
Interactive,IFE,1,509,0.13853661935914108
Interactive,IFE,1,510,-0.5406904781468445
Interactive,IFE,1,511,0.06049530532274827
Interactive,IFE,1,512,-0.12656710700488805
Interactive,IFE,1,513,0.14959418942936553
Interactive,IFE,1,514,0.14115587310038857
Interactive,IFE,1,515,-0.13483867457924026
Interactive,IFE,1,516,0.03910247984775628
Interactive,IFE,1,517,0.05774892495907247
Interactive,IFE,1,518,0.34209338041387427
Interactive,IFE,1,519,-0.14772327217676884
Interactive,IFE,1,520,0.05967458176285467
Interactive,IFE,1,521,0.0902088357061065
Interactive,IFE,1,522,-0.019682731544888088
Interactive,IFE,1,523,-1.0782388020565017
Interactive,IFE,1,524,-0.7785580473494409
Interactive,IFE,1,525,0.18591376131500936
Interactive,IFE,1,526,-0.40346926004858896
Interactive,IFE,1,527,0.13559715692307361
Interactive,IFE,1,528,-0.7193946496520787
Interactive,IFE,1,529,-0.1804433670282155
Interactive,IFE,1,530,-0.024467604352813366
Interactive,IFE,1,531,-0.03504121504072899
Interactive,IFE,1,532,-0.6067100895113313
Interactive,IFE,1,533,0.044015870049204486
Interactive,IFE,1,534,-0.24386462204139892
Interactive,IFE,1,535,-0.36191460262353414
Interactive,IFE,1,536,-0.8095681592227756
Interactive,IFE,1,537,-0.3185432342636493
Interactive,IFE,1,538,-0.23370091026658624
Interactive,IFE,1,539,0.44992909216123045
Interactive,IFE,1,540,-0.2226444645142942
Interactive,IFE,1,541,-0.12901719624355157
Interactive,IFE,1,542,0.10966605194699186
Interactive,IFE,1,543,-0.5785454999098048
Interactive,IFE,1,544,-0.32901649297065005
Interactive,IFE,1,545,0.19614958246995629
Interactive,IFE,1,546,-0.20554194177300178
Interactive,IFE,1,547,0.5008076511502156
Interactive,IFE,1,548,0.1797805318724338
Interactive,IFE,1,549,-0.7800168792256343
Interactive,IFE,1,550,-0.15238965272853922
Interactive,IFE,1,551,2.380672264721273e-4
Interactive,IFE,1,552,-0.01903286732802456
Interactive,IFE,1,553,0.18408216640083863
Interactive,IFE,1,554,0.06153206825422508
Interactive,IFE,1,555,-1.282916782436982
Interactive,IFE,1,556,0.07155442615739194
Interactive,IFE,1,557,0.07402262740777288
Interactive,IFE,1,558,0.01585937388422376
Interactive,IFE,1,559,0.45351096718748807
Interactive,IFE,1,560,-0.03550031184599722
Interactive,IFE,1,561,0.13684183253741988
Interactive,IFE,1,562,0.0946930803574012
Interactive,IFE,1,563,0.31749529043164726
Interactive,IFE,1,564,-0.08118891398175887
Interactive,IFE,1,565,-0.3984793555837123
Interactive,IFE,1,566,-0.07930581340708165
Interactive,IFE,1,567,-0.8078042152922484
Interactive,IFE,1,568,0.18960037341874114
Interactive,IFE,1,569,-0.048555367254382586
Interactive,IFE,1,570,-0.6658131232301566
Interactive,IFE,1,571,-0.02519055649189561
Interactive,IFE,1,572,-0.08405298230343183
Interactive,IFE,1,573,-0.29526225069505263
Interactive,IFE,1,574,-0.3464089487323244
Interactive,IFE,1,575,-0.5217855078717217
Interactive,IFE,1,576,-0.03928263628336559
Interactive,IFE,1,577,-0.05433973631535094
Interactive,IFE,1,578,-0.1221364435314537
Interactive,IFE,1,579,0.013746303971133855
Interactive,IFE,1,580,0.06480033214461722
Interactive,IFE,1,581,-0.2144464726036024
Interactive,IFE,1,582,-0.15196017261578065
Interactive,IFE,1,583,-0.156370448883555
Interactive,IFE,1,584,-0.7224893779656247
Interactive,IFE,1,585,0.28591697695765184
Interactive,IFE,1,586,-0.04861669308177785
Interactive,IFE,1,587,-0.18348367652822462
Interactive,IFE,1,588,0.06833178698649112
Interactive,IFE,1,589,-0.09518992429497675
Interactive,IFE,1,590,0.2092036757292456
Interactive,IFE,1,591,-0.29567354202243135
Interactive,IFE,1,592,-0.033630727065946275
Interactive,IFE,1,593,-0.27390473030837403
Interactive,IFE,1,594,-0.1411070831876765
Interactive,IFE,1,595,0.22571019357023991
Interactive,IFE,1,596,0.0994187611239079
Interactive,IFE,1,597,-0.2500243483778547
Interactive,IFE,1,598,-0.12685497494778342
Interactive,IFE,1,599,-0.3670895924860541
Interactive,IFE,1,600,-0.39867613095193644
Interactive,IFE,1,601,-0.12263895360269284
Interactive,IFE,1,602,0.11152599011328213
Interactive,IFE,1,603,0.004930507602580958
Interactive,IFE,1,604,-0.04014237554094402
Interactive,IFE,1,605,-0.0697929729034148
Interactive,IFE,1,606,0.05529620119431988
Interactive,IFE,1,607,0.04467497803338649
Interactive,IFE,1,608,0.02913930794433406
Interactive,IFE,1,609,-2.9059524435214508
Interactive,IFE,1,610,0.200416481938278
Interactive,IFE,1,611,-0.35378511993195183
Interactive,IFE,1,612,0.058001041129951636
Interactive,IFE,1,613,0.026942548674078193
Interactive,IFE,1,614,0.17182689826801034
Interactive,IFE,1,615,0.12619260871322335
Interactive,IFE,1,616,0.17123215988791796
Interactive,IFE,1,617,-0.057508938326593095
Interactive,IFE,1,618,-0.26941388913193964
Interactive,IFE,1,619,-0.20161883057249752
Interactive,IFE,1,620,-0.1965066856870462
Interactive,IFE,1,621,-0.28195957029353247
Interactive,IFE,1,622,0.3902548015221494
Interactive,IFE,1,623,0.09384832157452039
Interactive,IFE,1,624,0.2917828557295671
Interactive,IFE,1,625,-0.5019463130226417
Interactive,IFE,1,626,0.1494977178712732
Interactive,IFE,1,627,0.12957713079401
Interactive,IFE,1,628,0.07761653065283569
Interactive,IFE,1,629,-0.015841023576920965
Interactive,IFE,1,630,0.029637817469267524
Interactive,IFE,1,631,-1.3171611937382295
Interactive,IFE,1,632,-0.10219121755465621
Interactive,IFE,1,633,0.0374203098587349
Interactive,IFE,1,634,-0.08001935824091155
Interactive,IFE,1,635,0.014301845457072915
Interactive,IFE,1,636,-0.04784300710846623
Interactive,IFE,1,637,-0.27211792459565387
Interactive,IFE,1,638,0.11096323788005646
Interactive,IFE,1,639,-0.3314875643980747
Interactive,IFE,1,640,0.6828554891087811
Interactive,IFE,1,641,-0.06553911590031758
Interactive,IFE,1,642,0.03448010784594735
Interactive,IFE,1,643,-1.136712195674836
Interactive,IFE,1,644,-0.032451967264987225
Interactive,IFE,1,645,0.09414578581805089
Interactive,IFE,1,646,0.15257452223426415
Interactive,IFE,1,647,-0.8272589263998203
Interactive,IFE,1,648,-0.0795218073429137
Interactive,IFE,1,649,0.0845273358820583
Interactive,IFE,1,650,-0.09524884048232962
Interactive,IFE,1,651,-0.553544745470895
Interactive,IFE,1,652,-0.026426828979417505
Interactive,IFE,1,653,-0.129590250778718
Interactive,IFE,1,654,0.07230615958306519
Interactive,IFE,1,655,0.20784475579800243
Interactive,IFE,1,656,0.017129020842912457
Interactive,IFE,1,657,-0.11856258308227197
Interactive,IFE,1,658,-0.038865202768913365
Interactive,IFE,1,659,-0.12652594838020448
Interactive,IFE,1,660,-0.28394412033230476
Interactive,IFE,1,661,0.022746352232294487
Interactive,IFE,1,662,-0.08901434547686382
Interactive,IFE,1,663,-0.8957382527469905
Interactive,IFE,1,664,0.1319540850911689
Interactive,IFE,1,665,0.1019137726675925
Interactive,IFE,1,666,-0.010742524071694737
Interactive,IFE,1,667,-0.1295606638688419
Interactive,IFE,1,668,-1.119453316594524
Interactive,IFE,1,669,-0.24883893078288633
Interactive,IFE,1,670,-3.061491053249234
Interactive,IFE,1,671,0.01945558596483421
Interactive,IFE,1,672,-0.45252486324250496
Interactive,IFE,1,673,-0.12776900915784706
Interactive,IFE,1,674,0.20234843706962224
Interactive,IFE,1,675,-0.46824385785373634
Interactive,IFE,1,676,-0.4782610313290798
Interactive,IFE,1,677,0.06073281121471319
Interactive,IFE,1,678,-0.37490109111202086
Interactive,IFE,1,679,0.3627351960740892
Interactive,IFE,1,680,-0.2470522933584538
Interactive,IFE,1,681,-0.5489146297817985
Interactive,IFE,1,682,0.0039065391684379724
Interactive,IFE,1,683,-0.031649868262651815
Interactive,IFE,1,684,-0.1602778420243175
Interactive,IFE,1,685,-0.012987739706121326
Interactive,IFE,1,686,0.4752182107101489
Interactive,IFE,1,687,-0.23863550380240683
Interactive,IFE,1,688,0.004791786909858042
Interactive,IFE,1,689,0.2089982008102137
Interactive,IFE,1,690,0.08077100463196119
Interactive,IFE,1,691,0.09808040400509599
Interactive,IFE,1,692,0.1278073378922251
Interactive,IFE,1,693,0.12621668398388453
Interactive,IFE,1,694,-0.09365577878249742
Interactive,IFE,1,695,0.015232579864224327
Interactive,IFE,1,696,-0.01594423754617147
Interactive,IFE,1,697,-0.3562696986554402
Interactive,IFE,1,698,0.09875473913265287
Interactive,IFE,1,699,-0.07882919160753288
Interactive,IFE,1,700,0.012450351134922322
Interactive,IFE,1,701,0.07096123875809379
Interactive,IFE,1,702,-0.5621158508464215
Interactive,IFE,1,703,0.038027410682322516
Interactive,IFE,1,704,-0.3542121419623915
Interactive,IFE,1,705,-0.04321978787710368
Interactive,IFE,1,706,0.08370484520958144
Interactive,IFE,1,707,0.14886902871991192
Interactive,IFE,1,708,-0.1986530437861056
Interactive,IFE,1,709,0.0904286634413558
Interactive,IFE,1,710,-0.5207820146099044
Interactive,IFE,1,711,0.3050686607685239
Interactive,IFE,1,712,-0.002796975639167476
Interactive,IFE,1,713,-0.018953152892605574
Interactive,IFE,1,714,0.11502895416409942
Interactive,IFE,1,715,0.06500595607546189
Interactive,IFE,1,716,-0.141508274882586
Interactive,IFE,1,717,-0.1758239997389095
Interactive,IFE,1,718,-0.08648764527807107
Interactive,IFE,1,719,-0.20420091322211342
Interactive,IFE,1,720,-0.1778791958472914
Interactive,IFE,1,721,0.05937097915307121
Interactive,IFE,1,722,0.04318871673566593
Interactive,IFE,1,723,-0.20668338112450635
Interactive,IFE,1,724,-0.5750399641926207
Interactive,IFE,1,725,-0.6712865784907353
Interactive,IFE,1,726,-0.02746488783631551
Interactive,IFE,1,727,-0.19670514315297072
Interactive,IFE,1,728,-0.18576832094436158
Interactive,IFE,1,729,0.029021759723930618
Interactive,IFE,1,730,-0.18693970628892687
Interactive,IFE,1,731,0.01808250140242984
Interactive,IFE,1,732,0.005965810639803948
Interactive,IFE,1,733,0.03166539784460065
Interactive,IFE,1,734,-0.07655009737943774
Interactive,IFE,1,735,-0.06442471753270007
Interactive,IFE,1,736,-0.24998729429845123
Interactive,IFE,1,737,0.11989992038022346
Interactive,IFE,1,738,0.16417906320687825
Interactive,IFE,1,739,-0.2786243972712046
Interactive,IFE,1,740,0.17242630128930836
Interactive,IFE,1,741,-0.03457090897965476
Interactive,IFE,1,742,-0.025643657654565333
Interactive,IFE,1,743,0.32051278673043637
Interactive,IFE,1,744,0.036350170446086794
Interactive,IFE,1,745,0.2016976636516824
Interactive,IFE,1,746,0.020498114410378077
Interactive,IFE,1,747,0.022694962929546536
Interactive,IFE,1,748,0.11957675939663515
Interactive,IFE,1,749,-0.21446269601326007
Interactive,IFE,1,750,-0.2162336321897229
Interactive,IFE,1,751,0.23719709650313792
Interactive,IFE,1,752,0.02326552098135437
Interactive,IFE,1,753,-0.06203529850843581
Interactive,IFE,1,754,-0.21328371730907658
Interactive,IFE,1,755,-0.48471402555174314
Interactive,IFE,1,756,-0.1652152488516967
Interactive,IFE,1,757,-0.17495016376435468
Interactive,IFE,1,758,0.06166466769442536
Interactive,IFE,1,759,-0.8373881291388068
Interactive,IFE,1,760,-0.13779932863941524
Interactive,IFE,1,761,0.03535412857890141
Interactive,IFE,1,762,0.30033821293288065
Interactive,IFE,1,763,-0.023555439268479583
Interactive,IFE,1,764,-0.13256898785710491
Interactive,IFE,1,765,-0.0017701407567634053
Interactive,IFE,1,766,0.3150615857318464
Interactive,IFE,1,767,0.10619674738424123
Interactive,IFE,1,768,0.06053380404159736
Interactive,IFE,1,769,-0.10043840661878556
Interactive,IFE,1,770,-0.15585416970369959
Interactive,IFE,1,771,-0.049384648108578455
Interactive,IFE,1,772,-0.2288565095560784
Interactive,IFE,1,773,0.018916996967261346
Interactive,IFE,1,774,-0.1261360770703781
Interactive,IFE,1,775,-0.1407425157398745
Interactive,IFE,1,776,-0.4652516433435757
Interactive,IFE,1,777,-0.04730348569296727
Interactive,IFE,1,778,-0.17416522795758882
Interactive,IFE,1,779,0.020207976751836387
Interactive,IFE,1,780,-0.07561955508287455
Interactive,IFE,1,781,-0.09245480360031011
Interactive,IFE,1,782,-0.13790345168178708
Interactive,IFE,1,783,-0.07837126589563681
Interactive,IFE,1,784,0.23047889749629757
Interactive,IFE,1,785,-0.9046014267386224
Interactive,IFE,1,786,0.07293912543316161
Interactive,IFE,1,787,0.07713776124824478
Interactive,IFE,1,788,0.07295560701883819
Interactive,IFE,1,789,-0.4644227363000457
Interactive,IFE,1,790,0.0421710773343289
Interactive,IFE,1,791,0.11431406021996948
Interactive,IFE,1,792,-0.07711389681305847
Interactive,IFE,1,793,0.12392216951760004
Interactive,IFE,1,794,-0.20687207758305082
Interactive,IFE,1,795,-0.06541234929257012
Interactive,IFE,1,796,-0.6821152171678608
Interactive,IFE,1,797,0.2738486593735132
Interactive,IFE,1,798,0.19515678373985912
Interactive,IFE,1,799,0.061605974393305174
Interactive,IFE,1,800,-0.12225296763388538
Interactive,IFE,1,801,-0.06735921810285794
Interactive,IFE,1,802,0.2608624897654953
Interactive,IFE,1,803,-0.23795059827613774
Interactive,IFE,1,804,0.0069282357020427066
Interactive,IFE,1,805,-0.10186233761454422
Interactive,IFE,1,806,-0.08452196446050952
Interactive,IFE,1,807,-0.35279307389504844
Interactive,IFE,1,808,-0.4604517951902166
Interactive,IFE,1,809,0.033104497811829
Interactive,IFE,1,810,-0.7084763917943816
Interactive,IFE,1,811,0.062493528120645014
Interactive,IFE,1,812,-0.07661263641363569
Interactive,IFE,1,813,-0.1018659308755111
Interactive,IFE,1,814,-0.1651728020322346
Interactive,IFE,1,815,0.045442249780496935
Interactive,IFE,1,816,-0.028019063988174553
Interactive,IFE,1,817,-0.1412343384555692
Interactive,IFE,1,818,0.10514631058810675
Interactive,IFE,1,819,-0.741330075973047
Interactive,IFE,1,820,0.13619324575817204
Interactive,IFE,1,821,0.11844178102121006
Interactive,IFE,1,822,0.14596841852563391
Interactive,IFE,1,823,-0.8119379546368195
Interactive,IFE,1,824,-0.015887266957180235
Interactive,IFE,1,825,0.4272077227715473
Interactive,IFE,1,826,0.023001229818178204
Interactive,IFE,1,827,0.059644535159858125
Interactive,IFE,1,828,0.024884624013862267
Interactive,IFE,1,829,0.14300952114080867
Interactive,IFE,1,830,-0.2664037885290028
Interactive,IFE,1,831,-0.011012874320598387
Interactive,IFE,1,832,0.4444819240513418
Interactive,IFE,1,833,-0.14677311642299473
Interactive,IFE,1,834,-0.22197070039085243
Interactive,IFE,1,835,-0.1935684829789457
Interactive,IFE,1,836,-0.1384717643416532
Interactive,IFE,1,837,-0.20605201241387194
Interactive,IFE,1,838,-0.042272900900010346
Interactive,IFE,1,839,-0.2221817905750899
Interactive,IFE,1,840,0.12480934449459757
Interactive,IFE,1,841,-0.2544032701297705
Interactive,IFE,1,842,0.26480387650659676
Interactive,IFE,1,843,0.08140672777513436
Interactive,IFE,1,844,-1.0725856639204556
Interactive,IFE,1,845,0.1197561336562093
Interactive,IFE,1,846,-0.5799244554460655
Interactive,IFE,1,847,-0.15494496288005966
Interactive,IFE,1,848,-0.40869535883872976
Interactive,IFE,1,849,-0.013820212184855851
Interactive,IFE,1,850,0.17138479684799723
Interactive,IFE,1,851,-0.06491017588543113
Interactive,IFE,1,852,0.5287622405556166
Interactive,IFE,1,853,0.39284588036347157
Interactive,IFE,1,854,-0.05480303165462952
Interactive,IFE,1,855,0.345073452983645
Interactive,IFE,1,856,0.10889006487991881
Interactive,IFE,1,857,-0.1860993245482534
Interactive,IFE,1,858,0.06861028764256005
Interactive,IFE,1,859,-0.3874460020408169
Interactive,IFE,1,860,0.030252697640804627
Interactive,IFE,1,861,-0.06983605370481993
Interactive,IFE,1,862,-0.047764563496200174
Interactive,IFE,1,863,-0.5497767931034803
Interactive,IFE,1,864,-0.11210350968840399
Interactive,IFE,1,865,-0.3052832477376436
Interactive,IFE,1,866,-0.18172461055685185
Interactive,IFE,1,867,0.20978491824364265
Interactive,IFE,1,868,-0.14794133051223168
Interactive,IFE,1,869,-0.09198210436518506
Interactive,IFE,1,870,-0.10834797302872601
Interactive,IFE,1,871,0.14426664077321016
Interactive,IFE,1,872,-0.19215706845278147
Interactive,IFE,1,873,0.03463167331437389
Interactive,IFE,1,874,-1.2717350950518678
Interactive,IFE,1,875,0.030369783644995207
Interactive,IFE,1,876,0.41141783617311223
Interactive,IFE,1,877,0.20495537518864926
Interactive,IFE,1,878,0.19652291775243014
Interactive,IFE,1,879,-0.4851559265947498
Interactive,IFE,1,880,5.895065903140928e-4
Interactive,IFE,1,881,-0.08487252440285209
Interactive,IFE,1,882,0.31652312424144236
Interactive,IFE,1,883,-0.09203193522556319
Interactive,IFE,1,884,0.06342437709260962
Interactive,IFE,1,885,0.1416203454895426
Interactive,IFE,1,886,-0.06355182036596685
Interactive,IFE,1,887,0.20726605568944134
Interactive,IFE,1,888,0.08960838182531217
Interactive,IFE,1,889,-0.05851535764823257
Interactive,IFE,1,890,0.19227686706364955
Interactive,IFE,1,891,-0.26814155391755556
Interactive,IFE,1,892,0.20463356134417499
Interactive,IFE,1,893,0.13418025025009028
Interactive,IFE,1,894,-0.3004580264026029
Interactive,IFE,1,895,0.11820143563533714
Interactive,IFE,1,896,0.11003167324347518
Interactive,IFE,1,897,0.09680249526615858
Interactive,IFE,1,898,0.10892263372889055
Interactive,IFE,1,899,-0.3062323143071696
Interactive,IFE,1,900,-0.8542838568137671
Interactive,IFE,1,901,0.07794653639298488
Interactive,IFE,1,902,-0.167506168281089
Interactive,IFE,1,903,-0.13044137420077528
Interactive,IFE,1,904,-0.030406896261497285
Interactive,IFE,1,905,0.3689828108856511
Interactive,IFE,1,906,-0.17076025710891996
Interactive,IFE,1,907,-0.525835385800096
Interactive,IFE,1,908,0.052210108773368846
Interactive,IFE,1,909,-1.8840829235923569
Interactive,IFE,1,910,0.03447035461498604
Interactive,IFE,1,911,-0.4482380569655764
Interactive,IFE,1,912,0.4621860670550666
Interactive,IFE,1,913,-0.39537836935069703
Interactive,IFE,1,914,0.32765164745482156
Interactive,IFE,1,915,0.15687360696911534
Interactive,IFE,1,916,0.005261102866315204
Interactive,IFE,1,917,-0.1560341962010795
Interactive,IFE,1,918,-0.1444862551318732
Interactive,IFE,1,919,0.234111862926504
Interactive,IFE,1,920,0.011325696687108477
Interactive,IFE,1,921,0.08169881148634794
Interactive,IFE,1,922,-1.0994072663804513
Interactive,IFE,1,923,-0.46102729237836215
Interactive,IFE,1,924,-0.33486141908301514
Interactive,IFE,1,925,-0.31773178435786564
Interactive,IFE,1,926,-0.5840253247236481
Interactive,IFE,1,927,-0.23241500489378275
Interactive,IFE,1,928,-1.076875027349553
Interactive,IFE,1,929,-0.11805209501428304
Interactive,IFE,1,930,0.13257240038750662
Interactive,IFE,1,931,0.459441300308561
Interactive,IFE,1,932,0.02695419335617133
Interactive,IFE,1,933,0.0875487844052194
Interactive,IFE,1,934,0.22779086961327466
Interactive,IFE,1,935,-0.6312842072283332
Interactive,IFE,1,936,-0.12425972454072198
Interactive,IFE,1,937,0.08093541905807689
Interactive,IFE,1,938,-0.1048826174605908
Interactive,IFE,1,939,0.12666965313348744
Interactive,IFE,1,940,0.021321362858575443
Interactive,IFE,1,941,-0.16479532513348738
Interactive,IFE,1,942,0.17677689114386974
Interactive,IFE,1,943,-0.2959605078327511
Interactive,IFE,1,944,0.08598947792809952
Interactive,IFE,1,945,0.14373324163755974
Interactive,IFE,1,946,-0.6948384026771766
Interactive,IFE,1,947,-0.09661355911086178
Interactive,IFE,1,948,-0.14390599495674805
Interactive,IFE,1,949,0.18284808960771437
Interactive,IFE,1,950,0.21950884211957222
Interactive,IFE,1,951,-0.047724962033753204
Interactive,IFE,1,952,0.12816295647278209
Interactive,IFE,1,953,0.19406991621591307
Interactive,IFE,1,954,0.4226877795789066
Interactive,IFE,1,955,-0.2071485783923276
Interactive,IFE,1,956,-0.13457522242015318
Interactive,IFE,1,957,-0.05082246771786614
Interactive,IFE,1,958,-0.32180165825125506
Interactive,IFE,1,959,0.11060864878055987
Interactive,IFE,1,960,-0.13459635910599532
Interactive,IFE,1,961,0.031088035961718385
Interactive,IFE,1,962,0.2353142490415624
Interactive,IFE,1,963,-0.7746640870407709
Interactive,IFE,1,964,0.1474257252277288
Interactive,IFE,1,965,-0.170279409296883
Interactive,IFE,1,966,-0.17418071421282866
Interactive,IFE,1,967,-0.12424618299990764
Interactive,IFE,1,968,-0.18398343035335774
Interactive,IFE,1,969,0.07485943769624637
Interactive,IFE,1,970,-0.7798150019804712
Interactive,IFE,1,971,0.14891268294727034
Interactive,IFE,1,972,0.07400425891982987
Interactive,IFE,1,973,-0.35568494079335955
Interactive,IFE,1,974,0.09297783126352821
Interactive,IFE,1,975,-0.6988651707980025
Interactive,IFE,1,976,0.0327456780978691
Interactive,IFE,1,977,-0.05772754688321735
Interactive,IFE,1,978,-0.15092437325198604
Interactive,IFE,1,979,0.11288499086529358
Interactive,IFE,1,980,0.051778438033633245
Interactive,IFE,1,981,0.0536856695238741
Interactive,IFE,1,982,-0.1830574998290927
Interactive,IFE,1,983,0.04351534165861237
Interactive,IFE,1,984,0.3320905573127787
Interactive,IFE,1,985,-0.054840698647832364
Interactive,IFE,1,986,-0.42588850146970014
Interactive,IFE,1,987,-0.2997706737447742
Interactive,IFE,1,988,-1.6492562052359916
Interactive,IFE,1,989,0.24193159107292384
Interactive,IFE,1,990,-0.027593154966499167
Interactive,IFE,1,991,-0.4497600392191464
Interactive,IFE,1,992,-0.49181431431999445
Interactive,IFE,1,993,-1.6271904168693931
Interactive,IFE,1,994,0.43919568597844694
Interactive,IFE,1,995,0.11388686399879289
Interactive,IFE,1,996,-0.4271035092256391
Interactive,IFE,1,997,0.05239075159687201
Interactive,IFE,1,998,-0.09321428231435447
Interactive,IFE,1,999,-0.034166780270531216
Interactive,IFE,1,1000,0.11724163741972593
Interactive,IFE,2,1,-0.5438831014121288
Interactive,IFE,2,2,-0.4165614136345458
Interactive,IFE,2,3,-0.32605817383533175
Interactive,IFE,2,4,-0.17930554613000782
Interactive,IFE,2,5,-1.4214605401939426
Interactive,IFE,2,6,-2.3318904734204464
Interactive,IFE,2,7,-0.4259866567740087
Interactive,IFE,2,8,-1.4240378423613689
Interactive,IFE,2,9,-1.4285175976636277
Interactive,IFE,2,10,-2.8930981983807174
Interactive,IFE,2,11,-1.5717831199577998
Interactive,IFE,2,12,-2.286428239184273
Interactive,IFE,2,13,-2.9772438883178003
Interactive,IFE,2,14,-0.1965902027847738
Interactive,IFE,2,15,-0.12294577798439144
Interactive,IFE,2,16,-0.16914742077261236
Interactive,IFE,2,17,-3.0242264361716407
Interactive,IFE,2,18,-2.163083005186478
Interactive,IFE,2,19,0.06749953878937265
Interactive,IFE,2,20,-0.03228947028861828
Interactive,IFE,2,21,-0.06963359605786368
Interactive,IFE,2,22,0.015228519394465234
Interactive,IFE,2,23,-0.8723293151275057
Interactive,IFE,2,24,-5.241602775049186
Interactive,IFE,2,25,-0.7260222775505164
Interactive,IFE,2,26,-0.9957756085589828
Interactive,IFE,2,27,-0.9123222923580286
Interactive,IFE,2,28,-0.4015578397584044
Interactive,IFE,2,29,-0.2380135436716695
Interactive,IFE,2,30,-1.4729952175427794
Interactive,IFE,2,31,-0.6771839470983373
Interactive,IFE,2,32,-0.06545329478648221
Interactive,IFE,2,33,-0.3847322836726239
Interactive,IFE,2,34,-0.14530405175314443
Interactive,IFE,2,35,-0.32180426097223036
Interactive,IFE,2,36,-0.796590055134505
Interactive,IFE,2,37,-0.5666012602133206
Interactive,IFE,2,38,-0.3470997522605862
Interactive,IFE,2,39,-0.5716321845019136
Interactive,IFE,2,40,-1.5794857848539472
Interactive,IFE,2,41,-0.3932786913884959
Interactive,IFE,2,42,-1.4455780669123117
Interactive,IFE,2,43,-0.6688018807837972
Interactive,IFE,2,44,-1.4865725007931543
Interactive,IFE,2,45,-0.8620419409687173
Interactive,IFE,2,46,-0.3738719635667721
Interactive,IFE,2,47,-0.5154352739213519
Interactive,IFE,2,48,-0.23603293367715372
Interactive,IFE,2,49,-1.7898370087806588
Interactive,IFE,2,50,-0.033170124915418375
Interactive,IFE,2,51,-0.8671811621676913
Interactive,IFE,2,52,-3.5078118482506415
Interactive,IFE,2,53,-1.6395127409419337
Interactive,IFE,2,54,-1.1802834769177326
Interactive,IFE,2,55,-0.47065165878078563
Interactive,IFE,2,56,-2.15656097455769
Interactive,IFE,2,57,-0.250359216382788
Interactive,IFE,2,58,-0.44683802042388776
Interactive,IFE,2,59,-1.0654099096888359
Interactive,IFE,2,60,-1.2618345228325358
Interactive,IFE,2,61,-1.0598365307029893
Interactive,IFE,2,62,-1.1225036448254495
Interactive,IFE,2,63,-2.5477903913168563
Interactive,IFE,2,64,-0.5846357007146865
Interactive,IFE,2,65,0.20490147859087293
Interactive,IFE,2,66,-0.2998377243596395
Interactive,IFE,2,67,-0.5506032408740742
Interactive,IFE,2,68,-1.4987148685770384
Interactive,IFE,2,69,-3.900417639398813
Interactive,IFE,2,70,-0.15398839479829518
Interactive,IFE,2,71,-2.161887852835757
Interactive,IFE,2,72,-2.1876035672927605
Interactive,IFE,2,73,-1.6810295626379572
Interactive,IFE,2,74,0.027997836080077665
Interactive,IFE,2,75,-1.9704886942974285
Interactive,IFE,2,76,-0.5720209111532973
Interactive,IFE,2,77,-1.7092575337030969
Interactive,IFE,2,78,0.1583777891121374
Interactive,IFE,2,79,-0.8291663656717162
Interactive,IFE,2,80,-6.432483596730327
Interactive,IFE,2,81,-0.25034921526742326
Interactive,IFE,2,82,-1.3169513788050424
Interactive,IFE,2,83,-0.5506267791665077
Interactive,IFE,2,84,-0.5077999002099262
Interactive,IFE,2,85,-1.4518403105673152
Interactive,IFE,2,86,-1.0222226429748078
Interactive,IFE,2,87,-1.4683991853732319
Interactive,IFE,2,88,-0.28156583833935844
Interactive,IFE,2,89,-0.24529135715078798
Interactive,IFE,2,90,-0.6559629463340751
Interactive,IFE,2,91,-0.6545790621755407
Interactive,IFE,2,92,-0.30202820191165347
Interactive,IFE,2,93,-0.3855284838694353
Interactive,IFE,2,94,-0.1949657365431242
Interactive,IFE,2,95,-1.0036450880226053
Interactive,IFE,2,96,-0.7381071116354561
Interactive,IFE,2,97,0.11070565895436435
Interactive,IFE,2,98,-1.4590587825650045
Interactive,IFE,2,99,-0.13822041114249728
Interactive,IFE,2,100,-1.8023139275006574
Interactive,IFE,2,101,-0.44866523175416206
Interactive,IFE,2,102,-3.8610238766429976
Interactive,IFE,2,103,0.08438562442777109
Interactive,IFE,2,104,0.0316609752385586
Interactive,IFE,2,105,-0.5114264450776626
Interactive,IFE,2,106,-0.19274522239333125
Interactive,IFE,2,107,-0.2028785413053461
Interactive,IFE,2,108,-0.2738765376890565
Interactive,IFE,2,109,-1.8522917125422595
Interactive,IFE,2,110,-0.06250844725110061
Interactive,IFE,2,111,-1.1044655882348797
Interactive,IFE,2,112,-0.6340677020673822
Interactive,IFE,2,113,-0.21933295036452405
Interactive,IFE,2,114,-0.5124480064748423
Interactive,IFE,2,115,-1.4366432225724544
Interactive,IFE,2,116,-0.4046458266057915
Interactive,IFE,2,117,-0.4716653241230041
Interactive,IFE,2,118,-0.9426336895208647
Interactive,IFE,2,119,-0.4517933786665095
Interactive,IFE,2,120,-1.3323972336747858
Interactive,IFE,2,121,-0.16926068342438128
Interactive,IFE,2,122,-1.139001956291609
Interactive,IFE,2,123,-0.22018487275703846
Interactive,IFE,2,124,-0.9293848311476831
Interactive,IFE,2,125,-3.2324218671021088
Interactive,IFE,2,126,-0.3425707271287035
Interactive,IFE,2,127,-0.1458041844040866
Interactive,IFE,2,128,-0.36569872281411686
Interactive,IFE,2,129,-0.5429695158012997
Interactive,IFE,2,130,-0.5885990872424784
Interactive,IFE,2,131,-0.07742738209016076
Interactive,IFE,2,132,-0.35677642224875683
Interactive,IFE,2,133,-0.6598510831432548
Interactive,IFE,2,134,-0.3530149318768757
Interactive,IFE,2,135,-0.8364101627482886
Interactive,IFE,2,136,-2.306706212098451
Interactive,IFE,2,137,-1.712921923355593
Interactive,IFE,2,138,0.23135258776730183
Interactive,IFE,2,139,-1.781478068448381
Interactive,IFE,2,140,-0.48050037982277527
Interactive,IFE,2,141,-0.06509269509538651
Interactive,IFE,2,142,-4.057138226703929
Interactive,IFE,2,143,-0.3370928256393535
Interactive,IFE,2,144,-0.2518992096048729
Interactive,IFE,2,145,-0.15204047742133875
Interactive,IFE,2,146,-0.05954743885148406
Interactive,IFE,2,147,-0.7999349361972797
Interactive,IFE,2,148,-0.8977678221062733
Interactive,IFE,2,149,-0.8787611236112258
Interactive,IFE,2,150,-0.22292163408395704
Interactive,IFE,2,151,-0.4412963426263191
Interactive,IFE,2,152,-0.7414959066036841
Interactive,IFE,2,153,-0.18866154751303865
Interactive,IFE,2,154,0.4259712035362446
Interactive,IFE,2,155,-1.1535402776381218
Interactive,IFE,2,156,-1.9329503440654376
Interactive,IFE,2,157,-1.3264721997556097
Interactive,IFE,2,158,-0.15338031386285178
Interactive,IFE,2,159,-1.5315593315831393
Interactive,IFE,2,160,-0.09767434623154658
Interactive,IFE,2,161,-0.7004886673798123
Interactive,IFE,2,162,-0.22344675205751374
Interactive,IFE,2,163,-0.7374236271220793
Interactive,IFE,2,164,-1.3200288618010803
Interactive,IFE,2,165,-0.4359175988564996
Interactive,IFE,2,166,-0.17199819523092108
Interactive,IFE,2,167,-0.4214596819329144
Interactive,IFE,2,168,-0.15863454223088447
Interactive,IFE,2,169,-0.1675995112907649
Interactive,IFE,2,170,-0.5585527311866916
Interactive,IFE,2,171,-0.6173701379973658
Interactive,IFE,2,172,-0.040171878157721164
Interactive,IFE,2,173,-0.4407828466842908
Interactive,IFE,2,174,-0.029465659735411598
Interactive,IFE,2,175,-0.3200325160272688
Interactive,IFE,2,176,-0.32644056281601486
Interactive,IFE,2,177,-0.3298228745188999
Interactive,IFE,2,178,-0.08812842400839782
Interactive,IFE,2,179,0.07921419480814618
Interactive,IFE,2,180,-2.407231243537575
Interactive,IFE,2,181,-0.1791707456245838
Interactive,IFE,2,182,-0.2429065240262921
Interactive,IFE,2,183,-1.00994053387728
Interactive,IFE,2,184,-0.17545502434645566
Interactive,IFE,2,185,-0.8213588436552581
Interactive,IFE,2,186,0.04959838482943513
Interactive,IFE,2,187,-0.24775020647876245
Interactive,IFE,2,188,-1.6145019061059123
Interactive,IFE,2,189,-0.27249768327731627
Interactive,IFE,2,190,-0.41568059393247236
Interactive,IFE,2,191,-1.0726952756954216
Interactive,IFE,2,192,-0.24210238522406313
Interactive,IFE,2,193,-0.0912332313425499
Interactive,IFE,2,194,-0.36264964105374786
Interactive,IFE,2,195,0.005327891793488138
Interactive,IFE,2,196,-0.38313032835098415
Interactive,IFE,2,197,-2.266715767584778
Interactive,IFE,2,198,-3.5171744819686324
Interactive,IFE,2,199,-1.1004734900131905
Interactive,IFE,2,200,0.03868676501269741
Interactive,IFE,2,201,-0.6944579097380221
Interactive,IFE,2,202,-1.3595499581579387
Interactive,IFE,2,203,-1.2178500457734143
Interactive,IFE,2,204,-1.0556933457453148
Interactive,IFE,2,205,-1.0654092092502425
Interactive,IFE,2,206,-0.711337222653945
Interactive,IFE,2,207,-0.5285218385498838
Interactive,IFE,2,208,-0.13143330548210208
Interactive,IFE,2,209,-0.5809567512476523
Interactive,IFE,2,210,-1.1592800993989947
Interactive,IFE,2,211,-0.3672140790223084
Interactive,IFE,2,212,-2.862839229572792
Interactive,IFE,2,213,-0.4650189777508906
Interactive,IFE,2,214,-1.071324182753421
Interactive,IFE,2,215,-3.1368056441338266
Interactive,IFE,2,216,-0.16920630833529593
Interactive,IFE,2,217,-1.3110105983950078
Interactive,IFE,2,218,-0.5048962725118737
Interactive,IFE,2,219,-0.5433444933087374
Interactive,IFE,2,220,-0.5343505666918993
Interactive,IFE,2,221,-0.21796650416313468
Interactive,IFE,2,222,-3.3235279509093654
Interactive,IFE,2,223,-1.387720510796432
Interactive,IFE,2,224,-0.8556717050007792
Interactive,IFE,2,225,-1.1435606094389767
Interactive,IFE,2,226,-1.876668584325792
Interactive,IFE,2,227,-0.3769421797916487
Interactive,IFE,2,228,-0.5882962268045044
Interactive,IFE,2,229,-0.46454084630995596
Interactive,IFE,2,230,-0.03574439640429006
Interactive,IFE,2,231,0.1935044533723811
Interactive,IFE,2,232,-0.15543561006348094
Interactive,IFE,2,233,-0.06682357072135281
Interactive,IFE,2,234,-0.4364170029722463
Interactive,IFE,2,235,-0.8727274767153679
Interactive,IFE,2,236,-0.5548302523406649
Interactive,IFE,2,237,-3.876192529491894
Interactive,IFE,2,238,-3.918929599461674
Interactive,IFE,2,239,-0.3699572474012718
Interactive,IFE,2,240,-1.23245631209512
Interactive,IFE,2,241,-2.824730585677377
Interactive,IFE,2,242,-0.05212955356846327
Interactive,IFE,2,243,-1.470524417386304
Interactive,IFE,2,244,-0.9725167069738704
Interactive,IFE,2,245,-2.8180588394141663
Interactive,IFE,2,246,0.5807316748074656
Interactive,IFE,2,247,-1.664025319034255
Interactive,IFE,2,248,-0.9112786447731152
Interactive,IFE,2,249,-0.8045300803852826
Interactive,IFE,2,250,-0.3155096970774808
Interactive,IFE,2,251,-0.6603321466204009
Interactive,IFE,2,252,-0.35086522281462007
Interactive,IFE,2,253,-2.3014960028556097
Interactive,IFE,2,254,-0.2805508200889433
Interactive,IFE,2,255,-0.08886578633814801
Interactive,IFE,2,256,-3.117663996500278
Interactive,IFE,2,257,-0.5275482292389728
Interactive,IFE,2,258,-0.835893353211866
Interactive,IFE,2,259,-1.6120671433328375
Interactive,IFE,2,260,-1.2542976048215837
Interactive,IFE,2,261,-1.6149910817763695
Interactive,IFE,2,262,0.02359013036210611
Interactive,IFE,2,263,-0.1890430259890109
Interactive,IFE,2,264,0.016844201856130447
Interactive,IFE,2,265,-8.987456760392822
Interactive,IFE,2,266,-0.5343011785711151
Interactive,IFE,2,267,-4.036442880265182
Interactive,IFE,2,268,-0.22821188361955602
Interactive,IFE,2,269,-0.43504753918551387
Interactive,IFE,2,270,-1.5062965842402012
Interactive,IFE,2,271,-2.1122856560256595
Interactive,IFE,2,272,-0.8603606645818931
Interactive,IFE,2,273,-4.489430079459346
Interactive,IFE,2,274,-0.8880905706539085
Interactive,IFE,2,275,-1.37279821927778
Interactive,IFE,2,276,-0.6048289033534839
Interactive,IFE,2,277,-0.30498996892682584
Interactive,IFE,2,278,-0.5625925584516358
Interactive,IFE,2,279,-0.18347332664464555
Interactive,IFE,2,280,-0.6010104929622746
Interactive,IFE,2,281,-1.188482817197609
Interactive,IFE,2,282,0.11264455771844628
Interactive,IFE,2,283,0.08928663141832616
Interactive,IFE,2,284,-0.8173650810579737
Interactive,IFE,2,285,-0.5789033964824739
Interactive,IFE,2,286,-0.09520936251011092
Interactive,IFE,2,287,-0.1805156131375083
Interactive,IFE,2,288,-0.57097136658923
Interactive,IFE,2,289,-0.9530594339646876
Interactive,IFE,2,290,-1.278275670832516
Interactive,IFE,2,291,-1.3765431077629773
Interactive,IFE,2,292,-1.115767044571947
Interactive,IFE,2,293,-0.006866734937385877
Interactive,IFE,2,294,-1.2820352179466128
Interactive,IFE,2,295,0.023017643246565855
Interactive,IFE,2,296,-0.2834379735213276
Interactive,IFE,2,297,-0.25757090324905696
Interactive,IFE,2,298,-0.04601968961686642
Interactive,IFE,2,299,-0.15721868828391627
Interactive,IFE,2,300,-0.20202612090566285
Interactive,IFE,2,301,-0.5932308713727135
Interactive,IFE,2,302,-1.7632127312628474
Interactive,IFE,2,303,-2.0987775641118542
Interactive,IFE,2,304,-4.166901582657254
Interactive,IFE,2,305,-0.17686218366432926
Interactive,IFE,2,306,-7.974798175030787
Interactive,IFE,2,307,-0.4814810762853047
Interactive,IFE,2,308,0.1663434367333433
Interactive,IFE,2,309,-1.3629258615091506
Interactive,IFE,2,310,-0.7446522263605969
Interactive,IFE,2,311,-0.3187992123614326
Interactive,IFE,2,312,-0.11905710696492244
Interactive,IFE,2,313,-6.005556621304529
Interactive,IFE,2,314,-0.9133268747925216
Interactive,IFE,2,315,-0.2733452699514304
Interactive,IFE,2,316,-1.5160283238502188
Interactive,IFE,2,317,-0.241987563357286
Interactive,IFE,2,318,-0.37800508867095284
Interactive,IFE,2,319,-3.224410048764431
Interactive,IFE,2,320,-0.6142878655242636
Interactive,IFE,2,321,-3.50417059402332
Interactive,IFE,2,322,0.043156818220756676
Interactive,IFE,2,323,-0.3186462520940725
Interactive,IFE,2,324,0.037610608924749545
Interactive,IFE,2,325,-0.3454076249489132
Interactive,IFE,2,326,-0.9280047491073459
Interactive,IFE,2,327,-0.21522521132187122
Interactive,IFE,2,328,-2.1935365853815334
Interactive,IFE,2,329,0.0261927345774553
Interactive,IFE,2,330,-1.2560391196407679
Interactive,IFE,2,331,-1.6501989816745009
Interactive,IFE,2,332,-0.08694098781600756
Interactive,IFE,2,333,-1.23287314234837
Interactive,IFE,2,334,-3.493344675745961
Interactive,IFE,2,335,0.04124778560326403
Interactive,IFE,2,336,-0.7206321161787645
Interactive,IFE,2,337,-2.654188082329336
Interactive,IFE,2,338,-0.7860069583224465
Interactive,IFE,2,339,-1.0742875647187171
Interactive,IFE,2,340,-0.6752549932185306
Interactive,IFE,2,341,-2.365964247534595
Interactive,IFE,2,342,-3.355977235583378
Interactive,IFE,2,343,-2.195632226294239
Interactive,IFE,2,344,-3.3814163997841566
Interactive,IFE,2,345,-1.9411536149515782
Interactive,IFE,2,346,-1.5584803975757862
Interactive,IFE,2,347,0.14078774195470345
Interactive,IFE,2,348,-0.10784669677369929
Interactive,IFE,2,349,-0.4154228245563242
Interactive,IFE,2,350,-0.3270142648871762
Interactive,IFE,2,351,-2.183731649431322
Interactive,IFE,2,352,-6.64297565172245
Interactive,IFE,2,353,-0.2198273961616216
Interactive,IFE,2,354,-1.5272171653607378
Interactive,IFE,2,355,-3.1863281859064565
Interactive,IFE,2,356,-1.3045199249524664
Interactive,IFE,2,357,-1.726646697907849
Interactive,IFE,2,358,-2.668233339021805
Interactive,IFE,2,359,-3.6444188537593667
Interactive,IFE,2,360,-1.2200212483399122
Interactive,IFE,2,361,-0.259844095596512
Interactive,IFE,2,362,-2.737099438969596
Interactive,IFE,2,363,-1.6224389340902299
Interactive,IFE,2,364,-3.1543812705986656
Interactive,IFE,2,365,-1.1864424822551656
Interactive,IFE,2,366,-1.4894580880056787
Interactive,IFE,2,367,-0.2337426525889429
Interactive,IFE,2,368,-1.4373182468916808
Interactive,IFE,2,369,-0.6427331327420311
Interactive,IFE,2,370,-0.3823222223955298
Interactive,IFE,2,371,-0.28689228858255555
Interactive,IFE,2,372,-0.20366950541514417
Interactive,IFE,2,373,0.03967115164264412
Interactive,IFE,2,374,-0.6885899171683597
Interactive,IFE,2,375,-1.0164452062818792
Interactive,IFE,2,376,-0.274549415232746
Interactive,IFE,2,377,-0.30925030386973174
Interactive,IFE,2,378,-1.043147748025842
Interactive,IFE,2,379,-0.19882480298530247
Interactive,IFE,2,380,-1.7138934753859054
Interactive,IFE,2,381,-0.2983734285527835
Interactive,IFE,2,382,-0.4886507668500113
Interactive,IFE,2,383,-1.0065759355121813
Interactive,IFE,2,384,-0.1334091122228135
Interactive,IFE,2,385,-0.6092980642229332
Interactive,IFE,2,386,-0.3994295441761414
Interactive,IFE,2,387,-0.2445393179270834
Interactive,IFE,2,388,-1.6451626384648432
Interactive,IFE,2,389,-2.636531620419908
Interactive,IFE,2,390,-2.8015470712160777
Interactive,IFE,2,391,-0.6173731978387564
Interactive,IFE,2,392,-0.6387156163302485
Interactive,IFE,2,393,-0.5031570875205231
Interactive,IFE,2,394,-0.507984952543782
Interactive,IFE,2,395,-0.28523619255500565
Interactive,IFE,2,396,-1.6222984044007087
Interactive,IFE,2,397,-0.14424153339365775
Interactive,IFE,2,398,-0.19549112907792543
Interactive,IFE,2,399,-0.6882368573564077
Interactive,IFE,2,400,-1.660742314581389
Interactive,IFE,2,401,-0.6300895351511168
Interactive,IFE,2,402,-0.16319136615785956
Interactive,IFE,2,403,-15.134449572119724
Interactive,IFE,2,404,-1.4317101724547199
Interactive,IFE,2,405,-1.4165644927867245
Interactive,IFE,2,406,-1.6794481646457728
Interactive,IFE,2,407,-6.682612211312555
Interactive,IFE,2,408,-1.7156562275192513
Interactive,IFE,2,409,-2.1990468498838096
Interactive,IFE,2,410,-0.036168838133531334
Interactive,IFE,2,411,-3.520487887532129
Interactive,IFE,2,412,-0.5149369726424112
Interactive,IFE,2,413,-0.22723932265141733
Interactive,IFE,2,414,-0.5320178699347163
Interactive,IFE,2,415,-1.1541386662054696
Interactive,IFE,2,416,-4.224260081325722
Interactive,IFE,2,417,0.1682708631658414
Interactive,IFE,2,418,-1.0358693691768837
Interactive,IFE,2,419,-2.0106201998856448
Interactive,IFE,2,420,0.09244963011968643
Interactive,IFE,2,421,-0.330289945368649
Interactive,IFE,2,422,-2.422930386643056
Interactive,IFE,2,423,0.26204959761956936
Interactive,IFE,2,424,-1.844459681892563
Interactive,IFE,2,425,-0.3715111142226165
Interactive,IFE,2,426,-2.550492327863286
Interactive,IFE,2,427,-1.3684029747123265
Interactive,IFE,2,428,-3.410698119661225
Interactive,IFE,2,429,-2.3967207857677266
Interactive,IFE,2,430,-1.6321219229883315
Interactive,IFE,2,431,-1.5204667401831498
Interactive,IFE,2,432,-0.38834563104349396
Interactive,IFE,2,433,-1.2469808313171815
Interactive,IFE,2,434,-0.5728622631665282
Interactive,IFE,2,435,-0.21684929275445852
Interactive,IFE,2,436,-0.8291850795729467
Interactive,IFE,2,437,-1.864532667070565
Interactive,IFE,2,438,-0.7787897636094496
Interactive,IFE,2,439,-0.35152057357655275
Interactive,IFE,2,440,-0.943381816710424
Interactive,IFE,2,441,-5.483779487153344
Interactive,IFE,2,442,-0.9699528170834246
Interactive,IFE,2,443,-1.1219973946387105
Interactive,IFE,2,444,-0.8098245128063697
Interactive,IFE,2,445,-0.6120013862409207
Interactive,IFE,2,446,-0.6792536617811296
Interactive,IFE,2,447,-0.371306540805429
Interactive,IFE,2,448,-1.6237257721557385
Interactive,IFE,2,449,0.04862379507205905
Interactive,IFE,2,450,-3.406762739697239
Interactive,IFE,2,451,-2.913945199563261
Interactive,IFE,2,452,-0.02757756018017743
Interactive,IFE,2,453,-1.8108805257475686
Interactive,IFE,2,454,-7.5883931646943275
Interactive,IFE,2,455,-0.019763613718224993
Interactive,IFE,2,456,-0.07272846984259917
Interactive,IFE,2,457,-0.19807308958514003
Interactive,IFE,2,458,-1.9075746529766122
Interactive,IFE,2,459,-0.3100732870611824
Interactive,IFE,2,460,-2.348332604489914
Interactive,IFE,2,461,-1.545795231613676
Interactive,IFE,2,462,-0.08551581726719804
Interactive,IFE,2,463,-2.4319519063607444
Interactive,IFE,2,464,-0.261636438580763
Interactive,IFE,2,465,-1.588316330559537
Interactive,IFE,2,466,-18.230968862895093
Interactive,IFE,2,467,-0.2928598263543285
Interactive,IFE,2,468,-0.12652756065272086
Interactive,IFE,2,469,-0.41398119062569705
Interactive,IFE,2,470,-0.42859184383909943
Interactive,IFE,2,471,-3.8852332298066004
Interactive,IFE,2,472,-0.43547556812033306
Interactive,IFE,2,473,-0.043731070472852074
Interactive,IFE,2,474,-1.6877606377091134
Interactive,IFE,2,475,-0.1013552958710019
Interactive,IFE,2,476,-0.35797153275663696
Interactive,IFE,2,477,-3.494371116698671
Interactive,IFE,2,478,-0.19090669191174037
Interactive,IFE,2,479,-0.9706850821536857
Interactive,IFE,2,480,-0.19839605551257822
Interactive,IFE,2,481,-1.4491419929373204
Interactive,IFE,2,482,-3.4791314233113417
Interactive,IFE,2,483,-0.0639361223105035
Interactive,IFE,2,484,-0.06797498786714407
Interactive,IFE,2,485,-0.8199742547494332
Interactive,IFE,2,486,-1.303517633028351
Interactive,IFE,2,487,-13.856384012248744
Interactive,IFE,2,488,-0.3142114649193424
Interactive,IFE,2,489,-1.1512275242620813
Interactive,IFE,2,490,-0.37095051324598693
Interactive,IFE,2,491,0.26608237658811307
Interactive,IFE,2,492,-1.5925879240743406
Interactive,IFE,2,493,-0.4080897748591369
Interactive,IFE,2,494,-0.9497754074267208
Interactive,IFE,2,495,-0.8047030250203828
Interactive,IFE,2,496,-0.014557309869121071
Interactive,IFE,2,497,-0.2522186937372738
Interactive,IFE,2,498,-0.3451587068914368
Interactive,IFE,2,499,-0.3408620873123476
Interactive,IFE,2,500,-0.30853486388367635
Interactive,IFE,2,501,-0.5727561640327464
Interactive,IFE,2,502,-0.5447190846092661
Interactive,IFE,2,503,0.19773428132281834
Interactive,IFE,2,504,-0.6528347610221641
Interactive,IFE,2,505,-1.3595530842513934
Interactive,IFE,2,506,-0.23443864880897713
Interactive,IFE,2,507,-3.1161507492644582
Interactive,IFE,2,508,-0.8184371234161737
Interactive,IFE,2,509,-1.4926968372663447
Interactive,IFE,2,510,0.06625855583221252
Interactive,IFE,2,511,-2.03944894259176
Interactive,IFE,2,512,-0.667345520461774
Interactive,IFE,2,513,-1.496277254506708
Interactive,IFE,2,514,-1.310047394268035
Interactive,IFE,2,515,-0.09957474883673312
Interactive,IFE,2,516,-0.4274133237584222
Interactive,IFE,2,517,-0.5218215264355293
Interactive,IFE,2,518,-0.4518220679037229
Interactive,IFE,2,519,-0.35883905727230025
Interactive,IFE,2,520,-1.1051854627617446
Interactive,IFE,2,521,-0.4786094664971059
Interactive,IFE,2,522,-7.012492805551236
Interactive,IFE,2,523,-1.875119184225066
Interactive,IFE,2,524,-1.5421573417222332
Interactive,IFE,2,525,-1.1227558017544377
Interactive,IFE,2,526,0.096240204432959
Interactive,IFE,2,527,-0.9923343685719924
Interactive,IFE,2,528,-0.2227763167391429
Interactive,IFE,2,529,-0.051596638180389176
Interactive,IFE,2,530,0.011643500407848228
Interactive,IFE,2,531,-0.5386344065199843
Interactive,IFE,2,532,-0.3281901957738752
Interactive,IFE,2,533,-1.9832081394104684
Interactive,IFE,2,534,-0.1844243365129179
Interactive,IFE,2,535,0.08025770206800431
Interactive,IFE,2,536,-0.6911147972541903
Interactive,IFE,2,537,-0.3691180456626626
Interactive,IFE,2,538,-1.1188543927403696
Interactive,IFE,2,539,-0.5445795795356831
Interactive,IFE,2,540,-1.0048549997017184
Interactive,IFE,2,541,-0.9961119988486793
Interactive,IFE,2,542,-1.1154352830497092
Interactive,IFE,2,543,-2.3141146638137293
Interactive,IFE,2,544,-0.3946848087833389
Interactive,IFE,2,545,-0.6595416067169387
Interactive,IFE,2,546,-1.4920286979647668
Interactive,IFE,2,547,-0.22962838522207207
Interactive,IFE,2,548,0.1655278134934628
Interactive,IFE,2,549,-0.8756354501811779
Interactive,IFE,2,550,-1.0126443320630782
Interactive,IFE,2,551,-1.8414561753493341
Interactive,IFE,2,552,-0.18276975341977475
Interactive,IFE,2,553,-0.6886332683723888
Interactive,IFE,2,554,-1.404439273097086
Interactive,IFE,2,555,-1.4984007891082307
Interactive,IFE,2,556,-0.2949228924715307
Interactive,IFE,2,557,0.17267431390249655
Interactive,IFE,2,558,-1.237194836404743
Interactive,IFE,2,559,0.16977486711869128
Interactive,IFE,2,560,-0.3960791651965957
Interactive,IFE,2,561,-1.1995808140162636
Interactive,IFE,2,562,-0.4009448853373606
Interactive,IFE,2,563,-0.4547732578239767
Interactive,IFE,2,564,0.41534982571151313
Interactive,IFE,2,565,-0.17994694035108982
Interactive,IFE,2,566,-2.4075832799717523
Interactive,IFE,2,567,-0.1713200464526493
Interactive,IFE,2,568,-0.26591234278736886
Interactive,IFE,2,569,-0.2865093181752758
Interactive,IFE,2,570,-2.104375786853044
Interactive,IFE,2,571,-0.5320821304724316
Interactive,IFE,2,572,0.012165326869477244
Interactive,IFE,2,573,-0.5082417828276938
Interactive,IFE,2,574,-1.4627155818910278
Interactive,IFE,2,575,0.04165653744006914
Interactive,IFE,2,576,-1.8694279699757723
Interactive,IFE,2,577,-1.5501333834323727
Interactive,IFE,2,578,-1.1106831701293223
Interactive,IFE,2,579,-0.6390674728775816
Interactive,IFE,2,580,-1.9395779197362246
Interactive,IFE,2,581,-2.118123133122664
Interactive,IFE,2,582,-1.9264870143775314
Interactive,IFE,2,583,-1.4137957520948035
Interactive,IFE,2,584,-0.8908832029381268
Interactive,IFE,2,585,-0.3744426766645973
Interactive,IFE,2,586,-0.7722491662238592
Interactive,IFE,2,587,-0.344677531254338
Interactive,IFE,2,588,-0.23724505084114111
Interactive,IFE,2,589,-0.08138424670956479
Interactive,IFE,2,590,-1.8052331694630244
Interactive,IFE,2,591,-1.8419187535986117
Interactive,IFE,2,592,-0.8590784422113704
Interactive,IFE,2,593,-0.7749742475624305
Interactive,IFE,2,594,-0.5582998641199435
Interactive,IFE,2,595,-0.39946844804515247
Interactive,IFE,2,596,-1.0253226408131253
Interactive,IFE,2,597,-1.0341915083806352
Interactive,IFE,2,598,-0.8938646938197734
Interactive,IFE,2,599,-0.33464816024598576
Interactive,IFE,2,600,-0.18556135014644703
Interactive,IFE,2,601,-0.8001137297194024
Interactive,IFE,2,602,0.11747968796079766
Interactive,IFE,2,603,-0.5717608014117521
Interactive,IFE,2,604,-3.1227142214705306
Interactive,IFE,2,605,-0.7639909785375592
Interactive,IFE,2,606,-3.517237933099909
Interactive,IFE,2,607,-1.2368631550273526
Interactive,IFE,2,608,-0.5598266964561184
Interactive,IFE,2,609,-1.2855537932481007
Interactive,IFE,2,610,-0.776474955052114
Interactive,IFE,2,611,-0.40158344925191936
Interactive,IFE,2,612,-0.298238247292439
Interactive,IFE,2,613,-2.493757493151289
Interactive,IFE,2,614,-0.42365656181755595
Interactive,IFE,2,615,-1.875360408778339
Interactive,IFE,2,616,-0.8579025975660926
Interactive,IFE,2,617,0.19474511388021187
Interactive,IFE,2,618,-2.314068941956743
Interactive,IFE,2,619,-4.218534820526248
Interactive,IFE,2,620,-0.045700898221577746
Interactive,IFE,2,621,-0.576265824684089
Interactive,IFE,2,622,-0.9757720963996089
Interactive,IFE,2,623,0.023495894023855324
Interactive,IFE,2,624,-0.3713581221349517
Interactive,IFE,2,625,-0.5949230860192993
Interactive,IFE,2,626,-0.3561905014407306
Interactive,IFE,2,627,-1.7050983554375634
Interactive,IFE,2,628,-2.6462628253400062
Interactive,IFE,2,629,-0.6481739480920038
Interactive,IFE,2,630,-0.8207620993092583
Interactive,IFE,2,631,-0.12812148940059864
Interactive,IFE,2,632,-0.526673932023075
Interactive,IFE,2,633,-0.41295073457418785
Interactive,IFE,2,634,-0.18258676056317102
Interactive,IFE,2,635,-1.7591553492394614
Interactive,IFE,2,636,-0.57611432691059306
Interactive,IFE,2,637,-1.1580643836077518
Interactive,IFE,2,638,-0.47877693120124576
Interactive,IFE,2,639,-1.2591612027470958
Interactive,IFE,2,640,-0.9626956173041309
Interactive,IFE,2,641,-0.7717458282910699
Interactive,IFE,2,642,-0.8029537507524174
Interactive,IFE,2,643,-3.144485837034913
Interactive,IFE,2,644,-0.654578177710749
Interactive,IFE,2,645,-0.8395903650951598
Interactive,IFE,2,646,-1.666723991191087
Interactive,IFE,2,647,-0.4010494064423893
Interactive,IFE,2,648,-0.5808026051503808
Interactive,IFE,2,649,0.079869989878952
Interactive,IFE,2,650,-0.26393642894463265
Interactive,IFE,2,651,-0.042043578489932454
Interactive,IFE,2,652,-1.78232397232369
Interactive,IFE,2,653,-1.2710755455234937
Interactive,IFE,2,654,-1.1450328881103942
Interactive,IFE,2,655,-0.8119590338963723
Interactive,IFE,2,656,-0.5498602784465536
Interactive,IFE,2,657,-1.7281681101432538
Interactive,IFE,2,658,-0.12097371978745142
Interactive,IFE,2,659,-0.19379313598285486
Interactive,IFE,2,660,-0.276782324364905
Interactive,IFE,2,661,-1.1059941976513896
Interactive,IFE,2,662,-0.747958034116159
Interactive,IFE,2,663,-0.9587296172013327
Interactive,IFE,2,664,-1.8216945846933101
Interactive,IFE,2,665,-1.0756294520528988
Interactive,IFE,2,666,-0.607139402782595
Interactive,IFE,2,667,-0.2957248835264642
Interactive,IFE,2,668,-1.9889238721066036
Interactive,IFE,2,669,-0.38567101530322057
Interactive,IFE,2,670,-0.07215391810381855
Interactive,IFE,2,671,-0.6971767589251388
Interactive,IFE,2,672,-0.13594592802701944
Interactive,IFE,2,673,-4.559699661116098
Interactive,IFE,2,674,-0.9306767593846239
Interactive,IFE,2,675,-0.2650719234449418
Interactive,IFE,2,676,-0.439295007821335
Interactive,IFE,2,677,-0.8368232717392534
Interactive,IFE,2,678,-0.359901562348673
Interactive,IFE,2,679,-2.236442667158525
Interactive,IFE,2,680,-0.6070641154413735
Interactive,IFE,2,681,-0.2306020501395225
Interactive,IFE,2,682,-0.20917596284207496
Interactive,IFE,2,683,-0.20670896854341458
Interactive,IFE,2,684,-1.5535792107824395
Interactive,IFE,2,685,-0.9833438865404924
Interactive,IFE,2,686,-0.35482265531603197
Interactive,IFE,2,687,-0.5158797213685321
Interactive,IFE,2,688,-1.8043179653924053
Interactive,IFE,2,689,-0.7299828831096337
Interactive,IFE,2,690,-0.5890510344022751
Interactive,IFE,2,691,-2.5080193796533923
Interactive,IFE,2,692,-0.6167140840900426
Interactive,IFE,2,693,-8.622789279041767
Interactive,IFE,2,694,-1.1110141316001623
Interactive,IFE,2,695,-0.6491255315633391
Interactive,IFE,2,696,-0.31050984926437075
Interactive,IFE,2,697,-1.7345692034381806
Interactive,IFE,2,698,-0.5099769630311843
Interactive,IFE,2,699,-0.11915206733684347
Interactive,IFE,2,700,-1.9783016884000806
Interactive,IFE,2,701,-2.376648167117254
Interactive,IFE,2,702,-0.06664126756789057
Interactive,IFE,2,703,-0.12652120850478843
Interactive,IFE,2,704,-2.5030510651899154
Interactive,IFE,2,705,0.17022026396986012
Interactive,IFE,2,706,-1.2226708696053865
Interactive,IFE,2,707,0.01751455061714946
Interactive,IFE,2,708,-0.1290924841729436
Interactive,IFE,2,709,-1.8064323204538086
Interactive,IFE,2,710,-0.1201650391614254
Interactive,IFE,2,711,-0.5799799664413747
Interactive,IFE,2,712,-0.6645417008378827
Interactive,IFE,2,713,-1.8062063708505562
Interactive,IFE,2,714,-1.3571656784023287
Interactive,IFE,2,715,-0.12826128198381814
Interactive,IFE,2,716,-0.5576112285780138
Interactive,IFE,2,717,-0.8205821524021032
Interactive,IFE,2,718,-0.3136854692258524
Interactive,IFE,2,719,-0.6013412266221848
Interactive,IFE,2,720,-1.5374456640111764
Interactive,IFE,2,721,-0.6765552441411454
Interactive,IFE,2,722,-2.5764999243038678
Interactive,IFE,2,723,-0.043658060520383124
Interactive,IFE,2,724,-1.1117694919893601
Interactive,IFE,2,725,-1.451057025089901
Interactive,IFE,2,726,-3.9720894820257655
Interactive,IFE,2,727,-0.3514554590641077
Interactive,IFE,2,728,0.013946337510234441
Interactive,IFE,2,729,-0.4725722478508032
Interactive,IFE,2,730,-1.150116082325004
Interactive,IFE,2,731,-3.3315579872830265
Interactive,IFE,2,732,0.08369556474962525
Interactive,IFE,2,733,-0.6876244208769233
Interactive,IFE,2,734,-0.7261914246386039
Interactive,IFE,2,735,-1.8256541973810831
Interactive,IFE,2,736,-1.3038613866145694
Interactive,IFE,2,737,-1.3690589428311328
Interactive,IFE,2,738,-0.060532127208155595
Interactive,IFE,2,739,-4.498065566135782
Interactive,IFE,2,740,-1.1106796864679205
Interactive,IFE,2,741,-2.383127398196433
Interactive,IFE,2,742,-0.014542818234810184
Interactive,IFE,2,743,-0.21124556649139636
Interactive,IFE,2,744,-0.5782779532519202
Interactive,IFE,2,745,-1.798644351919065
Interactive,IFE,2,746,-8.304658261593719
Interactive,IFE,2,747,-0.5345075409281443
Interactive,IFE,2,748,-0.6445087583217778
Interactive,IFE,2,749,-1.3416812797263864
Interactive,IFE,2,750,-1.1224820092767358
Interactive,IFE,2,751,-1.463970278064546
Interactive,IFE,2,752,0.036463380108749055
Interactive,IFE,2,753,-0.20696018114662484
Interactive,IFE,2,754,-1.1813475421498867
Interactive,IFE,2,755,-1.0924051817038862
Interactive,IFE,2,756,-0.5914799991200315
Interactive,IFE,2,757,-2.7779977519513572
Interactive,IFE,2,758,-3.1186738347179075
Interactive,IFE,2,759,-2.6495376965108903
Interactive,IFE,2,760,-1.7191833428519825
Interactive,IFE,2,761,-2.842078997591623
Interactive,IFE,2,762,-1.34556258675437
Interactive,IFE,2,763,-2.503446969144284
Interactive,IFE,2,764,-0.18060919955658805
Interactive,IFE,2,765,-2.4360830037909453
Interactive,IFE,2,766,-3.896429846490383
Interactive,IFE,2,767,-0.6761687279681344
Interactive,IFE,2,768,-0.9319206474240234
Interactive,IFE,2,769,-1.2068927894104564
Interactive,IFE,2,770,-0.22705696534779796
Interactive,IFE,2,771,-5.020937260544815
Interactive,IFE,2,772,-2.1182867478560574
Interactive,IFE,2,773,-1.1748284178450066
Interactive,IFE,2,774,0.05066593349707038
Interactive,IFE,2,775,-0.816125097397915
Interactive,IFE,2,776,-1.7795994136433673
Interactive,IFE,2,777,-1.967503743837948
Interactive,IFE,2,778,-1.4772582390045037
Interactive,IFE,2,779,-0.19109520342101782
Interactive,IFE,2,780,-0.32681896226421325
Interactive,IFE,2,781,-0.2808507309010545
Interactive,IFE,2,782,-0.38446458590087995
Interactive,IFE,2,783,-0.502720908661819
Interactive,IFE,2,784,-3.205028190690157
Interactive,IFE,2,785,-1.913060708621309
Interactive,IFE,2,786,-0.25579047535406385
Interactive,IFE,2,787,-0.3441623128349134
Interactive,IFE,2,788,-1.8570144936958608
Interactive,IFE,2,789,-0.3823008383120995
Interactive,IFE,2,790,-6.950871156460488
Interactive,IFE,2,791,-1.5111114797051795
Interactive,IFE,2,792,-0.4168732903315503
Interactive,IFE,2,793,-1.3748248580407973
Interactive,IFE,2,794,-0.3047562637327448
Interactive,IFE,2,795,-0.15543659293429934
Interactive,IFE,2,796,0.06553474751474553
Interactive,IFE,2,797,-0.15737704185512957
Interactive,IFE,2,798,-1.260963757103872
Interactive,IFE,2,799,-0.1763075472991601
Interactive,IFE,2,800,-0.5950576864554574
Interactive,IFE,2,801,-0.07454361942625642
Interactive,IFE,2,802,0.03949588334833731
Interactive,IFE,2,803,-0.3366075353324093
Interactive,IFE,2,804,-0.15992843355719633
Interactive,IFE,2,805,-1.1869434491409712
Interactive,IFE,2,806,-0.06608783160522325
Interactive,IFE,2,807,-4.068825091754959
Interactive,IFE,2,808,-0.35747704631620203
Interactive,IFE,2,809,-3.338718958985119
Interactive,IFE,2,810,-0.8026133921706806
Interactive,IFE,2,811,-0.7278377606033892
Interactive,IFE,2,812,-2.980903316263401
Interactive,IFE,2,813,-0.18681312072974432
Interactive,IFE,2,814,-1.781523219307602
Interactive,IFE,2,815,-0.8645081772817397
Interactive,IFE,2,816,-6.938415236561593
Interactive,IFE,2,817,-1.980711590298124
Interactive,IFE,2,818,-0.16368041240420883
Interactive,IFE,2,819,-0.11538524151970164
Interactive,IFE,2,820,-0.6578670394580308
Interactive,IFE,2,821,-1.2218680323851028
Interactive,IFE,2,822,-3.0641574353130228
Interactive,IFE,2,823,-0.8829301769444782
Interactive,IFE,2,824,-0.5737578336268748
Interactive,IFE,2,825,-1.8764089556154528
Interactive,IFE,2,826,-4.031820986168361
Interactive,IFE,2,827,-0.6523830349193473
Interactive,IFE,2,828,0.07364230775391112
Interactive,IFE,2,829,-4.15097817459491
Interactive,IFE,2,830,0.17853184490627738
Interactive,IFE,2,831,-3.1464032000920352
Interactive,IFE,2,832,-0.7619361359277637
Interactive,IFE,2,833,-0.6346710190484371
Interactive,IFE,2,834,-1.0349221123168606
Interactive,IFE,2,835,-0.052919112761549925
Interactive,IFE,2,836,-0.17608421642368433
Interactive,IFE,2,837,-1.088469454158695
Interactive,IFE,2,838,-2.8668959218156704
Interactive,IFE,2,839,-0.1405558568663703
Interactive,IFE,2,840,-0.056971723238036454
Interactive,IFE,2,841,-0.36291516912077504
Interactive,IFE,2,842,-0.9591288930913486
Interactive,IFE,2,843,-0.13398961484008443
Interactive,IFE,2,844,-0.9280673596346619
Interactive,IFE,2,845,-0.06998468817016013
Interactive,IFE,2,846,-0.93091531626867
Interactive,IFE,2,847,-1.0045244199036494
Interactive,IFE,2,848,-0.8583499939501233
Interactive,IFE,2,849,-7.1793580237663654
Interactive,IFE,2,850,-0.3120069737063219
Interactive,IFE,2,851,-0.14618658953276442
Interactive,IFE,2,852,-0.23904092877720828
Interactive,IFE,2,853,-0.813530432348984
Interactive,IFE,2,854,-1.1740432047343092
Interactive,IFE,2,855,-0.8688386457216902
Interactive,IFE,2,856,-0.4873229379459969
Interactive,IFE,2,857,0.028961093496883916
Interactive,IFE,2,858,-0.7794155707453796
Interactive,IFE,2,859,-2.037385944542168
Interactive,IFE,2,860,-1.2289708353378819
Interactive,IFE,2,861,-1.9603066993301625
Interactive,IFE,2,862,-0.5662131533932478
Interactive,IFE,2,863,-0.7941716619760806
Interactive,IFE,2,864,-0.9182963572775417
Interactive,IFE,2,865,-2.6334686339430275
Interactive,IFE,2,866,-0.9532425520046452
Interactive,IFE,2,867,-0.22896577262830398
Interactive,IFE,2,868,-1.4481217203631909
Interactive,IFE,2,869,-0.07681059048557792
Interactive,IFE,2,870,-1.016383091686688
Interactive,IFE,2,871,-0.13724647255568
Interactive,IFE,2,872,-1.3450513343014698
Interactive,IFE,2,873,-0.4543858600511551
Interactive,IFE,2,874,0.12939721475047639
Interactive,IFE,2,875,-5.035106659548392
Interactive,IFE,2,876,-1.0045898004543488
Interactive,IFE,2,877,-1.9722679019345941
Interactive,IFE,2,878,0.08414216332478996
Interactive,IFE,2,879,-0.8974833092124643
Interactive,IFE,2,880,-2.3883019259447362
Interactive,IFE,2,881,-1.107926644176671
Interactive,IFE,2,882,-1.3975967937338976
Interactive,IFE,2,883,-1.1204402590832814
Interactive,IFE,2,884,-0.365275474599294
Interactive,IFE,2,885,-0.7318456942421536
Interactive,IFE,2,886,-0.610397425486555
Interactive,IFE,2,887,-1.5864318133210307
Interactive,IFE,2,888,-0.19066796770730754
Interactive,IFE,2,889,-0.7377768481717446
Interactive,IFE,2,890,-0.7579624894421438
Interactive,IFE,2,891,-0.03197736820119301
Interactive,IFE,2,892,-0.6309241570026637
Interactive,IFE,2,893,-3.0701654834896908
Interactive,IFE,2,894,-1.9493189635342438
Interactive,IFE,2,895,-0.6535321007006885
Interactive,IFE,2,896,-0.42117797706073423
Interactive,IFE,2,897,-0.1757008632664976
Interactive,IFE,2,898,-0.173365952034375
Interactive,IFE,2,899,-0.814898945558109
Interactive,IFE,2,900,-0.4902551604425359
Interactive,IFE,2,901,-0.22466746666364767
Interactive,IFE,2,902,-1.3360623605340618
Interactive,IFE,2,903,-0.07181721229972893
Interactive,IFE,2,904,-0.64407992665802
Interactive,IFE,2,905,-0.6576948575623044
Interactive,IFE,2,906,-0.057510925007182245
Interactive,IFE,2,907,-0.4186637472124983
Interactive,IFE,2,908,-0.7999715606383505
Interactive,IFE,2,909,-0.5882514741797739
Interactive,IFE,2,910,-0.3339168629523559
Interactive,IFE,2,911,-2.105799010729223
Interactive,IFE,2,912,-2.8979027109179727
Interactive,IFE,2,913,-0.9952207968757938
Interactive,IFE,2,914,0.007229893881240956
Interactive,IFE,2,915,-1.1663934043625415
Interactive,IFE,2,916,-3.2942959153760842
Interactive,IFE,2,917,-1.881754070729881
Interactive,IFE,2,918,-0.8034389118099714
Interactive,IFE,2,919,-1.6787854935337994
Interactive,IFE,2,920,-0.19115972877443743
Interactive,IFE,2,921,-4.197239883496813
Interactive,IFE,2,922,-0.8367373197816543
Interactive,IFE,2,923,-0.7577987976342679
Interactive,IFE,2,924,-5.660005661571118
Interactive,IFE,2,925,-0.19087111768965936
Interactive,IFE,2,926,-0.7243763817306941
Interactive,IFE,2,927,-0.730381341415713
Interactive,IFE,2,928,-0.2599188712302599
Interactive,IFE,2,929,-0.0055885740202443746
Interactive,IFE,2,930,-0.5241408843727057
Interactive,IFE,2,931,-2.6700112834783596
Interactive,IFE,2,932,-2.1846883232177294
Interactive,IFE,2,933,-0.44708982382601636
Interactive,IFE,2,934,-0.5863407569011201
Interactive,IFE,2,935,-2.9367247734664743
Interactive,IFE,2,936,-1.1344746006184998
Interactive,IFE,2,937,-0.9287370204687837
Interactive,IFE,2,938,-0.2273819516922504
Interactive,IFE,2,939,-0.14603140695582706
Interactive,IFE,2,940,-1.2216068844011454
Interactive,IFE,2,941,-1.5492370014611332
Interactive,IFE,2,942,-0.2664395597386757
Interactive,IFE,2,943,0.09363774674281267
Interactive,IFE,2,944,0.26263884371584845
Interactive,IFE,2,945,-0.011178243039095093
Interactive,IFE,2,946,-0.6317388544502853
Interactive,IFE,2,947,-0.5753858734251013
Interactive,IFE,2,948,0.005059005912969594
Interactive,IFE,2,949,-1.3536574976863947
Interactive,IFE,2,950,-0.16259841531301744
Interactive,IFE,2,951,-0.1496431754288502
Interactive,IFE,2,952,-1.2058885054758794
Interactive,IFE,2,953,-0.7315738727212346
Interactive,IFE,2,954,-0.9709888290621224
Interactive,IFE,2,955,-1.5355343518138704
Interactive,IFE,2,956,0.046212906276424937
Interactive,IFE,2,957,-0.6500572050529333
Interactive,IFE,2,958,0.009608074048133464
Interactive,IFE,2,959,-0.578346868054624
Interactive,IFE,2,960,0.04535915993226669
Interactive,IFE,2,961,-1.713824471745093
Interactive,IFE,2,962,0.2973269626828261
Interactive,IFE,2,963,-1.1185844344223388
Interactive,IFE,2,964,-0.3055118522959126
Interactive,IFE,2,965,-0.6933989328648573
Interactive,IFE,2,966,0.12408735859466524
Interactive,IFE,2,967,0.37171501224353076
Interactive,IFE,2,968,-0.505527764921421
Interactive,IFE,2,969,-0.6074445555633381
Interactive,IFE,2,970,-5.470998992811918
Interactive,IFE,2,971,-1.5129677656828746
Interactive,IFE,2,972,-0.36334146236548803
Interactive,IFE,2,973,-0.24198676234539052
Interactive,IFE,2,974,-1.068522007011369
Interactive,IFE,2,975,-0.7714322853739682
Interactive,IFE,2,976,-8.828531318809809
Interactive,IFE,2,977,-0.7231748971542702
Interactive,IFE,2,978,-0.7054962025767904
Interactive,IFE,2,979,-0.7059443578934896
Interactive,IFE,2,980,-0.31660796280193393
Interactive,IFE,2,981,-0.13429834702040255
Interactive,IFE,2,982,-11.31375868963006
Interactive,IFE,2,983,-0.4894034648000436
Interactive,IFE,2,984,-0.14699496078426677
Interactive,IFE,2,985,-0.25538881083193077
Interactive,IFE,2,986,-0.3276030503019851
Interactive,IFE,2,987,-0.7078558769254261
Interactive,IFE,2,988,-0.7168093767959215
Interactive,IFE,2,989,-0.43320569621130023
Interactive,IFE,2,990,-0.5010271429867453
Interactive,IFE,2,991,-0.8655190769974367
Interactive,IFE,2,992,-0.19263434333270368
Interactive,IFE,2,993,-1.3906426321801668
Interactive,IFE,2,994,-4.416684398437259
Interactive,IFE,2,995,-4.5753155509320464
Interactive,IFE,2,996,-0.3120870711525152
Interactive,IFE,2,997,-0.45569622322621317
Interactive,IFE,2,998,-2.3219872339595042
Interactive,IFE,2,999,-0.5446475858438953
Interactive,IFE,2,1000,-1.9007966397385028
