ssp,spec,estimator,L,component,year,point,q025,q05,q10,q25,q50,q75,q90,q95,q975
SSP585,Interactive,AFE,0,All,2021,-3.580295461824701e-5,-2.817595671041673e-4,-2.460686463006678e-4,-1.9938359248979908e-4,-1.1368075407974798e-4,-2.581572930798748e-5,5.040459214838977e-5,1.324878956846965e-4,1.777071906807203e-4,2.102896325014869e-4
SSP585,Interactive,AFE,0,All,2022,-1.1628852913803112e-4,-8.571365354606703e-4,-7.485941151950615e-4,-6.065029660942023e-4,-3.4957468071580844e-4,-8.757907157525002e-5,1.415883425460729e-4,3.8845973108017097e-4,5.261078899787217e-4,6.212502211865532e-4
SSP585,Interactive,AFE,0,All,2023,-2.501962541585634e-4,-0.0017387700145075182,-0.001517181050367783,-0.0012295151884669899,-7.179904784321844e-4,-1.8938366597770484e-4,2.668269429916825e-4,7.590726603762702e-4,0.001038156436206061,0.0012280568491170316
SSP585,Interactive,AFE,0,All,2024,-4.461130653229395e-4,-0.002935512096055462,-0.0025561772590442676,-0.0020761326311475536,-0.0012302097972503034,-3.5157654041173547e-4,4.1991704284166653e-4,0.0012356437547270233,0.0017069306637015555,0.0020298357885394913
SSP585,Interactive,AFE,0,All,2025,-7.124600653541924e-4,-0.0044489100781662455,-0.003879607978476407,-0.003159580347346469,-0.0018873012532938382,-5.725856640298455e-4,5.977594635582784e-4,0.0018096501258797254,0.002525796499506172,0.00301071538263461
SSP585,Interactive,AFE,0,All,2026,-0.001120456238030032,-0.006352899226256775,-0.005549939786713032,-0.004556215381264683,-0.0027706522435239356,-9.239410006510185e-4,7.208646504716087e-4,0.0024399428346415517,0.0034164587878912516,0.0041099741977832895
SSP585,Interactive,AFE,0,All,2027,-0.0015758268081766946,-0.008550108031765518,-0.007500040294554711,-0.006159275243362905,-0.0037623393136538286,-0.0013171278453552038,8.82537977751896e-4,0.00319844807184966,0.004477580034636773,0.0054088262182090605
SSP585,Interactive,AFE,0,All,2028,-0.002130497069404602,-0.011092150282394724,-0.009775689102991408,-0.00801707268604186,-0.004944540973434747,-0.0018032083255068998,0.001032120684397786,0.004040873293774475,0.005657729462085767,0.006874771746293871
SSP585,Interactive,AFE,0,All,2029,-0.0027924741713031276,-0.013985109981404004,-0.012379727749610148,-0.010107122578060323,-0.00632238571462701,-0.0023877922210939206,0.001166904773848898,0.004956388998251774,0.006949294059039963,0.008495339503721647
SSP585,Interactive,AFE,0,All,2030,-0.003569547013051233,-0.017234441752256267,-0.015281957889059089,-0.012450875876863065,-0.00790990387981591,-0.0030765639432289715,0.0012702016986239628,0.005942200186829298,0.008391588283041191,0.010282273165856046
SSP585,Interactive,AFE,0,All,2031,-0.004605257833709908,-0.02097422714964259,-0.01873736684845344,-0.015257062526375976,-0.0098600931499159,-0.004027646663979423,0.001210931397644277,0.006919143887545555,0.009859018035575881,0.012188108592580685
SSP585,Interactive,AFE,0,All,2032,-0.0056578229476743624,-0.024977288761744057,-0.022347703072828018,-0.018201127445253883,-0.011873003011599242,-0.004954449715279252,0.0012294111587637935,0.008066565769582446,0.011526750306389697,0.014233254034366885
SSP585,Interactive,AFE,0,All,2033,-0.006848694710859582,-0.029350865557642682,-0.02627791241500291,-0.021432131651591777,-0.014067128903133441,-0.006034948646984062,0.001199796974405476,0.009162731647571533,0.013262289333409047,0.016394211297016754
SSP585,Interactive,AFE,0,All,2034,-0.008184669163115,-0.03409763442998257,-0.03063611147611813,-0.02494286222984656,-0.016454556962367084,-0.007246321934017086,0.0010962313459064177,0.010359502701806834,0.015100257963188255,0.01877666567893381
SSP585,Interactive,AFE,0,All,2035,-0.009672289138148216,-0.03921954219891047,-0.03533074743309027,-0.02877190778053874,-0.019081290750103008,-0.008582849796815006,9.902064740067162e-4,0.011575390959444421,0.016990001450827283,0.02130179268006846
SSP585,Interactive,AFE,0,All,2036,-0.011526046639014687,-0.0449082040762791,-0.04060770858140578,-0.033108051570546526,-0.022111841057575576,-0.010264367288134402,5.064049644296631e-4,0.01260031914575448,0.018738569914231926,0.02368195863955725
SSP585,Interactive,AFE,0,All,2037,-0.013349151181536678,-0.05080585926856047,-0.04599376267327013,-0.037574026453372024,-0.02528111695100091,-0.011906125337271145,2.0476690298049105e-4,0.013832680608898043,0.02071819579722894,0.02629219291263495
SSP585,Interactive,AFE,0,All,2038,-0.015339683288931094,-0.05707808276140527,-0.05172829331000374,-0.04234506183306862,-0.028731240115187295,-0.013694620016033499,-2.1870472248086692e-4,0.015084954101235008,0.022773799328818234,0.02899370399849716
SSP585,Interactive,AFE,0,All,2039,-0.01750278505186753,-0.06378903767764066,-0.05780392441538268,-0.04742276833090414,-0.032364850118827754,-0.015667388526023063,-6.460508951656174e-4,0.016332396807580366,0.024893109379537277,0.031783677153089385
SSP585,Interactive,AFE,0,All,2040,-0.019843311009874465,-0.07091712176229123,-0.0641278917614365,-0.052801494359597856,-0.03618292596881484,-0.017693708822307364,-0.0011724540299175301,0.017576317603299453,0.027082137734705927,0.034656847769048635
SSP585,Interactive,AFE,0,All,2041,-0.02254746710135558,-0.0785984384901673,-0.0710156180013835,-0.058636099652145605,-0.040306432021023075,-0.02007502422384544,-0.0020980728367733237,0.018574993692211387,0.029076004608176782,0.03744310053438154
SSP585,Interactive,AFE,0,All,2042,-0.025236211618313686,-0.0864420930021929,-0.07813093072061486,-0.06461063098807585,-0.044586824287689814,-0.02253462788204319,-0.0028248415957874418,0.01975909640970921,0.03137638340187113,0.04050375525167415
SSP585,Interactive,AFE,0,All,2043,-0.028107882081142677,-0.09463869095430547,-0.0856438113823421,-0.07079599139474353,-0.04904692387900722,-0.02517063953924753,-0.0036289883373491205,0.020924021774207897,0.03372216183250355,0.04368753858850436
SSP585,Interactive,AFE,0,All,2044,-0.031165583294699206,-0.10310181513946576,-0.09345035944988762,-0.0771255182269407,-0.05388994874259201,-0.027986604154471184,-0.004559308311733262,0.02206471097526555,0.036109131342348395,0.046973613470522514
SSP585,Interactive,AFE,0,All,2045,-0.03441211195140448,-0.11187028907514235,-0.10150568540802171,-0.08390121764806825,-0.05894452857941421,-0.030980820176056023,-0.005605089634490662,0.023176277235736398,0.038533179332119194,0.050334349202942524
SSP585,Interactive,AFE,0,All,2046,-0.0378334264237129,-0.12089937316131737,-0.10983128342336784,-0.09096492217987308,-0.06421975363136448,-0.034116338729191675,-0.0067454012369445315,0.024301521784706428,0.040898037293361326,0.053751966335375975
SSP585,Interactive,AFE,0,All,2047,-0.04140155788903199,-0.13024680070761233,-0.11843280245133457,-0.09829857393421575,-0.06966803836715063,-0.03751090214695857,-0.007967505394177399,0.025429550644096192,0.04344818085170545,0.057317720113684044
SSP585,Interactive,AFE,0,All,2048,-0.045154608499535454,-0.1398887370190515,-0.12731711960431455,-0.10580953506180914,-0.0752711632378032,-0.04091731340610444,-0.00916243516363921,0.026528436633577995,0.04603425451450837,0.060955765246760094
SSP585,Interactive,AFE,0,All,2049,-0.049093608515827,-0.1498149460653605,-0.13647311733764877,-0.1135801243277619,-0.08120215929958813,-0.04445462205655726,-0.010579938812272871,0.027587126331560324,0.048653210103591554,0.0646625955464709
SSP585,Interactive,AFE,0,All,2050,-0.05321928278830712,-0.16001468046964745,-0.14588942092132848,-0.12160575857172835,-0.08746427343585156,-0.04816192815690984,-0.012115485991597424,0.028750109089146877,0.051302101781730516,0.06843479111403994
SSP585,Interactive,AFE,0,All,2051,-0.05707165539324677,-0.16991466475962128,-0.15501142892543102,-0.12961589418470845,-0.09335408621281777,-0.05174800065353258,-0.0131230157030581,0.030288633473414407,0.05428553861542397,0.07258769608160966
SSP585,Interactive,AFE,0,All,2052,-0.06143327209329441,-0.1804957185273283,-0.16478591756836974,-0.13805111690710895,-0.09980092436066945,-0.055724860778566365,-0.014713524971313785,0.03176263954304058,0.05712747239316886,0.0766227348100419
SSP585,Interactive,AFE,0,All,2053,-0.06596603367172671,-0.19139288708264732,-0.17477990359137918,-0.14671531699774,-0.10643868270767798,-0.059911388182803615,-0.016281748796947826,0.033097408551809517,0.060009211343131474,0.08073157760888802
SSP585,Interactive,AFE,0,All,2054,-0.0706688368358449,-0.20244307332726494,-0.18498239227341373,-0.15560220546385697,-0.11318094453636404,-0.06412029450270723,-0.01794287406914402,0.03418694244399389,0.06292933674675713,0.08491230837086602
SSP585,Interactive,AFE,0,All,2055,-0.07554029897306913,-0.21356982361678162,-0.19537397829820954,-0.1647027015024957,-0.12009382946043448,-0.06849691354747411,-0.01977932538962618,0.03521364449160433,0.06588656582807331,0.08916313425822452
SSP585,Interactive,AFE,0,All,2056,-0.07951262904260692,-0.2237959120396248,-0.20464146715648465,-0.17330991774277096,-0.1263260370975031,-0.07215456840722301,-0.020806764429169095,0.03725005325288657,0.06978658963440305,0.09439378175029686
SSP585,Interactive,AFE,0,All,2057,-0.08451044321449319,-0.23519484069925223,-0.21532324670113287,-0.18267701492286714,-0.13349940238131056,-0.07666960916860455,-0.02282468531373502,0.03872883105061847,0.07303561460364637,0.09908035947932207
SSP585,Interactive,AFE,0,All,2058,-0.08965221421707925,-0.24674039824695768,-0.22603104936060475,-0.19222614701252258,-0.14091962453335974,-0.08132210986251565,-0.024942064878175046,0.04034548226181034,0.0763429903975189,0.103877498166281
SSP585,Interactive,AFE,0,All,2059,-0.09493487473083151,-0.25841892811240824,-0.23678276380777286,-0.2019494760430234,-0.14857314986575848,-0.08611064609400954,-0.027158664409354966,0.04182531765026386,0.07970944743788458,0.10878758842013833
SSP585,Interactive,AFE,0,All,2060,-0.10035512756853582,-0.2702167019424508,-0.2478423477827094,-0.2118389627569243,-0.15648533065173795,-0.09103364635436167,-0.029465483457915442,0.04314218431980993,0.08314669944106858,0.11381331372411702
SSP585,Interactive,AFE,0,All,2061,-0.10407693753617786,-0.2802563061479354,-0.2570141133284811,-0.2205130774585248,-0.16317038922847565,-0.09439590158294131,-0.029458420335306906,0.046426465481807774,0.08930601351131094,0.12131209764742092
SSP585,Interactive,AFE,0,All,2062,-0.10948573428943797,-0.2920159344689836,-0.2681371384018108,-0.23039798789691732,-0.17091826670928925,-0.09919025507049584,-0.031443881307010924,0.048287137873580396,0.09348959135673,0.1269684116211616
SSP585,Interactive,AFE,0,All,2063,-0.11500028169055898,-0.30384061099490706,-0.2795661375566757,-0.24039804380360907,-0.17874256140075423,-0.1040651881579876,-0.033471107104770664,0.049971623313628685,0.09781281482647464,0.13278644369190706
SSP585,Interactive,AFE,0,All,2064,-0.12061598133652796,-0.31575954118751065,-0.29108097526728105,-0.25050427776516243,-0.18656961717252846,-0.10906775958985954,-0.035543936512774404,0.05163092788092574,0.10228281648977286,0.13877213502925442
SSP585,Interactive,AFE,0,All,2065,-0.12632807844007377,-0.3279917273375518,-0.3022749726771707,-0.26070767457900323,-0.19425159671263748,-0.11417004714507617,-0.03755097846322078,0.05328594279217971,0.1065353964518783,0.1449049382840043
SSP585,Interactive,AFE,0,All,2066,-0.1296555104488747,-0.33804920382252823,-0.3103943998300778,-0.26902788690813223,-0.20027054053712057,-0.117298281423524,-0.037004355435852704,0.05748912788320055,0.11295979225041852,0.1535947247891458
SSP585,Interactive,AFE,0,All,2067,-0.1352660357248031,-0.35014495045194693,-0.3211868544456501,-0.2792109906489116,-0.20793748023459,-0.12252701332463184,-0.03868860606060087,0.059519905809521226,0.11756560570558235,0.1600420374173616
SSP585,Interactive,AFE,0,All,2068,-0.1409407995101376,-0.36225430903247685,-0.3319576174166459,-0.2894551446674362,-0.21593451161887717,-0.1276547172949996,-0.04043288439736653,0.06154228726478351,0.12228256492931257,0.16665622721859794
SSP585,Interactive,AFE,0,All,2069,-0.14667428525972903,-0.3743658824759993,-0.3434843230838383,-0.29975146000912645,-0.22426722734765892,-0.1328281896379933,-0.04216822631024733,0.0636078946368389,0.12711710419818925,0.1734427687285102
SSP585,Interactive,AFE,0,All,2070,-0.15246089867630397,-0.38646781194178853,-0.3552055533671452,-0.310089696561525,-0.23248085701904525,-0.13827637595763725,-0.04375936805916689,0.06571604212981078,0.13207324870658685,0.1804074824871683
SSP585,Interactive,AFE,0,All,2071,-0.15512380069780873,-0.3948320802913212,-0.36382086796896146,-0.31795177410578707,-0.23736216455562592,-0.14012029897341122,-0.04264594921313883,0.0703446581834133,0.14110982720441625,0.19391567540763227
SSP585,Interactive,AFE,0,All,2072,-0.16073587859089733,-0.4057072498073792,-0.3745975525765921,-0.32814092907440545,-0.2452625687000683,-0.145112725498578,-0.04431758289350393,0.07325560365916904,0.1470996144184136,0.20375828060747767
SSP585,Interactive,AFE,0,All,2073,-0.1663715452009018,-0.4164780378432709,-0.38455297545287304,-0.3383382589039242,-0.25309072380727154,-0.15011851343925697,-0.04578948665431032,0.07653208543388978,0.15289554704688973,0.2123789971504878
SSP585,Interactive,AFE,0,All,2074,-0.1720249619732972,-0.4271353242811796,-0.39551217976325925,-0.3485355096458084,-0.26114388016198825,-0.15532537516016837,-0.047414631241157024,0.07920580377612449,0.15860247728810054,0.220566136434588
SSP585,Interactive,AFE,0,All,2075,-0.17769028359158623,-0.4384141478402413,-0.40642657744328986,-0.35872457930066454,-0.26941984148947734,-0.15982771230671022,-0.049035616023485384,0.0819706459678251,0.16445451403864594,0.22896386887962414
SSP585,Interactive,AFE,0,All,2076,-0.17940467170816365,-0.4469663154882574,-0.41404704380146545,-0.36599268599676327,-0.27412955077061496,-0.16148705258712592,-0.0457919302748617,0.08930029354377803,0.17584860634805632,0.24134167203398826
SSP585,Interactive,AFE,0,All,2077,-0.18483698646397106,-0.4582227735406092,-0.423907169072753,-0.3760121006511789,-0.28121240468260156,-0.16570318161179265,-0.04654414576222962,0.09259711614747562,0.18313601165080393,0.25047345919330255
SSP585,Interactive,AFE,0,All,2078,-0.1902555684018291,-0.469383537072657,-0.4339150302372608,-0.38599800121910244,-0.28903582706167796,-0.16999181231819777,-0.04792846076716489,0.09601648466508234,0.19069249598696217,0.25985564963063834
SSP585,Interactive,AFE,0,All,2079,-0.19565468965734079,-0.4805244884811047,-0.4439801879674921,-0.3959431930199407,-0.2970853636214641,-0.17571318939859787,-0.04945266639591339,0.10009387174635638,0.19801682769816784,0.26949672861248064
SSP585,Interactive,AFE,0,All,2080,-0.20102866711078082,-0.49199721375578487,-0.4539323736391449,-0.40580126350784734,-0.3042422560281388,-0.18075576590915882,-0.050566052864752103,0.10446911583869416,0.20479545749679462,0.2794055815552911
SSP585,Interactive,AFE,0,All,2081,-0.20156082735723768,-0.5004110375946049,-0.4604533850735011,-0.41213154993683065,-0.30616380950744315,-0.18076809179073677,-0.04568578721290284,0.11472209688925254,0.21588629477642643,0.2946317665186401
SSP585,Interactive,AFE,0,All,2082,-0.20662047111626425,-0.5115931993309067,-0.47042482812561087,-0.42201325420332725,-0.3132601537841596,-0.18504935210484652,-0.04577279323896777,0.11932783573519687,0.22365646364311598,0.3054875745980905
SSP585,Interactive,AFE,0,All,2083,-0.21163141757053117,-0.5224559560061363,-0.47985102816930314,-0.43158143362057344,-0.32066565249487666,-0.18957926665084718,-0.046216592040927235,0.12434834176834617,0.23345149508525334,0.31900934718717044
SSP585,Interactive,AFE,0,All,2084,-0.21658826653427543,-0.5322616364906235,-0.4898424969526515,-0.4405548046025535,-0.32805161079269957,-0.19428489554760286,-0.04718815483426056,0.1294289587732399,0.2426840901429499,0.33123009234582484
SSP585,Interactive,AFE,0,All,2085,-0.2214856906103827,-0.5419042371565227,-0.4997214654046425,-0.4484795189000052,-0.3355418507605722,-0.19784383963297386,-0.04823560490142889,0.13464194873018087,0.25125668630419645,0.34273731809801095
SSP585,Interactive,AFE,0,All,2086,-0.22083422567473177,-0.5472175023787119,-0.506072864113013,-0.4539296304606433,-0.3370121116093982,-0.19665118461470332,-0.040090639858455124,0.14767890148267726,0.2666524267585211,0.3635086761257755
SSP585,Interactive,AFE,0,All,2087,-0.22536821325499712,-0.5567880888747523,-0.5164546401662565,-0.4619162452655555,-0.34439984929177914,-0.20026022041366304,-0.0395505925915928,0.15585643672614252,0.27614758417511787,0.37860696898549917
SSP585,Interactive,AFE,0,All,2088,-0.22982253683127307,-0.5674241842637108,-0.5253379513004945,-0.4711051180486292,-0.3510327395975489,-0.20445483499342365,-0.03965088615691803,0.16524105679454681,0.28745886035443,0.3942657208836545
SSP585,Interactive,AFE,0,All,2089,-0.2341922189434974,-0.5779648811643487,-0.5334481819596035,-0.4800227883775116,-0.3575461067377955,-0.20776010135760348,-0.039221222129379896,0.1748596346922109,0.2977832376611727,0.4105378209211221
SSP585,Interactive,AFE,0,All,2090,-0.23847235914436948,-0.5883459019219712,-0.5426093997730488,-0.487814968002709,-0.3636248225292318,-0.21197580556815138,-0.03902906320008839,0.18405768450323529,0.3104576804926512,0.4274500497471312
SSP585,Interactive,AFE,0,All,2091,-0.2365278254792733,-0.595382646958791,-0.5473510715907283,-0.4924784615977049,-0.3649194269598531,-0.2099755249196551,-0.030911119611885585,0.202590088623444,0.33688419095941563,0.45494355491197563
SSP585,Interactive,AFE,0,All,2092,-0.24040719599090932,-0.6039375403587114,-0.5561078625538184,-0.49981573155187853,-0.3707824434144744,-0.2134309119423799,-0.028303573735917714,0.21029480822912322,0.35404332513304143,0.4737603168908344
SSP585,Interactive,AFE,0,All,2093,-0.24417990812795465,-0.6117747025585456,-0.5647274011169505,-0.5069838133573565,-0.3768405274969344,-0.21599858899640118,-0.025971116883941908,0.21811087456992376,0.3698933734222457,0.4931412328864776
SSP585,Interactive,AFE,0,All,2094,-0.24784139577402708,-0.6194225112442507,-0.5731885677720617,-0.5146976839945384,-0.3830620400140192,-0.21821286862831235,-0.024178967400681983,0.22616120432823542,0.3843749448615958,0.5137753561248481
SSP585,Interactive,AFE,0,All,2095,-0.25138715412069246,-0.6268254707924386,-0.5814980812748779,-0.5214137842410933,-0.38952688639890154,-0.22084498708825107,-0.02334201295500904,0.2342817426457371,0.3992545787894049,0.5350547708446505
SSP585,Interactive,AFE,0,All,2096,-0.2479648179752485,-0.6306753336699656,-0.5854709574356879,-0.5217235889955726,-0.38863334699898594,-0.21503828019854704,-0.014309399117919508,0.24817482975724792,0.4246540752334549,0.5695507243184985
SSP585,Interactive,AFE,0,All,2097,-0.25102177649082624,-0.6388320502473845,-0.594809350048142,-0.5278171700378406,-0.39405605893817436,-0.21738378602235314,-0.012579086404683804,0.26120233388920205,0.4411270502216651,0.5933207001805069
SSP585,Interactive,AFE,0,All,2098,-0.25394685406953144,-0.6468649581493617,-0.6040315448781369,-0.5348401660077231,-0.4012667464350992,-0.21869487892174228,-0.010465754491033041,0.27088369460372497,0.4582348666605217,0.6182873465569177
SSP585,Interactive,AFE,0,All,2099,-0.25673579668279933,-0.6547766539557413,-0.6110119500692839,-0.5427210305099234,-0.4052270002663131,-0.22050823643043826,-0.007218645454508399,0.28407340778680784,0.47673382715513374,0.6489383041175586
SSP585,Interactive,AFE,0,All,2100,-0.25938437611420784,-0.662038751770819,-0.616619440385894,-0.549469176032482,-0.4104266035160229,-0.22160595275501493,0.0017323952605965975,0.2941074480531992,0.5011198550749155,0.6793827162642798
SSP585,Interactive,AFE,0,Dir,2021,-1.2216772256523623e-4,-3.803003451295972e-4,-3.5297778353376996e-4,-2.961927705281142e-4,-2.0618172463254814e-4,-1.1734824927822629e-4,-2.882328871381401e-5,5.388013228793121e-5,9.438332057667418e-5,1.3822940362878675e-4
SSP585,Interactive,AFE,0,Dir,2022,-3.8094703522761897e-4,-0.0011598887503661587,-0.0010750469611315095,-9.062693082434236e-4,-6.299412846957619e-4,-3.6783002363982575e-4,-9.949683367604933e-5,1.4725229145595709e-4,2.685770332474302e-4,4.086545421679244e-4
SSP585,Interactive,AFE,0,Dir,2023,-7.905263787966188e-4,-0.0023528179672153734,-0.0021795590698135913,-0.0018463809411236154,-0.0012901519756003677,-7.64961084895821e-4,-2.2412789750433926e-4,2.654848851932902e-4,5.051762651468558e-4,7.98490536677343e-4
SSP585,Interactive,AFE,0,Dir,2024,-0.001364797671985496,-0.0039647318856526805,-0.0036807325361778165,-0.0031300536952584613,-0.0022018088344193665,-0.0013173632430591442,-4.1811648026651715e-4,4.0278927973749225e-4,8.056536809210138e-4,0.0012924838500252445
SSP585,Interactive,AFE,0,Dir,2025,-0.0021173130350762293,-0.006010193874447197,-0.005591129710398995,-0.004775752306606207,-0.0033762844068498388,-0.00204222543530419,-6.966798220572334e-4,5.247581445620986e-4,0.001140902955481614,0.0018700135016193492
SSP585,Interactive,AFE,0,Dir,2026,-0.003107236786017431,-0.008589972029810553,-0.007974931270258218,-0.0068563342729193845,-0.004885240448908229,-0.0030094881396044992,-0.001094285418248575,6.024303187379677e-4,0.0014766341827472712,0.0024682841185448543
SSP585,Interactive,AFE,0,Dir,2027,-0.004272732360729892,-0.011584149547671008,-0.010752802849988669,-0.009283684390301606,-0.0066317429091334035,-0.004147977019692606,-0.0015786790165005504,6.643969017681834e-4,0.0018786210753375266,0.0031776595424678022
SSP585,Interactive,AFE,0,Dir,2028,-0.005657711614056038,-0.015040069321349122,-0.013974395343381017,-0.012122642570336784,-0.008690876160412142,-0.005507524459368918,-0.0021848325674089786,6.975565871249597e-4,0.0022857032896371056,0.003959660394053471
SSP585,Interactive,AFE,0,Dir,2029,-0.007273960008497116,-0.018979246373883034,-0.017664054481292973,-0.015366768466545522,-0.011053825950933127,-0.007064350031668776,-0.002921247388265852,6.968435372157754e-4,0.0026930509457477724,0.0047639215544409575
SSP585,Interactive,AFE,0,Dir,2030,-0.009132665838753273,-0.02345687444808194,-0.021861377693007625,-0.01893398222061282,-0.013751279072303835,-0.008848391177619819,-0.0038010686659032122,5.976635176189201e-4,0.0030899473810648464,0.0056228624918097485
SSP585,Interactive,AFE,0,Dir,2031,-0.011306342621447918,-0.028548194695799247,-0.02665983199381351,-0.022992687168467606,-0.016811856242196693,-0.0109612674236082,-0.004876659631067981,4.063407704332908e-4,0.003486791736522974,0.006487150857855715
SSP585,Interactive,AFE,0,Dir,2032,-0.013683149562246921,-0.03402074935681223,-0.03173814653139774,-0.027479493000870603,-0.020227797689340354,-0.013247195855063343,-0.00608359295478203,1.628332420638115e-4,0.0038510493897451286,0.007320404703364938
SSP585,Interactive,AFE,0,Dir,2033,-0.01632850317680623,-0.04000762721430549,-0.03738764951845235,-0.03232815408939856,-0.023971644630341626,-0.01580078136535934,-0.007446615406998397,-7.680344398082128e-5,0.004191113071056328,0.00814354159487396
SSP585,Interactive,AFE,0,Dir,2034,-0.019250225283033107,-0.04650504838358244,-0.043536359034670555,-0.037595510971539486,-0.02797182551649363,-0.018651876197065098,-0.00899144510837463,-4.699143990868236e-4,0.004463345500838998,0.008946684160021234
SSP585,Interactive,AFE,0,Dir,2035,-0.02245535901736362,-0.05351751556343497,-0.05017248953743312,-0.043361258413153934,-0.032469284105567736,-0.02178824028245202,-0.010756153869207252,-9.952147091565776e-4,0.0046552717696988054,0.00972052626758512
SSP585,Interactive,AFE,0,Dir,2036,-0.025988610284831792,-0.061106172798548124,-0.05730597041052338,-0.04970633469728371,-0.037326608629748126,-0.025291355322249742,-0.012676271592817534,-0.0016455568254668317,0.00482187455241052,0.010860708057380852
SSP585,Interactive,AFE,0,Dir,2037,-0.029756439514207145,-0.06908569759201127,-0.06481882813909329,-0.056367013581779556,-0.04248874165488842,-0.028996175001737623,-0.01482329422147144,-0.0023702162888546634,0.004912778203591715,0.011738071731672597
SSP585,Interactive,AFE,0,Dir,2038,-0.03381536445678135,-0.07754782850739081,-0.07279343835178725,-0.06345405128357375,-0.04791963183482714,-0.03296973355553373,-0.017188310646063715,-0.003222837865316548,0.004929537790826452,0.01254724073224251
SSP585,Interactive,AFE,0,Dir,2039,-0.038168282815042254,-0.0864844830622867,-0.08122347411695996,-0.07096198578830595,-0.053790453448552183,-0.037167373587267405,-0.019766365275115938,-0.004206985982227667,0.004865843809516821,0.013317559649625376
SSP585,Interactive,AFE,0,Dir,2040,-0.042817228509860916,-0.0958860665318008,-0.09010123072709701,-0.07887815345505012,-0.05990023005749859,-0.04162396855445727,-0.022554275234738103,-0.005250972299388151,0.004715838914227096,0.014042854022852455
SSP585,Interactive,AFE,0,Dir,2041,-0.04761418457016675,-0.10570384950528802,-0.09917361993888335,-0.08710377402447857,-0.06638647627355052,-0.046185082512892495,-0.025343708001733356,-0.00601311023774904,0.004606694253802351,0.014932622242478263
SSP585,Interactive,AFE,0,Dir,2042,-0.05279055073938477,-0.11592387845480169,-0.1088255479695506,-0.09574617196378635,-0.07322524824435073,-0.051226426737910724,-0.028446714105657522,-0.007226174492240108,0.004328884765303713,0.015634900169726424
SSP585,Interactive,AFE,0,Dir,2043,-0.05825124968734241,-0.12654834672872775,-0.1188704104340538,-0.10475944143121402,-0.08039507533609935,-0.05654325483026296,-0.03172156648712535,-0.008617228744846744,0.003954913599960454,0.016359574748847132
SSP585,Interactive,AFE,0,Dir,2044,-0.06399412849119679,-0.1375567432184101,-0.12929320135367947,-0.11404313690587423,-0.08788998481021496,-0.06213825581181531,-0.035257529091231504,-0.010142171957127858,0.00348019677931618,0.01705133172104761
SSP585,Interactive,AFE,0,Dir,2045,-0.0700162121432063,-0.14893302812035164,-0.14007476931516977,-0.12363952985023521,-0.09566828943009259,-0.06800347102256071,-0.03899669986282239,-0.011799041738358575,0.002900540700581674,0.017690728490178616
SSP585,Interactive,AFE,0,Dir,2046,-0.07572153282085259,-0.1597199941509733,-0.15040301641595413,-0.1332649058622185,-0.10307933147154932,-0.07360599248918126,-0.0421849201288812,-0.012826350530011892,0.0026283345229841885,0.01877861426976462
SSP585,Interactive,AFE,0,Dir,2047,-0.08215979327767897,-0.1714882458931827,-0.1617188129258009,-0.1434839391422907,-0.11132605984515781,-0.07985767161035329,-0.04611650093116737,-0.014588718499270297,0.00200835914394509,0.019420297614143912
SSP585,Interactive,AFE,0,Dir,2048,-0.08884777269639921,-0.1837534481218837,-0.1733273418643304,-0.15401929486595115,-0.1197905827382135,-0.08625682100884391,-0.050234527502812376,-0.016465166020521966,0.0013251164634958065,0.0200110956492696
SSP585,Interactive,AFE,0,Dir,2049,-0.09577888446062544,-0.19630034359241286,-0.18520547728750486,-0.16485945056088996,-0.12848965008616905,-0.09293319861707094,-0.054538467885985126,-0.018454030476597823,5.46024378127587e-4,0.020547925051125553
SSP585,Interactive,AFE,0,Dir,2050,-0.10294587180480452,-0.20910797290291563,-0.19732461695722933,-0.17590812271629294,-0.1374081449283265,-0.09983199480297811,-0.05901863613687289,-0.02055312786926195,-3.312781715403865e-4,0.021027965385899537
SSP585,Interactive,AFE,0,Dir,2051,-0.10897679317452236,-0.22093509350657997,-0.20826000100469064,-0.18574849119469444,-0.14503026890363332,-0.10527095013989268,-0.06254657736152053,-0.021643161054314727,-2.1913041501681705e-4,0.022680928640842833
SSP585,Interactive,AFE,0,Dir,2052,-0.11635212996740729,-0.23398637810143247,-0.2209207126563668,-0.1970554507151487,-0.15427613135883325,-0.11218979640635796,-0.06719574671102715,-0.023937426916359736,-0.0010990504623078273,0.023369152382638925
SSP585,Interactive,AFE,0,Dir,2053,-0.12391587245447921,-0.24700800475017984,-0.23315457590765204,-0.20854816691286548,-0.16372493402865204,-0.11932788298378694,-0.07172215906741766,-0.02635801448161,-0.002053226027235668,0.024052862413411546
SSP585,Interactive,AFE,0,Dir,2054,-0.13165798005589824,-0.26011327587917066,-0.2455972391465208,-0.2202632602141947,-0.17347310407927177,-0.1265017753978288,-0.07680410572004018,-0.028900068067667345,-0.002886390406009027,0.02473617964021434
SSP585,Interactive,AFE,0,Dir,2055,-0.1395679707484263,-0.27376550744781575,-0.25805722344503174,-0.23210548022833274,-0.1832510998630357,-0.13382195292731996,-0.08184429317168937,-0.03153392511375697,-0.003796080522372266,0.02542375254755747
SSP585,Interactive,AFE,0,Dir,2056,-0.14532850557831645,-0.2855951497844779,-0.2677512915615189,-0.2417073124753607,-0.19091971858868417,-0.13910174850221085,-0.08503104941261566,-0.032124231650381196,-0.00306228337448348,0.028684300560360743
SSP585,Interactive,AFE,0,Dir,2057,-0.15321616316797648,-0.2986111223762462,-0.280067405572775,-0.25346497365741066,-0.20095153632349344,-0.14690574661880718,-0.08944358688037271,-0.03444156500262767,-0.0035420627387302995,0.029792520940209014
SSP585,Interactive,AFE,0,Dir,2058,-0.16121398897293038,-0.311965318977793,-0.29333412759750105,-0.26531291579984834,-0.2111179312972666,-0.1546333693669934,-0.09424658394951749,-0.035928816946239416,-0.003995252144423338,0.03095758828519576
SSP585,Interactive,AFE,0,Dir,2059,-0.1693097901364029,-0.3253479118401936,-0.3066972761304091,-0.27717120110822296,-0.22136205996774574,-0.16206277433690142,-0.09872058174162451,-0.0369805824350741,-0.0044134723643915064,0.0321879485853347
SSP585,Interactive,AFE,0,Dir,2060,-0.1774911703126104,-0.33917284341814397,-0.3198207732295284,-0.288986419442093,-0.23123794140723797,-0.16993947093585088,-0.10350249072375856,-0.038942126322801994,-0.00478787471310195,0.03349264280227917
SSP585,Interactive,AFE,0,Dir,2061,-0.18230343938074,-0.3499375186888485,-0.32889404339477524,-0.29668872319999706,-0.2372538962481832,-0.17429427951589055,-0.10390583260607911,-0.037423257126652065,-0.001228443260880516,0.038907657869854936
SSP585,Interactive,AFE,0,Dir,2062,-0.1902133942971359,-0.3630454436384497,-0.3408534976279102,-0.3074817491759018,-0.24668774596401383,-0.18168932014743927,-0.1085651738817087,-0.039142513893629306,0.0012517599583927144,0.04095020488140349
SSP585,Interactive,AFE,0,Dir,2063,-0.1981471745999186,-0.3760802120584371,-0.3538121935412647,-0.319432368122485,-0.2567507388518869,-0.18886003169084947,-0.11357192865642185,-0.04091264902687454,0.0023281002861485363,0.04314167907460691
SSP585,Interactive,AFE,0,Dir,2064,-0.2060918605779486,-0.38899795221583766,-0.3668655925075691,-0.3304509219284487,-0.26617554296082746,-0.19572451754066172,-0.11904746642177297,-0.04094615550820812,0.002850677312014241,0.045460227985518006
SSP585,Interactive,AFE,0,Dir,2065,-0.214034534361771,-0.4018006719832855,-0.3798893372803556,-0.3410314437925316,-0.2760057981063342,-0.2028974361708537,-0.12344942408704476,-0.04062859908338149,0.003292117078007169,0.04795187920960476
SSP585,Interactive,AFE,0,Dir,2066,-0.2176468893440351,-0.4107895064613079,-0.388739466008812,-0.34789718320695606,-0.2815249685272714,-0.20559646663525977,-0.1241884802860875,-0.03780223104228247,0.009979187537671729,0.05559441157179417
SSP585,Interactive,AFE,0,Dir,2067,-0.22516557685318372,-0.42303150969216347,-0.4013933713153271,-0.35899508062706614,-0.2903884435546644,-0.21270112071514052,-0.12738120966142027,-0.03908154654132264,0.01200271190578618,0.059374333546734014
SSP585,Interactive,AFE,0,Dir,2068,-0.23262702654752299,-0.43495265663541133,-0.4130418623304809,-0.3701788527076767,-0.2989304411549295,-0.21903009724538458,-0.13150049229291041,-0.04039002948791849,0.011814800893400151,0.06308830447533467
SSP585,Interactive,AFE,0,Dir,2069,-0.24001874944800106,-0.44635980588299573,-0.42617825385772895,-0.3815037291381477,-0.30780226200216787,-0.2250693590270728,-0.13417747151858514,-0.042039496609145306,0.01299448372720105,0.0666986296078464
SSP585,Interactive,AFE,0,Dir,2070,-0.2473283837610014,-0.4575445924169919,-0.43728645090571633,-0.3923517619302586,-0.3172001996895092,-0.23169639272411635,-0.13721599935060116,-0.04181777480012321,0.014687896104702435,0.06956996482099317
SSP585,Interactive,AFE,0,Dir,2071,-0.2493923623012716,-0.4650429680011914,-0.44415561719896607,-0.3978986239890223,-0.3222903511458874,-0.23403885715623385,-0.1344301832309579,-0.03588695267922455,0.026592377049953618,0.07798899186073419
SSP585,Interactive,AFE,0,Dir,2072,-0.256165121333764,-0.4771642082012204,-0.4560627631017996,-0.40754805332099525,-0.3307894674494334,-0.24071580302359208,-0.13754278378666163,-0.03538231989234287,0.028565042900803195,0.0844959598649177
SSP585,Interactive,AFE,0,Dir,2073,-0.2628101722786569,-0.4880630271617981,-0.46630853143445544,-0.4169948555998453,-0.33824724841893195,-0.24749754450333528,-0.14034211918986098,-0.03289361545214584,0.03418603107193015,0.09398918347401013
SSP585,Interactive,AFE,0,Dir,2074,-0.26931610238908077,-0.4992408702657976,-0.4768823540968281,-0.42634152496697203,-0.346427293174686,-0.2538923820450773,-0.14453481242952365,-0.03368066112182918,0.040201531897606675,0.10183816183971463
SSP585,Interactive,AFE,0,Dir,2075,-0.2756716559247574,-0.5103256727925359,-0.486958827124298,-0.4366863097833279,-0.3543509626658803,-0.25831171667306985,-0.1469744080194923,-0.030346003828563145,0.04619291012875814,0.12296541652064565
SSP585,Interactive,AFE,0,Dir,2076,-0.2759088992134452,-0.5177966960141085,-0.4921305765175163,-0.44132760775331914,-0.35682950732161645,-0.2571962080082349,-0.1435997464856055,-0.022799712589305222,0.0607670569083278,0.13163951832953166
SSP585,Interactive,AFE,0,Dir,2077,-0.28165175127515363,-0.5284747598659241,-0.5029941716078361,-0.4488148418318203,-0.36413334583817075,-0.2622643678495093,-0.14443311039512272,-0.020742497115859255,0.07031286742889964,0.1435409079931187
SSP585,Interactive,AFE,0,Dir,2078,-0.28720742766226015,-0.5398150206423726,-0.5136774372204979,-0.45861439746347293,-0.37122947718999605,-0.2658729288764701,-0.14512936353870678,-0.019170672456064797,0.07946983822900303,0.15598059882261794
SSP585,Interactive,AFE,0,Dir,2079,-0.29256549293356504,-0.5509739452380223,-0.5241775449956837,-0.46890279213559716,-0.3793389298385993,-0.27078404515801197,-0.14638217825464428,-0.017340989895009477,0.0891991521314277,0.16727650343009065
SSP585,Interactive,AFE,0,Dir,2080,-0.2977155998077887,-0.5619021488602998,-0.5344609519889013,-0.4793551532293327,-0.38635525589343966,-0.27531615670024434,-0.14578226083584778,-0.0138049966892994,0.09788642228005076,0.1768556078801482
SSP585,Interactive,AFE,0,Dir,2081,-0.29593835301868443,-0.5688916735545522,-0.5379368260291497,-0.48313181060457405,-0.3885216734836344,-0.2719152987721503,-0.13890483177895843,0.001596322781165223,0.11822898026620397,0.1980462421286957
SSP585,Interactive,AFE,0,Dir,2082,-0.300381127973286,-0.5782109161166136,-0.5461930970840175,-0.49173860707809347,-0.3960656279621293,-0.27693353130726345,-0.1377300720551977,0.012051807878658914,0.13189643234675857,0.2098784794452469
SSP585,Interactive,AFE,0,Dir,2083,-0.30458262747941034,-0.5892008232809839,-0.5554704233075525,-0.500787394615865,-0.4023396862170126,-0.28058989503949955,-0.1349434250373848,0.019443074400656492,0.14350600241351316,0.22435837861847038
SSP585,Interactive,AFE,0,Dir,2084,-0.3085327434815047,-0.5998667473812838,-0.5646521885129249,-0.5105016031259707,-0.40842038248413876,-0.28348162143923106,-0.1323058683565454,0.026018479869652077,0.15910582753907304,0.2365006686379152
SSP585,Interactive,AFE,0,Dir,2085,-0.3122213127889165,-0.6079801113328801,-0.5717822113159609,-0.5179150344802499,-0.4165176453330323,-0.2855576765844979,-0.12933219608837437,0.030807161894605244,0.17587960434830702,0.2583026129275403
SSP585,Interactive,AFE,0,Dir,2086,-0.30851271236030764,-0.612016976187658,-0.5746674290626389,-0.5192648665272752,-0.4177158196022048,-0.28000879560369873,-0.11842441109684776,0.048925393831217114,0.19912468946765027,0.30204937147821076
SSP585,Interactive,AFE,0,Dir,2087,-0.31143247112299155,-0.6197593472471508,-0.5833555591210331,-0.5276127175753996,-0.42216991941015036,-0.28205392786664646,-0.1132516931566474,0.05931058050353704,0.21505792901238988,0.3360660712154667
SSP585,Interactive,AFE,0,Dir,2088,-0.3140592125125644,-0.6285686821910315,-0.5901118620204322,-0.5336670190910715,-0.42609095100732186,-0.28265847826728996,-0.10822134025624999,0.07003650751658627,0.23915644914756967,0.3633095239233167
SSP585,Interactive,AFE,0,Dir,2089,-0.3163822476487549,-0.6376179848228664,-0.5947121454451425,-0.5410253572289064,-0.4299718259613955,-0.2832018039406064,-0.10137730297452396,0.08324406471541868,0.2585751099416787,0.39346167193880316
SSP585,Interactive,AFE,0,Dir,2090,-0.31839063326264927,-0.6464646390366349,-0.6029588158461293,-0.5480644052793124,-0.4349867262975957,-0.2840855142326635,-0.09606393701589253,0.09726850157076611,0.28730223627331947,0.43853432891679417
SSP585,Interactive,AFE,0,Dir,2091,-0.31274031970664706,-0.6509896235303996,-0.6069504220726054,-0.550380795706245,-0.4326728936737225,-0.2767462797216435,-0.08078700189812965,0.11859238337927246,0.3244899491161505,0.4767137963914276
SSP585,Interactive,AFE,0,Dir,2092,-0.31393183014984105,-0.6577460872137197,-0.6151295847239936,-0.5574630163257868,-0.43776962747874587,-0.2775589309183315,-0.07432572252260986,0.13441313383603992,0.34469424697769313,0.5201753280857685
SSP585,Interactive,AFE,0,Dir,2093,-0.3147763092504714,-0.6642705383395227,-0.6231238093210155,-0.5646486104989039,-0.44038819701388293,-0.27762680447941557,-0.06739276472937544,0.14946967816433684,0.36247857064975075,0.5642772940850023
SSP585,Interactive,AFE,0,Dir,2094,-0.31526142928896417,-0.6705655633958493,-0.630903938441955,-0.5710521309097859,-0.443391062709674,-0.27776635175584347,-0.05785419160635277,0.1681733427068549,0.3951865523320081,0.6052874246449256
SSP585,Interactive,AFE,0,Dir,2095,-0.31537436309229505,-0.6771506060847317,-0.6350504015582585,-0.5765756548659302,-0.44676466120549496,-0.275945202092819,-0.048121799625824746,0.19465019070998602,0.4186225263532632,0.6492273654927527
SSP585,Interactive,AFE,0,Dir,2096,-0.3075044820502071,-0.6811931901405297,-0.6343274286424084,-0.5761323116020515,-0.4434862615244797,-0.26552271233860136,-0.028418324870091466,0.23354415520101884,0.4761458808110293,0.7127650519626177
SSP585,Interactive,AFE,0,Dir,2097,-0.3066624618566738,-0.6871161556699763,-0.6386875633429675,-0.5826060866250307,-0.4455101892494749,-0.26392266035901935,-0.018320695268387643,0.2590016938949026,0.513285376577609,0.7739320696515967
SSP585,Interactive,AFE,0,Dir,2098,-0.30540794796804904,-0.6931188973315047,-0.6443554588695406,-0.5885689805327022,-0.4485570310964275,-0.26245526475604564,-0.005134590390929339,0.29189262864187565,0.5449442041586371,0.8441382947844783
SSP585,Interactive,AFE,0,Dir,2099,-0.3037255124268521,-0.7015705768759106,-0.6482062776664974,-0.5936270502038722,-0.45060756351541364,-0.2591875269020719,0.010992404201126516,0.3239827587201616,0.5914515540049283,0.9065693936962586
SSP585,Interactive,AFE,0,Dir,2100,-0.3015989021538874,-0.7070459189793733,-0.6533409728629909,-0.5982563282877467,-0.4533516739781691,-0.2532820447609725,0.025410633359085555,0.35439223444811063,0.6336811327989074,0.9826732171660674
SSP585,Interactive,AFE,0,IE,2021,8.636476794698922e-5,-1.4694698153122633e-5,2.249968375306337e-6,1.788962425888219e-5,5.1854311821475374e-5,9.150843042943224e-5,1.2532096928066783e-4,1.5615991697967013e-4,1.7763848673863487e-4,1.9775295567690525e-4
SSP585,Interactive,AFE,0,IE,2022,2.6465850608958785e-4,-3.561812568023125e-5,1.1739041780461929e-5,5.8709005994161964e-5,1.6324923059538032e-4,2.8049237287564033e-4,3.822570006732917e-4,4.746258951272564e-4,5.368751013745286e-4,6.007764418699879e-4
SSP585,Interactive,AFE,0,IE,2023,5.403301246380554e-4,-5.465905964768256e-5,3.389795400732809e-5,1.278855720110217e-4,3.3919117526937104e-4,5.717052857139304e-4,7.763432670560566e-4,9.56355297501843e-4,0.001081606708617616,0.001215226484269774
SSP585,Interactive,AFE,0,IE,2024,9.186846066625565e-4,-7.363185888859256e-5,7.098371673152636e-5,2.3207609661098918e-4,5.833371160816059e-4,9.67947704552885e-4,0.0013129496821591702,0.0016068381546149536,0.0018230220616887336,0.002037824329841922
SSP585,Interactive,AFE,0,IE,2025,0.0014048529697220369,-1.0303660165390249e-4,1.2506708100854525e-4,3.760990375625384e-4,8.921524013295878e-4,0.0014755089957422252,0.001996525382893105,0.002441626712498135,0.0027651917142256896,0.0030933606147492353
SSP585,Interactive,AFE,0,IE,2026,0.001986780547987399,-1.1891406073063212e-4,2.0415664145390092e-4,5.571458340778102e-4,0.0012626827160777399,0.0020850355658825204,0.0028114097161774376,0.0034475289462835845,0.0038803880449103487,0.004324459207858829
SSP585,Interactive,AFE,0,IE,2027,0.002696905552553197,-9.674942037012068e-5,3.2742053652515257e-4,8.05283797850398e-4,0.001738883227301924,0.0028379059253040295,0.0037956715708849786,0.00464489026140349,0.005226715080006527,0.0057987108638256095
SSP585,Interactive,AFE,0,IE,2028,0.003527214544651436,-6.154148716716586e-5,4.81234871564662e-4,0.0011012446289482946,0.0023102936124571316,0.003719856218407258,0.004932289742383605,0.006008732414988028,0.006795136329686502,0.007493923369380501
SSP585,Interactive,AFE,0,IE,2029,0.004481485837193988,-1.5828051834587514e-5,6.562505490392001e-4,0.0014602110343553186,0.0029624667741442734,0.004755053096960893,0.006231153593738353,0.007570396281018,0.008556266634852084,0.009448683868780006
SSP585,Interactive,AFE,0,IE,2030,0.00556311882570204,5.3162006445295534e-5,8.971603071527501e-4,0.0019028720328350681,0.0036968002175616077,0.00589114462626722,0.007675060858252369,0.009347782151899343,0.010534619391724214,0.011627249058074381
SSP585,Interactive,AFE,0,IE,2031,0.00670108478773801,6.041260194751283e-5,0.0011531769394733439,0.002362035689374109,0.004464756591769259,0.007053538181946317,0.009225492603675167,0.011199801674304876,0.012651835334534027,0.013876755519601734
SSP585,Interactive,AFE,0,IE,2032,0.008025326614572559,1.6009383312578522e-4,0.0014728840478822724,0.002888106267163282,0.005386782283428121,0.008424000946234855,0.010993567733928983,0.01331707994774487,0.015036880914831328,0.016432024300255796
SSP585,Interactive,AFE,0,IE,2033,0.009479808465946649,2.3603990597881045e-4,0.0018614616272970065,0.0035047180379974233,0.006451494311299988,0.009923580073945115,0.012934878266761568,0.015610426344128204,0.01767390328805928,0.019249668613291297
SSP585,Interactive,AFE,0,IE,2034,0.011065556119918107,4.367482957759849e-4,0.0022793899644259594,0.004184376378932419,0.007588503070774827,0.011598324909601332,0.01503079119430728,0.018130234229672703,0.020527100603564885,0.022291661391037342
SSP585,Interactive,AFE,0,IE,2035,0.012783069879215403,6.130034364548842e-4,0.0027496009878437643,0.004935655991714484,0.008838918001444929,0.01339575925463432,0.01729247471843076,0.020870110592878167,0.02361125681886143,0.02550599605067631
SSP585,Interactive,AFE,0,IE,2036,0.014462563645817106,6.217893611693228e-4,0.003171640268920934,0.00562905985064035,0.010044834696263882,0.015093320872326899,0.019512097688168584,0.023649536401497473,0.026671213471393243,0.028737360729288893
SSP585,Interactive,AFE,0,IE,2037,0.016407288332670467,8.110183357309456e-4,0.003626822502986371,0.0064918388823828055,0.011415460497821994,0.01708823080935057,0.022051860087347497,0.02676065132744656,0.030057697586641653,0.032403667374985526
SSP585,Interactive,AFE,0,IE,2038,0.018475681167850255,0.0010205684162432618,0.004204227597022032,0.007321443762373358,0.012852490325849397,0.01921935932057739,0.02483175339064503,0.03005894979156658,0.033802561677373145,0.0362657801310229
SSP585,Interactive,AFE,0,IE,2039,0.020665497763174723,0.0012490350261279261,0.00477697763688536,0.008285510678142672,0.014329278642583793,0.021436381649294456,0.02768363987943237,0.03354732586501127,0.037754809405803835,0.040306010678500176
SSP585,Interactive,AFE,0,IE,2040,0.02297391749998645,0.0014947097348948254,0.005383887245796382,0.009311957035720075,0.015957102390740247,0.023760637732060164,0.030668453484034713,0.037127542111453256,0.04193401365442948,0.044691234755486094
SSP585,Interactive,AFE,0,IE,2041,0.025066717468811173,0.0014092223699460227,0.005665537057369496,0.010073752951379933,0.017479431212488933,0.025874968915479468,0.03355776995452556,0.04046364552904556,0.04582244617509636,0.04886068271498417
SSP585,Interactive,AFE,0,IE,2042,0.02755433912107108,0.001674712597728431,0.006216028841093552,0.011266674510460819,0.01916537181993999,0.02823666078462128,0.036822370963012274,0.04426413523354157,0.050222341926317644,0.053273919711378764
SSP585,Interactive,AFE,0,IE,2043,0.030143367606199734,0.0020068101978184764,0.006893978322659379,0.012412125485920534,0.020957035212600533,0.030757752881967304,0.04017406173223095,0.048356395789603414,0.054521234449561466,0.05795644874537672
SSP585,Interactive,AFE,0,IE,2044,0.03282854519649758,0.0021099262010278257,0.007575634392839276,0.013579171643983857,0.022930410347745178,0.03356369181032698,0.043585704095074757,0.052549578433107924,0.059117494396676136,0.06270983142883237
SSP585,Interactive,AFE,0,IE,2045,0.035604100191801824,0.002319884915030304,0.008385732908012995,0.01480702358080388,0.02482829943801723,0.03636200473614326,0.04715263351196136,0.05697149452155413,0.06391459307194514,0.06797542050745596
SSP585,Interactive,AFE,0,IE,2046,0.03788810639713969,0.0020176831565464374,0.008881123395709041,0.01564200899184026,0.026303264960428396,0.03864875192818368,0.05036639685551217,0.06085964311822401,0.06807069732819529,0.0730591494159616
SSP585,Interactive,AFE,0,IE,2047,0.04075823538864698,0.002109701150343335,0.009741125261130136,0.01700901928223646,0.028366128536480767,0.04138000111540735,0.0540796882561935,0.06562142863153475,0.0730491423699738,0.07889623154810607
SSP585,Interactive,AFE,0,IE,2048,0.043693164196863754,0.0022351476684269486,0.010636026301526899,0.018004805109015865,0.03050873144297303,0.04427681473440592,0.057876079347081666,0.0702834908786125,0.0781265057294282,0.08431285223888747
SSP585,Interactive,AFE,0,IE,2049,0.04668527594479843,0.002331470407573433,0.011565157633238664,0.019209441484517743,0.032637526314534454,0.04721428597670696,0.06181381695348831,0.0754786447390236,0.08332518863872532,0.08960865206979973
SSP585,Interactive,AFE,0,IE,2050,0.0497265890164974,0.002421773097602731,0.012520056180776661,0.02021512250233938,0.0347807442558741,0.05029675918978932,0.06556597350736987,0.0800412676297059,0.08868564751750474,0.09561292607461479
SSP585,Interactive,AFE,0,IE,2051,0.05190513778127559,0.0013437473046663873,0.012072494132184143,0.020420288632925734,0.035620219699101674,0.05254774349972685,0.06874812912787251,0.08377057133910283,0.09273119426607633,0.10074616551655492
SSP585,Interactive,AFE,0,IE,2052,0.05491885787411288,0.0010550143876831037,0.01247971106197295,0.021580593733315744,0.037583287848698604,0.055487033415931974,0.0725780356909512,0.08904035662441184,0.09819711231687481,0.10722781138128733
SSP585,Interactive,AFE,0,IE,2053,0.057949838782752505,7.090590856281666e-4,0.01277883831898239,0.022708379789887656,0.03988801649137763,0.05842633337194436,0.0768230520847901,0.09411992609312012,0.1034272490514321,0.11253212397815165
SSP585,Interactive,AFE,0,IE,2054,0.06098914322005333,3.774846471195304e-4,0.012973526743243124,0.023919407814890006,0.042188401105122425,0.0614325420042271,0.08118090174404705,0.09888360920542391,0.10865921420135383,0.11822471494043463
SSP585,Interactive,AFE,0,IE,2055,0.06402767177535718,-3.062923308202439e-5,0.013126713566941462,0.024902884164556525,0.0443835092326712,0.06459564207436669,0.08512092032717053,0.10406080048360251,0.1142863996378789,0.1250664554740148
SSP585,Interactive,AFE,0,IE,2056,0.06581587653570953,-0.001933173639179808,0.011784479696172929,0.02438824752293759,0.045293921121961483,0.0667214942750658,0.08796174730912548,0.10802066399814286,0.11878266038815419,0.12988215684390642
SSP585,Interactive,AFE,0,IE,2057,0.06870571995348329,-0.002595695846637286,0.011595103552877507,0.02532134461915895,0.04667584944921163,0.06969820468865318,0.09194822089765539,0.11328089787249736,0.12433353441030451,0.13590612018830028
SSP585,Interactive,AFE,0,IE,2058,0.07156177475585113,-0.0030897862894413456,0.011191876157873693,0.026199731359589543,0.04815254812739764,0.07236845412355902,0.09581704438748517,0.11844036423578334,0.13063557051621855,0.14231965038055286
SSP585,Interactive,AFE,0,IE,2059,0.0743749154055714,-0.004227476996189839,0.011066425133118908,0.02710881080603661,0.049875430742116394,0.07502695938455656,0.09969913544311154,0.1230593059968719,0.1364669078283055,0.14876058380416893
SSP585,Interactive,AFE,0,IE,2060,0.0771360427440746,-0.005193498135215635,0.011117539985531505,0.02786881492962461,0.051341702031524605,0.0780457340100793,0.10324997419129098,0.12739681353052357,0.14234049610580174,0.15423451271643943
SSP585,Interactive,AFE,0,IE,2061,0.07822650184456215,-0.008044251116355794,0.009776471443230033,0.026817532558132774,0.05146116486456495,0.0788628201187615,0.10516892623457558,0.13090800732281002,0.14697033721797248,0.15851185474305007
SSP585,Interactive,AFE,0,IE,2062,0.08072766000769793,-0.00935055531604506,0.009627640488349331,0.027014101170207108,0.05279094097102352,0.08139875221698278,0.10844330718657555,0.13518386816953298,0.15299339378232754,0.1653521239912379
SSP585,Interactive,AFE,0,IE,2063,0.08314689290935962,-0.010775255133220182,0.007996598891815532,0.027027214281775028,0.05319522647465799,0.0839150984756874,0.11205850260280753,0.13956810065713843,0.15952935696451365,0.17179350733945603
SSP585,Interactive,AFE,0,IE,2064,0.08547587924142064,-0.012299600302018017,0.00710588836211315,0.026251996856219508,0.05400812618278425,0.08614287926079373,0.11579018933735388,0.14399507889335497,0.16495668786528098,0.1779267983121278
SSP585,Interactive,AFE,0,IE,2065,0.08770645592169724,-0.01340052538326495,0.006222105188143956,0.026509179174369703,0.05485401640483009,0.08801728075845572,0.11938751950351884,0.14956340931510112,0.17179268604273606,0.1850725384939354
SSP585,Interactive,AFE,0,IE,2066,0.0879913788951604,-0.015877774720929425,0.0024383862239442675,0.023773929094645155,0.05358058379941866,0.08765690035722762,0.12120719531822716,0.15248756119065532,0.1755961845352683,0.19091838021548926
SSP585,Interactive,AFE,0,IE,2067,0.08989954112838061,-0.018078234369168035,7.46681963098005e-4,0.022647727499730833,0.05337132396643707,0.08898637833741252,0.12427720537470491,0.15695061730832743,0.1815331320827213,0.1969572575706487
SSP585,Interactive,AFE,0,IE,2068,0.09168622703738538,-0.019669070545204725,-8.690925670942849e-4,0.021097172940660845,0.053867604574012656,0.09085436146814324,0.12773398091834445,0.16172878362753784,0.1874432506166421,0.20514797965780626
SSP585,Interactive,AFE,0,IE,2069,0.09334446418827202,-0.02399628243994935,-0.005478461324424171,0.01973828284012781,0.05369325869434738,0.09218836051703239,0.12996081482082364,0.16573938032183846,0.19417531875707889,0.21230590468128074
SSP585,Interactive,AFE,0,IE,2070,0.09486748508469744,-0.02673614017662208,-0.00711498196233467,0.01799949013439176,0.05242794584597227,0.09409084860030853,0.13296013499198578,0.17049745755672227,0.19923098483574583,0.21753723314901308
SSP585,Interactive,AFE,0,IE,2071,0.09426856160346286,-0.03363288813212911,-0.01227959891213221,0.011850649539889502,0.04960098842936103,0.09378026414033513,0.13360661463810888,0.17408056316867068,0.20404012009087188,0.2210172966176442
SSP585,Interactive,AFE,0,IE,2072,0.09542924274286668,-0.03855418801392455,-0.015403177453562403,0.009219753529692964,0.04917637123585952,0.09474197980822735,0.1360487293579312,0.17840433768386976,0.20981496730896593,0.22644879621798655
SSP585,Interactive,AFE,0,IE,2073,0.09643862707775508,-0.04405276869305891,-0.018085984581577265,0.006825589406224886,0.048219425377247965,0.09567204559026082,0.13893325368461076,0.18425452870139247,0.21524284569496094,0.23413681604054573
SSP585,Interactive,AFE,0,IE,2074,0.09729114041578357,-0.04919402192458368,-0.022290015892128104,0.004623925135049023,0.04727990128835208,0.09579445920968971,0.140302407430473,0.18833446224212747,0.22057330506223619,0.241890364744153
SSP585,Interactive,AFE,0,IE,2075,0.09798137233317117,-0.05556406821064463,-0.02579912009863128,0.0017380626623811136,0.04661695392712395,0.09597037064835301,0.1421020252014088,0.19242424672000724,0.2260752910957516,0.24875922269723508
SSP585,Interactive,AFE,0,IE,2076,0.09650422750528154,-0.06497293551301435,-0.03490610553124352,-0.005035794711612438,0.0431398453778529,0.09333253348894127,0.14239402713367996,0.1942073726622742,0.22925497134498793,0.25594537262082345
SSP585,Interactive,AFE,0,IE,2077,0.09681476481118256,-0.07146501649069237,-0.03928838800658513,-0.010142031573259913,0.04150963475448924,0.09330521707304429,0.1442412403827791,0.19821379526450733,0.23712892517349582,0.2643769652436083
SSP585,Interactive,AFE,0,IE,2078,0.09695185926043104,-0.0795370216670905,-0.04792282781509119,-0.014002990228736023,0.03937186688896163,0.09314499035323337,0.1467739659968689,0.20153876060396894,0.24232447931366663,0.27070180537550453
SSP585,Interactive,AFE,0,IE,2079,0.09691080327622426,-0.09009720493084465,-0.05203587026117377,-0.020107172821978603,0.0361354766714361,0.09262720202106817,0.14806753120435134,0.20562481190253418,0.24802014640973383,0.2797461778335333
SSP585,Interactive,AFE,0,IE,2080,0.0966869326970079,-0.1000126410064219,-0.05971264187562743,-0.026778255049226655,0.03229536922164339,0.09139170417565434,0.14997106770489585,0.2098949059559448,0.2533451114544019,0.28892045658558385
SSP585,Interactive,AFE,0,IE,2081,0.09437752566144675,-0.11223904913440884,-0.0717209270145684,-0.03529922348721673,0.027893141734402105,0.08946176604390083,0.14957353419568353,0.21220724647356543,0.25811544475654946,0.2923001687807654
SSP585,Interactive,AFE,0,IE,2082,0.09376065685702173,-0.12077285669083884,-0.08056542921739711,-0.04095547460546177,0.02386762212203067,0.08903658128019659,0.1501275163327357,0.21574963254247512,0.26342903175182486,0.2988794868635702
SSP585,Interactive,AFE,0,IE,2083,0.09295120990887917,-0.12896419825174532,-0.09044062901081744,-0.04768902417172731,0.02034506715890902,0.08859973965961149,0.15100908416529069,0.21885127046789848,0.26858213529570574,0.30651587660248736
SSP585,Interactive,AFE,0,IE,2084,0.09194447694722929,-0.14262523908417996,-0.09970720283576895,-0.0541949746137452,0.015017925506704943,0.08738518064769923,0.15204351903131508,0.22226738656457848,0.2737187720863793,0.3141684446773887
SSP585,Interactive,AFE,0,IE,2085,0.09073562217853381,-0.16363721789361077,-0.10884036066028292,-0.0632817392312503,0.011683586266573232,0.08630713796602679,0.15315851235335706,0.22528783546355544,0.27872753412880447,0.32186329282253306
SSP585,Interactive,AFE,0,IE,2086,0.08767848668557587,-0.19320527404701543,-0.12594466765621296,-0.07534787372048739,0.003916190331626629,0.08351477030841792,0.15274311755453399,0.22736965901165476,0.2856635641807064,0.32850141794516874
SSP585,Interactive,AFE,0,IE,2087,0.08606425786799443,-0.21835205613354713,-0.13703528009658095,-0.08650525957063962,-6.935315513043327e-4,0.08211738971230786,0.1536598582507005,0.23017745746199716,0.2901642109127078,0.33768364036364873
SSP585,Interactive,AFE,0,IE,2088,0.08423667568129134,-0.2369192706687536,-0.15312765545180224,-0.09860631715658638,-0.00591343797391175,0.07983572052903515,0.15492667513790467,0.23366909708070333,0.29364730691922086,0.3460417527373436
SSP585,Interactive,AFE,0,IE,2089,0.08219002870525749,-0.25957665100176963,-0.16643723858269582,-0.10977401250343331,-0.013161871546784776,0.07726647035353723,0.15570471205456074,0.23646522517786234,0.30129932319980296,0.35425592899680686
SSP585,Interactive,AFE,0,IE,2090,0.07991827411827979,-0.2920936709613436,-0.18039062669701722,-0.11988426417087919,-0.018254441791676596,0.07531287074946313,0.156774209316532,0.23906698783234126,0.3045248049708728,0.3644956360234921
SSP585,Interactive,AFE,0,IE,2091,0.07621249422737375,-0.3291249297340267,-0.2039730562239953,-0.13178799170335054,-0.025378088283981415,0.0725811645751433,0.15628360260420635,0.24358162287127474,0.31086577075090926,0.3733475978791052
SSP585,Interactive,AFE,0,IE,2092,0.07352463415893173,-0.3591972259909839,-0.22697770837416542,-0.1444018428247394,-0.035167120701620425,0.07056273345196334,0.15783158436826403,0.24634801056433975,0.3182380205083625,0.3839065000265287
SSP585,Interactive,AFE,0,IE,2093,0.07059640112251675,-0.3916787531807348,-0.25005747186423494,-0.1599717603544493,-0.0418754615311506,0.06775362164339255,0.1581460878491706,0.2499806842167084,0.3256669218256501,0.3918392185355741
SSP585,Interactive,AFE,0,IE,2094,0.06742003351493708,-0.4265058636136673,-0.2665635876914108,-0.17908719649097513,-0.047657703755761116,0.06446989225900085,0.1578394863036115,0.2540363568625981,0.33118876343187637,0.3996783311563464
SSP585,Interactive,AFE,0,IE,2095,0.0639872089716026,-0.46463814362139894,-0.29488480154738367,-0.19689806995680453,-0.055450291366691135,0.06131235859652512,0.15839378736285284,0.25903340465621194,0.3379348981426319,0.4088851417346193
SSP585,Interactive,AFE,0,IE,2096,0.05953966407495859,-0.5104843445010893,-0.322873877289594,-0.21694634430373103,-0.06845568153278811,0.05755743799969831,0.15869148719805548,0.2634746216075366,0.3480149868358748,0.42302565450885443
SSP585,Interactive,AFE,0,IE,2097,0.05564068536584754,-0.5565199695817237,-0.3528601645669221,-0.23753193288389668,-0.07586307014112767,0.052882957446204915,0.15825581799268465,0.26444776510515305,0.3545416641255181,0.43254859985475264
SSP585,Interactive,AFE,0,IE,2098,0.05146109389851761,-0.6030813752170403,-0.38801005702075164,-0.25855439493672827,-0.0849405899200007,0.05005127000754128,0.15739003662752046,0.2678104847179604,0.3594244079992394,0.4406752317234924
SSP585,Interactive,AFE,0,IE,2099,0.04698971574405275,-0.6541571472440273,-0.4171806576138771,-0.2816553717095603,-0.09574082919894156,0.04538756383629383,0.1574682432002873,0.27051579545432036,0.3641780617222036,0.4488221454659815
SSP585,Interactive,AFE,0,IE,2100,0.04221452603967957,-0.7086681660060076,-0.4550474458808207,-0.30467028432991955,-0.10611896078935623,0.040275159185562126,0.1572959774663156,0.2735600381932729,0.3690920243972873,0.4589595941728633
SSP585,Interactive,AFE,1,All,2021,-3.0875785312911574e-5,-2.7879816753461625e-4,-2.2996686716995058e-4,-1.8903280572831748e-4,-1.1561124880657414e-4,-2.9301647441970502e-5,5.162482323106676e-5,1.3856484331331576e-4,1.8457645612393044e-4,2.1251919604060027e-4
SSP585,Interactive,AFE,1,All,2022,-9.095696676841847e-5,-9.083214949963975e-4,-7.252344462480243e-4,-5.842058481462797e-4,-3.373603180249207e-4,-8.598819548077952e-5,1.6599706169628803e-4,4.2968679613921725e-4,5.639906403807182e-4,6.603515255099942e-4
SSP585,Interactive,AFE,1,All,2023,-1.8631551069925312e-4,-0.0018816842638584214,-0.0016244878323089683,-0.0012378810049048505,-6.948096575561669e-4,-1.8038780424911582e-4,3.4224358185303005e-4,9.102217457162443e-4,0.0011819671960350052,0.001410223294724877
SSP585,Interactive,AFE,1,All,2024,-3.230025653311319e-4,-0.003219505101754064,-0.0028607543571600004,-0.002228300281923923,-0.0012227357191657573,-3.022082727721642e-4,5.852112632032669e-4,0.0015686574449812255,0.002003296829492573,0.002453161636151406
SSP585,Interactive,AFE,1,All,2025,-5.070399965672046e-4,-0.004975104620238685,-0.004420403952222812,-0.0034446439747319755,-0.0019150978200639657,-4.787404639109427e-4,9.288694889509896e-4,0.00242127387782638,0.0030512078459751894,0.0038376365400558604
SSP585,Interactive,AFE,1,All,2026,-7.903329686240745e-4,-0.00716336239658405,-0.006396350003489998,-0.0049997703242064765,-0.002823462744263816,-7.059835942031523e-4,0.001304602780813513,0.0034778877572065217,0.004296034338712214,0.005496111818746633
SSP585,Interactive,AFE,1,All,2027,-0.001102246778650784,-0.009790142284948886,-0.008613476318545683,-0.006809248355428366,-0.0039035055056152734,-9.665169659541228e-4,0.001696788284025863,0.004685438356573757,0.005871259377021153,0.007273908415645326
SSP585,Interactive,AFE,1,All,2028,-0.0014818507526286329,-0.012867519158826404,-0.011181134749647981,-0.00896926657421201,-0.005131989497474343,-0.0012954796530970092,0.002193742840826185,0.005985147466745677,0.0075611432048519715,0.00941952833240294
SSP585,Interactive,AFE,1,All,2029,-0.0019351191403689239,-0.016258384334200928,-0.014185546609628813,-0.011464770346146534,-0.006580624132897894,-0.0016586560720438515,0.0026993033941413724,0.007468733803076311,0.009563480147332068,0.011835013255515276
SSP585,Interactive,AFE,1,All,2030,-0.0024679677537415845,-0.02020272099820884,-0.017480920672499407,-0.014273925973100466,-0.008217213446366889,-0.002169964753967246,0.0032808080987588584,0.009200884498843777,0.011802182388132396,0.014517435352190529
SSP585,Interactive,AFE,1,All,2031,-0.0031764443528591313,-0.02443689143592274,-0.02138177636817651,-0.017462843169691076,-0.01016344251581619,-0.002819067563893163,0.003888377269154808,0.010967213522423691,0.014181433228423228,0.017431123195082124
SSP585,Interactive,AFE,1,All,2032,-0.003898864205918895,-0.028894945190526964,-0.025681227884987168,-0.0208914737942848,-0.01222989345333822,-0.00346837626777613,0.0045695277631909725,0.012879785732594165,0.016749100193408032,0.02077183583893536
SSP585,Interactive,AFE,1,All,2033,-0.004718436931263059,-0.03390294848833139,-0.03039313722758243,-0.024665559836935892,-0.014557963702306692,-0.004225851957915472,0.0052301768868566745,0.014838417810482374,0.019570132554072604,0.024408468297617468
SSP585,Interactive,AFE,1,All,2034,-0.005640730732179855,-0.039444026571559494,-0.03550119693191008,-0.028778920739820912,-0.017059388750154558,-0.004973639672810504,0.005954459182712202,0.017141675362966124,0.022457993452333673,0.02838829293471696
SSP585,Interactive,AFE,1,All,2035,-0.006671235939673448,-0.045401811343109194,-0.04077111433497371,-0.03323623500751881,-0.019792372760850774,-0.005946898483027152,0.006707730207680729,0.01961836626590752,0.025761914548569693,0.032616103966038396
SSP585,Interactive,AFE,1,All,2036,-0.007947857531343638,-0.051935556539475784,-0.04650922382922739,-0.038164687286744214,-0.022845826168808786,-0.007147138851415158,0.007285200364740563,0.02207638025868597,0.028918006743602422,0.03693427849414426
SSP585,Interactive,AFE,1,All,2037,-0.009216599025537286,-0.058759532486983596,-0.05244676329234595,-0.0433369737165229,-0.025918395146745432,-0.008310712497692052,0.008203404029648309,0.024847924483380225,0.03268299935410376,0.04142834359835866
SSP585,Interactive,AFE,1,All,2038,-0.010607483530951867,-0.06599439303259176,-0.05880481803367995,-0.048971854135612586,-0.029271967354494693,-0.009552945067054897,0.009111234333422757,0.02777835116674865,0.03647327669265206,0.0461489064733442
SSP585,Interactive,AFE,1,All,2039,-0.012125403862674689,-0.07373046822634555,-0.06560121493952781,-0.054902395742333424,-0.032865910190256836,-0.011058436966526253,0.009899093383619828,0.030668498490140597,0.04044405867397491,0.05109655013545691
SSP585,Interactive,AFE,1,All,2040,-0.013775148085708566,-0.0819273534942486,-0.07275000449234954,-0.06116173149765682,-0.036735497328360484,-0.012548735228442132,0.010638880729018807,0.033622426598796225,0.04458288630288564,0.056267844548877226
SSP585,Interactive,AFE,1,All,2041,-0.015671133930634795,-0.09045144218778911,-0.08040323699731378,-0.06780752626452431,-0.0409183953250811,-0.01425975420004949,0.011435287409800043,0.03669778688283564,0.048763215793000046,0.06149437164590935
SSP585,Interactive,AFE,1,All,2042,-0.017582201238796724,-0.09913364599937584,-0.08824717856405635,-0.07474137647340667,-0.045278458197508586,-0.01589949559285153,0.012291502506735275,0.04007588447860212,0.05325736125812188,0.06714288454314175
SSP585,Interactive,AFE,1,All,2043,-0.01963361948394793,-0.10842443403661113,-0.09644283058234328,-0.08200357118673451,-0.049946464515431804,-0.017765028548023087,0.013241049428717566,0.0435760717503574,0.057909154730162844,0.07325130544172137
SSP585,Interactive,AFE,1,All,2044,-0.021829310107796873,-0.11807637507359853,-0.10510794375342694,-0.08933213293477843,-0.05473856743392136,-0.0198443151007498,0.014190722150904056,0.04718759813036539,0.0627246267222716,0.07974454850771989
SSP585,Interactive,AFE,1,All,2045,-0.024173060205327834,-0.12791483480152774,-0.11411290850117424,-0.09676128900283557,-0.059551368265200855,-0.022020459614028154,0.015142208443826521,0.05089270155026417,0.06769676833654384,0.08650450168723336
SSP585,Interactive,AFE,1,All,2046,-0.026642423127710146,-0.13779123864953163,-0.12340672179526994,-0.10480601553509754,-0.06463590692296384,-0.02431613729577381,0.015975079996490726,0.05468577579959065,0.07271657623779759,0.09352954493721943
SSP585,Interactive,AFE,1,All,2047,-0.029249147400063902,-0.14832819208341558,-0.13279895221970414,-0.11321800624614978,-0.07008609281930223,-0.026642410904338554,0.016907444175841724,0.058711195408732694,0.07824856447985139,0.10095516332396799
SSP585,Interactive,AFE,1,All,2048,-0.032007344768257395,-0.15919661970552668,-0.14268914872741562,-0.12195620238580888,-0.07579019086004146,-0.029202030178306526,0.01783488613016082,0.06285478307138515,0.08381180802940698,0.10863323054879323
SSP585,Interactive,AFE,1,All,2049,-0.03491983851150704,-0.17036989264044783,-0.15288178674155353,-0.13098214888958337,-0.0816166120671093,-0.031880841257080794,0.018795764461479125,0.067148643043633,0.08980133946779364,0.11654384153455238
SSP585,Interactive,AFE,1,All,2050,-0.037989295158588066,-0.18183547608469905,-0.16336121109409277,-0.1402873201265919,-0.08768597587416982,-0.03479914111064508,0.01964041215387885,0.07200732998936885,0.09610223252256206,0.12473132692202221
SSP585,Interactive,AFE,1,All,2051,-0.04088877498900001,-0.19316988723783626,-0.17356342695814425,-0.14930216114664766,-0.09349994918196619,-0.037345357126097656,0.020610600371728793,0.07687671373986257,0.10272847701903998,0.1335426422148773
SSP585,Interactive,AFE,1,All,2052,-0.044184813916362975,-0.20510514843262925,-0.1843774127522378,-0.15899208895449862,-0.09989177377945752,-0.04036199368479748,0.02150530912401072,0.08187325790294105,0.10948067486348455,0.14240802446775774
SSP585,Interactive,AFE,1,All,2053,-0.047633943808045864,-0.21728464902886185,-0.19489704272731403,-0.1689202927463555,-0.1067519745284152,-0.0433897814996938,0.022344061097971324,0.0869770405647958,0.1164075045879439,0.15156882500966193
SSP585,Interactive,AFE,1,All,2054,-0.051237691854134515,-0.22968777159812861,-0.20592839493779755,-0.17909270291213938,-0.11377478334983818,-0.046495856053893836,0.02299202802651701,0.09188696091654659,0.12307609421506896,0.16102765296956265
SSP585,Interactive,AFE,1,All,2055,-0.05499741528127533,-0.2423053484722208,-0.2174638592079294,-0.18930374891621513,-0.12093100861381331,-0.04971706247128177,0.02346125062207627,0.0968385577982536,0.1299201898718413,0.17078730829793237
SSP585,Interactive,AFE,1,All,2056,-0.058165743479520415,-0.2543029562249255,-0.2284893338177037,-0.19888254805381697,-0.12702400790916032,-0.052540059252392746,0.024918404572915887,0.10299840085992895,0.1375379300406118,0.18155006714792996
SSP585,Interactive,AFE,1,All,2057,-0.06209902559527225,-0.26686843189032416,-0.2403131426511991,-0.2094226051312018,-0.13434854733976337,-0.05609067729303763,0.025491041471931153,0.10838508669435853,0.14490542591326386,0.19209661093849226
SSP585,Interactive,AFE,1,All,2058,-0.06617808860124241,-0.279582269118114,-0.2523035091672175,-0.2201657929916045,-0.14184043655905798,-0.059618937269567684,0.026030892427151786,0.11387845389898081,0.1527304401401152,0.20297356744883815
SSP585,Interactive,AFE,1,All,2059,-0.07040309176205894,-0.29279651781883365,-0.2644473162993967,-0.23103982318925118,-0.14949321155987647,-0.06311164861198432,0.02654336608636959,0.11949621784521285,0.1612460456770614,0.2141859347012108
SSP585,Interactive,AFE,1,All,2060,-0.07477402348718509,-0.3058768620994676,-0.2767313598105111,-0.24204025647886204,-0.15733410082400584,-0.06687813413780114,0.027250604123237043,0.12523969475400049,0.1700259871354803,0.22573898901846137
SSP585,Interactive,AFE,1,All,2061,-0.07799958721909395,-0.3176161257934635,-0.28761794180559336,-0.2518503469444584,-0.16407844107966849,-0.06959855929037595,0.029235130625987094,0.13309666416859176,0.17948855096757224,0.23885021855793898
SSP585,Interactive,AFE,1,All,2062,-0.08246655011343884,-0.33069747486024736,-0.29982665638919476,-0.2630319520228049,-0.1717816704202634,-0.07332590182091658,0.029923846527062092,0.1394508061026618,0.18982230069747172,0.2513472791360933
SSP585,Interactive,AFE,1,All,2063,-0.08706321312280707,-0.34385216601721774,-0.31211174129451646,-0.2742012610191719,-0.17951476375141187,-0.07708834995812724,0.030603878387056083,0.1459690290817706,0.20070185150224887,0.26422801988984634
SSP585,Interactive,AFE,1,All,2064,-0.0917884430121716,-0.35706624562205713,-0.32445939621809433,-0.2854107958786576,-0.1876993955429433,-0.08091951916398848,0.03127688931041095,0.15308979548810553,0.2104236624741088,0.277500602443853
SSP585,Interactive,AFE,1,All,2065,-0.09664095330502331,-0.3703258961280543,-0.3368931275797443,-0.2966877269939269,-0.1956096130886241,-0.08498872497773952,0.03219203046519886,0.15995072535425212,0.22053700612870142,0.29173718397451465
SSP585,Interactive,AFE,1,All,2066,-0.09985434636960977,-0.38247995303626353,-0.34772991228851174,-0.3063093855499483,-0.2023381178318266,-0.08804760390629279,0.03501356047551751,0.1696210527221754,0.23192297136146173,0.3069888336240283
SSP585,Interactive,AFE,1,All,2067,-0.10475311485775896,-0.39569029005954803,-0.3603913692603327,-0.3173404220274918,-0.209907094324546,-0.0916162391892002,0.03650730984251682,0.1772983514051588,0.24258664325765553,0.3222478405712576
SSP585,Interactive,AFE,1,All,2068,-0.10976121176075015,-0.40890178287129414,-0.3730798383440674,-0.3281622332766138,-0.2171469741576707,-0.09562001828751399,0.03778286833559885,0.18514526476182208,0.2535865067295768,0.3383204828515193
SSP585,Interactive,AFE,1,All,2069,-0.11487648007502271,-0.42168251003639146,-0.3857825825980338,-0.33894230071981346,-0.22462564050472872,-0.09984694112180659,0.03903396260666492,0.19322035062111334,0.26487254752847095,0.3549314119590352
SSP585,Interactive,AFE,1,All,2070,-0.1200966398666452,-0.4343656019407645,-0.39848709253105113,-0.3500853031643506,-0.23224667206862604,-0.10415202796822493,0.04021257531650757,0.20153129981695958,0.2764490901188898,0.3721017662356264
SSP585,Interactive,AFE,1,All,2071,-0.12312022780071408,-0.4438967352379781,-0.4088693226785795,-0.35905854395352416,-0.23876207550370404,-0.10623030830276076,0.04348495422049703,0.2130359340106404,0.28998008801053243,0.38987268339399106
SSP585,Interactive,AFE,1,All,2072,-0.12834210259015877,-0.45620930316662855,-0.42140170567615814,-0.37013823227206916,-0.24613029827802288,-0.11058081960762517,0.04462850033918392,0.2216385612180672,0.3023485931256552,0.40826694660981455
SSP585,Interactive,AFE,1,All,2073,-0.13365092997146488,-0.46839877674116187,-0.4338970914578677,-0.381087759192276,-0.25408578357793155,-0.11498858632368403,0.04609882910792418,0.23045335253732516,0.31505883487265934,0.4272821457829225
SSP585,Interactive,AFE,1,All,2074,-0.13904385609029646,-0.4808293973513291,-0.4463444478943292,-0.39256372961687813,-0.26296115647694607,-0.11919426405358557,0.048243811813706405,0.2394854943919975,0.32811934951370386,0.4469381148576123
SSP585,Interactive,AFE,1,All,2075,-0.14451794204352975,-0.49363553955529044,-0.4587330929877983,-0.40376466016843,-0.27191916116152176,-0.12345675148799429,0.04996949339968898,0.2487404306954506,0.3415390563355407,0.46725558362079966
SSP585,Interactive,AFE,1,All,2076,-0.14714313890851427,-0.5057395398002622,-0.46977096315004435,-0.41078929047134055,-0.2783683249409732,-0.12626289914014743,0.05365072599526027,0.2623445165778998,0.3581885918899773,0.49114228503663376
SSP585,Interactive,AFE,1,All,2077,-0.15258097124288017,-0.5183616086136353,-0.48225691078020516,-0.42214940427447745,-0.28660169100355537,-0.13097007440389047,0.05538061792002591,0.27248090215839044,0.3726187332142444,0.5125424976135158
SSP585,Interactive,AFE,1,All,2078,-0.1580832432658268,-0.5304277575050789,-0.494677689890542,-0.4335881800806024,-0.29511312865081973,-0.13562316868140295,0.05810309157160459,0.28312956509895193,0.3874558789503025,0.5351314765553378
SSP585,Interactive,AFE,1,All,2079,-0.1636467116632332,-0.5420756518960858,-0.5070235447337911,-0.4446292504852841,-0.30280742561589874,-0.13925982762948985,0.059654415426469376,0.29386009749879893,0.40271168826771886,0.5606314043423183
SSP585,Interactive,AFE,1,All,2080,-0.1692680868822547,-0.5535649505881216,-0.519285016235487,-0.45515815076121097,-0.31090496962566305,-0.14332202014440282,0.0610757223270188,0.30476479773697857,0.42042211167813087,0.5871581772476552
SSP585,Interactive,AFE,1,All,2081,-0.17131377150565952,-0.5614927015655183,-0.52922628655011,-0.46395699518846933,-0.3154535187113026,-0.14638082996481283,0.06798644926437264,0.32094887815061585,0.4409651653821876,0.6117654905499005
SSP585,Interactive,AFE,1,All,2082,-0.17684153834311112,-0.573401141689892,-0.5411733175961976,-0.4743867403427593,-0.32451700283224333,-0.15044792372169224,0.06999470162029259,0.3323138762316946,0.4603566329787234,0.6402738266931005
SSP585,Interactive,AFE,1,All,2083,-0.18241087923935417,-0.5854618758403307,-0.5523451436826561,-0.484283989250084,-0.3336127311497195,-0.1543162031333037,0.07212379734318197,0.3439507290427073,0.48410664233394596,0.667098023157412
SSP585,Interactive,AFE,1,All,2084,-0.1880184032489166,-0.5973768989196925,-0.5635975611498834,-0.4947271921488712,-0.3419670425864843,-0.15773724573376496,0.07395954726210313,0.35586626647952607,0.5089503915053454,0.6933445416718118
SSP585,Interactive,AFE,1,All,2085,-0.19366070928951373,-0.6091388515389582,-0.5747893198272434,-0.5036140823136813,-0.35087746049321145,-0.1611791276466566,0.07685701705005171,0.36806760592656496,0.53044704569491,0.7203843152702684
SSP585,Interactive,AFE,1,All,2086,-0.1951134157205291,-0.6191949487748954,-0.5827860945765452,-0.510893500048117,-0.35646893595240936,-0.16125917588433547,0.08492997754845466,0.38566384252079766,0.551573995955122,0.7534897264930485
SSP585,Interactive,AFE,1,All,2087,-0.20062422235733113,-0.6305842408339957,-0.5930892524029956,-0.521476079779434,-0.3648695625837319,-0.1652236666132007,0.08735013045065271,0.3987105751925606,0.572386039635637,0.7826955022960302
SSP585,Interactive,AFE,1,All,2088,-0.20615514649432298,-0.641801557634459,-0.6032291694924063,-0.5313460222645271,-0.3732400608353426,-0.16947531941067207,0.0897429073470325,0.4146861751282055,0.5937949233239803,0.8127536490322488
SSP585,Interactive,AFE,1,All,2089,-0.21170286115340775,-0.6528413431177025,-0.6135445855875785,-0.5413539103832047,-0.38156500068312954,-0.1743466777315879,0.09219235147931021,0.4304509258151458,0.6216313079027315,0.8551078521928466
SSP585,Interactive,AFE,1,All,2090,-0.21726405952256234,-0.6636984632517722,-0.6240780067531525,-0.551614909472406,-0.3893462701643912,-0.1778153421515652,0.098059759394031,0.45073494401257297,0.6515411494576029,0.8917618554866638
SSP585,Interactive,AFE,1,All,2091,-0.2180211919953119,-0.6711368715619304,-0.6315164471715544,-0.5566171176504946,-0.39369799134639616,-0.17444013013686444,0.10682329808936702,0.4771304278205577,0.6926264240442095,0.9331478045311183
SSP585,Interactive,AFE,1,All,2092,-0.22342134296230443,-0.6805669802144059,-0.6416427260107677,-0.5652511030323354,-0.4018724066802746,-0.17700560763448275,0.10951121036894162,0.49715527629834877,0.7260755455315355,0.9688688474514184
SSP585,Interactive,AFE,1,All,2093,-0.2288223806169538,-0.689791036107371,-0.6515471887806131,-0.5727463133932833,-0.40924617564156185,-0.17959845753154163,0.11314772636039161,0.5187540619211991,0.7606295728791491,1.0057895165005843
SSP585,Interactive,AFE,1,All,2094,-0.2342212057123666,-0.698807821267015,-0.6613773666644994,-0.5823984089495436,-0.4164760940358174,-0.18129502308426104,0.11648784566507198,0.539702667196913,0.788337556062966,1.0439566957203137
SSP585,Interactive,AFE,1,All,2095,-0.23961476256891012,-0.7074983904019607,-0.6707332909700602,-0.590905218184609,-0.42467657724082786,-0.18254763804240542,0.1194093161034927,0.557474151552528,0.8165964390811868,1.092896749526194
SSP585,Interactive,AFE,1,All,2096,-0.2395278020898124,-0.7136693676180786,-0.6765061691201658,-0.5977311840705842,-0.42689841028950926,-0.17803020662057228,0.12829500888437168,0.5788889754151934,0.8513126218585898,1.1634506614651068
SSP585,Interactive,AFE,1,All,2097,-0.2446925474921502,-0.7220796612446535,-0.6862339294703995,-0.6066523362113209,-0.4343232495376854,-0.18097420433525163,0.13172719430098734,0.6005296137775413,0.8817090233084128,1.2231932994036616
SSP585,Interactive,AFE,1,All,2098,-0.24984037133489645,-0.7302840014581353,-0.6957865178537621,-0.6163553455207476,-0.4403362220856943,-0.18176256364610766,0.13567321678186484,0.6265089095233836,0.9130402055589674,1.2837877815259624
SSP585,Interactive,AFE,1,All,2099,-0.25496854741644126,-0.7382826823585968,-0.704765556086786,-0.6259106985878018,-0.4472574367314702,-0.1841877935271325,0.14100286992324962,0.6482076001124114,0.9453388994043042,1.342812402211523
SSP585,Interactive,AFE,1,All,2100,-0.2600744095258496,-0.7460479050817072,-0.713492895813121,-0.6349748377991982,-0.4541757261878747,-0.1871046999925785,0.1462094215520564,0.6693896486958875,0.9832386834131823,1.4048393121230074
SSP585,Interactive,AFE,1,Dir,2021,-1.214013226780164e-4,-3.7157206936267725e-4,-3.36423304089184e-4,-2.986247772534867e-4,-2.1343868759343687e-4,-1.1914395984757853e-4,-3.084438361611319e-5,4.9316259075804524e-5,1.0935501681696981e-4,1.556295302069299e-4
SSP585,Interactive,AFE,1,Dir,2022,-3.4418870349872677e-4,-0.0011807988299793433,-0.0010604250116231005,-9.013522911370364e-4,-6.27482859623052e-4,-3.4543649739016136e-4,-5.731868526775985e-5,2.0748912060457593e-4,3.880070798957464e-4,5.065032201967689e-4
SSP585,Interactive,AFE,1,Dir,2023,-6.769228826293272e-4,-0.002478328080837247,-0.0022377489240132387,-0.0018666919288825468,-0.0012774116073417385,-6.668752910805043e-4,-6.334828158402472e-5,5.244678689584783e-4,9.16974577659857e-4,0.0011427609395074144
SSP585,Interactive,AFE,1,Dir,2024,-0.0011281710556995117,-0.004221555592728601,-0.0037795123728079695,-0.003254520187979459,-0.002184834878147468,-0.0011260696754606392,-2.9143032370698707e-5,9.946405734043708e-4,0.0016239958003347091,0.0019683350019952077
SSP585,Interactive,AFE,1,Dir,2025,-0.0017064869328161647,-0.006588590533069177,-0.005882040639230779,-0.00502352595702652,-0.0033603518960084455,-0.0017390535385707895,2.2222392289661386e-6,0.0016414450189650605,0.0024968777417239663,0.0030654049173515405
SSP585,Interactive,AFE,1,Dir,2026,-0.002450990941133546,-0.009554886117027737,-0.008515838264321068,-0.0072607859384371636,-0.004842925927707381,-0.0024500200433899,3.441440453721967e-5,0.0023208499140758626,0.0035316338907380633,0.004528170990370711
SSP585,Interactive,AFE,1,Dir,2027,-0.003318077348293702,-0.012870265008908947,-0.011484178715595632,-0.009873943076381498,-0.006618992886462366,-0.0033156020851088375,5.19367933958792e-5,0.0031841088139458198,0.004820442658265817,0.006115789068478782
SSP585,Interactive,AFE,1,Dir,2028,-0.004338301417338153,-0.016677083500829006,-0.014983519119585353,-0.012889965316320062,-0.008603758718492227,-0.004269406743419746,1.2345251188178308e-4,0.004310345901249903,0.006176939446899414,0.00790366192284837
SSP585,Interactive,AFE,1,Dir,2029,-0.0055197301453813186,-0.021167287581552695,-0.019013195484853945,-0.016322410796851317,-0.010948100718438186,-0.005434531005136023,1.7211056261323687e-4,0.005563876953026695,0.007885889040667475,0.009975331715086121
SSP585,Interactive,AFE,1,Dir,2030,-0.0068702803228757325,-0.02620534346424444,-0.02355808793103952,-0.020161950460158562,-0.013519832176489693,-0.006763685659123053,1.7129395585518958e-4,0.006898376787202577,0.009771581568898853,0.012200979435225221
SSP585,Interactive,AFE,1,Dir,2031,-0.00842588291640567,-0.031885803343708385,-0.028630674681695577,-0.024543078897341298,-0.0164769478271381,-0.008365050786297679,2.515240988669176e-4,0.008359908074464562,0.011848295036452003,0.01458236949169135
SSP585,Interactive,AFE,1,Dir,2032,-0.010133142327091837,-0.03806658747849618,-0.03421792510887952,-0.02906090005846271,-0.019800535012529985,-0.009967462612789524,1.8508184025500807e-4,0.010036921134401423,0.014016536989301309,0.01728980141046933
SSP585,Interactive,AFE,1,Dir,2033,-0.012028372769616325,-0.04483633773087346,-0.040314175236408865,-0.034191785830749624,-0.023366243997077596,-0.011854985246802396,1.432060616980424e-4,0.011697945187606763,0.016355691955180694,0.02036871655805573
SSP585,Interactive,AFE,1,Dir,2034,-0.014118139390693285,-0.05219237236166111,-0.04689359228700376,-0.03973121184780266,-0.027222268010140854,-0.013993886117818044,2.966548281230219e-5,0.013393179434652836,0.018806973977334066,0.023705656951611632
SSP585,Interactive,AFE,1,Dir,2035,-0.016408754902971112,-0.06010687174540703,-0.05384736471070976,-0.04555897701282948,-0.03151254770024148,-0.016136097351674428,-1.527713778259332e-4,0.015204277592239482,0.021527037908405256,0.027044168817040547
SSP585,Interactive,AFE,1,Dir,2036,-0.018902820821320554,-0.06877694178621026,-0.06139933366089213,-0.05196822668495583,-0.03610261950525065,-0.018441586504185092,-3.0402267201959376e-4,0.017074588169501848,0.024228762222110053,0.03050469275401916
SSP585,Interactive,AFE,1,Dir,2037,-0.021591055550294502,-0.07780613604296126,-0.06924638201370911,-0.05901116643998341,-0.04108732175687513,-0.021012073878090565,-6.093415259040003e-4,0.01880149710379067,0.027376591162372323,0.03421124010488076
SSP585,Interactive,AFE,1,Dir,2038,-0.024490646790962356,-0.08735460942782057,-0.07755248670634816,-0.06621806717368241,-0.046389239060619564,-0.02390753827145775,-0.0010564953404800237,0.021115999150494516,0.030699638252876846,0.0381456089443747
SSP585,Interactive,AFE,1,Dir,2039,-0.027606114315485097,-0.0974255101342787,-0.08646406059140589,-0.07355266287781681,-0.05190833238005632,-0.02684533921182125,-0.0012664520349753294,0.023278694595831675,0.03400563627995787,0.042480506995034695
SSP585,Interactive,AFE,1,Dir,2040,-0.030941650118871067,-0.10799429929395729,-0.09590565810831844,-0.08166822052567041,-0.05776747705726068,-0.029795018558955888,-0.0013700894078781944,0.025348103654672043,0.03762098216305649,0.047026612510811555
SSP585,Interactive,AFE,1,Dir,2041,-0.03436345493896065,-0.11908070290701113,-0.10531033935621908,-0.08990474726919571,-0.06377343820165049,-0.03294503826183115,-0.0017700048724730577,0.027567023085203937,0.04165756025677088,0.052006629098010224
SSP585,Interactive,AFE,1,Dir,2042,-0.03810143945374789,-0.13042700455143585,-0.11522818787029634,-0.09862065869683886,-0.07025650721800461,-0.03635649558864862,-0.002265032654296645,0.02997648661049873,0.04546476884777549,0.05704487905928067
SSP585,Interactive,AFE,1,Dir,2043,-0.04206130432651756,-0.14212388314993493,-0.1256873346128874,-0.10786386665333281,-0.07703444083901012,-0.03996808859431139,-0.0029376252132810587,0.03247131105737494,0.04941134697462597,0.06220863498542723
SSP585,Interactive,AFE,1,Dir,2044,-0.046245273057824554,-0.1541955746749082,-0.13653808213041138,-0.1174672084188361,-0.08413600221289638,-0.043622334050043565,-0.0036148305947972525,0.035035552795934496,0.05366131392526285,0.0674614861560409
SSP585,Interactive,AFE,1,Dir,2045,-0.05065520084535102,-0.16661598210732675,-0.14775002260688985,-0.12742999543868117,-0.09140559089843006,-0.047439230153019485,-0.004031234414435564,0.03766596523785549,0.05841697607673867,0.07346539148492404
SSP585,Interactive,AFE,1,Dir,2046,-0.054863523587448726,-0.17856575071605382,-0.15860685664531152,-0.13720320039760509,-0.0985671122652349,-0.05127366956187762,-0.004203799106590661,0.04079417537731283,0.06344827235325642,0.07968848814015911
SSP585,Interactive,AFE,1,Dir,2047,-0.05964229835735613,-0.19141993151214778,-0.17027523431130007,-0.14770361617132421,-0.1063427710521413,-0.05559573056942979,-0.005037521382879134,0.04364161761679364,0.06823622467031475,0.08556387941263174
SSP585,Interactive,AFE,1,Dir,2048,-0.06463983434379938,-0.2040243581623208,-0.18260172063214639,-0.15860543720374876,-0.1145068357415091,-0.06010590814136324,-0.005920905354732553,0.04652517305370483,0.07310981805540895,0.09182464872001803
SSP585,Interactive,AFE,1,Dir,2049,-0.06985604697295933,-0.2175714032529696,-0.1952478114295882,-0.16983997593351385,-0.12287912860843819,-0.06488073757055196,-0.006975632815012872,0.04942436060120479,0.07817638242842748,0.09866436021949572
SSP585,Interactive,AFE,1,Dir,2050,-0.07529048474136113,-0.2314070642779251,-0.20819594369024888,-0.18102482619421872,-0.13151685023288393,-0.06992749787702346,-0.007949269553634758,0.05235350450128139,0.08339213130139854,0.1057635031412206
SSP585,Interactive,AFE,1,Dir,2051,-0.0800166008518135,-0.24337944043185705,-0.22025798966651763,-0.191837073291464,-0.13917184962000023,-0.07407408254266978,-0.007991133225681735,0.05616306746817486,0.08989062231076497,0.1138830715652256
SSP585,Interactive,AFE,1,Dir,2052,-0.085729297320295,-0.25694694856804373,-0.23164366484472565,-0.20349101158697178,-0.14810498923219598,-0.0794624233019276,-0.008616236180868764,0.059316743640783674,0.0956109390115333,0.12164736559596617
SSP585,Interactive,AFE,1,Dir,2053,-0.09164218910096333,-0.2705966662989201,-0.24473570757752464,-0.21526361968533012,-0.1572705660337792,-0.08495922566193859,-0.009498741033939051,0.06263438576456701,0.1018237110157911,0.12969458840797865
SSP585,Interactive,AFE,1,Dir,2054,-0.09775298339189087,-0.2842998203489667,-0.2585475805277028,-0.22719663808913937,-0.16652387610371186,-0.09012718717735224,-0.010507084657916027,0.06598896502881677,0.10839734117374425,0.13783590721982034
SSP585,Interactive,AFE,1,Dir,2055,-0.10405906452961056,-0.2988256859468289,-0.2725631241540134,-0.23926803452431264,-0.17601082556689818,-0.09591570771008195,-0.011772289317969364,0.06981594688165521,0.11526793351068429,0.14619243640441568
SSP585,Interactive,AFE,1,Dir,2056,-0.10902279246607793,-0.31188187270923834,-0.2854243687206026,-0.24997403183571668,-0.18439068343172924,-0.10064336544773528,-0.011791009898146632,0.07518918421224474,0.12277857658556166,0.15642418977691055
SSP585,Interactive,AFE,1,Dir,2057,-0.1155011898663717,-0.32694215311043934,-0.2996248960201556,-0.2625911471258374,-0.19427042851477208,-0.10625972039431275,-0.01295856277453944,0.07914989442192069,0.12947899688668207,0.16556918760786546
SSP585,Interactive,AFE,1,Dir,2058,-0.12214942965428599,-0.3421009945557227,-0.31331370063855535,-0.2753656911163559,-0.20395162408219006,-0.11243622254817837,-0.013598945616158542,0.0833217714035216,0.13670503315424684,0.17659848054861604
SSP585,Interactive,AFE,1,Dir,2059,-0.12896337728334295,-0.35734450044005084,-0.32737261468558465,-0.28819485297566116,-0.21404184682714805,-0.11873501449463258,-0.014604856250733406,0.08740784204181781,0.14374617636836415,0.18878521636284232
SSP585,Interactive,AFE,1,Dir,2060,-0.13593864749593798,-0.37265106146245897,-0.3418190552059579,-0.3010660657909132,-0.2239271507636931,-0.1251284546087162,-0.015105953860892474,0.09152676229426121,0.1509764371035854,0.1994443060433971
SSP585,Interactive,AFE,1,Dir,2061,-0.1407819424850425,-0.3862045680319477,-0.35409807895323825,-0.31183720663410996,-0.2323307745505027,-0.12956383897899504,-0.014314459389843548,0.09824516876571636,0.16227679301382425,0.21281159515976533
SSP585,Interactive,AFE,1,Dir,2062,-0.14780000992692077,-0.40140392041026235,-0.3684571644351742,-0.32508007968169433,-0.2406417637634832,-0.13560596795122204,-0.014772675304228017,0.10275267338791785,0.1709260201453447,0.22466248648993212
SSP585,Interactive,AFE,1,Dir,2063,-0.15494843174302875,-0.41610350714523264,-0.382832852141513,-0.3382787335396378,-0.24997561849887193,-0.14175614329123865,-0.015334121190359096,0.10724659556861055,0.179814381450378,0.23693497411092396
SSP585,Interactive,AFE,1,Dir,2064,-0.1622217793217544,-0.4298206115328676,-0.39720651004657176,-0.3507921406825611,-0.25942817263442386,-0.14799148320946232,-0.015926939512664245,0.11310389302077982,0.1889766631486256,0.24964060354566855
SSP585,Interactive,AFE,1,Dir,2065,-0.1696144672818145,-0.4433789010570031,-0.41164055453443765,-0.364098266674703,-0.2694083660017963,-0.15400288842357673,-0.01675131503064914,0.11856699323789072,0.19841875442943066,0.2627914470303692
SSP585,Interactive,AFE,1,Dir,2066,-0.17421933957457603,-0.45329263538089204,-0.4231991375557615,-0.37503457326160083,-0.2767417487587819,-0.1576735500805394,-0.014498530456434955,0.12737744603169912,0.21050053732544166,0.2781340587805435
SSP585,Interactive,AFE,1,Dir,2067,-0.18157498385977378,-0.4669124537731016,-0.43609469457734984,-0.38816937563531756,-0.2871632030436547,-0.1630935861707703,-0.014689265865019396,0.13406144817394242,0.22076057409794853,0.29351150915381596
SSP585,Interactive,AFE,1,Dir,2068,-0.18901980234163596,-0.4809019383974187,-0.45007258422080865,-0.4012965077855041,-0.29696544512249917,-0.16784620488997648,-0.015476799281327974,0.1403091438644296,0.2313738872334446,0.3151428362017842
SSP585,Interactive,AFE,1,Dir,2069,-0.19654773316390417,-0.49474316762403664,-0.46397382232575757,-0.4141834583137891,-0.30670993738951513,-0.17326508106145733,-0.016114206343406906,0.14677630266725677,0.24235413446432225,0.33683257184685295
SSP585,Interactive,AFE,1,Dir,2070,-0.20415265252370685,-0.5084224515065845,-0.47752350325629744,-0.42675164133083665,-0.3168526146082661,-0.17947285193063528,-0.016591736036688592,0.15370511592299507,0.2541593740908259,0.3553001927236161
SSP585,Interactive,AFE,1,Dir,2071,-0.20829779908594936,-0.5186216844045674,-0.4881998795638464,-0.4360013305071738,-0.324484521090605,-0.18270824842866284,-0.012360163857482537,0.1659156797847671,0.27085480937161704,0.38239713520129953
SSP585,Interactive,AFE,1,Dir,2072,-0.215795121321945,-0.5326303869798444,-0.5013477285397183,-0.44821621210788776,-0.3344705726040966,-0.18896093094774047,-0.011713119487589102,0.173995961529286,0.2835396365693728,0.40314248923495655
SSP585,Interactive,AFE,1,Dir,2073,-0.22334217851076488,-0.5466185674701454,-0.513659591679897,-0.46076090835813854,-0.3448467441632601,-0.1956749047351542,-0.011048525958303745,0.18301507579126325,0.2967038824490613,0.4248968955354838
SSP585,Interactive,AFE,1,Dir,2074,-0.23093289240132597,-0.560454261902087,-0.5271515043901364,-0.4722305741557745,-0.35422051629145723,-0.2013155958271648,-0.008355862675568843,0.1923438897939086,0.31373021542363694,0.4477592436032849
SSP585,Interactive,AFE,1,Dir,2075,-0.2385612061207808,-0.5741255357987824,-0.5402036269242592,-0.4841517604538363,-0.3643689499156405,-0.20764649856269923,-0.0074237630994865855,0.20190169359962537,0.3287718111422343,0.47179733296831655
SSP585,Interactive,AFE,1,Dir,2076,-0.2420350323599917,-0.5858529894917865,-0.5502073151478212,-0.49226037626005664,-0.36969628280331734,-0.2095380777531155,-0.004945594303989526,0.21773657653271644,0.34669562544469645,0.5099118589664023
SSP585,Interactive,AFE,1,Dir,2077,-0.24950522082857163,-0.5991250151617655,-0.5624345634900151,-0.5042876253655948,-0.3792983131829091,-0.21519401228850293,-0.005195843771439501,0.22776857946402707,0.36196461235802563,0.5417513327820055
SSP585,Interactive,AFE,1,Dir,2078,-0.2569902081431531,-0.6122021186391657,-0.5736392332247806,-0.5160982178137221,-0.3899124658105714,-0.22089988881155348,7.118771103542532e-5,0.2379361120360457,0.3783644124728206,0.5668223194432086
SSP585,Interactive,AFE,1,Dir,2079,-0.2644843306140735,-0.6250580069237355,-0.5846272698665864,-0.5271453882719138,-0.3998613417047971,-0.22589995739594065,7.969022765589862e-4,0.2551402683807069,0.39529723890440915,0.5953758195503864
SSP585,Interactive,AFE,1,Dir,2080,-0.27198200543960305,-0.6376854155605667,-0.5954477414401549,-0.5387872466151722,-0.41070543047748864,-0.23110762511184146,0.0015545890893857162,0.2667565681209772,0.4128883550216755,0.634858822771887
SSP585,Interactive,AFE,1,Dir,2081,-0.2746416086340656,-0.64822795937233,-0.6044262381779739,-0.5468525257138604,-0.41389540272247805,-0.2295548515192553,0.008942717667007771,0.2856650184155804,0.43943818970032417,0.6729964763703087
SSP585,Interactive,AFE,1,Dir,2082,-0.28192389183909683,-0.6603802169367504,-0.6132668642755358,-0.5576407594687633,-0.42202299406304516,-0.23528394946194164,0.010996038516313422,0.299316753755887,0.458128007741369,0.7095887018836158
SSP585,Interactive,AFE,1,Dir,2083,-0.28919059062582364,-0.6723000114585174,-0.6249902907480018,-0.5682417571563173,-0.4304648129981155,-0.24072983661675534,0.015725513580963746,0.30978866782798375,0.4796693683920629,0.7482333596375367
SSP585,Interactive,AFE,1,Dir,2084,-0.2964367138334376,-0.6839816503494202,-0.6365172747751575,-0.5785708290426652,-0.4394193844282059,-0.24490691630841138,0.021435363757722314,0.3306615107773933,0.5011331151075524,0.7950745208167355
SSP585,Interactive,AFE,1,Dir,2085,-0.30365738672832965,-0.6941154384043995,-0.6478435357847004,-0.5871665828391671,-0.4471055543320834,-0.24946940544728652,0.024522576145196984,0.3519181447385213,0.5258233366102094,0.8328921417350708
SSP585,Interactive,AFE,1,Dir,2086,-0.30556497303431174,-0.6997550664452858,-0.6564696112176932,-0.5950505280090969,-0.45098796318094203,-0.24735506441857047,0.03092660297159805,0.3796267862408212,0.5560232230048741,0.8837481779690288
SSP585,Interactive,AFE,1,Dir,2087,-0.31254042270483207,-0.7083919994569171,-0.6673579344650282,-0.6049503659540821,-0.4608424893082609,-0.25031360245589157,0.032076937453238974,0.39694436768223235,0.581212097476398,0.9253158269636684
SSP585,Interactive,AFE,1,Dir,2088,-0.31947566698493834,-0.7176344088527898,-0.6780357584847738,-0.6146656608247293,-0.4691416725610085,-0.2527638556601689,0.03562195334610413,0.41942865561082476,0.6157800752270352,0.9816623991323136
SSP585,Interactive,AFE,1,Dir,2089,-0.3263665118994449,-0.7269195244619497,-0.688499940851541,-0.6237999256310268,-0.47356450807920103,-0.25819876528055735,0.03993535696881434,0.44276632539688765,0.6463932180975712,1.0375104404789277
SSP585,Interactive,AFE,1,Dir,2090,-0.33320889343509497,-0.735383540135956,-0.6983476358130588,-0.6330210713485355,-0.4814874016586142,-0.26203614708243106,0.04231367796104313,0.46739789568294526,0.6958920995870987,1.096606799038747
SSP585,Interactive,AFE,1,Dir,2091,-0.33438078266280913,-0.740452808273685,-0.7045562763156863,-0.6399335225087558,-0.485820335052524,-0.26189318198510914,0.054531138306312565,0.49794883056638856,0.7516677298676527,1.177802740059668
SSP585,Interactive,AFE,1,Dir,2092,-0.34097211938076755,-0.7492431369674248,-0.7133915629524554,-0.6490796705252364,-0.49233665027388096,-0.26723678946884816,0.06340718415634883,0.5197764191672465,0.7842321976062768,1.2415044879387722
SSP585,Interactive,AFE,1,Dir,2093,-0.34750463128549725,-0.7585969787607582,-0.7225786560590365,-0.6569481319918582,-0.49951652779675615,-0.2714809950881066,0.0752358933175285,0.5471702965274076,0.8180315849519645,1.3016497557138205
SSP585,Interactive,AFE,1,Dir,2094,-0.3539749307950666,-0.7677064317231791,-0.7312966800064683,-0.6646111870050205,-0.5073699676105169,-0.27642875553174634,0.0820476738537923,0.5723238414356813,0.8530024664134273,1.3649224158954882
SSP585,Interactive,AFE,1,Dir,2095,-0.3603797571503369,-0.7765719608522468,-0.739775568799038,-0.6728235699990155,-0.5167705943528678,-0.2782960358403277,0.08797300323003965,0.6038908089857367,0.8894930991120387,1.4315226131454175
SSP585,Interactive,AFE,1,Dir,2096,-0.36073049998994033,-0.7831247114685723,-0.7451414133497991,-0.6808813945113582,-0.518913651218093,-0.27502888222642013,0.10417956931465017,0.6451238797487304,0.9641020412735831,1.5237650391895445
SSP585,Interactive,AFE,1,Dir,2097,-0.3668414183640416,-0.7915144623853249,-0.7531643167893494,-0.6882385652799361,-0.5258420873379537,-0.27372608016973055,0.1172303293077584,0.6766827653005175,1.0042283152673508,1.5991474718835208
SSP585,Interactive,AFE,1,Dir,2098,-0.37287921906398025,-0.7996662889159764,-0.7609530787771966,-0.6950114254252869,-0.532515188593707,-0.27568791224099004,0.12488769895326063,0.7036984424462285,1.047996896970106,1.6813304041224741
SSP585,Interactive,AFE,1,Dir,2099,-0.3788412723856097,-0.8075820273793017,-0.7685338327392839,-0.7017941059119779,-0.5381827060176729,-0.27950806917814974,0.13159411669314913,0.7298224148978091,1.0981807206398893,1.8429243337784644
SSP585,Interactive,AFE,1,Dir,2100,-0.3847250589116624,-0.8152638169639624,-0.775909047181766,-0.7099574956222077,-0.5461787779227643,-0.28360999251370467,0.14448312396697222,0.7644597083428211,1.1671239182592836,1.921215534535489
SSP585,Interactive,AFE,1,IE,2021,9.052553736510482e-5,-2.0198670688853503e-5,-9.326013108434834e-8,2.0517473587255976e-5,5.268865163141068e-5,9.35239346111505e-5,1.2700014955738248e-4,1.5462724753761983e-4,1.7684352001381403e-4,1.9335790277060503e-4
SSP585,Interactive,AFE,1,IE,2022,2.532317367303083e-4,-7.609265413320575e-5,-2.2758095596298043e-5,3.1015741052931035e-5,1.4004140980813928e-4,2.5794154258218516e-4,3.604367759928728e-4,4.564374658377335e-4,5.240076166241723e-4,5.82201495619128e-4
SSP585,Interactive,AFE,1,IE,2023,4.906073719300741e-4,-1.898154717232453e-4,-9.677453244688605e-5,2.9799210576453332e-5,2.5629719864248e-4,4.949552650973521e-4,7.340237723570397e-4,9.277330223323221e-4,0.0010584104367448444,0.0011585152221323058
SSP585,Interactive,AFE,1,IE,2024,8.051684903683798e-4,-3.521525625618582e-4,-2.0097174786071204e-4,-1.2175923966295494e-5,3.960522970732905e-4,8.281887255413012e-4,0.0012380934015898681,0.0015762822514843846,0.0017945704738299595,0.001964252951929496
SSP585,Interactive,AFE,1,IE,2025,0.0011994469362489601,-5.98883069442524e-4,-3.294665478207781e-4,-5.995067253784514e-5,5.537804405270075e-4,0.0012288716739353167,0.001875870221503706,0.0023755088178781135,0.002733349199802426,0.0029870270980373584
SSP585,Interactive,AFE,1,IE,2026,0.0016606579725094717,-8.843218382764306e-4,-5.378316712774166e-4,-1.2858065800392938e-4,7.281511386485473e-4,0.0017134429809698148,0.0026441023974705935,0.0033111810183116376,0.003848140986086118,0.0042328422168664195
SSP585,Interactive,AFE,1,IE,2027,0.002215830569642918,-0.0012133316336997047,-8.055879737174973e-4,-2.0560686335474574e-4,9.475800734524142e-4,0.0022699027200148714,0.0035171495044140078,0.004456692154561314,0.005193581902922128,0.005688581419349073
SSP585,Interactive,AFE,1,IE,2028,0.00285645066470952,-0.0015858987858849566,-0.0011789056137819665,-3.04683024826935e-4,0.0011894220470803352,0.0029133253693868766,0.0045536381743268295,0.005776356687425965,0.006732059541642709,0.007341803529963188
SSP585,Interactive,AFE,1,IE,2029,0.0035846110050123947,-0.002044069465688003,-0.0015130453230048136,-3.897511023241984e-4,0.0014716378651036532,0.003651548927765258,0.005758520285538471,0.007274591794948581,0.00849191708328077,0.009263188890426714
SSP585,Interactive,AFE,1,IE,2030,0.004402312569134148,-0.0025580678262620395,-0.001818012810172681,-4.999526544564257e-4,0.001787800496316383,0.004460423278913772,0.007060106776927977,0.009007357804436367,0.0104588052531683,0.011430992442699057
SSP585,Interactive,AFE,1,IE,2031,0.005249438563546538,-0.0031926704121800487,-0.0023135299976728588,-6.762259560190718e-4,0.0020279058987689447,0.005316434084846611,0.008453105231469027,0.01073906887651831,0.012509030856267154,0.013769358318038194
SSP585,Interactive,AFE,1,IE,2032,0.0062342781211729426,-0.0038276114406565584,-0.002837068320974445,-8.172860862708073e-4,0.0023880964111239467,0.006342970388289737,0.010029163414074005,0.012733263517783379,0.01483810064903451,0.016428556851220272
SSP585,Interactive,AFE,1,IE,2033,0.007309935838353265,-0.004579243226216029,-0.0032629036543965254,-0.0010956153004605946,0.0027820707270879708,0.007477636369782215,0.011747736476460213,0.014947939256890409,0.017360406235988734,0.019231262772834865
SSP585,Interactive,AFE,1,IE,2034,0.00847740865851343,-0.005384791587173016,-0.003628089507171321,-0.001274609574112517,0.003194606777027459,0.008685987094784242,0.013500011508702336,0.017372401685907004,0.020072906104952933,0.022193223059988852
SSP585,Interactive,AFE,1,IE,2035,0.009737518963297664,-0.006095795937171244,-0.004174789753268552,-0.0013946220069453448,0.0036053169070383306,0.0099826472020772,0.015400763881211588,0.01999693844012028,0.023016087162648594,0.025539833636620816
SSP585,Interactive,AFE,1,IE,2036,0.010954963289976916,-0.00702412324704264,-0.0050754108482864374,-0.0015280138365260983,0.0039664931921623015,0.011173183407587772,0.017274244830933594,0.022527867937015993,0.026237052144083915,0.02883267442171438
SSP585,Interactive,AFE,1,IE,2037,0.012374456524757216,-0.008159099726811319,-0.005864997196600064,-0.0018236762087179832,0.0044158378380445285,0.012515681113179022,0.019388798615399466,0.02545464808528176,0.02964007265792939,0.03229373916527833
SSP585,Interactive,AFE,1,IE,2038,0.01388316326001049,-0.0091686550879364,-0.006611278802633047,-0.002136836386675211,0.004860754203775769,0.013916025414286937,0.021682804243820214,0.02841822640258053,0.032964538015966945,0.036061573656404756
SSP585,Interactive,AFE,1,IE,2039,0.015480710452810409,-0.01023153425950491,-0.007268099113409398,-0.0024079450984237022,0.00542676397637476,0.015541931828158662,0.024124213070401607,0.03170784772137252,0.0365613785312294,0.04026234223124807
SSP585,Interactive,AFE,1,IE,2040,0.0171665020331625,-0.011378723076372879,-0.007913892898301566,-0.002650062464317958,0.006104564689819764,0.017292141444397002,0.026658000034277124,0.035030462952253504,0.040548448365463244,0.04471539783022686
SSP585,Interactive,AFE,1,IE,2041,0.018692321008325852,-0.012969338667372604,-0.009117774601348338,-0.003206116916150858,0.0066644724156351975,0.018697056237117482,0.0291976603516802,0.03815391822905685,0.04440260920292578,0.04901263875211486
SSP585,Interactive,AFE,1,IE,2042,0.020519238214951163,-0.014633559940032665,-0.010381023288522133,-0.0035625131615616853,0.007340299040635601,0.02032289422084954,0.031870934735739126,0.04184673661989043,0.048708840871432464,0.0533134853771093
SSP585,Interactive,AFE,1,IE,2043,0.02242768484256963,-0.01610352982889043,-0.01137099588191352,-0.003987751289308406,0.007787009540743739,0.022229887139973648,0.03468348327833656,0.045624469261372674,0.05308093964413153,0.05791509653763232
SSP585,Interactive,AFE,1,IE,2044,0.02441596295002768,-0.017512525087560907,-0.012395113570372096,-0.004456941222262122,0.008478066908652576,0.024161712533649293,0.037776129880671194,0.049551014956084966,0.057812486735458885,0.06277104801641699
SSP585,Interactive,AFE,1,IE,2045,0.02648214064002319,-0.018982089566893283,-0.013660893454995503,-0.004921242789503243,0.009266867320809113,0.02604401642255122,0.040849123949903005,0.05367818701388321,0.06281567229985568,0.06773139719525685
SSP585,Interactive,AFE,1,IE,2046,0.02822110045973858,-0.020962810436489655,-0.015278275034979572,-0.005885084287175544,0.009572501105448605,0.027768485704014467,0.04364349557634753,0.05745738397532818,0.0672231686366132,0.07241381303130145
SSP585,Interactive,AFE,1,IE,2047,0.030393150957292225,-0.022618740436580367,-0.016464536963111898,-0.006649528780732361,0.010108011175898435,0.029834007276365038,0.046817189325068426,0.061753286182454924,0.07195805308678405,0.07779544889479584
SSP585,Interactive,AFE,1,IE,2048,0.03263248957554199,-0.024343184750140648,-0.01764285764623358,-0.0068087520713928824,0.010761965901156717,0.03181380420073293,0.05028595938307995,0.06622116444311887,0.07729662965939095,0.08456497294595827
SSP585,Interactive,AFE,1,IE,2049,0.03493620846145229,-0.026138114035163227,-0.019203104983910414,-0.008010556880005723,0.011442208269824977,0.033854498092894036,0.053614923980620816,0.07089054344791063,0.08282946637915176,0.09028666078687371
SSP585,Interactive,AFE,1,IE,2050,0.037301189582773064,-0.028295949813493773,-0.020794713887361562,-0.009184555581040154,0.012122289891895455,0.036131131005044226,0.05683593631918016,0.07549652717654831,0.0880666902433734,0.0964644186204023
SSP585,Interactive,AFE,1,IE,2051,0.03912782586281349,-0.03159759590987839,-0.022944579151176186,-0.010262129695753961,0.012193302765784175,0.03793617812215888,0.059557635970940076,0.07949355693623536,0.09221396742952517,0.10198355637732955
SSP585,Interactive,AFE,1,IE,2052,0.04154448340393202,-0.03438402664982209,-0.024578577047572447,-0.011244555134204125,0.012812347043223565,0.039799417225920064,0.06312823116291993,0.08445579051479682,0.09802333978738766,0.1091667677253635
SSP585,Interactive,AFE,1,IE,2053,0.04400824529291747,-0.037359979118718474,-0.026792243773328346,-0.01255271356159281,0.013491027143343048,0.04173339952841448,0.06685785153481916,0.08906756977046154,0.10446924074427281,0.11548162796329066
SSP585,Interactive,AFE,1,IE,2054,0.046515291537756354,-0.03989960592995475,-0.02876110931581954,-0.013641367995652163,0.01422432513815175,0.0439309578155867,0.07031832902891696,0.09344782939375296,0.11023003265867315,0.12222695196019932
SSP585,Interactive,AFE,1,IE,2055,0.049061649248335226,-0.042445585853569126,-0.031043920167457516,-0.014886653253732974,0.015188115659675094,0.04634169580715658,0.07386286446054932,0.09777478086622551,0.11576008035318153,0.12859203524709106
SSP585,Interactive,AFE,1,IE,2056,0.05085704898655752,-0.0470732022652219,-0.03423248043278524,-0.015876943399638785,0.014853323062623686,0.04814983242788967,0.07673290790106496,0.10213674006650746,0.12161399979968812,0.1354533821904272
SSP585,Interactive,AFE,1,IE,2057,0.05340216427109945,-0.05026511176306124,-0.03664622374163106,-0.01755849606579142,0.015266547348155024,0.050287920110932416,0.08075359794270864,0.10776327622070644,0.1278085491050484,0.14338172035177765
SSP585,Interactive,AFE,1,IE,2058,0.05597134105304358,-0.05400103451028457,-0.03913898464943749,-0.019509420959794518,0.01553468862177848,0.0525234417458883,0.08421426261914278,0.11349534840779041,0.13416350119204293,0.15152433382986313
SSP585,Interactive,AFE,1,IE,2059,0.058560285521284006,-0.05732503094328994,-0.04177346363028573,-0.020358013161014474,0.015645325866251225,0.05466925399900968,0.0884487965455685,0.11897517901314489,0.14056175994055653,0.15775025529781717
SSP585,Interactive,AFE,1,IE,2060,0.06116462400875289,-0.06103595073522275,-0.04456242541076615,-0.022121674127266608,0.015938961371109478,0.05701017421568999,0.09202385011554337,0.1238955159160998,0.1469913346527314,0.1645720467916496
SSP585,Interactive,AFE,1,IE,2061,0.06278235526594855,-0.06682285906475346,-0.049458601571086794,-0.024311388498170786,0.015338124172647544,0.058131434877588484,0.09475871270977207,0.12890323025326245,0.15125121227553268,0.1690872803826953
SSP585,Interactive,AFE,1,IE,2062,0.06533345981348193,-0.07146860426715525,-0.052333432036027895,-0.027029406831822544,0.015600684700002976,0.06019803381281269,0.09851072342178588,0.13447277133833088,0.15645912818843896,0.1762086781770912
SSP585,Interactive,AFE,1,IE,2063,0.06788521862022168,-0.07600499498200712,-0.05635365246177033,-0.02909217591849055,0.015823120404199864,0.06216213562617001,0.10170253733165094,0.1391186685253885,0.16357726216723367,0.18401233054271743
SSP585,Interactive,AFE,1,IE,2064,0.07043333630958282,-0.0800116233118176,-0.06037452916975998,-0.03198201886916908,0.01606145004935086,0.06465076489960969,0.10538495301267839,0.14373444264802748,0.1707309058354624,0.1914351980218883
SSP585,Interactive,AFE,1,IE,2065,0.0729735139767912,-0.08510196765351011,-0.06412156363684798,-0.033900255254912165,0.015967889428114307,0.0665825859632258,0.10854664393001526,0.14934596118815338,0.17777708180507823,0.19681350295506528
SSP585,Interactive,AFE,1,IE,2066,0.07436499320496626,-0.08997397678510448,-0.06854993202521234,-0.039068456441812505,0.014700624100601273,0.06736479788883992,0.11050102543791801,0.15359562596535692,0.18322739086033668,0.201649899553025
SSP585,Interactive,AFE,1,IE,2067,0.07682186900201482,-0.09539740677598706,-0.07399474490157919,-0.041225382667519905,0.014173963920908528,0.06911701965459865,0.11343222409143766,0.15930790027564606,0.19042070063948413,0.20949453163468074
SSP585,Interactive,AFE,1,IE,2068,0.0792585905808858,-0.10292731811884209,-0.07912122727671976,-0.04375718118871358,0.013680386760110685,0.07082524897178077,0.11677783010974724,0.16482260611331906,0.19698897158722287,0.21741224692625494
SSP585,Interactive,AFE,1,IE,2069,0.08167125308888146,-0.11101703143197818,-0.0848038912300899,-0.04667115997832929,0.01299880865727776,0.07268396284127193,0.12050108163515805,0.16975329260828229,0.20458171312723336,0.22544046226925893
SSP585,Interactive,AFE,1,IE,2070,0.08405601265706164,-0.12038046042267063,-0.08923043303943265,-0.049313613153645575,0.0120817804099341,0.07378705147734427,0.12404125600847701,0.1760944108350631,0.21294502576954827,0.2335537287862112
SSP585,Interactive,AFE,1,IE,2071,0.08517757128523529,-0.1275546000984906,-0.09760923616679183,-0.05660721877068601,0.01101112323008277,0.07386346809641015,0.1252452106340519,0.18076629770279012,0.21872094349156926,0.24054526382669678
SSP585,Interactive,AFE,1,IE,2072,0.08745301873178624,-0.13840152928819036,-0.10472131732195601,-0.06304713049312945,0.009440255325770891,0.07468386393043502,0.1278567558717797,0.18669480694969864,0.22496807578911926,0.24871381216408162
SSP585,Interactive,AFE,1,IE,2073,0.0896912485393,-0.14692876921549186,-0.11139729186287123,-0.0666626179449635,0.008360650985236279,0.07546403695696835,0.13056915515354073,0.19361829498583075,0.2311510002219846,0.2570363303628292
SSP585,Interactive,AFE,1,IE,2074,0.09188903631102951,-0.1549900679429524,-0.11755034906312607,-0.06989207545207779,0.007825800066182387,0.07656409216516358,0.13425523167548967,0.19960445538712335,0.23613038523730798,0.26529914232893315
SSP585,Interactive,AFE,1,IE,2075,0.09404326407725105,-0.16334127978874813,-0.12488703806898156,-0.07303429224688905,0.006415995013647063,0.07724123974955521,0.13680372980360295,0.20430447625372833,0.2417374028536212,0.27509185726008184
SSP585,Interactive,AFE,1,IE,2076,0.09489189345147742,-0.1723064094160515,-0.13267513875232448,-0.0789527199669017,0.0037805048076039183,0.07712948153261878,0.137983245650338,0.20646043353818588,0.24471644483191146,0.28186883061553664
SSP585,Interactive,AFE,1,IE,2077,0.09692424958569146,-0.18491278389292767,-0.13921750769101535,-0.08593205081603214,0.0025665577317481036,0.07726955830565213,0.1405722495507312,0.21187308358671023,0.2532924849642457,0.29142992965161707
SSP585,Interactive,AFE,1,IE,2078,0.09890696487732631,-0.19602353348851692,-0.14722250161700445,-0.09216070955179347,0.0011835263180074163,0.07832439975488559,0.14355326590743808,0.21696132464436435,0.25932167097460507,0.3010949660329896
SSP585,Interactive,AFE,1,IE,2079,0.10083761895084031,-0.20792965536802416,-0.15286435552518693,-0.09821380788564482,-5.968777801479141e-4,0.07955961301138992,0.14706616429359434,0.22221011061979942,0.2668090844301208,0.3094547387238102
SSP585,Interactive,AFE,1,IE,2080,0.10271391855734835,-0.21826758459054119,-0.1622994761188137,-0.10235567251389027,-0.00223951506858569,0.08046130441357457,0.1491582434888047,0.22862530969651162,0.27521792035891895,0.3186840931275121
SSP585,Interactive,AFE,1,IE,2081,0.1033278371284061,-0.23880943731381013,-0.17312370835044436,-0.10581002586895272,-0.005725054465181456,0.07933825113328985,0.15081783151337438,0.2329157338006742,0.28159357199967344,0.3282598111877204
SSP585,Interactive,AFE,1,IE,2082,0.10508235349598571,-0.25465687192587905,-0.18806370076566756,-0.11250230898023827,-0.007391055200711399,0.07971413966827162,0.15379370606998238,0.23773925027414566,0.29067617047822847,0.3381928731352606
SSP585,Interactive,AFE,1,IE,2083,0.10677971138646947,-0.2671607793397145,-0.2001860867703592,-0.121526475473582,-0.009201254130729586,0.07957393438275617,0.15652866869773635,0.2413576531721941,0.2995345911924553,0.347320595367703
SSP585,Interactive,AFE,1,IE,2084,0.108418310584521,-0.28266891951467427,-0.2101563232208374,-0.12985210452316087,-0.012940168179347594,0.08026486600740151,0.15889596212865298,0.24564552753312938,0.307935719715507,0.3576952019423163
SSP585,Interactive,AFE,1,IE,2085,0.10999667743881592,-0.2949859201574559,-0.22349724608552918,-0.1378933676921673,-0.01633211343426949,0.08073304646816348,0.1611939150628013,0.25217005074697285,0.31462307849269106,0.3682128358785323
SSP585,Interactive,AFE,1,IE,2086,0.11045155731378264,-0.3120174164319225,-0.2368716608774441,-0.14757290201484544,-0.018727311741293523,0.08079827075601065,0.16193506659779044,0.2567255484446469,0.3211333705474904,0.3766046425097022
SSP585,Interactive,AFE,1,IE,2087,0.11191620034750094,-0.335671848258837,-0.24692594246044466,-0.15377902814448088,-0.020979631002580296,0.08098122358044951,0.1654084026549418,0.2633116933035506,0.33302181649338275,0.3875406567856797
SSP585,Interactive,AFE,1,IE,2088,0.11332052049061536,-0.36098482311773367,-0.26108033291804617,-0.16541764135684778,-0.023892850323173537,0.0806006171061941,0.16784968971088465,0.2700978490051308,0.34006791821373555,0.4014346434935195
SSP585,Interactive,AFE,1,IE,2089,0.11466365074603713,-0.40020619035643584,-0.28133434612313746,-0.17854195112983764,-0.028533733724061455,0.07921131311677548,0.17010103569985113,0.2746473919114484,0.348033486277787,0.4129245404019867
SSP585,Interactive,AFE,1,IE,2090,0.11594483391253263,-0.4298990440593551,-0.29542030219735343,-0.1915738563290369,-0.0301309954649521,0.07870668622722615,0.17196062695985817,0.2791509499107869,0.3564075585861162,0.4282344819381317
SSP585,Interactive,AFE,1,IE,2091,0.11635959066749724,-0.45840324254017484,-0.31444374501110545,-0.20442267625228855,-0.039297797223976444,0.0780140542838495,0.17384141182340612,0.28325449428673954,0.3641456529570615,0.43889745466322483
SSP585,Interactive,AFE,1,IE,2092,0.11755077641846312,-0.4900680435677847,-0.33890145606500616,-0.21618869551231004,-0.04415052316977652,0.07750308650914511,0.1763738460289674,0.28798528860811173,0.37420492312717824,0.44945337473055696
SSP585,Interactive,AFE,1,IE,2093,0.11868225066854343,-0.5266414464042432,-0.3709729121639833,-0.22879094788501644,-0.048903419610521304,0.07685500564568803,0.17815750273923903,0.2936372412287992,0.3815202468136569,0.4616767819775783
SSP585,Interactive,AFE,1,IE,2094,0.11975372508269999,-0.5659657848576181,-0.4052792346287786,-0.24516288204005304,-0.055200410090550656,0.07597537968876855,0.1764522717333688,0.298532191940745,0.3910311381422057,0.47646940630675866
SSP585,Interactive,AFE,1,IE,2095,0.12076499458142675,-0.6082721443336738,-0.4280461273616232,-0.26061605302351815,-0.06036068029543332,0.07402483134827548,0.17700357794037905,0.30536895657245244,0.40047377066041606,0.4913444636000934
SSP585,Interactive,AFE,1,IE,2096,0.12120269790012794,-0.6434094444549775,-0.45142800392087434,-0.2768805432494552,-0.06149267762228566,0.07426530100460449,0.18017946381439487,0.311006506972881,0.4114783421611468,0.5018848759106864
SSP585,Interactive,AFE,1,IE,2097,0.12214887087189141,-0.6865666783768766,-0.48248551862732353,-0.2907453541131716,-0.06616642182896182,0.07373361027092873,0.18160434376917642,0.31734811702558613,0.42152681512323525,0.5152203071853396
SSP585,Interactive,AFE,1,IE,2098,0.1230388477290838,-0.7313675806654389,-0.5094063860331954,-0.3056880038580364,-0.0714311166926751,0.0728850386083792,0.18377567506189899,0.3230474002158532,0.43140071499000554,0.5287944885812469
SSP585,Interactive,AFE,1,IE,2099,0.12387272496916846,-0.7887959038271234,-0.5359452942338994,-0.3228916003949102,-0.07660167569365084,0.07082308862830661,0.18467035951737756,0.32973114308420337,0.43958376802874116,0.5426075691209677
SSP585,Interactive,AFE,1,IE,2100,0.12465064938581283,-0.8507867105005773,-0.5703173137880939,-0.33954510296381785,-0.08154551026854512,0.06919718383530149,0.18612877507854964,0.33343863661375184,0.4465753618667093,0.5566562677384912
SSP585,Interactive,AFE,2,All,2021,-2.283323351759403e-5,-2.795576421823404e-4,-2.424888924841717e-4,-1.9075785382256514e-4,-1.1429313379340833e-4,-2.3871026339605805e-5,7.127341421753197e-5,1.4887922160728985e-4,2.0508256040085987e-4,2.5119064115812766e-4
SSP585,Interactive,AFE,2,All,2022,-1.0879560608723082e-4,-8.768476821393589e-4,-7.58861480442463e-4,-6.220896551566324e-4,-3.8106270397894604e-4,-1.2072435797899628e-4,1.7013833543610968e-4,4.010463833057587e-4,5.413689217486304e-4,6.586947370751326e-4
SSP585,Interactive,AFE,2,All,2023,-2.2702425935772208e-4,-0.001847003307351619,-0.0016594203439644962,-0.0012878518789996905,-8.210422364748615e-4,-2.313467557048532e-4,3.8364449713457205e-4,9.047028938111046e-4,0.0011498877408943062,0.0014006446806600736
SSP585,Interactive,AFE,2,All,2024,-3.8136239024577634e-4,-0.0032954075113301173,-0.002921918640816446,-0.0023002534384004235,-0.001404546319054678,-4.055337842004403e-4,6.448126599729043e-4,0.0015874510532222221,0.0020805744071851085,0.002452581309948358
SSP585,Interactive,AFE,2,All,2025,-5.756647116520464e-4,-0.00520133500521909,-0.004533680266386763,-0.003668318495787104,-0.002147329590206498,-6.504433049788205e-4,0.001015825974248874,0.0025242019313334472,0.0032892850154785814,0.003920494258530316
SSP585,Interactive,AFE,2,All,2026,-8.559972965639373e-4,-0.007513734151679274,-0.0064660383914085795,-0.005357886845142734,-0.003143053373496102,-9.863547528157213e-4,0.0014364830207315715,0.0036396625936064185,0.004729268396624396,0.005693506292294829
SSP585,Interactive,AFE,2,All,2027,-0.0011546691680186516,-0.01037838760046889,-0.008671951672042988,-0.0071343062803573935,-0.0043024554039519936,-0.0013592176872928574,0.001979790582759766,0.004975400471247094,0.006486168100693486,0.007767414363587432
SSP585,Interactive,AFE,2,All,2028,-0.0015064751132123355,-0.013696625299146975,-0.011356087386781788,-0.009307945980376976,-0.005634861425924453,-0.0017952101649775232,0.0025639964769597068,0.006525500098320581,0.00850491404958955,0.010208325846768257
SSP585,Interactive,AFE,2,All,2029,-0.0019152187563192813,-0.017414888697217714,-0.014414400607810147,-0.01189838202933986,-0.007154943797477636,-0.002224081865421279,0.00325954319096855,0.008347299034037548,0.010794858630309484,0.012911740118341206
SSP585,Interactive,AFE,2,All,2030,-0.002384684282001226,-0.021516333768532493,-0.017837762635980848,-0.014851251739956483,-0.008841657728063168,-0.0027919241871466882,0.003992831693956922,0.010340128764511248,0.01349855994478778,0.01618254036539134
SSP585,Interactive,AFE,2,All,2031,-0.002999565287811201,-0.026092673677496726,-0.021710624272270284,-0.018099312084553364,-0.01088670292604721,-0.0034657145670630163,0.004789637402530134,0.012435247651978544,0.01624166831647083,0.01959882256981051
SSP585,Interactive,AFE,2,All,2032,-0.0036119959214248043,-0.031072350573376272,-0.02605729057863961,-0.021758070280804176,-0.012924689410492685,-0.004248267399722949,0.005721603054893443,0.014915998170483993,0.019487276829685117,0.023556055552673153
SSP585,Interactive,AFE,2,All,2033,-0.004296018480253405,-0.03647154377972376,-0.030807417580548297,-0.025628604228210713,-0.015139481678787675,-0.005128602963998863,0.006703461458170967,0.017634837786606485,0.022973581652626772,0.02771550086624263
SSP585,Interactive,AFE,2,All,2034,-0.005055151447414863,-0.04228320159453008,-0.03594658335667348,-0.02980828154478543,-0.017713522953678174,-0.006136813162418542,0.0075783871824410265,0.020465847657962714,0.026697359337855144,0.032180035267346405
SSP585,Interactive,AFE,2,All,2035,-0.0058928795178391224,-0.048839353069889006,-0.04149225210278764,-0.034313972023560735,-0.020372578096258726,-0.007035233247441763,0.008531824989498782,0.023718171089738706,0.030709397901039177,0.03700194432249337
SSP585,Interactive,AFE,2,All,2036,-0.006930743969047137,-0.05601634085525727,-0.04763411061508557,-0.03934918482412035,-0.023469043207549722,-0.008099971480851342,0.009428268563005993,0.02710119470356465,0.03516527838092855,0.04203810510280881
SSP585,Interactive,AFE,2,All,2037,-0.007940750795684126,-0.06353478880539509,-0.05411435827753215,-0.0443889126418045,-0.02668894129520538,-0.009183024553289565,0.010620549837419058,0.03071430471891372,0.03985494696600642,0.04761474063793301
SSP585,Interactive,AFE,2,All,2038,-0.009037750353850793,-0.07150922129880534,-0.06100689438811359,-0.049839302219781834,-0.030196966933252023,-0.010473701463426577,0.012064469114635934,0.03449564840352771,0.04502945126098202,0.053533321137563275
SSP585,Interactive,AFE,2,All,2039,-0.010224851291842363,-0.07993247465568408,-0.0681034417439195,-0.05564797638542879,-0.03386010756472241,-0.011738714694357666,0.013256751714189441,0.038460089122741514,0.05002642905016803,0.059715371246777685
SSP585,Interactive,AFE,2,All,2040,-0.011505117408748822,-0.0887964457656993,-0.0757334800587205,-0.061792556827918343,-0.037486763769067705,-0.013056764720099867,0.014683719866967093,0.042802840799986516,0.055506039254231296,0.06606612361836772
SSP585,Interactive,AFE,2,All,2041,-0.012991365012482659,-0.098172856528969,-0.08393076709978034,-0.06832747707269606,-0.04150506562774808,-0.014739473796653413,0.01589615603912381,0.04708077382691429,0.061032179608498126,0.07276765217824088
SSP585,Interactive,AFE,2,All,2042,-0.01445863177281359,-0.10788775457163843,-0.09200333272384849,-0.07527502896203093,-0.045479002981351824,-0.0163424812839007,0.017201583494817874,0.05165031099216518,0.0670721452738412,0.07978310902969803
SSP585,Interactive,AFE,2,All,2043,-0.016024632105669956,-0.11799968053349989,-0.10038883372785039,-0.08265070228946743,-0.04962218936412671,-0.018093521678679947,0.018665626143999192,0.05678661420147087,0.073446158778193,0.08710710218836318
SSP585,Interactive,AFE,2,All,2044,-0.01769198442891695,-0.12831590432278073,-0.10909785042670628,-0.08992137474010782,-0.054172860917122756,-0.019743507344020306,0.020264250030877673,0.06206731740622125,0.08037234855741718,0.09484367628912593
SSP585,Interactive,AFE,2,All,2045,-0.01946325307159469,-0.1383549888866478,-0.11818485093887034,-0.09757341980928105,-0.05896121859232331,-0.021453416597475572,0.02198727393065608,0.06756185997673207,0.08788819842735562,0.10356842249951238
SSP585,Interactive,AFE,2,All,2046,-0.02136314263724337,-0.14850453216718593,-0.12773698941200062,-0.10545584946331056,-0.06387951341308395,-0.023251641965913783,0.023551070001995078,0.07289742194837115,0.09545917437429388,0.1125301769060397
SSP585,Interactive,AFE,2,All,2047,-0.023322120037516658,-0.15907532382293985,-0.1373764432760325,-0.11352298255591745,-0.06900642732753798,-0.025080601994609708,0.025070139889826815,0.07833336279382071,0.10350309462974985,0.12217085561617584
SSP585,Interactive,AFE,2,All,2048,-0.02538771231516912,-0.16988298934927393,-0.14749748111056446,-0.12200590320366574,-0.07437022311873911,-0.026835822345193716,0.026611866305755405,0.08408058156442527,0.11136015405727946,0.13228406787100302
SSP585,Interactive,AFE,2,All,2049,-0.027562019097949975,-0.18101904141864056,-0.15781304502749144,-0.13085979374405343,-0.08001416491914451,-0.028852953111327073,0.028289704757775702,0.09046563587152961,0.12005510557480072,0.14304243843658107
SSP585,Interactive,AFE,2,All,2050,-0.0298470802166253,-0.19308303935269536,-0.1684102490860518,-0.13996408074322628,-0.0857524405502382,-0.031248745478526407,0.030595835466047105,0.09704032013984423,0.12910815983060922,0.15386720155598502
SSP585,Interactive,AFE,2,All,2051,-0.03207492659455602,-0.2049818126279054,-0.1787158510150314,-0.14892375302134467,-0.09126921845330821,-0.033396880340857193,0.03251943659013201,0.10397206839684153,0.13868044117840644,0.16511713038011286
SSP585,Interactive,AFE,2,All,2052,-0.034529304863922694,-0.2174916881418284,-0.18973015630684542,-0.15842545309928555,-0.09719523340947392,-0.03558723177141482,0.03448580565727577,0.11075635174113677,0.14873714438042818,0.17744697534333206
SSP585,Interactive,AFE,2,All,2053,-0.03709346877940789,-0.23023807478838176,-0.20098093298881234,-0.16789970920783534,-0.10335662468652435,-0.03822421014310495,0.036471817855517785,0.1177053414168124,0.15866003915302623,0.18990571624855154
SSP585,Interactive,AFE,2,All,2054,-0.039768916839355795,-0.24320469457488034,-0.212455729787684,-0.1775813186482409,-0.10987089896834373,-0.04074666543223471,0.03870352006608213,0.1248616224208947,0.1692938834302084,0.20241425272887417
SSP585,Interactive,AFE,2,All,2055,-0.042557082108183875,-0.25637499778075745,-0.22414176023570276,-0.1875756064078405,-0.1161073235076357,-0.043447099746484474,0.04133527694812561,0.13292553898778467,0.180292128048433,0.21540333659975555
SSP585,Interactive,AFE,2,All,2056,-0.04502624312289283,-0.26884259610797323,-0.23498728300091112,-0.197450178985423,-0.12220458947376614,-0.045750903949471455,0.04413373891158878,0.14133100306069307,0.1919122917288746,0.22886374821955863
SSP585,Interactive,AFE,2,All,2057,-0.04795829273850771,-0.28224116911359287,-0.2469952455906379,-0.20786706967765303,-0.12901779394886095,-0.04816441007004946,0.04708891536033838,0.15024005654525718,0.20395233440395438,0.2435973832244166
SSP585,Interactive,AFE,2,All,2058,-0.05099890540967389,-0.29578392876254167,-0.25916748144932944,-0.21845880066480025,-0.13586891332799264,-0.050612873152371674,0.04943585740196099,0.1594781359842636,0.21674886695915677,0.25850739720503685
SSP585,Interactive,AFE,2,All,2059,-0.054148913125588116,-0.30945385483230614,-0.27145043715671596,-0.22921603745995228,-0.14329783348023953,-0.053215614682108836,0.051954222620733015,0.1683036354742903,0.23024114862045653,0.273790388579795
SSP585,Interactive,AFE,2,All,2060,-0.05740907704066556,-0.32323392285644625,-0.28374963060893427,-0.2401293207658163,-0.15075874774688472,-0.05594248763442694,0.054633064977319346,0.17730076347961177,0.2439923293474553,0.2896394240767402
SSP585,Interactive,AFE,2,All,2061,-0.060008756253625006,-0.33572563440576875,-0.2954594630048813,-0.2506011199346537,-0.15717273805727672,-0.058146908671306674,0.057586612832715156,0.1892110721758843,0.2581932013796352,0.3060872009191475
SSP585,Interactive,AFE,2,All,2062,-0.06337384263459567,-0.3495088659395126,-0.3077721348062451,-0.2617455325769875,-0.1645934346297591,-0.06136762757510544,0.060499743117814586,0.20020526065953548,0.2735432525491353,0.3251202610794097
SSP585,Interactive,AFE,2,All,2063,-0.06684164317604546,-0.3633436855557906,-0.32067218954887544,-0.27297825317962204,-0.17244757388234683,-0.06498390829011519,0.06334480343593502,0.21132470915806056,0.28907328766419443,0.34653301727633157
SSP585,Interactive,AFE,2,All,2064,-0.07041230961342515,-0.3772138427927221,-0.333658864023737,-0.2843205418027319,-0.18052410163703458,-0.06851464783099476,0.06617931295327706,0.22220098919328715,0.3053886555264,0.3663564840391576
SSP585,Interactive,AFE,2,All,2065,-0.074085922749899,-0.39110333012473714,-0.3459155690436652,-0.29574042467987904,-0.18868466390438152,-0.0718422478941092,0.06926541198262498,0.23317650910174897,0.32236900628497167,0.38693285704367814
SSP585,Interactive,AFE,2,All,2066,-0.07680231666397963,-0.4033018223495905,-0.3575436380774927,-0.30657693760946153,-0.19554792859704725,-0.073975342997395,0.07393154823461573,0.2461478577754813,0.33953182064438214,0.4079137501344974
SSP585,Interactive,AFE,2,All,2067,-0.08056194280303419,-0.41704655992320466,-0.3697197637650751,-0.31808092933477755,-0.2038265550693759,-0.07737188748519763,0.07714764188405138,0.2600781158664757,0.3586322039463206,0.43016150334140796
SSP585,Interactive,AFE,2,All,2068,-0.0844163184484833,-0.4307603300537293,-0.38257613222160997,-0.3294261385587913,-0.21185746540469186,-0.08104382938877869,0.08132458787126723,0.2735819750619651,0.37715566161650455,0.45331410910572667
SSP585,Interactive,AFE,2,All,2069,-0.08836501120529883,-0.4444288117376854,-0.3954792055074518,-0.3402127441165106,-0.22013799990240557,-0.08490470023774799,0.08503285391752846,0.2875510859610483,0.39713386564063136,0.47740818239579114
SSP585,Interactive,AFE,2,All,2070,-0.09240752236745509,-0.4580381085253049,-0.40839489938060364,-0.351381627108463,-0.22879745203017446,-0.08862538071137643,0.0887722221954183,0.30193369656999547,0.4175518099054659,0.5024823641890714
SSP585,Interactive,AFE,2,All,2071,-0.09515579526080953,-0.46961386412566286,-0.42024086482217304,-0.3617965058969133,-0.23525094035266628,-0.0903046474054604,0.09384196429676955,0.3159477582085713,0.43789991634778,0.5279135108396242
SSP585,Interactive,AFE,2,All,2072,-0.0992667516569622,-0.48295948006177153,-0.4330927338397291,-0.3735768544864353,-0.2432874918042497,-0.09334857652094475,0.0977488127578574,0.33125129865579966,0.4606285827411873,0.5550031388807459
SSP585,Interactive,AFE,2,All,2073,-0.10346321858205565,-0.4962058083393834,-0.4459171137728697,-0.38537552894254634,-0.2515165647398051,-0.09688175961659568,0.10302715025534276,0.3470971619263459,0.4826374536083005,0.583194201937104
SSP585,Interactive,AFE,2,All,2074,-0.10774430101469223,-0.509341199854807,-0.45870716214242097,-0.3970824366570218,-0.26008362784315076,-0.09994964232869696,0.10815952431460385,0.36350381276716215,0.5048870729784722,0.6125340170006827
SSP585,Interactive,AFE,2,All,2075,-0.11210904589929693,-0.5223143066510274,-0.47145137966714334,-0.4081594782755828,-0.26805503926909724,-0.10355099498933296,0.11375432735022883,0.38049058451410683,0.5305777532906536,0.6430725650043605
SSP585,Interactive,AFE,2,All,2076,-0.11478650947620928,-0.5330526104843792,-0.48229972428426027,-0.4190818960878774,-0.2747601143433629,-0.10575790469420071,0.1199628738052585,0.39690734902413455,0.5556079416340021,0.6738308013324817
SSP585,Interactive,AFE,2,All,2077,-0.11920603320528878,-0.5457221197396239,-0.49342948845854073,-0.4300866033816171,-0.2834149868567615,-0.1094926528041259,0.12590701168587481,0.41500888488107335,0.586843242813427,0.7072657957340586
SSP585,Interactive,AFE,2,All,2078,-0.12370127184377888,-0.5582403420724951,-0.5043857129937906,-0.44060856837031065,-0.29078336322431364,-0.11232141867892592,0.13240311586409503,0.43281781193078195,0.6155971861881747,0.7415727539278245
SSP585,Interactive,AFE,2,All,2079,-0.12827097332670767,-0.5703905890984022,-0.5151593036305384,-0.4510440758660831,-0.29963865330635175,-0.11599240861813431,0.13882687417437417,0.4505716929928023,0.6437838141608229,0.7776752254669952
SSP585,Interactive,AFE,2,All,2080,-0.1329138371104166,-0.5823818696748183,-0.5265799944621187,-0.4622405518465199,-0.30853535546841104,-0.11967437862994346,0.14521603795527355,0.4718797701242902,0.671773186668815,0.8153054659737936
SSP585,Interactive,AFE,2,All,2081,-0.13542066896188798,-0.5924358100241721,-0.5351307170315972,-0.47243721455693444,-0.3133410409866562,-0.12183031863573401,0.15354494148935743,0.4905770845032247,0.7023751599158901,0.8527579761406899
SSP585,Interactive,AFE,2,All,2082,-0.14008551459205798,-0.6042105886412806,-0.5457922211818825,-0.48371119295513804,-0.32164451347346823,-0.12482835366640771,0.16032182443353787,0.5136600074911896,0.7325999786026347,0.8935029665144522
SSP585,Interactive,AFE,2,All,2083,-0.14481509707643414,-0.6157979133786596,-0.5567598504392943,-0.49473550964418705,-0.33011541886165763,-0.1280492217815839,0.16749953926358457,0.5343674771293986,0.7646481362192606,0.9359961672207964
SSP585,Interactive,AFE,2,All,2084,-0.14960789962666743,-0.6271343620841539,-0.5678183061393727,-0.5044691489621169,-0.33880550115018504,-0.1316776400822281,0.17623254304213715,0.5556475561067408,0.8009285357607259,0.9803037096346473
SSP585,Interactive,AFE,2,All,2085,-0.15446236746911857,-0.6382269654690107,-0.57874762442144,-0.5149562053626434,-0.3476512406537873,-0.13484984896440955,0.18250835148627925,0.5810660883008619,0.83523293285976,1.0261685510139413
SSP585,Interactive,AFE,2,All,2086,-0.15680608678332875,-0.6469917240278734,-0.5878132863740473,-0.5240651141966297,-0.35227095277909826,-0.13608502489965968,0.1911138971809267,0.6064455105580617,0.8723615181258136,1.071531758644625
SSP585,Interactive,AFE,2,All,2087,-0.16166189032915956,-0.6577425497107219,-0.5979230262978242,-0.5351979276962001,-0.36063190130382783,-0.13902070967938263,0.19787905904231579,0.6349650346495559,0.9086373367164335,1.1212228294038065
SSP585,Interactive,AFE,2,All,2088,-0.16657127596186516,-0.6682846194225585,-0.6078478615024729,-0.5462371172980743,-0.3688947081233135,-0.14223541897899417,0.2052968204943063,0.6674507444388272,0.9480765257937385,1.182474623835525
SSP585,Interactive,AFE,2,All,2089,-0.17153255314982807,-0.678614828013525,-0.6175837345454661,-0.5571763338622051,-0.37708483039469853,-0.1446646742430019,0.213152093169997,0.6984795033441294,0.9889563866346337,1.2642028878359766
SSP585,Interactive,AFE,2,All,2090,-0.1765440035286654,-0.6887305456892459,-0.6283750920120245,-0.567886388132803,-0.3851036870364013,-0.1463178758296244,0.22118574350614206,0.7322529895789918,1.031351170752351,1.3516593474267284
SSP585,Interactive,AFE,2,All,2091,-0.1786671249779731,-0.6963003131096567,-0.6363350618280641,-0.5740545869715907,-0.391209693138889,-0.14623960743190823,0.23368802802632604,0.7621714416063786,1.0760234604907892,1.418946095066996
SSP585,Interactive,AFE,2,All,2092,-0.18366525731586136,-0.7059694719386461,-0.6454607405185373,-0.5822934993797418,-0.39888919311866633,-0.14751339174218214,0.2425280474761649,0.7930811209633294,1.1215343618546314,1.5174749687627653
SSP585,Interactive,AFE,2,All,2093,-0.18870618014996365,-0.7154211941510339,-0.6555472708862153,-0.5903302299129101,-0.4067977119765299,-0.14883168988457773,0.25292082289041384,0.8286620717604697,1.1688753022992655,1.6232865572776545
SSP585,Interactive,AFE,2,All,2094,-0.19378810948408753,-0.724654592775948,-0.6654003734152637,-0.5984835879662951,-0.4152643659220222,-0.15137204591977116,0.26400207130596215,0.8620220907097961,1.232134021487372,1.7266116912962315
SSP585,Interactive,AFE,2,All,2095,-0.19890924274941046,-0.7336691698218624,-0.6740464490635233,-0.6085068523684023,-0.42306524047848304,-0.15263849083714015,0.2756943850200005,0.8958396724098608,1.2857400805644454,1.8031521974772176
SSP585,Interactive,AFE,2,All,2096,-0.20069146877983057,-0.7402006119570735,-0.682796201203868,-0.6160968843569903,-0.42988063179756153,-0.14989904158061457,0.2877393537324079,0.9338376679298289,1.3412224463535485,1.888423372675342
SSP585,Interactive,AFE,2,All,2097,-0.20575488059659042,-0.7487684621986266,-0.6919898268276782,-0.625259328087373,-0.43566455893148304,-0.14883233084526704,0.3015716053157638,0.9701869249755761,1.4090516331594802,1.971171429574007
SSP585,Interactive,AFE,2,All,2098,-0.21084978941708488,-0.7571206482646736,-0.7011517203087639,-0.6338581185018574,-0.4433880776341298,-0.1494418667366727,0.31484081011525705,1.0083352042188152,1.4859273718593877,2.057472992860558
SSP585,Interactive,AFE,2,All,2099,-0.21597439083408554,-0.7652580243358723,-0.7101339750904918,-0.6423075488791103,-0.4509956338775226,-0.15078205451229354,0.32709396031543,1.0491010098878606,1.5564186097733295,2.147503782664297
SSP585,Interactive,AFE,2,All,2100,-0.22112687046902446,-0.7733966971263384,-0.7189351420010313,-0.65060683308898,-0.45936869480947684,-0.15221939684418012,0.3407169241418095,1.0901552655634104,1.6368548654272577,2.2414496639758013
SSP585,Interactive,AFE,2,Dir,2021,-9.381429901234029e-5,-3.7235630547490797e-4,-3.243460949633514e-4,-2.738848464087562e-4,-1.8980845497074128e-4,-9.247780829918506e-5,8.311676509054067e-6,8.641377296081393e-5,1.5191510259864318e-4,1.9607544940227202e-4
SSP585,Interactive,AFE,2,Dir,2022,-2.9811338614182947e-4,-0.00113046790679249,-0.0010134395717658062,-8.521265711703974e-4,-5.930613088738768e-4,-2.9304232981458567e-4,1.398106000088939e-5,2.858151359892869e-4,4.210038957245142e-4,5.692212816881868e-4
SSP585,Interactive,AFE,2,Dir,2023,-4.7128961983777806e-4,-0.0023393019167983723,-0.002058885325276233,-0.0017279390152796668,-0.0011337655049143414,-4.4791860174081544e-4,2.2265381787356375e-4,7.903395518541246e-4,0.0011243244261205597,0.0013852447485784838
SSP585,Interactive,AFE,2,Dir,2024,-6.215859800505763e-4,-0.003969447708500731,-0.003456996185040406,-0.002874045227194355,-0.0018499309393554542,-5.840373615276229e-4,6.146228663315156e-4,0.0016326870958742747,0.0022444463156642367,0.0027627726450763597
SSP585,Interactive,AFE,2,Dir,2025,-7.571708941864763e-4,-0.006166004975133779,-0.005250385626476484,-0.0043651973342211155,-0.0026947619919867327,-6.527993587834291e-4,0.0011976727272561272,0.00282561104166712,0.003721508915863154,0.0046184330421184736
SSP585,Interactive,AFE,2,Dir,2026,-9.241175730061446e-4,-0.008920536191301546,-0.007458884413090255,-0.0061736551072189665,-0.003690126111923181,-7.394260280126352e-4,0.0019349405269688535,0.004324031908503967,0.005677153346171482,0.006935257201357312
SSP585,Interactive,AFE,2,Dir,2027,-0.0010687001490651271,-0.012136344151998862,-0.009998160597743572,-0.008318045011919194,-0.00486650906040173,-7.796979035331608e-4,0.002903171652732961,0.006184170562248872,0.00794978252830167,0.009778660185404575
SSP585,Interactive,AFE,2,Dir,2028,-0.001225924257412081,-0.01576442337254938,-0.013112833319900506,-0.010776673779717805,-0.006193004746084363,-7.273048872900589e-4,0.003995017208872131,0.008465596651798935,0.010746434890353871,0.012957003480820703
SSP585,Interactive,AFE,2,Dir,2029,-0.00140400378130201,-0.020052774604533634,-0.01645206470973845,-0.013547441624784384,-0.007684593481797564,-8.061287975353881e-4,0.005275468221748458,0.011025713411884809,0.013841158860747264,0.016666924549536895
SSP585,Interactive,AFE,2,Dir,2030,-0.0016110426946180922,-0.024864788539004232,-0.020136440510691075,-0.016647259792193746,-0.00942780744128549,-9.013993993786107e-4,0.00661804340020411,0.013991860964450998,0.017284432210582554,0.020817487437745138
SSP585,Interactive,AFE,2,Dir,2031,-0.0019075299606149398,-0.03031896380607861,-0.024447633875636903,-0.02004765778412555,-0.011376744363824909,-0.0011045558711224035,0.008092136118994231,0.01695539083664608,0.021368527933416398,0.02536910956753168
SSP585,Interactive,AFE,2,Dir,2032,-0.002201890780810567,-0.03620637992902382,-0.0292239770501091,-0.023781969573079386,-0.013527171782251352,-0.0013929593376546534,0.009833253642603845,0.020365517772701038,0.025671844669612427,0.030501893517728054
SSP585,Interactive,AFE,2,Dir,2033,-0.0025485640456208714,-0.04244444876820397,-0.034397575752137616,-0.027941211718702962,-0.01590832293103675,-0.001552665459678193,0.01166450702342997,0.02418849102735554,0.030198011144861894,0.03581658028076271
SSP585,Interactive,AFE,2,Dir,2034,-0.0029551184999829783,-0.048968432436494055,-0.039713975026839675,-0.032447119502777066,-0.018589957307671323,-0.0018091806667279164,0.013683777886485726,0.028308218416400965,0.035315927759567704,0.041561974017155195
SSP585,Interactive,AFE,2,Dir,2035,-0.00342898242233991,-0.056240835811611906,-0.045721101179127456,-0.03723116989703324,-0.02130982383658861,-0.0021813801430042856,0.015572121615151757,0.032612790242042576,0.040922559690848445,0.04817307939934683
SSP585,Interactive,AFE,2,Dir,2036,-0.0040243680644134194,-0.06372740201107195,-0.0522733970102755,-0.042433251771546096,-0.024260230272349304,-0.002866228203339982,0.017679986345081278,0.03719650791565301,0.04671978976410285,0.05520480534592851
SSP585,Interactive,AFE,2,Dir,2037,-0.004644091974005948,-0.07169327535185897,-0.059153281763041944,-0.04789696742201033,-0.027418055719303086,-0.0034549301736362947,0.02000595836154695,0.042266844716359775,0.05310076432504866,0.06299881434299918
SSP585,Interactive,AFE,2,Dir,2038,-0.005348811638010265,-0.08005338848893725,-0.06646287125491121,-0.05374336037695909,-0.03069857730449968,-0.004135083548828966,0.02243660488352034,0.047342991694799205,0.059888740638395895,0.07102663566299654
SSP585,Interactive,AFE,2,Dir,2039,-0.006144977898924209,-0.0888007036430916,-0.07419827897161306,-0.05996620087640671,-0.0343551763591082,-0.0045327156541606906,0.024941786126018828,0.05263049680645022,0.06703042017838758,0.07961929895287717
SSP585,Interactive,AFE,2,Dir,2040,-0.007038857675214838,-0.09792093817763238,-0.08165558818735315,-0.06615036718141613,-0.03831520938545768,-0.004912752508000606,0.02805367100840106,0.058709403788704685,0.07458812256766698,0.08835094049818015
SSP585,Interactive,AFE,2,Dir,2041,-0.007975541087004046,-0.10725295917831251,-0.08942120345745222,-0.07258150393218679,-0.04235434293665083,-0.005522673757283214,0.030782849913919053,0.06457589197824634,0.08230563184531191,0.0974348407527226
SSP585,Interactive,AFE,2,Dir,2042,-0.00904059656061873,-0.1170685715299871,-0.09821464710078569,-0.07985290072508719,-0.046342102064287294,-0.00587952368150757,0.03385797911614885,0.0708533286338022,0.09062318314614187,0.10719174637306939
SSP585,Interactive,AFE,2,Dir,2043,-0.010213276376508484,-0.12720934621364038,-0.1071002220006311,-0.08746538989617587,-0.05038604004962918,-0.006899056081015487,0.03677985070148837,0.07745576770135425,0.09957974645531946,0.11753644095513888
SSP585,Interactive,AFE,2,Dir,2044,-0.011498478246904309,-0.13789717115804503,-0.11662151872351623,-0.09541334158405862,-0.05502634085304983,-0.00801404537184397,0.03967521505796895,0.08459729307070067,0.10897221070686175,0.1284079284303551
SSP585,Interactive,AFE,2,Dir,2045,-0.012900874366503001,-0.1493970665908379,-0.1265913552599622,-0.10349584778235907,-0.059804858849257875,-0.009223323688684004,0.042838904853363335,0.09222038492272261,0.1188055597511722,0.13982229987182207
SSP585,Interactive,AFE,2,Dir,2046,-0.014084788494935774,-0.1609880730387509,-0.136692694875967,-0.11163894073350102,-0.06464240304106822,-0.009995281072228135,0.04613544953668136,0.10049892765565308,0.12929801673251587,0.15223929680486592
SSP585,Interactive,AFE,2,Dir,2047,-0.01564746775579806,-0.1728119634628174,-0.14720127020032844,-0.12021820310946808,-0.06973283092215338,-0.011266903284225638,0.04965094155897676,0.10888903776740143,0.14010949142018286,0.16498656078764953
SSP585,Interactive,AFE,2,Dir,2048,-0.01732899483693906,-0.18439519264978893,-0.15811570593866348,-0.1290261295276583,-0.07505498931381305,-0.012228408583002559,0.053453841234042954,0.11760694346236782,0.15228314879350985,0.17858982054307748
SSP585,Interactive,AFE,2,Dir,2049,-0.01913250559605917,-0.19618763499383168,-0.16933337024696934,-0.13786153566781964,-0.08053959101197264,-0.013502623869591501,0.05721935039298082,0.1262182021288757,0.1638373080705487,0.19295030941495606
SSP585,Interactive,AFE,2,Dir,2050,-0.021060885013982178,-0.20817104127170244,-0.18083858399541916,-0.14701475113917137,-0.08635357011169958,-0.01464945220817171,0.06097156200744319,0.13541119370898622,0.17588391542490223,0.20796957791058962
SSP585,Interactive,AFE,2,Dir,2051,-0.022251247730791346,-0.22007330756649715,-0.19171019109282447,-0.15589264013030196,-0.09158605578377349,-0.014771773524385634,0.0658443710634356,0.1463246741322934,0.18983583413751465,0.22407612844289526
SSP585,Interactive,AFE,2,Dir,2052,-0.02426618849535145,-0.23240093317073748,-0.20357725851358188,-0.16588758937814313,-0.09775220155482739,-0.015758707376521353,0.07073419948440324,0.15684712892147426,0.20325448419387546,0.2406765637037017
SSP585,Interactive,AFE,2,Dir,2053,-0.026395550813801627,-0.24486743128116206,-0.21565715345615982,-0.1762271877206374,-0.1039687031817933,-0.016695366429720415,0.07567507787871941,0.16797706359356904,0.2172612802590672,0.2581132776361554
SSP585,Interactive,AFE,2,Dir,2054,-0.028640419774668247,-0.25757770174149297,-0.2279265529267451,-0.18669288773284076,-0.1103784845736876,-0.017840715191822787,0.08031579238362235,0.17975044538612414,0.2318803620204011,0.2776096296093404
SSP585,Interactive,AFE,2,Dir,2055,-0.031001622212106006,-0.27079437536065876,-0.24038062859121329,-0.19660515634545928,-0.11720673554433289,-0.018731362714061117,0.08495684130712455,0.1919651172906784,0.2468213009898739,0.29598837311551274
SSP585,Interactive,AFE,2,Dir,2056,-0.03192235421267897,-0.2839405697357701,-0.25134998287828136,-0.205538087600129,-0.12276848191445139,-0.017707676794291638,0.09122699898917919,0.20562596384281007,0.2643927256539648,0.3185466620455393
SSP585,Interactive,AFE,2,Dir,2057,-0.03426966274603693,-0.29727206926234767,-0.26388976603007536,-0.2162701203721096,-0.12969159464605973,-0.018441319464065742,0.09670444136822481,0.21824335001223133,0.28207830667644834,0.33941589510083153
SSP585,Interactive,AFE,2,Dir,2058,-0.036712500985749186,-0.3106333961635678,-0.27654262442348954,-0.22711104156918854,-0.13653159623437972,-0.01916726105921246,0.10239207901536668,0.23315012665881707,0.30107194721599045,0.3643821703223749
SSP585,Interactive,AFE,2,Dir,2059,-0.03924981958142415,-0.32400526464587615,-0.2892899618841551,-0.23821400001165247,-0.14336088197367108,-0.020640300680405954,0.1089559597790753,0.24854956733754022,0.3199790426853628,0.38886629890022956
SSP585,Interactive,AFE,2,Dir,2060,-0.04188031647766377,-0.3373605293773511,-0.302112638453213,-0.24899187382831228,-0.15070061029162948,-0.021005918444539917,0.11509896439051226,0.26286500204166924,0.33966445267949674,0.4146692811893685
SSP585,Interactive,AFE,2,Dir,2061,-0.04213474172243836,-0.3503321276451115,-0.31245087370615227,-0.25763283578346036,-0.15492037899308597,-0.01864965284168668,0.12629625529677274,0.28039632464944814,0.36318983986033754,0.4438149657163157
SSP585,Interactive,AFE,2,Dir,2062,-0.044613902263113236,-0.36353183327699845,-0.32507454992883683,-0.26856212062033546,-0.16085519309292887,-0.019398509089621263,0.133547941803344,0.29739220166402236,0.3842780207568795,0.470350568080102
SSP585,Interactive,AFE,2,Dir,2063,-0.047155946970721896,-0.3766325585442218,-0.3377057702918914,-0.2798834197009458,-0.16764239665835762,-0.019671518890037043,0.1399168792661415,0.3158388288580698,0.40619088636031037,0.4980225851338288
SSP585,Interactive,AFE,2,Dir,2064,-0.04975779749378384,-0.3896047524224498,-0.3503274889007649,-0.29078704049666615,-0.17381008409494997,-0.019924591575383177,0.14800231617914406,0.3360408173309988,0.42897384210972256,0.5268780260776835
SSP585,Interactive,AFE,2,Dir,2065,-0.05241614395196326,-0.4026590429832771,-0.36292308239280124,-0.30190859207957627,-0.1803501044759367,-0.019284813826036973,0.15683347976131434,0.35690718429468044,0.45265864615538576,0.5569364391431414
SSP585,Interactive,AFE,2,Dir,2066,-0.05184821813190521,-0.41543606156085566,-0.3724962813499387,-0.30978997829009525,-0.18277380391456882,-0.014212399403197573,0.1694612012267287,0.3817089596691438,0.4901361499461059,0.5914256804336855
SSP585,Interactive,AFE,2,Dir,2067,-0.05426492750226575,-0.4293064589124754,-0.3851212254024012,-0.3205343836879854,-0.1899499668736453,-0.014553625936014392,0.18060891745039603,0.4028787382695655,0.5164986435865514,0.6283106248460268
SSP585,Interactive,AFE,2,Dir,2068,-0.056705491108947514,-0.4431411150096896,-0.3967439237846543,-0.33143959059188105,-0.19685557878197818,-0.014889113256631337,0.18967545041322215,0.4261572067430968,0.545471515457744,0.6675274700769811
SSP585,Interactive,AFE,2,Dir,2069,-0.05916518035557028,-0.4569262145866535,-0.4087514931416116,-0.34227865902251053,-0.2034759694869359,-0.01578056919492854,0.20010914769997357,0.45125694206995437,0.58169250951748,0.7037008156564
SSP585,Interactive,AFE,2,Dir,2070,-0.06163906314958767,-0.47064834565446134,-0.4210839625274993,-0.3530757317568425,-0.2103970134730544,-0.016205384111638577,0.21134678552340702,0.4775808735155169,0.6187316696708672,0.7414324498591345
SSP585,Interactive,AFE,2,Dir,2071,-0.059935212951713335,-0.48303563308602104,-0.4323117134241095,-0.36087897243327455,-0.21438443944925722,-0.012278284407124418,0.2281198069734448,0.5140293104648485,0.6669256929671595,0.7822976614182368
SSP585,Interactive,AFE,2,Dir,2072,-0.06207930498588021,-0.49655462901916125,-0.44456943503953317,-0.3722627120494336,-0.22017876527850835,-0.012029564876720966,0.2397144051963787,0.5437735064044377,0.7061907475013113,0.8234983616921149
SSP585,Interactive,AFE,2,Dir,2073,-0.06420463121423026,-0.5099732908072557,-0.4565296426898322,-0.3836548849949115,-0.22664715704223132,-0.008778134190907949,0.2520042323102792,0.5739905567008741,0.7499781913458564,0.8706830658972157
SSP585,Interactive,AFE,2,Dir,2074,-0.06630521946612267,-0.5232801284678977,-0.46751123737551686,-0.3937966498078513,-0.23306070063567852,-0.00664214084292869,0.26706893014930877,0.6030277320231227,0.7969917257263084,0.9418205616891974
SSP585,Interactive,AFE,2,Dir,2075,-0.06837492015390412,-0.5364641417907455,-0.4791248424215807,-0.4048602120478103,-0.23972549954279274,-0.004091100485253851,0.28430758403028655,0.6335014900821009,0.8455833049665733,1.005822233547739
SSP585,Interactive,AFE,2,Dir,2076,-0.06518205017779632,-0.5482021116941536,-0.48732288577666105,-0.41138630652223096,-0.24238616248288145,4.609033233370363e-4,0.30423247008420196,0.6836660035919523,0.9091959115705459,1.1005480029228067
SSP585,Interactive,AFE,2,Dir,2077,-0.06683608662727936,-0.5610897534284522,-0.4989696686076881,-0.42155588417521406,-0.2490214940243392,0.004622634702694084,0.32452186087838664,0.7218322614873319,0.9640958223544525,1.1825813338664226
SSP585,Interactive,AFE,2,Dir,2078,-0.06842675272814647,-0.5738040128807679,-0.5104664111876376,-0.43191551354078517,-0.25548098672804576,0.008073117814133557,0.34459140656302717,0.7637292718717918,1.022191819939988,1.2571942936793608
SSP585,Interactive,AFE,2,Dir,2079,-0.06994708732824484,-0.5863424081438434,-0.5216630244419916,-0.4429120508312655,-0.26110235429133033,0.011271274996424663,0.3642797473769828,0.8123403327264167,1.0838691952047066,1.3369088245089928
SSP585,Interactive,AFE,2,Dir,2080,-0.07138995943603854,-0.5987103468563176,-0.5325961664151099,-0.4538478636229337,-0.2675377128794274,0.015046369326801035,0.38474432946712483,0.8618745241409907,1.1494213391999328,1.4430353375460703
SSP585,Interactive,AFE,2,Dir,2081,-0.06640308316586296,-0.6095233818192922,-0.5401954529993226,-0.4615097017511486,-0.26870328150905864,0.020558952875815217,0.41507853627248287,0.9288597371370213,1.2465184744981779,1.5712947115738356
SSP585,Interactive,AFE,2,Dir,2082,-0.06732367650122295,-0.621513468272351,-0.5514962347763197,-0.4721727420876634,-0.2751444370503886,0.02562949463517794,0.44501591782590855,0.9778978360729809,1.319673295659186,1.7034163670709692
SSP585,Interactive,AFE,2,Dir,2083,-0.06813299343003099,-0.633312801896673,-0.5615605632303772,-0.4820664199939999,-0.2809318718743193,0.03426061721594775,0.47956451388299776,1.0330234224773966,1.3981331871026603,1.8547871301455177
SSP585,Interactive,AFE,2,Dir,2084,-0.06882308130239201,-0.6449152654278539,-0.5708466493755674,-0.4917697000707011,-0.2870789675444122,0.04120639124260417,0.512114005949367,1.0988701122333333,1.4823566348829043,1.9805443415643351
SSP585,Interactive,AFE,2,Dir,2085,-0.06938579563166158,-0.6551152771816166,-0.5804509853160038,-0.5010714308133861,-0.2937029369002844,0.05108669500078489,0.5448472781735776,1.1503840085088473,1.5757457959323957,2.097800144813761
SSP585,Interactive,AFE,2,Dir,2086,-0.06250499019233491,-0.6569723590141922,-0.5863188284930972,-0.5094608830553854,-0.2944565253084764,0.07158926108315233,0.5803770710180967,1.223001718936117,1.6823346833684492,2.2390899155249944
SSP585,Interactive,AFE,2,Dir,2087,-0.06245092811742525,-0.6644378593097267,-0.5961668229439016,-0.5197388860222866,-0.3009208308838315,0.08024551370441824,0.6054748895708026,1.3045714097922738,1.7708948398127329,2.392507707484178
SSP585,Interactive,AFE,2,Dir,2088,-0.06223479408920907,-0.6748826830197103,-0.6060818797282589,-0.5254589279905412,-0.3064176079494444,0.08777460772312418,0.6401707560871468,1.4020086145193846,1.8622898947133355,2.5393497440639274
SSP585,Interactive,AFE,2,Dir,2089,-0.06184752118662096,-0.6858740045707029,-0.6159042026615058,-0.5353650874684395,-0.3119815812265252,0.09933145724713777,0.677854944047142,1.4810597252780164,1.9585252738494587,2.7414109872406613
SSP585,Interactive,AFE,2,Dir,2090,-0.06127979699195263,-0.6946352497781493,-0.6262396908052195,-0.5429561705467987,-0.31837225508854783,0.11483129626952215,0.7171920795649926,1.5844782391116174,2.103982525463063,2.990118857150966
SSP585,Interactive,AFE,2,Dir,2091,-0.05229699197409399,-0.7044149083157081,-0.6328260138762323,-0.5498577757506723,-0.3175029343577144,0.134568938028501,0.7757041590606616,1.6936007356414235,2.2464458370536162,3.3048613228602206
SSP585,Interactive,AFE,2,Dir,2092,-0.0510280682092944,-0.7139301813418242,-0.6414966781520861,-0.5570280512478268,-0.3192538679744197,0.14192388595448746,0.8221407798783698,1.7932434013409537,2.4355631005983236,3.510253285251281
SSP585,Interactive,AFE,2,Dir,2093,-0.04954306266339237,-0.7232366014158904,-0.6496803947488282,-0.5655500263507789,-0.32178103652412277,0.1530193489543764,0.8725343210401743,1.899782952731315,2.6445285760344825,3.8577708339875487
SSP585,Interactive,AFE,2,Dir,2094,-0.047831541768746155,-0.7323333942823657,-0.6579536787160274,-0.5721502824851923,-0.32561425153350226,0.16561496086500305,0.9207372934542274,2.004530734652846,2.868231437098998,4.2035546685364915
SSP585,Interactive,AFE,2,Dir,2095,-0.04588274097071454,-0.741220127665619,-0.6666959769153787,-0.5799787023081439,-0.32941662956939904,0.17920074744538872,0.9800093109473771,2.1305663018209082,3.0651204982372366,4.572266183868765
SSP585,Interactive,AFE,2,Dir,2096,-0.034398507797177125,-0.7500218868830901,-0.6726607986565096,-0.5868849237366612,-0.32722907313561866,0.19953892293538067,1.0698458384218301,2.283319161498941,3.3187954732767744,4.948739678214966
SSP585,Interactive,AFE,2,Dir,2097,-0.03157283178897019,-0.758462319214973,-0.6812797328219365,-0.594841509942651,-0.3314523148732538,0.21677395482745299,1.1424747870921803,2.4339298858820437,3.570801345036989,5.413055660305547
SSP585,Interactive,AFE,2,Dir,2098,-0.028468011998759257,-0.7666933653677435,-0.6896663681997237,-0.6002474167666296,-0.3344714153447792,0.22964619060643032,1.220621343056077,2.5887000170471777,3.964794457222247,5.927455509819662
SSP585,Interactive,AFE,2,Dir,2099,-0.025071688195892228,-0.7742889268897134,-0.6975818659266945,-0.6058381194999292,-0.3365639119060593,0.23885596385282226,1.3031236634157752,2.7689135389518715,4.276588446392087,6.50135638807515
SSP585,Interactive,AFE,2,Dir,2100,-0.021371035990479403,-0.781062820613017,-0.7036108081800263,-0.6138616394781453,-0.34008158966834307,0.2563179611541805,1.392616774869579,2.9358708627632715,4.629310990504547,7.141831745843961
SSP585,Interactive,AFE,2,IE,2021,7.098106549474625e-5,-3.7486904919126204e-5,-1.5697117624513535e-5,2.7595058255891485e-6,3.5840210300702724e-5,6.952170020047e-5,1.0375069255860736e-4,1.3282812391488542e-4,1.496720950266428e-4,1.65861455601185e-4
SSP585,Interactive,AFE,2,IE,2022,1.8931778005459865e-4,-1.6011695376164922e-4,-1.0017603125593299e-4,-3.8538009993227535e-5,7.179467029766462e-5,1.7893345936020877e-4,2.9218710097669853e-4,3.846729068762711e-4,4.578533838379805e-4,5.268304559156694e-4
SSP585,Interactive,AFE,2,IE,2023,2.44265360480056e-4,-5.426962232444876e-4,-0.00038884009260308215,-2.6630534577474216e-4,-2.7856342867060846e-5,2.124812108135754e-4,4.8751083986248167e-4,6.933540555081998e-4,8.718627196574068e-4,0.0010425163966061798
SSP585,Interactive,AFE,2,IE,2024,2.4022358980479996e-4,-0.0011889674358271706,-9.420901174043595e-4,-6.865711997765089e-4,-2.7407271155707735e-4,1.780669328693696e-4,6.827955600086366e-4,0.0010900842035705073,0.001400465019905877,0.0017329922566132242
SSP585,Interactive,AFE,2,IE,2025,1.8150618253442996e-4,-0.00210443345864223,-0.0017537692855065345,-0.001328823704034676,-6.642584075058633e-4,1.0678694480165118e-4,9.231382247170961e-4,0.0015789077639783216,0.002124744706228032,0.0025735524589142883
SSP585,Interactive,AFE,2,IE,2026,6.81202764422073e-5,-0.0032643057956928067,-0.0027963847280960243,-0.002126019131069834,-0.0011947633744967545,-2.7719946759763303e-5,0.0011267771688812378,0.0021660714613040534,0.002999237601760335,0.0035652412587732275
SSP585,Interactive,AFE,2,IE,2027,-8.596901895352449e-5,-0.004743405055815678,-0.004106926253327481,-0.003124659259781182,-0.0018302938421144166,-2.2589911600151558e-4,0.0013701382163521791,0.0028566133841635317,0.003975757637589727,0.004736175569292582
SSP585,Interactive,AFE,2,IE,2028,-2.805508558002545e-4,-0.0064788632268828195,-0.005562365918896406,-0.004269078269141968,-0.002610773980188441,-4.7087658626338014e-4,0.0016391184743439757,0.003690266609078496,0.005180651048563749,0.00600953325667278
SSP585,Interactive,AFE,2,IE,2029,-5.112149750172712e-4,-0.00844521964495587,-0.007333091311163736,-0.005569299406798133,-0.0034880715905685478,-7.83317859254673e-4,0.0019353727189483083,0.0045021317149103075,0.006488771164968019,0.007451870596944297
SSP585,Interactive,AFE,2,IE,2030,-7.736415873831337e-4,-0.01095143320879025,-0.009416536547995307,-0.007088671751781894,-0.0044429048489852685,-0.00113981419010023,0.0023021048838810787,0.005536060190684201,0.00794746700441376,0.009064900397151323
SSP585,Interactive,AFE,2,IE,2031,-0.0010920353271962613,-0.013652198770621382,-0.01157186328808001,-0.00883214044644649,-0.0055089044792765995,-0.0016105395076927431,0.0026378319793759764,0.006630704346561112,0.009251264171525766,0.01079700539691172
SSP585,Interactive,AFE,2,IE,2032,-0.0014101051406142373,-0.016637387887794324,-0.013921388679911195,-0.010773123863152444,-0.006732458386990714,-0.002015573925390257,0.0030762935008019077,0.007884029606976494,0.01095548292622228,0.012879638191630178
SSP585,Interactive,AFE,2,IE,2033,-0.0017474544346325338,-0.019663273415785387,-0.016572608606670963,-0.012939573646957215,-0.0080126127078122,-0.0024420246360044584,0.0034942560271908896,0.009246595795115598,0.013002166705013106,0.014956821298807895
SSP585,Interactive,AFE,2,IE,2034,-0.0021000329474318846,-0.022911711750626455,-0.019331222287217287,-0.015245720268478879,-0.009377924029822987,-0.0029508611077315172,0.004007291301386107,0.010766625441777734,0.015112952765416904,0.017169086783732097
SSP585,Interactive,AFE,2,IE,2035,-0.0024638970954992123,-0.02640580966152952,-0.02250548056158084,-0.01758908251360547,-0.010915398273858207,-0.003476013412296808,0.0044897112638821735,0.012400318903102303,0.017249675118437093,0.01966704784735836
SSP585,Interactive,AFE,2,IE,2036,-0.002906375904633718,-0.030287160689645348,-0.025914437631099074,-0.020279239092232473,-0.012580540188783573,-0.004067154183761579,0.004895913316832201,0.013841187722267138,0.019293288511461466,0.022237031022358817
SSP585,Interactive,AFE,2,IE,2037,-0.003296658821678178,-0.03470042126505639,-0.02944751377583237,-0.022962522630170644,-0.01428215027819238,-0.004641432329451356,0.005579785734411341,0.015535119442456547,0.02157366122392308,0.025205743197817314
SSP585,Interactive,AFE,2,IE,2038,-0.0036889387158405285,-0.03947195509973205,-0.03323026252188461,-0.025933261105581206,-0.016133612961683308,-0.005328291287390097,0.006412493400444086,0.017328928561180217,0.0239776589828358,0.0283674636791116
SSP585,Interactive,AFE,2,IE,2039,-0.004079873392918154,-0.04459707283617301,-0.03689320694358372,-0.02904756502495358,-0.017954463121560293,-0.005979513644316481,0.007143996148845505,0.019347044947612264,0.02693213502089467,0.03172258406100989
SSP585,Interactive,AFE,2,IE,2040,-0.004466259733533984,-0.04978257146268675,-0.04071580869047009,-0.03229272631181006,-0.01993304586961059,-0.006650525963937393,0.007862237587274473,0.02147620691042427,0.0297448058864533,0.034968025762797575
SSP585,Interactive,AFE,2,IE,2041,-0.005015823925478613,-0.05501594337793348,-0.045191728121722584,-0.036194831002477,-0.021961349795172086,-0.007664374040899369,0.008492384910912781,0.023205204892867395,0.03230885304011181,0.03823520635440179
SSP585,Interactive,AFE,2,IE,2042,-0.0054180352121948605,-0.060531029145845516,-0.05011349842832414,-0.040266415103603626,-0.023997473949547238,-0.008428907211781578,0.009302119125595615,0.025505400015605275,0.03518175261062298,0.04213678766411537
SSP585,Interactive,AFE,2,IE,2043,-0.0058113557291614715,-0.06648544353778638,-0.055320052300237385,-0.04422453137744559,-0.026075525455396098,-0.009273872456264154,0.0102180723600864,0.02793591521230234,0.03858604268116749,0.045799127500760206
SSP585,Interactive,AFE,2,IE,2044,-0.0061935061820126425,-0.07289533952241894,-0.06057867566606022,-0.048287141358485684,-0.02817980706274803,-0.010126615481244328,0.011173574690015287,0.03072369973341892,0.042316247554944494,0.04950307775846223
SSP585,Interactive,AFE,2,IE,2045,-0.006562378705091687,-0.07962680477562163,-0.06571149983923312,-0.05250827302145663,-0.030517828221823834,-0.011044606040158056,0.012233816195116931,0.033018409863994916,0.04612686244498987,0.05385767900138402
SSP585,Interactive,AFE,2,IE,2046,-0.007278354142307597,-0.08678791639529104,-0.072013874863879307,-0.05743021988728424,-0.033446846005938946,-0.01213602065371977,0.012902251890047872,0.035716891068567624,0.04963256720038286,0.058287376789612176
SSP585,Interactive,AFE,2,IE,2047,-0.007674652281718597,-0.0942025549606041,-0.07841645005449349,-0.06270132664463175,-0.0360907143276597,-0.012910703312534189,0.013814752297206134,0.038672652035536256,0.053109353892502605,0.06252017628682903
SSP585,Interactive,AFE,2,IE,2048,-0.00805871747823006,-0.10195422810827207,-0.08505071165204903,-0.06824072104981352,-0.03891187877809116,-0.013913272651691011,0.014744243892665293,0.04114434504000611,0.056699245516143415,0.06747623544780396
SSP585,Interactive,AFE,2,IE,2049,-0.008429513501890806,-0.11004822790928546,-0.09207026818388045,-0.0739202375883251,-0.04193088919066573,-0.01495553151735085,0.01586034517431592,0.04417217241853521,0.060232131964288504,0.07271448483794518
SSP585,Interactive,AFE,2,IE,2050,-0.008786195202643121,-0.11851188014187246,-0.09956325636117011,-0.07909177335877621,-0.04496438623874016,-0.01591288335114932,0.017229988740767588,0.046578658880898724,0.06382205779737654,0.0777123204649843
SSP585,Interactive,AFE,2,IE,2051,-0.009823678863764673,-0.12942811812688448,-0.10865204868166058,-0.08580036390272314,-0.0486914492932404,-0.017760012341130116,0.01780413227963845,0.048676183908517905,0.0675965701517301,0.08189571647175496
SSP585,Interactive,AFE,2,IE,2052,-0.010263116368571246,-0.14038597967631233,-0.1168419877691963,-0.09193723711713056,-0.05223777520084924,-0.018917254851485932,0.019268067009878015,0.05180657654277788,0.07254762211163163,0.08721903473450851
SSP585,Interactive,AFE,2,IE,2053,-0.010697917965606263,-0.15046811687917294,-0.125036242652343,-0.09866621947692669,-0.055694171598048986,-0.019955626514253533,0.0203595133053856,0.054779106129060506,0.07704481661533785,0.09248807528861777
SSP585,Interactive,AFE,2,IE,2054,-0.011128497064687548,-0.16172583943842223,-0.13402424490537954,-0.10460059272073295,-0.05913920439356443,-0.02135435194175478,0.021478541283855623,0.05774486662895882,0.0814384966304212,0.09783230657749555
SSP585,Interactive,AFE,2,IE,2055,-0.011555459896077869,-0.17200636828208796,-0.1434888217092104,-0.11211408493683014,-0.06312002032635441,-0.022408495073197254,0.022718880000702185,0.061263949373970596,0.08575220055959203,0.10253349132685852
SSP585,Interactive,AFE,2,IE,2056,-0.013103888910213857,-0.18605409309702592,-0.1549749200878123,-0.12122230475447479,-0.06837919503219292,-0.02493227758176525,0.02283499417227622,0.0641680779308585,0.08993431941713155,0.10675032573264782
SSP585,Interactive,AFE,2,IE,2057,-0.01368862999247078,-0.19926834900970378,-0.16550046683923164,-0.12857813971341098,-0.07257350504908086,-0.02649688440420367,0.024265603620405113,0.0679641505561224,0.09437764307674364,0.11164358551512533
SSP585,Interactive,AFE,2,IE,2058,-0.014286404423924703,-0.21182179123515438,-0.17599555855450616,-0.13648137158725934,-0.07727397254662305,-0.02819109004447512,0.025627752341886467,0.07164765511091374,0.09918917977409673,0.11642798213441984
SSP585,Interactive,AFE,2,IE,2059,-0.014899093544163966,-0.22425029341608926,-0.18700500747457074,-0.14483888571094178,-0.08208717207030963,-0.02961175204926919,0.026364082684595308,0.07477707598174953,0.10340555678848905,0.1212251205948743
SSP585,Interactive,AFE,2,IE,2060,-0.015528760563001787,-0.2371598379582435,-0.1991809346711629,-0.15385301635753756,-0.08740047638347465,-0.031115846079735276,0.027749099356819684,0.07908376922065785,0.10790237105141005,0.1285355640178438
SSP585,Interactive,AFE,2,IE,2061,-0.017874014531186644,-0.2570666521899763,-0.2154350673557203,-0.16503963912491934,-0.09472728781420509,-0.03434816174825195,0.02752600006940814,0.08113333640223344,0.11103167776954691,0.13356696366624699
SSP585,Interactive,AFE,2,IE,2062,-0.01875994037148243,-0.27373990584042185,-0.23028217182862337,-0.17545497783341008,-0.10043458227907529,-0.03632825161497166,0.02893328724273775,0.08626372323817774,0.11567803127291852,0.13960578260726042
SSP585,Interactive,AFE,2,IE,2063,-0.019685696205323566,-0.29063644561564933,-0.2446863063075926,-0.1878816925231206,-0.10649847148044964,-0.03799915024828959,0.03018965018816172,0.09040218111047267,0.12060731217359244,0.14571218343348002
SSP585,Interactive,AFE,2,IE,2064,-0.02065451211964131,-0.3138093385918163,-0.2611285395976801,-0.2013479986588952,-0.11308527605962279,-0.04015925843449175,0.031217252113930366,0.09358202904097847,0.1255267053212416,0.15337621231795262
SSP585,Interactive,AFE,2,IE,2065,-0.021669778797935746,-0.3387519665206134,-0.27686490785785556,-0.21225726051556879,-0.11982124682483389,-0.04143033309697686,0.03172080682914191,0.09697170536392694,0.13152947461063547,0.1607398713220517
SSP585,Interactive,AFE,2,IE,2066,-0.02495409853207442,-0.36092527825996745,-0.299441021853288,-0.229510373264629,-0.12739412719788834,-0.047517559424241795,0.0308934628625267,0.09918465552938013,0.13566796907229536,0.1658890137574477
SSP585,Interactive,AFE,2,IE,2067,-0.026297015300768445,-0.3869136661316947,-0.3161061235963466,-0.24376658484048358,-0.13685307091288113,-0.050881336772541474,0.032438274289431634,0.10368340680029063,0.14245318230324527,0.17328584041929732
SSP585,Interactive,AFE,2,IE,2068,-0.027710827339535782,-0.4111748472475551,-0.3348400408158402,-0.2590808775094357,-0.14519025759130078,-0.05385664134895801,0.03190805316007583,0.10662472205112053,0.1470563323295449,0.18159221048551233
SSP585,Interactive,AFE,2,IE,2069,-0.029199830849728547,-0.43901513983260937,-0.3613936418642783,-0.27494609916921386,-0.15288526925778972,-0.05787329739294117,0.031701035034474107,0.11112700538090833,0.1536100911190008,0.18846247158542842
SSP585,Interactive,AFE,2,IE,2070,-0.030768459217867417,-0.4729935647668422,-0.3831786250998615,-0.2932279807881781,-0.16151622662056483,-0.06161297169192009,0.03203248810999412,0.11594218253270898,0.1603626118316819,0.19624895415208699
SSP585,Interactive,AFE,2,IE,2071,-0.03522058230909619,-0.5118852017936587,-0.41040080630187714,-0.31496900701410496,-0.17321448118824712,-0.06584272716509354,0.031263204673147055,0.1190466243072895,0.16297497941655323,0.20132881888930024
SSP585,Interactive,AFE,2,IE,2072,-0.03718744667108198,-0.5453738316373588,-0.43398903474702005,-0.3336319110037061,-0.18359447066383064,-0.06956450747682086,0.032719624698048566,0.1243641971091889,0.16846626731592923,0.20903744219023046
SSP585,Interactive,AFE,2,IE,2073,-0.03925858736782539,-0.5740043981662202,-0.4665648139942947,-0.3522041980989189,-0.19239386421382607,-0.07250049275935438,0.03338241643534734,0.12745769710535887,0.17469352227546167,0.2151165509265036
SSP585,Interactive,AFE,2,IE,2074,-0.04143908154856957,-0.6191661603438485,-0.49926280322108796,-0.37145880623833955,-0.20378872458785124,-0.0769661162783859,0.0332904623218605,0.12936889812606667,0.18098463605487095,0.22488275775564956
SSP585,Interactive,AFE,2,IE,2075,-0.043734125745392816,-0.6681328680198567,-0.528788834702042,-0.3916590879013187,-0.21425567008462248,-0.0817354372546567,0.032027697143275496,0.13157385221062232,0.1877666187965667,0.2324058044761863
SSP585,Interactive,AFE,2,IE,2076,-0.04960445929841295,-0.7185796537468695,-0.5735056638095372,-0.4341076791439997,-0.23193588396390466,-0.08728831489045297,0.029983090490448838,0.13254366859196487,0.18981031129168052,0.23733530841765174
SSP585,Interactive,AFE,2,IE,2077,-0.05236994657800942,-0.7683080775083111,-0.6150556537424233,-0.4668435712008585,-0.24698158251272395,-0.09055002831555231,0.030724271219868343,0.13471629662451523,0.19718426760524044,0.24410445004802014
SSP585,Interactive,AFE,2,IE,2078,-0.055274519115632414,-0.8365378546617966,-0.6567921316643457,-0.49826933980987487,-0.26209369704907043,-0.09435111565378873,0.030327832895357676,0.13678807282436248,0.2052797861538427,0.24897559854407164
SSP585,Interactive,AFE,2,IE,2079,-0.05832388599846283,-0.9111888757517461,-0.7032246737242771,-0.5320198781411225,-0.2785269106775792,-0.0987912227329702,0.030270862678305754,0.1390134306844351,0.21171719977888154,0.25755291881315606
SSP585,Interactive,AFE,2,IE,2080,-0.06152387767437806,-0.9799550377007938,-0.751704440793416,-0.5651481845108901,-0.29568259174571654,-0.10358183302177576,0.0308082164665148,0.14064966084872152,0.21916401591583493,0.2643996317125396
SSP585,Interactive,AFE,2,IE,2081,-0.06901758579602502,-1.0543328902596487,-0.817406211996021,-0.613372865152311,-0.31650869575455454,-0.11591050492301902,0.02751978930278759,0.1421146846028196,0.22102523218168005,0.2692660070362192
SSP585,Interactive,AFE,2,IE,2082,-0.07276183809083503,-1.121648186558846,-0.8764615311634684,-0.6559674517232907,-0.33374677776065953,-0.12330337505102423,0.026362670646267294,0.14483988500121675,0.22730507198173266,0.2761623821103061
SSP585,Interactive,AFE,2,IE,2083,-0.07668210364640315,-1.1944357597964175,-0.9397931524450736,-0.7024712315873713,-0.35089659615766045,-0.13050820624866366,0.026122066837250046,0.14854794708089386,0.23382045549792924,0.2856102434235133
SSP585,Interactive,AFE,2,IE,2084,-0.08078481832427542,-1.2831561329638776,-1.0094228107539327,-0.7499627608060246,-0.37198829072728934,-0.13430092882852118,0.02564525659308567,0.14935618910378715,0.24118498303197755,0.2988309679644721
SSP585,Interactive,AFE,2,IE,2085,-0.08507657183745698,-1.4041482529598104,-1.083680237313113,-0.8009392227176135,-0.3945910388022772,-0.1422325285453626,0.025836230473676808,0.1575767729793243,0.24646708451787078,0.3058847175719823
SSP585,Interactive,AFE,2,IE,2086,-0.09430109659099384,-1.5327769237874138,-1.1949641306863874,-0.8683719225033378,-0.4274971407788293,-0.15589901373674103,0.020012030800647618,0.15896145521281557,0.24817096081103332,0.31290869681405925
SSP585,Interactive,AFE,2,IE,2087,-0.09921096221173431,-1.6685182759383361,-1.280619448174476,-0.924579603304255,-0.4514765672205614,-0.16482915106830348,0.01974287782562928,0.16039984402862156,0.254413320821896,0.3205234387699563
SSP585,Interactive,AFE,2,IE,2088,-0.1043364818726561,-1.8283575820935098,-1.3914254885805466,-0.9851768592786688,-0.47800404816522185,-0.1707602466201722,0.019200392615869227,0.16246789134037096,0.2609750085890157,0.327606273289332
SSP585,Interactive,AFE,2,IE,2089,-0.10968503196320711,-2.0047549595648064,-1.4937179435743402,-1.0469269973634778,-0.5091360269661698,-0.17754137512806883,0.018678073082798924,0.16293629734328186,0.26487459845928424,0.3391150512165916
SSP585,Interactive,AFE,2,IE,2090,-0.11526420653671277,-2.2076985866844994,-1.605886369376928,-1.122751281177964,-0.5397766302184686,-0.18461789513463672,0.01741186644630932,0.16343235532947456,0.2710975530379329,0.35376622222031473
SSP585,Interactive,AFE,2,IE,2091,-0.12637013300387911,-2.45671312148082,-1.742881754116854,-1.2072725596153393,-0.5776127576930447,-0.19436716135017978,0.010391792082053292,0.1649269269565826,0.2746614536869811,0.362659567787637
SSP585,Interactive,AFE,2,IE,2092,-0.13263718910656697,-2.698172772642443,-1.8781136495263515,-1.2790912441440274,-0.6163329632349241,-0.20315636144616195,0.01224194111453658,0.16487374327227713,0.2802332163777341,0.3779821068302126
SSP585,Interactive,AFE,2,IE,2093,-0.13916311748657129,-2.9402921635745534,-2.0236563910055767,-1.361807688113436,-0.6523280882178798,-0.2124126350948134,0.010763818536397574,0.1671563777029887,0.2837694950040648,0.3921680389713748
SSP585,Interactive,AFE,2,IE,2094,-0.14595656771534138,-3.175221973119192,-2.1793186720277116,-1.4512996890376617,-0.692543256033658,-0.22499112520874637,0.00900279430762188,0.16844574879027713,0.29236270028690986,0.4104755113801235
SSP585,Interactive,AFE,2,IE,2095,-0.15302650177869592,-3.4320438306227676,-2.383588138683622,-1.5490284859810666,-0.7337841308590601,-0.23653383894366709,0.0039209073662596905,0.1723697423979434,0.30025297541303697,0.4277517314124637
SSP585,Interactive,AFE,2,IE,2096,-0.16629296098265345,-3.7478930560727317,-2.6363358637127177,-1.673668748080351,-0.7887692687416812,-0.25344358686261365,0.00165907919263783,0.17233118045419188,0.3006188589761336,0.4323552830810346
SSP585,Interactive,AFE,2,IE,2097,-0.17418204880762023,-4.057627059091066,-2.871968354533494,-1.7881534880894252,-0.8364228754113716,-0.26665187204973057,-2.0434848638115066e-4,0.17368313083138398,0.30489079245962564,0.45233290798875075
SSP585,Interactive,AFE,2,IE,2098,-0.18238177741832562,-4.396671509973817,-3.132883401107032,-1.915923886886195,-0.8886068385392689,-0.2825712769088901,-0.002647170231926871,0.17806482111251115,0.31013635713884546,0.47317288998102947
SSP585,Interactive,AFE,2,IE,2099,-0.1909027026381933,-4.768894734342112,-3.4187212749860927,-2.0615430374920214,-0.941248065869732,-0.2984156878021194,-0.0030058557652894446,0.18310508970186207,0.3210322451867751,0.49370324761077294
SSP585,Interactive,AFE,2,IE,2100,-0.19975583447854506,-5.254012907748027,-3.7332513272644947,-2.192610886195677,-1.0014365253366337,-0.3158681184245238,-0.006779041095766908,0.19063193370676151,0.32140867150447633,0.5140293407364125
SSP585,Interactive,IFE,0,All,2021,-7.469157774575574e-5,-2.4133735031943714e-4,-2.1521334447156535e-4,-1.9019447275110403e-4,-1.3860280017582993e-4,-8.173946046396985e-5,-1.5551732424068376e-5,3.713664070661427e-5,7.074562785488451e-5,9.600244791077014e-5
SSP585,Interactive,IFE,0,All,2022,-2.3033108799375146e-4,-7.306174310186181e-4,-6.53112438823339e-4,-5.772038040353644e-4,-4.2196322100609973e-4,-2.516906279201869e-4,-5.361570895781598e-5,1.074318041592859e-4,2.0540737113990918e-4,2.80444541264385e-4
SSP585,Interactive,IFE,0,All,2023,-4.731004818310236e-4,-0.0014740614176460942,-0.0013207902530571192,-0.0011657131584168813,-8.566632891029435e-4,-5.146463340865437e-4,-1.1593020725747527e-4,2.0414960283572374e-4,4.0260890493101146e-4,5.458901415864798e-4
SSP585,Interactive,IFE,0,All,2024,-8.090973811082369e-4,-0.0024773979649710645,-0.002222027994548459,-0.0019689407884053043,-0.0014530588260772415,-8.811007027240136e-4,-2.087168991770083e-4,3.2012732423354357e-4,6.636186132374375e-4,8.850307509580313e-4
SSP585,Interactive,IFE,0,All,2025,-0.0012443246421254273,-0.003746271666019846,-0.0033700488705714956,-0.0029930710348329503,-0.0022080267910957463,-0.0013552165855584275,-3.47768603243398e-4,4.495292322198588e-4,9.605667602443188e-4,0.0012923063002997872
SSP585,Interactive,IFE,0,All,2026,-0.0018339456356137873,-0.005340100957721439,-0.004824699276143801,-0.004286567700305855,-0.0031758364894645397,-0.0019975106898286743,-5.813932552472534e-4,5.487642195559417e-4,0.0012435899160451506,0.0017338299964961086
SSP585,Interactive,IFE,0,All,2027,-0.0025035060721474434,-0.00717709222152853,-0.006496112429561329,-0.005773749275342178,-0.00428888421711951,-0.0027146691523395883,-8.238522973570417e-4,6.737314827719228e-4,0.0015853331348314112,0.0022608214287072625
SSP585,Interactive,IFE,0,All,2028,-0.0032930993951424403,-0.009298445061175848,-0.00844397171106227,-0.0074927666412346935,-0.005608092848254892,-0.0035600876994604236,-0.0011222408280740503,7.887685691215803e-4,0.001965867398854514,0.002841208447063056
SSP585,Interactive,IFE,0,All,2029,-0.0042084708403600235,-0.011688831717676266,-0.010646842802408579,-0.009474712244108684,-0.007122765930399538,-0.004545738022298296,-0.001479933814800577,8.907748925457669e-4,0.002383282583867061,0.003469618986345065
SSP585,Interactive,IFE,0,All,2030,-0.005255224024153349,-0.01437128331558827,-0.01312883613393806,-0.011618260588575824,-0.008836417170805744,-0.00567155321045526,-0.0018889729082161022,0.0010118532746024706,0.0028833795342459666,0.004140717494115228
SSP585,Interactive,IFE,0,All,2031,-0.00654765505646282,-0.017446823641750805,-0.01600634092014005,-0.014156128265143208,-0.010874376678534553,-0.007013854429201716,-0.00249890471587505,9.586090247553105e-4,0.0032158599488935134,0.004770936919377486
SSP585,Interactive,IFE,0,All,2032,-0.007892154661705453,-0.020717527793298902,-0.019079520022404824,-0.01691330698780017,-0.012995768468672286,-0.008433747873252406,-0.0030888290570008914,0.0010904651868075107,0.0036370863716612854,0.005542120607007971
SSP585,Interactive,IFE,0,All,2033,-0.009384842520579029,-0.02429417638204964,-0.022443832494127958,-0.01996111236851557,-0.015324039106041853,-0.00997632591496661,-0.003791331052464181,0.0011111660446880196,0.004052961648023749,0.006248481408686955
SSP585,Interactive,IFE,0,All,2034,-0.011030636562295304,-0.02816596796803124,-0.026102316727231862,-0.023174565836521565,-0.017942956482603495,-0.011674824778929893,-0.004587447956016372,0.0010617097805934374,0.0045748695733210795,0.0070151977127903995
SSP585,Interactive,IFE,0,All,2035,-0.012834286851531651,-0.03242579006871331,-0.03005808261649207,-0.026753916818387947,-0.020774770092289813,-0.013554610673061351,-0.005422340644823304,0.001030358290484703,0.005078222119020512,0.007802831907366519
SSP585,Interactive,IFE,0,All,2036,-0.014970161641208346,-0.037255188613226874,-0.034484616832487776,-0.030744736339105693,-0.02398104454692071,-0.015715455281416324,-0.006549586567414306,7.356658157011932e-4,0.005365100533140654,0.008489580353312175
SSP585,Interactive,IFE,0,All,2037,-0.017116651741841737,-0.0422344943550045,-0.03905592289952889,-0.03474661816982323,-0.027213505867385024,-0.017927727486674594,-0.007656928487448311,5.165681033790125e-4,0.00574942553039972,0.009253105962680983
SSP585,Interactive,IFE,0,All,2038,-0.0194326050632061,-0.04736992430845557,-0.04385600394068125,-0.03904533615990266,-0.03077406817110026,-0.02024999493367119,-0.008884972670098856,2.328037116136278e-4,0.006106208991969805,0.009971124916402698
SSP585,Interactive,IFE,0,All,2039,-0.02192180909828456,-0.05266872186322879,-0.04894107377212816,-0.04368299556820164,-0.034459965938276965,-0.022919383680816474,-0.01015911294178587,-6.983219974087876e-5,0.006429796360287693,0.01085995708064834
SSP585,Interactive,IFE,0,All,2040,-0.02458786069361718,-0.05823810483731054,-0.054328724055056926,-0.04859588568499731,-0.03836106680190848,-0.025755027854908352,-0.01139458938672111,-2.603611653372149e-4,0.00671162578022418,0.01169528160624461
SSP585,Interactive,IFE,0,All,2041,-0.027595357611512217,-0.06441167873779367,-0.060321353773688996,-0.05387050495455358,-0.04264616467523932,-0.028850906215960148,-0.013073054788970417,-6.425982779557157e-4,0.0068340094290697635,0.012349759696118685
SSP585,Interactive,IFE,0,All,2042,-0.03061656911558641,-0.07081280619768009,-0.06643063186636236,-0.059309129273862914,-0.04692689002977363,-0.03201866659738106,-0.014717966239285035,-0.0010360351355732066,0.0070765296504958575,0.013380817265787269
SSP585,Interactive,IFE,0,All,2043,-0.03381938632770276,-0.07758542746570035,-0.07283968222497454,-0.06495900670628886,-0.05150177659340116,-0.035331941008900525,-0.01659710744273199,-0.0016159402519927203,0.007574790535368158,0.014376198294937428
SSP585,Interactive,IFE,0,All,2044,-0.03720623299356329,-0.08476490848686606,-0.07928229632611404,-0.07090705621037131,-0.056443560294794,-0.03887285959872899,-0.01860758322233702,-0.0021654529211846216,0.007611960266819605,0.015326274329912536
SSP585,Interactive,IFE,0,All,2045,-0.04077932726288502,-0.09204090840079478,-0.08578557849304239,-0.0772429982996874,-0.06151791228007894,-0.04250613735343883,-0.02066770472611354,-0.002747644730997253,0.00757283008094758,0.016351959313122708
SSP585,Interactive,IFE,0,All,2046,-0.0445706319496707,-0.09965695626757569,-0.09262239729583528,-0.08369732717019217,-0.06681906337456178,-0.04636011305416882,-0.022870163098765994,-0.003514191020250145,0.00748740398210007,0.017326823258692607
SSP585,Interactive,IFE,0,All,2047,-0.04848415869489475,-0.10755647691514082,-0.09998642241455372,-0.09045268740222173,-0.07226044445039553,-0.05011787824361541,-0.025123110341126714,-0.004371402578323353,0.007405509224871828,0.018496861954048337
SSP585,Interactive,IFE,0,All,2048,-0.05258236256793436,-0.11572425049200882,-0.10761837030502619,-0.09745635509321704,-0.07810338937696043,-0.054336697687460744,-0.027616853935475333,-0.004928987178056331,0.007632541267381769,0.019474222546260033
SSP585,Interactive,IFE,0,All,2049,-0.05686627739746408,-0.12419390399856746,-0.11551401813436879,-0.104630383710044,-0.08401234881934869,-0.05854036259027107,-0.030299094661646958,-0.005665019011632107,0.007568339401909716,0.020381694465612294
SSP585,Interactive,IFE,0,All,2050,-0.061336729137148494,-0.13299228662477366,-0.12366875054583006,-0.11222170860117522,-0.09020861668483895,-0.0630203053552913,-0.03302761545262606,-0.006543996127264006,0.0076094269916145724,0.02121095403258863
SSP585,Interactive,IFE,0,All,2051,-0.06572119219549677,-0.14144412110411092,-0.13173825571937986,-0.11946352652671498,-0.0963072491829497,-0.06743120226544236,-0.035577626050029176,-0.007379676988253247,0.0076566944874281355,0.022098165392475402
SSP585,Interactive,IFE,0,All,2052,-0.07047853622587275,-0.1506067424130545,-0.14031188500280797,-0.12736271895881218,-0.10285494327063119,-0.07213123814057143,-0.038171750544436445,-0.008323784115242825,0.007675665012257419,0.023106867922608913
SSP585,Interactive,IFE,0,All,2053,-0.07541321940356671,-0.15999631170895381,-0.14913710569487781,-0.13544642381860236,-0.10971057351056249,-0.07701696629731347,-0.041151434058348535,-0.009507722172104823,0.007635414700864761,0.02407363066602278
SSP585,Interactive,IFE,0,All,2054,-0.08052482377142456,-0.16958533905369402,-0.15820085484928134,-0.14372045941806838,-0.11655693064224334,-0.08203543701163196,-0.044328786655279645,-0.010866796137784417,0.007596313446057921,0.025122963920821875
SSP585,Interactive,IFE,0,All,2055,-0.08581273191842653,-0.17931846827549636,-0.1674754979477357,-0.1521975004539656,-0.1236294843029539,-0.0873004315615547,-0.047581852388766305,-0.012353081511251706,0.007690597538279098,0.02615701340190259
SSP585,Interactive,IFE,0,All,2056,-0.09058606931490731,-0.1881620944515217,-0.17623382403909005,-0.15987292677895654,-0.13023682728867353,-0.0920607915009935,-0.050358980485164045,-0.013162152171772166,0.007885348483612505,0.027535100462825278
SSP585,Interactive,IFE,0,All,2057,-0.09609088223096973,-0.19814416081859115,-0.18580935406754034,-0.16857848377133366,-0.1377334867070498,-0.09750116746576015,-0.05386643798015023,-0.014352172899293154,0.007944848635542028,0.028627883820456043
SSP585,Interactive,IFE,0,All,2058,-0.10175656063994187,-0.20818242434585307,-0.19544497988107562,-0.17745075367736174,-0.14538243567108938,-0.10308978777079608,-0.05749995093510474,-0.01566036735472475,0.007962448914123487,0.029719466801365398
SSP585,Interactive,IFE,0,All,2059,-0.10758129012170858,-0.21857938317965106,-0.20522747382896234,-0.18648193526134293,-0.15328568458541983,-0.10899249879055606,-0.061239928948559036,-0.01730243264932164,0.007933517932327914,0.03080852297639592
SSP585,Interactive,IFE,0,All,2060,-0.11356307811608235,-0.2290114411865318,-0.21531432278596963,-0.19566405107200838,-0.16128572706974784,-0.11504633069737613,-0.0651182347760344,-0.019033621940675205,0.007869574644851524,0.031893727490141834
SSP585,Interactive,IFE,0,All,2061,-0.11848272462335252,-0.2383666980942288,-0.2243119806816683,-0.20327360525064908,-0.1674021875895238,-0.11968832852467187,-0.06773071481545562,-0.01933020911840226,0.008169247752876875,0.03372469331589141
SSP585,Interactive,IFE,0,All,2062,-0.12459029335925076,-0.24908720095634335,-0.23455254548821777,-0.21252045767855646,-0.17543002238148886,-0.12570461724866194,-0.07156132549710101,-0.020832346792460984,0.008109844569727263,0.0349282459069978
SSP585,Interactive,IFE,0,All,2063,-0.1308342004374896,-0.25994185169926276,-0.24492915018756423,-0.22217469776142762,-0.1835557897145208,-0.1320034986787023,-0.07542759417300188,-0.022382780389740606,0.008017740319785076,0.036135743270187405
SSP585,Interactive,IFE,0,All,2064,-0.1372114611592372,-0.27091792607009046,-0.2554329330835323,-0.23190900853228003,-0.1917950249347099,-0.13844133448212564,-0.07951612234865182,-0.023979884489186205,0.007891561876704633,0.037346426612274136
SSP585,Interactive,IFE,0,All,2065,-0.14371895174593874,-0.28200977492367796,-0.2660549310520986,-0.24163551883228238,-0.20014034806433648,-0.14500604997304223,-0.0837832620662505,-0.02562189471532105,0.007729940782411587,0.038559544865219036
SSP585,Interactive,IFE,0,All,2066,-0.1486945753657849,-0.2918443989177504,-0.2751511371153386,-0.2499276742495796,-0.20691743461914944,-0.15049682073778592,-0.08612100365587202,-0.025178834739436513,0.008140104598069785,0.040867249708386795
SSP585,Interactive,IFE,0,All,2067,-0.15526894380479206,-0.3028894782790796,-0.28582491703389085,-0.25997005032652365,-0.21543397500552156,-0.15711289263592826,-0.09044501029318747,-0.0266415678818624,0.007991599490167527,0.04222065414224736
SSP585,Interactive,IFE,0,All,2068,-0.16195205996966078,-0.31400403603432486,-0.2965755041883882,-0.2701492858046016,-0.2241060385223721,-0.1637617390323673,-0.09468117854092639,-0.02819265474285708,0.007810714204026334,0.04358492650030138
SSP585,Interactive,IFE,0,All,2069,-0.16874013597789594,-0.32517858137587147,-0.3073874561872594,-0.2804287550455903,-0.23288000165758588,-0.17045255926653102,-0.09887194756370546,-0.029869813908114957,0.007596416356919746,0.04495981049370332
SSP585,Interactive,IFE,0,All,2070,-0.17562929156667995,-0.3364036830944777,-0.3182628278487046,-0.29080058513239715,-0.2417498622134978,-0.17734857676071525,-0.10312214988358173,-0.03161894346834042,0.007347683926762733,0.046345063719340454
SSP585,Interactive,IFE,0,All,2071,-0.18047488599811734,-0.3454600807271816,-0.3271858006318172,-0.29933738357181305,-0.2484549394637766,-0.1823985600901829,-0.10572938727526654,-0.03186757040083676,0.00792955116441226,0.049233361871200705
SSP585,Interactive,IFE,0,All,2072,-0.187380504822946,-0.3562636848598405,-0.33786872274343194,-0.30896544065395565,-0.25736888302276184,-0.1893343088070497,-0.11014858329124289,-0.033581025604120525,0.007699835816756739,0.050776882729583035
SSP585,Interactive,IFE,0,All,2073,-0.19436675629877154,-0.3669035873440371,-0.3475084775563645,-0.3185541877916339,-0.266259959907169,-0.1962758552981947,-0.11466941380889761,-0.03533653203433268,0.007438890805903022,0.05233900344682383
SSP585,Interactive,IFE,0,All,2074,-0.20142942670598907,-0.3775075270655407,-0.3576129368252153,-0.32799367671075147,-0.27508070019073516,-0.2033235967447357,-0.11923128772947023,-0.037178866463866235,0.007145983240822122,0.05391988250879768
SSP585,Interactive,IFE,0,All,2075,-0.20856425736102857,-0.3880664317488763,-0.3677424569070264,-0.33771949262369017,-0.2840816563400085,-0.21048181411742606,-0.12357978356940352,-0.03909283261859918,0.006820394697940651,0.05551969860775271
SSP585,Interactive,IFE,0,All,2076,-0.2130811516156843,-0.3950854632696668,-0.3726559332351638,-0.3453247768612412,-0.29120709604195305,-0.2158813144973754,-0.12389219958425654,-0.038892942470475145,0.008537679163825097,0.05911630559403738
SSP585,Interactive,IFE,0,All,2077,-0.22019119491189965,-0.4056803149801921,-0.38319693595556475,-0.3555187547479058,-0.2998860275402342,-0.22278229960275958,-0.12766079159359964,-0.04067046005225667,0.008560026043174778,0.06088668412064624
SSP585,Interactive,IFE,0,All,2078,-0.22735501321235496,-0.41664586299470396,-0.39373070236009944,-0.36550936747709395,-0.3081616186153336,-0.2298934783419454,-0.13213025132964742,-0.04236448960377561,0.008602771086166873,0.06267564691977469
SSP585,Interactive,IFE,0,All,2079,-0.23456827726926832,-0.4275830552380457,-0.40425013591325115,-0.37557404701559605,-0.31745874654226475,-0.23682462365347579,-0.1368936211370127,-0.04414222326606097,0.008668854553009206,0.06449123114904262
SSP585,Interactive,IFE,0,All,2080,-0.2418266551099686,-0.43848445457637525,-0.414748286953532,-0.38572520565961904,-0.32674200403519615,-0.2442897697170957,-0.1417128659934877,-0.04594200069996058,0.008761339572768909,0.0663339738764881
SSP585,Interactive,IFE,0,All,2081,-0.24584721637719076,-0.44689518900725617,-0.42226349086737436,-0.3926144031431036,-0.33214945407883883,-0.24884130577408287,-0.1421029721240647,-0.04492844816228172,0.012715416070823039,0.07078042157858369
SSP585,Interactive,IFE,0,All,2082,-0.25302114839433953,-0.45782659731968933,-0.4327367225529731,-0.4028161454860815,-0.3399862348556311,-0.25579935779254476,-0.14645190878711678,-0.04648599366791934,0.013164326616035817,0.07283422584020677
SSP585,Interactive,IFE,0,All,2083,-0.26022302897097005,-0.46873460918435067,-0.4422299063271646,-0.41298154561446937,-0.34860114952416904,-0.2628348150621222,-0.15094438775413477,-0.04802915927464257,0.013666903521522054,0.07674356702963517
SSP585,Interactive,IFE,0,All,2084,-0.26744865053654343,-0.47918935120820394,-0.4522705126827251,-0.42288207328062566,-0.3577122777748048,-0.2694084717981636,-0.15565532404854437,-0.049554444751848295,0.014227394996576381,0.08147616216078846
SSP585,Interactive,IFE,0,All,2085,-0.27469383785999657,-0.4893976272725148,-0.4621133260870781,-0.432743461463215,-0.3665408723331055,-0.2759942421296593,-0.1604089553828604,-0.05105827727100612,0.014850203108520544,0.08650664632317577
SSP585,Interactive,IFE,0,All,2086,-0.2782126962673296,-0.49644426333690206,-0.46788797969900353,-0.4395844866867351,-0.37069874685338366,-0.2797332981750847,-0.16187472771182748,-0.047554569512283894,0.024898641054335497,0.09458000639535895
SSP585,Interactive,IFE,0,All,2087,-0.28533545588179343,-0.5063635840295079,-0.4780169916364306,-0.44921616668287023,-0.3786243103984156,-0.28660711476065304,-0.16599853258779962,-0.04860807054399086,0.02835026271053775,0.0973290323351732
SSP585,Interactive,IFE,0,All,2088,-0.29246293119496614,-0.5159123332712324,-0.48818523754635834,-0.45821344713020196,-0.38660544997648505,-0.29351584451301926,-0.16940169202228278,-0.049635462453835974,0.0297160488948734,0.10012238057989786
SSP585,Interactive,IFE,0,All,2089,-0.2995912161888482,-0.5247763381525616,-0.49828828632150934,-0.4674003866708265,-0.39434405394344973,-0.30042552514287096,-0.17365163136904188,-0.050607355011018554,0.029964604732892575,0.10296053172387672
SSP585,Interactive,IFE,0,All,2090,-0.3067164631411464,-0.5352044462150611,-0.5083210127822744,-0.47605450775112057,-0.4021748527787057,-0.3073906743493139,-0.17803975933638874,-0.05151926775176223,0.030218747553706016,0.10584397647950711
SSP585,Interactive,IFE,0,All,2091,-0.30965319928504453,-0.5416444993324739,-0.5160826868533652,-0.4799863406227637,-0.4068144177233187,-0.3108844432812506,-0.17630732627044626,-0.04745508827932985,0.03664436021646325,0.1105417134955868
SSP585,Interactive,IFE,0,All,2092,-0.3166279732448817,-0.5518164293091669,-0.5260960154461298,-0.4884990536455667,-0.41399078031707925,-0.31607904962108646,-0.1803846900605675,-0.0486718592436389,0.03791559762817313,0.11359238329512947
SSP585,Interactive,IFE,0,All,2093,-0.32358739025972727,-0.5619019370209631,-0.535958224705972,-0.4975095538789286,-0.42166016914353743,-0.32263843953021504,-0.18430090239229763,-0.04854014427116345,0.03865770043421136,0.11669257776754138
SSP585,Interactive,IFE,0,All,2094,-0.33052796926172456,-0.5718965740275956,-0.5455341189246474,-0.507124426488362,-0.42938391573005524,-0.3296713181381846,-0.18804310753669978,-0.04834296379869131,0.03942268814439407,0.1198429127061085
SSP585,Interactive,IFE,0,All,2095,-0.3374463048526324,-0.5817960792912836,-0.5546925737611025,-0.5160715148488726,-0.43769030808119025,-0.3359961936040105,-0.19232061845467585,-0.048774440881843815,0.04021206903257601,0.12304401605675862
SSP585,Interactive,IFE,0,All,2096,-0.3396762523426251,-0.5894567477271624,-0.5592714121401704,-0.5209416240508767,-0.4422749120045487,-0.337580817050594,-0.19152317334515112,-0.043517629573366294,0.05115187669658861,0.12851071682944976
SSP585,Interactive,IFE,0,All,2097,-0.3463845977216512,-0.5990381505249689,-0.5672963233297087,-0.5300001801882772,-0.45048033236046003,-0.3443588527550151,-0.19543728186664422,-0.04315623935003347,0.0533002660453366,0.13384950691745184
SSP585,Interactive,IFE,0,All,2098,-0.35306008751812,-0.608105360699744,-0.5762902127942416,-0.5389478189803769,-0.4587068401643195,-0.35120328441389737,-0.19911474841064955,-0.04193721960240246,0.056305827840311524,0.14045667427745312
SSP585,Interactive,IFE,0,All,2099,-0.35969977509878404,-0.6170143227129317,-0.5834335860257813,-0.5474357691129604,-0.46665050955314047,-0.3580035724710388,-0.2027500560400208,-0.04146332847889407,0.06075243252734822,0.14560790878235377
SSP585,Interactive,IFE,0,All,2100,-0.36630079875769384,-0.625795999540364,-0.5905993062974445,-0.5558233745693288,-0.4746707767273165,-0.364746233841548,-0.206521754331143,-0.04102135680439234,0.06546887058237676,0.1499839051432753
SSP585,Interactive,IFE,0,Dir,2021,-1.3910971937802774e-4,-3.612305977333585e-4,-3.295258424000469e-4,-2.8549897998888515e-4,-2.1493431515165473e-4,-1.3257294191809654e-4,-6.606269770778606e-5,-1.4380363119959019e-6,4.040522656687516e-5,7.837879310455539e-5
SSP585,Interactive,IFE,0,Dir,2022,-4.291048798209518e-4,-0.0010948208537632843,-9.986864577238629e-4,-8.663620302180707e-4,-6.571680987948469e-4,-4.100399350973616e-4,-2.0847590635972302e-4,-1.6169958494338577e-5,1.0927862385696731e-4,2.2203902219524715e-4
SSP585,Interactive,IFE,0,Dir,2023,-8.815921435390006e-4,-0.0022107701411089695,-0.002022003705792352,-0.0017580540273393285,-0.0013388593522394854,-8.479340081222753e-4,-4.3956896755081853e-4,-5.196535299376578e-5,1.9842343454468082e-4,4.210935466387398e-4
SSP585,Interactive,IFE,0,Dir,2024,-0.0015079764635703707,-0.003716219759689088,-0.0034138021718214673,-0.002972833131933739,-0.0022733899886586695,-0.0014560192180898546,-7.743565030461919e-4,-1.2699195722750678e-4,2.973080144576644e-4,6.639120172563406e-4
SSP585,Interactive,IFE,0,Dir,2025,-0.0023194266245033512,-0.005620574907281964,-0.0051703330623262935,-0.004511150755097948,-0.003472755914396747,-0.0022504092991483815,-0.0012245717479383855,-2.533976148917038e-4,3.8675217776787906e-4,9.400001719624405e-4
SSP585,Interactive,IFE,0,Dir,2026,-0.003367148954048549,-0.007975126847848629,-0.007312001277204111,-0.006419546853426749,-0.004994901695031029,-0.0032928027940180016,-0.001826736392418038,-4.6230202543864316e-4,4.1538207007123354e-4,0.0011919962172271138
SSP585,Interactive,IFE,0,Dir,2027,-0.004597208090363236,-0.010740097477859416,-0.009811268207023827,-0.008676868611378952,-0.006763884090742328,-0.0044976105985198855,-0.0025327083135311956,-6.958711929766714e-4,4.721736219327128e-4,0.0014823567938373567
SSP585,Interactive,IFE,0,Dir,2028,-0.006047300451085924,-0.013940337505061006,-0.012713481150266394,-0.011294633369929962,-0.008817250688923556,-0.005919157497304595,-0.0034016476482756075,-0.0010507022490540137,5.021462695597875e-4,0.0017726821172657867
SSP585,Interactive,IFE,0,Dir,2029,-0.007727467056034887,-0.017582999371252676,-0.01601761181524347,-0.014220599937606316,-0.01117061462976282,-0.0075462906346938086,-0.004434682016022151,-0.0014873809939094926,4.966713388886538e-4,0.0021024129075592622
SSP585,Interactive,IFE,0,Dir,2030,-0.009647314982494493,-0.021674134015281066,-0.01972535404486858,-0.01761478354402378,-0.013834544504830848,-0.009413121001578706,-0.0056348860810877255,-0.002008172436095567,4.4657871695770175e-4,0.0024313485582283943
SSP585,Interactive,IFE,0,Dir,2031,-0.011875101573273095,-0.02632487041992148,-0.02385382984574873,-0.02152387984639357,-0.016812941502065498,-0.011602235545912387,-0.0070706802670372215,-0.00264683368972709,1.9164971749961686e-4,0.0026949338023926454
SSP585,Interactive,IFE,0,Dir,2032,-0.014307302081133733,-0.031348518835577176,-0.028368223846417264,-0.025744711032874144,-0.02008844911484492,-0.013993905333065049,-0.008641681616633229,-0.0033629706527488422,-3.896165551047509e-5,0.002907920558199676
SSP585,Interactive,IFE,0,Dir,2033,-0.017003204196477606,-0.03675929554467754,-0.03341881894091644,-0.030308237726660803,-0.023682839964549174,-0.016679033458732784,-0.01037275895884679,-0.004194288322931272,-3.4308262526222023e-4,0.0030366221289244775
SSP585,Interactive,IFE,0,Dir,2034,-0.01996999426994084,-0.042504538540404826,-0.038922767878766557,-0.03533618819055414,-0.027630250899161796,-0.019599765347958098,-0.012268839666667641,-0.005163174569482609,-8.104966776765744e-4,0.0030960070229750333
SSP585,Interactive,IFE,0,Dir,2035,-0.023214275181889343,-0.048868664267049784,-0.04487119854158431,-0.04074358947798534,-0.0319456360598212,-0.022815611754298915,-0.014364009679216999,-0.006285021066600959,-0.0013917255121979266,0.0031484542555571984
SSP585,Interactive,IFE,0,Dir,2036,-0.026790482129432802,-0.05582982984210476,-0.051287338348615936,-0.04650457417879416,-0.03664626546205427,-0.02633392271421009,-0.01673623118315437,-0.007581189116661735,-0.0018959756922789857,0.0032327174503412105
SSP585,Interactive,IFE,0,Dir,2037,-0.030595572239275892,-0.06315449879259376,-0.05795296038906154,-0.05253959490635032,-0.04163895640675219,-0.03002941113672275,-0.019262437086539325,-0.009001058924141126,-0.002611582444369992,0.003101527956517792
SSP585,Interactive,IFE,0,Dir,2038,-0.03468813876982657,-0.07093094849959675,-0.06502906425200576,-0.05902897183089358,-0.047026257468064325,-0.034095465528235114,-0.022015867266816258,-0.010628753480462603,-0.00332791553592934,0.0028794192718848816
SSP585,Interactive,IFE,0,Dir,2039,-0.03907162711779322,-0.07915486880628766,-0.07251290403948576,-0.06590039784596699,-0.05273814655273573,-0.038418979070816595,-0.024992750229519328,-0.012417859451518728,-0.00420397721800182,0.0025599155157299044
SSP585,Interactive,IFE,0,Dir,2040,-0.04374880670248549,-0.08781947339445158,-0.0804005245196884,-0.07305136173361054,-0.05873758813138352,-0.04298074074056857,-0.028218735940989115,-0.01438844755697993,-0.005340143326708979,0.00213572014872359
SSP585,Interactive,IFE,0,Dir,2041,-0.04862410093094671,-0.0967782538340658,-0.08854057575955644,-0.08038640790503163,-0.06492462759125855,-0.04774536832144727,-0.03165317986922894,-0.016512679793132423,-0.006503106075520739,0.0016572071932006733
SSP585,Interactive,IFE,0,Dir,2042,-0.05384483867351575,-0.1061386722300725,-0.09718068492098933,-0.08824380247239733,-0.07160292765559623,-0.05281990206198489,-0.03534589656123685,-0.018803563735601266,-0.007865076877263438,0.0010639841449922346
SSP585,Interactive,IFE,0,Dir,2043,-0.05935347539011815,-0.115895890809549,-0.10620610333766914,-0.09638456726749361,-0.0786595280822148,-0.0582523415459103,-0.03921354054187132,-0.02127455278532507,-0.00937156990266702,3.630721135674431e-4
SSP585,Interactive,IFE,0,Dir,2044,-0.0651493879630789,-0.12604002526870783,-0.1155749547449613,-0.1049396899171942,-0.0860376472346179,-0.06394267607369913,-0.04331298827273708,-0.023928297703767268,-0.011020483457367804,-4.485295454086067e-4
SSP585,Interactive,IFE,0,Dir,2045,-0.07123127017035402,-0.13656031249519174,-0.12532684888265125,-0.11392188304231096,-0.09372986885079854,-0.06989492139542475,-0.04764585025120477,-0.026766891574157518,-0.012554543625029365,-0.0013732597933571091
SSP585,Interactive,IFE,0,Dir,2046,-0.07714293209459155,-0.14705574046803327,-0.13499027272243785,-0.1228043661447195,-0.10101809849639692,-0.07562622650332557,-0.05173071190255446,-0.02926688784899334,-0.013961149756414586,-0.0019491405767579893
SSP585,Interactive,IFE,0,Dir,2047,-0.0836893526237591,-0.15822521574533785,-0.1453611175285328,-0.13245231023306114,-0.10920148563237392,-0.08202626932052076,-0.056402795803768335,-0.03232209066621415,-0.01586843666137867,-0.0029767852672540466
SSP585,Interactive,IFE,0,Dir,2048,-0.0905010268534382,-0.1697245093075101,-0.15605256215469104,-0.1423562209496903,-0.11767419636248758,-0.08869149328765219,-0.06126526980849187,-0.03553486462355367,-0.017892596959975582,-0.004104891059706929
SSP585,Interactive,IFE,0,Dir,2049,-0.0975735397677977,-0.18153951388468365,-0.1670525583149154,-0.15260815413457868,-0.12642185311901305,-0.09560396306510838,-0.06625387051721751,-0.03890218198356326,-0.020030276345928386,-0.005324802695499369
SSP585,Interactive,IFE,0,Dir,2050,-0.10490187372002902,-0.1936554665657056,-0.17834842535802248,-0.16306836859735951,-0.1353848342016082,-0.10279614754583766,-0.07156799150296858,-0.04242039199364049,-0.02227741694610076,-0.006641948038930949
SSP585,Interactive,IFE,0,Dir,2051,-0.11139173163129212,-0.20518008122133274,-0.18899184304343866,-0.17274532799801104,-0.1433157471358796,-0.10918221610891954,-0.07601622038758907,-0.044656344247735444,-0.023739471660275173,-0.006838137073189847
SSP585,Interactive,IFE,0,Dir,2052,-0.11902209586762491,-0.21772106604833402,-0.2007026737890168,-0.18363262567769162,-0.1527104993877144,-0.11664512182979814,-0.08138217372910725,-0.04819786010182514,-0.026189674320995077,-0.008099057406617675
SSP585,Interactive,IFE,0,Dir,2053,-0.1268717059219715,-0.23050406474899615,-0.21265633832572206,-0.19479886369883312,-0.16227251322942132,-0.12420100485936603,-0.08678334039790908,-0.05184964480085697,-0.028663999250763156,-0.009424067321771607
SSP585,Interactive,IFE,0,Dir,2054,-0.13493295528055504,-0.2435122479225144,-0.2248380725381512,-0.2061892527549977,-0.17203137440564106,-0.13188717991611798,-0.0926391101935061,-0.0556063364936784,-0.031178146803760524,-0.010808350110369288
SSP585,Interactive,IFE,0,Dir,2055,-0.14319779188475723,-0.2567284370680312,-0.23723274872340233,-0.21779402587006502,-0.1820344414354666,-0.1397304079521975,-0.09875186673590972,-0.05971790432849783,-0.033936270017362574,-0.012246520719345066
SSP585,Interactive,IFE,0,Dir,2056,-0.14978591027832489,-0.2684837132740957,-0.24791864950663442,-0.2277782057165073,-0.19037804792259352,-0.14586959201586003,-0.10324144025522064,-0.062106437790759375,-0.03513128293446124,-0.01144832597381237
SSP585,Interactive,IFE,0,Dir,2057,-0.15816621063540892,-0.2815899504877376,-0.2601764998969157,-0.23943688704361826,-0.20020255631144596,-0.15373395254540329,-0.10931679781161574,-0.06627402065647267,-0.03732159518726147,-0.012599227029138248
SSP585,Interactive,IFE,0,Dir,2058,-0.16670371442349896,-0.2947911161511027,-0.27284417993880855,-0.25123164713387797,-0.21042903628006765,-0.1618077478859286,-0.11539527682679221,-0.07056359939894569,-0.03943397090985942,-0.013751092619067217
SSP585,Interactive,IFE,0,Dir,2059,-0.17538862337144534,-0.3080672721419989,-0.28547008861111833,-0.26313077934400314,-0.2207834196811865,-0.17004127942149277,-0.12166291021702477,-0.07497095571398024,-0.04151516220393721,-0.014899884880165993
SSP585,Interactive,IFE,0,Dir,2060,-0.18421088754655135,-0.3213986852354415,-0.29760496697187894,-0.2750874229207668,-0.23123433511931685,-0.17844902413301622,-0.12827336601484335,-0.07949155955815047,-0.04363896577313772,-0.016031329694797668
SSP585,Interactive,IFE,0,Dir,2061,-0.1903375881986633,-0.33197768916075077,-0.3084300171671005,-0.284420895446541,-0.23955869663730892,-0.18451703198284491,-0.13141149219802561,-0.08129748599582176,-0.0423686526019868,-0.013748181529599834
SSP585,Interactive,IFE,0,Dir,2062,-0.19906827893571344,-0.3450465471571231,-0.32128171594575256,-0.2964181864921956,-0.2500967890150577,-0.1928277440370843,-0.1376737075319615,-0.08546380041961203,-0.04472124583915892,-0.015057605534360577
SSP585,Interactive,IFE,0,Dir,2063,-0.20788521398681936,-0.35834484823874535,-0.33393311537526904,-0.3081910453605855,-0.2606011660644709,-0.200760062157056,-0.14415273471780443,-0.08948891199833266,-0.04733339528045801,-0.016412542279606878
SSP585,Interactive,IFE,0,Dir,2064,-0.21677765389285342,-0.37174701168118973,-0.34659454894659525,-0.3205650855691942,-0.27162126272683,-0.20914754454124185,-0.15090074719922747,-0.09410414221644164,-0.05001344023085892,-0.01779646722906421
SSP585,Interactive,IFE,0,Dir,2065,-0.22573480894248033,-0.3851332652671919,-0.3592499685605402,-0.3329994924342535,-0.2825406830397622,-0.21790546685581696,-0.15779112189365688,-0.09888331498703778,-0.052673895659714864,-0.018688114448187458
SSP585,Interactive,IFE,0,Dir,2066,-0.23117949166081697,-0.39546071044641673,-0.3697483540546518,-0.3426345612985551,-0.2894120490565363,-0.22255240452668984,-0.16122416951786755,-0.0986994021951837,-0.05125492377695369,-0.016926316946288922
SSP585,Interactive,IFE,0,Dir,2067,-0.23991499713949294,-0.408536133018921,-0.3827426976399653,-0.3549524315058,-0.29939881330058343,-0.23061070731156785,-0.16781963016057722,-0.10198620080343945,-0.05153524966684967,-0.017416253195191765
SSP585,Interactive,IFE,0,Dir,2068,-0.24866870670350605,-0.42179493942572366,-0.3957792521097815,-0.36603044856505623,-0.30966329705401263,-0.23782863805342608,-0.17393873185518932,-0.10437284664091151,-0.054131121035030434,-0.016370593706523075
SSP585,Interactive,IFE,0,Dir,2069,-0.25743012013328537,-0.4352318038901904,-0.40882184626695256,-0.37714399354013073,-0.32042316905073265,-0.24567459166633265,-0.1803110610082256,-0.10715820559852143,-0.05606709426591229,-0.015104942390925153
SSP585,Interactive,IFE,0,Dir,2070,-0.2661888506788559,-0.44776984882083065,-0.4218533074180985,-0.38734158498935234,-0.3310259168976407,-0.2542134118434444,-0.18641744157235776,-0.11054028063210697,-0.05430519097565895,-0.014675979126058385
SSP585,Interactive,IFE,0,Dir,2071,-0.2706389784460371,-0.4563621588113685,-0.43184788444451966,-0.3965243072859084,-0.33724833257445674,-0.2576983007069542,-0.18819445243870903,-0.10866748979453994,-0.05040497195286834,-0.008724147057614916
SSP585,Interactive,IFE,0,Dir,2072,-0.27907706069208515,-0.46848471547319975,-0.4442895786613982,-0.4084477061107024,-0.3477138999562781,-0.26533571857361854,-0.19359343670277038,-0.11094286942873015,-0.051815309439432404,-0.007265014575144376
SSP585,Interactive,IFE,0,Dir,2073,-0.28747396931328273,-0.4807865348704163,-0.45657299843957044,-0.4202899768877216,-0.3573702871804063,-0.27339056767795067,-0.19928056368315547,-0.11291052056083473,-0.05313880613735003,-0.007592768366031373
SSP585,Interactive,IFE,0,Dir,2074,-0.2958203183917185,-0.4929708219955543,-0.4677096980059329,-0.4307018336013062,-0.3675794166926212,-0.28044083310470347,-0.20500744757698502,-0.11511659655087708,-0.05438818515857578,-0.005597973107483855
SSP585,Interactive,IFE,0,Dir,2075,-0.30410693938318056,-0.5049958260776416,-0.47957651039351257,-0.44153068591642675,-0.37723302748011955,-0.287483024586712,-0.20994026997213727,-0.11684949609314994,-0.055566334518036255,-0.0027462840071606318
SSP585,Interactive,IFE,0,Dir,2076,-0.30730609911438356,-0.5134362349843624,-0.4863541208398342,-0.44902710345981184,-0.38356879837561,-0.28842371534036815,-0.20907298800169472,-0.11142986243417383,-0.04962131305875019,0.00826603864769731
SSP585,Interactive,IFE,0,Dir,2077,-0.3152068457811604,-0.525747474477366,-0.4984815633497288,-0.45968978305447206,-0.3926421063880347,-0.29480820497599974,-0.21292482460914922,-0.11225923684556804,-0.04672250018630558,0.012396762758300007
SSP585,Interactive,IFE,0,Dir,2078,-0.3230183171486063,-0.5366514242473948,-0.5086330780300778,-0.46922793007261154,-0.4023274791301395,-0.3013885403244631,-0.21785128035934304,-0.11318892628996038,-0.04327424603396825,0.01865343373095968
SSP585,Interactive,IFE,0,Dir,2079,-0.33073261607773974,-0.547487584257497,-0.5190517028961765,-0.4808192894532513,-0.4122492113541898,-0.3079190668089981,-0.22302132042107722,-0.11246545141182888,-0.039360469281010016,0.022555293268984214
SSP585,Interactive,IFE,0,Dir,2080,-0.3383420975901059,-0.5584637100711373,-0.530719186333649,-0.4921930073043106,-0.42092618458675024,-0.3147842944446669,-0.2274079042883581,-0.10960089821367927,-0.035047499726301876,0.027153496369208933
SSP585,Interactive,IFE,0,Dir,2081,-0.3401349699607714,-0.565181909995285,-0.5388620368797618,-0.49839304780149857,-0.42479671938544333,-0.3168671059947269,-0.2240832833037565,-0.10352816673223245,-0.027264734306633974,0.04346182588434897
SSP585,Interactive,IFE,0,Dir,2082,-0.3472898933218488,-0.5757650639133127,-0.5496176058265256,-0.5073847471117469,-0.432232346016028,-0.32239206384526853,-0.22838022168057562,-0.1020747182254922,-0.02404765637300777,0.05302369480449139
SSP585,Interactive,IFE,0,Dir,2083,-0.35431684020600906,-0.5861743522895714,-0.5583572787025481,-0.5170014810015703,-0.44020305990799413,-0.32936933529833456,-0.23060594940076426,-0.10002830956509702,-0.021793912185412552,0.06338214443446559
SSP585,Interactive,IFE,0,Dir,2084,-0.3612093774156502,-0.5963873319519213,-0.5693955133765874,-0.5276316761044818,-0.44932471868239365,-0.3349862351598885,-0.23017109447463674,-0.09888725128128167,-0.01637985299407677,0.07453759909894696
SSP585,Interactive,IFE,0,Dir,2085,-0.36796130444319264,-0.6071944460783596,-0.58024106136279,-0.5376016939911304,-0.45834014277512924,-0.3410904099189316,-0.2332212667073374,-0.09595675175342772,-0.012917077996241814,0.08600439698966218
SSP585,Interactive,IFE,0,Dir,2086,-0.3684471783743012,-0.6144354363108887,-0.585354714077526,-0.5434586853467002,-0.4612482178135766,-0.34193716565385307,-0.22898825855632735,-0.0825122286882049,0.0070254703457408975,0.10539181481472676
SSP585,Interactive,IFE,0,Dir,2087,-0.37471375180975885,-0.6249274599077842,-0.5955107190146401,-0.5529655343003741,-0.46849392477674645,-0.34743327810622043,-0.23036471414154597,-0.08187121417567063,0.01471436577783417,0.1155870665449584
SSP585,Interactive,IFE,0,Dir,2088,-0.3808226649287354,-0.6352326595704471,-0.6056261889251989,-0.5624367114310197,-0.4763701756040367,-0.35223903844745624,-0.23035827010413645,-0.08086688550755998,0.025216204095242972,0.12756860738342615
SSP585,Interactive,IFE,0,Dir,2089,-0.3867687014040301,-0.645348117496785,-0.6147347826746479,-0.5711007372038862,-0.48383245039898426,-0.3565600885834708,-0.23308455728845562,-0.07976982242589375,0.030369050513024104,0.14019524783586657
SSP585,Interactive,IFE,0,Dir,2090,-0.3925468215465384,-0.6552713598941237,-0.6250993273164726,-0.579884673502354,-0.4898708303424471,-0.3619854538820423,-0.23187009650109586,-0.07575599029001606,0.03483434959237679,0.15071275752143928
SSP585,Interactive,IFE,0,Dir,2091,-0.3917768103190691,-0.6615567569714993,-0.6319325506252587,-0.5825322290314172,-0.49123758476336005,-0.3597111027466056,-0.2235720502231892,-0.05897711316870034,0.055768017133564406,0.17597363559455517
SSP585,Interactive,IFE,0,Dir,2092,-0.3970653635658904,-0.6716607852145228,-0.6415352571213728,-0.5913839230554961,-0.49900650006156466,-0.3645381894121903,-0.22102068250603737,-0.05194610634353515,0.0637570774340638,0.1914098628246713
SSP585,Interactive,IFE,0,Dir,2093,-0.40217384060961037,-0.681329469181804,-0.6509452078753196,-0.599373524514765,-0.5054460130169829,-0.36859140856276235,-0.21955815763845027,-0.048937348243488034,0.07438502306384354,0.20770946619165467
SSP585,Interactive,IFE,0,Dir,2094,-0.40709787862512736,-0.6894568541367698,-0.6601837547062339,-0.6079937753773244,-0.5121041758028828,-0.3733275397487141,-0.22053108113172773,-0.04288768685248183,0.09044496670135155,0.22334938263409668
SSP585,Interactive,IFE,0,Dir,2095,-0.4118332180435801,-0.6983630863582284,-0.6681644719146349,-0.6168062850637114,-0.5195445221379127,-0.37756287432485053,-0.21984139978738979,-0.030194477466822002,0.10533743359852256,0.24145540752893646
SSP585,Interactive,IFE,0,Dir,2096,-0.40971512999313897,-0.7031965286682927,-0.6716388819551062,-0.6181786835201,-0.5216755017569634,-0.37343804735312885,-0.21143882813212658,-0.009684868919839622,0.1350468885307603,0.2829320878183146
SSP585,Interactive,IFE,0,Dir,2097,-0.4139092168751659,-0.7105349517936007,-0.6804108594709212,-0.6258484036918145,-0.5270939496461362,-0.3769546280103369,-0.20906581658366907,-0.0012264404290051902,0.16045002118382115,0.29714427697611717
SSP585,Interactive,IFE,0,Dir,2098,-0.41790428687587633,-0.7175292902460118,-0.687171420484207,-0.6348562876565192,-0.5334471590717644,-0.3820017626294973,-0.2027643892149838,0.007067773352621787,0.18246669722573222,0.3270205267646205
SSP585,Interactive,IFE,0,Dir,2099,-0.4216963884882363,-0.7243246729226617,-0.6960100638623318,-0.643109130434619,-0.5392842585957907,-0.38549875716496496,-0.19473487457984237,0.016015364075771074,0.20785703420676627,0.36094042697776874
SSP585,Interactive,IFE,0,Dir,2100,-0.42528158726210963,-0.7309176013490412,-0.7045697984915835,-0.6496344428323996,-0.5452774390809675,-0.3877648048319433,-0.19045340684601386,0.02854358793516041,0.22832392543346045,0.3901074345284435
SSP585,Interactive,IFE,0,IE,2021,6.4418141632272e-5,-8.155047008685801e-5,-6.159805540614793e-5,-3.7026413957763624e-5,7.230551265391405e-6,6.041217414642919e-5,1.1041639961426042e-4,1.5627536057705171e-4,1.8185463362890839e-4,2.0843009846525373e-4
SSP585,Interactive,IFE,0,IE,2022,1.9877379182720034e-4,-2.3658359638546454e-4,-1.784049118850939e-4,-1.0422800703967504e-4,2.635713753768032e-5,1.8684722097439543e-4,3.3720201358047874e-4,4.7530518316528657e-4,5.507348429349412e-4,6.302217330245941e-4
SSP585,Interactive,IFE,0,IE,2023,4.08491661707977e-4,-4.573968680252421e-4,-3.4202898194752305e-4,-1.9698190977290864e-4,6.308145883676675e-5,3.849478087580849e-4,6.864395995677397e-4,9.575237757014521e-4,0.0011089466778573252,0.0012715177797680305
SSP585,Interactive,IFE,0,IE,2024,6.988790824621338e-4,-7.38136062686151e-4,-5.432952882684915e-4,-3.0650092407359387e-4,1.2339150903956098e-4,6.589401034456377e-4,0.0011614784563390157,0.0016069839604553105,0.0018601358634475979,0.0021325851115209346
SSP585,Interactive,IFE,0,IE,2025,0.001075101982377924,-0.0010725895587340216,-7.754191309638336e-4,-4.233598022703289e-4,2.1805043524053547e-4,0.0010150083819398525,0.0017683210462823284,0.0024213099786737804,0.0028079925314441465,0.0032181354372418816
SSP585,Interactive,IFE,0,IE,2026,0.0015332033184347615,-0.0014528371324195736,-0.001038351974164403,-5.538542319738937e-4,3.4447970452800014e-4,0.0014413167408454663,0.002495420455236985,0.0034075096651464245,0.0039513591966247865,0.00451442554034546
SSP585,Interactive,IFE,0,IE,2027,0.002093702018215793,-0.001870913152132339,-0.0013142505199488454,-6.756862051007894e-4,5.247526678844039e-4,0.00198436922109424,0.0033661119033757125,0.004578426066894537,0.005306187560998309,0.006045764986263566
SSP585,Interactive,IFE,0,IE,2028,0.0027542010559434837,-0.002321782584355383,-0.0016118910556438381,-7.894856302970376e-4,7.41689742699031e-4,0.0026267908374347226,0.004392609170162209,0.005956150976963182,0.006825110834633034,0.007813895963140235
SSP585,Interactive,IFE,0,IE,2029,0.0035189962156748633,-0.0027996747682513,-0.0019260995938596202,-8.898374574518475e-4,9.92831159370683e-4,0.0033672376451869823,0.005558668805244388,0.007519018690436508,0.008575660612408035,0.009814604960131612
SSP585,Interactive,IFE,0,IE,2030,0.004392090958341144,-0.003307640495355518,-0.0022482918572570283,-9.716926546010196e-4,0.0013439784409445266,0.004215786230493734,0.006879164337203619,0.009278979560465106,0.01057970340861329,0.01204882898316638
SSP585,Interactive,IFE,0,IE,2031,0.005327446516810275,-0.003875650364188551,-0.0026054010029978925,-0.0010671855067702519,0.0016706116462563425,0.005093473110418079,0.008284890154930613,0.011163261736449815,0.012763016598617777,0.014452028716212345
SSP585,Interactive,IFE,0,IE,2032,0.00641514741942828,-0.004429779746155432,-0.002946023522781521,-0.0011276126479991765,0.002083325784153378,0.006110948998405141,0.009894700988610172,0.013319945344959106,0.015112268130861644,0.01713848898043385
SSP585,Interactive,IFE,0,IE,2033,0.007618361675898577,-0.005027743207546895,-0.0032988068895152263,-0.001185661583873765,0.0026081411393258924,0.007235140593873035,0.011653257184403798,0.015630970393412935,0.017730047300959978,0.02005624643922393
SSP585,Interactive,IFE,0,IE,2034,0.008939357707645534,-0.005642066631733703,-0.0036770570822701352,-0.001224777493744944,0.003205355594854048,0.008463137970166512,0.013567450861250913,0.01810588244798901,0.020625089953212862,0.02320441926085878
SSP585,Interactive,IFE,0,IE,2035,0.010379988330357692,-0.006269565128062748,-0.00399182869390583,-0.0011485831163073335,0.003817832687467715,0.009820871587528701,0.015581992778184894,0.020763518951219265,0.023745410804235288,0.026581602090180463
SSP585,Interactive,IFE,0,IE,2036,0.011820320488224456,-0.00681208907018937,-0.004408100659259767,-0.0011579870372565582,0.004378759539787447,0.011182410627350037,0.017662599720443206,0.023473829056993495,0.026950201806527612,0.03002664008723503
SSP585,Interactive,IFE,0,IE,2037,0.013478920497434155,-0.007416248351151178,-0.004694586221843438,-0.0011160035554131362,0.0051098892155307385,0.01277834019296703,0.020055458760636524,0.02650869969957751,0.03038415944830275,0.03382656122980039
SSP585,Interactive,IFE,0,IE,2038,0.015255533706620472,-0.008022308666419538,-0.004950196719948402,-0.0010240009749308049,0.0059284744527907385,0.014479147373243684,0.022614960294008335,0.029786037717632195,0.03407085924250325,0.03783747246343387
SSP585,Interactive,IFE,0,IE,2039,0.017149818019508656,-0.008629094236904172,-0.005223861209783365,-8.455103745584443e-4,0.006782914309757804,0.016311998082294443,0.025181231264047726,0.03318017061936629,0.03785338399128525,0.04202758402469752
SSP585,Interactive,IFE,0,IE,2040,0.019160946008868307,-0.009233444202814464,-0.005370928190481821,-7.4769219667794e-4,0.007808853485233136,0.018225629359599982,0.027939781086833954,0.03670229897053491,0.04179968378607968,0.046412094926948186
SSP585,Interactive,IFE,0,IE,2041,0.021028743319434495,-0.010083957041155472,-0.005869275500796117,-7.239280468072198e-4,0.008637295571477993,0.020040708107196215,0.03062018292279689,0.040235087598836435,0.04584744067802647,0.05076512376645919
SSP585,Interactive,IFE,0,IE,2042,0.023228269557929337,-0.010732659819232724,-0.006061476874055133,-6.067053137147504e-4,0.009650646878530872,0.022094637835664677,0.0337441351650562,0.04404961134824252,0.05048270505713256,0.055645133256542176
SSP585,Interactive,IFE,0,IE,2043,0.025534089062415388,-0.011260652001748733,-0.006228538747746975,-4.2598404665641324e-4,0.010781710031845027,0.024232654058674474,0.036863107126155426,0.04809106592971092,0.05516431392313182,0.060637653842312934
SSP585,Interactive,IFE,0,IE,2044,0.027943154969515605,-0.01171385905653669,-0.006540849860805981,-1.6665471740890905e-4,0.012043032492781519,0.02653361441547425,0.040288046816075174,0.052360396291381645,0.05992126220048154,0.06580812449146141
SSP585,Interactive,IFE,0,IE,2045,0.030451942907469,-0.012124583708963355,-0.006730040923856883,2.3571841922447338e-4,0.013410174017059129,0.028788205689984858,0.0437456750286323,0.05658391512199376,0.06482652634351588,0.07114271118064122
SSP585,Interactive,IFE,0,IE,2046,0.03257230014492085,-0.012794590665665132,-0.007423290075495869,9.329946933376315e-5,0.014380861676727474,0.030873923492290234,0.04679073102160822,0.060595951328357336,0.06936914262869251,0.07615325552486014
SSP585,Interactive,IFE,0,IE,2047,0.03520519392886434,-0.013297277523288702,-0.007697010028229815,4.8443147691297256e-4,0.015543918901581327,0.0334431537529446,0.05056933973094144,0.06520906556380834,0.07453332128248062,0.08175656236349713
SSP585,Interactive,IFE,0,IE,2048,0.037918664285503834,-0.014110010669757242,-0.008128426607595461,8.106637459874724e-4,0.01687010627817989,0.036188370227462796,0.05441982971260978,0.07007401011971919,0.08006906291691772,0.08806844775800958
SSP585,Interactive,IFE,0,IE,2049,0.04070726237033362,-0.014804861742012234,-0.008690730832967335,0.0011110780625561373,0.01813670073849641,0.038936953939623375,0.058230354777504906,0.07508733580698797,0.08556461085565792,0.09431122119233243
SSP585,Interactive,IFE,0,IE,2050,0.04356514458288052,-0.015528478124087468,-0.009048876789908173,0.0015273012462457276,0.01958250659159133,0.04155559788454788,0.06204966067630863,0.08033137338406765,0.09147294007966153,0.10026552442118064
SSP585,Interactive,IFE,0,IE,2051,0.045670539435795354,-0.017751170426046726,-0.01052507299029088,9.665510083130553e-4,0.020200593807917416,0.043766212360877355,0.06514254821718654,0.08453368890889475,0.09621646682004364,0.10549009678706067
SSP585,Interactive,IFE,0,IE,2052,0.048543559641752165,-0.019018183008946525,-0.010974789352717444,0.001245876876501362,0.021395575481707868,0.04667614714324553,0.06910257705491427,0.08947159423602247,0.10157428747580902,0.1120906391814444
SSP585,Interactive,IFE,0,IE,2053,0.05145848651840479,-0.020208004090276115,-0.011654374493359036,0.0014138178830668928,0.022407420094950448,0.04981574002215744,0.07304691057949977,0.09467795275363115,0.10757456977659609,0.11800490430475473
SSP585,Interactive,IFE,0,IE,2054,0.054408131509130486,-0.021169809060920853,-0.01246164164700338,0.0015506625243647324,0.02372750096879417,0.052648069702628586,0.0770053347882409,0.09982417091785847,0.11311008333313907,0.12397274944033312
SSP585,Interactive,IFE,0,IE,2055,0.0573850599663307,-0.022427989452066956,-0.012821105961770678,0.0016415609724377057,0.02514226179318471,0.055338254493581596,0.08127626512929181,0.1050051821329976,0.11913586501456297,0.12996679392826027
SSP585,Interactive,IFE,0,IE,2056,0.05919984096341757,-0.025742227899914382,-0.015138169743267154,2.98680983300027e-4,0.025050859912248313,0.05691176133742043,0.08385017320957919,0.10910599376005654,0.12400579868885345,0.13552177367757892
SSP585,Interactive,IFE,0,IE,2057,0.06207532840443919,-0.02743699021342568,-0.01633858048387458,1.2928097800072425e-4,0.026275904730663602,0.0595655499276706,0.08823999553474413,0.1142036085225438,0.13008202839488234,0.14171826268486987
SSP585,Interactive,IFE,0,IE,2058,0.06494715378355709,-0.02868450076925393,-0.01717510742013474,-3.235018943618206e-4,0.027490303654640613,0.06226759360292794,0.09184490137712711,0.1191490151211382,0.13612202788549954,0.14841283357792143
SSP585,Interactive,IFE,0,IE,2059,0.06780733324973676,-0.029892859367446886,-0.018298660728023185,-9.207047544454114e-4,0.028681935128078567,0.064923534144468,0.09581006210727835,0.12438139747793153,0.14248567598609743,0.155839135619516
SSP585,Interactive,IFE,0,IE,2060,0.070647809430469,-0.03152674273290088,-0.019623821410487154,-0.0015989011359431537,0.029933215248999778,0.06767281519643098,0.09980837161137068,0.12993167467308583,0.14877101922458172,0.16155138061374733
SSP585,Interactive,IFE,0,IE,2061,0.07185486357531079,-0.03531676408285167,-0.0233819929618988,-0.004281743460219312,0.029478008489599944,0.06802038867798538,0.10213473179040178,0.13449248496678043,0.15335020442390568,0.1674387137523963
SSP585,Interactive,IFE,0,IE,2062,0.07447798557646268,-0.037011657889705916,-0.02509861576029626,-0.005306565350616355,0.030308874584448198,0.07045765766985063,0.10604817942834241,0.13971322273072784,0.1589743787470284,0.1752043030517695
SSP585,Interactive,IFE,0,IE,2063,0.07705101354932975,-0.039932257910158836,-0.026252854191739464,-0.006137505091175166,0.03130184749315765,0.0728179378406989,0.10962153204322098,0.14446213660047014,0.1655318387712158,0.1806912607108253
SSP585,Interactive,IFE,0,IE,2064,0.0795661927336162,-0.04288303162138023,-0.028575146399092408,-0.007138313858540356,0.03184751530981014,0.07503631142808537,0.1130903853848938,0.14976472729544169,0.1723066704572272,0.18801943269857002
SSP585,Interactive,IFE,0,IE,2065,0.08201585719654159,-0.04603040401821429,-0.030674077080614325,-0.008040470373123231,0.03191819451714789,0.07692878785415108,0.11698900108422206,0.15503444798833993,0.17813995518866307,0.19525092871777516
SSP585,Interactive,IFE,0,IE,2066,0.08248491629503207,-0.0527883714917703,-0.036262115262927865,-0.011425776928819019,0.02978115794672964,0.07714303867157263,0.11916574101290617,0.1585974435370397,0.18298099963282835,0.20062309444863763
SSP585,Interactive,IFE,0,IE,2067,0.08464605333470088,-0.05642533255001663,-0.03990887001167689,-0.013407652905746203,0.02964714986257322,0.07887118987838537,0.12315449908751441,0.163233037559658,0.18906063708792112,0.20695575759083382
SSP585,Interactive,IFE,0,IE,2068,0.08671664673384527,-0.060144782727479404,-0.04300950674438254,-0.014510448006130912,0.029394597707234377,0.08078868619173879,0.12717631759642484,0.16792421016677364,0.1946400395794423,0.2131861360218101
SSP585,Interactive,IFE,0,IE,2069,0.08868998415538942,-0.06404399455765217,-0.0468285654121123,-0.01714314030365739,0.02908002212137853,0.08188310318771935,0.13076987038116097,0.17288307765517025,0.1998731821645037,0.21929497235541967
SSP585,Interactive,IFE,0,IE,2070,0.09055955911217595,-0.06885838281518394,-0.050155527287771486,-0.019086932431359383,0.028916770334167285,0.08379181216906795,0.1344850239222182,0.1775000986566326,0.20553819782735377,0.22477933451844895
SSP585,Interactive,IFE,0,IE,2071,0.09016409244791979,-0.07754655510825337,-0.056089243543941424,-0.02534330758107226,0.026451780207677855,0.08328341670086148,0.13592904278495976,0.18040211732818326,0.2096033990243227,0.22949995212635024
SSP585,Interactive,IFE,0,IE,2072,0.09169655586913916,-0.08308723096139227,-0.059893585015278694,-0.027517111741550315,0.02568544474452661,0.08503774628172706,0.13850916328064933,0.18458694093575953,0.2141504338047393,0.23643999370627247
SSP585,Interactive,IFE,0,IE,2073,0.09310721301451119,-0.08897786092874611,-0.06334961795468265,-0.03062180969224529,0.025695566965232175,0.08565456198210081,0.14141300145162608,0.1888170448525363,0.22007664202110547,0.24252441844155836
SSP585,Interactive,IFE,0,IE,2074,0.09439089168572945,-0.09521575420031608,-0.06810263205082412,-0.033813134476820904,0.024881850743263684,0.08662263640010126,0.14402699024632806,0.19392257164962223,0.22624670610853242,0.2473190251821231
SSP585,Interactive,IFE,0,IE,2075,0.09554268202215199,-0.10196539844854316,-0.0721885380598784,-0.03720534166569009,0.023663051638573157,0.08775397481644681,0.14675804749044552,0.19775217203929055,0.23120174839509883,0.25383589836454884
SSP585,Interactive,IFE,0,IE,2076,0.09422494749869925,-0.11399854558436784,-0.0805885201775655,-0.044965441899056095,0.018560111581248623,0.08617924440621333,0.14749878173047593,0.20065853549342386,0.23437558153228774,0.2596123756669169
SSP585,Interactive,IFE,0,IE,2077,0.09501565086926078,-0.1214677783677661,-0.08789642183769057,-0.04964515320651095,0.0167870300253741,0.08733446842769754,0.1495173779329793,0.2039272883871452,0.2401638053860122,0.2661760851109139
SSP585,Interactive,IFE,0,IE,2078,0.09566330393625133,-0.1287766429761556,-0.09332858132145944,-0.05485929691395402,0.014915849912228468,0.0877614018481791,0.15232173694296522,0.20797235596262645,0.24515194215929875,0.27269370366478624
SSP585,Interactive,IFE,0,IE,2079,0.09616433880847142,-0.1368915020832346,-0.0984204599791978,-0.05942873654657685,0.013568950332967983,0.08868078903427984,0.15347200660047552,0.21213563270084737,0.2497695960269885,0.2794428236186802
SSP585,Interactive,IFE,0,IE,2080,0.09651544248013733,-0.14447541509740477,-0.10368111372668745,-0.06413725279292502,0.012242321012608415,0.08931220614374502,0.15569033672803204,0.21611461109636274,0.25425799820375455,0.2858864288437116
SSP585,Interactive,IFE,0,IE,2081,0.09428775358358066,-0.1579469735334038,-0.11458614954743696,-0.07384917100469933,0.007149513799896701,0.0864939935421104,0.15566458633542257,0.2162284465730267,0.25832143219136044,0.2906123479900823
SSP585,Interactive,IFE,0,IE,2082,0.09426874492750925,-0.16669291032717373,-0.12308354548441995,-0.07873548479291348,0.0036124940419201834,0.08570240014728664,0.15714175150857115,0.2203234777382627,0.26228338514256744,0.29690433199005256
SSP585,Interactive,IFE,0,IE,2083,0.09409381123503902,-0.17853901214651038,-0.13209209097499794,-0.0850031155367396,0.001294910372605429,0.08509130580256286,0.15914878148614692,0.22463491893674203,0.2650152932861253,0.3031094598699433
SSP585,Interactive,IFE,0,IE,2084,0.09376072687910675,-0.19365703423057237,-0.14247526187932713,-0.0927001270981706,-0.0011847220889230625,0.08397742982038287,0.16114662420402026,0.22706156703176905,0.26686693581184906,0.30989815362585993
SSP585,Interactive,IFE,0,IE,2085,0.09326746658319607,-0.20465800571503728,-0.15079523423457536,-0.09855268223649366,-0.0047019171114389136,0.08288686751819246,0.16231923803442028,0.23078202933203562,0.2682739689045629,0.31680029686187683
SSP585,Interactive,IFE,0,IE,2086,0.0902344821069716,-0.2194522204936173,-0.16603659464868928,-0.11136029444738012,-0.01097976527560518,0.07964853316735893,0.16189691601124084,0.23190792312056,0.2725937004851983,0.32312047215680023
SSP585,Interactive,IFE,0,IE,2087,0.08937829592796542,-0.23125932672208327,-0.1796878135894017,-0.1203242698116708,-0.014199805624161066,0.07877107772985653,0.16240645388896383,0.23443013430329057,0.27745050672875904,0.32939408424931277
SSP585,Interactive,IFE,0,IE,2088,0.08835973373376926,-0.24805945616752587,-0.19333679701566234,-0.12929983738590314,-0.018088749153551215,0.07720054692800421,0.16285904197530912,0.236106537413041,0.2823472250150416,0.33558377621787455
SSP585,Interactive,IFE,0,IE,2089,0.08717748521518187,-0.2657448760878048,-0.20672719183891505,-0.14018654825866017,-0.022736166977619016,0.07598368226111435,0.1630834139172212,0.2390607475579224,0.2872912268179677,0.3415522179933172
SSP585,Interactive,IFE,0,IE,2090,0.085830358405392,-0.27796105909153834,-0.22112760984052326,-0.1521050028911325,-0.029710384789701366,0.07446153686862694,0.16416108735120127,0.23933272068958894,0.2916148795518168,0.34779502584353944
SSP585,Interactive,IFE,0,IE,2091,0.08212361103402455,-0.29509214324920735,-0.24140202229267807,-0.1685769311852532,-0.03641618050368628,0.06985985066885658,0.16263087887923589,0.24191204136591596,0.29411071141473827,0.353817955861354
SSP585,Interactive,IFE,0,IE,2092,0.08043739032100872,-0.30700327139852196,-0.2555790675017046,-0.1805755727780183,-0.04187997159633619,0.0680512346578252,0.16341449695120253,0.24348870378136395,0.29950898335327575,0.35895487420268957
SSP585,Interactive,IFE,0,IE,2093,0.0785864503498831,-0.3264905028802321,-0.2714891606007177,-0.193129325887775,-0.04557841461963283,0.06650696422871816,0.16150804064148327,0.24580104737795264,0.30486290333514804,0.36504373167253595
SSP585,Interactive,IFE,0,IE,2094,0.0765699093634028,-0.35478701065518076,-0.2914473697287628,-0.20790501717954785,-0.05157206870361314,0.0634856684373325,0.16150864363815812,0.24881160985426698,0.3101645065482795,0.3726244558103023
SSP585,Interactive,IFE,0,IE,2095,0.0743869131909477,-0.3780096156279931,-0.30763567724597013,-0.22000772358812354,-0.05877996511344416,0.06186617355258894,0.1624965352472126,0.25083170910370994,0.3133523248294127,0.3792394581913079
SSP585,Interactive,IFE,0,IE,2096,0.07003887765051386,-0.41084472809207234,-0.33577540037518566,-0.24052624718578036,-0.07061061951880102,0.056572702877884906,0.16174909258701906,0.2529506637543816,0.3173670526991479,0.3829737793173452
SSP585,Interactive,IFE,0,IE,2097,0.06752461915351471,-0.433288585417036,-0.3573235369165581,-0.25798559945343535,-0.07787686485269518,0.05481956155479334,0.16144626429190811,0.25451890269573973,0.3192306536860192,0.3890971254553792
SSP585,Interactive,IFE,0,IE,2098,0.06484419935775632,-0.46567416446831655,-0.37893788942240336,-0.27618246564765625,-0.08503695846414244,0.05119701609343641,0.1602361681431009,0.25579986059011123,0.32103142385811256,0.39719769788935516
SSP585,Interactive,IFE,0,IE,2099,0.06199661338945228,-0.5029477174696955,-0.40409452937296286,-0.2911770388362824,-0.092483492195471,0.04913590007392121,0.15788564558433688,0.2574269292069422,0.32458345752904827,0.4050030015448898
SSP585,Interactive,IFE,0,IE,2100,0.05898078850441579,-0.5364991876693468,-0.4255371667665773,-0.3091537050263849,-0.1007722097704093,0.04726728277531689,0.1568803297178712,0.2587477987957516,0.32598912518822515,0.411892006175168
SSP585,Interactive,IFE,1,All,2021,-1.469976883595736e-4,-3.311464778768536e-4,-3.0416211738419906e-4,-2.6264680630788684e-4,-2.0722027313313518e-4,-1.420467778983081e-4,-7.984675380937056e-5,-2.594757060733199e-5,8.549902479915076e-6,3.8517729316606094e-5
SSP585,Interactive,IFE,1,All,2022,-4.4701310053707477e-4,-9.91310375790294e-4,-8.987314761875142e-4,-8.093928674887563e-4,-6.141258605868727e-4,-4.322315088519102e-4,-2.453595736559844e-4,-8.735760176635793e-5,7.803841725628554e-6,7.90140507047231e-5
SSP585,Interactive,IFE,1,All,2023,-9.044512020423001e-4,-0.0020312729917485394,-0.0018686792681068154,-0.0016455287898876738,-0.001250999952493087,-8.765110257067943e-4,-4.933950532204634e-4,-1.5744600166922582e-4,2.949785792428764e-5,1.6929471615628722e-4
SSP585,Interactive,IFE,1,All,2024,-0.001523636446462917,-0.0034471001011155914,-0.003203797373198436,-0.0028046299911311024,-0.0021638096984119837,-0.0014806387964592105,-7.886812595785386e-4,-2.4038247667591549e-4,1.1880936368604522e-4,3.4406962259408383e-4
SSP585,Interactive,IFE,1,All,2025,-0.002308802698992918,-0.00528736661885357,-0.004903804196969569,-0.0042689107024616035,-0.003260317775453686,-0.0022516898194077095,-0.0011882191406723808,-3.344445903993076e-4,2.153423570702693e-4,4.834022119531251e-4
SSP585,Interactive,IFE,1,All,2026,-0.0033028288075861445,-0.007537887600736962,-0.006990924844442975,-0.006134412174790493,-0.00468847913369505,-0.0032283371807019234,-0.001721173824633021,-5.032325435943119e-4,2.617282099666828e-4,7.937099860865824e-4
SSP585,Interactive,IFE,1,All,2027,-0.004445551441571771,-0.010142783820950574,-0.009446636419976373,-0.00832281961107304,-0.006327662951132712,-0.004318563801169073,-0.0023266838203603035,-5.97487306840061e-4,3.7833311867080263e-4,0.0011537729421342065
SSP585,Interactive,IFE,1,All,2028,-0.005768454227439546,-0.013195346361862315,-0.012222299734477143,-0.010791711467828313,-0.008220023058326698,-0.005607768860709461,-0.0029437784529484645,-7.835036164603002e-4,4.926328740562866e-4,0.0014965463705863204
SSP585,Interactive,IFE,1,All,2029,-0.007275358729713188,-0.016632269308986137,-0.015381534248748885,-0.013672712636144158,-0.0103498507151992,-0.007029691740629396,-0.003705313690740175,-9.631198176171186e-4,5.596178546255157e-4,0.0019024580640523256
SSP585,Interactive,IFE,1,All,2030,-0.008969932668185798,-0.02047858653285269,-0.018839581786745836,-0.01688771215159528,-0.01280338829998523,-0.008667965269193723,-0.0046352904420331464,-0.0011729501436843256,6.125690217224955e-4,0.0022967241830975814
SSP585,Interactive,IFE,1,All,2031,-0.010931735485519067,-0.02483101935181909,-0.02293095028372444,-0.020547513633560444,-0.015543009997449092,-0.010532018573467916,-0.005636046349211804,-0.0015228954197680443,6.58250751974553e-4,0.0027201020099276996
SSP585,Interactive,IFE,1,All,2032,-0.013025219742638261,-0.02962851566582783,-0.027238929953458297,-0.02436487279727435,-0.018491046507412956,-0.012522470931923546,-0.0066195714169735576,-0.001877827561170296,8.213995319255375e-4,0.0032168999370783646
SSP585,Interactive,IFE,1,All,2033,-0.01531664340780381,-0.034850479596851114,-0.03205418283933734,-0.028623100264758894,-0.021724953932394597,-0.014690502406447536,-0.0077819713051124895,-0.0022349302507047135,9.305475925449375e-4,0.003793750523997702
SSP585,Interactive,IFE,1,All,2034,-0.017808865102276195,-0.04049352665058487,-0.037199262640806606,-0.0332225688525775,-0.025295323621508464,-0.017013952812976074,-0.009120542603421017,-0.002618922927907174,0.0011088241066684653,0.004283257751837004
SSP585,Interactive,IFE,1,All,2035,-0.020504549697199503,-0.04651679036187303,-0.04256095003638745,-0.03812238822099323,-0.029102053767504493,-0.019679127388784856,-0.010501737626824298,-0.003067624894491705,0.0013402306219323912,0.0047606759570526305
SSP585,Interactive,IFE,1,All,2036,-0.023515530207097957,-0.052979444798206037,-0.0485289648044059,-0.04352673953940556,-0.03323723926571315,-0.02250819326238379,-0.012119471199215914,-0.003689503165052809,0.001384192537528596,0.005119610168163617
SSP585,Interactive,IFE,1,All,2037,-0.026635310893356245,-0.05973465773141119,-0.054631742447572094,-0.0491911258604214,-0.03750765815376064,-0.025613186662721166,-0.013785047954289087,-0.004300284271987974,0.0016136981399735178,0.005692346922518324
SSP585,Interactive,IFE,1,All,2038,-0.029963756573975653,-0.06684908191584238,-0.06110885072997368,-0.05504705461809124,-0.042033020739843135,-0.028689517123469843,-0.015574979941938988,-0.004854599721743912,0.0018636228339128258,0.006316301883714917
SSP585,Interactive,IFE,1,All,2039,-0.03350247012864038,-0.07433899006880633,-0.06803429211209933,-0.06139982023643646,-0.046919631915244175,-0.032080604918577116,-0.01744566201725814,-0.0054975573477443855,0.0021134373149087485,0.006966852411594599
SSP585,Interactive,IFE,1,All,2040,-0.0372528339005338,-0.0822723415825711,-0.07535493871223327,-0.06810542045404815,-0.052140223396863306,-0.03579731726136626,-0.019394439746835634,-0.006231741590103645,0.002384928416516046,0.0076500785228334894
SSP585,Interactive,IFE,1,All,2041,-0.041304442455458834,-0.09066943559517848,-0.08321802268717099,-0.07527637016421583,-0.057507205840718334,-0.03955721192452155,-0.02166708132555109,-0.007147718440911563,0.002656591342926783,0.008372619553448273
SSP585,Interactive,IFE,1,All,2042,-0.04547813700500736,-0.09931314221905922,-0.09142065535665617,-0.08264773153047228,-0.06317690378314739,-0.0435831461368239,-0.02396653649109942,-0.007830760232103636,0.002516429504753004,0.008966586957950535
SSP585,Interactive,IFE,1,All,2043,-0.04986320271220823,-0.10829898102119034,-0.09998298729235042,-0.09029816217055218,-0.06910139958846356,-0.04771106275034781,-0.02623260950543438,-0.008696457551580468,0.0022051009174423545,0.00954615977193298
SSP585,Interactive,IFE,1,All,2044,-0.05445988133880719,-0.11763495835243111,-0.10889221654662118,-0.09803600555132767,-0.07516091093518401,-0.052223491851674464,-0.028921908359672205,-0.009642106547389418,0.0018990647734258204,0.01010704576668561
SSP585,Interactive,IFE,1,All,2045,-0.059268183588952916,-0.12730910182085822,-0.11778428759839188,-0.10604165075697577,-0.08171458847194668,-0.056720250210886,-0.031469469354436425,-0.010614859658674612,0.0016841669939486694,0.010758597027193348
SSP585,Interactive,IFE,1,All,2046,-0.06426638896631298,-0.13725456550799203,-0.12691362760759778,-0.11448867484089,-0.08823030949539254,-0.061499550780148404,-0.0343398862907473,-0.011688756713149038,0.001745163737165779,0.01155944902034803
SSP585,Interactive,IFE,1,All,2047,-0.06947466956055803,-0.14753589339946482,-0.13632057768354278,-0.1230811966283928,-0.09530909092295778,-0.06644392241038416,-0.03730938792729949,-0.012732540935929957,0.00214805661166726,0.01251643188274749
SSP585,Interactive,IFE,1,All,2048,-0.074888946546675,-0.15809356728844817,-0.14624977215356325,-0.13192590915464758,-0.10242837933590396,-0.07153868187611345,-0.04050402332927347,-0.013905821108283384,0.002612776111971886,0.013651243126659064
SSP585,Interactive,IFE,1,All,2049,-0.08050812742488977,-0.16864908900032125,-0.15651785912161176,-0.14101663898314004,-0.109989996253023,-0.07694011917662796,-0.04388445480525274,-0.015118440409177978,0.0026283654854159415,0.01426403410313392
SSP585,Interactive,IFE,1,All,2050,-0.08633089490746793,-0.1798976062191597,-0.16706307714749563,-0.15075281999275125,-0.11765762073338987,-0.08258802871985321,-0.04742457498733499,-0.016378234304254845,0.0027227337092761094,0.015161293385928186
SSP585,Interactive,IFE,1,All,2051,-0.09210967184542118,-0.1910795765942323,-0.1773209269408727,-0.16042787089195204,-0.12519832848586282,-0.08819423297449352,-0.05087962646249858,-0.017623103655837587,0.003060301243186645,0.015798962425436765
SSP585,Interactive,IFE,1,All,2052,-0.09828032880860038,-0.20280822071920393,-0.18827221778189598,-0.17062359207813593,-0.13340502569960122,-0.09417488904559168,-0.05462787106410699,-0.018989434209444378,0.003551072419310533,0.016499669757284636
SSP585,Interactive,IFE,1,All,2053,-0.10464325769122906,-0.21467650095458993,-0.19945344209389315,-0.1810254925100403,-0.14172620410112224,-0.10029557291912977,-0.05823546915121039,-0.02056000074422439,0.004013581374153507,0.01715171097190263
SSP585,Interactive,IFE,1,All,2054,-0.11119608543672832,-0.2267391410273267,-0.21084946705281182,-0.19164150304878874,-0.15023715875072746,-0.10659768016388643,-0.06206580969282213,-0.021974135877449282,0.00450946896913222,0.017812642367796276
SSP585,Interactive,IFE,1,All,2055,-0.1179362336568982,-0.23900664940598526,-0.2224486185205138,-0.20213834462766866,-0.1591539342290495,-0.11300220991265425,-0.06615113614992474,-0.023477121216213356,0.005021615221177286,0.01846388473077941
SSP585,Interactive,IFE,1,All,2056,-0.12432022606737336,-0.2508483037419437,-0.23315247655813237,-0.21234625707445434,-0.1675690285506279,-0.1190742605756483,-0.06988541898028772,-0.02479922196268308,0.005282214794439269,0.01950905696651184
SSP585,Interactive,IFE,1,All,2057,-0.13134287243888054,-0.2634105098743138,-0.24495922096388412,-0.22301984535813466,-0.17653444912186894,-0.12594372988234204,-0.07426899017141972,-0.026497638607314095,0.0052931913979279285,0.02039593127149242
SSP585,Interactive,IFE,1,All,2058,-0.13853689849004458,-0.27613088836582944,-0.25690893005856746,-0.23382515331350875,-0.18592692698992208,-0.13294225790033326,-0.07850906804944738,-0.02802028866612085,0.005277753177351397,0.021285647464581312
SSP585,Interactive,IFE,1,All,2059,-0.14589877427709397,-0.28899532778412373,-0.2689821362330723,-0.2451437054365212,-0.19555031589100993,-0.13992035880968384,-0.08326447600180795,-0.02989284197660898,0.0052345564651587176,0.022177082546620347
SSP585,Interactive,IFE,1,All,2060,-0.15342479534813214,-0.3019896459863056,-0.28117673134573207,-0.25664100787198607,-0.20528730525325786,-0.14729616955373553,-0.08802683613960777,-0.031815550313448675,0.005162285810857311,0.023599151141078745
SSP585,Interactive,IFE,1,All,2061,-0.16020549677741502,-0.31413400702291777,-0.29237648257951415,-0.2671661153714146,-0.21339063012818757,-0.15335676875285442,-0.09168156473497205,-0.03325508342519055,0.0054471137159231514,0.02554815466351086
SSP585,Interactive,IFE,1,All,2062,-0.16793288721649713,-0.3272478012103697,-0.30508472791251295,-0.27880731898680766,-0.22243710861308963,-0.16076935323080244,-0.09660803255264802,-0.03476428710855844,0.005386303699355019,0.026988290391239417
SSP585,Interactive,IFE,1,All,2063,-0.1758045492271466,-0.3404441570808612,-0.31789702256927993,-0.2905626918663107,-0.23202485871931725,-0.1682327109492428,-0.10171180997045942,-0.036571717322624674,0.005299112819024231,0.027387574481118837
SSP585,Interactive,IFE,1,All,2064,-0.18381602857468216,-0.3537090844089475,-0.3307842200669377,-0.3023271943737151,-0.24196464934628906,-0.17590181595211551,-0.10641776138909734,-0.03787956520075436,0.005184641747726503,0.029013709457832337
SSP585,Interactive,IFE,1,All,2065,-0.19196274094982602,-0.367028694575338,-0.34311422215907994,-0.31412193489424217,-0.25195702477042314,-0.1837336393961712,-0.11121122459973812,-0.03914340478901298,0.006110916837172072,0.03085084103791748
SSP585,Interactive,IFE,1,All,2066,-0.19903870426129688,-0.37917744603147513,-0.3548570584173128,-0.3248414412352742,-0.2606005240018118,-0.19016154540619967,-0.11542637515107831,-0.03998604091997112,0.006541193711846134,0.032503208241782634
SSP585,Interactive,IFE,1,All,2067,-0.20732788239083932,-0.39247844306449087,-0.36722826614943194,-0.33676943702516743,-0.2707038042628476,-0.198064085610819,-0.12030730793220926,-0.04230487314060752,0.007234674228980246,0.034472860357665794
SSP585,Interactive,IFE,1,All,2068,-0.21573160692074012,-0.4057904256430544,-0.3796129939414292,-0.3488224002830355,-0.2808943579982248,-0.20595222479801956,-0.12554829500572018,-0.04360860039416595,0.007405889572035992,0.035689489423916955
SSP585,Interactive,IFE,1,All,2069,-0.22424481739218216,-0.4191003749768688,-0.3919999912638651,-0.3610321420636395,-0.29128345364865754,-0.21392131412792809,-0.1309439748233763,-0.044771640600842065,0.007572690159055667,0.03705758562772502
SSP585,Interactive,IFE,1,All,2070,-0.2328623730522983,-0.4323955183042948,-0.4043782408594201,-0.3732735247794038,-0.3018444006619895,-0.2220897671048525,-0.13643143088231643,-0.04550117414464667,0.007718201996907802,0.039669192005936535
SSP585,Interactive,IFE,1,All,2071,-0.24006692490094483,-0.44421465624312334,-0.41601489485138327,-0.3833750302164513,-0.3106761480366059,-0.22872326607849092,-0.13972503933248942,-0.046847071325360305,0.00832651642354259,0.04262074058416774
SSP585,Interactive,IFE,1,All,2072,-0.2487716021130557,-0.4573590232051324,-0.4283323809536915,-0.3955032484523777,-0.32069788971454743,-0.2367079369475924,-0.14515021490348345,-0.047742165804890456,0.008436808169267356,0.0442279983384979
SSP585,Interactive,IFE,1,All,2073,-0.2575603939624256,-0.4704496916333386,-0.4406100325742602,-0.407625591437214,-0.3311635634446747,-0.2446711039851836,-0.15062484279595945,-0.048126607146535536,0.008537637249747678,0.045500825568757314
SSP585,Interactive,IFE,1,All,2074,-0.26642795523394414,-0.48347528638346604,-0.4528094676667551,-0.4197314489790194,-0.34168391404495535,-0.2530070533599937,-0.15573298798941868,-0.04936265443993976,0.008628871808348136,0.04676836414871175
SSP585,Interactive,IFE,1,All,2075,-0.2753689097532944,-0.4964247880856241,-0.46490264201114184,-0.431810453329722,-0.35222454373398115,-0.2616270078061756,-0.16054653398733248,-0.05028684135356351,0.00871039898335971,0.04804688060396188
SSP585,Interactive,IFE,1,All,2076,-0.2825369589889387,-0.5064209995913228,-0.4762717588629761,-0.44129078174342146,-0.3611679609489913,-0.2676145142668065,-0.1628642750229832,-0.05171323778250529,0.009563246922840104,0.0522095895587157
SSP585,Interactive,IFE,1,All,2077,-0.2915179429834448,-0.5190949425659293,-0.48822317708948415,-0.45316973944432265,-0.37174090141666183,-0.27586924392031786,-0.16754838764057853,-0.053237143948994196,0.01063909402395206,0.053713682472926516
SSP585,Interactive,IFE,1,All,2078,-0.30055358129877396,-0.531646624938781,-0.5000863481801516,-0.4649899826740456,-0.38205657300561546,-0.2841815044566956,-0.17287757595100153,-0.05482205551881576,0.011832667595893031,0.05529427733519508
SSP585,Interactive,IFE,1,All,2079,-0.3096385117637187,-0.5440664805716698,-0.5115453098304162,-0.47668880041485034,-0.392265550644489,-0.29244286631269983,-0.17826934743822118,-0.05640551782374048,0.01315503928884044,0.05935237819064531
SSP585,Interactive,IFE,1,All,2080,-0.31876738488395207,-0.5563454574377186,-0.5236189068886887,-0.48802457095809726,-0.4026825523656411,-0.30055185149404395,-0.1841279889187353,-0.05811355294644001,0.014618277193840894,0.06154009197626472
SSP585,Interactive,IFE,1,All,2081,-0.32574831300325935,-0.5658844819258367,-0.5345034344582301,-0.4970278564088995,-0.41079538311470365,-0.3056280614025647,-0.187343783139156,-0.059561467853979096,0.016084414435295416,0.06415109113465844
SSP585,Interactive,IFE,1,All,2082,-0.3348573700440859,-0.57778213868386,-0.5460300332685799,-0.508373630888473,-0.42130668579613995,-0.31384929890725743,-0.19266080714990177,-0.061286437376042,0.017833460725130833,0.06632951643140174
SSP585,Interactive,IFE,1,All,2083,-0.3439928440201485,-0.5895126839037031,-0.5574358922529892,-0.5196074857534089,-0.4314405002617353,-0.32238166229866677,-0.19790253915452813,-0.06300905472070581,0.019762954004882885,0.0685368161168977
SSP585,Interactive,IFE,1,All,2084,-0.35314958995720047,-0.6010694732180315,-0.5687145032798407,-0.5307736262059379,-0.44152545448958774,-0.3307701321698601,-0.20411755099149737,-0.06452058564294583,0.02118729311870979,0.07079700714791419
SSP585,Interactive,IFE,1,All,2085,-0.3623225124289463,-0.6124498047007237,-0.5798597092656829,-0.5417499779940717,-0.45164310033114613,-0.3389987885859292,-0.21013780587258069,-0.06593744398893002,0.02166613302477897,0.07340248080213843
SSP585,Interactive,IFE,1,All,2086,-0.3690765143793868,-0.6209567536301378,-0.5900845930442183,-0.5503179351139229,-0.4590145684421386,-0.3452408769538656,-0.21375642046516186,-0.06416545217713542,0.023188774947357542,0.07776521545699003
SSP585,Interactive,IFE,1,All,2087,-0.37818296938138085,-0.6319171601269414,-0.600902742299069,-0.561070996742784,-0.46885426085406046,-0.35373388811306744,-0.21938893984099248,-0.06587975040782754,0.023719912428838797,0.07997657808355078
SSP585,Interactive,IFE,1,All,2088,-0.38729002343506236,-0.6426879748944129,-0.6114397234613755,-0.5712854667195164,-0.4784178161250126,-0.36197206010340366,-0.22504759842671962,-0.06846031274098602,0.02591679500520184,0.08302035549652051
SSP585,Interactive,IFE,1,All,2089,-0.3963929287638258,-0.6534058579600969,-0.6214278634322415,-0.5814679633597891,-0.4875806046032367,-0.3702567733229351,-0.23085432790928748,-0.07108609613075022,0.026623087486190116,0.08647714853745862
SSP585,Interactive,IFE,1,All,2090,-0.4054870154492023,-0.6642515829490497,-0.6312334161954689,-0.5915802098566211,-0.4965548656543757,-0.3782092773970847,-0.23644464316478628,-0.07369729599967832,0.028786683056790652,0.08990300064713722
SSP585,Interactive,IFE,1,All,2091,-0.41195411538879956,-0.6729109850758045,-0.638108032046424,-0.5993046728109644,-0.5042895574782305,-0.3831634275383109,-0.23915749039310408,-0.07288735768656968,0.030948905078921774,0.09770024155892262
SSP585,Interactive,IFE,1,All,2092,-0.4209484432336822,-0.6831700589325352,-0.647535195660846,-0.6092748136443296,-0.5137100716220744,-0.3913227027696004,-0.2448004888639108,-0.07410559260250758,0.03520019642791368,0.10212350060702967
SSP585,Interactive,IFE,1,All,2093,-0.4299207237131184,-0.6928777967017207,-0.656890320635712,-0.6190886988302113,-0.5231510582670958,-0.3991565185853124,-0.24913892839548005,-0.07465079760062708,0.03915365591457645,0.10658049559015333
SSP585,Interactive,IFE,1,All,2094,-0.43886672549509853,-0.7009874890190004,-0.6669923840009484,-0.6287831748782353,-0.5326627849029086,-0.40724097764214323,-0.2538158266753575,-0.07521849688791211,0.04329194132765604,0.11124566146087096
SSP585,Interactive,IFE,1,All,2095,-0.4477823144902593,-0.7096774873627133,-0.676926756594266,-0.6382975349934059,-0.54181756695912,-0.4150864185559192,-0.25918628830607116,-0.0754733470353734,0.04424144137297889,0.1161286285706391
SSP585,Interactive,IFE,1,All,2096,-0.45385138177983375,-0.7161471447431355,-0.6851707221517783,-0.6450652807598584,-0.5478151540615352,-0.41928311249847505,-0.2622308485551421,-0.07422494744482484,0.04892961353864272,0.1298017557422788
SSP585,Interactive,IFE,1,All,2097,-0.4626199605140119,-0.7250587593788862,-0.6947469655193081,-0.6543962935386838,-0.5559657460138892,-0.42670520789935756,-0.26747523552673436,-0.07446441449140123,0.05563073418922133,0.13555880578504811
SSP585,Interactive,IFE,1,All,2098,-0.4713470632213478,-0.7337655547302744,-0.7041433760042228,-0.6630090365070772,-0.5639866790845574,-0.4337453375680199,-0.27199097989106785,-0.07457077015156963,0.0613954710321252,0.1414956936608208
SSP585,Interactive,IFE,1,All,2099,-0.4800290727233387,-0.7422675757791555,-0.7133364978844917,-0.6720624920882696,-0.5731014468386701,-0.4414377516812505,-0.27815971175001974,-0.07486345527887638,0.06363578939728189,0.1560371847963527
SSP585,Interactive,IFE,1,All,2100,-0.4886624798402913,-0.7505651826818032,-0.7223312076659374,-0.6805846939056428,-0.5819881360308435,-0.44896198416588196,-0.2840377076831859,-0.07659513464179553,0.06517273176855448,0.1614304010882236
SSP585,Interactive,IFE,1,Dir,2021,-2.199883960390947e-4,-4.3340744300388034e-4,-4.095031910307745e-4,-3.7141944505859615e-4,-2.912276741294795e-4,-2.1513941095074873e-4,-1.4271209051941458e-4,-7.250267946562469e-5,-2.6080218987278893e-5,1.1436366822908908e-5
SSP585,Interactive,IFE,1,Dir,2022,-5.744928717112963e-4,-0.001278348207064925,-0.0011625148181642897,-0.0010277859722357618,-8.039179896758564e-4,-5.669749696040616e-4,-3.261047470495271e-4,-1.1837275006048024e-4,1.033389289677443e-5,1.0848221019882904e-4
SSP585,Interactive,IFE,1,Dir,2023,-0.0010708897725055788,-0.002600020320736329,-0.00233153532460994,-0.0020463834362396184,-0.0015629706382583597,-0.0010549474952685212,-5.488379553465483e-4,-1.2303481321735975e-4,1.1943682441695179e-4,3.9101906158756604e-4
SSP585,Interactive,IFE,1,Dir,2024,-0.0017164287262156908,-0.004344333743957776,-0.003908295196888922,-0.003440325361773455,-0.0025500175316674756,-0.001715658111359153,-8.113009190154064e-4,-7.139161770177702e-5,3.608304402360036e-4,8.335224653535587e-4
SSP585,Interactive,IFE,1,Dir,2025,-0.0025182143203819063,-0.006551190849934177,-0.005897494600022851,-0.0051999967799637,-0.0038261373645655516,-0.0025030089017860635,-0.001108156109917352,3.010732929005343e-5,7.362215943150223e-4,0.0013790199366408012
SSP585,Interactive,IFE,1,Dir,2026,-0.003525136297696907,-0.009430184373487907,-0.008402580561836749,-0.007288832740417007,-0.0053846285590942455,-0.0035010402469567437,-0.0014986054187608455,1.491087222643911e-4,0.0012255891717373954,0.0019766310910582724
SSP585,Interactive,IFE,1,Dir,2027,-0.004677363160517145,-0.012539122067126348,-0.011295183288533356,-0.009815410969470051,-0.00724024339424903,-0.004637363332227362,-0.0019343238248389905,3.0815995189201813e-4,0.0017190411097115028,0.0027324712259230717
SSP585,Interactive,IFE,1,Dir,2028,-0.0060103714547686815,-0.01618460452342183,-0.014656133398506226,-0.012780770013165698,-0.009388522575479397,-0.005937979736933108,-0.002458707039036695,5.007028874862041e-4,0.0023975263373698812,0.003589150453382261
SSP585,Interactive,IFE,1,Dir,2029,-0.0075310164669514235,-0.02036267099732368,-0.018343849209943065,-0.0160497092379697,-0.011818494921170097,-0.007422139106791903,-0.0029733547028946428,7.349047710762281e-4,0.0031255514560680096,0.004617313347041167
SSP585,Interactive,IFE,1,Dir,2030,-0.009245926649786407,-0.025053128387904685,-0.022596665007577926,-0.019644240739276578,-0.014482396987621216,-0.009099249893226025,-0.0036054628312972015,9.078136318535269e-4,0.003972513132008267,0.005762192980696748
SSP585,Interactive,IFE,1,Dir,2031,-0.011232714075230521,-0.030353609873207895,-0.027349056129959116,-0.023672029024040298,-0.017563776633137268,-0.011038885716616209,-0.0044275875986122815,0.0010400758661484712,0.0046823968346138365,0.0070446943988718745
SSP585,Interactive,IFE,1,Dir,2032,-0.013370227533191614,-0.03606116231549259,-0.032523055275941716,-0.02805857586929249,-0.0209462766483606,-0.01313248015058105,-0.005310845821500432,0.0011749591792104444,0.005400968089801947,0.008389122250271403
SSP585,Interactive,IFE,1,Dir,2033,-0.01572178847799388,-0.04226314082399424,-0.03788298031477606,-0.03279286587098468,-0.024653961065254276,-0.015456438904717373,-0.006383662902683995,0.0013261911316674994,0.006235172694512842,0.009756823547027827
SSP585,Interactive,IFE,1,Dir,2034,-0.01829305544701343,-0.048967042522107415,-0.04388977578608195,-0.0379077801862678,-0.02866945627089626,-0.017945027857698748,-0.007500904283191473,0.0014296838448381271,0.007110598338123889,0.011222468105213514
SSP585,Interactive,IFE,1,Dir,2035,-0.02108938922450332,-0.056165976926249056,-0.05038900966927845,-0.04350968532844697,-0.03291740891032899,-0.020704700235024354,-0.00879536480783738,0.001493905444653755,0.008002066328326063,0.012809321666499023
SSP585,Interactive,IFE,1,Dir,2036,-0.0242035144037005,-0.06384163203904203,-0.057389153998025404,-0.04937360914785638,-0.037480408675776344,-0.02377834738843354,-0.01017130979959291,0.0014525600860944682,0.008825043804626467,0.01441919362243817
SSP585,Interactive,IFE,1,Dir,2037,-0.027471737658027906,-0.07177268150178781,-0.06479516307276977,-0.05578252458719239,-0.042288093421752576,-0.02712339838694211,-0.011581267115603755,0.0014254330733025847,0.009832682756646874,0.016143569495223633
SSP585,Interactive,IFE,1,Dir,2038,-0.030977457593189484,-0.08026625643113738,-0.07263227383477723,-0.0624915259526128,-0.04758110171714397,-0.030630385110841485,-0.013245834079622987,0.0013003387515277075,0.010954829947110032,0.017668392564266604
SSP585,Interactive,IFE,1,Dir,2039,-0.03472448784037052,-0.08938154734943304,-0.08085699293225292,-0.06960005023460612,-0.053038316205323566,-0.03433196302329328,-0.014988863213868026,0.0012583665933590064,0.012091607807090558,0.019311854958581547
SSP585,Interactive,IFE,1,Dir,2040,-0.038716277100654284,-0.09895429414746719,-0.0894985716920886,-0.07683886272828448,-0.05892176588166259,-0.03823323745873597,-0.016833641438690095,0.0011565305250870852,0.012987358225466926,0.02110020262722112
SSP585,Interactive,IFE,1,Dir,2041,-0.04296344703352761,-0.10896413922126053,-0.09855006815910325,-0.08479064406091191,-0.06512729225472069,-0.04243100205969719,-0.018991145379321922,8.313953472951091e-4,0.014029602951488716,0.022912042025573648
SSP585,Interactive,IFE,1,Dir,2042,-0.0474315404550576,-0.11928786809381192,-0.10809318012374773,-0.09301561848273078,-0.07161206351272853,-0.04679708395702231,-0.021267149827847942,4.4293524639425785e-4,0.01542979018113516,0.024794837538809563
SSP585,Interactive,IFE,1,Dir,2043,-0.05214669106932046,-0.1299516359032217,-0.11792802659084647,-0.10170214963674047,-0.0782587947345838,-0.051492976516349376,-0.023637989517766494,1.602862615407075e-4,0.01646844005692244,0.02670901670322892
SSP585,Interactive,IFE,1,Dir,2044,-0.05711038419074377,-0.14100111284489056,-0.1281195176795234,-0.11072115899021873,-0.08477635925773541,-0.05641793279633317,-0.026167269209329574,-3.1831346179539794e-5,0.01760440235069509,0.028644749547658395
SSP585,Interactive,IFE,1,Dir,2045,-0.06232369853912567,-0.15228267019703523,-0.13869118908234762,-0.1200358127165231,-0.09163881526337767,-0.06157378485653048,-0.02882476270866355,-2.322523709211791e-4,0.019157121074258772,0.03060124016752746
SSP585,Interactive,IFE,1,Dir,2046,-0.06756483622551401,-0.16371697072146071,-0.1495186141224377,-0.1295396081885212,-0.09885548306584463,-0.06649925785486466,-0.03132540407564163,-5.228869421047359e-4,0.020338927905304702,0.032732408040614794
SSP585,Interactive,IFE,1,Dir,2047,-0.07322017620933186,-0.1755777226959716,-0.16056574455464528,-0.13950940484156196,-0.10666217557051513,-0.07207055140352492,-0.03421557853274637,-0.0010171420505344392,0.021580536004490107,0.03477562283128182
SSP585,Interactive,IFE,1,Dir,2048,-0.07911761210630941,-0.18773805296500654,-0.1722128809019867,-0.149805430280092,-0.11484425499975617,-0.07778246529438276,-0.03712506740399682,-0.0015915447845175586,0.022887362909836985,0.03683293287306653
SSP585,Interactive,IFE,1,Dir,2049,-0.0852562000041801,-0.2001820550405099,-0.18427024439013484,-0.16017037711753357,-0.1232848529128037,-0.0835612981005941,-0.04031745710304252,-0.0022501385657029086,0.02406403944951108,0.0389000647694346
SSP585,Interactive,IFE,1,Dir,2050,-0.0916345871898131,-0.21314401710677303,-0.19650456243181633,-0.17112345107571533,-0.13186165553203408,-0.08981046015223415,-0.04377361175992037,-0.0030136170768057602,0.025273512185719514,0.040972802295908065
SSP585,Interactive,IFE,1,Dir,2051,-0.09758756118869671,-0.22557565199282453,-0.20813772804938582,-0.18143690880062954,-0.13975604431409067,-0.09560271128150966,-0.04672117183549224,-0.0032492093358858624,0.027068602109036194,0.04358598516127734
SSP585,Interactive,IFE,1,Dir,2052,-0.10431207145952437,-0.23911303641492287,-0.22066254264496973,-0.19275085518144938,-0.1484884020559239,-0.10182483846717483,-0.0501537337387265,-0.00408225212824557,0.028850180876981865,0.045787589202521115
SSP585,Interactive,IFE,1,Dir,2053,-0.11125699946886813,-0.2528756012917899,-0.23322600333998028,-0.20427723851198118,-0.15746267743171305,-0.10843746429163076,-0.05351610768312126,-0.00500243708829861,0.030245848214494886,0.04799718496807958
SSP585,Interactive,IFE,1,Dir,2054,-0.11841900897633928,-0.2668428431279122,-0.246252321164372,-0.21606615031321025,-0.1667019914384905,-0.11520705102528389,-0.057016743405266995,-0.006012326665268891,0.031594090349789467,0.050525683607505596
SSP585,Interactive,IFE,1,Dir,2055,-0.12579439788896296,-0.28099401440016963,-0.25951157667619135,-0.22799878779504903,-0.17614149553879901,-0.12203574163299263,-0.060477299796131256,-0.007000625039617535,0.03296536481100902,0.05308532260001899
SSP585,Interactive,IFE,1,Dir,2056,-0.13215094321016585,-0.2940752599110464,-0.27180656855151686,-0.23890993181259387,-0.18440333415910845,-0.12819571194956914,-0.06365211413948954,-0.006636588224781782,0.03630043033848712,0.05661678357462029
SSP585,Interactive,IFE,1,Dir,2057,-0.13975252584354525,-0.30848195761070096,-0.28528969847343083,-0.2510152449062115,-0.19432862345258628,-0.135298568678139,-0.06734371800533775,-0.00750173868788416,0.0380861223480898,0.059468989963815284
SSP585,Interactive,IFE,1,Dir,2058,-0.14753923059987983,-0.3230116382152638,-0.29861838684181163,-0.2632729163443992,-0.2044422198422551,-0.14245608082371597,-0.07113721047750385,-0.008053874962413617,0.039946104684572645,0.06236697746346335
SSP585,Interactive,IFE,1,Dir,2059,-0.15550568195066905,-0.3375996225543076,-0.3120226855758569,-0.2754211189220116,-0.2147354262711154,-0.14981692916378953,-0.0750806214871916,-0.008641916365900766,0.04188753522165866,0.06531065371031564
SSP585,Interactive,IFE,1,Dir,2060,-0.16364621888281605,-0.3521512517073287,-0.3255015833122978,-0.2881985689204852,-0.22519932157856837,-0.15732148548767405,-0.07950619565836586,-0.009092390992491034,0.04391463519530301,0.06833833106181052
SSP585,Interactive,IFE,1,Dir,2061,-0.17002250737131785,-0.3648639334758288,-0.33776652347735786,-0.2993647203590819,-0.23386604981134568,-0.16300841612319367,-0.08225013495795497,-0.008406307552325428,0.04910482956270357,0.07273089782738414
SSP585,Interactive,IFE,1,Dir,2062,-0.1782463591693938,-0.3793430323124563,-0.3512863635237576,-0.31218663262993834,-0.24445388400651685,-0.1707449672043927,-0.0865849789805545,-0.008549725348011843,0.051583185179436206,0.0762390775598336
SSP585,Interactive,IFE,1,Dir,2063,-0.18660986785469824,-0.3939207802451764,-0.3648115862302934,-0.3248636919947424,-0.2551749535746664,-0.17862110359762168,-0.09086614047676256,-0.009198956238730306,0.054121906869370504,0.07987483192217783
SSP585,Interactive,IFE,1,Dir,2064,-0.195106244734371,-0.40849131516800996,-0.37832464329786764,-0.33728053511641165,-0.2660193991803522,-0.18635132158268347,-0.09541476690295167,-0.009749480992786122,0.05672171584749554,0.08364566882021321
SSP585,Interactive,IFE,1,Dir,2065,-0.20372852613330172,-0.42301709401925874,-0.3918210677919522,-0.34981514193555796,-0.27691252963821184,-0.19406311288300704,-0.10021935907806634,-0.010062372389767083,0.05933049701809389,0.08754262359148232
SSP585,Interactive,IFE,1,Dir,2066,-0.20995705690933286,-0.43494171725027486,-0.4031459254210068,-0.3614579139486005,-0.28518668833754113,-0.1995228216995043,-0.10319499745382807,-0.008660925823895544,0.06538883695431698,0.09589937712018763
SSP585,Interactive,IFE,1,Dir,2067,-0.21856693137225836,-0.4491780506703175,-0.4163600882097431,-0.3739653906244275,-0.29547524318828533,-0.20725159634985846,-0.10686010830695589,-0.009344171867496946,0.06946562125959246,0.10072991316094368
SSP585,Interactive,IFE,1,Dir,2068,-0.22726868388184984,-0.46326748983714655,-0.4300519903793425,-0.3867963534004012,-0.3063811077795351,-0.21483252105318335,-0.11146789458042894,-0.009781203694380278,0.07317160024566073,0.10774077397720715
SSP585,Interactive,IFE,1,Dir,2069,-0.23605486883334292,-0.4769580371779266,-0.4437203129102168,-0.3995331766537143,-0.31735110061847527,-0.22254474252578338,-0.11544093517689091,-0.010326854893679217,0.07588693045956967,0.11451996663537335
SSP585,Interactive,IFE,1,Dir,2070,-0.24491798068034754,-0.49058532618853096,-0.45735182001924396,-0.41201528815167004,-0.3280778742335457,-0.23095296824731743,-0.1199868501395154,-0.010663965000931714,0.07867217667169722,0.12034286282665034
SSP585,Interactive,IFE,1,Dir,2071,-0.2507307987708869,-0.5022251519079571,-0.4699345272326111,-0.42293168888859356,-0.3345797574134136,-0.23493598544773642,-0.11986569360385127,-0.007583181874583103,0.0846167503908845,0.1332577938807855
SSP585,Interactive,IFE,1,Dir,2072,-0.2594999834296299,-0.5157418956975978,-0.482906930416464,-0.43534739484023177,-0.34546635723192376,-0.2419064658669916,-0.12272867908474147,-0.007375596364215152,0.08873227114881137,0.14139288570276531
SSP585,Interactive,IFE,1,Dir,2073,-0.268315192621005,-0.5291022817470753,-0.4943378725980276,-0.44775752373289707,-0.35594816429721965,-0.24928640970402083,-0.12670011101879533,-0.005346687598128666,0.09232974605912946,0.1500442338855721
SSP585,Interactive,IFE,1,Dir,2074,-0.277169030887897,-0.542295036768576,-0.5072925443482252,-0.4601204236831942,-0.3666853272374878,-0.2571636015904726,-0.130023222916844,-0.003914562908213115,0.09734222572708996,0.1584031431110928
SSP585,Interactive,IFE,1,Dir,2075,-0.2860541458890109,-0.5553096572483639,-0.5203641517018088,-0.47242634876926487,-0.3772941388110942,-0.26367467445383475,-0.1333652808738252,-0.0032557692530186815,0.10664208937852604,0.16631377347757262
SSP585,Interactive,IFE,1,Dir,2076,-0.29119375674121106,-0.5649969272597993,-0.5288601597801985,-0.4832994890659205,-0.38469099245994787,-0.26856227517884856,-0.13146814381390437,0.005260220307083244,0.12014985482234794,0.18463694904280625
SSP585,Interactive,IFE,1,Dir,2077,-0.29991823612135493,-0.5775360792103881,-0.5400475546047682,-0.4952091523879997,-0.3956978136470971,-0.27475887368394447,-0.13518927049122648,0.007714324853818098,0.12510606948335218,0.1959845616445135
SSP585,Interactive,IFE,1,Dir,2078,-0.308647783182075,-0.5898454244882043,-0.5522479800664667,-0.5069828007470581,-0.4058529087373319,-0.2819591824333208,-0.13923424331993992,0.008239980467910604,0.12958239595250062,0.20804263996206837
SSP585,Interactive,IFE,1,Dir,2079,-0.31737558431236945,-0.6014033702653551,-0.5649305580516886,-0.5185974076092199,-0.41543655313283945,-0.28901828630847165,-0.14199792688627086,0.012109801405724731,0.134357273566842,0.22078032730965666
SSP585,Interactive,IFE,1,Dir,2080,-0.32609494695830443,-0.6136706673368819,-0.5774694572531336,-0.5301409488115503,-0.4259462726369054,-0.29583869239150107,-0.14506642803993192,0.015373052255697612,0.13938070647956594,0.230931767280567
SSP585,Interactive,IFE,1,Dir,2081,-0.33037860128968866,-0.6222146022055159,-0.5877086977154785,-0.5389925417054496,-0.43306696703706415,-0.3001676152542043,-0.1431792113076315,0.025153017475537293,0.15055604942097914,0.2521151426604391
SSP585,Interactive,IFE,1,Dir,2082,-0.33886888800380544,-0.6336126702254619,-0.5998866248988307,-0.5500252487016061,-0.4435470991688254,-0.30609712807747447,-0.1461742309613379,0.028651270332079978,0.15615357622711756,0.2702045173921999
SSP585,Interactive,IFE,1,Dir,2083,-0.3473287533985836,-0.6447828782602931,-0.6118977609787791,-0.5604248827202938,-0.4526188990695667,-0.31193622465735454,-0.14838820291010912,0.0347327358688504,0.1619348191773762,0.28588164946121414
SSP585,Interactive,IFE,1,Dir,2084,-0.3557522958501308,-0.6557216777426266,-0.6237349689856816,-0.5709933380804009,-0.4622987634428587,-0.31908076341846947,-0.14986833035655525,0.03565012001722364,0.16790810063055897,0.30428284049107135
SSP585,Interactive,IFE,1,Dir,2085,-0.36413378482776937,-0.6664261454111381,-0.6353846907281759,-0.5819933434339217,-0.4714702114189605,-0.3266654844594481,-0.15257062280590453,0.04105624801103723,0.17408213681262635,0.31956176669195024
SSP585,Interactive,IFE,1,Dir,2086,-0.3675723665541458,-0.6752350539405747,-0.6441707681178054,-0.5894868932833506,-0.4779098561510353,-0.32893924476114167,-0.14551350661058798,0.05228111199430061,0.18847926094775322,0.34150850114116793
SSP585,Interactive,IFE,1,Dir,2087,-0.3756822968805228,-0.6861656069567765,-0.6539541416454433,-0.5998451960228398,-0.4871636275129897,-0.33541756981979515,-0.1466737351035764,0.05517713042029954,0.2030799428146199,0.3598006322025292
SSP585,Interactive,IFE,1,Dir,2088,-0.383733120124092,-0.6968692839687358,-0.6635156254583688,-0.6100340979058042,-0.4965943436491921,-0.340118983047916,-0.146166138965699,0.05764994245099561,0.2160543732387429,0.3734291147279921
SSP585,Interactive,IFE,1,Dir,2089,-0.39172002067517186,-0.7073422398308924,-0.6735910596537396,-0.619948650184324,-0.505782879030964,-0.34755495417743,-0.14919793276415758,0.06829562977232023,0.22697764086535194,0.3891228920589851
SSP585,Interactive,IFE,1,Dir,2090,-0.3996383771349702,-0.7175811234764652,-0.6840885936886353,-0.6292973716316859,-0.5148955482852852,-0.35254252190341184,-0.15139610898660452,0.08261261582107844,0.24318418337001457,0.4111816785186636
SSP585,Interactive,IFE,1,Dir,2091,-0.40220599255230727,-0.7248789115020703,-0.6902072907188489,-0.6362399804748017,-0.5193218387614318,-0.3526734460758062,-0.1468162163919477,0.09969106635422588,0.27065451914332783,0.43831181529729274
SSP585,Interactive,IFE,1,Dir,2092,-0.40983278031701065,-0.73377642093166,-0.6974170692380816,-0.646240665037252,-0.5279109121736607,-0.3575372238337781,-0.14599057817458233,0.10562574483521565,0.290950530947295,0.4692398459949193
SSP585,Interactive,IFE,1,Dir,2093,-0.4173789230587627,-0.7429377236335004,-0.7074254526512903,-0.6560677182164845,-0.5356194385575146,-0.36390663864459466,-0.14602853911595903,0.1106190549214788,0.31200956868122726,0.502260526211175
SSP585,Interactive,IFE,1,Dir,2094,-0.4248407272493133,-0.7518257061175957,-0.71620704163495,-0.665589556726224,-0.5422525396868417,-0.3715695537450849,-0.14485632128940748,0.11706233203263466,0.33058156894228197,0.5375218343763927
SSP585,Interactive,IFE,1,Dir,2095,-0.4322146947070503,-0.7599815796528371,-0.725659875044806,-0.6737265590313029,-0.5497459937314145,-0.37727046014516097,-0.14397404366523456,0.12226093918600256,0.34153951180656583,0.575183876589518
SSP585,Interactive,IFE,1,Dir,2096,-0.43382719371750045,-0.7662582567901272,-0.7323453851449926,-0.6798476779359479,-0.5540626786812276,-0.3779139335267076,-0.13905474076949376,0.14181067238764075,0.38171292416125707,0.6319168255688372
SSP585,Interactive,IFE,1,Dir,2097,-0.44085995128225364,-0.7746857340535754,-0.7413296705478117,-0.6881584467205583,-0.5628955628061734,-0.38449512909328215,-0.13577445233590174,0.15411703277116465,0.4096590490613551,0.6640117672948487
SSP585,Interactive,IFE,1,Dir,2098,-0.4477966165148468,-0.7828821566776336,-0.7500150650458257,-0.6967552202646878,-0.5718788201692789,-0.389564956591824,-0.13677022376386228,0.16860910595446418,0.44250454958860896,0.6937841006017386
SSP585,Interactive,IFE,1,Dir,2099,-0.45463459362064484,-0.7908469632012689,-0.75825563450180955,-0.7051163727860912,-0.5777908882256627,-0.3964031449160986,-0.13274692625546652,0.18793001359475967,0.46985764557695797,0.7479809852153269
SSP585,Interactive,IFE,1,Dir,2100,-0.4613714653055032,-0.7985818418583902,-0.7652716455857826,-0.7127662666420068,-0.5865615518171172,-0.4030138129006711,-0.13090379981949973,0.20821373462444553,0.49669121298296365,0.7769769877398427
SSP585,Interactive,IFE,1,IE,2021,7.29907076795211e-5,-7.576087372007656e-5,-4.952471254723311e-5,-2.6861428407487503e-5,1.998787219581466e-5,7.497386373345183e-5,1.2432588111532805e-4,1.7067955117978651e-4,1.917009088922894e-4,2.100915201644598e-4
SSP585,Interactive,IFE,1,IE,2022,1.274797711742215e-4,-3.2822564705684286e-4,-2.682795306054031e-4,-1.7995653777553853e-4,-3.788481784086639e-5,1.3626245915465685e-4,2.964657227314538e-4,4.309372551354551e-4,5.138798341241368e-4,5.892814567444671e-4
SSP585,Interactive,IFE,1,IE,2023,1.664385704632787e-4,-7.814901941636532e-4,-6.487796978233539e-4,-5.017742713116613e-4,-1.6839829674947238e-4,1.9522147349504415e-4,5.159232894213772e-4,8.054660610798849e-4,9.92076099473199e-4,0.0011687482258386284
SSP585,Interactive,IFE,1,IE,2024,1.927922797527737e-4,-0.001445435888691701,-0.0012197205436957847,-9.68317027779797e-4,-3.619255596655768e-4,2.4679472977373607e-4,8.147273886244533e-4,0.0013142665847761027,0.0016366082356332576,0.0018962494525909728
SSP585,Interactive,IFE,1,IE,2025,2.094116213889885e-4,-0.002258732172660205,-0.0019708340413145007,-0.0015599159249391036,-6.488621834053465e-4,2.764352870301967e-4,0.0011632911890760156,0.0019261892900139133,0.0024415709531171387,0.0028634524400784427
SSP585,Interactive,IFE,1,IE,2026,2.2230749011076245e-4,-0.0033156401728991368,-0.0028464436150717975,-0.0022787428580577584,-0.0010186098340593808,2.796586767722098e-4,0.0015677569499615296,0.0027051875223890634,0.003410322496627793,0.0040172149687731275
SSP585,Interactive,IFE,1,IE,2027,2.318117189453739e-4,-0.0045442070159199075,-0.0038829034788586234,-0.003162034680619119,-0.0014338918189323036,3.0824386905148327e-4,0.002046731721404127,0.0036122493560587833,0.004559120443114239,0.0053081914427417776
SSP585,Interactive,IFE,1,IE,2028,2.419172273291359e-4,-0.005923008842404704,-0.005068304442838078,-0.004149328416447128,-0.0019461888791222348,3.4271433979782273e-4,0.002583637989924198,0.004648103735333742,0.005873169567738033,0.006765104647168612
SSP585,Interactive,IFE,1,IE,2029,2.5565773723823515e-4,-0.007573929049906472,-0.006428642688720698,-0.005259882521116477,-0.002527205232778218,4.0927455640143995e-4,0.003214397176091205,0.005812140971528602,0.007409457336288555,0.008412943286838887
SSP585,Interactive,IFE,1,IE,2030,2.759939816006085e-4,-0.009326820272680876,-0.007988507521541783,-0.006467861615234305,-0.003193329264240319,4.5947774835425337e-4,0.0039017777909706175,0.007141559215366134,0.009074801392894832,0.010241104580648789
SSP585,Interactive,IFE,1,IE,2031,3.0097858971145364e-4,-0.011236401341032468,-0.00971352943058692,-0.007727106372121262,-0.003833480352845503,5.19134164498114e-4,0.004693564995449484,0.00856255331989958,0.010875287747549598,0.012198618315714635
SSP585,Interactive,IFE,1,IE,2032,3.450077905533533e-4,-0.01330429353517915,-0.011507858657492154,-0.009161870085658797,-0.004535042344001261,5.316541482653925e-4,0.005528013206673232,0.01014706296359276,0.012769007058789028,0.014309916152220487
SSP585,Interactive,IFE,1,IE,2033,4.051450701900716e-4,-0.015501175524933138,-0.013521096814008038,-0.01065255046516217,-0.00529902215839817,5.815998798833211e-4,0.006457884952389581,0.011842617875668173,0.014803825694504856,0.016565825509137478
SSP585,Interactive,IFE,1,IE,2034,4.841903447372342e-4,-0.01781279849935818,-0.015760434072106387,-0.012374212950985152,-0.006140530321864596,7.110257447512369e-4,0.007427024985346614,0.013671892516829043,0.01701717874948226,0.01913210053939624
SSP585,Interactive,IFE,1,IE,2035,5.848395273038154e-4,-0.02025427326567016,-0.018065006147541682,-0.014130540827027005,-0.007003019267054017,8.75352571931387e-4,0.008478193931393707,0.015669824764692242,0.019320351166437908,0.02188147617438081
SSP585,Interactive,IFE,1,IE,2036,6.879841966025424e-4,-0.022926686668864372,-0.02038699741115027,-0.016165964983202163,-0.007903845821676303,9.849186621502248e-4,0.009624541053465552,0.017777012308829644,0.021654617084508235,0.024743576956099567
SSP585,Interactive,IFE,1,IE,2037,8.364267646716605e-4,-0.0258426152287589,-0.022945788863385688,-0.018048776565916403,-0.008821384684976175,0.0011121661651649073,0.010869459611081461,0.020052463636456686,0.024384100177307518,0.02770987196317835
SSP585,Interactive,IFE,1,IE,2038,0.0010137010192138307,-0.028916959919979342,-0.025523471454029324,-0.0200466328105388,-0.009796023894133643,0.0012857056030349256,0.012176934650033833,0.022458230016071213,0.026921452193271952,0.03094322594800576
SSP585,Interactive,IFE,1,IE,2039,0.001222017711730139,-0.032182619575222955,-0.02822222683655634,-0.02218697002146721,-0.010819359756136515,0.0016158393604734367,0.013542109269934405,0.025076143839472365,0.029604448364754798,0.03445109443662992
SSP585,Interactive,IFE,1,IE,2040,0.0014634432001204845,-0.03556586333915902,-0.0310579650627729,-0.02441261263295298,-0.011901185699334682,0.0017917595605679293,0.014964568730601868,0.027688211799299946,0.03261250702576413,0.03815821413206537
SSP585,Interactive,IFE,1,IE,2041,0.001659004578068779,-0.039126006773084705,-0.03396205651133383,-0.0268091320118223,-0.01293170883073158,0.0018487238049446075,0.016397248821176907,0.030206686418077257,0.035694928259468545,0.04198981217362583
SSP585,Interactive,IFE,1,IE,2042,0.0019534034500502395,-0.04284311421761098,-0.03699112357672138,-0.029218026390696594,-0.014034270757686068,0.002186519779407259,0.017971895615748412,0.03291061389148965,0.03907523941696879,0.04605354331558317
SSP585,Interactive,IFE,1,IE,2043,0.002283488357112229,-0.046707239305600626,-0.040120054743494296,-0.031702210213789064,-0.015074201343138222,0.002576454577889631,0.019588771537751543,0.03574393257571474,0.04273149797645573,0.05029182479823036
SSP585,Interactive,IFE,1,IE,2044,0.002650502851936576,-0.05071597548618995,-0.04347461425715651,-0.03430349502989771,-0.016132078292927066,0.0029120500195132237,0.021467799202782495,0.0388068448742343,0.046549145681766116,0.054697277630299766
SSP585,Interactive,IFE,1,IE,2045,0.003055514950172755,-0.054866947775939715,-0.0466656884041342,-0.0369185847765412,-0.01714953344196732,0.003222461582987557,0.023453284868957175,0.04182114076314361,0.05045447218810338,0.059265194932507204
SSP585,Interactive,IFE,1,IE,2046,0.0032984472592010317,-0.05928198556613917,-0.05020349564322342,-0.03978549629478072,-0.018483315469978612,0.0033714875165596347,0.025393793671963538,0.04446875928747647,0.05426096126785763,0.06387089646092306
SSP585,Interactive,IFE,1,IE,2047,0.003745506648773822,-0.06374545412078249,-0.05382476735231805,-0.042578997237082694,-0.019535273563802358,0.0037429798397254355,0.027424531304108518,0.04771803511033253,0.05859783294535885,0.06875482632847965
SSP585,Interactive,IFE,1,IE,2048,0.004228665559634415,-0.06834352699807494,-0.057596424102292335,-0.045571901577531444,-0.020606699053727445,0.004188876202931957,0.029143488298570164,0.05106486126719378,0.06256029847766291,0.07400735803421862
SSP585,Interactive,IFE,1,IE,2049,0.00474807257929033,-0.07307838442768778,-0.06178470859820215,-0.048347218539364537,-0.021747403022996714,0.004393092430674428,0.031257820761323774,0.054519563447831355,0.06689303877311345,0.07895668438348917
SSP585,Interactive,IFE,1,IE,2050,0.005303692282345174,-0.07794813614663296,-0.06567478467293897,-0.05131464890173783,-0.02310599465428484,0.004913497906775421,0.03355446344929064,0.05803190738158776,0.07098055899284732,0.08426770156142155
SSP585,Interactive,IFE,1,IE,2051,0.005477889343275533,-0.08335496162845053,-0.07034405451528102,-0.054759562340046655,-0.02438894905611344,0.005169299683278283,0.03527913426011747,0.06112515429622015,0.07481245042165212,0.08893017118512975
SSP585,Interactive,IFE,1,IE,2052,0.006031742650923988,-0.08859126447611541,-0.07465855744894914,-0.05788004774961697,-0.025655814589647774,0.005499152356608028,0.037263390425995246,0.06456429935673753,0.07892116361940074,0.09333559554507874
SSP585,Interactive,IFE,1,IE,2053,0.0066137417776390706,-0.09396771054088623,-0.07938836019442005,-0.06107887548093578,-0.027013949005826765,0.0062488704002210405,0.03966025158525252,0.06803191331491251,0.08342839618024576,0.09773844855596123
SSP585,Interactive,IFE,1,IE,2054,0.007222923539610959,-0.09948392210779389,-0.08423557697887543,-0.06462684347507608,-0.028385380110232977,0.006887683696605251,0.041887804849342763,0.0716314407549346,0.08770916550957959,0.10230951155382205
SSP585,Interactive,IFE,1,IE,2055,0.007858164232064757,-0.10513991631598917,-0.08900146869673096,-0.06844286553104485,-0.029768747209065693,0.007380000516244434,0.044212885101529986,0.07511696209382242,0.09272043142573876,0.10704959952632268
SSP585,Interactive,IFE,1,IE,2056,0.007830717142792487,-0.11175367221349233,-0.09488974375222899,-0.07276191175922632,-0.03204825387804536,0.007403037176967386,0.046245930659261164,0.0781018204421727,0.09587599125993748,0.11232850608287616
SSP585,Interactive,IFE,1,IE,2057,0.008409653404664708,-0.11765646602443953,-0.09971806562568904,-0.07643620907049452,-0.03364583555085254,0.0077479936874307875,0.04841219588148099,0.08175298348793221,0.10061000315605427,0.11779046126760563
SSP585,Interactive,IFE,1,IE,2058,0.009002332109835254,-0.12357818701375113,-0.10474359684228604,-0.08014814407839961,-0.03516727481595841,0.00820493952553758,0.05069784673020186,0.08582564130414917,0.10536404687942212,0.12361651515430924
SSP585,Interactive,IFE,1,IE,2059,0.009606907673575082,-0.1296398967137089,-0.11089131775983682,-0.08392375642191999,-0.0367691879338794,0.008408480421739917,0.0528866438497253,0.08984569618348842,0.11102992683005024,0.12950955997447244
SSP585,Interactive,IFE,1,IE,2060,0.010221423534683916,-0.1366705885959319,-0.1155537485266653,-0.0877762347967917,-0.03882388599414946,0.008877832365255411,0.055134483559120095,0.09389662735557534,0.1168060480263071,0.13503274297021617
SSP585,Interactive,IFE,1,IE,2061,0.00981701059390283,-0.14538266932460245,-0.12186168231079349,-0.09296907562151818,-0.041570594430698576,0.008369881382662425,0.057286966398471306,0.09719871630801384,0.121100631430978,0.14038549630251027
SSP585,Interactive,IFE,1,IE,2062,0.010313471952896669,-0.15250975824821295,-0.12763129590838296,-0.0970608362733518,-0.043530947137714576,0.008672840607974575,0.05939765070096553,0.10060988077811979,0.12587396377489463,0.14644469928960518
SSP585,Interactive,IFE,1,IE,2063,0.01080531862755163,-0.1605900700661348,-0.1339686950851633,-0.10119626874190535,-0.0451461736113819,0.008887413557711776,0.061476700613646684,0.10495364856090644,0.1316263430957214,0.15213130932496388
SSP585,Interactive,IFE,1,IE,2064,0.011290216159688837,-0.16738946658919307,-0.1405052503635202,-0.10546112668529271,-0.046731552267924026,0.009008968532462469,0.06380946831787876,0.10957515304599558,0.13746178520656185,0.15808969900127945
SSP585,Interactive,IFE,1,IE,2065,0.011765785183475708,-0.17514711996588736,-0.14724769971094526,-0.11013754891677364,-0.04852679593248682,0.009444164963967883,0.06594581408223427,0.1129224218620982,0.1416357325981664,0.16393797989709857
SSP585,Interactive,IFE,1,IE,2066,0.010918352648035978,-0.18756536917022387,-0.1551067557543226,-0.11599356805252208,-0.05217124302714976,0.008307572326971768,0.06698249692634736,0.1160310701811172,0.14664729356982806,0.16917692334250062
SSP585,Interactive,IFE,1,IE,2067,0.01123904898141903,-0.19833374992594754,-0.16115632435841246,-0.12071923547025597,-0.054564728751601455,0.008499149183646582,0.06859965307640384,0.11933166985410107,0.1509879807852836,0.17517438051309522
SSP585,Interactive,IFE,1,IE,2068,0.011537076961109727,-0.20830112434183085,-0.16698503179614316,-0.12667102400155372,-0.056952695027476685,0.008389928984916417,0.07031036955059497,0.12354371997436876,0.15543200076518848,0.18094373149625811
SSP585,Interactive,IFE,1,IE,2069,0.011810051441160763,-0.2174519446844351,-0.17392959764200588,-0.13176286569954423,-0.059907963394527586,0.00812788135786352,0.07240829819227279,0.12607125584142817,0.16071896158331964,0.1873092154137743
SSP585,Interactive,IFE,1,IE,2070,0.012055607628049247,-0.2268633506500742,-0.18058385814114586,-0.1364792420822024,-0.06245452909059243,0.007642798417223262,0.0745550787623167,0.13029638119934683,0.16610295496034605,0.19312537326121623
SSP585,Interactive,IFE,1,IE,2071,0.010663873869942053,-0.2415880437175663,-0.19104651080732377,-0.14541944685628228,-0.06676509018288479,0.006004975595312545,0.07538604128506884,0.13184428965205908,0.1700792017079615,0.19899117972950778
SSP585,Interactive,IFE,1,IE,2072,0.010728381316574165,-0.25639670196516307,-0.1982506995003328,-0.15325195888781276,-0.07105386727686047,0.005771079447167815,0.07702366527957463,0.13454291826189554,0.17378637332230654,0.20341591290005911
SSP585,Interactive,IFE,1,IE,2073,0.010754798658579423,-0.27210542828764844,-0.20577847946367483,-0.15995271147205298,-0.07429896722528559,0.005351400802631745,0.07915370950704922,0.13782288880269067,0.17914285752755318,0.2091534603191133
SSP585,Interactive,IFE,1,IE,2074,0.01074107565395288,-0.2886620411398853,-0.2147808140865159,-0.1662557904480763,-0.07650828864528447,0.0047255781893167925,0.08072590080530775,0.14084146988438784,0.18396207089814715,0.2148580994847433
SSP585,Interactive,IFE,1,IE,2075,0.01068523613571648,-0.30134394182109314,-0.224100550280609,-0.17265596245161635,-0.07922017429608069,0.003653322166890405,0.08262582897707471,0.14405668775958422,0.18891493630736692,0.22049155225454098
SSP585,Interactive,IFE,1,IE,2076,0.00865679775227235,-0.31834475238816307,-0.23640458036342946,-0.186407337652206,-0.08436379330816596,0.0011709306944560072,0.08319772794053595,0.14705352770648575,0.19335059058326953,0.2231371941579912
SSP585,Interactive,IFE,1,IE,2077,0.008400293137910131,-0.33206727100430117,-0.24842922624203564,-0.1919230506722544,-0.0885047832245657,4.3900672590319045e-4,0.0843325409241644,0.15001096317649482,0.19567158264684667,0.22738818613219902
SSP585,Interactive,IFE,1,IE,2078,0.008094201883301011,-0.3451414998973029,-0.25944092734210955,-0.19941738510360416,-0.09068053668457579,-5.216279829164394e-4,0.08608241834083419,0.15454764038908794,0.201214492741708,0.2335350126486754
SSP585,Interactive,IFE,1,IE,2079,0.0077370725486507474,-0.3612270827161922,-0.26953607943909214,-0.20769848255957676,-0.09377836933843944,-8.999348874866864e-4,0.08702585100162907,0.15686760104456882,0.206845339527754,0.240486475842342
SSP585,Interactive,IFE,1,IE,2080,0.007327562074352367,-0.37764773787610467,-0.2811154743850384,-0.21638641429686994,-0.09834207405346962,-0.0019015425035451838,0.08741710430546731,0.16013084734274344,0.21209157412339227,0.24660548217950135
SSP585,Interactive,IFE,1,IE,2081,0.004630288286429307,-0.40362506553788113,-0.29474248258814334,-0.22614029174755618,-0.10450329355831317,-0.0051685840948559325,0.08789775491588986,0.1653148432747215,0.21730215566151492,0.25011554926475565
SSP585,Interactive,IFE,1,IE,2082,0.004011517959719546,-0.42506982539653765,-0.30500303018878566,-0.2336934198490853,-0.10856117977833032,-0.006318395449770198,0.08929371931940625,0.16719603539526331,0.22172739353560011,0.25926812699544693
SSP585,Interactive,IFE,1,IE,2083,0.003335909378435087,-0.44123255829216823,-0.32057157038881257,-0.24345790546753168,-0.11174546074386874,-0.007105395331723718,0.09010661751128585,0.17104080192047452,0.2259735815685916,0.2641659195243964
SSP585,Interactive,IFE,1,IE,2084,0.0026027058929303237,-0.4589863841023327,-0.3373341652844655,-0.2531274022509601,-0.11646180363629288,-0.007465569581057374,0.09088836686182702,0.1733633825952652,0.23215104737712078,0.26892424105226237
SSP585,Interactive,IFE,1,IE,2085,0.0018112723988230606,-0.48122785536970064,-0.35485552423659505,-0.2641552602469042,-0.12012878754510958,-0.008816937425968063,0.09181335757940845,0.17605273719633044,0.23624087164889168,0.27609076815426364
SSP585,Interactive,IFE,1,IE,2086,-0.0015041478252409979,-0.509421948960653,-0.37917140542440997,-0.2761968218950889,-0.12683101298493715,-0.01116005766166589,0.09200944336867653,0.17745245851781577,0.24106172364298017,0.28014176079657654
SSP585,Interactive,IFE,1,IE,2087,-0.002500672500858059,-0.5323952989013742,-0.3950944346551667,-0.2880977903641098,-0.13124872868325724,-0.01252024013339853,0.09250205904159584,0.17851531281580255,0.2462156381647008,0.2879598720767967
SSP585,Interactive,IFE,1,IE,2088,-0.0035569033109703607,-0.5599950779429326,-0.41091587128755164,-0.3030832605737795,-0.13403211908753457,-0.01304674605797701,0.09279235514421724,0.18062297449557052,0.2516315545724262,0.2973453046509694
SSP585,Interactive,IFE,1,IE,2089,-0.004672908088653949,-0.5890602807405078,-0.4277448059298573,-0.31618407642534874,-0.13777769767945433,-0.01446491043815673,0.09397761597326323,0.18337566419335752,0.25452988374106256,0.305682937561687
SSP585,Interactive,IFE,1,IE,2090,-0.005848638314232102,-0.6166390385088201,-0.4471025007807844,-0.3290907942763005,-0.143560087982587,-0.015594234344166846,0.09464303671909022,0.18708284104965692,0.26335624610955516,0.31342594413090286
SSP585,Interactive,IFE,1,IE,2091,-0.00974812283649229,-0.6516609340732887,-0.4742464489215353,-0.34380756311131216,-0.1519393458684283,-0.01973398767298995,0.093318209616816,0.18791645652702244,0.266714575264165,0.31720332099267184
SSP585,Interactive,IFE,1,IE,2092,-0.011115662916671543,-0.693858444874607,-0.49407466646696374,-0.3584569399446581,-0.15751646321631396,-0.020986866292604156,0.09318129300907296,0.19045498776559777,0.27353139457920045,0.32623959848778683
SSP585,Interactive,IFE,1,IE,2093,-0.012541800654355728,-0.7329283947563354,-0.5219307088013793,-0.3738341887982542,-0.16180786404683883,-0.022046172972162825,0.0951442672051809,0.19188217747719744,0.2790148936771588,0.32990622483260296
SSP585,Interactive,IFE,1,IE,2094,-0.01402599824578521,-0.7717600387706578,-0.5507755220439216,-0.38557941814520047,-0.165411134597364,-0.024185604774917102,0.09532123206967635,0.19324777501350907,0.28142559729550937,0.34236114606259976
SSP585,Interactive,IFE,1,IE,2095,-0.015567619783208975,-0.8128573811918481,-0.5793755430287713,-0.40154334986912266,-0.17071709794130194,-0.02659607179695056,0.09481728151000343,0.19491817129091446,0.28372413474497504,0.348273811297295
SSP585,Interactive,IFE,1,IE,2096,-0.020024188062333304,-0.8675276247400935,-0.622037137686115,-0.4257161780689281,-0.1796801242761656,-0.02796967833293551,0.09299049276296245,0.1957139379331398,0.2862627022523332,0.35256092287624846
SSP585,Interactive,IFE,1,IE,2097,-0.02176000923175825,-0.9143301607048064,-0.6526807674342158,-0.44422747261823176,-0.1872054995585946,-0.03053496386716209,0.09367895228697593,0.19801222913762098,0.29557515951072627,0.36622851738494205
SSP585,Interactive,IFE,1,IE,2098,-0.02355044670650097,-0.9639821285180383,-0.6884418424272173,-0.4614282367026528,-0.19284400093286067,-0.03280431453692079,0.09478355715426115,0.19960100446656812,0.3068887475202684,0.3751095740729435
SSP585,Interactive,IFE,1,IE,2099,-0.02539447910269388,-1.016699317851988,-0.7257526502812749,-0.4804062824662566,-0.20065038157355888,-0.03392111365500422,0.09526764046859615,0.20155657116918807,0.3132003995307638,0.3838766100646225
SSP585,Interactive,IFE,1,IE,2100,-0.027291014534788105,-1.072692898006183,-0.7565988196142583,-0.5000833382767305,-0.20746218278089462,-0.03563014390306418,0.09490848741067148,0.20464103502529293,0.3148012438365441,0.39031957849318244
SSP585,Interactive,IFE,2,All,2021,-9.567761467776936e-5,-2.6528546858830274e-4,-2.2725278575848605e-4,-2.0381636121744596e-4,-1.5637146418640002e-4,-9.548970723294303e-5,-2.6308432296728856e-5,2.568934945013092e-5,5.8183044908810484e-5,8.526620589397459e-5
SSP585,Interactive,IFE,2,All,2022,-2.054133062182606e-4,-6.916455521273346e-4,-6.172574636520601e-4,-5.30583486000491e-4,-3.7890018299552297e-4,-1.9137883490261132e-4,-1.4803761497900192e-5,1.4944380935530969e-4,2.56148955387081e-4,3.1909642647046647e-4
SSP585,Interactive,IFE,2,All,2023,-4.644420481114686e-4,-0.001513189706035345,-0.0013232847148610949,-0.0011461696379977183,-8.109614922644781e-4,-4.3820175044589904e-4,-4.2211489009486014e-5,2.845207330383959e-4,4.4122581748115e-4,5.729082111126271e-4
SSP585,Interactive,IFE,2,All,2024,-8.776553554711297e-4,-0.0027363191634527883,-0.0024179837965098705,-0.0020469598158828427,-0.0014569971038193297,-7.938204192138865e-4,-1.5802279445037426e-4,3.869540992827103e-4,6.881137992915002e-4,9.507139187591606e-4
SSP585,Interactive,IFE,2,All,2025,-0.0014498890808323228,-0.004438838484831601,-0.003840600130058447,-0.0032203458840273204,-0.002350637527861965,-0.0013198632924300568,-3.764309223374396e-4,4.71627303742861e-4,9.987003800807192e-4,0.001364783689431148
SSP585,Interactive,IFE,2,All,2026,-0.0022320903161142658,-0.006647096388158247,-0.005617099136071962,-0.004812600905591258,-0.003513715157253239,-0.0020311311877959093,-7.142719352414839e-4,5.442725360851331e-4,0.001312270417195882,0.0018770012157615036
SSP585,Interactive,IFE,2,All,2027,-0.0031512187458914154,-0.009139343781565737,-0.007791238876248397,-0.006658098584965666,-0.004909915481158933,-0.0028739376106565184,-0.0010610803103448252,6.444413133756433e-4,0.0016251135171493662,0.0024479424807571414
SSP585,Interactive,IFE,2,All,2028,-0.004245255273875981,-0.012098846771042782,-0.010244456877908014,-0.008902007098376552,-0.006595997778311907,-0.003903501029054901,-0.001547846454212215,7.519625409736279e-4,0.0020004640722869316,0.0031435687593071512
SSP585,Interactive,IFE,2,All,2029,-0.00551859504508434,-0.01550852901381156,-0.013205090968817078,-0.011482172510867805,-0.008468143358452224,-0.005086213155775066,-0.0020589619527531244,8.94234368288128e-4,0.0023604084117563864,0.0038700733577285923
SSP585,Interactive,IFE,2,All,2030,-0.006975498234231714,-0.019241897953292834,-0.016589295597788035,-0.014335726112566437,-0.010615531777759146,-0.0064767767519864905,-0.0026877160269883626,0.0010506903073064242,0.002793990856244243,0.004723391384588693
SSP585,Interactive,IFE,2,All,2031,-0.008708800465645372,-0.023491306067803145,-0.020414742006306576,-0.01769171824207604,-0.013105573936331993,-0.00814395377470245,-0.0034516244963812004,0.0010463011094213662,0.003136126820556872,0.005592194261363939
SSP585,Interactive,IFE,2,All,2032,-0.010557535771625881,-0.028078407769501094,-0.02458359000917335,-0.021247766890138332,-0.015885486127493964,-0.009892760888330743,-0.004220196034293244,9.792124757290982e-4,0.0034073125287683243,0.0064579814745527936
SSP585,Interactive,IFE,2,All,2033,-0.012601148920269423,-0.03315211807073943,-0.029129325134093366,-0.025162171360254393,-0.018920248337189444,-0.01185697281841619,-0.005073502306423061,0.001018912428831634,0.003870303425479634,0.007372650477500564
SSP585,Interactive,IFE,2,All,2034,-0.014843000840486398,-0.03885348954615388,-0.033973835233753795,-0.0293649717475027,-0.02226515200608542,-0.014032948603038942,-0.0060195061277968365,0.0011110700801838114,0.004464358010632849,0.008360813402768315
SSP585,Interactive,IFE,2,All,2035,-0.017286265993219585,-0.044713873654860056,-0.03912678271584707,-0.034073279486657546,-0.025953500629008835,-0.016370272328407043,-0.007013007170470514,0.0010433098343682033,0.00521241855911263,0.00937879480837271
SSP585,Interactive,IFE,2,All,2036,-0.020059071273010876,-0.0514177925443764,-0.044666689983750035,-0.03939646413946297,-0.0300649357527544,-0.019051458863384496,-0.008231832780068393,7.363549885396356e-4,0.0055858282549238044,0.010408969206984763
SSP585,Interactive,IFE,2,All,2037,-0.022921605376972742,-0.058231968621592356,-0.05053526713748641,-0.04459232086987247,-0.03428049613891887,-0.021680032892865186,-0.009433065736824259,6.207578047704452e-4,0.00622016505713044,0.01169150656322267
SSP585,Interactive,IFE,2,All,2038,-0.025991517404883036,-0.06536781027536198,-0.05695179737166393,-0.05014533103623994,-0.038720599823664825,-0.024516418423071396,-0.010820217987798142,1.8434026859086858e-4,0.006755324061947752,0.013039610140410851
SSP585,Interactive,IFE,2,All,2039,-0.02927084802345703,-0.07287892773753199,-0.0638172762417466,-0.05594466148002619,-0.04343134137426827,-0.027656455142542724,-0.01237206160954002,-1.2075022197783834e-4,0.007449329982147543,0.01443053701797552
SSP585,Interactive,IFE,2,All,2040,-0.032761419338778075,-0.0807561073885616,-0.07116654976810849,-0.06221243776273466,-0.048620879907526726,-0.030964240032771373,-0.013997465364622402,-4.036912676039442e-4,0.008119934648498623,0.015562280414685884
SSP585,Interactive,IFE,2,All,2041,-0.036564040947105636,-0.0891277437724332,-0.07905106028360873,-0.06920366674256179,-0.054121540817011704,-0.03465039664753283,-0.0159677184184501,-7.963480772420593e-4,0.008231637045561704,0.01659554061122064
SSP585,Interactive,IFE,2,All,2042,-0.04047437046044777,-0.09772565616281038,-0.0872567261366709,-0.0764137932926627,-0.05985106086888631,-0.038395353714749225,-0.017799395142288704,-0.0010973329395732583,0.008996608564651296,0.018354375346980846
SSP585,Interactive,IFE,2,All,2043,-0.044596192420223835,-0.1066719546417191,-0.0958047435868605,-0.08381905060189312,-0.06563020944821521,-0.042337156324550596,-0.019524804532970147,-0.0014123415146392166,0.009909946389309806,0.020242029619068683
SSP585,Interactive,IFE,2,All,2044,-0.04893013176363137,-0.11620365385380195,-0.10421615735147743,-0.09142399310851797,-0.07189848460859624,-0.046646315642678016,-0.02167004669583114,-0.0018835585798629856,0.010647387775696883,0.021443109774464435
SSP585,Interactive,IFE,2,All,2045,-0.05347658194803806,-0.12610131495177754,-0.11291305294412218,-0.09928991124610223,-0.07831779308917478,-0.05109570584445339,-0.023809062521037677,-0.0022395107347614514,0.011675574935020382,0.02307874375049208
SSP585,Interactive,IFE,2,All,2046,-0.058208951522932484,-0.13637471124623365,-0.12197565733790383,-0.10735353499531998,-0.08472527559315982,-0.05564562880695101,-0.025964183679480113,-0.0027251356932658987,0.012529193313258413,0.02457335501027238
SSP585,Interactive,IFE,2,All,2047,-0.06314972210994729,-0.14721900114159173,-0.13138097785720465,-0.11583669528803252,-0.0911848618211005,-0.060539593383985346,-0.028241330450033325,-0.0032085038223892515,0.013709546584680177,0.026002212409893484
SSP585,Interactive,IFE,2,All,2048,-0.06829737272277425,-0.15838818655572667,-0.14138515289047862,-0.12463117778323456,-0.0978059459142962,-0.06548376171603848,-0.030610625682397613,-0.0037012602227523813,0.01497531642755438,0.027426834259048818
SSP585,Interactive,IFE,2,All,2049,-0.07365113229290676,-0.16987251799667738,-0.15159592584049433,-0.13368403294867695,-0.10494707471087975,-0.07056642188942935,-0.03315874787988898,-0.00417587045409241,0.016320599471883288,0.028845246318364957
SSP585,Interactive,IFE,2,All,2050,-0.07921000386192123,-0.1816567777610851,-0.16210270932171714,-0.14326197616544054,-0.11231296141758085,-0.0759632720493496,-0.03589921105542512,-0.004435322621695043,0.01732532428102482,0.0302535578381421
SSP585,Interactive,IFE,2,All,2051,-0.08469830197709083,-0.19307458551555393,-0.172196468897697,-0.15270804380581196,-0.11976730992753992,-0.08130436944677416,-0.03842843397411502,-0.005136906636313193,0.018389275029069736,0.03200856459815318
SSP585,Interactive,IFE,2,All,2052,-0.09059561218687806,-0.20526916492961594,-0.1826495243170307,-0.1626898774769084,-0.12781845154835514,-0.08692360545989353,-0.04132500806320047,-0.006113492680013893,0.019766108063866607,0.03393223819351572
SSP585,Interactive,IFE,2,All,2053,-0.09668618210669189,-0.21770015076499227,-0.1933018985818383,-0.17261823061080855,-0.1360494356018635,-0.0928476483672468,-0.04442426823797585,-0.006549980251306397,0.020563150038255682,0.03632433665547053
SSP585,Interactive,IFE,2,All,2054,-0.10296789059622524,-0.23035001276833839,-0.2041410622715605,-0.18275339137452487,-0.14445845352121228,-0.09857456499119199,-0.04792974385352369,-0.00718806198808989,0.02174922958277349,0.03882518611701722
SSP585,Interactive,IFE,2,All,2055,-0.10943840955452211,-0.24320092941728527,-0.2154408291474884,-0.19308463661570366,-0.15311330669650755,-0.10461290314284122,-0.05100629987600708,-0.007518124129793356,0.022590977534556203,0.041438768065449265
SSP585,Interactive,IFE,2,All,2056,-0.11550081925609668,-0.25496950383838624,-0.22651369239331925,-0.20288817892987135,-0.16117515151062614,-0.11045622802459304,-0.053911212130621694,-0.008005300607199367,0.02380976060425627,0.04391604538262326
SSP585,Interactive,IFE,2,All,2057,-0.1222417133701551,-0.267973934662605,-0.2384822901518349,-0.2135994690795357,-0.1700436245489548,-0.11718989451075851,-0.057433689037938634,-0.007473214356231111,0.024847368319267045,0.046738483688253334
SSP585,Interactive,IFE,2,All,2058,-0.12915471073803475,-0.2811114208454029,-0.25060480526647755,-0.22452793656257242,-0.17906081529077547,-0.12354832479559602,-0.06062192460414717,-0.008686224648897609,0.025666730111430378,0.04968326794553994
SSP585,Interactive,IFE,2,All,2059,-0.13623646614238138,-0.29436374489163886,-0.26244044787753157,-0.23531992473142235,-0.18838578945402035,-0.1299689277739337,-0.06403187333895416,-0.009182462881022395,0.02633525217238548,0.05266131198670775
SSP585,Interactive,IFE,2,All,2060,-0.1434834572321836,-0.307712737231158,-0.2743915744810401,-0.24629102201239317,-0.1978970760874654,-0.13672320772935265,-0.06775895726902109,-0.009460820965575083,0.027548475871383836,0.05496755382885807
SSP585,Interactive,IFE,2,All,2061,-0.14990582158167232,-0.31920313211741963,-0.2852769824608445,-0.25633881673318515,-0.20661438343768299,-0.14271073000451695,-0.07084117981578358,-0.009960359953966153,0.029327824450967446,0.05792156157146656
SSP585,Interactive,IFE,2,All,2062,-0.15734143692254954,-0.332459429585613,-0.297485902368034,-0.26777779366935367,-0.2160501670042535,-0.14965094057771333,-0.07449228889271148,-0.010380888008673698,0.03064868916728305,0.06070492532837748
SSP585,Interactive,IFE,2,All,2063,-0.16492172625898893,-0.345747668960018,-0.31008683383222196,-0.279037440174272,-0.22532692868471563,-0.15695274204865095,-0.07857386221380586,-0.011171689818345817,0.03130452213229458,0.06325641347731199
SSP585,Interactive,IFE,2,All,2064,-0.17264236501977837,-0.35905084830451384,-0.3227812506301995,-0.28992228536084863,-0.2345860704211552,-0.16397363355044237,-0.08215495980607113,-0.012113593700941156,0.03193918737147236,0.06637413395035605
SSP585,Interactive,IFE,2,All,2065,-0.18049889476062775,-0.37235230355753995,-0.33555574160313584,-0.30111679895222415,-0.2442224753456837,-0.1713825943232492,-0.08615857064666929,-0.013312980569774318,0.03252411048945325,0.06925941969269377
SSP585,Interactive,IFE,2,All,2066,-0.1871910794627748,-0.38326765396526286,-0.34675427792550695,-0.311433418097504,-0.25286811288977484,-0.17790473902243786,-0.08897003277785662,-0.013047223212975748,0.035714355888887224,0.07393885553300687
SSP585,Interactive,IFE,2,All,2067,-0.19518077951012025,-0.39675497571010165,-0.35951582831655887,-0.32292531057539314,-0.26250770747261143,-0.18565633751274124,-0.09277982436753338,-0.014187744535589221,0.03717768714885493,0.07645825327253412
SSP585,Interactive,IFE,2,All,2068,-0.20328537291181736,-0.4102695125499248,-0.3723127542762755,-0.3344141075373445,-0.2721006995527035,-0.19353244907902079,-0.09673029229708521,-0.0150532233959903,0.03869596509751839,0.07902455251894121
SSP585,Interactive,IFE,2,All,2069,-0.2114998907363166,-0.42376360932596374,-0.3851322886628418,-0.3462270994135451,-0.2820258370091861,-0.2012776184770938,-0.10041008997528159,-0.015296028743314087,0.0398719334531021,0.0816409819546608
SSP585,Interactive,IFE,2,All,2070,-0.2198192787443114,-0.4372176017721502,-0.3979196350553171,-0.3582152547769173,-0.2925020823998247,-0.2091277905101151,-0.10461085675653989,-0.01578824009246616,0.040766638063243925,0.08431103191397135
SSP585,Interactive,IFE,2,All,2071,-0.22662186654458305,-0.4485863048225177,-0.40892155166807675,-0.3675233247831743,-0.3011364356255648,-0.2156063113381821,-0.10763761936642716,-0.0152594464811017,0.044134142280504024,0.09032963148154029
SSP585,Interactive,IFE,2,All,2072,-0.23502192880565786,-0.46182637823836115,-0.42165668289590236,-0.37861775955065263,-0.311478014857555,-0.22302240515257393,-0.11185232262971168,-0.015562367180256796,0.04523841581711344,0.09344279722171038
SSP585,Interactive,IFE,2,All,2073,-0.24350656712394192,-0.4749915779038481,-0.43436947259105496,-0.38967019727145097,-0.3216823647492755,-0.2304326613666816,-0.1161495541246104,-0.016007597988986207,0.04634657974536072,0.09661659751383865
SSP585,Interactive,IFE,2,All,2074,-0.2520705007380113,-0.48807014881637323,-0.44675020569611196,-0.40068216055309647,-0.3320007252023615,-0.23824400958845615,-0.11992153957976673,-0.01657765184098872,0.04745979347640091,0.10150407008515995
SSP585,Interactive,IFE,2,All,2075,-0.2607084118866674,-0.5010507870302101,-0.4593403865761787,-0.41240157785269416,-0.34210119280459783,-0.24589139367252627,-0.12460048224654754,-0.017404530227923945,0.051366740136682604,0.10823125288814946
SSP585,Interactive,IFE,2,All,2076,-0.26746234498019483,-0.5116480558147191,-0.4697379053763441,-0.421767430909868,-0.35036916008858915,-0.25109218273954675,-0.12684497497635513,-0.01781868189598947,0.055209565785388603,0.11289335318531638
SSP585,Interactive,IFE,2,All,2077,-0.27613489455840035,-0.5240023373876862,-0.4822075869626188,-0.4332132193809191,-0.36056550229812717,-0.25923075706068427,-0.13087298538491487,-0.01900383021507233,0.056802728412667265,0.12015364163875783
SSP585,Interactive,IFE,2,All,2078,-0.284862570489409,-0.5359860475618201,-0.4946027160528075,-0.44501681255317005,-0.37053056354677727,-0.2674222085306063,-0.13479203422580366,-0.020317158814125023,0.05838825156394246,0.12781757469201976
SSP585,Interactive,IFE,2,All,2079,-0.2936400393509213,-0.5478096832483768,-0.5069138185626052,-0.4566690997687146,-0.380473877657542,-0.275558741478643,-0.13884240141224005,-0.02167460225847985,0.060713522019714215,0.13347656386448292
SSP585,Interactive,IFE,2,All,2080,-0.30246197306788913,-0.5594653111295904,-0.5191209033560279,-0.4682553635191482,-0.3903997183567337,-0.2833523676762352,-0.14320629272345142,-0.01945109688267914,0.06228565980293368,0.138427165097672
SSP585,Interactive,IFE,2,All,2081,-0.309018238284152,-0.5685862414470553,-0.5295112053606768,-0.47647192773969094,-0.39828554242302755,-0.2880295581390826,-0.14575070714547886,-0.01921984334741969,0.06791106649529566,0.14329820163490317
SSP585,Interactive,IFE,2,All,2082,-0.3178131556838394,-0.5798354538491295,-0.5414575574424398,-0.48659559876393604,-0.4076949869713257,-0.2952342405318757,-0.14983493790703623,-0.01658198964161437,0.07033664524293545,0.14949319360982116
SSP585,Interactive,IFE,2,All,2083,-0.32663474957008143,-0.5909109441157577,-0.5532851643564695,-0.4970847242879396,-0.41712228898361925,-0.3026443640775735,-0.15412486243151197,-0.015936633847543884,0.07286876872298668,0.1581714414871147
SSP585,Interactive,IFE,2,All,2084,-0.335477863500245,-0.6022941953896985,-0.5639438135274197,-0.5081244220916618,-0.4269285376484226,-0.30996574849592734,-0.1582834693578885,-0.015951486689945883,0.07551344871223023,0.16730524953537357
SSP585,Interactive,IFE,2,All,2085,-0.34433738180686424,-0.6134983899926642,-0.5746280515021917,-0.5190354231583998,-0.4371317714113101,-0.316773800774897,-0.16242489349430575,-0.015714026025033613,0.07851884640530443,0.17687443751916615
SSP585,Interactive,IFE,2,All,2086,-0.3506678225147656,-0.6216339629328763,-0.5830614532701258,-0.5266114278772723,-0.4445850934624829,-0.3226572642202458,-0.16545306137507473,-0.013714081808374419,0.08430908076495924,0.1844587437278805
SSP585,Interactive,IFE,2,All,2087,-0.3594566474672293,-0.6324178343893819,-0.5932667150368849,-0.5371744215228703,-0.4545766525180338,-0.32931576607473045,-0.16943975855022575,-0.014703366645870308,0.09079348043716182,0.19480922303495235
SSP585,Interactive,IFE,2,All,2088,-0.36824607344104665,-0.6430116211775088,-0.6032872416573096,-0.5477661999740066,-0.46393851015602394,-0.3364654369967979,-0.17196367950865657,-0.015758091412502992,0.09460530244166132,0.21283351589320906
SSP585,Interactive,IFE,2,All,2089,-0.377031289231069,-0.6534118460498028,-0.6134576759948909,-0.5575827028917457,-0.47253056045624064,-0.3435498594235882,-0.1750756607922072,-0.01420599382073819,0.0984225056600192,0.2241219518534359
SSP585,Interactive,IFE,2,All,2090,-0.385807550482389,-0.6640521814125631,-0.6242451467677874,-0.5678652724152693,-0.4816519169837775,-0.3507097165505904,-0.17951719446340111,-0.0120715761366104,0.10228675718637711,0.23450981709826527
SSP585,Interactive,IFE,2,All,2091,-0.39184463832098526,-0.672301102359379,-0.6341911951940579,-0.5751601780008491,-0.488640986768734,-0.355479660798786,-0.1823772569080752,-0.01017307231181611,0.11327436892105619,0.2423124102034042
SSP585,Interactive,IFE,2,All,2092,-0.4005202092071072,-0.6827046884585153,-0.6445600113583693,-0.5849125025875885,-0.49752282681490045,-0.36275946102869144,-0.1864016897189803,-0.009370875320474998,0.11780697122010364,0.25351024625811214
SSP585,Interactive,IFE,2,All,2093,-0.4091734077101029,-0.6929056158564049,-0.6542276789023223,-0.5948862151543084,-0.5068437271668693,-0.36978942712219265,-0.19091967809729063,-0.008474779200040571,0.1225395355043248,0.26507707428921984
SSP585,Interactive,IFE,2,All,2094,-0.4177998769513469,-0.7028917324880964,-0.6642327066840565,-0.6043209696661785,-0.5159641859766197,-0.37721592542382504,-0.1945787011670662,-0.007475962055685133,0.12748085081758967,0.27747660096957977
SSP585,Interactive,IFE,2,All,2095,-0.4263953435612702,-0.7126625378216213,-0.6723165593692109,-0.6141253234488515,-0.5243790073540799,-0.3843861212094528,-0.19781463321716727,-0.0037151320771210104,0.13292421409809785,0.28882176887892697
SSP585,Interactive,IFE,2,All,2096,-0.4320099679187779,-0.7198749673968544,-0.6781539118864722,-0.6210331332011375,-0.5292194010851107,-0.38709376409790236,-0.19968630844975102,0.0058572564299518345,0.1415581041206332,0.2984641302239148
SSP585,Interactive,IFE,2,All,2097,-0.4404543893807623,-0.7284965711057474,-0.6871262447837719,-0.6300067678866474,-0.5383985789970452,-0.39528800696164146,-0.2042724699129731,0.009423163967210452,0.14640990323198516,0.3113333898302984
SSP585,Interactive,IFE,2,All,2098,-0.4488562589513706,-0.736549271264528,-0.6962427657769439,-0.6388654179093445,-0.5470671822800509,-0.4023385315143133,-0.20914657070037165,0.010246590589178674,0.15139615647867877,0.3282917551996856
SSP585,Interactive,IFE,2,All,2099,-0.45721175822429116,-0.7443947345777392,-0.7040895556410076,-0.6475371008445163,-0.5553895496130917,-0.4085283619901766,-0.2134247787290222,0.010864625749522,0.16233546471137547,0.34190570072845045
SSP585,Interactive,IFE,2,All,2100,-0.46551716018770606,-0.7520345591322938,-0.712768087082275,-0.6559946232880874,-0.5639636488011113,-0.41597416501715495,-0.21729432301574914,0.016420250346324397,0.1727155557633907,0.35819300380562435
SSP585,Interactive,IFE,2,Dir,2021,-1.2154113542517386e-4,-3.233928243009248e-4,-3.017441588143654e-4,-2.633989866100639e-4,-1.8926650699555014e-4,-1.1685917236203824e-4,-3.9927367498859834e-5,2.3829613895287606e-5,5.884265727674749e-5,9.499735143019271e-5
SSP585,Interactive,IFE,2,Dir,2022,-2.171207519020557e-4,-8.799565095131301e-4,-7.620536204665351e-4,-6.408831680922656e-4,-4.3669099171689263e-4,-1.8085692340824577e-4,2.0572237504901114e-5,2.1429061337423512e-4,3.27080073016861e-4,4.592808917747715e-4
SSP585,Interactive,IFE,2,Dir,2023,-2.6955894695190885e-4,-0.001667157798662125,-0.0014426883016386228,-0.00115890416358414,-7.399883379067551e-4,-2.1219663932231514e-4,2.5198411516397234e-4,6.048425985756057e-4,8.901627276934661e-4,0.001138953258202746
SSP585,Interactive,IFE,2,Dir,2024,-2.885479336942609e-4,-0.0027378573004745027,-0.0023780710756141576,-0.0018561938229287088,-0.0010830514169524463,-2.1147241057623e-4,6.130285405889779e-4,0.0013045799702070537,0.001795661318369334,0.0021501316808627377
SSP585,Interactive,IFE,2,Dir,2025,-2.835197353069363e-4,-0.004163274485977051,-0.003537162313855485,-0.002807744259378908,-0.001521651786175332,-1.6115503411229248e-4,0.0011200687342704518,0.002234464348507271,0.003018108045211464,0.0035983090523835515
SSP585,Interactive,IFE,2,Dir,2026,-3.170603764847124e-4,-0.0059590410079053,-0.004980702351254856,-0.0039646094941686695,-0.0021081073180485854,-1.7377222049980157e-4,0.0017413075606250161,0.003385310895533045,0.00452746449467194,0.005341580368748813
SSP585,Interactive,IFE,2,Dir,2027,-3.1403196885948503e-4,-0.008103213195047788,-0.006695594302173524,-0.0052770414951803235,-0.0027726664020656933,-5.9945753760781706e-5,0.002498154696037369,0.004843019277102956,0.006379929772952896,0.007545220697164203
SSP585,Interactive,IFE,2,Dir,2028,-3.2025229791321497e-4,-0.010541801275880365,-0.008745412641571249,-0.006701017048598755,-0.003518485104303304,-1.6115498422786256e-5,0.0033357596887937935,0.006466825487335638,0.008510329279763203,0.010058865429791706
SSP585,Interactive,IFE,2,Dir,2029,-3.450417411533513e-4,-0.013399958922869576,-0.011033851194051435,-0.008403160791455089,-0.0044687796353529985,4.5933980600154634e-5,0.004243757596759934,0.008355005411108741,0.010893583635662578,0.012931438390676894
SSP585,Interactive,IFE,2,Dir,2030,-3.974427625089705e-4,-0.016607605256795163,-0.013618394747971108,-0.010315658707145701,-0.00557654325559695,8.306911087307967e-5,0.005362303267082369,0.01049116536484125,0.013542656077035845,0.016126968470889142
SSP585,Interactive,IFE,2,Dir,2031,-5.771151932528751e-4,-0.020299326461038346,-0.01660188729248264,-0.012583874659056925,-0.006905364355113158,-6.63323989681941e-5,0.006445987001040598,0.01261840445855189,0.016345070161836155,0.01963793980899712
SSP585,Interactive,IFE,2,Dir,2032,-7.295171164564129e-4,-0.024289868372703447,-0.019834342569167458,-0.015154257804999495,-0.008245861633570328,-1.1343234745403441e-4,0.007723796360071811,0.01500928546342247,0.019492989098426786,0.023469408600291255
SSP585,Interactive,IFE,2,Dir,2033,-9.379238986099159e-4,-0.028660512905147255,-0.023550349766495313,-0.017971973670255825,-0.009786809315575823,-2.917322248515708e-4,0.00903238119087496,0.017738860266026835,0.023061071341518156,0.027726082938659167
SSP585,Interactive,IFE,2,Dir,2034,-0.0012105602274667948,-0.03317989227622247,-0.027426492252410097,-0.02101699086324881,-0.011506897919060427,-5.484388084187053e-4,0.010554247388592564,0.02085510547296419,0.026940957059936575,0.032168381298038555
SSP585,Interactive,IFE,2,Dir,2035,-0.0015553462478602453,-0.03825507588131126,-0.03176828389114978,-0.024325286667259683,-0.013331029786911364,-8.215531096983364e-4,0.012050105325350169,0.024005231727546966,0.031112663652927374,0.03696446997710999
SSP585,Interactive,IFE,2,Dir,2036,-0.002091995777497968,-0.04389403186720956,-0.03649626392655339,-0.028113073425657907,-0.015506163468720052,-0.0013080894123395637,0.013517858556323203,0.027227367732431226,0.035291193895371456,0.04217855601468293
SSP585,Interactive,IFE,2,Dir,2037,-0.0026067645553892183,-0.049784836697241694,-0.04104684932672469,-0.03181266154971126,-0.01780529553912516,-0.0017678207044837246,0.015127671574548363,0.030899415773031617,0.0399767459893759,0.047799854411472574
SSP585,Interactive,IFE,2,Dir,2038,-0.003213950376507513,-0.056062169337767954,-0.04626637067788979,-0.035927984252370815,-0.020390993979612193,-0.002406098609268492,0.01691326923547154,0.034433543804806684,0.04492519229727053,0.053732116664904926
SSP585,Interactive,IFE,2,Dir,2039,-0.00391998697889262,-0.06272415444120692,-0.05165994197475712,-0.04045086595801948,-0.02308172283728141,-0.003019304026316172,0.018426089147144886,0.038662727020318186,0.04986141273188927,0.05993461799819899
SSP585,Interactive,IFE,2,Dir,2040,-0.004730952546457723,-0.06984124993593796,-0.05735744535491491,-0.04519506634212338,-0.026017142156670087,-0.0036345605267265046,0.02021109293011797,0.04271224338392142,0.055174396675226584,0.0664397188632153
SSP585,Interactive,IFE,2,Dir,2041,-0.0056592597281683865,-0.07723076032711429,-0.06367884919827528,-0.05022202164695494,-0.029226178884279114,-0.0044846198067591825,0.02226723720479451,0.046911706049912155,0.06065136082508436,0.0730306206054012
SSP585,Interactive,IFE,2,Dir,2042,-0.006657974176158099,-0.08500486557449172,-0.07009130275947707,-0.055565131612724354,-0.03239041588328295,-0.005230111621880085,0.024279324473407138,0.05131745912005077,0.06664993626935312,0.08005628509443155
SSP585,Interactive,IFE,2,Dir,2043,-0.0077696289318428535,-0.09313842046342508,-0.07675889134315268,-0.061178334734012185,-0.03569278116510946,-0.005923872031369182,0.026154874165701947,0.05588687898598428,0.07291200940931238,0.08739547280149637
SSP585,Interactive,IFE,2,Dir,2044,-0.008998196358934063,-0.10162400527661401,-0.08370914531306266,-0.06695205899823047,-0.0392925472829761,-0.006731096484952903,0.02797139661806536,0.06054943666301043,0.0794460889663878,0.09505095507131128
SSP585,Interactive,IFE,2,Dir,2045,-0.010347248701424339,-0.11045326894726899,-0.09095168226866956,-0.07310388424964703,-0.04308170294102259,-0.007746326944842619,0.029818943104636564,0.06537088800728719,0.08625319337730243,0.10303241921867096
SSP585,Interactive,IFE,2,Dir,2046,-0.011505101608007995,-0.11930571872818975,-0.09829015583010219,-0.0792599719698121,-0.046593226847871066,-0.008642402653724013,0.03224529190893005,0.07113954238122905,0.09344174487290276,0.11260405349732255
SSP585,Interactive,IFE,2,Dir,2047,-0.013007886196529705,-0.12880530175017138,-0.10606641638042294,-0.08557819580162682,-0.05085837863146872,-0.009892922608639554,0.03449695365383809,0.07673874581632949,0.10088857653991816,0.1214145363737953
SSP585,Interactive,IFE,2,Dir,2048,-0.014626714031532706,-0.138741986102245,-0.11411416308873495,-0.09205995974877101,-0.05529878048942233,-0.011229794611172295,0.03700990324572778,0.08241421272381262,0.10867499138522677,0.13058093498897813
SSP585,Interactive,IFE,2,Dir,2049,-0.01636282154390667,-0.14897823538424815,-0.12250339073830253,-0.09899284333853524,-0.05993531886125181,-0.012669760513398298,0.039578619887254696,0.08826885758538602,0.11677146848801052,0.14012102051185124
SSP585,Interactive,IFE,2,Dir,2050,-0.01821702452214391,-0.15949934762628906,-0.1311243243102877,-0.10626792303298942,-0.06460808116895841,-0.014263850591063665,0.04193885868116409,0.094059358206568,0.12518584565038246,0.15020220389191252
SSP585,Interactive,IFE,2,Dir,2051,-0.019233369724206417,-0.16956811618295742,-0.13919231541818916,-0.11277455804282578,-0.06846854547139875,-0.014284604059240147,0.045222600892422304,0.10089199639697759,0.13544196362868005,0.1616239769997987
SSP585,Interactive,IFE,2,Dir,2052,-0.021119484135755928,-0.1803134000307199,-0.14787405502357018,-0.12022802452209262,-0.07361592483414231,-0.015685340628329547,0.047853354448920415,0.10709103788216917,0.1459104879515959,0.1724972730354055
SSP585,Interactive,IFE,2,Dir,2053,-0.023101793805789694,-0.190989062635619,-0.15650218471778005,-0.12791158341829034,-0.0785115430248508,-0.01651127425593263,0.05041840941688425,0.11351269470850923,0.15701096142686624,0.1838558855741999
SSP585,Interactive,IFE,2,Dir,2054,-0.025178432850397336,-0.20182183772032336,-0.1652039278540962,-0.13569470676259418,-0.08367681362931009,-0.01795378852240792,0.053506220083806566,0.12174234233634365,0.16748317706844623,0.1964089410388819
SSP585,Interactive,IFE,2,Dir,2055,-0.027347115466066607,-0.21279268890636835,-0.1746241804151825,-0.14367601356857942,-0.0890006002790053,-0.019460202790741565,0.056900299557304745,0.12901414292435895,0.17756415355442953,0.20892251717122348
SSP585,Interactive,IFE,2,Dir,2056,-0.02778454199927849,-0.22157863437606806,-0.18239979572113388,-0.1506889705036895,-0.09248243799387096,-0.01919227530026274,0.061705518148199134,0.1389092579704349,0.1900681857668932,0.22375125232022863
SSP585,Interactive,IFE,2,Dir,2057,-0.029818504801255252,-0.23278533059609025,-0.1919732512688514,-0.15896448143382053,-0.0975856503438112,-0.02055038572438128,0.0650306801334204,0.14726280592111263,0.201519783837064,0.2376046220896824
SSP585,Interactive,IFE,2,Dir,2058,-0.03190695396905763,-0.244177039064912,-0.20165921255701721,-0.16738356430257278,-0.1027726987506537,-0.021860343274192395,0.06857676856917583,0.15592122011749845,0.21334576667538308,0.2519914305496163
SSP585,Interactive,IFE,2,Dir,2059,-0.0340447752972356,-0.2556878951256223,-0.2114427256569247,-0.17593600426840858,-0.10817094481899259,-0.023268134435801058,0.07247520520913048,0.16485363185036023,0.2256245022305374,0.26695089547707745
SSP585,Interactive,IFE,2,Dir,2060,-0.03622644091286864,-0.2672882833421015,-0.2215858269116295,-0.18461135920699134,-0.11419527289219628,-0.02509203302061308,0.0761556621707638,0.17517101857597617,0.23846561809307645,0.28530504797099787
SSP585,Interactive,IFE,2,Dir,2061,-0.03548245186684107,-0.27763796142693575,-0.22953726979314804,-0.19060589037762954,-0.11653551477177579,-0.023837010681033555,0.08255005132273735,0.1902750789869663,0.2564272588731055,0.30867843200821793
SSP585,Interactive,IFE,2,Dir,2062,-0.03731225648386194,-0.28988347835389683,-0.24005555314619895,-0.19913645659030185,-0.12269520723159227,-0.023739619185357996,0.08750246603659684,0.2011798330769862,0.2717114501718102,0.3258888699403836
SSP585,Interactive,IFE,2,Dir,2063,-0.03913437691730581,-0.3022265664022027,-0.25063784184545496,-0.2075947040070409,-0.12861306704255226,-0.02544251152731064,0.09366723574381602,0.2136773747659798,0.2877435565244294,0.3437050341771112
SSP585,Interactive,IFE,2,Dir,2064,-0.040940532528977225,-0.31449378962793717,-0.26113195487555224,-0.21607766466988174,-0.13397932187740672,-0.026724060332750044,0.09903879368097773,0.226053743088956,0.3069872125694082,0.36672363037856603
SSP585,Interactive,IFE,2,Dir,2065,-0.042722033586276575,-0.3267919445694327,-0.2717251201945756,-0.22478126438433918,-0.13935560963709362,-0.025109283501668633,0.10484915840915682,0.23924006528809819,0.32348677257313846,0.39319961286503613
SSP585,Interactive,IFE,2,Dir,2066,-0.040479936844284525,-0.3362332754085822,-0.2801097734797743,-0.2297636550681933,-0.1401172994947216,-0.020188600130060186,0.11569084988281891,0.2597168219027499,0.3499772169355985,0.425826692970854
SSP585,Interactive,IFE,2,Dir,2067,-0.04174657163748574,-0.3455836547341845,-0.29086598562508853,-0.23813933595060152,-0.14502180469080056,-0.019791187568580504,0.12289966391538681,0.2752607405948837,0.37309682401561234,0.44871039400421076
SSP585,Interactive,IFE,2,Dir,2068,-0.04293195763091329,-0.35470903393649467,-0.30179422758936697,-0.24699652772678116,-0.15027117835354278,-0.019521817145978615,0.13120796323908457,0.29022610144917566,0.3976722285978184,0.4738426869600282
SSP585,Interactive,IFE,2,Dir,2069,-0.04402496033494652,-0.36359321173966347,-0.3120813651598151,-0.2562513756442169,-0.15387262998282666,-0.01845564114988274,0.13804833781274622,0.3066278324813426,0.42147577004511766,0.5010520730262711
SSP585,Interactive,IFE,2,Dir,2070,-0.04501401720528064,-0.373952403871861,-0.321379467270016,-0.2648819343456401,-0.15788741840959414,-0.017449412975253098,0.14621356399908159,0.32313026086608787,0.44397839774027403,0.5296877272115335
SSP585,Interactive,IFE,2,Dir,2071,-0.04074816907935097,-0.3806911636353181,-0.32812838871162836,-0.2710639374790841,-0.1585508926031455,-0.012436919396546453,0.15972931048434053,0.34426345307089135,0.47665751175841864,0.5671180939379582
SSP585,Interactive,IFE,2,Dir,2072,-0.04106052446739783,-0.39226622180452214,-0.33837907201682277,-0.2769979007995357,-0.16370870527594347,-0.010418233043420377,0.17108195191662778,0.3669534785863919,0.5033580080637142,0.59974498892836825
SSP585,Interactive,IFE,2,Dir,2073,-0.04120958469252989,-0.40380127769212015,-0.3469272566845825,-0.2846662332416889,-0.16740941571700166,-0.008754390743077378,0.18211933213812959,0.3870139727201517,0.5318197855679329,0.6341702409939239
SSP585,Interactive,IFE,2,Dir,2074,-0.041181538219602576,-0.4152842938967893,-0.35530796459929276,-0.29321404179008403,-0.1715535552101173,-0.00402819091841361,0.19592616794196105,0.4080794202313905,0.5661806312174275,0.683381684881688
SSP585,Interactive,IFE,2,Dir,2075,-0.040962079388310424,-0.42670557637697615,-0.3635101758738221,-0.30245529793856074,-0.17557891059247846,-0.0018827084034221397,0.20902850111888133,0.4356737428345602,0.6029113742829589,0.7379344268566252
SSP585,Interactive,IFE,2,Dir,2076,-0.034078558992494123,-0.43430391420563585,-0.37066959574172537,-0.3078376279220623,-0.17195529207877383,0.0068545248345938115,0.23083555545025541,0.471121939007075,0.6489395517682947,0.8033821678673662
SSP585,Interactive,IFE,2,Dir,2077,-0.03300677957587628,-0.4453991822062362,-0.38123560795462613,-0.31448817594976963,-0.1759608459786834,0.010100997072548745,0.2463644800185159,0.4984282593455641,0.6937070180246084,0.8530522341060464
SSP585,Interactive,IFE,2,Dir,2078,-0.031680295009201664,-0.456361380802987,-0.39169126942622073,-0.32129958883011095,-0.1808458165108035,0.013841009817875172,0.2598718400066711,0.5272299232728546,0.7347538588299062,0.9155817615054789
SSP585,Interactive,IFE,2,Dir,2079,-0.030082289572361032,-0.46684906653912006,-0.4009664927140881,-0.3287128876307429,-0.18499016078257613,0.017991305620398523,0.2754572970589682,0.55740066109368,0.7759707778650203,0.9619285989690505
SSP585,Interactive,IFE,2,Dir,2080,-0.028195300170441806,-0.47813419090238607,-0.41098243660957307,-0.335744130814652,-0.18772074788041893,0.0209487910417121,0.2947125761454415,0.5891047803751983,0.8249862957676253,1.0252669805288914
SSP585,Interactive,IFE,2,Dir,2081,-0.018106689168474577,-0.48485322181470586,-0.41850519644451356,-0.33919669746036807,-0.18379482475365744,0.03428778813594302,0.3249441902964773,0.6430459244442573,0.896180084037355,1.10268274725423
SSP585,Interactive,IFE,2,Dir,2082,-0.015141139829118022,-0.49524427338242283,-0.4261692775727381,-0.3469222556481126,-0.1858669357735998,0.04368800827347619,0.3437507946632347,0.6811749790877878,0.9452128894925312,1.1855003813622067
SSP585,Interactive,IFE,2,Dir,2083,-0.011813348503936005,-0.5054648581783118,-0.4316004109171205,-0.35597297566577596,-0.1876217980075882,0.054836119962361374,0.36530448238056973,0.724930977866539,1.0106227991558527,1.252562751075174
SSP585,Interactive,IFE,2,Dir,2084,-0.008102373070300595,-0.5137338105356122,-0.4397476471903947,-0.36410874812617444,-0.18881112060633323,0.06280464419179743,0.3890851567022129,0.759639479957434,1.0668195938166842,1.3368937558562808
SSP585,Interactive,IFE,2,Dir,2085,-0.003986342910265117,-0.5208508537411647,-0.44823203192472155,-0.3723833834277964,-0.1907603543783861,0.0700535261119235,0.4107888868641178,0.8126799736902144,1.1274336738994462,1.4319429757501003
SSP585,Interactive,IFE,2,Dir,2086,0.00971152277317855,-0.52226935286694,-0.452424988698804,-0.37731047957972963,-0.19005257365874942,0.0885392492593925,0.45621214722303266,0.88007781702382,1.2168118528526006,1.5457002904009922
SSP585,Interactive,IFE,2,Dir,2087,0.015150309462355738,-0.5287271890734077,-0.46079638060989936,-0.38394024134307864,-0.19261859176555246,0.0963807237933515,0.48706379680370726,0.9314498058856644,1.2928376147259732,1.6580792653323262
SSP585,Interactive,IFE,2,Dir,2088,0.021080604659991176,-0.5374832672111496,-0.46990618550631724,-0.3920086478691259,-0.192920088239553,0.10575649437691093,0.5170233319461828,1.0007727492070597,1.3852597557758053,1.7638451713403636
SSP585,Interactive,IFE,2,Dir,2089,0.027529182083680936,-0.5474918548101458,-0.4775400209134516,-0.40097713908864274,-0.1890177895068159,0.11849874978287456,0.5541863328214411,1.0672001096373132,1.494559710733054,1.9251662564216965
SSP585,Interactive,IFE,2,Dir,2090,0.03452418119650669,-0.5579213634949929,-0.4859807747008607,-0.4085834363436529,-0.18955916750484142,0.13057930345005686,0.588578689829813,1.1443232463495958,1.5926502260833295,2.0984287539712305
SSP585,Interactive,IFE,2,Dir,2091,0.052457536167831664,-0.5620252489779833,-0.48768272655916217,-0.410803254941315,-0.18276236121462852,0.15259014216744882,0.6415531964564654,1.2343849528276274,1.714546886964853,2.254983664415744
SSP585,Interactive,IFE,2,Dir,2092,0.06105607083680109,-0.5708840880224285,-0.49384461135416696,-0.4186526813347235,-0.18000389622865706,0.1648990224293897,0.6825120075192379,1.3172523704360026,1.8626827153468646,2.427192297540375
SSP585,Interactive,IFE,2,Dir,2093,0.07030600829780531,-0.5803198878288377,-0.5018877116685421,-0.4240278841557009,-0.1788281359021857,0.17904134003572447,0.7286794935707932,1.4311651305809148,2.019279876407319,2.6146750352410386
SSP585,Interactive,IFE,2,Dir,2094,0.0802423855879193,-0.5892929314165227,-0.5104607198833132,-0.4270587123485232,-0.18108775539150818,0.1935346567609203,0.7785254244260289,1.5340800033659043,2.1681205898530447,2.819182389247016
SSP585,Interactive,IFE,2,Dir,2095,0.0909022364321117,-0.5981159861819488,-0.5194564567249038,-0.4308763680678193,-0.18200329303716442,0.20756399249960134,0.8388080753959708,1.6552645849456014,2.291197072559167,3.0425509866633047
SSP585,Interactive,IFE,2,Dir,2096,0.11413235676128353,-0.6026425673215459,-0.5225938877566975,-0.4298496310692067,-0.17695613928282175,0.22869638918271784,0.9179814341236638,1.8020399592913647,2.4810109987829456,3.3203341848798864
SSP585,Interactive,IFE,2,Dir,2097,0.1268727806692458,-0.6110990000952369,-0.5306891628548014,-0.4352234433489163,-0.1771219395653637,0.24334429844848227,0.9764895647389104,1.904296384103356,2.721361614489777,3.5901198968083836
SSP585,Interactive,IFE,2,Dir,2098,0.14047648408997992,-0.6202612097002376,-0.538226834704106,-0.4395024225143358,-0.17637948183434538,0.2629090697909965,1.024137846763125,2.061076926394835,2.928160409117541,3.94629708834483
SSP585,Interactive,IFE,2,Dir,2099,0.15499071772876527,-0.629988306242332,-0.5442047171660196,-0.44383914289085036,-0.17438389199384088,0.2834073122628584,1.0956787134072,2.182692903763245,3.1457727922164804,4.262391659262942
SSP585,Interactive,IFE,2,Dir,2100,0.17046567020754622,-0.6395548887099007,-0.55021091635731,-0.44797914147487167,-0.17188337056996225,0.3092011716535923,1.1640203793634867,2.35747376566915,3.4053583734465156,4.574692559679708
SSP585,Interactive,IFE,2,IE,2021,2.58635207474045e-5,-1.2415004609610814e-4,-9.308077491484988e-5,-7.046372214291053e-5,-2.591827081815934e-5,2.6237587332278434e-5,7.649766719589057e-5,1.1831412406478893e-4,1.4354250746627658e-4,1.62311656684791e-4
SSP585,Interactive,IFE,2,IE,2022,1.1707445683795115e-5,-4.2287114080975796e-4,-3.599950490059567e-4,-2.9233774186013803e-4,-1.454408155615039e-4,1.740342021960828e-5,1.725226687005199e-4,2.9289755853758594e-4,3.800250378623192e-4,4.388600023915501e-4
SSP585,Interactive,IFE,2,IE,2023,-1.9488310115955976e-4,-0.0011428059211478602,-0.0010006888287795556,-8.517081944566573e-4,-5.206748678180106e-4,-1.85502320940778e-4,1.461067611019662e-4,4.4037857704013475e-4,6.186319034334198e-4,7.186856119664338e-4
SSP585,Interactive,IFE,2,IE,2024,-5.891074217768688e-4,-0.0022602936164545172,-0.0020481674238112813,-0.0017558698082450585,-0.0011821235600935898,-5.831137713566137e-4,2.16566531122675e-5,5.273380042830735e-4,8.356055121669034e-4,0.0010840858112245793
SSP585,Interactive,IFE,2,IE,2025,-0.0011663693455253865,-0.003784009554452894,-0.003501129622090643,-0.0030052646103954305,-0.002101746206784466,-0.001144341181015529,-1.8630690365487035e-4,5.991398523874647e-4,0.0010874059869150229,0.0014802696323972318
SSP585,Interactive,IFE,2,IE,2026,-0.0019150299396295534,-0.005781718189465456,-0.0053076716384259206,-0.004553553247622588,-0.003291547802509426,-0.0019000008729436746,-5.186564723336506e-4,6.129382635160609e-4,0.0013881816565664172,0.002001902749557323
SSP585,Interactive,IFE,2,IE,2027,-0.0028371867770319303,-0.008179222956051963,-0.0073959497029924435,-0.006441559311133127,-0.004735640421858006,-0.0028144749272922542,-9.164266374108998e-4,6.403294160945884e-4,0.001712987556154027,0.0027364276249780654
SSP585,Interactive,IFE,2,IE,2028,-0.003925002975962766,-0.011000918845376054,-0.009894797971892176,-0.008708630191000256,-0.006426983794185465,-0.003930995474268728,-0.001391595278464025,5.825452478803078e-4,0.0020736615831119442,0.003375520100859419
SSP585,Interactive,IFE,2,IE,2029,-0.005173553303930989,-0.014218517929218504,-0.012760566144086877,-0.01130332080317622,-0.008379524023003765,-0.0052342860990306495,-0.001935414243633471,5.430580558544307e-4,0.0024115252440243913,0.004050972765820087
SSP585,Interactive,IFE,2,IE,2030,-0.0065780554717227435,-0.017833167271712837,-0.015968961420923654,-0.014132905643558812,-0.010555234774376476,-0.006598654908130552,-0.002560464620266656,5.481871018907986e-4,0.0028118567384465935,0.004797111160312633
SSP585,Interactive,IFE,2,IE,2031,-0.008131685272392497,-0.02184969761959776,-0.0195341668842165,-0.01733214760161994,-0.01293713344797276,-0.008203802391153259,-0.0032727483269113233,5.480742496112524e-4,0.0032898154090785954,0.005726011657403227
SSP585,Interactive,IFE,2,IE,2032,-0.009828018655169468,-0.02631307047334329,-0.023447824722020588,-0.020762880658465065,-0.015548715048767647,-0.0098754798499337,-0.00399858283036994,4.386682180082878e-4,0.003812225017025658,0.006919922552858161
SSP585,Interactive,IFE,2,IE,2033,-0.011663225021659507,-0.03122578349129973,-0.02775444727922921,-0.02448494224013822,-0.0184294613416085,-0.011720356564890955,-0.004802286806386918,4.308870833421132e-4,0.004344055706696024,0.008138629848098223
SSP585,Interactive,IFE,2,IE,2034,-0.013632440613019603,-0.03641943811069346,-0.03233224739318239,-0.028641039035864225,-0.021479282765839852,-0.013697673522546305,-0.005715436306241661,4.566669892111413e-4,0.0048386380556919555,0.009464022204598514
SSP585,Interactive,IFE,2,IE,2035,-0.01573091974535934,-0.04205179662188112,-0.03735405660928809,-0.032973818831607056,-0.024761083014105262,-0.015843196427206108,-0.006663889242457033,5.01086687410069e-4,0.005503578909289018,0.010886313352527634
SSP585,Interactive,IFE,2,IE,2036,-0.017967075495512908,-0.04796244538175526,-0.042695571647170465,-0.03772481828511909,-0.02820006130718805,-0.01811321715080616,-0.007661583545584549,6.664419619852647e-4,0.006206740562156758,0.012116713717983825
SSP585,Interactive,IFE,2,IE,2037,-0.020314840821583524,-0.054374476144044864,-0.04840834163021892,-0.04277378992644873,-0.031928124794624924,-0.020507733609408052,-0.008770488700997225,7.468400406795988e-4,0.006988019681964724,0.01314990454656982
SSP585,Interactive,IFE,2,IE,2038,-0.022777567028375523,-0.06118138196473006,-0.054481416632367066,-0.04811139406119462,-0.03577446470257675,-0.023053457924658016,-0.009904770915918765,9.03105707162588e-4,0.007876771619918016,0.014415599995145585
SSP585,Interactive,IFE,2,IE,2039,-0.02535086104456441,-0.0683749567121759,-0.060923405402645243,-0.05382650407667057,-0.03988630441824864,-0.025728823819295032,-0.010939729266899373,0.0010422411109740415,0.008674126559700285,0.01626594436862992
SSP585,Interactive,IFE,2,IE,2040,-0.028030466792320352,-0.07595233273093173,-0.06773013937224731,-0.05971889992666196,-0.04431231541559355,-0.028364944570597295,-0.012142119222074976,0.0011216095579281095,0.009364932253937312,0.01777178206352527
SSP585,Interactive,IFE,2,IE,2041,-0.03090478121893725,-0.08394696218441736,-0.0750243100230699,-0.06577808955357335,-0.04890815139522536,-0.031469736737298026,-0.013518449046734826,0.0010689643799059643,0.009973763660615781,0.01933235382712397
SSP585,Interactive,IFE,2,IE,2042,-0.033816396284289674,-0.09244196437688983,-0.08256027056832006,-0.07266001690585175,-0.053626194024022134,-0.03448584450755521,-0.014842570081501305,0.001286918748309641,0.010870538960020182,0.02096465279280392
SSP585,Interactive,IFE,2,IE,2043,-0.03682656348838098,-0.10123736204294215,-0.09050067329830165,-0.07946007617412315,-0.0586487565333251,-0.037550134658845324,-0.01635750669992353,0.0015785485273308146,0.012010418878910594,0.022329130492990262
SSP585,Interactive,IFE,2,IE,2044,-0.039931935404697305,-0.11061811774297448,-0.09859615199671759,-0.08611091024629336,-0.06399460322210093,-0.040705065721029776,-0.01770439153101075,0.001886314982355422,0.013088884410008689,0.023908166911634585
SSP585,Interactive,IFE,2,IE,2045,-0.04312933324661372,-0.12020466767953426,-0.10699018161630156,-0.09307991537587376,-0.06919347216642835,-0.04395219884089874,-0.019357734412919103,0.001950984995422576,0.014471127698256873,0.02564818290909961
SSP585,Interactive,IFE,2,IE,2046,-0.04670384991492449,-0.1303842240463679,-0.11633168022948155,-0.10065126714590708,-0.07508373818245526,-0.04764222099393667,-0.021261740247007943,0.001654568680639153,0.015096354352109665,0.02788166008044126
SSP585,Interactive,IFE,2,IE,2047,-0.05014183591341759,-0.1407538493115596,-0.12566832586190355,-0.10859034896771488,-0.08101142194270247,-0.05116832796402471,-0.022714058669483728,0.0017249963603740176,0.016265553219511807,0.030227466685409876
SSP585,Interactive,IFE,2,IE,2048,-0.053670658691241546,-0.1517463220897114,-0.13537108188469946,-0.11693276566541518,-0.08722574583364806,-0.05497177034233097,-0.024133412104726165,0.0018051590402111996,0.017474044667665677,0.03210315807086175
SSP585,Interactive,IFE,2,IE,2049,-0.05728831074900009,-0.16307255037116405,-0.14544366952386031,-0.12569177422191546,-0.09355741144535237,-0.0587951014321631,-0.025785545204250054,0.0019144405380947956,0.018746377020041206,0.03402237690266354
SSP585,Interactive,IFE,2,IE,2050,-0.06099297933977732,-0.17484070537859464,-0.15589148185939378,-0.1346221818135171,-0.10017458002163693,-0.06302274933097057,-0.02714671745137945,0.0023574194659972034,0.020718166386118946,0.03598287301561832
SSP585,Interactive,IFE,2,IE,2051,-0.06546493225288441,-0.1880097014400633,-0.16776857590178232,-0.1447327177480904,-0.10725835806352299,-0.06766943748196091,-0.029224412430752328,0.00245693171983104,0.0217643572128424,0.03741168834940681
SSP585,Interactive,IFE,2,IE,2052,-0.06947612805112213,-0.20081581698839945,-0.1795883334569218,-0.15402354967032195,-0.11423927020560959,-0.07210450836930082,-0.031210564578633415,0.0025429358360750777,0.023997654969274296,0.03935435775748818
SSP585,Interactive,IFE,2,IE,2053,-0.07358438830090219,-0.21409270167836963,-0.19196241051898805,-0.16421685798628574,-0.12153247729222666,-0.07649293999367168,-0.032804544476219444,0.0027504370595813434,0.025140934657991915,0.041315527167887514
SSP585,Interactive,IFE,2,IE,2054,-0.0777894577458279,-0.2278513883207052,-0.20342551424394353,-0.17478311822620982,-0.12926741106138134,-0.08078343479264044,-0.034508441284067104,0.0030711113346303985,0.02622365105869546,0.04370966110734744
SSP585,Interactive,IFE,2,IE,2055,-0.0820912940884555,-0.24245698284322104,-0.2159613764756721,-0.18542253500530764,-0.13702225938097645,-0.08536086897046968,-0.03619001454771906,0.003397432551227509,0.02741795643266509,0.04628193859946637
SSP585,Interactive,IFE,2,IE,2056,-0.08771627725681819,-0.26035998390124904,-0.2315304899129565,-0.1984756366593181,-0.14635612381691898,-0.09092861734624647,-0.03902490918033827,0.003260388215851631,0.028225793899503096,0.048139804897215525
SSP585,Interactive,IFE,2,IE,2057,-0.09242320856889985,-0.2763534795525909,-0.247620499553204,-0.21052527544305874,-0.1547101246533966,-0.09630636919475682,-0.041240324585498866,0.003369743132083219,0.029636191051928162,0.051033921942484836
SSP585,Interactive,IFE,2,IE,2058,-0.09724775676897712,-0.2937383979861854,-0.26290475684919135,-0.2232792937088145,-0.16324449684169656,-0.10189848207493124,-0.04369707038439724,0.0034585687232102447,0.03128184600377144,0.05346011546196959
SSP585,Interactive,IFE,2,IE,2059,-0.10219169084514579,-0.31311268488652544,-0.2782997226900931,-0.23706089694730376,-0.17241617697637565,-0.10777153024892844,-0.046588522544180166,0.0034007129602338457,0.032325846198878114,0.0555426338358778
SSP585,Interactive,IFE,2,IE,2060,-0.10725701631931495,-0.3344119185844204,-0.29413512531865454,-0.25137149239152934,-0.18307476386660668,-0.11304317013185405,-0.048870667823291886,0.0035153495862870563,0.0334178339993964,0.058303121714083715
SSP585,Interactive,IFE,2,IE,2061,-0.11442336971483125,-0.3583711296710671,-0.31345760115540533,-0.2675823758810981,-0.19477775079406298,-0.12110655182891489,-0.053163364278522196,0.002884100647733459,0.03417129429839513,0.060271569874733484
SSP585,Interactive,IFE,2,IE,2062,-0.1200291804386876,-0.38061715387745865,-0.33301552157208536,-0.28195008792336934,-0.2043695254503775,-0.12698037544039364,-0.05565532272857637,0.0031885836165951344,0.03584429500518749,0.0631402978780853
SSP585,Interactive,IFE,2,IE,2063,-0.12578734934168312,-0.4039569308524415,-0.35351161158752054,-0.297686564319895,-0.21488038066566625,-0.1322253532889407,-0.05793726461765711,0.0033677194418640193,0.038301779393697485,0.06520534214213117
SSP585,Interactive,IFE,2,IE,2064,-0.13170183249080114,-0.4274219828587715,-0.37313923977024704,-0.31341045746277296,-0.22519529565948238,-0.1386801703145319,-0.06050350156533388,0.0034134344415197027,0.039330742409390544,0.06723988753689976
SSP585,Interactive,IFE,2,IE,2065,-0.13777686117435117,-0.4511412521231033,-0.39604833486232366,-0.3294453029251072,-0.23754255791313028,-0.14575877974512452,-0.06421435099361045,0.003456135535792799,0.040884087188353936,0.06906277441696228
SSP585,Interactive,IFE,2,IE,2066,-0.14671114261849028,-0.4819924084401272,-0.4212817229446575,-0.35202010961689967,-0.2522516412651884,-0.15468050189749644,-0.06968790614471151,0.0025711961873514707,0.03983988464999529,0.0681020733659839
SSP585,Interactive,IFE,2,IE,2067,-0.1534342078726345,-0.5115465164594377,-0.4466049696464404,-0.36931325327619774,-0.26399997130825437,-0.16193943471441063,-0.07293795106889048,0.0027450276539507886,0.04048714395715727,0.06925097319351367
SSP585,Interactive,IFE,2,IE,2068,-0.16035341528090408,-0.5459021681718492,-0.4731881900386854,-0.38984691659693194,-0.27637568983788086,-0.168702969016709,-0.0761599245707972,0.002397189847909737,0.041409519181447724,0.07023559477494123
SSP585,Interactive,IFE,2,IE,2069,-0.16747493040137007,-0.5781951795058877,-0.4954717021553615,-0.41264830665274005,-0.2908425179829428,-0.17592108567593223,-0.0792424263378595,0.0017015436691249935,0.042278657557853976,0.07104281169732293
SSP585,Interactive,IFE,2,IE,2070,-0.17480526153903075,-0.611260088846763,-0.5258643759519432,-0.4357529879537615,-0.30397168954445747,-0.1840663931742071,-0.08247809497974831,0.0011827251165528996,0.043090431161118777,0.07253875827805914
SSP585,Interactive,IFE,2,IE,2071,-0.18587369746523208,-0.6550381656902519,-0.5670242227277491,-0.46144100001937843,-0.3260791941299536,-0.19545066938139266,-0.08793060415345014,-0.001936629795840894,0.04287704330528185,0.07385848230332819
SSP585,Interactive,IFE,2,IE,2072,-0.19396140433826004,-0.6938022386305206,-0.6016483819381286,-0.48752473433700666,-0.3424976994660912,-0.20400039823181848,-0.09178120702167655,-0.0033173097574641904,0.043464192433228216,0.07587271489572463
SSP585,Interactive,IFE,2,IE,2073,-0.20229698243141203,-0.7347774996060056,-0.6339312617713985,-0.5154453076874181,-0.35858969485594183,-0.21264079732375102,-0.09459412315811377,-0.00492195435129623,0.043847192565564776,0.07787815653312741
SSP585,Interactive,IFE,2,IE,2074,-0.21088896251840872,-0.7781224520242653,-0.6711430461045835,-0.544638149352656,-0.37549323984865635,-0.2214050731175478,-0.09722902135381348,-0.005715376331057902,0.04383747381935018,0.0798733266659417
SSP585,Interactive,IFE,2,IE,2075,-0.21974633249835696,-0.8310733315905999,-0.7114303817230636,-0.5743432286787754,-0.3920392093764604,-0.2305786192336569,-0.10070025594031881,-0.006751889333224104,0.04371813067163556,0.0818567980624052
SSP585,Interactive,IFE,2,IE,2076,-0.2333837859877007,-0.8882870842587044,-0.7650937070416253,-0.6139801975033381,-0.4185889899551374,-0.2445809143376047,-0.10971584392907166,-0.012521638816656057,0.043762430251511386,0.08320326019511136
SSP585,Interactive,IFE,2,IE,2077,-0.24312811498252407,-0.9346805221041325,-0.8089749554207791,-0.6451159196464336,-0.437700909237119,-0.25414912146010377,-0.11411359530220472,-0.014977027615920124,0.04407906168020786,0.08516891649849198
SSP585,Interactive,IFE,2,IE,2078,-0.25318227548020733,-0.9910130543247871,-0.8589441392886901,-0.6737387271838767,-0.4605333845798567,-0.26295233025664777,-0.1187153031201579,-0.015143317485091852,0.04394975628509286,0.0868452054444545
SSP585,Interactive,IFE,2,IE,2079,-0.2635577497785603,-1.0493016970264044,-0.9063024044756814,-0.7107225760872791,-0.4821239705339614,-0.27533660119439524,-0.12296376387483332,-0.016797625363373477,0.04410105366111973,0.08906753147130715
SSP585,Interactive,IFE,2,IE,2080,-0.27426667289744733,-1.1150094969223703,-0.9582760655537312,-0.7506462555233622,-0.5037163215212203,-0.2871052283882979,-0.1265824290766916,-0.019569749368131654,0.0439683288569307,0.09100072093176656
SSP585,Interactive,IFE,2,IE,2081,-0.2909115491156774,-1.2002940293966509,-1.0249956263304558,-0.7971087302068183,-0.5362963220086698,-0.30453427336199607,-0.1343208136624926,-0.024062572419459378,0.04222722246582295,0.09241594373831373
SSP585,Interactive,IFE,2,IE,2082,-0.30267201585472137,-1.2719155246902571,-1.0820289130853908,-0.8369927122809572,-0.5611188009442136,-0.31702865386225304,-0.1388738791661651,-0.025777161523777053,0.041817636855192415,0.09436112531631341
SSP585,Interactive,IFE,2,IE,2083,-0.3148214010661454,-1.3435670278930743,-1.140746512490251,-0.8857697030916211,-0.5876159042413366,-0.3309988884630963,-0.144038200023712,-0.027089771367622334,0.04137352642807072,0.09548861394222707
SSP585,Interactive,IFE,2,IE,2084,-0.3273754904299444,-1.4456840761650067,-1.203648568353707,-0.9237678609254165,-0.6162767191936052,-0.34447172397373843,-0.14737311215284715,-0.02868784003755432,0.04163228644001728,0.09639818624184054
SSP585,Interactive,IFE,2,IE,2085,-0.3403510388965991,-1.5415694801996844,-1.2726199135947613,-0.9772903064124049,-0.6468713950142206,-0.35942942288788016,-0.15178891620314286,-0.030336672501804163,0.041948575842144294,0.09735577031821574
SSP585,Interactive,IFE,2,IE,2086,-0.36037934528794413,-1.6636278975251249,-1.3697734487490578,-1.055618707906905,-0.686863812139038,-0.37770645743814446,-0.16254692735875015,-0.035556626811203806,0.04158978972689846,0.09685953517744496
SSP585,Interactive,IFE,2,IE,2087,-0.374606956929585,-1.7749628028467739,-1.4569343235968788,-1.1164897934824722,-0.7253595718282658,-0.39100804034889997,-0.16678396528276135,-0.03651539143701022,0.041851490751838735,0.09802540145072497
SSP585,Interactive,IFE,2,IE,2088,-0.3893266781010378,-1.8950736148286955,-1.5500098810688199,-1.1905479410490685,-0.7646592509090697,-0.4045832502209919,-0.17155426766407217,-0.03811464225494947,0.04245094073871143,0.10214946870007745
SSP585,Interactive,IFE,2,IE,2089,-0.4045604713147499,-2.0374720550862926,-1.6505901646151164,-1.2651264796821078,-0.8036419858610822,-0.42556173168293004,-0.17624881175038193,-0.039560946595247316,0.04211322524914232,0.10295144277337974
SSP585,Interactive,IFE,2,IE,2090,-0.4203317316788957,-2.185677163016659,-1.756881067429454,-1.331451122969242,-0.8493806178295705,-0.44021041543889844,-0.18308153126074694,-0.040521438820350315,0.04220251314651877,0.10369994604723146
SSP585,Interactive,IFE,2,IE,2091,-0.4443021744888169,-2.3603444190683027,-1.8949970254473891,-1.4304523717991302,-0.9091714427786893,-0.46960101113216984,-0.19564744085192778,-0.045722342425237934,0.041566859952860996,0.10614108662142374
SSP585,Interactive,IFE,2,IE,2092,-0.46157628004390827,-2.5198908572165184,-2.0206174515052413,-1.503071892969283,-0.9517476955659425,-0.4896636270411132,-0.20225746371808945,-0.04862585342826967,0.041005141963385845,0.10685249751789404
SSP585,Interactive,IFE,2,IE,2093,-0.4794794160079082,-2.6920381831083597,-2.1559926160339766,-1.5975555829717287,-1.0032008039240163,-0.5120391110225345,-0.20883814702425849,-0.05251560883242873,0.04194258911743278,0.10751069662210189
SSP585,Interactive,IFE,2,IE,2094,-0.4980422625392662,-2.8888047382799793,-2.302044492758665,-1.7038870037440494,-1.0528004704628846,-0.5349213297484532,-0.21568592541037196,-0.054159597236666,0.04203060164283364,0.10811573332653218
SSP585,Interactive,IFE,2,IE,2095,-0.5172975799933819,-3.1034991870764777,-2.4597954985101853,-1.8127543337874876,-1.1063630112331424,-0.5518450533990088,-0.22271013948870794,-0.055790918390935994,0.04203836986107688,0.10866771373439696
SSP585,Interactive,IFE,2,IE,2096,-0.5461423246800614,-3.3703876019824577,-2.6596468465964342,-1.9435269252530776,-1.177946576342502,-0.5730095950813899,-0.23559401328485532,-0.05865840428826384,0.041658405488752215,0.11114989389697996
SSP585,Interactive,IFE,2,IE,2097,-0.5673271700500081,-3.62877587279365,-2.8391397695062364,-2.0860013763420713,-1.2405752523218516,-0.5943764838669088,-0.24259013723316322,-0.060323634170890726,0.04088882321835956,0.11167403251678809
SSP585,Interactive,IFE,2,IE,2098,-0.5893327430413505,-3.9113333057675357,-3.015852819490704,-2.2307476510410442,-1.3056893341314497,-0.6148246311771839,-0.24920922995433867,-0.062069084995471646,0.03962822313402022,0.11211145115908595
SSP585,Interactive,IFE,2,IE,2099,-0.6122024759530564,-4.220758703258186,-3.2381754222635166,-2.372131171780687,-1.3750430561637117,-0.6395242024519057,-0.2575163440414677,-0.06362658217575479,0.03858336749962079,0.11246539893303631
SSP585,Interactive,IFE,2,IE,2100,-0.6359828303952523,-4.560090058361497,-3.5043526567346865,-2.5480605849714992,-1.4496207509754655,-0.6624369237291418,-0.26570223795176207,-0.06541723481737263,0.039504646763052646,0.11276543597450496
