ssp,spec,estimator,L,ISO_C3,delta_2100
SSP585,Direct,AFE,0,AFG,-0.07771951651300713
SSP585,Direct,AFE,0,AGO,-0.8676682410980392
SSP585,Direct,AFE,0,ALB,-0.528000229201526
SSP585,Direct,AFE,0,ARE,-0.9707733379016095
SSP585,Direct,AFE,0,ARG,-0.6092319246033959
SSP585,Direct,AFE,0,AUS,-0.6173225910522706
SSP585,Direct,AFE,0,AUT,0.5563216336989547
SSP585,Direct,AFE,0,AZE,-0.39448401857378246
SSP585,Direct,AFE,0,BEL,0.051635135153620615
SSP585,Direct,AFE,0,BEN,-0.9291039718050316
SSP585,Direct,AFE,0,BFA,-0.9606448776683547
SSP585,Direct,AFE,0,BGD,-0.909847919113709
SSP585,Direct,AFE,0,BGR,-0.35253376324634444
SSP585,Direct,AFE,0,BHS,-0.7364398236645167
SSP585,Direct,AFE,0,BIH,-0.19974600825360134
SSP585,Direct,AFE,0,BLR,1.098754563374491
SSP585,Direct,AFE,0,BLZ,-0.9250473618335008
SSP585,Direct,AFE,0,BOL,-0.6592310702403908
SSP585,Direct,AFE,0,BRA,-0.8501983657292744
SSP585,Direct,AFE,0,BRN,-0.9242027519385693
SSP585,Direct,AFE,0,BWA,-0.9127594161645842
SSP585,Direct,AFE,0,CAF,-0.8958851286604442
SSP585,Direct,AFE,0,CAN,1.6410269561553021
SSP585,Direct,AFE,0,CHE,0.9147996975030839
SSP585,Direct,AFE,0,CHL,-0.26560464669108796
SSP585,Direct,AFE,0,CHN,-0.3114317821239444
SSP585,Direct,AFE,0,CIV,-0.9062840758793427
SSP585,Direct,AFE,0,CMR,-0.8831170195241211
SSP585,Direct,AFE,0,COD,-0.8797650215498143
SSP585,Direct,AFE,0,COG,-0.8825536138955145
SSP585,Direct,AFE,0,COL,-0.8584912167015623
SSP585,Direct,AFE,0,CPV,-0.6128348391097421
SSP585,Direct,AFE,0,CRI,-0.9017587104607463
SSP585,Direct,AFE,0,CUB,-0.8974590227181956
SSP585,Direct,AFE,0,CYP,-0.7506834067922069
SSP585,Direct,AFE,0,CZE,0.45671900244242747
SSP585,Direct,AFE,0,DEU,0.30111605980179945
SSP585,Direct,AFE,0,DNK,0.4868294626791989
SSP585,Direct,AFE,0,DOM,-0.8939763406944132
SSP585,Direct,AFE,0,DZA,-0.7986147357859456
SSP585,Direct,AFE,0,ECU,-0.8307571752926832
SSP585,Direct,AFE,0,EGY,-0.900901612259129
SSP585,Direct,AFE,0,ESP,-0.5290281533951784
SSP585,Direct,AFE,0,EST,1.857941430537506
SSP585,Direct,AFE,0,ETH,-0.7761919287710108
SSP585,Direct,AFE,0,FIN,3.643380645222492
SSP585,Direct,AFE,0,FJI,-0.7853515697136122
SSP585,Direct,AFE,0,FRA,-0.17735812873180057
SSP585,Direct,AFE,0,GAB,-0.8583198302067896
SSP585,Direct,AFE,0,GBR,0.23999069629696512
SSP585,Direct,AFE,0,GEO,0.4359589704865925
SSP585,Direct,AFE,0,GHA,-0.9162947094610545
SSP585,Direct,AFE,0,GIN,-0.9216717466807844
SSP585,Direct,AFE,0,GNB,-0.9490958906525735
SSP585,Direct,AFE,0,GNQ,-0.9086932266300276
SSP585,Direct,AFE,0,GRC,-0.6902764713853621
SSP585,Direct,AFE,0,GTM,-0.8902162386904533
SSP585,Direct,AFE,0,GUY,-0.9179083334216356
SSP585,Direct,AFE,0,HND,-0.915963258918647
SSP585,Direct,AFE,0,HRV,-0.2768198558938144
SSP585,Direct,AFE,0,HTI,-0.9135071935915449
SSP585,Direct,AFE,0,HUN,-0.1505521466338291
SSP585,Direct,AFE,0,IDN,-0.8657179314396565
SSP585,Direct,AFE,0,IND,-0.9031231284688077
SSP585,Direct,AFE,0,IRL,0.29794962626528676
SSP585,Direct,AFE,0,IRN,-0.6950791724026069
SSP585,Direct,AFE,0,IRQ,-0.941346558142505
SSP585,Direct,AFE,0,ISL,3.6387558723793143
SSP585,Direct,AFE,0,ISR,-0.8309101549477589
SSP585,Direct,AFE,0,ITA,-0.41500348942423804
SSP585,Direct,AFE,0,JAM,-0.9567886150202499
SSP585,Direct,AFE,0,JPN,-0.38432157955017077
SSP585,Direct,AFE,0,KAZ,0.840372776763531
SSP585,Direct,AFE,0,KEN,-0.764960450769437
SSP585,Direct,AFE,0,KGZ,3.7197985825406263
SSP585,Direct,AFE,0,KHM,-0.8991579956051696
SSP585,Direct,AFE,0,KOR,-0.09486863919100863
SSP585,Direct,AFE,0,LAO,-0.839860610258875
SSP585,Direct,AFE,0,LBN,-0.8374833433011846
SSP585,Direct,AFE,0,LBR,-0.8699898160909776
SSP585,Direct,AFE,0,LBY,-0.8546241221463038
SSP585,Direct,AFE,0,LKA,-0.8632783763344759
SSP585,Direct,AFE,0,LTU,1.1261701321536415
SSP585,Direct,AFE,0,LVA,1.3697330886286507
SSP585,Direct,AFE,0,MAR,-0.8253357426033351
SSP585,Direct,AFE,0,MDA,-0.19837828072525066
SSP585,Direct,AFE,0,MDG,-0.7858440098874011
SSP585,Direct,AFE,0,MEX,-0.7888953010588886
SSP585,Direct,AFE,0,MLI,-0.9718775684160269
SSP585,Direct,AFE,0,MMR,-0.8727868869429343
SSP585,Direct,AFE,0,MNG,11.214220931687521
SSP585,Direct,AFE,0,MOZ,-0.8973868208970169
SSP585,Direct,AFE,0,MRT,-0.9655266467106919
SSP585,Direct,AFE,0,MUS,-0.6871266301890604
SSP585,Direct,AFE,0,MWI,-0.8773244518175813
SSP585,Direct,AFE,0,MYS,-0.8623903786449263
SSP585,Direct,AFE,0,NAM,-0.9179422334733673
SSP585,Direct,AFE,0,NER,-0.9612309900894684
SSP585,Direct,AFE,0,NGA,-0.9197784528540425
SSP585,Direct,AFE,0,NIC,-0.9290463684162792
SSP585,Direct,AFE,0,NLD,0.10576188853461499
SSP585,Direct,AFE,0,NOR,2.876017061167152
SSP585,Direct,AFE,0,NPL,-0.4556385560701266
SSP585,Direct,AFE,0,NZL,-0.2805612920464422
SSP585,Direct,AFE,0,OMN,-0.960939320018963
SSP585,Direct,AFE,0,PAK,-0.9099931436161126
SSP585,Direct,AFE,0,PAN,-0.880504657872467
SSP585,Direct,AFE,0,PER,-0.7017796988874995
SSP585,Direct,AFE,0,PHL,-0.8545046717268352
SSP585,Direct,AFE,0,PNG,-0.8160717314820689
SSP585,Direct,AFE,0,POL,0.4479269175518561
SSP585,Direct,AFE,0,PRI,-0.9430713631608726
SSP585,Direct,AFE,0,PRT,-0.5820112822752823
SSP585,Direct,AFE,0,PRY,-0.8896215410927264
SSP585,Direct,AFE,0,QAT,-0.8875629137291738
SSP585,Direct,AFE,0,ROU,-0.037414947406273935
SSP585,Direct,AFE,0,RUS,3.1624697933057853
SSP585,Direct,AFE,0,SAU,-0.9645083732043555
SSP585,Direct,AFE,0,SDN,-0.9637949520011848
SSP585,Direct,AFE,0,SEN,-0.9245721543787289
SSP585,Direct,AFE,0,SLB,-0.8529521203565016
SSP585,Direct,AFE,0,SLE,-0.8863586677504085
SSP585,Direct,AFE,0,SLV,-0.9479514924311567
SSP585,Direct,AFE,0,SRB,-0.2663359064205998
SSP585,Direct,AFE,0,SUR,-0.9390376901749384
SSP585,Direct,AFE,0,SVK,0.30954229208762873
SSP585,Direct,AFE,0,SWE,1.4117299380146502
SSP585,Direct,AFE,0,TCD,-0.948520967587885
SSP585,Direct,AFE,0,TGO,-0.9237247011332964
SSP585,Direct,AFE,0,THA,-0.8982202417515911
SSP585,Direct,AFE,0,TJK,0.7274065159088472
SSP585,Direct,AFE,0,TKM,-0.7808888059498684
SSP585,Direct,AFE,0,TTO,-0.9378433211438246
SSP585,Direct,AFE,0,TUN,-0.8133247539891372
SSP585,Direct,AFE,0,TUR,-0.4518706766516746
SSP585,Direct,AFE,0,TZA,-0.8259961202409767
SSP585,Direct,AFE,0,UGA,-0.8260653255230804
SSP585,Direct,AFE,0,UKR,0.12361005613724951
SSP585,Direct,AFE,0,URY,-0.5630970529900559
SSP585,Direct,AFE,0,USA,-0.3986779941982862
SSP585,Direct,AFE,0,UZB,-0.4482141949397942
SSP585,Direct,AFE,0,VCT,-0.9370654475056085
SSP585,Direct,AFE,0,VNM,-0.8626273812641294
SSP585,Direct,AFE,0,VUT,-0.7848414547819906
SSP585,Direct,AFE,0,WSM,-0.89659714253375
SSP585,Direct,AFE,0,YEM,-0.9122135962231628
SSP585,Direct,AFE,0,ZAF,-0.7187888194973217
SSP585,Direct,AFE,0,ZMB,-0.878683815138032
SSP585,Direct,AFE,0,ZWE,-0.864715012207409
SSP585,Direct,IFE,0,AFG,-0.18855673482125357
SSP585,Direct,IFE,0,AGO,-0.7948750206439017
SSP585,Direct,IFE,0,ALB,-0.49560255256449426
SSP585,Direct,IFE,0,ARE,-0.9324541905107728
SSP585,Direct,IFE,0,ARG,-0.5399808511299045
SSP585,Direct,IFE,0,AUS,-0.5500287476696291
SSP585,Direct,IFE,0,AUT,0.21700743539587353
SSP585,Direct,IFE,0,AZE,-0.39863125142364686
SSP585,Direct,IFE,0,BEL,-0.07156787066502246
SSP585,Direct,IFE,0,BEN,-0.8692101961174747
SSP585,Direct,IFE,0,BFA,-0.9158104521892018
SSP585,Direct,IFE,0,BGD,-0.8459114159629568
SSP585,Direct,IFE,0,BGR,-0.36791137175749544
SSP585,Direct,IFE,0,BHS,-0.6417718498694072
SSP585,Direct,IFE,0,BIH,-0.2579704065383175
SSP585,Direct,IFE,0,BLR,0.504439793341932
SSP585,Direct,IFE,0,BLZ,-0.8636766567256836
SSP585,Direct,IFE,0,BOL,-0.599267516994749
SSP585,Direct,IFE,0,BRA,-0.7743670588176842
SSP585,Direct,IFE,0,BRN,-0.8637212292150136
SSP585,Direct,IFE,0,BWA,-0.8527468492287799
SSP585,Direct,IFE,0,CAF,-0.8268097266859289
SSP585,Direct,IFE,0,CAN,0.75851829527554
SSP585,Direct,IFE,0,CHE,0.4236877827811638
SSP585,Direct,IFE,0,CHL,-0.2750586978541585
SSP585,Direct,IFE,0,CHN,-0.3334492659915036
SSP585,Direct,IFE,0,CIV,-0.8391912321679386
SSP585,Direct,IFE,0,CMR,-0.811537775251633
SSP585,Direct,IFE,0,COD,-0.8080738158644658
SSP585,Direct,IFE,0,COG,-0.8105764631283784
SSP585,Direct,IFE,0,COL,-0.7830663506124718
SSP585,Direct,IFE,0,CPV,-0.5237107249949013
SSP585,Direct,IFE,0,CRI,-0.8322611182163877
SSP585,Direct,IFE,0,CUB,-0.8266546611050375
SSP585,Direct,IFE,0,CYP,-0.6658558933049512
SSP585,Direct,IFE,0,CZE,0.16311573923197709
SSP585,Direct,IFE,0,DEU,0.07837961158796047
SSP585,Direct,IFE,0,DNK,0.1987792470365164
SSP585,Direct,IFE,0,DOM,-0.8219101898750972
SSP585,Direct,IFE,0,DZA,-0.7278474856646933
SSP585,Direct,IFE,0,ECU,-0.752897230493949
SSP585,Direct,IFE,0,EGY,-0.8366037486179618
SSP585,Direct,IFE,0,ESP,-0.4913917358016867
SSP585,Direct,IFE,0,EST,0.8955768007322802
SSP585,Direct,IFE,0,ETH,-0.6984455891945544
SSP585,Direct,IFE,0,FIN,1.6868336711887792
SSP585,Direct,IFE,0,FJI,-0.6971496452525094
SSP585,Direct,IFE,0,FRA,-0.22911250475744915
SSP585,Direct,IFE,0,GAB,-0.7809566810520387
SSP585,Direct,IFE,0,GBR,0.056320209276965905
SSP585,Direct,IFE,0,GEO,0.13140921782334036
SSP585,Direct,IFE,0,GHA,-0.8518136436403336
SSP585,Direct,IFE,0,GIN,-0.8594940225704509
SSP585,Direct,IFE,0,GNB,-0.8974081840213419
SSP585,Direct,IFE,0,GNQ,-0.8435324532105182
SSP585,Direct,IFE,0,GRC,-0.6276332811374552
SSP585,Direct,IFE,0,GTM,-0.8202841065158486
SSP585,Direct,IFE,0,GUY,-0.8532829183002049
SSP585,Direct,IFE,0,HND,-0.8518700836930166
SSP585,Direct,IFE,0,HRV,-0.3103027574492556
SSP585,Direct,IFE,0,HTI,-0.8470164556619505
SSP585,Direct,IFE,0,HUN,-0.22313072986680327
SSP585,Direct,IFE,0,IDN,-0.7879669933936232
SSP585,Direct,IFE,0,IND,-0.8376730113135259
SSP585,Direct,IFE,0,IRL,0.0974211565825398
SSP585,Direct,IFE,0,IRN,-0.635974646888031
SSP585,Direct,IFE,0,IRQ,-0.8907642729549938
SSP585,Direct,IFE,0,ISL,1.7448495048487116
SSP585,Direct,IFE,0,ISR,-0.7572609960539872
SSP585,Direct,IFE,0,ITA,-0.40599920130531786
SSP585,Direct,IFE,0,JAM,-0.9101990468981158
SSP585,Direct,IFE,0,JPN,-0.3766716068745949
SSP585,Direct,IFE,0,KAZ,0.3353036820720743
SSP585,Direct,IFE,0,KEN,-0.6848419560218411
SSP585,Direct,IFE,0,KGZ,1.6915220579209218
SSP585,Direct,IFE,0,KHM,-0.8300849550638504
SSP585,Direct,IFE,0,KOR,-0.1844057077492719
SSP585,Direct,IFE,0,LAO,-0.7641927559124254
SSP585,Direct,IFE,0,LBN,-0.7679572516657137
SSP585,Direct,IFE,0,LBR,-0.7946944668213318
SSP585,Direct,IFE,0,LBY,-0.7835682677152773
SSP585,Direct,IFE,0,LKA,-0.7857828120338373
SSP585,Direct,IFE,0,LTU,0.5282480264915532
SSP585,Direct,IFE,0,LVA,0.6541700079513522
SSP585,Direct,IFE,0,MAR,-0.7530020537127562
SSP585,Direct,IFE,0,MDA,-0.26805597942845993
SSP585,Direct,IFE,0,MDG,-0.7042727240730837
SSP585,Direct,IFE,0,MEX,-0.7131601367531082
SSP585,Direct,IFE,0,MLI,-0.9344599313776131
SSP585,Direct,IFE,0,MMR,-0.8009070102273279
SSP585,Direct,IFE,0,MNG,4.407456217913911
SSP585,Direct,IFE,0,MOZ,-0.829477292268414
SSP585,Direct,IFE,0,MRT,-0.9234497012506788
SSP585,Direct,IFE,0,MUS,-0.5975194727417639
SSP585,Direct,IFE,0,MWI,-0.8070167313456027
SSP585,Direct,IFE,0,MYS,-0.7846318163264454
SSP585,Direct,IFE,0,NAM,-0.8582827278430726
SSP585,Direct,IFE,0,NER,-0.9169489539788664
SSP585,Direct,IFE,0,NGA,-0.857027229410869
SSP585,Direct,IFE,0,NIC,-0.8687366710428349
SSP585,Direct,IFE,0,NLD,-0.0341194797519383
SSP585,Direct,IFE,0,NOR,1.4005680141104815
SSP585,Direct,IFE,0,NPL,-0.43733393751617333
SSP585,Direct,IFE,0,NZL,-0.2778353867757918
SSP585,Direct,IFE,0,OMN,-0.9160331155302968
SSP585,Direct,IFE,0,PAK,-0.8482844150383366
SSP585,Direct,IFE,0,PAN,-0.805544779580272
SSP585,Direct,IFE,0,PER,-0.6338174922883633
SSP585,Direct,IFE,0,PHL,-0.7750816767505883
SSP585,Direct,IFE,0,PNG,-0.7332339491760684
SSP585,Direct,IFE,0,POL,0.15667889730371587
SSP585,Direct,IFE,0,PRI,-0.8895609029745861
SSP585,Direct,IFE,0,PRT,-0.5290975739656687
SSP585,Direct,IFE,0,PRY,-0.820309382257528
SSP585,Direct,IFE,0,QAT,-0.8134875776696543
SSP585,Direct,IFE,0,ROU,-0.1529617330016234
SSP585,Direct,IFE,0,RUS,1.440434960493
SSP585,Direct,IFE,0,SAU,-0.9229586242894758
SSP585,Direct,IFE,0,SDN,-0.9204701588825731
SSP585,Direct,IFE,0,SEN,-0.862267485034655
SSP585,Direct,IFE,0,SLB,-0.7714633056118358
SSP585,Direct,IFE,0,SLE,-0.8140197066632425
SSP585,Direct,IFE,0,SLV,-0.8975925038128499
SSP585,Direct,IFE,0,SRB,-0.3048590324373599
SSP585,Direct,IFE,0,SUR,-0.8827156654708256
SSP585,Direct,IFE,0,SVK,0.0705870074561119
SSP585,Direct,IFE,0,SWE,0.6904634631204061
SSP585,Direct,IFE,0,TCD,-0.897023532215359
SSP585,Direct,IFE,0,TGO,-0.8618516190775674
SSP585,Direct,IFE,0,THA,-0.8298241953990635
SSP585,Direct,IFE,0,TJK,0.28594309612396374
SSP585,Direct,IFE,0,TKM,-0.7147670256072018
SSP585,Direct,IFE,0,TTO,-0.8812296429730434
SSP585,Direct,IFE,0,TUN,-0.7408021742242992
SSP585,Direct,IFE,0,TUR,-0.43945495674155255
SSP585,Direct,IFE,0,TZA,-0.7474698153097108
SSP585,Direct,IFE,0,UGA,-0.7476489212514941
SSP585,Direct,IFE,0,UKR,-0.05335308903297842
SSP585,Direct,IFE,0,URY,-0.49689745824227916
SSP585,Direct,IFE,0,USA,-0.392849983800279
SSP585,Direct,IFE,0,UZB,-0.4408485546165912
SSP585,Direct,IFE,0,VCT,-0.880816440288477
SSP585,Direct,IFE,0,VNM,-0.7876160651016103
SSP585,Direct,IFE,0,VUT,-0.6965657532001088
SSP585,Direct,IFE,0,WSM,-0.8257164654939635
SSP585,Direct,IFE,0,YEM,-0.8481215169323926
SSP585,Direct,IFE,0,ZAF,-0.6481779843005044
SSP585,Direct,IFE,0,ZMB,-0.8096013198603468
SSP585,Direct,IFE,0,ZWE,-0.7939753117982449
SSP585,Direct,AFE,1,AFG,-0.003245475181752999
SSP585,Direct,AFE,1,AGO,-0.711267663755749
SSP585,Direct,AFE,1,ALB,-0.3450242818902636
SSP585,Direct,AFE,1,ARE,-0.8850897605989837
SSP585,Direct,AFE,1,ARG,-0.43190908625656144
SSP585,Direct,AFE,1,AUS,-0.4333691304362356
SSP585,Direct,AFE,1,AUT,0.3821636656934444
SSP585,Direct,AFE,1,AZE,-0.23678123650552174
SSP585,Direct,AFE,1,BEL,0.06230179109205447
SSP585,Direct,AFE,1,BEN,-0.803092523654207
SSP585,Direct,AFE,1,BFA,-0.8633312456734545
SSP585,Direct,AFE,1,BGD,-0.778302557824879
SSP585,Direct,AFE,1,BGR,-0.20168245857091083
SSP585,Direct,AFE,1,BHS,-0.5495248017415371
SSP585,Direct,AFE,1,BIH,-0.08724429012847557
SSP585,Direct,AFE,1,BLR,0.6648167589980691
SSP585,Direct,AFE,1,BLZ,-0.7939216074455313
SSP585,Direct,AFE,1,BOL,-0.4655757889113581
SSP585,Direct,AFE,1,BRA,-0.6838005507537952
SSP585,Direct,AFE,1,BRN,-0.8039420231367385
SSP585,Direct,AFE,1,BWA,-0.7722317301596621
SSP585,Direct,AFE,1,CAF,-0.7537218954147337
SSP585,Direct,AFE,1,CAN,0.9147805333050063
SSP585,Direct,AFE,1,CHE,0.5726934658447362
SSP585,Direct,AFE,1,CHL,-0.1405836863458102
SSP585,Direct,AFE,1,CHN,-0.19146087104450082
SSP585,Direct,AFE,1,CIV,-0.7642967085430112
SSP585,Direct,AFE,1,CMR,-0.7312838825418968
SSP585,Direct,AFE,1,COD,-0.728209386444526
SSP585,Direct,AFE,1,COG,-0.7293467576517927
SSP585,Direct,AFE,1,COL,-0.6834733440791507
SSP585,Direct,AFE,1,CPV,-0.44095693386445023
SSP585,Direct,AFE,1,CRI,-0.7454010475666042
SSP585,Direct,AFE,1,CUB,-0.7509393644107564
SSP585,Direct,AFE,1,CYP,-0.5704325053007537
SSP585,Direct,AFE,1,CZE,0.3194569150728186
SSP585,Direct,AFE,1,DEU,0.22493863686364812
SSP585,Direct,AFE,1,DNK,0.3212159411965365
SSP585,Direct,AFE,1,DOM,-0.7450112916010879
SSP585,Direct,AFE,1,DZA,-0.617547146728586
SSP585,Direct,AFE,1,ECU,-0.6947882051609389
SSP585,Direct,AFE,1,EGY,-0.7551986803190349
SSP585,Direct,AFE,1,ESP,-0.34764657636853247
SSP585,Direct,AFE,1,EST,1.0129788936301067
SSP585,Direct,AFE,1,ETH,-0.6104802979233268
SSP585,Direct,AFE,1,FIN,1.7459582985560589
SSP585,Direct,AFE,1,FJI,-0.6131823432416292
SSP585,Direct,AFE,1,FRA,-0.07959019372336251
SSP585,Direct,AFE,1,GAB,-0.6969158614062938
SSP585,Direct,AFE,1,GBR,0.1752928908621474
SSP585,Direct,AFE,1,GEO,0.3166048085477322
SSP585,Direct,AFE,1,GHA,-0.7802796453860465
SSP585,Direct,AFE,1,GIN,-0.7867516390488515
SSP585,Direct,AFE,1,GNB,-0.8387889394811496
SSP585,Direct,AFE,1,GNQ,-0.771419490953937
SSP585,Direct,AFE,1,GRC,-0.498278241044809
SSP585,Direct,AFE,1,GTM,-0.7317360453537507
SSP585,Direct,AFE,1,GUY,-0.778892469131173
SSP585,Direct,AFE,1,HND,-0.7738897023225106
SSP585,Direct,AFE,1,HRV,-0.14648051032197384
SSP585,Direct,AFE,1,HTI,-0.7749142718337213
SSP585,Direct,AFE,1,HUN,-0.05735345708765571
SSP585,Direct,AFE,1,IDN,-0.7076696303883686
SSP585,Direct,AFE,1,IND,-0.766577993073807
SSP585,Direct,AFE,1,IRL,0.19977078837723172
SSP585,Direct,AFE,1,IRN,-0.5038530846051681
SSP585,Direct,AFE,1,IRQ,-0.8219586019938762
SSP585,Direct,AFE,1,ISL,1.712141264818463
SSP585,Direct,AFE,1,ISR,-0.659044565593129
SSP585,Direct,AFE,1,ITA,-0.2528245823638584
SSP585,Direct,AFE,1,JAM,-0.8525717556901811
SSP585,Direct,AFE,1,JPN,-0.24592534324911564
SSP585,Direct,AFE,1,KAZ,0.5462855916910119
SSP585,Direct,AFE,1,KEN,-0.595619019668277
SSP585,Direct,AFE,1,KGZ,1.796753090778434
SSP585,Direct,AFE,1,KHM,-0.763744568377516
SSP585,Direct,AFE,1,KOR,-0.04311465650619006
SSP585,Direct,AFE,1,LAO,-0.6813572875554316
SSP585,Direct,AFE,1,LBN,-0.6647482914338527
SSP585,Direct,AFE,1,LBR,-0.7137564338388349
SSP585,Direct,AFE,1,LBY,-0.6895117984274639
SSP585,Direct,AFE,1,LKA,-0.7209694640428068
SSP585,Direct,AFE,1,LTU,0.67231141555317
SSP585,Direct,AFE,1,LVA,0.7884469295159524
SSP585,Direct,AFE,1,MAR,-0.651290133427318
SSP585,Direct,AFE,1,MDA,-0.0854680983208127
SSP585,Direct,AFE,1,MDG,-0.6025111995957235
SSP585,Direct,AFE,1,MEX,-0.6015151814044228
SSP585,Direct,AFE,1,MLI,-0.887858529310404
SSP585,Direct,AFE,1,MMR,-0.7292678886739384
SSP585,Direct,AFE,1,MNG,4.152587810378511
SSP585,Direct,AFE,1,MOZ,-0.7492630129136295
SSP585,Direct,AFE,1,MRT,-0.8729989547662417
SSP585,Direct,AFE,1,MUS,-0.5083024118203299
SSP585,Direct,AFE,1,MWI,-0.720440505211158
SSP585,Direct,AFE,1,MYS,-0.7091499944399107
SSP585,Direct,AFE,1,NAM,-0.7810994171388075
SSP585,Direct,AFE,1,NER,-0.8639894418042541
SSP585,Direct,AFE,1,NGA,-0.7890556419820244
SSP585,Direct,AFE,1,NIC,-0.798617672274612
SSP585,Direct,AFE,1,NLD,0.09714164865852548
SSP585,Direct,AFE,1,NOR,1.3895352531522973
SSP585,Direct,AFE,1,NPL,-0.36772654312048614
SSP585,Direct,AFE,1,NZL,-0.16493554327434723
SSP585,Direct,AFE,1,OMN,-0.8629220144879429
SSP585,Direct,AFE,1,PAK,-0.7694162805749583
SSP585,Direct,AFE,1,PAN,-0.7167943808642805
SSP585,Direct,AFE,1,PER,-0.5565601886861496
SSP585,Direct,AFE,1,PHL,-0.6972973026742875
SSP585,Direct,AFE,1,PNG,-0.674281396607415
SSP585,Direct,AFE,1,POL,0.313765825892238
SSP585,Direct,AFE,1,PRI,-0.82574385399583
SSP585,Direct,AFE,1,PRT,-0.393242366438487
SSP585,Direct,AFE,1,PRY,-0.7410844437461461
SSP585,Direct,AFE,1,QAT,-0.7386004712116707
SSP585,Direct,AFE,1,ROU,0.02327468549601508
SSP585,Direct,AFE,1,RUS,1.5865391600918013
SSP585,Direct,AFE,1,SAU,-0.8701147435103094
SSP585,Direct,AFE,1,SDN,-0.869547163113837
SSP585,Direct,AFE,1,SEN,-0.7951117361709328
SSP585,Direct,AFE,1,SLB,-0.7033359956258279
SSP585,Direct,AFE,1,SLE,-0.7319875698867871
SSP585,Direct,AFE,1,SLV,-0.8335484785188705
SSP585,Direct,AFE,1,SRB,-0.1377695629238459
SSP585,Direct,AFE,1,SUR,-0.8176050674678706
SSP585,Direct,AFE,1,SVK,0.2373346933440439
SSP585,Direct,AFE,1,SWE,0.7988088421360948
SSP585,Direct,AFE,1,TCD,-0.8393318008587625
SSP585,Direct,AFE,1,TGO,-0.7944814448561013
SSP585,Direct,AFE,1,THA,-0.7583074283796251
SSP585,Direct,AFE,1,TJK,0.4790650350860133
SSP585,Direct,AFE,1,TKM,-0.5960096862611812
SSP585,Direct,AFE,1,TTO,-0.8161739233762575
SSP585,Direct,AFE,1,TUN,-0.6366009039442929
SSP585,Direct,AFE,1,TUR,-0.2806479330191054
SSP585,Direct,AFE,1,TZA,-0.6620829643387968
SSP585,Direct,AFE,1,UGA,-0.6679219311554038
SSP585,Direct,AFE,1,UKR,0.12667837014814465
SSP585,Direct,AFE,1,URY,-0.39594475307216404
SSP585,Direct,AFE,1,USA,-0.250095392566564
SSP585,Direct,AFE,1,UZB,-0.279508630449928
SSP585,Direct,AFE,1,VCT,-0.813821900231311
SSP585,Direct,AFE,1,VNM,-0.707869429277144
SSP585,Direct,AFE,1,VUT,-0.6232295085999602
SSP585,Direct,AFE,1,WSM,-0.7616370177913573
SSP585,Direct,AFE,1,YEM,-0.7748744439770031
SSP585,Direct,AFE,1,ZAF,-0.5292070440156249
SSP585,Direct,AFE,1,ZMB,-0.7244946131332323
SSP585,Direct,AFE,1,ZWE,-0.7032990899620025
SSP585,Direct,IFE,1,AFG,-0.3356509622377205
SSP585,Direct,IFE,1,AGO,-0.7330388627924507
SSP585,Direct,IFE,1,ALB,-0.5024934358622111
SSP585,Direct,IFE,1,ARE,-0.88082522047825
SSP585,Direct,IFE,1,ARG,-0.5107455957958621
SSP585,Direct,IFE,1,AUS,-0.5109284160689873
SSP585,Direct,IFE,1,AUT,-0.07187930416919608
SSP585,Direct,IFE,1,AZE,-0.45312389731049996
SSP585,Direct,IFE,1,BEL,-0.22927422899205996
SSP585,Direct,IFE,1,BEN,-0.8029277289002741
SSP585,Direct,IFE,1,BFA,-0.8619032624769909
SSP585,Direct,IFE,1,BGD,-0.7921161446921301
SSP585,Direct,IFE,1,BGR,-0.4249315821663042
SSP585,Direct,IFE,1,BHS,-0.537521466939834
SSP585,Direct,IFE,1,BIH,-0.3488046204766002
SSP585,Direct,IFE,1,BLR,0.04691742189521886
SSP585,Direct,IFE,1,BLZ,-0.7906446090067145
SSP585,Direct,IFE,1,BOL,-0.5767069696698077
SSP585,Direct,IFE,1,BRA,-0.705436016707448
SSP585,Direct,IFE,1,BRN,-0.8026784162007008
SSP585,Direct,IFE,1,BWA,-0.7938790017452956
SSP585,Direct,IFE,1,CAF,-0.7623247014005567
SSP585,Direct,IFE,1,CAN,0.12713071589298086
SSP585,Direct,IFE,1,CHE,0.04247469414238281
SSP585,Direct,IFE,1,CHL,-0.2981230945111113
SSP585,Direct,IFE,1,CHN,-0.4255703571306083
SSP585,Direct,IFE,1,CIV,-0.7680843306349583
SSP585,Direct,IFE,1,CMR,-0.7430712114707428
SSP585,Direct,IFE,1,COD,-0.7425172114963783
SSP585,Direct,IFE,1,COG,-0.7404856532193543
SSP585,Direct,IFE,1,COL,-0.7067984020565213
SSP585,Direct,IFE,1,CPV,-0.45044581013287377
SSP585,Direct,IFE,1,CRI,-0.7388966269706048
SSP585,Direct,IFE,1,CUB,-0.7482601715849275
SSP585,Direct,IFE,1,CYP,-0.5951424139929038
SSP585,Direct,IFE,1,CZE,-0.10502299477378985
SSP585,Direct,IFE,1,DEU,-0.14182340758991863
SSP585,Direct,IFE,1,DNK,-0.07861057785606007
SSP585,Direct,IFE,1,DOM,-0.7364886624913801
SSP585,Direct,IFE,1,DZA,-0.6741444846583187
SSP585,Direct,IFE,1,ECU,-0.6960549550102118
SSP585,Direct,IFE,1,EGY,-0.7756266404152399
SSP585,Direct,IFE,1,ESP,-0.48804912344012863
SSP585,Direct,IFE,1,EST,0.22288489654625288
SSP585,Direct,IFE,1,ETH,-0.6619639525995377
SSP585,Direct,IFE,1,FIN,0.5408528893516404
SSP585,Direct,IFE,1,FJI,-0.6226060162759001
SSP585,Direct,IFE,1,FRA,-0.31691209289505495
SSP585,Direct,IFE,1,GAB,-0.7083150580240424
SSP585,Direct,IFE,1,GBR,-0.14496001861722463
SSP585,Direct,IFE,1,GEO,-0.14374241104408525
SSP585,Direct,IFE,1,GHA,-0.7808048788904868
SSP585,Direct,IFE,1,GIN,-0.7887215717672975
SSP585,Direct,IFE,1,GNB,-0.8335022230821428
SSP585,Direct,IFE,1,GNQ,-0.7779320501883796
SSP585,Direct,IFE,1,GRC,-0.5938906150466203
SSP585,Direct,IFE,1,GTM,-0.7388329568251102
SSP585,Direct,IFE,1,GUY,-0.7701049956772428
SSP585,Direct,IFE,1,HND,-0.7688552537245699
SSP585,Direct,IFE,1,HRV,-0.3844879846141085
SSP585,Direct,IFE,1,HTI,-0.7644422870486012
SSP585,Direct,IFE,1,HUN,-0.3332885688596622
SSP585,Direct,IFE,1,IDN,-0.7118285660590753
SSP585,Direct,IFE,1,IND,-0.7856208722121525
SSP585,Direct,IFE,1,IRL,-0.11983717548411743
SSP585,Direct,IFE,1,IRN,-0.6182838386521767
SSP585,Direct,IFE,1,IRQ,-0.8381143689734813
SSP585,Direct,IFE,1,ISL,0.6332429420628025
SSP585,Direct,IFE,1,ISR,-0.696212605524328
SSP585,Direct,IFE,1,ITA,-0.436406569002055
SSP585,Direct,IFE,1,JAM,-0.8493812374309445
SSP585,Direct,IFE,1,JPN,-0.42404461964174167
SSP585,Direct,IFE,1,KAZ,-0.07251344678432992
SSP585,Direct,IFE,1,KEN,-0.6466539580351822
SSP585,Direct,IFE,1,KGZ,0.5348828535358401
SSP585,Direct,IFE,1,KHM,-0.766845690596633
SSP585,Direct,IFE,1,KOR,-0.3337920148620356
SSP585,Direct,IFE,1,LAO,-0.7108490657904565
SSP585,Direct,IFE,1,LBN,-0.7112508304836539
SSP585,Direct,IFE,1,LBR,-0.7232237895504459
SSP585,Direct,IFE,1,LBY,-0.7235922054571071
SSP585,Direct,IFE,1,LKA,-0.7269842321065345
SSP585,Direct,IFE,1,LTU,0.06360500657021384
SSP585,Direct,IFE,1,LVA,0.118901511992058
SSP585,Direct,IFE,1,MAR,-0.6934704098261828
SSP585,Direct,IFE,1,MDA,-0.3759550297718035
SSP585,Direct,IFE,1,MDG,-0.6327878183444612
SSP585,Direct,IFE,1,MEX,-0.6484985538873136
SSP585,Direct,IFE,1,MLI,-0.8834926169719051
SSP585,Direct,IFE,1,MMR,-0.7479625883625118
SSP585,Direct,IFE,1,MNG,1.5001923229091996
SSP585,Direct,IFE,1,MOZ,-0.7587619655513419
SSP585,Direct,IFE,1,MRT,-0.8679139729958725
SSP585,Direct,IFE,1,MUS,-0.526111234098297
SSP585,Direct,IFE,1,MWI,-0.7418745568330725
SSP585,Direct,IFE,1,MYS,-0.7128222447065694
SSP585,Direct,IFE,1,NAM,-0.7962080587870451
SSP585,Direct,IFE,1,NER,-0.8645739461548465
SSP585,Direct,IFE,1,NGA,-0.7921367136640463
SSP585,Direct,IFE,1,NIC,-0.7902148091061428
SSP585,Direct,IFE,1,NLD,-0.2020661186747741
SSP585,Direct,IFE,1,NOR,0.45180184199426576
SSP585,Direct,IFE,1,NPL,-0.5127473636067899
SSP585,Direct,IFE,1,NZL,-0.3136268427425276
SSP585,Direct,IFE,1,OMN,-0.8595730903833271
SSP585,Direct,IFE,1,PAK,-0.7923245531224042
SSP585,Direct,IFE,1,PAN,-0.7201477313991946
SSP585,Direct,IFE,1,PER,-0.6249306016889232
SSP585,Direct,IFE,1,PHL,-0.7020955885856164
SSP585,Direct,IFE,1,PNG,-0.6702836725697962
SSP585,Direct,IFE,1,POL,-0.11287903765807172
SSP585,Direct,IFE,1,PRI,-0.8211019181534615
SSP585,Direct,IFE,1,PRT,-0.5022410049755062
SSP585,Direct,IFE,1,PRY,-0.7567306591446624
SSP585,Direct,IFE,1,QAT,-0.7379935549259535
SSP585,Direct,IFE,1,ROU,-0.2932173308260929
SSP585,Direct,IFE,1,RUS,0.41848065183560257
SSP585,Direct,IFE,1,SAU,-0.8710942876437886
SSP585,Direct,IFE,1,SDN,-0.8662784901990209
SSP585,Direct,IFE,1,SEN,-0.7918930462378588
SSP585,Direct,IFE,1,SLB,-0.6963038437815562
SSP585,Direct,IFE,1,SLE,-0.7391898107530805
SSP585,Direct,IFE,1,SLV,-0.8342763158348012
SSP585,Direct,IFE,1,SRB,-0.3832809120517874
SSP585,Direct,IFE,1,SUR,-0.8089794962761622
SSP585,Direct,IFE,1,SVK,-0.1589351560708998
SSP585,Direct,IFE,1,SWE,0.1456540977122771
SSP585,Direct,IFE,1,TCD,-0.8398139196833754
SSP585,Direct,IFE,1,TGO,-0.7948897817198406
SSP585,Direct,IFE,1,THA,-0.7667003016296429
SSP585,Direct,IFE,1,TJK,-0.08382172977426094
SSP585,Direct,IFE,1,TKM,-0.6799197891015429
SSP585,Direct,IFE,1,TTO,-0.8051429662877854
SSP585,Direct,IFE,1,TUN,-0.6850603560491249
SSP585,Direct,IFE,1,TUR,-0.4685355638520048
SSP585,Direct,IFE,1,TZA,-0.6916298412076565
SSP585,Direct,IFE,1,UGA,-0.6959745717642529
SSP585,Direct,IFE,1,UKR,-0.2439145918377884
SSP585,Direct,IFE,1,URY,-0.47846319136021564
SSP585,Direct,IFE,1,USA,-0.44508490616347396
SSP585,Direct,IFE,1,UZB,-0.48749460346820706
SSP585,Direct,IFE,1,VCT,-0.8076181196267997
SSP585,Direct,IFE,1,VNM,-0.7243661365621163
SSP585,Direct,IFE,1,VUT,-0.6309834730751392
SSP585,Direct,IFE,1,WSM,-0.7574208428458525
SSP585,Direct,IFE,1,YEM,-0.7875209174548963
SSP585,Direct,IFE,1,ZAF,-0.6054556066682224
SSP585,Direct,IFE,1,ZMB,-0.750520453810648
SSP585,Direct,IFE,1,ZWE,-0.733866235879585
SSP585,Direct,AFE,2,AFG,0.12534251294247478
SSP585,Direct,AFE,2,AGO,-0.5819225709306102
SSP585,Direct,AFE,2,ALB,-0.1746318534422412
SSP585,Direct,AFE,2,ARE,-0.7884347235099841
SSP585,Direct,AFE,2,ARG,-0.3090660638242453
SSP585,Direct,AFE,2,AUS,-0.28697679375892404
SSP585,Direct,AFE,2,AUT,0.433739992762068
SSP585,Direct,AFE,2,AZE,-0.0857503542489566
SSP585,Direct,AFE,2,BEL,0.1289425633590906
SSP585,Direct,AFE,2,BEN,-0.6853532579048723
SSP585,Direct,AFE,2,BFA,-0.7637431342472141
SSP585,Direct,AFE,2,BGD,-0.6681304686383108
SSP585,Direct,AFE,2,BGR,-0.04109757352135568
SSP585,Direct,AFE,2,BHS,-0.40473682433391855
SSP585,Direct,AFE,2,BIH,0.05932786717578464
SSP585,Direct,AFE,2,BLR,0.6352032081368262
SSP585,Direct,AFE,2,BLZ,-0.6646582907950822
SSP585,Direct,AFE,2,BOL,-0.3067189645320465
SSP585,Direct,AFE,2,BRA,-0.5436245405975477
SSP585,Direct,AFE,2,BRN,-0.6890369788245689
SSP585,Direct,AFE,2,BWA,-0.6332777577925041
SSP585,Direct,AFE,2,CAF,-0.632957736899274
SSP585,Direct,AFE,2,CAN,0.8127115749887064
SSP585,Direct,AFE,2,CHE,0.5717385670025175
SSP585,Direct,AFE,2,CHL,0.0029869451104083122
SSP585,Direct,AFE,2,CHN,-0.08868228677252044
SSP585,Direct,AFE,2,CIV,-0.6369099161159133
SSP585,Direct,AFE,2,CMR,-0.6009922002092938
SSP585,Direct,AFE,2,COD,-0.5994294052780693
SSP585,Direct,AFE,2,COG,-0.5978650737491746
SSP585,Direct,AFE,2,COL,-0.5352150788818507
SSP585,Direct,AFE,2,CPV,-0.32637020125178073
SSP585,Direct,AFE,2,CRI,-0.5871409063420046
SSP585,Direct,AFE,2,CUB,-0.619623060578232
SSP585,Direct,AFE,2,CYP,-0.4320513554942329
SSP585,Direct,AFE,2,CZE,0.36604287841776717
SSP585,Direct,AFE,2,DEU,0.28168854591175463
SSP585,Direct,AFE,2,DNK,0.3248079082267332
SSP585,Direct,AFE,2,DOM,-0.604758530917388
SSP585,Direct,AFE,2,DZA,-0.45092466897173045
SSP585,Direct,AFE,2,ECU,-0.5716604037718049
SSP585,Direct,AFE,2,EGY,-0.6195293138421394
SSP585,Direct,AFE,2,ESP,-0.1790467553716092
SSP585,Direct,AFE,2,EST,0.8548215085721573
SSP585,Direct,AFE,2,ETH,-0.4978038145137931
SSP585,Direct,AFE,2,FIN,1.3663677838284785
SSP585,Direct,AFE,2,FJI,-0.49038552581054373
SSP585,Direct,AFE,2,FRA,0.03949225702270476
SSP585,Direct,AFE,2,GAB,-0.565426589411675
SSP585,Direct,AFE,2,GBR,0.20900113208825877
SSP585,Direct,AFE,2,GEO,0.3902390713042001
SSP585,Direct,AFE,2,GHA,-0.6555336744320663
SSP585,Direct,AFE,2,GIN,-0.6586088306732314
SSP585,Direct,AFE,2,GNB,-0.7269442354559903
SSP585,Direct,AFE,2,GNQ,-0.646227879512579
SSP585,Direct,AFE,2,GRC,-0.32547366044171055
SSP585,Direct,AFE,2,GTM,-0.5785804508014982
SSP585,Direct,AFE,2,GUY,-0.6378236348686209
SSP585,Direct,AFE,2,HND,-0.6250368835389428
SSP585,Direct,AFE,2,HRV,-9.084465010983367e-4
SSP585,Direct,AFE,2,HTI,-0.6383763493144471
SSP585,Direct,AFE,2,HUN,0.06965486172020507
SSP585,Direct,AFE,2,IDN,-0.5795043630473262
SSP585,Direct,AFE,2,IND,-0.656994069009352
SSP585,Direct,AFE,2,IRL,0.21589855538141212
SSP585,Direct,AFE,2,IRN,-0.3432222027538733
SSP585,Direct,AFE,2,IRQ,-0.6970676319564744
SSP585,Direct,AFE,2,ISL,1.3133028559436122
SSP585,Direct,AFE,2,ISR,-0.5080642054146417
SSP585,Direct,AFE,2,ITA,-0.09457893080760338
SSP585,Direct,AFE,2,JAM,-0.7368638269778013
SSP585,Direct,AFE,2,JPN,-0.12449316584499304
SSP585,Direct,AFE,2,KAZ,0.5790149353149516
SSP585,Direct,AFE,2,KEN,-0.48777683176775444
SSP585,Direct,AFE,2,KGZ,1.4524824791466737
SSP585,Direct,AFE,2,KHM,-0.6500620790118083
SSP585,Direct,AFE,2,KOR,0.03798581728157813
SSP585,Direct,AFE,2,LAO,-0.5585331273779751
SSP585,Direct,AFE,2,LBN,-0.5032488867722247
SSP585,Direct,AFE,2,LBR,-0.5842322149465985
SSP585,Direct,AFE,2,LBY,-0.5425304842195562
SSP585,Direct,AFE,2,LKA,-0.6157638091922136
SSP585,Direct,AFE,2,LTU,0.6224475705757295
SSP585,Direct,AFE,2,LVA,0.7009045220668015
SSP585,Direct,AFE,2,MAR,-0.4930894986694184
SSP585,Direct,AFE,2,MDA,0.06628594479402716
SSP585,Direct,AFE,2,MDG,-0.455114375418627
SSP585,Direct,AFE,2,MEX,-0.4379858835675431
SSP585,Direct,AFE,2,MLI,-0.7912660558903745
SSP585,Direct,AFE,2,MMR,-0.615054806634034
SSP585,Direct,AFE,2,MNG,2.9364120561422435
SSP585,Direct,AFE,2,MOZ,-0.6130883357888199
SSP585,Direct,AFE,2,MRT,-0.7716831597912027
SSP585,Direct,AFE,2,MUS,-0.38703456143755766
SSP585,Direct,AFE,2,MWI,-0.5817056911499567
SSP585,Direct,AFE,2,MYS,-0.5848058882169813
SSP585,Direct,AFE,2,NAM,-0.6440606276125131
SSP585,Direct,AFE,2,NER,-0.7653550698424307
SSP585,Direct,AFE,2,NGA,-0.6711876409452917
SSP585,Direct,AFE,2,NIC,-0.662259118808658
SSP585,Direct,AFE,2,NLD,0.15676830846484258
SSP585,Direct,AFE,2,NOR,1.0599681928547469
SSP585,Direct,AFE,2,NPL,-0.28161917830670213
SSP585,Direct,AFE,2,NZL,-0.066122740294693
SSP585,Direct,AFE,2,OMN,-0.7604627173552538
SSP585,Direct,AFE,2,PAK,-0.6417216677750301
SSP585,Direct,AFE,2,PAN,-0.5743126927396649
SSP585,Direct,AFE,2,PER,-0.44224009037767964
SSP585,Direct,AFE,2,PHL,-0.5725748659085055
SSP585,Direct,AFE,2,PNG,-0.5561537379373677
SSP585,Direct,AFE,2,POL,0.35861364836773024
SSP585,Direct,AFE,2,PRI,-0.6987857512847684
SSP585,Direct,AFE,2,PRT,-0.22262237652411365
SSP585,Direct,AFE,2,PRY,-0.614406530767208
SSP585,Direct,AFE,2,QAT,-0.6164480306347775
SSP585,Direct,AFE,2,ROU,0.1507706310319048
SSP585,Direct,AFE,2,RUS,1.3194896927039843
SSP585,Direct,AFE,2,SAU,-0.7659467961078058
SSP585,Direct,AFE,2,SDN,-0.772128777679812
SSP585,Direct,AFE,2,SEN,-0.6754206118421325
SSP585,Direct,AFE,2,SLB,-0.5842927617277687
SSP585,Direct,AFE,2,SLE,-0.5993300357287865
SSP585,Direct,AFE,2,SLV,-0.7081137588967984
SSP585,Direct,AFE,2,SRB,0.010147445752922701
SSP585,Direct,AFE,2,SUR,-0.6892227280785288
SSP585,Direct,AFE,2,SVK,0.312118686163096
SSP585,Direct,AFE,2,SWE,0.6839307350296668
SSP585,Direct,AFE,2,TCD,-0.7360232444313117
SSP585,Direct,AFE,2,TGO,-0.6759248155592377
SSP585,Direct,AFE,2,THA,-0.6394496578372004
SSP585,Direct,AFE,2,TJK,0.5137970229605422
SSP585,Direct,AFE,2,TKM,-0.4361114628378677
SSP585,Direct,AFE,2,TTO,-0.6825738157836942
SSP585,Direct,AFE,2,TUN,-0.4804508406669207
SSP585,Direct,AFE,2,TUR,-0.11266973411177172
SSP585,Direct,AFE,2,TZA,-0.5405748637104759
SSP585,Direct,AFE,2,UGA,-0.5523305521000915
SSP585,Direct,AFE,2,UKR,0.23129450301397392
SSP585,Direct,AFE,2,URY,-0.29049286650300754
SSP585,Direct,AFE,2,USA,-0.12458199683507754
SSP585,Direct,AFE,2,UZB,-0.1261336808933634
SSP585,Direct,AFE,2,VCT,-0.679946683944328
SSP585,Direct,AFE,2,VNM,-0.5831325749317753
SSP585,Direct,AFE,2,VUT,-0.5126061236103492
SSP585,Direct,AFE,2,WSM,-0.6462827658408674
SSP585,Direct,AFE,2,YEM,-0.6575757767891879
SSP585,Direct,AFE,2,ZAF,-0.37267778114095884
SSP585,Direct,AFE,2,ZMB,-0.5909506842799995
SSP585,Direct,AFE,2,ZWE,-0.562840642115319
SSP585,Direct,IFE,2,AFG,-0.32592386162205556
SSP585,Direct,IFE,2,AGO,-0.7847700252848463
SSP585,Direct,IFE,2,ALB,-0.5108310677657744
SSP585,Direct,IFE,2,ARE,-0.9183379853603678
SSP585,Direct,IFE,2,ARG,-0.5596667648294842
SSP585,Direct,IFE,2,AUS,-0.5368643056151678
SSP585,Direct,IFE,2,AUT,0.009312355782206794
SSP585,Direct,IFE,2,AZE,-0.46707554792461237
SSP585,Direct,IFE,2,BEL,-0.23022642186361852
SSP585,Direct,IFE,2,BEN,-0.8497324656823181
SSP585,Direct,IFE,2,BFA,-0.9049378867611407
SSP585,Direct,IFE,2,BGD,-0.8460415959356742
SSP585,Direct,IFE,2,BGR,-0.4199118829779954
SSP585,Direct,IFE,2,BHS,-0.5638328079264451
SSP585,Direct,IFE,2,BIH,-0.3284594067790697
SSP585,Direct,IFE,2,BLR,0.140748379812917
SSP585,Direct,IFE,2,BLZ,-0.8306659192357052
SSP585,Direct,IFE,2,BOL,-0.6120430423756569
SSP585,Direct,IFE,2,BRA,-0.7520027242469182
SSP585,Direct,IFE,2,BRN,-0.8432202884242432
SSP585,Direct,IFE,2,BWA,-0.8335785927927982
SSP585,Direct,IFE,2,CAF,-0.8136272694224462
SSP585,Direct,IFE,2,CAN,0.23707238513190787
SSP585,Direct,IFE,2,CHE,0.15046240703724245
SSP585,Direct,IFE,2,CHL,-0.25553694261745197
SSP585,Direct,IFE,2,CHN,-0.46818002712758433
SSP585,Direct,IFE,2,CIV,-0.8156903404244813
SSP585,Direct,IFE,2,CMR,-0.7920487041309763
SSP585,Direct,IFE,2,COD,-0.7921097909591908
SSP585,Direct,IFE,2,COG,-0.7895042263391803
SSP585,Direct,IFE,2,COL,-0.7564040445533049
SSP585,Direct,IFE,2,CPV,-0.4880419494792123
SSP585,Direct,IFE,2,CRI,-0.7684625639947618
SSP585,Direct,IFE,2,CUB,-0.7930978003287301
SSP585,Direct,IFE,2,CYP,-0.6364344530288053
SSP585,Direct,IFE,2,CZE,-0.05155836021800153
SSP585,Direct,IFE,2,DEU,-0.1038069802689936
SSP585,Direct,IFE,2,DNK,-0.0571646432382259
SSP585,Direct,IFE,2,DOM,-0.772361859157211
SSP585,Direct,IFE,2,DZA,-0.7024785522936018
SSP585,Direct,IFE,2,ECU,-0.7216847191724691
SSP585,Direct,IFE,2,EGY,-0.8194650935122727
SSP585,Direct,IFE,2,ESP,-0.49138625514216194
SSP585,Direct,IFE,2,EST,0.33486989869445405
SSP585,Direct,IFE,2,ETH,-0.7281167091596372
SSP585,Direct,IFE,2,FIN,0.7690046266446611
SSP585,Direct,IFE,2,FJI,-0.6783828413620778
SSP585,Direct,IFE,2,FRA,-0.3095127753819257
SSP585,Direct,IFE,2,GAB,-0.759336021020151
SSP585,Direct,IFE,2,GBR,-0.13584973422370838
SSP585,Direct,IFE,2,GEO,-0.0820967732607838
SSP585,Direct,IFE,2,GHA,-0.8275742014102675
SSP585,Direct,IFE,2,GIN,-0.8334033337819462
SSP585,Direct,IFE,2,GNB,-0.8760199304610666
SSP585,Direct,IFE,2,GNQ,-0.8234288092366191
SSP585,Direct,IFE,2,GRC,-0.6138457667455565
SSP585,Direct,IFE,2,GTM,-0.773819085581902
SSP585,Direct,IFE,2,GUY,-0.8037849403780064
SSP585,Direct,IFE,2,HND,-0.7981057760532495
SSP585,Direct,IFE,2,HRV,-0.37874743736468874
SSP585,Direct,IFE,2,HTI,-0.7998004942279098
SSP585,Direct,IFE,2,HUN,-0.3243185844578681
SSP585,Direct,IFE,2,IDN,-0.7638109418764554
SSP585,Direct,IFE,2,IND,-0.8436987650474207
SSP585,Direct,IFE,2,IRL,-0.11129994235090845
SSP585,Direct,IFE,2,IRN,-0.6564249793569067
SSP585,Direct,IFE,2,IRQ,-0.8775840268511111
SSP585,Direct,IFE,2,ISL,0.8999434041493859
SSP585,Direct,IFE,2,ISR,-0.735129848541463
SSP585,Direct,IFE,2,ITA,-0.4361591920904402
SSP585,Direct,IFE,2,JAM,-0.8857631934148409
SSP585,Direct,IFE,2,JPN,-0.44756876624949127
SSP585,Direct,IFE,2,KAZ,0.004928879610726522
SSP585,Direct,IFE,2,KEN,-0.719600328703975
SSP585,Direct,IFE,2,KGZ,0.8106468510969147
SSP585,Direct,IFE,2,KHM,-0.8182053390363623
SSP585,Direct,IFE,2,KOR,-0.3581587460565573
SSP585,Direct,IFE,2,LAO,-0.7663854784385913
SSP585,Direct,IFE,2,LBN,-0.7440837192852915
SSP585,Direct,IFE,2,LBR,-0.773715143381134
SSP585,Direct,IFE,2,LBY,-0.7652510134343614
SSP585,Direct,IFE,2,LKA,-0.7866074285660845
SSP585,Direct,IFE,2,LTU,0.14572755637996093
SSP585,Direct,IFE,2,LVA,0.20951522654033372
SSP585,Direct,IFE,2,MAR,-0.7268341907379505
SSP585,Direct,IFE,2,MDA,-0.3615543812242097
SSP585,Direct,IFE,2,MDG,-0.6748271117262745
SSP585,Direct,IFE,2,MEX,-0.6810938925807202
SSP585,Direct,IFE,2,MLI,-0.9197649371099921
SSP585,Direct,IFE,2,MMR,-0.8024890940808099
SSP585,Direct,IFE,2,MNG,2.25183627272799
SSP585,Direct,IFE,2,MOZ,-0.8021893670657063
SSP585,Direct,IFE,2,MRT,-0.90687307073899
SSP585,Direct,IFE,2,MUS,-0.5749322017805806
SSP585,Direct,IFE,2,MWI,-0.7874579533138755
SSP585,Direct,IFE,2,MYS,-0.7628391801655396
SSP585,Direct,IFE,2,NAM,-0.8348050124982942
SSP585,Direct,IFE,2,NER,-0.9084824875173038
SSP585,Direct,IFE,2,NGA,-0.8407935995135765
SSP585,Direct,IFE,2,NIC,-0.8238104705883211
SSP585,Direct,IFE,2,NLD,-0.19728471728563757
SSP585,Direct,IFE,2,NOR,0.611872680362084
SSP585,Direct,IFE,2,NPL,-0.5498877744906943
SSP585,Direct,IFE,2,NZL,-0.32712770162664995
SSP585,Direct,IFE,2,OMN,-0.9014961673771529
SSP585,Direct,IFE,2,PAK,-0.8409084095131903
SSP585,Direct,IFE,2,PAN,-0.767692028582934
SSP585,Direct,IFE,2,PER,-0.6684833843070739
SSP585,Direct,IFE,2,PHL,-0.7541383908015796
SSP585,Direct,IFE,2,PNG,-0.7042416835562479
SSP585,Direct,IFE,2,POL,-0.06569947705665591
SSP585,Direct,IFE,2,PRI,-0.8555470945378537
SSP585,Direct,IFE,2,PRT,-0.5064582692774048
SSP585,Direct,IFE,2,PRY,-0.8079991932797744
SSP585,Direct,IFE,2,QAT,-0.7920255143695941
SSP585,Direct,IFE,2,ROU,-0.2647802059272537
SSP585,Direct,IFE,2,RUS,0.6522751625314516
SSP585,Direct,IFE,2,SAU,-0.9093958820035213
SSP585,Direct,IFE,2,SDN,-0.9091928403533329
SSP585,Direct,IFE,2,SEN,-0.8388455998476964
SSP585,Direct,IFE,2,SLB,-0.7444673823836614
SSP585,Direct,IFE,2,SLE,-0.7889752034263717
SSP585,Direct,IFE,2,SLV,-0.8699370915046934
SSP585,Direct,IFE,2,SRB,-0.37498132916888993
SSP585,Direct,IFE,2,SUR,-0.844491163236138
SSP585,Direct,IFE,2,SVK,-0.10973374704297245
SSP585,Direct,IFE,2,SWE,0.22279231483481987
SSP585,Direct,IFE,2,TCD,-0.8878358267036006
SSP585,Direct,IFE,2,TGO,-0.8425370588248637
SSP585,Direct,IFE,2,THA,-0.8180591369776078
SSP585,Direct,IFE,2,TJK,-0.015814536851819883
SSP585,Direct,IFE,2,TKM,-0.7209139943138383
SSP585,Direct,IFE,2,TTO,-0.8347419169607315
SSP585,Direct,IFE,2,TUN,-0.7216180548172775
SSP585,Direct,IFE,2,TUR,-0.4703106955475507
SSP585,Direct,IFE,2,TZA,-0.75119873216288
SSP585,Direct,IFE,2,UGA,-0.7561675313742632
SSP585,Direct,IFE,2,UKR,-0.2119062504326913
SSP585,Direct,IFE,2,URY,-0.5363781542997627
SSP585,Direct,IFE,2,USA,-0.47667276983882356
SSP585,Direct,IFE,2,UZB,-0.5104144919257712
SSP585,Direct,IFE,2,VCT,-0.8393706556116864
SSP585,Direct,IFE,2,VNM,-0.7773017395247434
SSP585,Direct,IFE,2,VUT,-0.6909525918509682
SSP585,Direct,IFE,2,WSM,-0.805120499103608
SSP585,Direct,IFE,2,YEM,-0.8419096035849336
SSP585,Direct,IFE,2,ZAF,-0.6409618345660388
SSP585,Direct,IFE,2,ZMB,-0.7992595985757724
SSP585,Direct,IFE,2,ZWE,-0.7802825459981204
SSP585,Direct,AFE,3,AFG,-0.31880077206157786
SSP585,Direct,AFE,3,AGO,-0.6657681049178764
SSP585,Direct,AFE,3,ALB,-0.463973869003365
SSP585,Direct,AFE,3,ARE,-0.8252451708520987
SSP585,Direct,AFE,3,ARG,-0.4515859218829702
SSP585,Direct,AFE,3,AUS,-0.46179715467610205
SSP585,Direct,AFE,3,AUT,-0.10571429486371764
SSP585,Direct,AFE,3,AZE,-0.41638115127949193
SSP585,Direct,AFE,3,BEL,-0.21583935522276
SSP585,Direct,AFE,3,BEN,-0.7382967732244177
SSP585,Direct,AFE,3,BFA,-0.8016346164286421
SSP585,Direct,AFE,3,BGD,-0.7248653758746145
SSP585,Direct,AFE,3,BGR,-0.39757454171704965
SSP585,Direct,AFE,3,BHS,-0.4824585662341466
SSP585,Direct,AFE,3,BIH,-0.3327313311830403
SSP585,Direct,AFE,3,BLR,-0.008416674220960707
SSP585,Direct,AFE,3,BLZ,-0.7294377090308071
SSP585,Direct,AFE,3,BOL,-0.5217341629903334
SSP585,Direct,AFE,3,BRA,-0.6401942018552799
SSP585,Direct,AFE,3,BRN,-0.7445928916150404
SSP585,Direct,AFE,3,BWA,-0.7343064710433947
SSP585,Direct,AFE,3,CAF,-0.6954158267162424
SSP585,Direct,AFE,3,CAN,0.051646313179083636
SSP585,Direct,AFE,3,CHE,-0.014294486954448127
SSP585,Direct,AFE,3,CHL,-0.2903268891272891
SSP585,Direct,AFE,3,CHN,-0.38052829882529693
SSP585,Direct,AFE,3,CIV,-0.7020843193525226
SSP585,Direct,AFE,3,CMR,-0.6767018135260994
SSP585,Direct,AFE,3,COD,-0.6763733059103343
SSP585,Direct,AFE,3,COG,-0.6737461482762223
SSP585,Direct,AFE,3,COL,-0.6372255199337181
SSP585,Direct,AFE,3,CPV,-0.3970834678123333
SSP585,Direct,AFE,3,CRI,-0.6794377603860107
SSP585,Direct,AFE,3,CUB,-0.683273199432465
SSP585,Direct,AFE,3,CYP,-0.5345738924057175
SSP585,Direct,AFE,3,CZE,-0.12564628902762198
SSP585,Direct,AFE,3,DEU,-0.15199842770915417
SSP585,Direct,AFE,3,DNK,-0.090334849911612
SSP585,Direct,AFE,3,DOM,-0.6761065340562364
SSP585,Direct,AFE,3,DZA,-0.6202288049860205
SSP585,Direct,AFE,3,ECU,-0.6491443801244257
SSP585,Direct,AFE,3,EGY,-0.7131027957749047
SSP585,Direct,AFE,3,ESP,-0.45163614105816585
SSP585,Direct,AFE,3,EST,0.1360753156741592
SSP585,Direct,AFE,3,ETH,-0.5903328193037227
SSP585,Direct,AFE,3,FIN,0.36485408657063356
SSP585,Direct,AFE,3,FJI,-0.5538562968380853
SSP585,Direct,AFE,3,FRA,-0.29743821400865933
SSP585,Direct,AFE,3,GAB,-0.6403565237058718
SSP585,Direct,AFE,3,GBR,-0.1437204508635399
SSP585,Direct,AFE,3,GEO,-0.16459376295341344
SSP585,Direct,AFE,3,GHA,-0.7153949015321928
SSP585,Direct,AFE,3,GIN,-0.7243965290555998
SSP585,Direct,AFE,3,GNB,-0.7722382284418392
SSP585,Direct,AFE,3,GNQ,-0.7144883652574086
SSP585,Direct,AFE,3,GRC,-0.5458336175176706
SSP585,Direct,AFE,3,GTM,-0.6781629332528556
SSP585,Direct,AFE,3,GUY,-0.7110006512748718
SSP585,Direct,AFE,3,HND,-0.7121298272794581
SSP585,Direct,AFE,3,HRV,-0.36003964970148294
SSP585,Direct,AFE,3,HTI,-0.7048812820818793
SSP585,Direct,AFE,3,HUN,-0.3145270238486262
SSP585,Direct,AFE,3,IDN,-0.6430739748322243
SSP585,Direct,AFE,3,IND,-0.7152853357913351
SSP585,Direct,AFE,3,IRL,-0.12187628956041552
SSP585,Direct,AFE,3,IRN,-0.5619459644502491
SSP585,Direct,AFE,3,IRQ,-0.7802484266030818
SSP585,Direct,AFE,3,ISL,0.43226534826998275
SSP585,Direct,AFE,3,ISR,-0.6361461330093396
SSP585,Direct,AFE,3,ITA,-0.40519655809805744
SSP585,Direct,AFE,3,JAM,-0.792969804511839
SSP585,Direct,AFE,3,JPN,-0.38535759257609725
SSP585,Direct,AFE,3,KAZ,-0.10931778796391134
SSP585,Direct,AFE,3,KEN,-0.5706611866878702
SSP585,Direct,AFE,3,KGZ,0.3448488889593815
SSP585,Direct,AFE,3,KHM,-0.7008968277343481
SSP585,Direct,AFE,3,KOR,-0.304768912576895
SSP585,Direct,AFE,3,LAO,-0.6431252173519788
SSP585,Direct,AFE,3,LBN,-0.6547709487174187
SSP585,Direct,AFE,3,LBR,-0.6558351675378038
SSP585,Direct,AFE,3,LBY,-0.6621049188615433
SSP585,Direct,AFE,3,LKA,-0.657520488860718
SSP585,Direct,AFE,3,LTU,0.010423593209146542
SSP585,Direct,AFE,3,LVA,0.054686806489179896
SSP585,Direct,AFE,3,MAR,-0.6366192196720144
SSP585,Direct,AFE,3,MDA,-0.3572590178358477
SSP585,Direct,AFE,3,MDG,-0.5701466436684748
SSP585,Direct,AFE,3,MEX,-0.5907590768229763
SSP585,Direct,AFE,3,MLI,-0.8291327289524962
SSP585,Direct,AFE,3,MMR,-0.6814446685531039
SSP585,Direct,AFE,3,MNG,0.9929523867592662
SSP585,Direct,AFE,3,MOZ,-0.6952786261954078
SSP585,Direct,AFE,3,MRT,-0.8106201947962125
SSP585,Direct,AFE,3,MUS,-0.4638750950492856
SSP585,Direct,AFE,3,MWI,-0.6775995010945338
SSP585,Direct,AFE,3,MYS,-0.6466616943217507
SSP585,Direct,AFE,3,NAM,-0.737123440610328
SSP585,Direct,AFE,3,NER,-0.8035999916407618
SSP585,Direct,AFE,3,NGA,-0.7266310107951398
SSP585,Direct,AFE,3,NIC,-0.7321632828604201
SSP585,Direct,AFE,3,NLD,-0.19315699155912036
SSP585,Direct,AFE,3,NOR,0.31054719522954066
SSP585,Direct,AFE,3,NPL,-0.4737120927387427
SSP585,Direct,AFE,3,NZL,-0.28363536005248746
SSP585,Direct,AFE,3,OMN,-0.7996892642400006
SSP585,Direct,AFE,3,PAK,-0.7271960874003676
SSP585,Direct,AFE,3,PAN,-0.6512307338750581
SSP585,Direct,AFE,3,PER,-0.5721490545050905
SSP585,Direct,AFE,3,PHL,-0.6344431684030416
SSP585,Direct,AFE,3,PNG,-0.6180738677374982
SSP585,Direct,AFE,3,POL,-0.13067198214080822
SSP585,Direct,AFE,3,PRI,-0.7645912687880811
SSP585,Direct,AFE,3,PRT,-0.4634254626459783
SSP585,Direct,AFE,3,PRY,-0.6893729483568989
SSP585,Direct,AFE,3,QAT,-0.6677703780864603
SSP585,Direct,AFE,3,ROU,-0.28578867238059813
SSP585,Direct,AFE,3,RUS,0.26018676154567055
SSP585,Direct,AFE,3,SAU,-0.8147494092637908
SSP585,Direct,AFE,3,SDN,-0.8058726106723033
SSP585,Direct,AFE,3,SEN,-0.7266321292425278
SSP585,Direct,AFE,3,SLB,-0.6322381880264221
SSP585,Direct,AFE,3,SLE,-0.6710082741432927
SSP585,Direct,AFE,3,SLV,-0.7775821410962759
SSP585,Direct,AFE,3,SRB,-0.3601845713075815
SSP585,Direct,AFE,3,SUR,-0.7507682207982502
SSP585,Direct,AFE,3,SVK,-0.17212870745440179
SSP585,Direct,AFE,3,SWE,0.08284832784459373
SSP585,Direct,AFE,3,TCD,-0.7753193084164492
SSP585,Direct,AFE,3,TGO,-0.7296645067466276
SSP585,Direct,AFE,3,THA,-0.7000482784643756
SSP585,Direct,AFE,3,TJK,-0.11558866941105106
SSP585,Direct,AFE,3,TKM,-0.6205052068554675
SSP585,Direct,AFE,3,TTO,-0.7505133967354773
SSP585,Direct,AFE,3,TUN,-0.6267209439338619
SSP585,Direct,AFE,3,TUR,-0.4351763768164695
SSP585,Direct,AFE,3,TZA,-0.6210619508825489
SSP585,Direct,AFE,3,UGA,-0.6262048052321496
SSP585,Direct,AFE,3,UKR,-0.24322526091541874
SSP585,Direct,AFE,3,URY,-0.41723437357190474
SSP585,Direct,AFE,3,USA,-0.40129875518780767
SSP585,Direct,AFE,3,UZB,-0.44528267635649244
SSP585,Direct,AFE,3,VCT,-0.751875291603995
SSP585,Direct,AFE,3,VNM,-0.6568344041850218
SSP585,Direct,AFE,3,VUT,-0.5620423847519753
SSP585,Direct,AFE,3,WSM,-0.6937203131230363
SSP585,Direct,AFE,3,YEM,-0.7180191839954453
SSP585,Direct,AFE,3,ZAF,-0.5489370444705516
SSP585,Direct,AFE,3,ZMB,-0.685159599352
SSP585,Direct,AFE,3,ZWE,-0.6696319376928221
SSP585,Direct,IFE,3,AFG,1.339074682149774
SSP585,Direct,IFE,3,AGO,-0.5209318741149846
SSP585,Direct,IFE,3,ALB,0.40127102690445904
SSP585,Direct,IFE,3,ARE,-0.8079851091456037
SSP585,Direct,IFE,3,ARG,-0.11031223324355166
SSP585,Direct,IFE,3,AUS,-0.047074538059698856
SSP585,Direct,IFE,3,AUT,1.9840107860365515
SSP585,Direct,IFE,3,AZE,0.6751884512545101
SSP585,Direct,IFE,3,BEL,0.9919299547781504
SSP585,Direct,IFE,3,BEN,-0.6878399506284809
SSP585,Direct,IFE,3,BFA,-0.777812691217254
SSP585,Direct,IFE,3,BGD,-0.6276128900076177
SSP585,Direct,IFE,3,BGR,0.7835335084413702
SSP585,Direct,IFE,3,BHS,-0.4130678953857845
SSP585,Direct,IFE,3,BIH,0.9981929371733465
SSP585,Direct,IFE,3,BLR,2.744896193439794
SSP585,Direct,IFE,3,BLZ,-0.6641212565482972
SSP585,Direct,IFE,3,BOL,0.04302678898867618
SSP585,Direct,IFE,3,BRA,-0.48178176685197416
SSP585,Direct,IFE,3,BRN,-0.6517958552981623
SSP585,Direct,IFE,3,BWA,-0.5541704912563573
SSP585,Direct,IFE,3,CAF,-0.6052149774886766
SSP585,Direct,IFE,3,CAN,3.6677901132265722
SSP585,Direct,IFE,3,CHE,2.330849714328657
SSP585,Direct,IFE,3,CHL,0.5372838807505806
SSP585,Direct,IFE,3,CHN,0.6465974196848034
SSP585,Direct,IFE,3,CIV,-0.6290213464638226
SSP585,Direct,IFE,3,CMR,-0.5672913252628036
SSP585,Direct,IFE,3,COD,-0.5549088781789457
SSP585,Direct,IFE,3,COG,-0.5692492465254674
SSP585,Direct,IFE,3,COL,-0.5082423786229953
SSP585,Direct,IFE,3,CPV,-0.28927174734071637
SSP585,Direct,IFE,3,CRI,-0.6013409606731094
SSP585,Direct,IFE,3,CUB,-0.6210150838587685
SSP585,Direct,IFE,3,CYP,-0.3522460819900083
SSP585,Direct,IFE,3,CZE,1.7551870808850412
SSP585,Direct,IFE,3,DEU,1.4373241500382439
SSP585,Direct,IFE,3,DNK,1.4800318237129937
SSP585,Direct,IFE,3,DOM,-0.6043637132894053
SSP585,Direct,IFE,3,DZA,-0.22411550266942015
SSP585,Direct,IFE,3,ECU,-0.41947142312695285
SSP585,Direct,IFE,3,EGY,-0.5525045655429424
SSP585,Direct,IFE,3,ESP,0.3308308446617929
SSP585,Direct,IFE,3,EST,3.416959134856179
SSP585,Direct,IFE,3,ETH,-0.36012886836944447
SSP585,Direct,IFE,3,FIN,5.500256759729918
SSP585,Direct,IFE,3,FJI,-0.4668998263050289
SSP585,Direct,IFE,3,FRA,0.7987487327447027
SSP585,Direct,IFE,3,GAB,-0.5375921381294753
SSP585,Direct,IFE,3,GBR,1.115283437225448
SSP585,Direct,IFE,3,GEO,2.048111271993801
SSP585,Direct,IFE,3,GHA,-0.6561569585975349
SSP585,Direct,IFE,3,GIN,-0.658150941991733
SSP585,Direct,IFE,3,GNB,-0.7432038158100635
SSP585,Direct,IFE,3,GNQ,-0.6166448625206327
SSP585,Direct,IFE,3,GRC,0.03599871908477836
SSP585,Direct,IFE,3,GTM,-0.5532328940641753
SSP585,Direct,IFE,3,GUY,-0.6457084444388462
SSP585,Direct,IFE,3,HND,-0.6175174245265885
SSP585,Direct,IFE,3,HRV,0.8373635598895488
SSP585,Direct,IFE,3,HTI,-0.6446853544402796
SSP585,Direct,IFE,3,HUN,1.0160029398794919
SSP585,Direct,IFE,3,IDN,-0.5710698283240118
SSP585,Direct,IFE,3,IND,-0.6157018861658942
SSP585,Direct,IFE,3,IRL,1.1123217093706548
SSP585,Direct,IFE,3,IRN,0.05029575412458298
SSP585,Direct,IFE,3,IRQ,-0.642501302807124
SSP585,Direct,IFE,3,ISL,4.762137122849412
SSP585,Direct,IFE,3,ISR,-0.3749168525289731
SSP585,Direct,IFE,3,ITA,0.5532432167996875
SSP585,Direct,IFE,3,JAM,-0.7418422483432889
SSP585,Direct,IFE,3,JPN,0.45088991968174064
SSP585,Direct,IFE,3,KAZ,2.9347460506894474
SSP585,Direct,IFE,3,KEN,-0.3793732199719222
SSP585,Direct,IFE,3,KGZ,6.126531329353284
SSP585,Direct,IFE,3,KHM,-0.6244780376195962
SSP585,Direct,IFE,3,KOR,0.9830347188910742
SSP585,Direct,IFE,3,LAO,-0.466080740548903
SSP585,Direct,IFE,3,LBN,-0.3189805625779023
SSP585,Direct,IFE,3,LBR,-0.5576902850350758
SSP585,Direct,IFE,3,LBY,-0.4239429117391682
SSP585,Direct,IFE,3,LKA,-0.5779134199227808
SSP585,Direct,IFE,3,LTU,2.607190531029281
SSP585,Direct,IFE,3,LVA,2.875529391756961
SSP585,Direct,IFE,3,MAR,-0.32730565628134745
SSP585,Direct,IFE,3,MDA,1.1695429748977473
SSP585,Direct,IFE,3,MDG,-0.372732510115524
SSP585,Direct,IFE,3,MEX,-0.2858458674625338
SSP585,Direct,IFE,3,MLI,-0.8086784738904874
SSP585,Direct,IFE,3,MMR,-0.5408741998879825
SSP585,Direct,IFE,3,MNG,13.181111721436336
SSP585,Direct,IFE,3,MOZ,-0.5813316241729996
SSP585,Direct,IFE,3,MRT,-0.7910639372962245
SSP585,Direct,IFE,3,MUS,-0.344087001716996
SSP585,Direct,IFE,3,MWI,-0.5166572777788375
SSP585,Direct,IFE,3,MYS,-0.5576147637590771
SSP585,Direct,IFE,3,NAM,-0.5839408380939992
SSP585,Direct,IFE,3,NER,-0.779181396948537
SSP585,Direct,IFE,3,NGA,-0.6623721169142769
SSP585,Direct,IFE,3,NIC,-0.668234042970144
SSP585,Direct,IFE,3,NLD,1.031878692005558
SSP585,Direct,IFE,3,NOR,4.018524705667916
SSP585,Direct,IFE,3,NPL,0.39244136658259055
SSP585,Direct,IFE,3,NZL,0.33376147924645005
SSP585,Direct,IFE,3,OMN,-0.7791997416681249
SSP585,Direct,IFE,3,PAK,-0.5825209337476933
SSP585,Direct,IFE,3,PAN,-0.5896462088603933
SSP585,Direct,IFE,3,PER,-0.11200779086585888
SSP585,Direct,IFE,3,PHL,-0.5503796868948271
SSP585,Direct,IFE,3,PNG,-0.4530968516589534
SSP585,Direct,IFE,3,POL,1.749452951772395
SSP585,Direct,IFE,3,PRI,-0.6950040157765698
SSP585,Direct,IFE,3,PRT,0.16603772787963633
SSP585,Direct,IFE,3,PRY,-0.575010200652116
SSP585,Direct,IFE,3,QAT,-0.6252882699496298
SSP585,Direct,IFE,3,ROU,1.2867683062689315
SSP585,Direct,IFE,3,RUS,5.74017050658339
SSP585,Direct,IFE,3,SAU,-0.7689447777345663
SSP585,Direct,IFE,3,SDN,-0.7946968105309005
SSP585,Direct,IFE,3,SEN,-0.685185270772692
SSP585,Direct,IFE,3,SLB,-0.5636980866690305
SSP585,Direct,IFE,3,SLE,-0.5914665630545036
SSP585,Direct,IFE,3,SLV,-0.6982879459889916
SSP585,Direct,IFE,3,SRB,0.8888126453557703
SSP585,Direct,IFE,3,SUR,-0.6995077770579843
SSP585,Direct,IFE,3,SVK,1.6543317041796954
SSP585,Direct,IFE,3,SWE,2.6821245799235465
SSP585,Direct,IFE,3,TCD,-0.7475407736181667
SSP585,Direct,IFE,3,TGO,-0.6757925884423384
SSP585,Direct,IFE,3,THA,-0.6099475850100704
SSP585,Direct,IFE,3,TJK,2.5701570595457417
SSP585,Direct,IFE,3,TKM,-0.14299896956916236
SSP585,Direct,IFE,3,TTO,-0.6836865011414789
SSP585,Direct,IFE,3,TUN,-0.30399922523164213
SSP585,Direct,IFE,3,TUR,0.5832018975919466
SSP585,Direct,IFE,3,TZA,-0.46547052321360405
SSP585,Direct,IFE,3,UGA,-0.46773505975910945
SSP585,Direct,IFE,3,UKR,1.5465137310278632
SSP585,Direct,IFE,3,URY,-0.1024889246044488
SSP585,Direct,IFE,3,USA,0.49013376585798696
SSP585,Direct,IFE,3,UZB,0.6050506264236917
SSP585,Direct,IFE,3,VCT,-0.6745275031101547
SSP585,Direct,IFE,3,VNM,-0.531417982709788
SSP585,Direct,IFE,3,VUT,-0.47559208974844513
SSP585,Direct,IFE,3,WSM,-0.6263561080112268
SSP585,Direct,IFE,3,YEM,-0.6413333172792064
SSP585,Direct,IFE,3,ZAF,-0.12818030267738179
SSP585,Direct,IFE,3,ZMB,-0.5136711207263067
SSP585,Direct,IFE,3,ZWE,-0.46921188297094285
SSP585,Direct,AFE,4,AFG,-0.32721302699727906
SSP585,Direct,AFE,4,AGO,-0.5778601009648238
SSP585,Direct,AFE,4,ALB,-0.4335702404016062
SSP585,Direct,AFE,4,ARE,-0.738135288768337
SSP585,Direct,AFE,4,ARG,-0.3901632615047964
SSP585,Direct,AFE,4,AUS,-0.4115834034963387
SSP585,Direct,AFE,4,AUT,-0.17212502326999268
SSP585,Direct,AFE,4,AZE,-0.39416826419175344
SSP585,Direct,AFE,4,BEL,-0.2246283464947706
SSP585,Direct,AFE,4,BEN,-0.6462789014795962
SSP585,Direct,AFE,4,BFA,-0.7093572085367688
SSP585,Direct,AFE,4,BGD,-0.6269869177392019
SSP585,Direct,AFE,4,BGR,-0.38514052293635803
SSP585,Direct,AFE,4,BHS,-0.41738950940382913
SSP585,Direct,AFE,4,BIH,-0.3361771734245059
SSP585,Direct,AFE,4,BLR,-0.10528504741396905
SSP585,Direct,AFE,4,BLZ,-0.6439261613171081
SSP585,Direct,AFE,4,BOL,-0.47009017383672536
SSP585,Direct,AFE,4,BRA,-0.5589901795106317
SSP585,Direct,AFE,4,BRN,-0.6522518256138619
SSP585,Direct,AFE,4,BWA,-0.6552498285802891
SSP585,Direct,AFE,4,CAF,-0.6020558931154678
SSP585,Direct,AFE,4,CAN,-0.06913177398343362
SSP585,Direct,AFE,4,CHE,-0.10719131907412605
SSP585,Direct,AFE,4,CHL,-0.2929531745829367
SSP585,Direct,AFE,4,CHN,-0.34781895647669325
SSP585,Direct,AFE,4,CIV,-0.6129197898499797
SSP585,Direct,AFE,4,CMR,-0.5887782494706759
SSP585,Direct,AFE,4,COD,-0.5876126035597945
SSP585,Direct,AFE,4,COG,-0.5863855595204497
SSP585,Direct,AFE,4,COL,-0.5601152447026239
SSP585,Direct,AFE,4,CPV,-0.3335342224397261
SSP585,Direct,AFE,4,CRI,-0.6075908911688863
SSP585,Direct,AFE,4,CUB,-0.5955802631871667
SSP585,Direct,AFE,4,CYP,-0.4617147131868422
SSP585,Direct,AFE,4,CZE,-0.17811907871937704
SSP585,Direct,AFE,4,DEU,-0.19048848898666004
SSP585,Direct,AFE,4,DNK,-0.1336227623846612
SSP585,Direct,AFE,4,DOM,-0.5937880360009515
SSP585,Direct,AFE,4,DZA,-0.5570804933264544
SSP585,Direct,AFE,4,ECU,-0.5590026629962306
SSP585,Direct,AFE,4,EGY,-0.6304480837701454
SSP585,Direct,AFE,4,ESP,-0.421473753209361
SSP585,Direct,AFE,4,EST,-6.148629633957459e-4
SSP585,Direct,AFE,4,ETH,-0.4985995740267062
SSP585,Direct,AFE,4,FIN,0.13245816950905742
SSP585,Direct,AFE,4,FJI,-0.4669045280003514
SSP585,Direct,AFE,4,FRA,-0.2961640167637839
SSP585,Direct,AFE,4,GAB,-0.5531178350787026
SSP585,Direct,AFE,4,GBR,-0.1675156173132023
SSP585,Direct,AFE,4,GEO,-0.21863980897935864
SSP585,Direct,AFE,4,GHA,-0.6254675639241152
SSP585,Direct,AFE,4,GIN,-0.6373915387149092
SSP585,Direct,AFE,4,GNB,-0.6817331120192271
SSP585,Direct,AFE,4,GNQ,-0.6252820390160372
SSP585,Direct,AFE,4,GRC,-0.49648474009047483
SSP585,Direct,AFE,4,GTM,-0.6035977111597126
SSP585,Direct,AFE,4,GUY,-0.6309848264519564
SSP585,Direct,AFE,4,HND,-0.6368015231454455
SSP585,Direct,AFE,4,HRV,-0.35261518897856337
SSP585,Direct,AFE,4,HTI,-0.6216259406187811
SSP585,Direct,AFE,4,HUN,-0.3166083825116499
SSP585,Direct,AFE,4,IDN,-0.5530457474934034
SSP585,Direct,AFE,4,IND,-0.6162467754682308
SSP585,Direct,AFE,4,IRL,-0.1460449498326899
SSP585,Direct,AFE,4,IRN,-0.5058317550744762
SSP585,Direct,AFE,4,IRQ,-0.699237482048638
SSP585,Direct,AFE,4,ISL,0.1907329030571121
SSP585,Direct,AFE,4,ISR,-0.5625698072468839
SSP585,Direct,AFE,4,ITA,-0.38549528897512564
SSP585,Direct,AFE,4,JAM,-0.7095287104401709
SSP585,Direct,AFE,4,JPN,-0.35317867279153026
SSP585,Direct,AFE,4,KAZ,-0.18897379189426178
SSP585,Direct,AFE,4,KEN,-0.4770582500665963
SSP585,Direct,AFE,4,KGZ,0.1011383070582148
SSP585,Direct,AFE,4,KHM,-0.6031148517454332
SSP585,Direct,AFE,4,KOR,-0.2920718750171223
SSP585,Direct,AFE,4,LAO,-0.552311597715822
SSP585,Direct,AFE,4,LBN,-0.5866644502057601
SSP585,Direct,AFE,4,LBR,-0.5670134118265278
SSP585,Direct,AFE,4,LBY,-0.5853656430927601
SSP585,Direct,AFE,4,LKA,-0.55300305065514
SSP585,Direct,AFE,4,LTU,-0.08487337970958542
SSP585,Direct,AFE,4,LVA,-0.054227489143801266
SSP585,Direct,AFE,4,MAR,-0.5672695739228104
SSP585,Direct,AFE,4,MDA,-0.3593019373314682
SSP585,Direct,AFE,4,MDG,-0.49837483505240865
SSP585,Direct,AFE,4,MEX,-0.5272698539626324
SSP585,Direct,AFE,4,MLI,-0.7432387581989797
SSP585,Direct,AFE,4,MMR,-0.5844414191850569
SSP585,Direct,AFE,4,MNG,0.4540752459688262
SSP585,Direct,AFE,4,MOZ,-0.6115218640452746
SSP585,Direct,AFE,4,MRT,-0.7222437930054786
SSP585,Direct,AFE,4,MUS,-0.39086015058126766
SSP585,Direct,AFE,4,MWI,-0.5952991813333068
SSP585,Direct,AFE,4,MYS,-0.554662222892992
SSP585,Direct,AFE,4,NAM,-0.6572074581911305
SSP585,Direct,AFE,4,NER,-0.7110516232459911
SSP585,Direct,AFE,4,NGA,-0.6334617810861508
SSP585,Direct,AFE,4,NIC,-0.6513459355352873
SSP585,Direct,AFE,4,NLD,-0.20769224067293446
SSP585,Direct,AFE,4,NOR,0.12907161374652976
SSP585,Direct,AFE,4,NPL,-0.40378682384558906
SSP585,Direct,AFE,4,NZL,-0.26389865687917613
SSP585,Direct,AFE,4,OMN,-0.709046303593164
SSP585,Direct,AFE,4,PAK,-0.6408190225406842
SSP585,Direct,AFE,4,PAN,-0.569596505477769
SSP585,Direct,AFE,4,PER,-0.48866872938514283
SSP585,Direct,AFE,4,PHL,-0.5427798439895128
SSP585,Direct,AFE,4,PNG,-0.5246410972022527
SSP585,Direct,AFE,4,POL,-0.18078140700996737
SSP585,Direct,AFE,4,PRI,-0.682642269031427
SSP585,Direct,AFE,4,PRT,-0.42853607637583235
SSP585,Direct,AFE,4,PRY,-0.5997342371463756
SSP585,Direct,AFE,4,QAT,-0.5735097655325273
SSP585,Direct,AFE,4,ROU,-0.3019874585581056
SSP585,Direct,AFE,4,RUS,0.04672702082031632
SSP585,Direct,AFE,4,SAU,-0.7292608742874824
SSP585,Direct,AFE,4,SDN,-0.7132204350574567
SSP585,Direct,AFE,4,SEN,-0.6344526722966957
SSP585,Direct,AFE,4,SLB,-0.5366109783528081
SSP585,Direct,AFE,4,SLE,-0.5839062177119605
SSP585,Direct,AFE,4,SLV,-0.6967865186671023
SSP585,Direct,AFE,4,SRB,-0.3546399324563617
SSP585,Direct,AFE,4,SUR,-0.667500685115755
SSP585,Direct,AFE,4,SVK,-0.21516394329270683
SSP585,Direct,AFE,4,SWE,-0.0246806318206938
SSP585,Direct,AFE,4,TCD,-0.6794249303453848
SSP585,Direct,AFE,4,TGO,-0.6372145327750911
SSP585,Direct,AFE,4,THA,-0.605761861912128
SSP585,Direct,AFE,4,TJK,-0.18667479274161525
SSP585,Direct,AFE,4,TKM,-0.5554403603342223
SSP585,Direct,AFE,4,TTO,-0.6706788242862978
SSP585,Direct,AFE,4,TUN,-0.5570945469342876
SSP585,Direct,AFE,4,TUR,-0.41311979259018405
SSP585,Direct,AFE,4,TZA,-0.5299247708331843
SSP585,Direct,AFE,4,UGA,-0.5313227502956914
SSP585,Direct,AFE,4,UKR,-0.2705026625225213
SSP585,Direct,AFE,4,URY,-0.35368524096314513
SSP585,Direct,AFE,4,USA,-0.3685726757493354
SSP585,Direct,AFE,4,UZB,-0.41638597213709005
SSP585,Direct,AFE,4,VCT,-0.6721644059418515
SSP585,Direct,AFE,4,VNM,-0.5657313880839079
SSP585,Direct,AFE,4,VUT,-0.4666393536474581
SSP585,Direct,AFE,4,WSM,-0.5965122188092236
SSP585,Direct,AFE,4,YEM,-0.6237149230745611
SSP585,Direct,AFE,4,ZAF,-0.48905742070896063
SSP585,Direct,AFE,4,ZMB,-0.6002215742091168
SSP585,Direct,AFE,4,ZWE,-0.5887180773907125
SSP585,Direct,IFE,4,AFG,1.4658072644725908
SSP585,Direct,IFE,4,AGO,-0.6024081631053533
SSP585,Direct,IFE,4,ALB,0.3474864634552368
SSP585,Direct,IFE,4,ARE,-0.8662438473586379
SSP585,Direct,IFE,4,ARG,-0.17004683404368048
SSP585,Direct,IFE,4,AUS,-0.1194229305275647
SSP585,Direct,IFE,4,AUT,2.3006567644243194
SSP585,Direct,IFE,4,AZE,0.6740789395240345
SSP585,Direct,IFE,4,BEL,1.1103541282038356
SSP585,Direct,IFE,4,BEN,-0.7606492179821069
SSP585,Direct,IFE,4,BFA,-0.8389226003585193
SSP585,Direct,IFE,4,BGD,-0.6984676068244015
SSP585,Direct,IFE,4,BGR,0.7873314895796932
SSP585,Direct,IFE,4,BHS,-0.4972781956459654
SSP585,Direct,IFE,4,BIH,1.0456924772077012
SSP585,Direct,IFE,4,BLR,3.328357420109093
SSP585,Direct,IFE,4,BLZ,-0.7437920209187269
SSP585,Direct,IFE,4,BOL,-0.03514011265722061
SSP585,Direct,IFE,4,BRA,-0.5690507871856045
SSP585,Direct,IFE,4,BRN,-0.725357498540026
SSP585,Direct,IFE,4,BWA,-0.6468842005451444
SSP585,Direct,IFE,4,CAF,-0.6810290413377118
SSP585,Direct,IFE,4,CAN,4.606175965853086
SSP585,Direct,IFE,4,CHE,2.7706307791998963
SSP585,Direct,IFE,4,CHL,0.5201027545542121
SSP585,Direct,IFE,4,CHN,0.6916857669471617
SSP585,Direct,IFE,4,CIV,-0.7079884483526059
SSP585,Direct,IFE,4,CMR,-0.6488345208614466
SSP585,Direct,IFE,4,COD,-0.63585782180964
SSP585,Direct,IFE,4,COG,-0.6512727494265775
SSP585,Direct,IFE,4,COL,-0.6003561311004082
SSP585,Direct,IFE,4,CPV,-0.3534810881683226
SSP585,Direct,IFE,4,CRI,-0.6962053722118724
SSP585,Direct,IFE,4,CUB,-0.7010127442496915
SSP585,Direct,IFE,4,CYP,-0.43318316561965176
SSP585,Direct,IFE,4,CZE,2.0316653439928536
SSP585,Direct,IFE,4,DEU,1.6402865548959928
SSP585,Direct,IFE,4,DNK,1.7379446131421874
SSP585,Direct,IFE,4,DOM,-0.6892438444644887
SSP585,Direct,IFE,4,DZA,-0.3263281171564668
SSP585,Direct,IFE,4,ECU,-0.49091899958875007
SSP585,Direct,IFE,4,EGY,-0.6408839338534845
SSP585,Direct,IFE,4,ESP,0.2718638241625677
SSP585,Direct,IFE,4,EST,4.3120341882038415
SSP585,Direct,IFE,4,ETH,-0.4249995800345603
SSP585,Direct,IFE,4,FIN,7.300498011384047
SSP585,Direct,IFE,4,FJI,-0.540342073104803
SSP585,Direct,IFE,4,FRA,0.8406454662077156
SSP585,Direct,IFE,4,GAB,-0.6185589534592464
SSP585,Direct,IFE,4,GBR,1.2781818798061448
SSP585,Direct,IFE,4,GEO,2.3657846108753846
SSP585,Direct,IFE,4,GHA,-0.7330323786050367
SSP585,Direct,IFE,4,GIN,-0.7374436802727118
SSP585,Direct,IFE,4,GNB,-0.8110493688024625
SSP585,Direct,IFE,4,GNQ,-0.6958366092522177
SSP585,Direct,IFE,4,GRC,-0.05419126100431371
SSP585,Direct,IFE,4,GTM,-0.6485734521052309
SSP585,Direct,IFE,4,GUY,-0.7311021954849893
SSP585,Direct,IFE,4,HND,-0.7092805445382688
SSP585,Direct,IFE,4,HRV,0.8630244082622391
SSP585,Direct,IFE,4,HTI,-0.727258255881666
SSP585,Direct,IFE,4,HUN,1.0864520786918668
SSP585,Direct,IFE,4,IDN,-0.649324023429986
SSP585,Direct,IFE,4,IND,-0.686213117360791
SSP585,Direct,IFE,4,IRL,1.290852532322638
SSP585,Direct,IFE,4,IRN,-0.02976209608632141
SSP585,Direct,IFE,4,IRQ,-0.7272710145446326
SSP585,Direct,IFE,4,ISL,6.292923669048846
SSP585,Direct,IFE,4,ISR,-0.46931082986455985
SSP585,Direct,IFE,4,ITA,0.5286388887126845
SSP585,Direct,IFE,4,JAM,-0.8137992258986229
SSP585,Direct,IFE,4,JPN,0.4500272926990032
SSP585,Direct,IFE,4,KAZ,3.514394482961462
SSP585,Direct,IFE,4,KEN,-0.4422820270992659
SSP585,Direct,IFE,4,KGZ,8.110178707941131
SSP585,Direct,IFE,4,KHM,-0.6955504772643031
SSP585,Direct,IFE,4,KOR,1.102024894792737
SSP585,Direct,IFE,4,LAO,-0.5419951390909261
SSP585,Direct,IFE,4,LBN,-0.42228479399154295
SSP585,Direct,IFE,4,LBR,-0.6377593715024245
SSP585,Direct,IFE,4,LBY,-0.5177121121781945
SSP585,Direct,IFE,4,LKA,-0.6426372932680231
SSP585,Direct,IFE,4,LTU,3.1742198782119653
SSP585,Direct,IFE,4,LVA,3.550380649610025
SSP585,Direct,IFE,4,MAR,-0.42638885554762396
SSP585,Direct,IFE,4,MDA,1.242186688788398
SSP585,Direct,IFE,4,MDG,-0.4614348507957967
SSP585,Direct,IFE,4,MEX,-0.38549809891163844
SSP585,Direct,IFE,4,MLI,-0.8672314623041383
SSP585,Direct,IFE,4,MMR,-0.6127271466297168
SSP585,Direct,IFE,4,MNG,19.235451193082223
SSP585,Direct,IFE,4,MOZ,-0.6670810048400833
SSP585,Direct,IFE,4,MRT,-0.8521657734845769
SSP585,Direct,IFE,4,MUS,-0.41397654980170717
SSP585,Direct,IFE,4,MWI,-0.6049543652171997
SSP585,Direct,IFE,4,MYS,-0.633779657570622
SSP585,Direct,IFE,4,NAM,-0.6742156931542198
SSP585,Direct,IFE,4,NER,-0.8399187497028879
SSP585,Direct,IFE,4,NGA,-0.7360538008448895
SSP585,Direct,IFE,4,NIC,-0.7513298868608673
SSP585,Direct,IFE,4,NLD,1.1608330709433057
SSP585,Direct,IFE,4,NOR,5.28181357150821
SSP585,Direct,IFE,4,NPL,0.44632936040364557
SSP585,Direct,IFE,4,NZL,0.32846709914373573
SSP585,Direct,IFE,4,OMN,-0.8412570855774215
SSP585,Direct,IFE,4,PAK,-0.6663422210411505
SSP585,Direct,IFE,4,PAN,-0.675586364173866
SSP585,Direct,IFE,4,PER,-0.15561839980096015
SSP585,Direct,IFE,4,PHL,-0.6265295246967711
SSP585,Direct,IFE,4,PNG,-0.5212858484647832
SSP585,Direct,IFE,4,POL,2.027835341581281
SSP585,Direct,IFE,4,PRI,-0.7742724543972508
SSP585,Direct,IFE,4,PRT,0.08986475485838019
SSP585,Direct,IFE,4,PRY,-0.6551662430706471
SSP585,Direct,IFE,4,QAT,-0.6995243246700085
SSP585,Direct,IFE,4,ROU,1.4012983753268577
SSP585,Direct,IFE,4,RUS,7.510023642286145
SSP585,Direct,IFE,4,SAU,-0.8346686020616857
SSP585,Direct,IFE,4,SDN,-0.8531859777980068
SSP585,Direct,IFE,4,SEN,-0.7582312102633213
SSP585,Direct,IFE,4,SLB,-0.6354714159353396
SSP585,Direct,IFE,4,SLE,-0.6732059607315737
SSP585,Direct,IFE,4,SLV,-0.778049317930421
SSP585,Direct,IFE,4,SRB,0.9198746989210942
SSP585,Direct,IFE,4,SUR,-0.777572209294036
SSP585,Direct,IFE,4,SVK,1.8852533584752291
SSP585,Direct,IFE,4,SWE,3.3284788350913335
SSP585,Direct,IFE,4,TCD,-0.8112616695876151
SSP585,Direct,IFE,4,TGO,-0.7491940901292834
SSP585,Direct,IFE,4,THA,-0.6847445221620432
SSP585,Direct,IFE,4,TJK,3.0545294729228454
SSP585,Direct,IFE,4,TKM,-0.23770617156190088
SSP585,Direct,IFE,4,TTO,-0.7657528566651743
SSP585,Direct,IFE,4,TUN,-0.40064967004965024
SSP585,Direct,IFE,4,TUR,0.5531491254072187
SSP585,Direct,IFE,4,TZA,-0.5400117125278906
SSP585,Direct,IFE,4,UGA,-0.5380958850014044
SSP585,Direct,IFE,4,UKR,1.7322374364600472
SSP585,Direct,IFE,4,URY,-0.1500001908686336
SSP585,Direct,IFE,4,USA,0.489541988767344
SSP585,Direct,IFE,4,UZB,0.5925712177687612
SSP585,Direct,IFE,4,VCT,-0.757836174227032
SSP585,Direct,IFE,4,VNM,-0.6091326494957571
SSP585,Direct,IFE,4,VUT,-0.5412624011195875
SSP585,Direct,IFE,4,WSM,-0.6975754373907758
SSP585,Direct,IFE,4,YEM,-0.7155825329219894
SSP585,Direct,IFE,4,ZAF,-0.21513697419354127
SSP585,Direct,IFE,4,ZMB,-0.5993854447664464
SSP585,Direct,IFE,4,ZWE,-0.5589513694229953
SSP585,Direct,AFE,5,AFG,-0.5666271355927092
SSP585,Direct,AFE,5,AGO,-0.3927268527802189
SSP585,Direct,AFE,5,ALB,-0.5352877536339671
SSP585,Direct,AFE,5,ARE,-0.40854154625054195
SSP585,Direct,AFE,5,ARG,-0.35139726779843594
SSP585,Direct,AFE,5,AUS,-0.4090827153706219
SSP585,Direct,AFE,5,AUT,-0.5294918098086665
SSP585,Direct,AFE,5,AZE,-0.538536185227733
SSP585,Direct,AFE,5,BEL,-0.44891222235647654
SSP585,Direct,AFE,5,BEN,-0.3739260376548529
SSP585,Direct,AFE,5,BFA,-0.3822174195039374
SSP585,Direct,AFE,5,BGD,-0.3830168911428501
SSP585,Direct,AFE,5,BGR,-0.5517877867439197
SSP585,Direct,AFE,5,BHS,-0.2658085069420718
SSP585,Direct,AFE,5,BIH,-0.5424703796064885
SSP585,Direct,AFE,5,BLR,-0.5411252517332792
SSP585,Direct,AFE,5,BLZ,-0.4052911863794586
SSP585,Direct,AFE,5,BOL,-0.487082467501218
SSP585,Direct,AFE,5,BRA,-0.3962482985425759
SSP585,Direct,AFE,5,BRN,-0.4303109186103333
SSP585,Direct,AFE,5,BWA,-0.49609505448900926
SSP585,Direct,AFE,5,CAF,-0.370228598695329
SSP585,Direct,AFE,5,CAN,-0.5709021016832656
SSP585,Direct,AFE,5,CHE,-0.5181046642639417
SSP585,Direct,AFE,5,CHL,-0.45135423435040445
SSP585,Direct,AFE,5,CHN,-0.4848937544727896
SSP585,Direct,AFE,5,CIV,-0.3729100611450311
SSP585,Direct,AFE,5,CMR,-0.38178636544732203
SSP585,Direct,AFE,5,COD,-0.38760051174907295
SSP585,Direct,AFE,5,COG,-0.37673306945666984
SSP585,Direct,AFE,5,COL,-0.3760664435479101
SSP585,Direct,AFE,5,CPV,-0.22023718111295254
SSP585,Direct,AFE,5,CRI,-0.4098054545880008
SSP585,Direct,AFE,5,CUB,-0.3585386754843497
SSP585,Direct,AFE,5,CYP,-0.34336511453109864
SSP585,Direct,AFE,5,CZE,-0.5095192468051358
SSP585,Direct,AFE,5,DEU,-0.48513270490741767
SSP585,Direct,AFE,5,DNK,-0.4449097020481554
SSP585,Direct,AFE,5,DOM,-0.38183272047375927
SSP585,Direct,AFE,5,DZA,-0.5156630236025009
SSP585,Direct,AFE,5,ECU,-0.45747666954520916
SSP585,Direct,AFE,5,EGY,-0.4566573078478149
SSP585,Direct,AFE,5,ESP,-0.5147975166687284
SSP585,Direct,AFE,5,EST,-0.5214805886362321
SSP585,Direct,AFE,5,ETH,-0.3606509837982118
SSP585,Direct,AFE,5,FIN,-0.5546578454992084
SSP585,Direct,AFE,5,FJI,-0.27301436642368604
SSP585,Direct,AFE,5,FRA,-0.48230670356036975
SSP585,Direct,AFE,5,GAB,-0.34899734791478143
SSP585,Direct,AFE,5,GBR,-0.42399783080776676
SSP585,Direct,AFE,5,GEO,-0.5606552250285082
SSP585,Direct,AFE,5,GHA,-0.37069167088982624
SSP585,Direct,AFE,5,GIN,-0.390493689486096
SSP585,Direct,AFE,5,GNB,-0.3827357212801127
SSP585,Direct,AFE,5,GNQ,-0.40553529201800254
SSP585,Direct,AFE,5,GRC,-0.5219422329122735
SSP585,Direct,AFE,5,GTM,-0.42936119239274206
SSP585,Direct,AFE,5,GUY,-0.4096976823650619
SSP585,Direct,AFE,5,HND,-0.4452463922992099
SSP585,Direct,AFE,5,HRV,-0.5323002480046986
SSP585,Direct,AFE,5,HTI,-0.39414553451348433
SSP585,Direct,AFE,5,HUN,-0.525950582605483
SSP585,Direct,AFE,5,IDN,-0.32392177967070834
SSP585,Direct,AFE,5,IND,-0.36768393909154484
SSP585,Direct,AFE,5,IRL,-0.40754589150079445
SSP585,Direct,AFE,5,IRN,-0.5232672434243145
SSP585,Direct,AFE,5,IRQ,-0.5052343023014132
SSP585,Direct,AFE,5,ISL,-0.5042915183436241
SSP585,Direct,AFE,5,ISR,-0.4604431223501634
SSP585,Direct,AFE,5,ITA,-0.5196834562470447
SSP585,Direct,AFE,5,JAM,-0.44658477026553933
SSP585,Direct,AFE,5,JPN,-0.46633345821384165
SSP585,Direct,AFE,5,KAZ,-0.597191137129481
SSP585,Direct,AFE,5,KEN,-0.3159280342148292
SSP585,Direct,AFE,5,KGZ,-0.592876992047473
SSP585,Direct,AFE,5,KHM,-0.35767099445621997
SSP585,Direct,AFE,5,KOR,-0.49319848439388847
SSP585,Direct,AFE,5,LAO,-0.38631346984477666
SSP585,Direct,AFE,5,LBN,-0.5162039403555646
SSP585,Direct,AFE,5,LBR,-0.35556928747059
SSP585,Direct,AFE,5,LBY,-0.46517315724112895
SSP585,Direct,AFE,5,LKA,-0.3099468339149052
SSP585,Direct,AFE,5,LTU,-0.5184153263356599
SSP585,Direct,AFE,5,LVA,-0.5184296591853119
SSP585,Direct,AFE,5,MAR,-0.4897703266108969
SSP585,Direct,AFE,5,MDA,-0.5759124728790677
SSP585,Direct,AFE,5,MDG,-0.37754021455472986
SSP585,Direct,AFE,5,MEX,-0.4562969293259428
SSP585,Direct,AFE,5,MLI,-0.4214027501051031
SSP585,Direct,AFE,5,MMR,-0.3866284871198449
SSP585,Direct,AFE,5,MNG,-0.6216653079653034
SSP585,Direct,AFE,5,MOZ,-0.4126891477144059
SSP585,Direct,AFE,5,MRT,-0.4008344549471965
SSP585,Direct,AFE,5,MUS,-0.2530349758977559
SSP585,Direct,AFE,5,MWI,-0.4267038512079887
SSP585,Direct,AFE,5,MYS,-0.34048534221966464
SSP585,Direct,AFE,5,NAM,-0.4838248871991535
SSP585,Direct,AFE,5,NER,-0.3789557103487382
SSP585,Direct,AFE,5,NGA,-0.37409584092430814
SSP585,Direct,AFE,5,NIC,-0.4242144383972406
SSP585,Direct,AFE,5,NLD,-0.4426440614742563
SSP585,Direct,AFE,5,NOR,-0.49020268868337324
SSP585,Direct,AFE,5,NPL,-0.5014039979765027
SSP585,Direct,AFE,5,NZL,-0.3654206808990792
SSP585,Direct,AFE,5,OMN,-0.38428181834129105
SSP585,Direct,AFE,5,PAK,-0.44408964453436983
SSP585,Direct,AFE,5,PAN,-0.3378070646107212
SSP585,Direct,AFE,5,PER,-0.46696225692596016
SSP585,Direct,AFE,5,PHL,-0.3255122394164448
SSP585,Direct,AFE,5,PNG,-0.3875153855607244
SSP585,Direct,AFE,5,POL,-0.5094629471710255
SSP585,Direct,AFE,5,PRI,-0.4512288031761704
SSP585,Direct,AFE,5,PRT,-0.4896810112784915
SSP585,Direct,AFE,5,PRY,-0.388070086502874
SSP585,Direct,AFE,5,QAT,-0.30675983827170517
SSP585,Direct,AFE,5,ROU,-0.5485097215359034
SSP585,Direct,AFE,5,RUS,-0.6018745411365896
SSP585,Direct,AFE,5,SAU,-0.4428912775076944
SSP585,Direct,AFE,5,SDN,-0.36437077250188143
SSP585,Direct,AFE,5,SEN,-0.35779827617000304
SSP585,Direct,AFE,5,SLB,-0.3147041944696105
SSP585,Direct,AFE,5,SLE,-0.35535811720351895
SSP585,Direct,AFE,5,SLV,-0.4679628152797234
SSP585,Direct,AFE,5,SRB,-0.5409262052621948
SSP585,Direct,AFE,5,SUR,-0.4201899087108426
SSP585,Direct,AFE,5,SVK,-0.5251522038824068
SSP585,Direct,AFE,5,SWE,-0.48639377471412093
SSP585,Direct,AFE,5,TCD,-0.3567118359531928
SSP585,Direct,AFE,5,TGO,-0.36971777705697517
SSP585,Direct,AFE,5,THA,-0.37204248931581596
SSP585,Direct,AFE,5,TJK,-0.5751926717252175
SSP585,Direct,AFE,5,TKM,-0.5262065993086569
SSP585,Direct,AFE,5,TTO,-0.4503441099033074
SSP585,Direct,AFE,5,TUN,-0.48295246730687147
SSP585,Direct,AFE,5,TUR,-0.5468445430167601
SSP585,Direct,AFE,5,TZA,-0.3518462246775187
SSP585,Direct,AFE,5,UGA,-0.3525168123883574
SSP585,Direct,AFE,5,UKR,-0.5503437305284915
SSP585,Direct,AFE,5,URY,-0.30846308833112435
SSP585,Direct,AFE,5,USA,-0.4822718986938289
SSP585,Direct,AFE,5,UZB,-0.5441997762354326
SSP585,Direct,AFE,5,VCT,-0.45598508426635587
SSP585,Direct,AFE,5,VNM,-0.36852256231402225
SSP585,Direct,AFE,5,VUT,-0.26425427860555584
SSP585,Direct,AFE,5,WSM,-0.3538793718463018
SSP585,Direct,AFE,5,YEM,-0.3645724903955144
SSP585,Direct,AFE,5,ZAF,-0.46244476312832117
SSP585,Direct,AFE,5,ZMB,-0.4307586441090693
SSP585,Direct,AFE,5,ZWE,-0.4421532068198726
SSP585,Direct,IFE,5,AFG,-0.3551526466785686
SSP585,Direct,IFE,5,AGO,-0.7264235737659148
SSP585,Direct,IFE,5,ALB,-0.5205420102651741
SSP585,Direct,IFE,5,ARE,-0.8761946415627404
SSP585,Direct,IFE,5,ARG,-0.5066408795453404
SSP585,Direct,IFE,5,AUS,-0.5205525101568755
SSP585,Direct,IFE,5,AUT,-0.10874040991321499
SSP585,Direct,IFE,5,AZE,-0.4655782837554614
SSP585,Direct,IFE,5,BEL,-0.23435955815543896
SSP585,Direct,IFE,5,BEN,-0.7978352150988159
SSP585,Direct,IFE,5,BFA,-0.8545557940149316
SSP585,Direct,IFE,5,BGD,-0.7775092918047848
SSP585,Direct,IFE,5,BGR,-0.4461596799052461
SSP585,Direct,IFE,5,BHS,-0.55391687762679
SSP585,Direct,IFE,5,BIH,-0.37531824229508637
SSP585,Direct,IFE,5,BLR,0.015463068106234434
SSP585,Direct,IFE,5,BLZ,-0.7916780019222468
SSP585,Direct,IFE,5,BOL,-0.584710274181149
SSP585,Direct,IFE,5,BRA,-0.7055374379096899
SSP585,Direct,IFE,5,BRN,-0.7931690690624292
SSP585,Direct,IFE,5,BWA,-0.7944076197890791
SSP585,Direct,IFE,5,CAF,-0.7535910864307093
SSP585,Direct,IFE,5,CAN,0.10302833215593554
SSP585,Direct,IFE,5,CHE,0.0021424606869842044
SSP585,Direct,IFE,5,CHL,-0.33428242843432
SSP585,Direct,IFE,5,CHN,-0.4153308556039126
SSP585,Direct,IFE,5,CIV,-0.7654808133380184
SSP585,Direct,IFE,5,CMR,-0.7392315673469059
SSP585,Direct,IFE,5,COD,-0.7369511948377008
SSP585,Direct,IFE,5,COG,-0.7376807411576751
SSP585,Direct,IFE,5,COL,-0.7140594087998478
SSP585,Direct,IFE,5,CPV,-0.45165098735743736
SSP585,Direct,IFE,5,CRI,-0.7562044139373872
SSP585,Direct,IFE,5,CUB,-0.7482312294654667
SSP585,Direct,IFE,5,CYP,-0.5972049665440008
SSP585,Direct,IFE,5,CZE,-0.13041003893412317
SSP585,Direct,IFE,5,DEU,-0.1622631547769745
SSP585,Direct,IFE,5,DNK,-0.08432345995612511
SSP585,Direct,IFE,5,DOM,-0.7419897594453192
SSP585,Direct,IFE,5,DZA,-0.6828435191934566
SSP585,Direct,IFE,5,ECU,-0.6786514484644018
SSP585,Direct,IFE,5,EGY,-0.7740474782701201
SSP585,Direct,IFE,5,ESP,-0.5078011670257482
SSP585,Direct,IFE,5,EST,0.20085479181665034
SSP585,Direct,IFE,5,ETH,-0.6406381683118508
SSP585,Direct,IFE,5,FIN,0.5014753927289763
SSP585,Direct,IFE,5,FJI,-0.615307090854325
SSP585,Direct,IFE,5,FRA,-0.33482538383026605
SSP585,Direct,IFE,5,GAB,-0.7050417504506024
SSP585,Direct,IFE,5,GBR,-0.14943231358534848
SSP585,Direct,IFE,5,GEO,-0.17641786248862623
SSP585,Direct,IFE,5,GHA,-0.7781067030584733
SSP585,Direct,IFE,5,GIN,-0.7884866142948042
SSP585,Direct,IFE,5,GNB,-0.8297574270087135
SSP585,Direct,IFE,5,GNQ,-0.7729399940001601
SSP585,Direct,IFE,5,GRC,-0.607167427472135
SSP585,Direct,IFE,5,GTM,-0.7496688530780251
SSP585,Direct,IFE,5,GUY,-0.778050613981474
SSP585,Direct,IFE,5,HND,-0.7799574559746036
SSP585,Direct,IFE,5,HRV,-0.404351233021195
SSP585,Direct,IFE,5,HTI,-0.7693688186892389
SSP585,Direct,IFE,5,HUN,-0.3520554530232839
SSP585,Direct,IFE,5,IDN,-0.7078117876014758
SSP585,Direct,IFE,5,IND,-0.7699030879057334
SSP585,Direct,IFE,5,IRL,-0.11763235553926943
SSP585,Direct,IFE,5,IRN,-0.6221283117838505
SSP585,Direct,IFE,5,IRQ,-0.8359560895954972
SSP585,Direct,IFE,5,ISL,0.5952190591900661
SSP585,Direct,IFE,5,ISR,-0.6991051038884322
SSP585,Direct,IFE,5,ITA,-0.45618604559352294
SSP585,Direct,IFE,5,JAM,-0.8490408152482509
SSP585,Direct,IFE,5,JPN,-0.42419765329795056
SSP585,Direct,IFE,5,KAZ,-0.10734205069383573
SSP585,Direct,IFE,5,KEN,-0.6241376454895513
SSP585,Direct,IFE,5,KGZ,0.4693362729676205
SSP585,Direct,IFE,5,KHM,-0.7539249779527151
SSP585,Direct,IFE,5,KOR,-0.3251893834600186
SSP585,Direct,IFE,5,LAO,-0.6977489543388887
SSP585,Direct,IFE,5,LBN,-0.717639362103703
SSP585,Direct,IFE,5,LBR,-0.718941186598681
SSP585,Direct,IFE,5,LBY,-0.7245412987944679
SSP585,Direct,IFE,5,LKA,-0.7048223014442734
SSP585,Direct,IFE,5,LTU,0.039589582246713606
SSP585,Direct,IFE,5,LVA,0.09653466252657461
SSP585,Direct,IFE,5,MAR,-0.6992633050447123
SSP585,Direct,IFE,5,MDA,-0.39980722932437174
SSP585,Direct,IFE,5,MDG,-0.6387108891049972
SSP585,Direct,IFE,5,MEX,-0.6600555843962552
SSP585,Direct,IFE,5,MLI,-0.8792498913123206
SSP585,Direct,IFE,5,MMR,-0.7309264311468766
SSP585,Direct,IFE,5,MNG,1.3564443394560013
SSP585,Direct,IFE,5,MOZ,-0.7593727798390334
SSP585,Direct,IFE,5,MRT,-0.8635760404423977
SSP585,Direct,IFE,5,MUS,-0.5238879033613466
SSP585,Direct,IFE,5,MWI,-0.7411656157186757
SSP585,Direct,IFE,5,MYS,-0.704834337626459
SSP585,Direct,IFE,5,NAM,-0.7971937891047672
SSP585,Direct,IFE,5,NER,-0.8568481752811163
SSP585,Direct,IFE,5,NGA,-0.785130524797871
SSP585,Direct,IFE,5,NIC,-0.7964075299025453
SSP585,Direct,IFE,5,NLD,-0.20897300085155712
SSP585,Direct,IFE,5,NOR,0.45191465715046
SSP585,Direct,IFE,5,NPL,-0.4677703651312818
SSP585,Direct,IFE,5,NZL,-0.3209575714406989
SSP585,Direct,IFE,5,OMN,-0.854122442187299
SSP585,Direct,IFE,5,PAK,-0.7872482549571499
SSP585,Direct,IFE,5,PAN,-0.7272700238082427
SSP585,Direct,IFE,5,PER,-0.5971297319254384
SSP585,Direct,IFE,5,PHL,-0.6945974285686982
SSP585,Direct,IFE,5,PNG,-0.6518383314621036
SSP585,Direct,IFE,5,POL,-0.13575714092855962
SSP585,Direct,IFE,5,PRI,-0.8234053508098906
SSP585,Direct,IFE,5,PRT,-0.5239252071739275
SSP585,Direct,IFE,5,PRY,-0.750589082411478
SSP585,Direct,IFE,5,QAT,-0.7319704480110039
SSP585,Direct,IFE,5,ROU,-0.3196236392547105
SSP585,Direct,IFE,5,RUS,0.36008214400442395
SSP585,Direct,IFE,5,SAU,-0.8669440764165115
SSP585,Direct,IFE,5,SDN,-0.8592929820683468
SSP585,Direct,IFE,5,SEN,-0.7877873110716554
SSP585,Direct,IFE,5,SLB,-0.684743483649364
SSP585,Direct,IFE,5,SLE,-0.7386347094197618
SSP585,Direct,IFE,5,SLV,-0.8360791493005999
SSP585,Direct,IFE,5,SRB,-0.4045009214216019
SSP585,Direct,IFE,5,SUR,-0.8123163736360524
SSP585,Direct,IFE,5,SVK,-0.1864450116915024
SSP585,Direct,IFE,5,SWE,0.13327993947915084
SSP585,Direct,IFE,5,TCD,-0.8307362377931655
SSP585,Direct,IFE,5,TGO,-0.7893573996887777
SSP585,Direct,IFE,5,THA,-0.756832126881544
SSP585,Direct,IFE,5,TJK,-0.11506901324051766
SSP585,Direct,IFE,5,TKM,-0.6823008502717713
SSP585,Direct,IFE,5,TTO,-0.8108949068975143
SSP585,Direct,IFE,5,TUN,-0.6893666245477238
SSP585,Direct,IFE,5,TUR,-0.4882570953616623
SSP585,Direct,IFE,5,TZA,-0.6787097068879719
SSP585,Direct,IFE,5,UGA,-0.6782309695487085
SSP585,Direct,IFE,5,UKR,-0.26906527011010095
SSP585,Direct,IFE,5,URY,-0.4667670035790987
SSP585,Direct,IFE,5,USA,-0.4455030079220952
SSP585,Direct,IFE,5,UZB,-0.4971315775827836
SSP585,Direct,IFE,5,VCT,-0.812728006457336
SSP585,Direct,IFE,5,VNM,-0.71515124718392
SSP585,Direct,IFE,5,VUT,-0.6130040180651746
SSP585,Direct,IFE,5,WSM,-0.7456530653789616
SSP585,Direct,IFE,5,YEM,-0.7787743336421143
SSP585,Direct,IFE,5,ZAF,-0.6120695096194129
SSP585,Direct,IFE,5,ZMB,-0.7460057234285264
SSP585,Direct,IFE,5,ZWE,-0.7323760609307004
SSP585,Interactive,AFE,0,AFG,-0.10124772445725194
SSP585,Interactive,AFE,0,AGO,-0.8156475913722787
SSP585,Interactive,AFE,0,ALB,-0.5091224777431548
SSP585,Interactive,AFE,0,ARE,-0.9885431079358534
SSP585,Interactive,AFE,0,ARG,-0.6049755643613084
SSP585,Interactive,AFE,0,AUS,-0.6095915627437202
SSP585,Interactive,AFE,0,AUT,0.69490860501128
SSP585,Interactive,AFE,0,AZE,-0.4298653912836604
SSP585,Interactive,AFE,0,BEL,0.09715183341625178
SSP585,Interactive,AFE,0,BEN,-0.9046445329999412
SSP585,Interactive,AFE,0,BFA,-0.9499576531138955
SSP585,Interactive,AFE,0,BGD,-0.8615750786728278
SSP585,Interactive,AFE,0,BGR,-0.3544412990721292
SSP585,Interactive,AFE,0,BHS,-0.7522098501362026
SSP585,Interactive,AFE,0,BIH,-0.12189344353317355
SSP585,Interactive,AFE,0,BLR,1.0645195369609102
SSP585,Interactive,AFE,0,BLZ,-0.9317065632248029
SSP585,Interactive,AFE,0,BOL,0.03204926802270225
SSP585,Interactive,AFE,0,BRA,-0.8025723128224267
SSP585,Interactive,AFE,0,BRN,-0.9799157229306867
SSP585,Interactive,AFE,0,BWA,-0.9161775638347935
SSP585,Interactive,AFE,0,CAF,-0.8578503157475965
SSP585,Interactive,AFE,0,CAN,1.672343437269915
SSP585,Interactive,AFE,0,CHE,1.7673642574319297
SSP585,Interactive,AFE,0,CHL,-0.18165290715030924
SSP585,Interactive,AFE,0,CHN,-0.24696370395863976
SSP585,Interactive,AFE,0,CIV,-0.877641994757474
SSP585,Interactive,AFE,0,CMR,-0.86371626763574
SSP585,Interactive,AFE,0,COD,-0.8360465028601168
SSP585,Interactive,AFE,0,COG,-0.8507305308533251
SSP585,Interactive,AFE,0,COL,-0.824440595664577
SSP585,Interactive,AFE,0,CPV,-0.7157770861681383
SSP585,Interactive,AFE,0,CRI,-0.8984344091120214
SSP585,Interactive,AFE,0,CUB,-0.895170162972242
SSP585,Interactive,AFE,0,CYP,-0.804043953062167
SSP585,Interactive,AFE,0,CZE,0.4769458661886634
SSP585,Interactive,AFE,0,DEU,0.3621409786970613
SSP585,Interactive,AFE,0,DNK,0.4102758752444884
SSP585,Interactive,AFE,0,DOM,-0.9183556325456456
SSP585,Interactive,AFE,0,DZA,-0.8415957102119075
SSP585,Interactive,AFE,0,ECU,-0.8312346993903158
SSP585,Interactive,AFE,0,EGY,-0.9505855986079667
SSP585,Interactive,AFE,0,ESP,-0.5243460216548074
SSP585,Interactive,AFE,0,EST,1.6552910068972437
SSP585,Interactive,AFE,0,ETH,-0.6806713470061061
SSP585,Interactive,AFE,0,FIN,3.251487423611959
SSP585,Interactive,AFE,0,FJI,-0.7336695376032714
SSP585,Interactive,AFE,0,FRA,-0.10299566978084618
SSP585,Interactive,AFE,0,GAB,-0.8718674539167458
SSP585,Interactive,AFE,0,GBR,0.2334867192906498
SSP585,Interactive,AFE,0,GEO,0.485156855732118
SSP585,Interactive,AFE,0,GHA,-0.8909381388152844
SSP585,Interactive,AFE,0,GIN,-0.8987415347097856
SSP585,Interactive,AFE,0,GNB,-0.9475244478315101
SSP585,Interactive,AFE,0,GNQ,-0.9725780941204857
SSP585,Interactive,AFE,0,GRC,-0.7118869822748763
SSP585,Interactive,AFE,0,GTM,-0.8700294896017706
SSP585,Interactive,AFE,0,GUY,-0.9243972035137322
SSP585,Interactive,AFE,0,HND,-0.9219073070528923
SSP585,Interactive,AFE,0,HRV,-0.2705326669449968
SSP585,Interactive,AFE,0,HTI,-0.9370376447080291
SSP585,Interactive,AFE,0,HUN,-0.15650436707971782
SSP585,Interactive,AFE,0,IDN,-0.8676051388873571
SSP585,Interactive,AFE,0,IND,-0.8532201478518295
SSP585,Interactive,AFE,0,IRL,0.36406166894491654
SSP585,Interactive,AFE,0,IRN,-0.7416534104513086
SSP585,Interactive,AFE,0,IRQ,-0.9691601864070672
SSP585,Interactive,AFE,0,ISL,3.21360390870597
SSP585,Interactive,AFE,0,ISR,-0.879285775785784
SSP585,Interactive,AFE,0,ITA,-0.40048761200041016
SSP585,Interactive,AFE,0,JAM,-0.9557522826821258
SSP585,Interactive,AFE,0,JPN,0.2880760968269598
SSP585,Interactive,AFE,0,KAZ,0.9577391722491035
SSP585,Interactive,AFE,0,KEN,-0.6964995775451728
SSP585,Interactive,AFE,0,KGZ,3.6906086205130295
SSP585,Interactive,AFE,0,KHM,-0.887057372838276
SSP585,Interactive,AFE,0,KOR,0.08264392560296674
SSP585,Interactive,AFE,0,LAO,-0.7571832578080054
SSP585,Interactive,AFE,0,LBN,-0.8670415953107269
SSP585,Interactive,AFE,0,LBR,-0.8638807191293879
SSP585,Interactive,AFE,0,LBY,-0.9110447061406262
SSP585,Interactive,AFE,0,LKA,-0.8316222808341892
SSP585,Interactive,AFE,0,LTU,1.0448450580687831
SSP585,Interactive,AFE,0,LVA,1.2349926136591862
SSP585,Interactive,AFE,0,MAR,-0.8771679453194203
SSP585,Interactive,AFE,0,MDA,-0.21070236478286108
SSP585,Interactive,AFE,0,MDG,-0.7195285735992973
SSP585,Interactive,AFE,0,MEX,-0.722605810213521
SSP585,Interactive,AFE,0,MLI,-0.9725463616668889
SSP585,Interactive,AFE,0,MMR,-0.8108193477626774
SSP585,Interactive,AFE,0,MNG,15.753365159771075
SSP585,Interactive,AFE,0,MOZ,-0.8801809729834184
SSP585,Interactive,AFE,0,MRT,-0.9849928518729953
SSP585,Interactive,AFE,0,MUS,-0.6838151663848047
SSP585,Interactive,AFE,0,MWI,-0.842300167067649
SSP585,Interactive,AFE,0,MYS,-0.910021086882477
SSP585,Interactive,AFE,0,NAM,-0.9321926188161803
SSP585,Interactive,AFE,0,NER,-0.9626955367469623
SSP585,Interactive,AFE,0,NGA,-0.8911732789968452
SSP585,Interactive,AFE,0,NIC,-0.9385978471264029
SSP585,Interactive,AFE,0,NLD,0.12713878426629344
SSP585,Interactive,AFE,0,NOR,1.9350274725956198
SSP585,Interactive,AFE,0,NPL,0.24203533722109105
SSP585,Interactive,AFE,0,NZL,-0.1518299162253297
SSP585,Interactive,AFE,0,OMN,-0.982848668454032
SSP585,Interactive,AFE,0,PAK,-0.9348552318701234
SSP585,Interactive,AFE,0,PAN,-0.8625241293835101
SSP585,Interactive,AFE,0,PER,-0.24905513868186435
SSP585,Interactive,AFE,0,PHL,-0.8653183459302478
SSP585,Interactive,AFE,0,PNG,-0.8896654131399803
SSP585,Interactive,AFE,0,POL,0.44398349392027936
SSP585,Interactive,AFE,0,PRI,-0.9609955693196918
SSP585,Interactive,AFE,0,PRT,-0.5390125618872272
SSP585,Interactive,AFE,0,PRY,-0.862805069804359
SSP585,Interactive,AFE,0,QAT,-0.9396318876571068
SSP585,Interactive,AFE,0,ROU,-0.01719905947849376
SSP585,Interactive,AFE,0,RUS,3.1554977810841294
SSP585,Interactive,AFE,0,SAU,-0.9855400369931849
SSP585,Interactive,AFE,0,SDN,-0.9714529915157626
SSP585,Interactive,AFE,0,SEN,-0.9509648472698475
SSP585,Interactive,AFE,0,SLB,-0.9566995745617273
SSP585,Interactive,AFE,0,SLE,-0.8813418677464683
SSP585,Interactive,AFE,0,SLV,-0.9437189214151198
SSP585,Interactive,AFE,0,SRB,-0.25780930950299963
SSP585,Interactive,AFE,0,SUR,-0.9490361999300776
SSP585,Interactive,AFE,0,SVK,0.34602385491009713
SSP585,Interactive,AFE,0,SWE,1.197829689385617
SSP585,Interactive,AFE,0,TCD,-0.9325914348156207
SSP585,Interactive,AFE,0,TGO,-0.8991153730437124
SSP585,Interactive,AFE,0,THA,-0.8619168643099082
SSP585,Interactive,AFE,0,TJK,0.7112355478277639
SSP585,Interactive,AFE,0,TKM,-0.8415630573178451
SSP585,Interactive,AFE,0,TTO,-0.9653750117099468
SSP585,Interactive,AFE,0,TUN,-0.8657747632301702
SSP585,Interactive,AFE,0,TUR,-0.44690847696800584
SSP585,Interactive,AFE,0,TZA,-0.7603982709130435
SSP585,Interactive,AFE,0,UGA,-0.7424877956138884
SSP585,Interactive,AFE,0,UKR,0.11867623832615615
SSP585,Interactive,AFE,0,URY,-0.5373328541047147
SSP585,Interactive,AFE,0,USA,-0.31702187873711185
SSP585,Interactive,AFE,0,UZB,-0.4931109093487188
SSP585,Interactive,AFE,0,VCT,-0.9547730977554828
SSP585,Interactive,AFE,0,VNM,-0.8065997061648457
SSP585,Interactive,AFE,0,VUT,-0.7440394231813573
SSP585,Interactive,AFE,0,WSM,-0.9479647459680763
SSP585,Interactive,AFE,0,YEM,-0.9228205550840104
SSP585,Interactive,AFE,0,ZAF,-0.6572242348796198
SSP585,Interactive,AFE,0,ZMB,-0.8312205887535411
SSP585,Interactive,AFE,0,ZWE,-0.8359128797015793
SSP585,Interactive,IFE,0,AFG,-0.24050408354833686
SSP585,Interactive,IFE,0,AGO,-0.7206778131522706
SSP585,Interactive,IFE,0,ALB,-0.5041055908454453
SSP585,Interactive,IFE,0,ARE,-0.9781018680033996
SSP585,Interactive,IFE,0,ARG,-0.5615362213459503
SSP585,Interactive,IFE,0,AUS,-0.5635082045712982
SSP585,Interactive,IFE,0,AUT,0.25863094542781595
SSP585,Interactive,IFE,0,AZE,-0.46304316869242945
SSP585,Interactive,IFE,0,BEL,-0.08867016196849897
SSP585,Interactive,IFE,0,BEN,-0.820801411771587
SSP585,Interactive,IFE,0,BFA,-0.9032293401493561
SSP585,Interactive,IFE,0,BGD,-0.7550193952162252
SSP585,Interactive,IFE,0,BGR,-0.3977387512028777
SSP585,Interactive,IFE,0,BHS,-0.675858429392861
SSP585,Interactive,IFE,0,BIH,-0.22897754351663457
SSP585,Interactive,IFE,0,BLR,0.44369929811775166
SSP585,Interactive,IFE,0,BLZ,-0.887905789321937
SSP585,Interactive,IFE,0,BOL,0.009530930334333165
SSP585,Interactive,IFE,0,BRA,-0.7102758981667965
SSP585,Interactive,IFE,0,BRN,-0.924353765970814
SSP585,Interactive,IFE,0,BWA,-0.8732733444837387
SSP585,Interactive,IFE,0,CAF,-0.7441423543972975
SSP585,Interactive,IFE,0,CAN,0.6377355327361545
SSP585,Interactive,IFE,0,CHE,0.766613510398549
SSP585,Interactive,IFE,0,CHL,-0.21455119779778242
SSP585,Interactive,IFE,0,CHN,-0.33375265809419763
SSP585,Interactive,IFE,0,CIV,-0.7760992120344733
SSP585,Interactive,IFE,0,CMR,-0.7348406231322657
SSP585,Interactive,IFE,0,COD,-0.7116572953317313
SSP585,Interactive,IFE,0,COG,-0.7271893429828219
SSP585,Interactive,IFE,0,COL,-0.6840537129013
SSP585,Interactive,IFE,0,CPV,-0.6689633753300518
SSP585,Interactive,IFE,0,CRI,-0.8322883230443625
SSP585,Interactive,IFE,0,CUB,-0.8357479689701361
SSP585,Interactive,IFE,0,CYP,-0.7567490446983272
SSP585,Interactive,IFE,0,CZE,0.13770122716137
SSP585,Interactive,IFE,0,DEU,0.0737587968746003
SSP585,Interactive,IFE,0,DNK,0.09996614349254296
SSP585,Interactive,IFE,0,DOM,-0.8756933307647088
SSP585,Interactive,IFE,0,DZA,-0.8043183425289302
SSP585,Interactive,IFE,0,ECU,-0.6819433578951757
SSP585,Interactive,IFE,0,EGY,-0.9292008458133567
SSP585,Interactive,IFE,0,ESP,-0.5104603815489663
SSP585,Interactive,IFE,0,EST,0.7485918103408602
SSP585,Interactive,IFE,0,ETH,-0.5924541768699598
SSP585,Interactive,IFE,0,FIN,1.4853360927835078
SSP585,Interactive,IFE,0,FJI,-0.610155565497273
SSP585,Interactive,IFE,0,FRA,-0.20460264595662236
SSP585,Interactive,IFE,0,GAB,-0.7390340059914894
SSP585,Interactive,IFE,0,GBR,0.0019516275928375126
SSP585,Interactive,IFE,0,GEO,0.12286672320342196
SSP585,Interactive,IFE,0,GHA,-0.8008500957493591
SSP585,Interactive,IFE,0,GIN,-0.804758961492527
SSP585,Interactive,IFE,0,GNB,-0.9051335257211636
SSP585,Interactive,IFE,0,GNQ,-0.9061513557349887
SSP585,Interactive,IFE,0,GRC,-0.6754875324695773
SSP585,Interactive,IFE,0,GTM,-0.7927951912253127
SSP585,Interactive,IFE,0,GUY,-0.8754239944705374
SSP585,Interactive,IFE,0,HND,-0.8722722223433015
SSP585,Interactive,IFE,0,HRV,-0.3345684415265555
SSP585,Interactive,IFE,0,HTI,-0.9002003780533193
SSP585,Interactive,IFE,0,HUN,-0.2588381528959416
SSP585,Interactive,IFE,0,IDN,-0.7398798491411536
SSP585,Interactive,IFE,0,IND,-0.7617472873924678
SSP585,Interactive,IFE,0,IRL,0.07173830121167013
SSP585,Interactive,IFE,0,IRN,-0.7169649067426149
SSP585,Interactive,IFE,0,IRQ,-0.9513612609726961
SSP585,Interactive,IFE,0,ISL,1.352406247148782
SSP585,Interactive,IFE,0,ISR,-0.8437404525004578
SSP585,Interactive,IFE,0,ITA,-0.4193906124955308
SSP585,Interactive,IFE,0,JAM,-0.9173820390058263
SSP585,Interactive,IFE,0,JPN,0.0794058829910469
SSP585,Interactive,IFE,0,KAZ,0.3998912736490938
SSP585,Interactive,IFE,0,KEN,-0.6183122014233262
SSP585,Interactive,IFE,0,KGZ,1.7039692179167232
SSP585,Interactive,IFE,0,KHM,-0.7657151887318502
SSP585,Interactive,IFE,0,KOR,-0.12948668010896913
SSP585,Interactive,IFE,0,LAO,-0.6422591586414494
SSP585,Interactive,IFE,0,LBN,-0.8276007678453431
SSP585,Interactive,IFE,0,LBR,-0.7328458850925791
SSP585,Interactive,IFE,0,LBY,-0.8824769763369197
SSP585,Interactive,IFE,0,LKA,-0.6912868363261935
SSP585,Interactive,IFE,0,LTU,0.4396591882219072
SSP585,Interactive,IFE,0,LVA,0.5304708592534721
SSP585,Interactive,IFE,0,MAR,-0.843114645099865
SSP585,Interactive,IFE,0,MDA,-0.3075951195014307
SSP585,Interactive,IFE,0,MDG,-0.6209346514250549
SSP585,Interactive,IFE,0,MEX,-0.6413570647331963
SSP585,Interactive,IFE,0,MLI,-0.9447715507497438
SSP585,Interactive,IFE,0,MMR,-0.682353138606509
SSP585,Interactive,IFE,0,MNG,6.9329493519628524
SSP585,Interactive,IFE,0,MOZ,-0.8124543337284067
SSP585,Interactive,IFE,0,MRT,-0.9721676283398692
SSP585,Interactive,IFE,0,MUS,-0.6126094886746175
SSP585,Interactive,IFE,0,MWI,-0.7637549191848026
SSP585,Interactive,IFE,0,MYS,-0.793463366016274
SSP585,Interactive,IFE,0,NAM,-0.8962259819843443
SSP585,Interactive,IFE,0,NER,-0.9316317636956559
SSP585,Interactive,IFE,0,NGA,-0.7914233175295443
SSP585,Interactive,IFE,0,NIC,-0.8969614702970325
SSP585,Interactive,IFE,0,NLD,-0.0652164283883454
SSP585,Interactive,IFE,0,NOR,0.7664320595340433
SSP585,Interactive,IFE,0,NPL,-0.0027774168428635893
SSP585,Interactive,IFE,0,NZL,-0.19926793453672464
SSP585,Interactive,IFE,0,OMN,-0.9691042004807077
SSP585,Interactive,IFE,0,PAK,-0.9045168112970186
SSP585,Interactive,IFE,0,PAN,-0.7500367739557081
SSP585,Interactive,IFE,0,PER,-0.2121559455700991
SSP585,Interactive,IFE,0,PHL,-0.7334056243386842
SSP585,Interactive,IFE,0,PNG,-0.767405820527698
SSP585,Interactive,IFE,0,POL,0.11664049261402099
SSP585,Interactive,IFE,0,PRI,-0.9338369750763563
SSP585,Interactive,IFE,0,PRT,-0.5060031967558836
SSP585,Interactive,IFE,0,PRY,-0.7902825350384116
SSP585,Interactive,IFE,0,QAT,-0.911353536170361
SSP585,Interactive,IFE,0,ROU,-0.16764512260278963
SSP585,Interactive,IFE,0,RUS,1.4515066341890464
SSP585,Interactive,IFE,0,SAU,-0.9739236825657172
SSP585,Interactive,IFE,0,SDN,-0.9470661201814936
SSP585,Interactive,IFE,0,SEN,-0.9218537756530472
SSP585,Interactive,IFE,0,SLB,-0.8766164896613186
SSP585,Interactive,IFE,0,SLE,-0.7592901742115584
SSP585,Interactive,IFE,0,SLV,-0.8986700641929016
SSP585,Interactive,IFE,0,SRB,-0.3273433457767091
SSP585,Interactive,IFE,0,SUR,-0.9123254001540482
SSP585,Interactive,IFE,0,SVK,0.05960757877464595
SSP585,Interactive,IFE,0,SWE,0.5188112716941069
SSP585,Interactive,IFE,0,TCD,-0.8767118295073133
SSP585,Interactive,IFE,0,TGO,-0.8035375992661242
SSP585,Interactive,IFE,0,THA,-0.745877217581452
SSP585,Interactive,IFE,0,TJK,0.2361057875662107
SSP585,Interactive,IFE,0,TKM,-0.8153444992609953
SSP585,Interactive,IFE,0,TTO,-0.9420179563398065
SSP585,Interactive,IFE,0,TUN,-0.8316139901285298
SSP585,Interactive,IFE,0,TUR,-0.46236071101209575
SSP585,Interactive,IFE,0,TZA,-0.663618246907256
SSP585,Interactive,IFE,0,UGA,-0.6250627617779301
SSP585,Interactive,IFE,0,UKR,-0.0861812110311444
SSP585,Interactive,IFE,0,URY,-0.49688290947128133
SSP585,Interactive,IFE,0,USA,-0.3636794030285614
SSP585,Interactive,IFE,0,UZB,-0.5170576944709029
SSP585,Interactive,IFE,0,VCT,-0.9241426650394106
SSP585,Interactive,IFE,0,VNM,-0.685242630915867
SSP585,Interactive,IFE,0,VUT,-0.5988597084325229
SSP585,Interactive,IFE,0,WSM,-0.856570578583574
SSP585,Interactive,IFE,0,YEM,-0.8826980775050062
SSP585,Interactive,IFE,0,ZAF,-0.5985733436257923
SSP585,Interactive,IFE,0,ZMB,-0.7461223510531705
SSP585,Interactive,IFE,0,ZWE,-0.7670057577965902
SSP585,Interactive,AFE,1,AFG,-0.0838408639938093
SSP585,Interactive,AFE,1,AGO,-0.6974195587430675
SSP585,Interactive,AFE,1,ALB,-0.3936025219153688
SSP585,Interactive,AFE,1,ARE,-0.922687799084311
SSP585,Interactive,AFE,1,ARG,-0.46403681457258594
SSP585,Interactive,AFE,1,AUS,-0.47470260974257006
SSP585,Interactive,AFE,1,AUT,0.4316603671468331
SSP585,Interactive,AFE,1,AZE,-0.313854044290106
SSP585,Interactive,AFE,1,BEL,0.06345119345581507
SSP585,Interactive,AFE,1,BEN,-0.8084192104352268
SSP585,Interactive,AFE,1,BFA,-0.8739594965124798
SSP585,Interactive,AFE,1,BGD,-0.7540229127064408
SSP585,Interactive,AFE,1,BGR,-0.2734052646023164
SSP585,Interactive,AFE,1,BHS,-0.6055408084396721
SSP585,Interactive,AFE,1,BIH,-0.09667266573506228
SSP585,Interactive,AFE,1,BLR,0.6142436521705954
SSP585,Interactive,AFE,1,BLZ,-0.8297680874785047
SSP585,Interactive,AFE,1,BOL,0.25884177469540215
SSP585,Interactive,AFE,1,BRA,-0.67662979127341
SSP585,Interactive,AFE,1,BRN,-0.7660146473126415
SSP585,Interactive,AFE,1,BWA,-0.8076701054258122
SSP585,Interactive,AFE,1,CAF,-0.7336953465322364
SSP585,Interactive,AFE,1,CAN,0.9664160266209458
SSP585,Interactive,AFE,1,CHE,1.116582780554273
SSP585,Interactive,AFE,1,CHL,-0.15599831667700348
SSP585,Interactive,AFE,1,CHN,-0.19314137819598887
SSP585,Interactive,AFE,1,CIV,-0.7614854572079941
SSP585,Interactive,AFE,1,CMR,-0.676935978738897
SSP585,Interactive,AFE,1,COD,-0.6835632788170595
SSP585,Interactive,AFE,1,COG,-0.6936949127769891
SSP585,Interactive,AFE,1,COL,-0.5830137797833033
SSP585,Interactive,AFE,1,CPV,-0.5108118158035627
SSP585,Interactive,AFE,1,CRI,-0.7856117187983652
SSP585,Interactive,AFE,1,CUB,-0.7821903556650798
SSP585,Interactive,AFE,1,CYP,-0.6338991048602627
SSP585,Interactive,AFE,1,CZE,0.29192383260343724
SSP585,Interactive,AFE,1,DEU,0.23402960446441745
SSP585,Interactive,AFE,1,DNK,0.26193065532015125
SSP585,Interactive,AFE,1,DOM,-0.7976156172986484
SSP585,Interactive,AFE,1,DZA,-0.6904074404384806
SSP585,Interactive,AFE,1,ECU,-0.0073521487620672454
SSP585,Interactive,AFE,1,EGY,-0.8173198682282997
SSP585,Interactive,AFE,1,ESP,-0.40899975546227063
SSP585,Interactive,AFE,1,EST,0.9088796039377836
SSP585,Interactive,AFE,1,ETH,-0.570435785091615
SSP585,Interactive,AFE,1,FIN,1.596538559996612
SSP585,Interactive,AFE,1,FJI,-0.5974876029877685
SSP585,Interactive,AFE,1,FRA,-0.07542825286992905
SSP585,Interactive,AFE,1,GAB,-0.6282305258010472
SSP585,Interactive,AFE,1,GBR,0.1524296747351226
SSP585,Interactive,AFE,1,GEO,0.2910447377131651
SSP585,Interactive,AFE,1,GHA,-0.786261390901001
SSP585,Interactive,AFE,1,GIN,-0.7888743900412785
SSP585,Interactive,AFE,1,GNB,-0.8616417818019313
SSP585,Interactive,AFE,1,GNQ,-0.6959499925966205
SSP585,Interactive,AFE,1,GRC,-0.5681639550149511
SSP585,Interactive,AFE,1,GTM,-0.7499315253929422
SSP585,Interactive,AFE,1,GUY,-0.820913628732717
SSP585,Interactive,AFE,1,HND,-0.8169380312407915
SSP585,Interactive,AFE,1,HRV,-0.20708746817264967
SSP585,Interactive,AFE,1,HTI,-0.8259814179359708
SSP585,Interactive,AFE,1,HUN,-0.12257156865982932
SSP585,Interactive,AFE,1,IDN,-0.6905403661040397
SSP585,Interactive,AFE,1,IND,-0.7507931315356173
SSP585,Interactive,AFE,1,IRL,0.2220347047306095
SSP585,Interactive,AFE,1,IRN,-0.5730294146333947
SSP585,Interactive,AFE,1,IRQ,-0.87026738802175
SSP585,Interactive,AFE,1,ISL,1.690862819833694
SSP585,Interactive,AFE,1,ISR,-0.7251748145745249
SSP585,Interactive,AFE,1,ITA,-0.3070516793939694
SSP585,Interactive,AFE,1,JAM,-0.8773967666387685
SSP585,Interactive,AFE,1,JPN,0.2198464222731551
SSP585,Interactive,AFE,1,KAZ,0.4954106619378209
SSP585,Interactive,AFE,1,KEN,-0.5777824648562581
SSP585,Interactive,AFE,1,KGZ,1.734934396057327
SSP585,Interactive,AFE,1,KHM,-0.7408105258575697
SSP585,Interactive,AFE,1,KOR,0.02483011872822427
SSP585,Interactive,AFE,1,LAO,-0.6285594696086347
SSP585,Interactive,AFE,1,LBN,-0.7275879379880523
SSP585,Interactive,AFE,1,LBR,-0.6664344027447748
SSP585,Interactive,AFE,1,LBY,-0.7563161337995963
SSP585,Interactive,AFE,1,LKA,-0.6848188510087134
SSP585,Interactive,AFE,1,LTU,0.6066262074979838
SSP585,Interactive,AFE,1,LVA,0.7089174990947869
SSP585,Interactive,AFE,1,MAR,-0.7226759906617917
SSP585,Interactive,AFE,1,MDA,-0.17039929578551727
SSP585,Interactive,AFE,1,MDG,-0.577470744701083
SSP585,Interactive,AFE,1,MEX,-0.5800011798185343
SSP585,Interactive,AFE,1,MLI,-0.9070536393501812
SSP585,Interactive,AFE,1,MMR,-0.6719451781405861
SSP585,Interactive,AFE,1,MNG,4.740180473962777
SSP585,Interactive,AFE,1,MOZ,-0.769230803530232
SSP585,Interactive,AFE,1,MRT,-0.9121566419773923
SSP585,Interactive,AFE,1,MUS,-0.5398476647445425
SSP585,Interactive,AFE,1,MWI,-0.7249811031027253
SSP585,Interactive,AFE,1,MYS,-0.6667542373207112
SSP585,Interactive,AFE,1,NAM,-0.8239711305637873
SSP585,Interactive,AFE,1,NER,-0.8830447701831737
SSP585,Interactive,AFE,1,NGA,-0.7836817311081545
SSP585,Interactive,AFE,1,NIC,-0.8404890884882429
SSP585,Interactive,AFE,1,NLD,0.08412273679655646
SSP585,Interactive,AFE,1,NOR,1.010260752259578
SSP585,Interactive,AFE,1,NPL,-0.1373628461119738
SSP585,Interactive,AFE,1,NZL,-0.10430991292404668
SSP585,Interactive,AFE,1,OMN,-0.9036685205036388
SSP585,Interactive,AFE,1,PAK,-0.8129694014726726
SSP585,Interactive,AFE,1,PAN,-0.7221127303626592
SSP585,Interactive,AFE,1,PER,-0.2246019480761713
SSP585,Interactive,AFE,1,PHL,-0.6649965157474194
SSP585,Interactive,AFE,1,PNG,-0.4364627337765151
SSP585,Interactive,AFE,1,POL,0.27031848361620914
SSP585,Interactive,AFE,1,PRI,-0.8696352106988626
SSP585,Interactive,AFE,1,PRT,-0.4195148618794161
SSP585,Interactive,AFE,1,PRY,-0.7512397068955003
SSP585,Interactive,AFE,1,QAT,-0.7978368523489671
SSP585,Interactive,AFE,1,ROU,-0.034184497940726755
SSP585,Interactive,AFE,1,RUS,1.5178240318514904
SSP585,Interactive,AFE,1,SAU,-0.9112758284861484
SSP585,Interactive,AFE,1,SDN,-0.8939196181289716
SSP585,Interactive,AFE,1,SEN,-0.8395010378478899
SSP585,Interactive,AFE,1,SLB,-0.7181929091188975
SSP585,Interactive,AFE,1,SLE,-0.7081408475017472
SSP585,Interactive,AFE,1,SLV,-0.8586276195889178
SSP585,Interactive,AFE,1,SRB,-0.19914293334268696
SSP585,Interactive,AFE,1,SUR,-0.8565422630823916
SSP585,Interactive,AFE,1,SVK,0.20839016256747023
SSP585,Interactive,AFE,1,SWE,0.6915324028072458
SSP585,Interactive,AFE,1,TCD,-0.8476308329984535
SSP585,Interactive,AFE,1,TGO,-0.7950252575354818
SSP585,Interactive,AFE,1,THA,-0.7352327445760116
SSP585,Interactive,AFE,1,TJK,0.41429575141851904
SSP585,Interactive,AFE,1,TKM,-0.6641550687099678
SSP585,Interactive,AFE,1,TTO,-0.8707892356873308
SSP585,Interactive,AFE,1,TUN,-0.7062453662525914
SSP585,Interactive,AFE,1,TUR,-0.3442878403951557
SSP585,Interactive,AFE,1,TZA,-0.6421047428633992
SSP585,Interactive,AFE,1,UGA,-0.6192426055141109
SSP585,Interactive,AFE,1,UKR,0.0533553215972582
SSP585,Interactive,AFE,1,URY,-0.41083372783926053
SSP585,Interactive,AFE,1,USA,-0.23622742654803153
SSP585,Interactive,AFE,1,UZB,-0.3549117026389932
SSP585,Interactive,AFE,1,VCT,-0.8603078816290669
SSP585,Interactive,AFE,1,VNM,-0.6700314271276577
SSP585,Interactive,AFE,1,VUT,-0.5857403862949284
SSP585,Interactive,AFE,1,WSM,-0.7600561206723261
SSP585,Interactive,AFE,1,YEM,-0.8049943177233159
SSP585,Interactive,AFE,1,ZAF,-0.5234293542253103
SSP585,Interactive,AFE,1,ZMB,-0.7150345459708892
SSP585,Interactive,AFE,1,ZWE,-0.7156426944527533
SSP585,Interactive,IFE,1,AFG,-0.3762488909724292
SSP585,Interactive,IFE,1,AGO,-0.7184253519156436
SSP585,Interactive,IFE,1,ALB,-0.5654538301508621
SSP585,Interactive,IFE,1,ARE,-0.9547783162599726
SSP585,Interactive,IFE,1,ARG,-0.5808963379652883
SSP585,Interactive,IFE,1,AUS,-0.5769772499933805
SSP585,Interactive,IFE,1,AUT,-0.09579635391256014
SSP585,Interactive,IFE,1,AZE,-0.5175349449638603
SSP585,Interactive,IFE,1,BEL,-0.2971847757357897
SSP585,Interactive,IFE,1,BEN,-0.7864394423011702
SSP585,Interactive,IFE,1,BFA,-0.8927806978931603
SSP585,Interactive,IFE,1,BGD,-0.734200260134024
SSP585,Interactive,IFE,1,BGR,-0.4844082073639159
SSP585,Interactive,IFE,1,BHS,-0.6204437633704416
SSP585,Interactive,IFE,1,BIH,-0.39340869056896755
SSP585,Interactive,IFE,1,BLR,0.051249888491536444
SSP585,Interactive,IFE,1,BLZ,-0.8594915632264328
SSP585,Interactive,IFE,1,BOL,-0.30852255789876004
SSP585,Interactive,IFE,1,BRA,-0.7003361515893922
SSP585,Interactive,IFE,1,BRN,-0.11443397336004535
SSP585,Interactive,IFE,1,BWA,-0.8579279173829536
SSP585,Interactive,IFE,1,CAF,-0.678171328139907
SSP585,Interactive,IFE,1,CAN,0.011913244165653092
SSP585,Interactive,IFE,1,CHE,0.013481226992308581
SSP585,Interactive,IFE,1,CHL,-0.3216862248610258
SSP585,Interactive,IFE,1,CHN,-0.5085829044062129
SSP585,Interactive,IFE,1,CIV,-0.7139548551971342
SSP585,Interactive,IFE,1,CMR,-0.5302298929721916
SSP585,Interactive,IFE,1,COD,-0.6144654335382362
SSP585,Interactive,IFE,1,COG,-0.6008798849018014
SSP585,Interactive,IFE,1,COL,-0.4500202197290344
SSP585,Interactive,IFE,1,CPV,-0.5822382980299342
SSP585,Interactive,IFE,1,CRI,-0.7856392445660498
SSP585,Interactive,IFE,1,CUB,-0.80812915232032
SSP585,Interactive,IFE,1,CYP,-0.7068093665598107
SSP585,Interactive,IFE,1,CZE,-0.13310354276245107
SSP585,Interactive,IFE,1,DEU,-0.18631286800989033
SSP585,Interactive,IFE,1,DNK,-0.12843470848689031
SSP585,Interactive,IFE,1,DOM,-0.8320502884301062
SSP585,Interactive,IFE,1,DZA,-0.7722683041193567
SSP585,Interactive,IFE,1,ECU,0.4769877892864334
SSP585,Interactive,IFE,1,EGY,-0.8828006124852159
SSP585,Interactive,IFE,1,ESP,-0.5539545642894157
SSP585,Interactive,IFE,1,EST,0.27720253082074175
SSP585,Interactive,IFE,1,ETH,-0.6532805217989515
SSP585,Interactive,IFE,1,FIN,0.7014859618972111
SSP585,Interactive,IFE,1,FJI,-0.5582495589717624
SSP585,Interactive,IFE,1,FRA,-0.3631758442616949
SSP585,Interactive,IFE,1,GAB,-0.37260995444252065
SSP585,Interactive,IFE,1,GBR,-0.21131521136145104
SSP585,Interactive,IFE,1,GEO,-0.17304251791827652
SSP585,Interactive,IFE,1,GHA,-0.7570701228481985
SSP585,Interactive,IFE,1,GIN,-0.739604807567442
SSP585,Interactive,IFE,1,GNB,-0.8846026294154085
SSP585,Interactive,IFE,1,GNQ,0.011702928202268925
SSP585,Interactive,IFE,1,GRC,-0.6764175307597984
SSP585,Interactive,IFE,1,GTM,-0.7576667214226431
SSP585,Interactive,IFE,1,GUY,-0.839673136172314
SSP585,Interactive,IFE,1,HND,-0.8355831971053375
SSP585,Interactive,IFE,1,HRV,-0.4402184696713748
SSP585,Interactive,IFE,1,HTI,-0.8586065646139447
SSP585,Interactive,IFE,1,HUN,-0.3825875365451912
SSP585,Interactive,IFE,1,IDN,-0.507915535840369
SSP585,Interactive,IFE,1,IND,-0.7722930807676633
SSP585,Interactive,IFE,1,IRL,-0.21699389136460967
SSP585,Interactive,IFE,1,IRN,-0.7075532389058101
SSP585,Interactive,IFE,1,IRQ,-0.9216032642275438
SSP585,Interactive,IFE,1,ISL,0.4756068189351872
SSP585,Interactive,IFE,1,ISR,-0.8014077060667173
SSP585,Interactive,IFE,1,ITA,-0.4960341911491981
SSP585,Interactive,IFE,1,JAM,-0.897191070421636
SSP585,Interactive,IFE,1,JPN,-0.36745109511611096
SSP585,Interactive,IFE,1,KAZ,0.037599243764234735
SSP585,Interactive,IFE,1,KEN,-0.6668486221401458
SSP585,Interactive,IFE,1,KGZ,0.77820649797458
SSP585,Interactive,IFE,1,KHM,-0.5898490827636931
SSP585,Interactive,IFE,1,KOR,-0.4260258304679072
SSP585,Interactive,IFE,1,LAO,-0.6447974541331519
SSP585,Interactive,IFE,1,LBN,-0.8016745826690401
SSP585,Interactive,IFE,1,LBR,-0.48408262131603574
SSP585,Interactive,IFE,1,LBY,-0.8334287856566387
SSP585,Interactive,IFE,1,LKA,-0.5535840477247587
SSP585,Interactive,IFE,1,LTU,0.07039048067948572
SSP585,Interactive,IFE,1,LVA,0.12499190277618832
SSP585,Interactive,IFE,1,MAR,-0.7993789939240026
SSP585,Interactive,IFE,1,MDA,-0.4230002389943619
SSP585,Interactive,IFE,1,MDG,-0.6114193974001523
SSP585,Interactive,IFE,1,MEX,-0.6517212362541503
SSP585,Interactive,IFE,1,MLI,-0.929229888153513
SSP585,Interactive,IFE,1,MMR,-0.6273276142895233
SSP585,Interactive,IFE,1,MNG,3.3029018713816534
SSP585,Interactive,IFE,1,MOZ,-0.7953922631041128
SSP585,Interactive,IFE,1,MRT,-0.9461557076987228
SSP585,Interactive,IFE,1,MUS,-0.5942872405141377
SSP585,Interactive,IFE,1,MWI,-0.758897100994407
SSP585,Interactive,IFE,1,MYS,-0.3052551459979066
SSP585,Interactive,IFE,1,NAM,-0.8718961079248382
SSP585,Interactive,IFE,1,NER,-0.9177079933450608
SSP585,Interactive,IFE,1,NGA,-0.7341489406532744
SSP585,Interactive,IFE,1,NIC,-0.863229172869016
SSP585,Interactive,IFE,1,NLD,-0.2644389226003059
SSP585,Interactive,IFE,1,NOR,0.19811872402979191
SSP585,Interactive,IFE,1,NPL,-0.5955979975914708
SSP585,Interactive,IFE,1,NZL,-0.3407695034202476
SSP585,Interactive,IFE,1,OMN,-0.941525014261354
SSP585,Interactive,IFE,1,PAK,-0.8771806631138874
SSP585,Interactive,IFE,1,PAN,-0.6354158707208564
SSP585,Interactive,IFE,1,PER,-0.5085943368229942
SSP585,Interactive,IFE,1,PHL,-0.44455794260596204
SSP585,Interactive,IFE,1,PNG,0.09680297953706662
SSP585,Interactive,IFE,1,POL,-0.13905612728421668
SSP585,Interactive,IFE,1,PRI,-0.9021663040140164
SSP585,Interactive,IFE,1,PRT,-0.551155212698922
SSP585,Interactive,IFE,1,PRY,-0.7859715405374819
SSP585,Interactive,IFE,1,QAT,-0.85818505643926
SSP585,Interactive,IFE,1,ROU,-0.33459787747796377
SSP585,Interactive,IFE,1,RUS,0.6260966700883648
SSP585,Interactive,IFE,1,SAU,-0.948447609196885
SSP585,Interactive,IFE,1,SDN,-0.9282118388797005
SSP585,Interactive,IFE,1,SEN,-0.885375597682053
SSP585,Interactive,IFE,1,SLB,-0.12614781933076757
SSP585,Interactive,IFE,1,SLE,-0.5430068689143794
SSP585,Interactive,IFE,1,SLV,-0.878225737847233
SSP585,Interactive,IFE,1,SRB,-0.43817876435886716
SSP585,Interactive,IFE,1,SUR,-0.8813375848953292
SSP585,Interactive,IFE,1,SVK,-0.18935608767689427
SSP585,Interactive,IFE,1,SWE,0.14497976316831007
SSP585,Interactive,IFE,1,TCD,-0.8687722902956034
SSP585,Interactive,IFE,1,TGO,-0.7447314677704622
SSP585,Interactive,IFE,1,THA,-0.6687044781567234
SSP585,Interactive,IFE,1,TJK,-0.09368064145939592
SSP585,Interactive,IFE,1,TKM,-0.7785420746656255
SSP585,Interactive,IFE,1,TTO,-0.9020019742546573
SSP585,Interactive,IFE,1,TUN,-0.7898522503432588
SSP585,Interactive,IFE,1,TUR,-0.5324965108690349
SSP585,Interactive,IFE,1,TZA,-0.680928593625481
SSP585,Interactive,IFE,1,UGA,-0.6310869931471228
SSP585,Interactive,IFE,1,UKR,-0.26962372761430553
SSP585,Interactive,IFE,1,URY,-0.5387536542553095
SSP585,Interactive,IFE,1,USA,-0.5056711411923881
SSP585,Interactive,IFE,1,UZB,-0.5560259807196221
SSP585,Interactive,IFE,1,VCT,-0.890037686522044
SSP585,Interactive,IFE,1,VNM,-0.6346752287673636
SSP585,Interactive,IFE,1,VUT,-0.4773504734851637
SSP585,Interactive,IFE,1,WSM,-0.36557481974966444
SSP585,Interactive,IFE,1,YEM,-0.862340450226233
SSP585,Interactive,IFE,1,ZAF,-0.6385064486954475
SSP585,Interactive,IFE,1,ZMB,-0.7504824810058595
SSP585,Interactive,IFE,1,ZWE,-0.7697200420956755
SSP585,Interactive,AFE,2,AFG,0.05724999959806376
SSP585,Interactive,AFE,2,AGO,-0.49855232284416484
SSP585,Interactive,AFE,2,ALB,-0.25545915693534427
SSP585,Interactive,AFE,2,ARE,-0.90462195185126
SSP585,Interactive,AFE,2,ARG,-0.36427872524609295
SSP585,Interactive,AFE,2,AUS,-0.33930381156607803
SSP585,Interactive,AFE,2,AUT,0.2658595501603789
SSP585,Interactive,AFE,2,AZE,-0.14972787591255576
SSP585,Interactive,AFE,2,BEL,-0.01608278292207177
SSP585,Interactive,AFE,2,BEN,-0.6017649344034764
SSP585,Interactive,AFE,2,BFA,-0.7516113710641477
SSP585,Interactive,AFE,2,BGD,-0.5376372003241245
SSP585,Interactive,AFE,2,BGR,-0.12946154482713446
SSP585,Interactive,AFE,2,BHS,-0.44396079048678516
SSP585,Interactive,AFE,2,BIH,-0.04321320179591015
SSP585,Interactive,AFE,2,BLR,0.4634883498957638
SSP585,Interactive,AFE,2,BLZ,-0.71292941051539
SSP585,Interactive,AFE,2,BOL,0.43011485436510144
SSP585,Interactive,AFE,2,BRA,-0.47258929487487233
SSP585,Interactive,AFE,2,BRN,-0.531266023574852
SSP585,Interactive,AFE,2,BWA,-0.6862590378780189
SSP585,Interactive,AFE,2,CAF,-0.4889789558424358
SSP585,Interactive,AFE,2,CAN,0.38812140974324727
SSP585,Interactive,AFE,2,CHE,0.47465770955386577
SSP585,Interactive,AFE,2,CHL,-0.04319945300581074
SSP585,Interactive,AFE,2,CHN,-0.22175326188040445
SSP585,Interactive,AFE,2,CIV,-0.5200974161350385
SSP585,Interactive,AFE,2,CMR,-0.3801131649256273
SSP585,Interactive,AFE,2,COD,-0.4139353718199177
SSP585,Interactive,AFE,2,COG,-0.41481682907153905
SSP585,Interactive,AFE,2,COL,-0.24491340810860596
SSP585,Interactive,AFE,2,CPV,-0.45796052489472694
SSP585,Interactive,AFE,2,CRI,-0.5855914298885943
SSP585,Interactive,AFE,2,CUB,-0.6409850413140403
SSP585,Interactive,AFE,2,CYP,-0.5382042869543906
SSP585,Interactive,AFE,2,CZE,0.2181726634515917
SSP585,Interactive,AFE,2,DEU,0.1299485912387086
SSP585,Interactive,AFE,2,DNK,0.16307623811404603
SSP585,Interactive,AFE,2,DOM,-0.6913029401591155
SSP585,Interactive,AFE,2,DZA,-0.553879575792958
SSP585,Interactive,AFE,2,ECU,0.38831019674608935
SSP585,Interactive,AFE,2,EGY,-0.7689447259053385
SSP585,Interactive,AFE,2,ESP,-0.2544369420792245
SSP585,Interactive,AFE,2,EST,0.7109649775689426
SSP585,Interactive,AFE,2,ETH,-0.4290454850940396
SSP585,Interactive,AFE,2,FIN,1.191201403479846
SSP585,Interactive,AFE,2,FJI,-0.3760507595840932
SSP585,Interactive,AFE,2,FRA,-0.05470919736111868
SSP585,Interactive,AFE,2,GAB,-0.3272293774928945
SSP585,Interactive,AFE,2,GBR,0.049226925743911076
SSP585,Interactive,AFE,2,GEO,0.2277585792002128
SSP585,Interactive,AFE,2,GHA,-0.5661502303973318
SSP585,Interactive,AFE,2,GIN,-0.5463439960843381
SSP585,Interactive,AFE,2,GNB,-0.7487146937063762
SSP585,Interactive,AFE,2,GNQ,-0.43112652159093034
SSP585,Interactive,AFE,2,GRC,-0.4085187274992679
SSP585,Interactive,AFE,2,GTM,-0.5388164566130658
SSP585,Interactive,AFE,2,GUY,-0.6785746566300399
SSP585,Interactive,AFE,2,HND,-0.6641813802725911
SSP585,Interactive,AFE,2,HRV,-0.09465657336382405
SSP585,Interactive,AFE,2,HTI,-0.7296085238224599
SSP585,Interactive,AFE,2,HUN,-0.021212516021295702
SSP585,Interactive,AFE,2,IDN,-0.41238553704645886
SSP585,Interactive,AFE,2,IND,-0.5733315911937256
SSP585,Interactive,AFE,2,IRL,0.022619246138450233
SSP585,Interactive,AFE,2,IRN,-0.43235510150768874
SSP585,Interactive,AFE,2,IRQ,-0.819736030568992
SSP585,Interactive,AFE,2,ISL,0.6663140243497341
SSP585,Interactive,AFE,2,ISR,-0.6245838782889441
SSP585,Interactive,AFE,2,ITA,-0.1782382308145758
SSP585,Interactive,AFE,2,JAM,-0.7582294288811763
SSP585,Interactive,AFE,2,JPN,0.13095351259190546
SSP585,Interactive,AFE,2,KAZ,0.7825213618668909
SSP585,Interactive,AFE,2,KEN,-0.45947403124634845
SSP585,Interactive,AFE,2,KGZ,1.40377297299867
SSP585,Interactive,AFE,2,KHM,-0.47748902537254145
SSP585,Interactive,AFE,2,KOR,-0.11579856210616069
SSP585,Interactive,AFE,2,LAO,-0.4158855382113781
SSP585,Interactive,AFE,2,LBN,-0.5995187485693045
SSP585,Interactive,AFE,2,LBR,-0.3743361734953651
SSP585,Interactive,AFE,2,LBY,-0.6771940849286676
SSP585,Interactive,AFE,2,LKA,-0.43692216281147256
SSP585,Interactive,AFE,2,LTU,0.466205777998854
SSP585,Interactive,AFE,2,LVA,0.515718561881231
SSP585,Interactive,AFE,2,MAR,-0.6106643411669963
SSP585,Interactive,AFE,2,MDA,-0.00585199067770914
SSP585,Interactive,AFE,2,MDG,-0.36560064233433
SSP585,Interactive,AFE,2,MEX,-0.3791373109218974
SSP585,Interactive,AFE,2,MLI,-0.8223295692905297
SSP585,Interactive,AFE,2,MMR,-0.43249800494097657
SSP585,Interactive,AFE,2,MNG,5.320014917511667
SSP585,Interactive,AFE,2,MOZ,-0.6013381398613906
SSP585,Interactive,AFE,2,MRT,-0.8882602206126675
SSP585,Interactive,AFE,2,MUS,-0.41798553601096755
SSP585,Interactive,AFE,2,MWI,-0.5411645407263408
SSP585,Interactive,AFE,2,MYS,-0.39536842558163565
SSP585,Interactive,AFE,2,NAM,-0.7209708522250502
SSP585,Interactive,AFE,2,NER,-0.808387037576941
SSP585,Interactive,AFE,2,NGA,-0.5497860262662184
SSP585,Interactive,AFE,2,NIC,-0.7161878933961753
SSP585,Interactive,AFE,2,NLD,0.01395273795918972
SSP585,Interactive,AFE,2,NOR,0.32179249888840067
SSP585,Interactive,AFE,2,NPL,-0.2321380464899987
SSP585,Interactive,AFE,2,NZL,-0.09102044949338839
SSP585,Interactive,AFE,2,OMN,-0.8825805873487946
SSP585,Interactive,AFE,2,PAK,-0.7425113898313905
SSP585,Interactive,AFE,2,PAN,-0.44839839018785366
SSP585,Interactive,AFE,2,PER,-0.09186960035976466
SSP585,Interactive,AFE,2,PHL,-0.38894616789972014
SSP585,Interactive,AFE,2,PNG,-0.17587083898003075
SSP585,Interactive,AFE,2,POL,0.22146262818835982
SSP585,Interactive,AFE,2,PRI,-0.788828887297506
SSP585,Interactive,AFE,2,PRT,-0.2661409737358731
SSP585,Interactive,AFE,2,PRY,-0.5915862737819348
SSP585,Interactive,AFE,2,QAT,-0.7705311000103985
SSP585,Interactive,AFE,2,ROU,0.0438143689217263
SSP585,Interactive,AFE,2,RUS,1.289056436869227
SSP585,Interactive,AFE,2,SAU,-0.8882966325865064
SSP585,Interactive,AFE,2,SDN,-0.8385205174879349
SSP585,Interactive,AFE,2,SEN,-0.7839038565000528
SSP585,Interactive,AFE,2,SLB,-0.5171515595598197
SSP585,Interactive,AFE,2,SLE,-0.41649398191978393
SSP585,Interactive,AFE,2,SLV,-0.7189300278473709
SSP585,Interactive,AFE,2,SRB,-0.0856795445601638
SSP585,Interactive,AFE,2,SUR,-0.7479606500601
SSP585,Interactive,AFE,2,SVK,0.17435991944778406
SSP585,Interactive,AFE,2,SWE,0.4959971092024189
SSP585,Interactive,AFE,2,TCD,-0.7151565065401584
SSP585,Interactive,AFE,2,TGO,-0.5634734460393757
SSP585,Interactive,AFE,2,THA,-0.4863364909163479
SSP585,Interactive,AFE,2,TJK,0.3645263650977957
SSP585,Interactive,AFE,2,TKM,-0.5387088652668999
SSP585,Interactive,AFE,2,TTO,-0.8008163156124816
SSP585,Interactive,AFE,2,TUN,-0.5951010246138142
SSP585,Interactive,AFE,2,TUR,-0.2013382291952912
SSP585,Interactive,AFE,2,TZA,-0.46553024864013803
SSP585,Interactive,AFE,2,UGA,-0.417821561824541
SSP585,Interactive,AFE,2,UKR,0.1519691198991857
SSP585,Interactive,AFE,2,URY,-0.33281654828611373
SSP585,Interactive,AFE,2,USA,-0.2111480766285626
SSP585,Interactive,AFE,2,UZB,-0.1843439033516331
SSP585,Interactive,AFE,2,VCT,-0.7654254168753956
SSP585,Interactive,AFE,2,VNM,-0.42817037756655685
SSP585,Interactive,AFE,2,VUT,-0.3514122062514572
SSP585,Interactive,AFE,2,WSM,-0.516630270132113
SSP585,Interactive,AFE,2,YEM,-0.7268726089609017
SSP585,Interactive,AFE,2,ZAF,-0.37233072218015206
SSP585,Interactive,AFE,2,ZMB,-0.525718753785917
SSP585,Interactive,AFE,2,ZWE,-0.554825966714267
SSP585,Interactive,IFE,2,AFG,-0.17888433527016767
SSP585,Interactive,IFE,2,AGO,-0.711683095468475
SSP585,Interactive,IFE,2,ALB,-0.49039115404570544
SSP585,Interactive,IFE,2,ARE,-0.9651109119155062
SSP585,Interactive,IFE,2,ARG,-0.560694845537231
SSP585,Interactive,IFE,2,AUS,-0.5251775472867033
SSP585,Interactive,IFE,2,AUT,-0.034101783428718946
SSP585,Interactive,IFE,2,AZE,-0.3631948854872473
SSP585,Interactive,IFE,2,BEL,-0.2855773330324576
SSP585,Interactive,IFE,2,BEN,-0.7758846339899083
SSP585,Interactive,IFE,2,BFA,-0.8893430454042113
SSP585,Interactive,IFE,2,BGD,-0.7528895725550212
SSP585,Interactive,IFE,2,BGR,-0.3603914733473844
SSP585,Interactive,IFE,2,BHS,-0.557270990899617
SSP585,Interactive,IFE,2,BIH,-0.3238030385967895
SSP585,Interactive,IFE,2,BLR,0.22630084994512512
SSP585,Interactive,IFE,2,BLZ,-0.8394531453330765
SSP585,Interactive,IFE,2,BOL,-0.1702530120274025
SSP585,Interactive,IFE,2,BRA,-0.6794764085718206
SSP585,Interactive,IFE,2,BRN,-0.6451921585254173
SSP585,Interactive,IFE,2,BWA,-0.8376538999188547
SSP585,Interactive,IFE,2,CAF,-0.69418746994708
SSP585,Interactive,IFE,2,CAN,-0.005016754905318277
SSP585,Interactive,IFE,2,CHE,0.01268117767275645
SSP585,Interactive,IFE,2,CHL,-0.23140605674742054
SSP585,Interactive,IFE,2,CHN,-0.5202172550473858
SSP585,Interactive,IFE,2,CIV,-0.710107301619979
SSP585,Interactive,IFE,2,CMR,-0.6014908899441489
SSP585,Interactive,IFE,2,COD,-0.639772460469
SSP585,Interactive,IFE,2,COG,-0.6314092306981397
SSP585,Interactive,IFE,2,COL,-0.5141413721599414
SSP585,Interactive,IFE,2,CPV,-0.5665271004423104
SSP585,Interactive,IFE,2,CRI,-0.7273593339528165
SSP585,Interactive,IFE,2,CUB,-0.7845399659869541
SSP585,Interactive,IFE,2,CYP,-0.6747656182026461
SSP585,Interactive,IFE,2,CZE,-0.03316077331890499
SSP585,Interactive,IFE,2,DEU,-0.14057320649726235
SSP585,Interactive,IFE,2,DNK,-0.054191255926069215
SSP585,Interactive,IFE,2,DOM,-0.805351990986903
SSP585,Interactive,IFE,2,DZA,-0.7040672285773817
SSP585,Interactive,IFE,2,ECU,0.28426553381632425
SSP585,Interactive,IFE,2,EGY,-0.8758227288198934
SSP585,Interactive,IFE,2,ESP,-0.4608798717436975
SSP585,Interactive,IFE,2,EST,0.5747533861515894
SSP585,Interactive,IFE,2,ETH,-0.6743561757539323
SSP585,Interactive,IFE,2,FIN,1.1759487884969428
SSP585,Interactive,IFE,2,FJI,-0.5623141246326602
SSP585,Interactive,IFE,2,FRA,-0.318846203638956
SSP585,Interactive,IFE,2,GAB,-0.5307858066664997
SSP585,Interactive,IFE,2,GBR,-0.19036768650946378
SSP585,Interactive,IFE,2,GEO,-0.062217362545062604
SSP585,Interactive,IFE,2,GHA,-0.7436937019551211
SSP585,Interactive,IFE,2,GIN,-0.7316345614570703
SSP585,Interactive,IFE,2,GNB,-0.8747165856289806
SSP585,Interactive,IFE,2,GNQ,-0.5782892674623562
SSP585,Interactive,IFE,2,GRC,-0.5937510313985106
SSP585,Interactive,IFE,2,GTM,-0.7129747831637647
SSP585,Interactive,IFE,2,GUY,-0.8021440197666286
SSP585,Interactive,IFE,2,HND,-0.7913395858097199
SSP585,Interactive,IFE,2,HRV,-0.3326301354073391
SSP585,Interactive,IFE,2,HTI,-0.8364597419260164
SSP585,Interactive,IFE,2,HUN,-0.25403441802994686
SSP585,Interactive,IFE,2,IDN,-0.5942085341029242
SSP585,Interactive,IFE,2,IND,-0.7845210523889039
SSP585,Interactive,IFE,2,IRL,-0.24466960044566022
SSP585,Interactive,IFE,2,IRN,-0.6249333295490367
SSP585,Interactive,IFE,2,IRQ,-0.9177051198069656
SSP585,Interactive,IFE,2,ISL,0.39144380604427664
SSP585,Interactive,IFE,2,ISR,-0.7629695249700192
SSP585,Interactive,IFE,2,ITA,-0.4060012844639659
SSP585,Interactive,IFE,2,JAM,-0.8806039630275602
SSP585,Interactive,IFE,2,JPN,-0.3191723591660508
SSP585,Interactive,IFE,2,KAZ,0.70642336409509765
SSP585,Interactive,IFE,2,KEN,-0.69004483525693
SSP585,Interactive,IFE,2,KGZ,1.4085167820669526
SSP585,Interactive,IFE,2,KHM,-0.6649360662487822
SSP585,Interactive,IFE,2,KOR,-0.453480318735036
SSP585,Interactive,IFE,2,LAO,-0.6580870863040859
SSP585,Interactive,IFE,2,LBN,-0.754046891937106
SSP585,Interactive,IFE,2,LBR,-0.5791398688670664
SSP585,Interactive,IFE,2,LBY,-0.8042478856021786
SSP585,Interactive,IFE,2,LKA,-0.6321097132502691
SSP585,Interactive,IFE,2,LTU,0.2586208461046211
SSP585,Interactive,IFE,2,LVA,0.3128812509606955
SSP585,Interactive,IFE,2,MAR,-0.7462275150742523
SSP585,Interactive,IFE,2,MDA,-0.23559967572662865
SSP585,Interactive,IFE,2,MDG,-0.5827807869823536
SSP585,Interactive,IFE,2,MEX,-0.6111723337625465
SSP585,Interactive,IFE,2,MLI,-0.9258323388757019
SSP585,Interactive,IFE,2,MMR,-0.6655247622925566
SSP585,Interactive,IFE,2,MNG,8.541307724304069
SSP585,Interactive,IFE,2,MOZ,-0.7701497490995907
SSP585,Interactive,IFE,2,MRT,-0.9559699445137624
SSP585,Interactive,IFE,2,MUS,-0.5734262983886986
SSP585,Interactive,IFE,2,MWI,-0.738335647189052
SSP585,Interactive,IFE,2,MYS,-0.5527101702751414
SSP585,Interactive,IFE,2,NAM,-0.8531045137624578
SSP585,Interactive,IFE,2,NER,-0.9224585236566981
SSP585,Interactive,IFE,2,NGA,-0.7392576278400392
SSP585,Interactive,IFE,2,NIC,-0.8327357047194162
SSP585,Interactive,IFE,2,NLD,-0.23910023746143005
SSP585,Interactive,IFE,2,NOR,0.08376595147812216
SSP585,Interactive,IFE,2,NPL,-0.57694372831918
SSP585,Interactive,IFE,2,NZL,-0.3300228311503228
SSP585,Interactive,IFE,2,OMN,-0.9538444312610304
SSP585,Interactive,IFE,2,PAK,-0.8737670351173852
SSP585,Interactive,IFE,2,PAN,-0.6367063202111245
SSP585,Interactive,IFE,2,PER,-0.4592053490745751
SSP585,Interactive,IFE,2,PHL,-0.5666787396034514
SSP585,Interactive,IFE,2,PNG,-0.26824815351660025
SSP585,Interactive,IFE,2,POL,-0.019003555063112465
SSP585,Interactive,IFE,2,PRI,-0.888445299256052
SSP585,Interactive,IFE,2,PRT,-0.48222368875138666
SSP585,Interactive,IFE,2,PRY,-0.7748875564382859
SSP585,Interactive,IFE,2,QAT,-0.8768095438172404
SSP585,Interactive,IFE,2,ROU,-0.20701693476040028
SSP585,Interactive,IFE,2,RUS,1.2418685056652499
SSP585,Interactive,IFE,2,SAU,-0.9567234867452395
SSP585,Interactive,IFE,2,SDN,-0.9355980121131741
SSP585,Interactive,IFE,2,SEN,-0.8900175021495089
SSP585,Interactive,IFE,2,SLB,-0.5990449206634598
SSP585,Interactive,IFE,2,SLE,-0.6166086261826603
SSP585,Interactive,IFE,2,SLV,-0.8551337790881891
SSP585,Interactive,IFE,2,SRB,-0.3274351617901463
SSP585,Interactive,IFE,2,SUR,-0.8593850618677001
SSP585,Interactive,IFE,2,SVK,-0.08584897813980275
SSP585,Interactive,IFE,2,SWE,0.3277490494203743
SSP585,Interactive,IFE,2,TCD,-0.8671198606480632
SSP585,Interactive,IFE,2,TGO,-0.7449181261876638
SSP585,Interactive,IFE,2,THA,-0.692450618363103
SSP585,Interactive,IFE,2,TJK,0.09674490012000714
SSP585,Interactive,IFE,2,TKM,-0.7022764716998864
SSP585,Interactive,IFE,2,TTO,-0.8861714903867219
SSP585,Interactive,IFE,2,TUN,-0.7377643332437536
SSP585,Interactive,IFE,2,TUR,-0.43331067194932604
SSP585,Interactive,IFE,2,TZA,-0.6859092359361774
SSP585,Interactive,IFE,2,UGA,-0.6525903047772724
SSP585,Interactive,IFE,2,UKR,-0.07592631428224672
SSP585,Interactive,IFE,2,URY,-0.5395131356662937
SSP585,Interactive,IFE,2,USA,-0.49860420452929943
SSP585,Interactive,IFE,2,UZB,-0.39849828514010377
SSP585,Interactive,IFE,2,VCT,-0.86815097962215515
SSP585,Interactive,IFE,2,VNM,-0.649811146713231
SSP585,Interactive,IFE,2,VUT,-0.5345545828627457
SSP585,Interactive,IFE,2,WSM,-0.6413490485184157
SSP585,Interactive,IFE,2,YEM,-0.8675298502403781
SSP585,Interactive,IFE,2,ZAF,-0.6095886308080045
SSP585,Interactive,IFE,2,ZMB,-0.7396027738183475
SSP585,Interactive,IFE,2,ZWE,-0.7511748519461721
SSP585,Interactive,AFE,3,AFG,-0.41804622783723544
SSP585,Interactive,AFE,3,AGO,-0.5930945384526838
SSP585,Interactive,AFE,3,ALB,-0.5210886505871908
SSP585,Interactive,AFE,3,ARE,-0.9337866861399168
SSP585,Interactive,AFE,3,ARG,-0.5048902865548233
SSP585,Interactive,AFE,3,AUS,-0.49922937537941037
SSP585,Interactive,AFE,3,AUT,-0.2717710619547181
SSP585,Interactive,AFE,3,AZE,-0.5074949527527413
SSP585,Interactive,AFE,3,BEL,-0.35418447019162413
SSP585,Interactive,AFE,3,BEN,-0.6377764929484135
SSP585,Interactive,AFE,3,BFA,-0.7755185453899098
SSP585,Interactive,AFE,3,BGD,-0.6117377036447339
SSP585,Interactive,AFE,3,BGR,-0.46939696042140977
SSP585,Interactive,AFE,3,BHS,-0.4929578211631973
SSP585,Interactive,AFE,3,BIH,-0.42148339719262806
SSP585,Interactive,AFE,3,BLR,-0.1861918197171628
SSP585,Interactive,AFE,3,BLZ,-0.76103752889110865
SSP585,Interactive,AFE,3,BOL,-0.5700041023554402
SSP585,Interactive,AFE,3,BRA,-0.5792622481590537
SSP585,Interactive,AFE,3,BRN,-0.8402031035408999
SSP585,Interactive,AFE,3,BWA,-0.7699257110965483
SSP585,Interactive,AFE,3,CAF,-0.5787957692011247
SSP585,Interactive,AFE,3,CAN,-0.2730269442824469
SSP585,Interactive,AFE,3,CHE,-0.30797698100429327
SSP585,Interactive,AFE,3,CHL,-0.31097273001668413
SSP585,Interactive,AFE,3,CHN,-0.49304800193363363
SSP585,Interactive,AFE,3,CIV,-0.5888520876985472
SSP585,Interactive,AFE,3,CMR,-0.5975629632055939
SSP585,Interactive,AFE,3,COD,-0.5766066168964818
SSP585,Interactive,AFE,3,COG,-0.5720175668363143
SSP585,Interactive,AFE,3,COL,-0.5834673657195825
SSP585,Interactive,AFE,3,CPV,-0.5576509830830776
SSP585,Interactive,AFE,3,CRI,-0.6455404406776815
SSP585,Interactive,AFE,3,CUB,-0.686087204852855
SSP585,Interactive,AFE,3,CYP,-0.6448383925556027
SSP585,Interactive,AFE,3,CZE,-0.2690923199298063
SSP585,Interactive,AFE,3,DEU,-0.3010785485297026
SSP585,Interactive,AFE,3,DNK,-0.2520244160861257
SSP585,Interactive,AFE,3,DOM,-0.7470326571901362
SSP585,Interactive,AFE,3,DZA,-0.7132206281111589
SSP585,Interactive,AFE,3,ECU,-0.8418473459270085
SSP585,Interactive,AFE,3,EGY,-0.8636055658583282
SSP585,Interactive,AFE,3,ESP,-0.5005411658458865
SSP585,Interactive,AFE,3,EST,-0.06384539754443286
SSP585,Interactive,AFE,3,ETH,-0.5421422095038735
SSP585,Interactive,AFE,3,FIN,0.12113086482950375
SSP585,Interactive,AFE,3,FJI,-0.44927476214394524
SSP585,Interactive,AFE,3,FRA,-0.39171836315270125
SSP585,Interactive,AFE,3,GAB,-0.6119427270587956
SSP585,Interactive,AFE,3,GBR,-0.29376363626084234
SSP585,Interactive,AFE,3,GEO,-0.3097007815607188
SSP585,Interactive,AFE,3,GHA,-0.6118354804788162
SSP585,Interactive,AFE,3,GIN,-0.6113356575347662
SSP585,Interactive,AFE,3,GNB,-0.7799904298003626
SSP585,Interactive,AFE,3,GNQ,-0.8313436274384226
SSP585,Interactive,AFE,3,GRC,-0.6071769991781354
SSP585,Interactive,AFE,3,GTM,-0.6306665191873156
SSP585,Interactive,AFE,3,GUY,-0.7260633980608602
SSP585,Interactive,AFE,3,HND,-0.7246342376668689
SSP585,Interactive,AFE,3,HRV,-0.4395333730344393
SSP585,Interactive,AFE,3,HTI,-0.7810804005031609
SSP585,Interactive,AFE,3,HUN,-0.4050177140387675
SSP585,Interactive,AFE,3,IDN,-0.5493022487044255
SSP585,Interactive,AFE,3,IND,-0.6316453848746358
SSP585,Interactive,AFE,3,IRL,-0.295202762083413
SSP585,Interactive,AFE,3,IRN,-0.6667934042302961
SSP585,Interactive,AFE,3,IRQ,-0.8930223021581811
SSP585,Interactive,AFE,3,ISL,-0.0323741877934981
SSP585,Interactive,AFE,3,ISR,-0.7522547469680517
SSP585,Interactive,AFE,3,ITA,-0.4675732816911894
SSP585,Interactive,AFE,3,JAM,-0.7971007468426199
SSP585,Interactive,AFE,3,JPN,-0.46884908040585327
SSP585,Interactive,AFE,3,KAZ,-0.16929148478357414
SSP585,Interactive,AFE,3,KEN,-0.547312449511643
SSP585,Interactive,AFE,3,KGZ,0.15211976809583372
SSP585,Interactive,AFE,3,KHM,-0.5899847650755531
SSP585,Interactive,AFE,3,KOR,-0.4479087608736797
SSP585,Interactive,AFE,3,LAO,-0.5571806349357757
SSP585,Interactive,AFE,3,LBN,-0.7333826256158931
SSP585,Interactive,AFE,3,LBR,-0.5838156643676854
SSP585,Interactive,AFE,3,LBY,-0.8039483416802442
SSP585,Interactive,AFE,3,LKA,-0.5311256765975728
SSP585,Interactive,AFE,3,LTU,-0.16715766675368782
SSP585,Interactive,AFE,3,LVA,-0.14414386066978657
SSP585,Interactive,AFE,3,MAR,-0.7534362073147736
SSP585,Interactive,AFE,3,MDA,-0.4378762417938439
SSP585,Interactive,AFE,3,MDG,-0.5165238018312444
SSP585,Interactive,AFE,3,MEX,-0.5673479003047472
SSP585,Interactive,AFE,3,MLI,-0.8495949199319319
SSP585,Interactive,AFE,3,MMR,-0.5792067929360598
SSP585,Interactive,AFE,3,MNG,1.4099564522842831
SSP585,Interactive,AFE,3,MOZ,-0.6681365539525749
SSP585,Interactive,AFE,3,MRT,-0.9203591397291373
SSP585,Interactive,AFE,3,MUS,-0.48503540635286413
SSP585,Interactive,AFE,3,MWI,-0.6347749305327763
SSP585,Interactive,AFE,3,MYS,-0.6540394070415028
SSP585,Interactive,AFE,3,NAM,-0.7976518160483348
SSP585,Interactive,AFE,3,NER,-0.839360709706411
SSP585,Interactive,AFE,3,NGA,-0.6062121894392574
SSP585,Interactive,AFE,3,NIC,-0.7637682399768977
SSP585,Interactive,AFE,3,NLD,-0.33017920331086625
SSP585,Interactive,AFE,3,NOR,-0.08643447172663554
SSP585,Interactive,AFE,3,NPL,-0.46455610253698565
SSP585,Interactive,AFE,3,NZL,-0.3495141583607435
SSP585,Interactive,AFE,3,OMN,-0.9160905898745367
SSP585,Interactive,AFE,3,PAK,-0.8243676525035918
SSP585,Interactive,AFE,3,PAN,-0.5311764629088487
SSP585,Interactive,AFE,3,PER,-0.5401807383200342
SSP585,Interactive,AFE,3,PHL,-0.5672621353016387
SSP585,Interactive,AFE,3,PNG,-0.7729878934753613
SSP585,Interactive,AFE,3,POL,-0.2699872557398113
SSP585,Interactive,AFE,3,PRI,-0.8397073683428478
SSP585,Interactive,AFE,3,PRT,-0.4913946504657474
SSP585,Interactive,AFE,3,PRY,-0.6557097694035623
SSP585,Interactive,AFE,3,QAT,-0.8265311521721252
SSP585,Interactive,AFE,3,ROU,-0.3785840663801062
SSP585,Interactive,AFE,3,RUS,0.08114304714837961
SSP585,Interactive,AFE,3,SAU,-0.9279394257601348
SSP585,Interactive,AFE,3,SDN,-0.8664375309885206
SSP585,Interactive,AFE,3,SEN,-0.8313383711330945
SSP585,Interactive,AFE,3,SLB,-0.7325276556890725
SSP585,Interactive,AFE,3,SLE,-0.5776597284039084
SSP585,Interactive,AFE,3,SLV,-0.7694972105837197
SSP585,Interactive,AFE,3,SRB,-0.43996573595933586
SSP585,Interactive,AFE,3,SUR,-0.7911512686275873
SSP585,Interactive,AFE,3,SVK,-0.30087441626135325
SSP585,Interactive,AFE,3,SWE,-0.11980423620529057
SSP585,Interactive,AFE,3,TCD,-0.7398590293294203
SSP585,Interactive,AFE,3,TGO,-0.6088871583597243
SSP585,Interactive,AFE,3,THA,-0.5818726391772312
SSP585,Interactive,AFE,3,TJK,-0.2705182639625552
SSP585,Interactive,AFE,3,TKM,-0.7534545496937044
SSP585,Interactive,AFE,3,TTO,-0.8530862555375524
SSP585,Interactive,AFE,3,TUN,-0.745093054985362
SSP585,Interactive,AFE,3,TUR,-0.5004542649354611
SSP585,Interactive,AFE,3,TZA,-0.5547158280002598
SSP585,Interactive,AFE,3,UGA,-0.5338239148543004
SSP585,Interactive,AFE,3,UKR,-0.3408952044494653
SSP585,Interactive,AFE,3,URY,-0.46131012454769993
SSP585,Interactive,AFE,3,USA,-0.4885099066266606
SSP585,Interactive,AFE,3,UZB,-0.5469697530153359
SSP585,Interactive,AFE,3,VCT,-0.8187943176933896
SSP585,Interactive,AFE,3,VNM,-0.5535285560043889
SSP585,Interactive,AFE,3,VUT,-0.45069355454204185
SSP585,Interactive,AFE,3,WSM,-0.6914743658074503
SSP585,Interactive,AFE,3,YEM,-0.7840754557485038
SSP585,Interactive,AFE,3,ZAF,-0.5585210444752182
SSP585,Interactive,AFE,3,ZMB,-0.6292066077645724
SSP585,Interactive,AFE,3,ZWE,-0.6541678166844479
SSP585,Interactive,IFE,3,AFG,1.4107014039440968
SSP585,Interactive,IFE,3,AGO,-0.4519012379939348
SSP585,Interactive,IFE,3,ALB,0.2494146335491807
SSP585,Interactive,IFE,3,ARE,-0.9677666752480166
SSP585,Interactive,IFE,3,ARG,-0.23283146941347865
SSP585,Interactive,IFE,3,AUS,-0.16480426758721767
SSP585,Interactive,IFE,3,AUT,1.731251727641848
SSP585,Interactive,IFE,3,AZE,0.587839606768249
SSP585,Interactive,IFE,3,BEL,0.7587872094827968
SSP585,Interactive,IFE,3,BEN,-0.6133628430685971
SSP585,Interactive,IFE,3,BFA,-0.7999709772096127
SSP585,Interactive,IFE,3,BGD,-0.4877247561056389
SSP585,Interactive,IFE,3,BGR,0.6925889222695982
SSP585,Interactive,IFE,3,BHS,-0.5141648107328377
SSP585,Interactive,IFE,3,BIH,0.8238685465463575
SSP585,Interactive,IFE,3,BLR,2.8772580667213012
SSP585,Interactive,IFE,3,BLZ,-0.7816607409467842
SSP585,Interactive,IFE,3,BOL,0.1391265696071109
SSP585,Interactive,IFE,3,BRA,-0.4426462447799815
SSP585,Interactive,IFE,3,BRN,-0.8706618062891496
SSP585,Interactive,IFE,3,BWA,-0.6951910379028068
SSP585,Interactive,IFE,3,CAF,-0.48410358819818067
SSP585,Interactive,IFE,3,CAN,2.801380272142057
SSP585,Interactive,IFE,3,CHE,1.6080852836531054
SSP585,Interactive,IFE,3,CHL,0.49371466749300064
SSP585,Interactive,IFE,3,CHN,0.41051417217397623
SSP585,Interactive,IFE,3,CIV,-0.5333596238029925
SSP585,Interactive,IFE,3,CMR,-0.507729824648294
SSP585,Interactive,IFE,3,COD,-0.44782547038276754
SSP585,Interactive,IFE,3,COG,-0.475434482174831
SSP585,Interactive,IFE,3,COL,-0.47641613128065574
SSP585,Interactive,IFE,3,CPV,-0.5713019404874868
SSP585,Interactive,IFE,3,CRI,-0.6512951184478759
SSP585,Interactive,IFE,3,CUB,-0.6996470716813592
SSP585,Interactive,IFE,3,CYP,-0.592952013486818
SSP585,Interactive,IFE,3,CZE,1.6671215333613532
SSP585,Interactive,IFE,3,DEU,1.2212163231969533
SSP585,Interactive,IFE,3,DNK,1.3767299820395587
SSP585,Interactive,IFE,3,DOM,-0.7807085672109629
SSP585,Interactive,IFE,3,DZA,-0.4939959475761566
SSP585,Interactive,IFE,3,ECU,-0.7468343725580823
SSP585,Interactive,IFE,3,EGY,-0.861539526427207
SSP585,Interactive,IFE,3,ESP,0.20492603211395077
SSP585,Interactive,IFE,3,EST,4.053782046334558
SSP585,Interactive,IFE,3,ETH,-0.28252036514998313
SSP585,Interactive,IFE,3,FIN,7.097235585314248
SSP585,Interactive,IFE,3,FJI,-0.37033320668038894
SSP585,Interactive,IFE,3,FRA,0.6271394319325332
SSP585,Interactive,IFE,3,GAB,-0.5675376837292017
SSP585,Interactive,IFE,3,GBR,0.9117891739576818
SSP585,Interactive,IFE,3,GEO,1.9330511530997954
SSP585,Interactive,IFE,3,GHA,-0.5799689823355687
SSP585,Interactive,IFE,3,GIN,-0.5693617913522484
SSP585,Interactive,IFE,3,GNB,-0.8160929114653067
SSP585,Interactive,IFE,3,GNQ,-0.8593819357191864
SSP585,Interactive,IFE,3,GRC,-0.15419131016515208
SSP585,Interactive,IFE,3,GTM,-0.565863220863451
SSP585,Interactive,IFE,3,GUY,-0.7505124018874426
SSP585,Interactive,IFE,3,HND,-0.7267770015933119
SSP585,Interactive,IFE,3,HRV,0.7370092396751209
SSP585,Interactive,IFE,3,HTI,-0.8218937119521862
SSP585,Interactive,IFE,3,HUN,0.9634157876036611
SSP585,Interactive,IFE,3,IDN,-0.5211074363213739
SSP585,Interactive,IFE,3,IND,-0.5211704245177624
SSP585,Interactive,IFE,3,IRL,0.8050024472898938
SSP585,Interactive,IFE,3,IRN,-0.21145312368182645
SSP585,Interactive,IFE,3,IRQ,-0.8918903483949787
SSP585,Interactive,IFE,3,ISL,3.632054263541666
SSP585,Interactive,IFE,3,ISR,-0.6596794695430593
SSP585,Interactive,IFE,3,ITA,0.4307175711097808
SSP585,Interactive,IFE,3,JAM,-0.8149914715095916
SSP585,Interactive,IFE,3,JPN,0.4066842486358142
SSP585,Interactive,IFE,3,KAZ,4.679849420859768
SSP585,Interactive,IFE,3,KEN,-0.3570010100002051
SSP585,Interactive,IFE,3,KGZ,8.531514698136268
SSP585,Interactive,IFE,3,KHM,-0.5288867872562102
SSP585,Interactive,IFE,3,KOR,0.6637438720559818
SSP585,Interactive,IFE,3,LAO,-0.3432227517539348
SSP585,Interactive,IFE,3,LBN,-0.5617465661150731
SSP585,Interactive,IFE,3,LBR,-0.5206527454709484
SSP585,Interactive,IFE,3,LBY,-0.7476054006782018
SSP585,Interactive,IFE,3,LKA,-0.4397403953224305
SSP585,Interactive,IFE,3,LTU,2.8032641472992927
SSP585,Interactive,IFE,3,LVA,3.0799986169312144
SSP585,Interactive,IFE,3,MAR,-0.6284427894671234
SSP585,Interactive,IFE,3,MDA,1.2082892624076038
SSP585,Interactive,IFE,3,MDG,-0.33890670161706693
SSP585,Interactive,IFE,3,MEX,-0.3039080943638127
SSP585,Interactive,IFE,3,MLI,-0.8864379838474405
SSP585,Interactive,IFE,3,MMR,-0.3985817271386797
SSP585,Interactive,IFE,3,MNG,42.26930020888105
SSP585,Interactive,IFE,3,MOZ,-0.6133636999650105
SSP585,Interactive,IFE,3,MRT,-0.9583090462929658
SSP585,Interactive,IFE,3,MUS,-0.4331505837408349
SSP585,Interactive,IFE,3,MWI,-0.5098129420249604
SSP585,Interactive,IFE,3,MYS,-0.6559358529977006
SSP585,Interactive,IFE,3,NAM,-0.7630210962815578
SSP585,Interactive,IFE,3,NER,-0.8753409276451084
SSP585,Interactive,IFE,3,NGA,-0.5508961348133097
SSP585,Interactive,IFE,3,NIC,-0.7914375819121542
SSP585,Interactive,IFE,3,NLD,0.8290559488456868
SSP585,Interactive,IFE,3,NOR,3.034638114721253
SSP585,Interactive,IFE,3,NPL,0.6083615995162304
SSP585,Interactive,IFE,3,NZL,0.22546462128616995
SSP585,Interactive,IFE,3,OMN,-0.95531423209565
SSP585,Interactive,IFE,3,PAK,-0.8050649470769246
SSP585,Interactive,IFE,3,PAN,-0.5094099029920998
SSP585,Interactive,IFE,3,PER,0.11546603993942917
SSP585,Interactive,IFE,3,PHL,-0.5329340853565052
SSP585,Interactive,IFE,3,PNG,-0.739632638211827
SSP585,Interactive,IFE,3,POL,1.7189319045599523
SSP585,Interactive,IFE,3,PRI,-0.867993378287303
SSP585,Interactive,IFE,3,PRT,0.055467576320746836
SSP585,Interactive,IFE,3,PRY,-0.5836976807321178
SSP585,Interactive,IFE,3,QAT,-0.8813291855889148
SSP585,Interactive,IFE,3,ROU,1.2376680499691775
SSP585,Interactive,IFE,3,RUS,8.000770357835737
SSP585,Interactive,IFE,3,SAU,-0.9565801952423875
SSP585,Interactive,IFE,3,SDN,-0.9129884895532483
SSP585,Interactive,IFE,3,SEN,-0.8776260724811362
SSP585,Interactive,IFE,3,SLB,-0.8005901163669136
SSP585,Interactive,IFE,3,SLE,-0.5367301906106732
SSP585,Interactive,IFE,3,SLV,-0.7609375541416507
SSP585,Interactive,IFE,3,SRB,0.7908145680916969
SSP585,Interactive,IFE,3,SUR,-0.8262017492836684
SSP585,Interactive,IFE,3,SVK,1.56426368805736
SSP585,Interactive,IFE,3,SWE,2.901298114800946
SSP585,Interactive,IFE,3,TCD,-0.7573176354987907
SSP585,Interactive,IFE,3,TGO,-0.5729730956855154
SSP585,Interactive,IFE,3,THA,-0.4851312232891838
SSP585,Interactive,IFE,3,TJK,2.7112976017133104
SSP585,Interactive,IFE,3,TKM,-0.48458284623104986
SSP585,Interactive,IFE,3,TTO,-0.8908715200321424
SSP585,Interactive,IFE,3,TUN,-0.6042322827484334
SSP585,Interactive,IFE,3,TUR,0.4499705254588884
SSP585,Interactive,IFE,3,TZA,-0.39369703238419684
SSP585,Interactive,IFE,3,UGA,-0.33634045463322315
SSP585,Interactive,IFE,3,UKR,1.6680014546616482
SSP585,Interactive,IFE,3,URY,-0.19081658604935692
SSP585,Interactive,IFE,3,USA,0.30285041570879145
SSP585,Interactive,IFE,3,UZB,0.48419147744910673
SSP585,Interactive,IFE,3,VCT,-0.8443293781596568
SSP585,Interactive,IFE,3,VNM,-0.41172108954147646
SSP585,Interactive,IFE,3,VUT,-0.36214360806014345
SSP585,Interactive,IFE,3,WSM,-0.7249396750112691
SSP585,Interactive,IFE,3,YEM,-0.7946741215392236
SSP585,Interactive,IFE,3,ZAF,-0.19641047300892345
SSP585,Interactive,IFE,3,ZMB,-0.46998932231833657
SSP585,Interactive,IFE,3,ZWE,-0.5063275893825119
SSP585,Interactive,AFE,4,AFG,-0.3697142595050332
SSP585,Interactive,AFE,4,AGO,-0.4797859446010424
SSP585,Interactive,AFE,4,ALB,-0.5036487924386839
SSP585,Interactive,AFE,4,ARE,-0.9050221072494398
SSP585,Interactive,AFE,4,ARG,-0.4589133878662557
SSP585,Interactive,AFE,4,AUS,-0.4562009503645552
SSP585,Interactive,AFE,4,AUT,-0.4042903242007868
SSP585,Interactive,AFE,4,AZE,-0.43444417684457404
SSP585,Interactive,AFE,4,BEL,-0.42324960150367363
SSP585,Interactive,AFE,4,BEN,-0.44335999048601493
SSP585,Interactive,AFE,4,BFA,-0.6735762512993597
SSP585,Interactive,AFE,4,BGD,-0.4257524932243645
SSP585,Interactive,AFE,4,BGR,-0.4404970980330022
SSP585,Interactive,AFE,4,BHS,-0.4015687871225029
SSP585,Interactive,AFE,4,BIH,-0.46992776771835
SSP585,Interactive,AFE,4,BLR,-0.25865717494106033
SSP585,Interactive,AFE,4,BLZ,-0.6790516763760541
SSP585,Interactive,AFE,4,BOL,-0.6755280946192241
SSP585,Interactive,AFE,4,BRA,-0.47634605030133914
SSP585,Interactive,AFE,4,BRN,-0.28792651863949525
SSP585,Interactive,AFE,4,BWA,-0.7009650036245341
SSP585,Interactive,AFE,4,CAF,-0.3505227390500263
SSP585,Interactive,AFE,4,CAN,-0.4742667346737165
SSP585,Interactive,AFE,4,CHE,-0.5840221039417768
SSP585,Interactive,AFE,4,CHL,-0.35240501669050084
SSP585,Interactive,AFE,4,CHN,-0.5360120780860229
SSP585,Interactive,AFE,4,CIV,-0.36496069579288315
SSP585,Interactive,AFE,4,CMR,-0.29472801536146565
SSP585,Interactive,AFE,4,COD,-0.35563188799713774
SSP585,Interactive,AFE,4,COG,-0.31614300464724754
SSP585,Interactive,AFE,4,COL,-0.3316323913474244
SSP585,Interactive,AFE,4,CPV,-0.4908424272628309
SSP585,Interactive,AFE,4,CRI,-0.5184260335531747
SSP585,Interactive,AFE,4,CUB,-0.5896709880290336
SSP585,Interactive,AFE,4,CYP,-0.5725983291623704
SSP585,Interactive,AFE,4,CZE,-0.3357252484468647
SSP585,Interactive,AFE,4,DEU,-0.3904398386122818
SSP585,Interactive,AFE,4,DNK,-0.2872483563620867
SSP585,Interactive,AFE,4,DOM,-0.6713174329007067
SSP585,Interactive,AFE,4,DZA,-0.6333846388612896
SSP585,Interactive,AFE,4,ECU,-0.6559035885576172
SSP585,Interactive,AFE,4,EGY,-0.8084566075363884
SSP585,Interactive,AFE,4,ESP,-0.46741288185194985
SSP585,Interactive,AFE,4,EST,-0.0919953537530207
SSP585,Interactive,AFE,4,ETH,-0.4845689602614277
SSP585,Interactive,AFE,4,FIN,0.05723159216894147
SSP585,Interactive,AFE,4,FJI,-0.2776553320332279
SSP585,Interactive,AFE,4,FRA,-0.4425078609133366
SSP585,Interactive,AFE,4,GAB,-0.23745813834166074
SSP585,Interactive,AFE,4,GBR,-0.35722831620290774
SSP585,Interactive,AFE,4,GEO,-0.384601958117312
SSP585,Interactive,AFE,4,GHA,-0.4114666575541561
SSP585,Interactive,AFE,4,GIN,-0.37585657105535386
SSP585,Interactive,AFE,4,GNB,-0.6911086665648283
SSP585,Interactive,AFE,4,GNQ,-0.3180987302115824
SSP585,Interactive,AFE,4,GRC,-0.542872621385355
SSP585,Interactive,AFE,4,GTM,-0.5130165330697976
SSP585,Interactive,AFE,4,GUY,-0.6294654080025163
SSP585,Interactive,AFE,4,HND,-0.6289890950219914
SSP585,Interactive,AFE,4,HRV,-0.42705855744053567
SSP585,Interactive,AFE,4,HTI,-0.7091912051666538
SSP585,Interactive,AFE,4,HUN,-0.38722751133478883
SSP585,Interactive,AFE,4,IDN,-0.17489253131244797
SSP585,Interactive,AFE,4,IND,-0.5046766628636077
SSP585,Interactive,AFE,4,IRL,-0.4164423701605572
SSP585,Interactive,AFE,4,IRN,-0.5846818270330494
SSP585,Interactive,AFE,4,IRQ,-0.8454157715868034
SSP585,Interactive,AFE,4,ISL,-0.3344547096231012
SSP585,Interactive,AFE,4,ISR,-0.6785848712683007
SSP585,Interactive,AFE,4,ITA,-0.4527718940334535
SSP585,Interactive,AFE,4,JAM,-0.7069393169906333
SSP585,Interactive,AFE,4,JPN,-0.6346831274830405
SSP585,Interactive,AFE,4,KAZ,-0.05655474411870198
SSP585,Interactive,AFE,4,KEN,-0.48688380632377826
SSP585,Interactive,AFE,4,KGZ,0.06496655587011646
SSP585,Interactive,AFE,4,KHM,-0.22583265622119242
SSP585,Interactive,AFE,4,KOR,-0.559138236692269
SSP585,Interactive,AFE,4,LAO,-0.441827626384104
SSP585,Interactive,AFE,4,LBN,-0.6614461836856367
SSP585,Interactive,AFE,4,LBR,-0.24339442376133602
SSP585,Interactive,AFE,4,LBY,-0.7342960695955616
SSP585,Interactive,AFE,4,LKA,-0.21152964941077146
SSP585,Interactive,AFE,4,LTU,-0.2170679345494766
SSP585,Interactive,AFE,4,LVA,-0.20049623446336995
SSP585,Interactive,AFE,4,MAR,-0.6751139073445322
SSP585,Interactive,AFE,4,MDA,-0.39234955707669517
SSP585,Interactive,AFE,4,MDG,-0.4357842317979437
SSP585,Interactive,AFE,4,MEX,-0.5226582792529026
SSP585,Interactive,AFE,4,MLI,-0.778914706217075
SSP585,Interactive,AFE,4,MMR,-0.3873182668223496
SSP585,Interactive,AFE,4,MNG,1.5959654868293986
SSP585,Interactive,AFE,4,MOZ,-0.5676002891108982
SSP585,Interactive,AFE,4,MRT,-0.8873812676071791
SSP585,Interactive,AFE,4,MUS,-0.4166573063990294
SSP585,Interactive,AFE,4,MWI,-0.5412038845692315
SSP585,Interactive,AFE,4,MYS,-0.18316889483464105
SSP585,Interactive,AFE,4,NAM,-0.7312813649683898
SSP585,Interactive,AFE,4,NER,-0.7798303108953395
SSP585,Interactive,AFE,4,NGA,-0.3665030847780194
SSP585,Interactive,AFE,4,NIC,-0.6771378828719611
SSP585,Interactive,AFE,4,NLD,-0.38926953078558246
SSP585,Interactive,AFE,4,NOR,-0.2809537248238405
SSP585,Interactive,AFE,4,NPL,-0.6597580709282622
SSP585,Interactive,AFE,4,NZL,-0.4109621361686877
SSP585,Interactive,AFE,4,OMN,-0.8834621413585196
SSP585,Interactive,AFE,4,PAK,-0.7671581202505396
SSP585,Interactive,AFE,4,PAN,-0.25913637909261744
SSP585,Interactive,AFE,4,PER,-0.6119562532979477
SSP585,Interactive,AFE,4,PHL,-0.1806126876567722
SSP585,Interactive,AFE,4,PNG,-0.45225283309692055
SSP585,Interactive,AFE,4,POL,-0.31595254016280494
SSP585,Interactive,AFE,4,PRI,-0.7774579968983925
SSP585,Interactive,AFE,4,PRT,-0.4812068843289674
SSP585,Interactive,AFE,4,PRY,-0.5586239177892927
SSP585,Interactive,AFE,4,QAT,-0.7795219220500462
SSP585,Interactive,AFE,4,ROU,-0.39146009522136305
SSP585,Interactive,AFE,4,RUS,0.022271116946361413
SSP585,Interactive,AFE,4,SAU,-0.8954289630156743
SSP585,Interactive,AFE,4,SDN,-0.8177596120917278
SSP585,Interactive,AFE,4,SEN,-0.778491577685709
SSP585,Interactive,AFE,4,SLB,-0.10413982455874538
SSP585,Interactive,AFE,4,SLE,-0.22065707953833036
SSP585,Interactive,AFE,4,SLV,-0.6730749374273537
SSP585,Interactive,AFE,4,SRB,-0.42982237734935946
SSP585,Interactive,AFE,4,SUR,-0.7114040793804095
SSP585,Interactive,AFE,4,SVK,-0.3608640577635006
SSP585,Interactive,AFE,4,SWE,-0.1538873607535418
SSP585,Interactive,AFE,4,TCD,-0.6335342579075314
SSP585,Interactive,AFE,4,TGO,-0.36265678448913286
SSP585,Interactive,AFE,4,THA,-0.3370665382431516
SSP585,Interactive,AFE,4,TJK,-0.3110953392135678
SSP585,Interactive,AFE,4,TKM,-0.6652781415168535
SSP585,Interactive,AFE,4,TTO,-0.7944845806773411
SSP585,Interactive,AFE,4,TUN,-0.6665951792588569
SSP585,Interactive,AFE,4,TUR,-0.47527807603480277
SSP585,Interactive,AFE,4,TZA,-0.45887661853019024
SSP585,Interactive,AFE,4,UGA,-0.4106065448809516
SSP585,Interactive,AFE,4,UKR,-0.32425215965966403
SSP585,Interactive,AFE,4,URY,-0.4273906989898417
SSP585,Interactive,AFE,4,USA,-0.5249525731836676
SSP585,Interactive,AFE,4,UZB,-0.46057333031604764
SSP585,Interactive,AFE,4,VCT,-0.7497607734003646
SSP585,Interactive,AFE,4,VNM,-0.3730700522616932
SSP585,Interactive,AFE,4,VUT,-0.200578509188997
SSP585,Interactive,AFE,4,WSM,-0.10056269330565404
SSP585,Interactive,AFE,4,YEM,-0.7240985019652223
SSP585,Interactive,AFE,4,ZAF,-0.5356538153888581
SSP585,Interactive,AFE,4,ZMB,-0.5343706430553112
SSP585,Interactive,AFE,4,ZWE,-0.5798699088284925
SSP585,Interactive,IFE,4,AFG,1.940870755322265
SSP585,Interactive,IFE,4,AGO,-0.65896496936598
SSP585,Interactive,IFE,4,ALB,0.26098250977417625
SSP585,Interactive,IFE,4,ARE,-0.950160706019333
SSP585,Interactive,IFE,4,ARG,-0.26567063703700966
SSP585,Interactive,IFE,4,AUS,-0.18965387898860542
SSP585,Interactive,IFE,4,AUT,1.9273498292257845
SSP585,Interactive,IFE,4,AZE,0.9169243661478292
SSP585,Interactive,IFE,4,BEL,0.8300924831345824
SSP585,Interactive,IFE,4,BEN,-0.7751490019651729
SSP585,Interactive,IFE,4,BFA,-0.8781629194163406
SSP585,Interactive,IFE,4,BGD,-0.7385295957176293
SSP585,Interactive,IFE,4,BGR,0.8791080258492181
SSP585,Interactive,IFE,4,BHS,-0.518632141059133
SSP585,Interactive,IFE,4,BIH,0.830830683976113
SSP585,Interactive,IFE,4,BLR,3.812733258308077
SSP585,Interactive,IFE,4,BLZ,-0.7996952612127932
SSP585,Interactive,IFE,4,BOL,-0.45708446190063967
SSP585,Interactive,IFE,4,BRA,-0.6243417068973053
SSP585,Interactive,IFE,4,BRN,-0.8503943977760935
SSP585,Interactive,IFE,4,BWA,-0.7242316976864616
SSP585,Interactive,IFE,4,CAF,-0.7093642579714107
SSP585,Interactive,IFE,4,CAN,3.5628316376042566
SSP585,Interactive,IFE,4,CHE,1.3810742875220403
SSP585,Interactive,IFE,4,CHL,0.43153228799181353
SSP585,Interactive,IFE,4,CHN,0.34781691994283315
SSP585,Interactive,IFE,4,CIV,-0.723292895692752
SSP585,Interactive,IFE,4,CMR,-0.7049651657635873
SSP585,Interactive,IFE,4,COD,-0.6845911699815779
SSP585,Interactive,IFE,4,COG,-0.6908689439793012
SSP585,Interactive,IFE,4,COL,-0.6830042269243535
SSP585,Interactive,IFE,4,CPV,-0.45988795338938404
SSP585,Interactive,IFE,4,CRI,-0.7080711660234102
SSP585,Interactive,IFE,4,CUB,-0.7483712268344886
SSP585,Interactive,IFE,4,CYP,-0.5203821636691774
SSP585,Interactive,IFE,4,CZE,2.0392123519473815
SSP585,Interactive,IFE,4,DEU,1.3908413137745441
SSP585,Interactive,IFE,4,DNK,1.8289695313460403
SSP585,Interactive,IFE,4,DOM,-0.7563736330481378
SSP585,Interactive,IFE,4,DZA,-0.3650454735273695
SSP585,Interactive,IFE,4,ECU,-0.7610374164938684
SSP585,Interactive,IFE,4,EGY,-0.7720848921050736
SSP585,Interactive,IFE,4,ESP,0.25381521328020584
SSP585,Interactive,IFE,4,EST,5.938006430713051
SSP585,Interactive,IFE,4,ETH,-0.5410562111208428
SSP585,Interactive,IFE,4,FIN,10.975360050076173
SSP585,Interactive,IFE,4,FJI,-0.567901285141001
SSP585,Interactive,IFE,4,FRA,0.6147425376731062
SSP585,Interactive,IFE,4,GAB,-0.6992502269550311
SSP585,Interactive,IFE,4,GBR,1.0991143344268695
SSP585,Interactive,IFE,4,GEO,2.3261622068075622
SSP585,Interactive,IFE,4,GHA,-0.7456393912192734
SSP585,Interactive,IFE,4,GIN,-0.747866156293719
SSP585,Interactive,IFE,4,GNB,-0.8579440925955393
SSP585,Interactive,IFE,4,GNQ,-0.8420653893422726
SSP585,Interactive,IFE,4,GRC,-0.07146971859231355
SSP585,Interactive,IFE,4,GTM,-0.679207309725884
SSP585,Interactive,IFE,4,GUY,-0.7678515762801592
SSP585,Interactive,IFE,4,HND,-0.7446856815107812
SSP585,Interactive,IFE,4,HRV,0.8969046032226999
SSP585,Interactive,IFE,4,HTI,-0.7957085245611075
SSP585,Interactive,IFE,4,HUN,1.2263370523940114
SSP585,Interactive,IFE,4,IDN,-0.6808384300336356
SSP585,Interactive,IFE,4,IND,-0.7405870701801436
SSP585,Interactive,IFE,4,IRL,0.8765036791398688
SSP585,Interactive,IFE,4,IRN,-0.025579988264985865
SSP585,Interactive,IFE,4,IRQ,-0.839023453438943
SSP585,Interactive,IFE,4,ISL,5.21729961206262
SSP585,Interactive,IFE,4,ISR,-0.5569950234916066
SSP585,Interactive,IFE,4,ITA,0.49347052626896803
SSP585,Interactive,IFE,4,JAM,-0.8548039259299538
SSP585,Interactive,IFE,4,JPN,-0.11431956241035268
SSP585,Interactive,IFE,4,KAZ,6.67412800203714
SSP585,Interactive,IFE,4,KEN,-0.5523159882167868
SSP585,Interactive,IFE,4,KGZ,12.555914373366438
SSP585,Interactive,IFE,4,KHM,-0.7245904291986649
SSP585,Interactive,IFE,4,KOR,0.5306859749180619
SSP585,Interactive,IFE,4,LAO,-0.6213274608535453
SSP585,Interactive,IFE,4,LBN,-0.49247821226239197
SSP585,Interactive,IFE,4,LBR,-0.6927626924174258
SSP585,Interactive,IFE,4,LBY,-0.6257579093191938
SSP585,Interactive,IFE,4,LKA,-0.6769727581012902
SSP585,Interactive,IFE,4,LTU,3.8245249542940893
SSP585,Interactive,IFE,4,LVA,4.306905694740031
SSP585,Interactive,IFE,4,MAR,-0.4942192906274502
SSP585,Interactive,IFE,4,MDA,1.6241430860389126
SSP585,Interactive,IFE,4,MDG,-0.5323056382947258
SSP585,Interactive,IFE,4,MEX,-0.4902577157871799
SSP585,Interactive,IFE,4,MLI,-0.9131949451299345
SSP585,Interactive,IFE,4,MMR,-0.6768149032527508
SSP585,Interactive,IFE,4,MNG,62.843299358579245
SSP585,Interactive,IFE,4,MOZ,-0.7130443506092689
SSP585,Interactive,IFE,4,MRT,-0.938935023244493
SSP585,Interactive,IFE,4,MUS,-0.47835985483495036
SSP585,Interactive,IFE,4,MWI,-0.6636319270824613
SSP585,Interactive,IFE,4,MYS,-0.7211458774764445
SSP585,Interactive,IFE,4,NAM,-0.7550365577690976
SSP585,Interactive,IFE,4,NER,-0.9037764914846317
SSP585,Interactive,IFE,4,NGA,-0.7510099123928288
SSP585,Interactive,IFE,4,NIC,-0.7967125378115931
SSP585,Interactive,IFE,4,NLD,0.9553068220995566
SSP585,Interactive,IFE,4,NOR,4.868732921180383
SSP585,Interactive,IFE,4,NPL,-0.06864917586359032
SSP585,Interactive,IFE,4,NZL,0.09544846732400147
SSP585,Interactive,IFE,4,OMN,-0.9352279722897545
SSP585,Interactive,IFE,4,PAK,-0.7774617614244868
SSP585,Interactive,IFE,4,PAN,-0.6816484038361115
SSP585,Interactive,IFE,4,PER,-0.43874694639052947
SSP585,Interactive,IFE,4,PHL,-0.6765854961704747
SSP585,Interactive,IFE,4,PNG,-0.7243076322884383
SSP585,Interactive,IFE,4,POL,2.1666777038170673
SSP585,Interactive,IFE,4,PRI,-0.8458413603677184
SSP585,Interactive,IFE,4,PRT,-0.018043102336268935
SSP585,Interactive,IFE,4,PRY,-0.7118488796625159
SSP585,Interactive,IFE,4,QAT,-0.8355359450776414
SSP585,Interactive,IFE,4,ROU,1.4927441180538366
SSP585,Interactive,IFE,4,RUS,11.72667522926531
SSP585,Interactive,IFE,4,SAU,-0.9307361392665706
SSP585,Interactive,IFE,4,SDN,-0.9218682534442105
SSP585,Interactive,IFE,4,SEN,-0.8562513761754338
SSP585,Interactive,IFE,4,SLB,-0.7545612339067685
SSP585,Interactive,IFE,4,SLE,-0.7081105549484848
SSP585,Interactive,IFE,4,SLV,-0.8172236703565006
SSP585,Interactive,IFE,4,SRB,0.9583378879690858
SSP585,Interactive,IFE,4,SUR,-0.82891223338483
SSP585,Interactive,IFE,4,SVK,1.8701946265198095
SSP585,Interactive,IFE,4,SWE,4.1953296487604295
SSP585,Interactive,IFE,4,TCD,-0.853710225833426
SSP585,Interactive,IFE,4,TGO,-0.7585205827911273
SSP585,Interactive,IFE,4,THA,-0.7140196413651662
SSP585,Interactive,IFE,4,TJK,3.5815393055868414
SSP585,Interactive,IFE,4,TKM,-0.2604432226689608
SSP585,Interactive,IFE,4,TTO,-0.8444332870123381
SSP585,Interactive,IFE,4,TUN,-0.4702129014246018
SSP585,Interactive,IFE,4,TUR,0.5486504374559913
SSP585,Interactive,IFE,4,TZA,-0.6113883278551275
SSP585,Interactive,IFE,4,UGA,-0.6118324253739218
SSP585,Interactive,IFE,4,UKR,2.1761677105873525
SSP585,Interactive,IFE,4,URY,-0.26431222760176265
SSP585,Interactive,IFE,4,USA,0.19841049391997778
SSP585,Interactive,IFE,4,UZB,0.8528971754766532
SSP585,Interactive,IFE,4,VCT,-0.821654687930862
SSP585,Interactive,IFE,4,VNM,-0.6577131245450425
SSP585,Interactive,IFE,4,VUT,-0.5776148560096078
SSP585,Interactive,IFE,4,WSM,-0.7637667146351966
SSP585,Interactive,IFE,4,YEM,-0.8119105944519369
SSP585,Interactive,IFE,4,ZAF,-0.35481285987857814
SSP585,Interactive,IFE,4,ZMB,-0.6659755170174213
SSP585,Interactive,IFE,4,ZWE,-0.6353426159831557
SSP585,Interactive,AFE,5,AFG,-0.5158222698948323
SSP585,Interactive,AFE,5,AGO,-0.08084627528463939
SSP585,Interactive,AFE,5,ALB,-0.591073454012041
SSP585,Interactive,AFE,5,ARE,-0.9017080633727255
SSP585,Interactive,AFE,5,ARG,-0.4315603326168027
SSP585,Interactive,AFE,5,AUS,-0.4521285991766668
SSP585,Interactive,AFE,5,AUT,-0.6836323686475223
SSP585,Interactive,AFE,5,AZE,-0.48837199654652763
SSP585,Interactive,AFE,5,BEL,-0.6243452484375225
SSP585,Interactive,AFE,5,BEN,0.2541995182092043
SSP585,Interactive,AFE,5,BFA,-0.2254186376310141
SSP585,Interactive,AFE,5,BGD,0.2849871856591337
SSP585,Interactive,AFE,5,BGR,-0.5665406999440973
SSP585,Interactive,AFE,5,BHS,-0.24374241439787214
SSP585,Interactive,AFE,5,BIH,-0.6443907725976459
SSP585,Interactive,AFE,5,BLR,-0.607190623607538
SSP585,Interactive,AFE,5,BLZ,-0.48818282854901585
SSP585,Interactive,AFE,5,BOL,-0.0857738019448967
SSP585,Interactive,AFE,5,BRA,-0.1395165466628
SSP585,Interactive,AFE,5,BRN,0.10358270408474257
SSP585,Interactive,AFE,5,BWA,-0.576218175837649
SSP585,Interactive,AFE,5,CAF,0.3711593184876585
SSP585,Interactive,AFE,5,CAN,-0.8083969899370734
SSP585,Interactive,AFE,5,CHE,-0.7743710460579032
SSP585,Interactive,AFE,5,CHL,-0.5014889178116084
SSP585,Interactive,AFE,5,CHN,-0.6720483234236971
SSP585,Interactive,AFE,5,CIV,0.32578083823363646
SSP585,Interactive,AFE,5,CMR,0.49630343920801856
SSP585,Interactive,AFE,5,COD,0.3445892214948494
SSP585,Interactive,AFE,5,COG,0.40992346276531144
SSP585,Interactive,AFE,5,COL,0.4648104169545524
SSP585,Interactive,AFE,5,CPV,-0.4827392030033463
SSP585,Interactive,AFE,5,CRI,-0.20469743837343968
SSP585,Interactive,AFE,5,CUB,-0.332287792231989
SSP585,Interactive,AFE,5,CYP,-0.5226898866065234
SSP585,Interactive,AFE,5,CZE,-0.6095664468630992
SSP585,Interactive,AFE,5,DEU,-0.6361745772457954
SSP585,Interactive,AFE,5,DNK,-0.5542466990475842
SSP585,Interactive,AFE,5,DOM,-0.560786314588365
SSP585,Interactive,AFE,5,DZA,-0.5933236370456598
SSP585,Interactive,AFE,5,ECU,1.0001020313891034
SSP585,Interactive,AFE,5,EGY,-0.791378320891064
SSP585,Interactive,AFE,5,ESP,-0.5432074130948492
SSP585,Interactive,AFE,5,EST,-0.5044864865980775
SSP585,Interactive,AFE,5,ETH,-0.24155861461727424
SSP585,Interactive,AFE,5,FIN,-0.5119931992083858
SSP585,Interactive,AFE,5,FJI,0.18913777466692006
SSP585,Interactive,AFE,5,FRA,-0.6039656939495996
SSP585,Interactive,AFE,5,GAB,0.473222764747701
SSP585,Interactive,AFE,5,GBR,-0.591193291439975
SSP585,Interactive,AFE,5,GEO,-0.660621265665086
SSP585,Interactive,AFE,5,GHA,0.24644599074944096
SSP585,Interactive,AFE,5,GIN,0.35615569898971944
SSP585,Interactive,AFE,5,GNB,-0.39773080969689867
SSP585,Interactive,AFE,5,GNQ,0.15239792986235368
SSP585,Interactive,AFE,5,GRC,-0.55177156591697
SSP585,Interactive,AFE,5,GTM,-0.17923604907900437
SSP585,Interactive,AFE,5,GUY,-0.40791988137307156
SSP585,Interactive,AFE,5,HND,-0.4255890247587514
SSP585,Interactive,AFE,5,HRV,-0.5712417768399717
SSP585,Interactive,AFE,5,HTI,-0.605830629846063
SSP585,Interactive,AFE,5,HUN,-0.5455192976841186
SSP585,Interactive,AFE,5,IDN,0.5045488628483015
SSP585,Interactive,AFE,5,IND,0.018356805963658296
SSP585,Interactive,AFE,5,IRL,-0.6541966840448548
SSP585,Interactive,AFE,5,IRN,-0.5535938607409476
SSP585,Interactive,AFE,5,IRQ,-0.8161226254269003
SSP585,Interactive,AFE,5,ISL,-0.8042083291336091
SSP585,Interactive,AFE,5,ISR,-0.6313999794366638
SSP585,Interactive,AFE,5,ITA,-0.5657295278711382
SSP585,Interactive,AFE,5,JAM,-0.4257561606162754
SSP585,Interactive,AFE,5,JPN,-0.5363246674655338
SSP585,Interactive,AFE,5,KAZ,-0.1906250664379492
SSP585,Interactive,AFE,5,KEN,-0.278182165576648
SSP585,Interactive,AFE,5,KGZ,-0.49689586201478964
SSP585,Interactive,AFE,5,KHM,0.6313547360704987
SSP585,Interactive,AFE,5,KOR,-0.7242691676711814
SSP585,Interactive,AFE,5,LAO,0.01845769229954164
SSP585,Interactive,AFE,5,LBN,-0.6156093277259194
SSP585,Interactive,AFE,5,LBR,0.49525114362421574
SSP585,Interactive,AFE,5,LBY,-0.6956467792485741
SSP585,Interactive,AFE,5,LKA,0.5992356207006455
SSP585,Interactive,AFE,5,LTU,-0.5631307785176058
SSP585,Interactive,AFE,5,LVA,-0.5743683197666417
SSP585,Interactive,AFE,5,MAR,-0.6288068064318844
SSP585,Interactive,AFE,5,MDA,-0.5325760857003251
SSP585,Interactive,AFE,5,MDG,-0.15138383378109443
SSP585,Interactive,AFE,5,MEX,-0.3534628979304384
SSP585,Interactive,AFE,5,MLI,-0.5330844670917061
SSP585,Interactive,AFE,5,MMR,0.2871730724277022
SSP585,Interactive,AFE,5,MNG,1.1128366050911835
SSP585,Interactive,AFE,5,MOZ,-0.2764886395670615
SSP585,Interactive,AFE,5,MRT,-0.8770415838843436
SSP585,Interactive,AFE,5,MUS,-0.28651962697679034
SSP585,Interactive,AFE,5,MWI,-0.24800783962363215
SSP585,Interactive,AFE,5,MYS,0.37273583327430004
SSP585,Interactive,AFE,5,NAM,-0.6340647392203708
SSP585,Interactive,AFE,5,NER,-0.5897094895487056
SSP585,Interactive,AFE,5,NGA,0.42574842461298434
SSP585,Interactive,AFE,5,NIC,-0.4904075970214178
SSP585,Interactive,AFE,5,NLD,-0.6000937999005688
SSP585,Interactive,AFE,5,NOR,-0.8044103674562894
SSP585,Interactive,AFE,5,NPL,-0.6640200883853884
SSP585,Interactive,AFE,5,NZL,-0.4881841880710005
SSP585,Interactive,AFE,5,OMN,-0.8771320813369258
SSP585,Interactive,AFE,5,PAK,-0.7021904742607554
SSP585,Interactive,AFE,5,PAN,0.38754737770313374
SSP585,Interactive,AFE,5,PER,-0.19214971405046155
SSP585,Interactive,AFE,5,PHL,0.47207109867444674
SSP585,Interactive,AFE,5,PNG,0.27291861927943306
SSP585,Interactive,AFE,5,POL,-0.5845060222998446
SSP585,Interactive,AFE,5,PRI,-0.6893559453218111
SSP585,Interactive,AFE,5,PRT,-0.5298033057459328
SSP585,Interactive,AFE,5,PRY,-0.2465590995505217
SSP585,Interactive,AFE,5,QAT,-0.7793178955921717
SSP585,Interactive,AFE,5,ROU,-0.5927978472468372
SSP585,Interactive,AFE,5,RUS,-0.4914743207883079
SSP585,Interactive,AFE,5,SAU,-0.8892836839999781
SSP585,Interactive,AFE,5,SDN,-0.7005075711709159
SSP585,Interactive,AFE,5,SEN,-0.7217144464053724
SSP585,Interactive,AFE,5,SLB,-0.039111837332710064
SSP585,Interactive,AFE,5,SLE,0.532630316315406
SSP585,Interactive,AFE,5,SLV,-0.3842696593398838
SSP585,Interactive,AFE,5,SRB,-0.5798373697677967
SSP585,Interactive,AFE,5,SUR,-0.5361383847653205
SSP585,Interactive,AFE,5,SVK,-0.6174295540561993
SSP585,Interactive,AFE,5,SWE,-0.5336248403893269
SSP585,Interactive,AFE,5,TCD,-0.16796032352205337
SSP585,Interactive,AFE,5,TGO,0.4396047706704076
SSP585,Interactive,AFE,5,THA,0.4234654639793729
SSP585,Interactive,AFE,5,TJK,-0.6149934990804427
SSP585,Interactive,AFE,5,TKM,-0.5930390686524556
SSP585,Interactive,AFE,5,TTO,-0.749096526142397
SSP585,Interactive,AFE,5,TUN,-0.6177049886268864
SSP585,Interactive,AFE,5,TUR,-0.5826298451529783
SSP585,Interactive,AFE,5,TZA,-0.1168637926679782
SSP585,Interactive,AFE,5,UGA,0.053984210963140766
SSP585,Interactive,AFE,5,UKR,-0.5273545718742666
SSP585,Interactive,AFE,5,URY,-0.39648907664573085
SSP585,Interactive,AFE,5,USA,-0.6299278549475174
SSP585,Interactive,AFE,5,UZB,-0.4773204065763138
SSP585,Interactive,AFE,5,VCT,-0.6470367757505017
SSP585,Interactive,AFE,5,VNM,0.22542955490038552
SSP585,Interactive,AFE,5,VUT,0.37298583998511736
SSP585,Interactive,AFE,5,WSM,0.3701042575509117
SSP585,Interactive,AFE,5,YEM,-0.6002708679294713
SSP585,Interactive,AFE,5,ZAF,-0.4809680704643935
SSP585,Interactive,AFE,5,ZMB,-0.20093131760807093
SSP585,Interactive,AFE,5,ZWE,-0.3802432528114288
SSP585,Interactive,IFE,5,AFG,-0.03132556115017915
SSP585,Interactive,IFE,5,AGO,-0.6996643747063659
SSP585,Interactive,IFE,5,ALB,-0.5233344674437065
SSP585,Interactive,IFE,5,ARE,-0.9733731518894417
SSP585,Interactive,IFE,5,ARG,-0.5394983214570286
SSP585,Interactive,IFE,5,AUS,-0.5331354019971202
SSP585,Interactive,IFE,5,AUT,-0.21346722170065113
SSP585,Interactive,IFE,5,AZE,-0.216319858330824
SSP585,Interactive,IFE,5,BEL,-0.3503673402613898
SSP585,Interactive,IFE,5,BEN,-0.7622358155051693
SSP585,Interactive,IFE,5,BFA,-0.862168547919482
SSP585,Interactive,IFE,5,BGD,-0.7425359114968952
SSP585,Interactive,IFE,5,BGR,-0.3520859936864743
SSP585,Interactive,IFE,5,BHS,-0.5539871531409744
SSP585,Interactive,IFE,5,BIH,-0.422372701928573
SSP585,Interactive,IFE,5,BLR,0.19573219539366726
SSP585,Interactive,IFE,5,BLZ,-0.8250032931367337
SSP585,Interactive,IFE,5,BOL,0.16162789300699942
SSP585,Interactive,IFE,5,BRA,-0.6775920454844422
SSP585,Interactive,IFE,5,BRN,-0.9385663626089086
SSP585,Interactive,IFE,5,BWA,-0.82387736888784735
SSP585,Interactive,IFE,5,CAF,-0.7169229027507256
SSP585,Interactive,IFE,5,CAN,-0.22333141199671636
SSP585,Interactive,IFE,5,CHE,-0.1760284807628838
SSP585,Interactive,IFE,5,CHL,-0.36348951305218935
SSP585,Interactive,IFE,5,CHN,-0.543466228188831
SSP585,Interactive,IFE,5,CIV,-0.7290192075789255
SSP585,Interactive,IFE,5,CMR,-0.7224889260687188
SSP585,Interactive,IFE,5,COD,-0.6927659799005443
SSP585,Interactive,IFE,5,COG,-0.7052077403933126
SSP585,Interactive,IFE,5,COL,-0.6606326379387815
SSP585,Interactive,IFE,5,CPV,-0.5666478214259185
SSP585,Interactive,IFE,5,CRI,-0.7340848524581576
SSP585,Interactive,IFE,5,CUB,-0.7632290186202119
SSP585,Interactive,IFE,5,CYP,-0.6540945752063354
SSP585,Interactive,IFE,5,CZE,-0.10921264118023444
SSP585,Interactive,IFE,5,DEU,-0.24678401852861076
SSP585,Interactive,IFE,5,DNK,-0.0479296652347202
SSP585,Interactive,IFE,5,DOM,-0.8000732754655061
SSP585,Interactive,IFE,5,DZA,-0.6581478960040401
SSP585,Interactive,IFE,5,ECU,0.10008457546619498
SSP585,Interactive,IFE,5,EGY,-0.8681580585811669
SSP585,Interactive,IFE,5,ESP,-0.4806265517990872
SSP585,Interactive,IFE,5,EST,0.7999707567336283
SSP585,Interactive,IFE,5,ETH,-0.6439774770501706
SSP585,Interactive,IFE,5,FIN,1.4993968322950488
SSP585,Interactive,IFE,5,FJI,-0.5746781268349976
SSP585,Interactive,IFE,5,FRA,-0.39930156073133216
SSP585,Interactive,IFE,5,GAB,-0.7399719372964695
SSP585,Interactive,IFE,5,GBR,-0.24542425663601808
SSP585,Interactive,IFE,5,GEO,-0.16700578883367823
SSP585,Interactive,IFE,5,GHA,-0.7412277399523901
SSP585,Interactive,IFE,5,GIN,-0.7543160886375961
SSP585,Interactive,IFE,5,GNB,-0.8542087592941363
SSP585,Interactive,IFE,5,GNQ,-0.9201077258635325
SSP585,Interactive,IFE,5,GRC,-0.5719559332623565
SSP585,Interactive,IFE,5,GTM,-0.7215361891004171
SSP585,Interactive,IFE,5,GUY,-0.7906537382217436
SSP585,Interactive,IFE,5,HND,-0.7871325579687127
SSP585,Interactive,IFE,5,HRV,-0.34296847965633737
SSP585,Interactive,IFE,5,HTI,-0.8329544067258381
SSP585,Interactive,IFE,5,HUN,-0.2279645217302647
SSP585,Interactive,IFE,5,IDN,-0.7358249456727095
SSP585,Interactive,IFE,5,IND,-0.7519719980681968
SSP585,Interactive,IFE,5,IRL,-0.33446031690087663
SSP585,Interactive,IFE,5,IRN,-0.5207925380600805
SSP585,Interactive,IFE,5,IRQ,-0.9118913700898857
SSP585,Interactive,IFE,5,ISL,0.007815382117307479
SSP585,Interactive,IFE,5,ISR,-0.7298694413622171
SSP585,Interactive,IFE,5,ITA,-0.4351735521169222
SSP585,Interactive,IFE,5,JAM,-0.8634148472697643
SSP585,Interactive,IFE,5,JPN,-0.221154977435718
SSP585,Interactive,IFE,5,KAZ,1.7669864699762616
SSP585,Interactive,IFE,5,KEN,-0.6509666288522813
SSP585,Interactive,IFE,5,KGZ,1.7688044597017951
SSP585,Interactive,IFE,5,KHM,-0.7576036919539839
SSP585,Interactive,IFE,5,KOR,-0.5115375983403276
SSP585,Interactive,IFE,5,LAO,-0.6529362824615297
SSP585,Interactive,IFE,5,LBN,-0.7292429487813205
SSP585,Interactive,IFE,5,LBR,-0.7270472781923245
SSP585,Interactive,IFE,5,LBY,-0.7716544663460745
SSP585,Interactive,IFE,5,LKA,-0.6926462584344424
SSP585,Interactive,IFE,5,LTU,0.3011058380735465
SSP585,Interactive,IFE,5,LVA,0.36017887285223993
SSP585,Interactive,IFE,5,MAR,-0.702066927863498
SSP585,Interactive,IFE,5,MDA,-0.14380869631698057
SSP585,Interactive,IFE,5,MDG,-0.598483940796271
SSP585,Interactive,IFE,5,MEX,-0.6379644485904927
SSP585,Interactive,IFE,5,MLI,-0.912320063445915
SSP585,Interactive,IFE,5,MMR,-0.6850571552234954
SSP585,Interactive,IFE,5,MNG,21.591322234344776
SSP585,Interactive,IFE,5,MOZ,-0.7543652042437352
SSP585,Interactive,IFE,5,MRT,-0.9644371141714257
SSP585,Interactive,IFE,5,MUS,-0.5532956380043499
SSP585,Interactive,IFE,5,MWI,-0.7286021734666417
SSP585,Interactive,IFE,5,MYS,-0.8097780789579015
SSP585,Interactive,IFE,5,NAM,-0.8410355955676839
SSP585,Interactive,IFE,5,NER,-0.9108338020084542
SSP585,Interactive,IFE,5,NGA,-0.7496180043766403
SSP585,Interactive,IFE,5,NIC,-0.8222950360979511
SSP585,Interactive,IFE,5,NLD,-0.2966576261102537
SSP585,Interactive,IFE,5,NOR,-0.21972959819218962
SSP585,Interactive,IFE,5,NPL,-0.44811890066423254
SSP585,Interactive,IFE,5,NZL,-0.3842711777200939
SSP585,Interactive,IFE,5,OMN,-0.9632036868464398
SSP585,Interactive,IFE,5,PAK,-0.8596718397890906
SSP585,Interactive,IFE,5,PAN,-0.7082369611820439
SSP585,Interactive,IFE,5,PER,-0.2404798390800844
SSP585,Interactive,IFE,5,PHL,-0.7361407943920364
SSP585,Interactive,IFE,5,PNG,-0.6454199641946785
SSP585,Interactive,IFE,5,POL,-0.052030419485036505
SSP585,Interactive,IFE,5,PRI,-0.8853902502412587
SSP585,Interactive,IFE,5,PRT,-0.5404341916605004
SSP585,Interactive,IFE,5,PRY,-0.7500966545595786
SSP585,Interactive,IFE,5,QAT,-0.8939730115336391
SSP585,Interactive,IFE,5,ROU,-0.2417868563524208
SSP585,Interactive,IFE,5,RUS,1.6572087440118226
SSP585,Interactive,IFE,5,SAU,-0.9635819055646329
SSP585,Interactive,IFE,5,SDN,-0.9325458991209763
SSP585,Interactive,IFE,5,SEN,-0.8932051833492085
SSP585,Interactive,IFE,5,SLB,-0.9123229070979488
SSP585,Interactive,IFE,5,SLE,-0.7513077133449495
SSP585,Interactive,IFE,5,SLV,-0.8401002226514688
SSP585,Interactive,IFE,5,SRB,-0.3422445146640326
SSP585,Interactive,IFE,5,SUR,-0.8485352209816885
SSP585,Interactive,IFE,5,SVK,-0.16792951671026124
SSP585,Interactive,IFE,5,SWE,0.4359538543474719
SSP585,Interactive,IFE,5,TCD,-0.8356309804781484
SSP585,Interactive,IFE,5,TGO,-0.7543287498782282
SSP585,Interactive,IFE,5,THA,-0.7228108964125386
SSP585,Interactive,IFE,5,TJK,0.10516856944988051
SSP585,Interactive,IFE,5,TKM,-0.5762833579716564
SSP585,Interactive,IFE,5,TTO,-0.891226963152585
SSP585,Interactive,IFE,5,TUN,-0.6869835192170657
SSP585,Interactive,IFE,5,TUR,-0.4474086930786678
SSP585,Interactive,IFE,5,TZA,-0.6629320577271838
SSP585,Interactive,IFE,5,UGA,-0.6397505100594916
SSP585,Interactive,IFE,5,UKR,-4.368182573009083e-4
SSP585,Interactive,IFE,5,URY,-0.5159855875413334
SSP585,Interactive,IFE,5,USA,-0.535345641757107
SSP585,Interactive,IFE,5,UZB,-0.20054308568641288
SSP585,Interactive,IFE,5,VCT,-0.864410689803363
SSP585,Interactive,IFE,5,VNM,-0.6693307944157326
SSP585,Interactive,IFE,5,VUT,-0.5916227583017579
SSP585,Interactive,IFE,5,WSM,-0.8802836062618414
SSP585,Interactive,IFE,5,YEM,-0.8535943574548486
SSP585,Interactive,IFE,5,ZAF,-0.6312244986066871
SSP585,Interactive,IFE,5,ZMB,-0.7285773807777576
SSP585,Interactive,IFE,5,ZWE,-0.7392766687663912
SSP370,Direct,AFE,0,AFG,0.11473993227029777
SSP370,Direct,AFE,0,AGO,-0.7809733461348314
SSP370,Direct,AFE,0,ALB,-0.3763845215457463
SSP370,Direct,AFE,0,ARE,-0.8887933787388247
SSP370,Direct,AFE,0,ARG,-0.3859814250319764
SSP370,Direct,AFE,0,ARM,0.5592856360088134
SSP370,Direct,AFE,0,AUS,-0.4779197380629434
SSP370,Direct,AFE,0,AUT,0.3491282273518843
SSP370,Direct,AFE,0,AZE,-0.20221657919711822
SSP370,Direct,AFE,0,BDI,-0.6082986846271345
SSP370,Direct,AFE,0,BEL,0.09342128685465201
SSP370,Direct,AFE,0,BEN,-0.8300020225381604
SSP370,Direct,AFE,0,BFA,-0.8877087445833206
SSP370,Direct,AFE,0,BGD,-0.8117723286399083
SSP370,Direct,AFE,0,BGR,-0.22778062476221428
SSP370,Direct,AFE,0,BHS,-0.751383210668997
SSP370,Direct,AFE,0,BIH,-0.013369716132274556
SSP370,Direct,AFE,0,BLR,0.8448221561356977
SSP370,Direct,AFE,0,BLZ,-0.7825745715994115
SSP370,Direct,AFE,0,BOL,-0.5866944875944792
SSP370,Direct,AFE,0,BRA,-0.7492063529039066
SSP370,Direct,AFE,0,BTN,0.3263535067034855
SSP370,Direct,AFE,0,BWA,-0.8332795304170608
SSP370,Direct,AFE,0,CAF,-0.8185570703262741
SSP370,Direct,AFE,0,CAN,1.1622274010470766
SSP370,Direct,AFE,0,CHE,0.7656825870556938
SSP370,Direct,AFE,0,CHL,-0.10105594166688181
SSP370,Direct,AFE,0,CHN,-0.1837094774306025
SSP370,Direct,AFE,0,CIV,-0.825641823428817
SSP370,Direct,AFE,0,CMR,-0.8020317918065032
SSP370,Direct,AFE,0,COD,-0.8027046052900677
SSP370,Direct,AFE,0,COG,-0.7962552529505571
SSP370,Direct,AFE,0,COL,-0.7766587059890395
SSP370,Direct,AFE,0,CPV,-0.6393764073616719
SSP370,Direct,AFE,0,CRI,-0.8232597116821698
SSP370,Direct,AFE,0,CUB,-0.7989268296690629
SSP370,Direct,AFE,0,CZE,0.43157623906293097
SSP370,Direct,AFE,0,DEU,0.3650585910274531
SSP370,Direct,AFE,0,DNK,0.35861263260864673
SSP370,Direct,AFE,0,DOM,-0.8002018475645971
SSP370,Direct,AFE,0,DZA,-0.6274469714636765
SSP370,Direct,AFE,0,ECU,-0.635959702347614
SSP370,Direct,AFE,0,EGY,-0.7727578468198388
SSP370,Direct,AFE,0,ESP,-0.3979152092060543
SSP370,Direct,AFE,0,EST,1.3645547396930553
SSP370,Direct,AFE,0,ETH,-0.6424863029963096
SSP370,Direct,AFE,0,FIN,2.819979013734296
SSP370,Direct,AFE,0,FJI,-0.6001844137760421
SSP370,Direct,AFE,0,FRA,-0.05338624460946606
SSP370,Direct,AFE,0,GAB,-0.7801004847560864
SSP370,Direct,AFE,0,GBR,0.18672196894328152
SSP370,Direct,AFE,0,GEO,0.21969715289750047
SSP370,Direct,AFE,0,GHA,-0.8125117244048211
SSP370,Direct,AFE,0,GIN,-0.8476434840784095
SSP370,Direct,AFE,0,GNB,-0.8292022353734507
SSP370,Direct,AFE,0,GNQ,-0.7896679328502699
SSP370,Direct,AFE,0,GRC,-0.5245467143397953
SSP370,Direct,AFE,0,GTM,-0.8435675222302141
SSP370,Direct,AFE,0,GUY,-0.7874552894601129
SSP370,Direct,AFE,0,HND,-0.8484690487257656
SSP370,Direct,AFE,0,HRV,-0.2162688794126344
SSP370,Direct,AFE,0,HTI,-0.8266162932758332
SSP370,Direct,AFE,0,HUN,-0.05812703121275631
SSP370,Direct,AFE,0,IDN,-0.7533434307716053
SSP370,Direct,AFE,0,IND,-0.8080974432558117
SSP370,Direct,AFE,0,IRL,0.16570251863869978
SSP370,Direct,AFE,0,IRN,-0.5371836622944421
SSP370,Direct,AFE,0,IRQ,-0.8369838518815222
SSP370,Direct,AFE,0,ISL,1.3788422084932876
SSP370,Direct,AFE,0,ISR,-0.5646611639681677
SSP370,Direct,AFE,0,ITA,-0.32749254832739705
SSP370,Direct,AFE,0,JOR,-0.6499942549101141
SSP370,Direct,AFE,0,JPN,-0.3537040661823292
SSP370,Direct,AFE,0,KAZ,0.754985535579072
SSP370,Direct,AFE,0,KEN,-0.6427364697963459
SSP370,Direct,AFE,0,KGZ,3.00105663800963
SSP370,Direct,AFE,0,KHM,-0.7797492544994016
SSP370,Direct,AFE,0,KOR,-0.1435468303532197
SSP370,Direct,AFE,0,KWT,-0.8523167002193618
SSP370,Direct,AFE,0,LAO,-0.6955117691744064
SSP370,Direct,AFE,0,LBN,-0.6105129153461553
SSP370,Direct,AFE,0,LBR,-0.7631028537386129
SSP370,Direct,AFE,0,LBY,-0.72102969722965915
SSP370,Direct,AFE,0,LKA,-0.7548673613926666
SSP370,Direct,AFE,0,LSO,-0.1951375980794251
SSP370,Direct,AFE,0,LTU,0.78660138330175
SSP370,Direct,AFE,0,LVA,1.0208641871208823
SSP370,Direct,AFE,0,MAR,-0.6469155327460407
SSP370,Direct,AFE,0,MDA,-0.06424557186709234
SSP370,Direct,AFE,0,MDG,-0.6579140889365712
SSP370,Direct,AFE,0,MEX,-0.6700148942624364
SSP370,Direct,AFE,0,MLI,-0.932584338450514
SSP370,Direct,AFE,0,MMR,-0.7339013452618864
SSP370,Direct,AFE,0,MNE,-0.013515377353193414
SSP370,Direct,AFE,0,MNG,5.751534777270298
SSP370,Direct,AFE,0,MOZ,-0.7805480008311076
SSP370,Direct,AFE,0,MRT,-0.8749665022528501
SSP370,Direct,AFE,0,MWI,-0.7094296744437292
SSP370,Direct,AFE,0,MYS,-0.7593229598661031
SSP370,Direct,AFE,0,NAM,-0.8281715530066732
SSP370,Direct,AFE,0,NER,-0.87382593884595
SSP370,Direct,AFE,0,NGA,-0.8206739400612131
SSP370,Direct,AFE,0,NIC,-0.8684256649350512
SSP370,Direct,AFE,0,NLD,0.13867713927385816
SSP370,Direct,AFE,0,NOR,1.683258018721527
SSP370,Direct,AFE,0,NPL,-0.3265282026634079
SSP370,Direct,AFE,0,NZL,-0.19582250224839481
SSP370,Direct,AFE,0,OMN,-0.8949309201541708
SSP370,Direct,AFE,0,PAK,-0.7537060895032335
SSP370,Direct,AFE,0,PAN,-0.736381363163477
SSP370,Direct,AFE,0,PER,-0.5479120063930681
SSP370,Direct,AFE,0,PHL,-0.7354338620099189
SSP370,Direct,AFE,0,PNG,-0.698762811686785
SSP370,Direct,AFE,0,POL,0.4281036047294837
SSP370,Direct,AFE,0,PRT,-0.4107325551258272
SSP370,Direct,AFE,0,PRY,-0.8063596388975788
SSP370,Direct,AFE,0,ROU,0.08056234544913221
SSP370,Direct,AFE,0,RUS,1.8420130805855046
SSP370,Direct,AFE,0,RWA,-0.5988608774788688
SSP370,Direct,AFE,0,SAU,-0.9033573705831784
SSP370,Direct,AFE,0,SDN,-0.8989697491196
SSP370,Direct,AFE,0,SEN,-0.8011576336612545
SSP370,Direct,AFE,0,SLB,-0.7439582973935113
SSP370,Direct,AFE,0,SLE,-0.8147572364685258
SSP370,Direct,AFE,0,SRB,-0.01053974446762862
SSP370,Direct,AFE,0,SUR,-0.8548465308111377
SSP370,Direct,AFE,0,SVK,0.30906084294666436
SSP370,Direct,AFE,0,SWE,0.9436163756255753
SSP370,Direct,AFE,0,SWZ,-0.5122938819524414
SSP370,Direct,AFE,0,TCD,-0.8667537584872446
SSP370,Direct,AFE,0,TGO,-0.8281092858246202
SSP370,Direct,AFE,0,THA,-0.7827859876515741
SSP370,Direct,AFE,0,TJK,0.48505395402663254
SSP370,Direct,AFE,0,TKM,-0.567405150183362
SSP370,Direct,AFE,0,TUN,-0.6541621785582001
SSP370,Direct,AFE,0,TUR,-0.27595460395873805
SSP370,Direct,AFE,0,TZA,-0.7194975149857619
SSP370,Direct,AFE,0,UGA,-0.6867028463537899
SSP370,Direct,AFE,0,UKR,0.17189208181577365
SSP370,Direct,AFE,0,URY,-0.3713773540570622
SSP370,Direct,AFE,0,USA,-0.2860177380521658
SSP370,Direct,AFE,0,UZB,-0.1744433367042496
SSP370,Direct,AFE,0,VNM,-0.7170366368758803
SSP370,Direct,AFE,0,YEM,-0.8067396678377126
SSP370,Direct,AFE,0,ZAF,-0.5717713506694788
SSP370,Direct,AFE,0,ZMB,-0.7623901011575394
SSP370,Direct,AFE,0,ZWE,-0.7548473903523588
SSP370,Direct,IFE,0,AFG,-0.02810376297428485
SSP370,Direct,IFE,0,AGO,-0.6957978037091812
SSP370,Direct,IFE,0,ALB,-0.35420919904362214
SSP370,Direct,IFE,0,ARE,-0.8135180429188699
SSP370,Direct,IFE,0,ARG,-0.3463649500076007
SSP370,Direct,IFE,0,ARM,0.2541722403571882
SSP370,Direct,IFE,0,AUS,-0.4217928121343786
SSP370,Direct,IFE,0,AUT,0.1424226458886848
SSP370,Direct,IFE,0,AZE,-0.22471046597520228
SSP370,Direct,IFE,0,BDI,-0.5302751875880567
SSP370,Direct,IFE,0,BEL,-0.007096590270680103
SSP370,Direct,IFE,0,BEN,-0.7442739394224156
SSP370,Direct,IFE,0,BFA,-0.8129437728186286
SSP370,Direct,IFE,0,BGD,-0.7270120997219744
SSP370,Direct,IFE,0,BGR,-0.24651072176969957
SSP370,Direct,IFE,0,BHS,-0.6572569615998953
SSP370,Direct,IFE,0,BIH,-0.0849255744170957
SSP370,Direct,IFE,0,BLR,0.42734785296508715
SSP370,Direct,IFE,0,BLZ,-0.6926314154495612
SSP370,Direct,IFE,0,BOL,-0.5233795229330636
SSP370,Direct,IFE,0,BRA,-0.6616042134802789
SSP370,Direct,IFE,0,BTN,0.14605548030218252
SSP370,Direct,IFE,0,BWA,-0.754684343447307
SSP370,Direct,IFE,0,CAF,-0.7348419940393112
SSP370,Direct,IFE,0,CAN,0.584960271605252
SSP370,Direct,IFE,0,CHE,0.39200270531830816
SSP370,Direct,IFE,0,CHL,-0.14053217290564535
SSP370,Direct,IFE,0,CHN,-0.21203041252565036
SSP370,Direct,IFE,0,CIV,-0.7401102313374635
SSP370,Direct,IFE,0,CMR,-0.7162548720971589
SSP370,Direct,IFE,0,COD,-0.7181129541504897
SSP370,Direct,IFE,0,COG,-0.710107923390798
SSP370,Direct,IFE,0,COL,-0.6904994662771897
SSP370,Direct,IFE,0,CPV,-0.5492075124919928
SSP370,Direct,IFE,0,CRI,-0.734579294135089
SSP370,Direct,IFE,0,CUB,-0.7091019365095357
SSP370,Direct,IFE,0,CZE,0.1946081147529075
SSP370,Direct,IFE,0,DEU,0.15924869354308258
SSP370,Direct,IFE,0,DNK,0.16453608350790305
SSP370,Direct,IFE,0,DOM,-0.7084074149023861
SSP370,Direct,IFE,0,DZA,-0.5555240272593615
SSP370,Direct,IFE,0,ECU,-0.5540230621470728
SSP370,Direct,IFE,0,EGY,-0.689101454813289
SSP370,Direct,IFE,0,ESP,-0.3620826236850636
SSP370,Direct,IFE,0,EST,0.7115893016038228
SSP370,Direct,IFE,0,ETH,-0.5622536997145349
SSP370,Direct,IFE,0,FIN,1.4192505118344156
SSP370,Direct,IFE,0,FJI,-0.5100863051320517
SSP370,Direct,IFE,0,FRA,-0.11098345377963426
SSP370,Direct,IFE,0,GAB,-0.6921191096311832
SSP370,Direct,IFE,0,GBR,0.06500534428672977
SSP370,Direct,IFE,0,GEO,0.05736611458140284
SSP370,Direct,IFE,0,GHA,-0.7241446050188542
SSP370,Direct,IFE,0,GIN,-0.7660947653824994
SSP370,Direct,IFE,0,GNB,-0.7414276565338875
SSP370,Direct,IFE,0,GNQ,-0.7007364148498575
SSP370,Direct,IFE,0,GRC,-0.46747708056177895
SSP370,Direct,IFE,0,GTM,-0.7630192537222791
SSP370,Direct,IFE,0,GUY,-0.6958523248560627
SSP370,Direct,IFE,0,HND,-0.7656684166805883
SSP370,Direct,IFE,0,HRV,-0.23579692191145984
SSP370,Direct,IFE,0,HTI,-0.7382285953039391
SSP370,Direct,IFE,0,HUN,-0.12576922310349192
SSP370,Direct,IFE,0,IDN,-0.6604783283748097
SSP370,Direct,IFE,0,IND,-0.7235559347317249
SSP370,Direct,IFE,0,IRL,0.057865659281906456
SSP370,Direct,IFE,0,IRN,-0.4838354760879031
SSP370,Direct,IFE,0,IRQ,-0.7601439888346022
SSP370,Direct,IFE,0,ISL,0.7789063228549231
SSP370,Direct,IFE,0,ISR,-0.48876055496654536
SSP370,Direct,IFE,0,ITA,-0.31288691584312445
SSP370,Direct,IFE,0,JOR,-0.5712270721475475
SSP370,Direct,IFE,0,JPN,-0.3270763929008911
SSP370,Direct,IFE,0,KAZ,0.36269055570334485
SSP370,Direct,IFE,0,KEN,-0.5590787178201851
SSP370,Direct,IFE,0,KGZ,1.4881743412678543
SSP370,Direct,IFE,0,KHM,-0.6900498831306645
SSP370,Direct,IFE,0,KOR,-0.18022143272263047
SSP370,Direct,IFE,0,KWT,-0.7710880378828943
SSP370,Direct,IFE,0,LAO,-0.6092870761089089
SSP370,Direct,IFE,0,LBN,-0.5319246473318997
SSP370,Direct,IFE,0,LBR,-0.6729435885667086
SSP370,Direct,IFE,0,LBY,-0.6378703497568311
SSP370,Direct,IFE,0,LKA,-0.6634608549635548
SSP370,Direct,IFE,0,LSO,-0.21218053218555688
SSP370,Direct,IFE,0,LTU,0.3998220515340756
SSP370,Direct,IFE,0,LVA,0.531015308681092
SSP370,Direct,IFE,0,MAR,-0.5703938768690802
SSP370,Direct,IFE,0,MDA,-0.1325125057186165
SSP370,Direct,IFE,0,MDG,-0.5727362172733017
SSP370,Direct,IFE,0,MEX,-0.5889114761417356
SSP370,Direct,IFE,0,MLI,-0.872246401729722
SSP370,Direct,IFE,0,MMR,-0.6466908697690792
SSP370,Direct,IFE,0,MNE,-0.10020056954822842
SSP370,Direct,IFE,0,MNG,2.651307568558526
SSP370,Direct,IFE,0,MOZ,-0.6937928634352322
SSP370,Direct,IFE,0,MRT,-0.796761370431313
SSP370,Direct,IFE,0,MWI,-0.6224865209814261
SSP370,Direct,IFE,0,MYS,-0.6682329655312818
SSP370,Direct,IFE,0,NAM,-0.7486362838116484
SSP370,Direct,IFE,0,NER,-0.7961505169721244
SSP370,Direct,IFE,0,NGA,-0.7354003712477668
SSP370,Direct,IFE,0,NIC,-0.7878595480434
SSP370,Direct,IFE,0,NLD,0.04129110646907108
SSP370,Direct,IFE,0,NOR,0.9067853854761259
SSP370,Direct,IFE,0,NPL,-0.3122123372794834
SSP370,Direct,IFE,0,NZL,-0.19803095465993592
SSP370,Direct,IFE,0,OMN,-0.8221276511623973
SSP370,Direct,IFE,0,PAK,-0.6743018904920006
SSP370,Direct,IFE,0,PAN,-0.6420062529668247
SSP370,Direct,IFE,0,PER,-0.4865391637528391
SSP370,Direct,IFE,0,PHL,-0.6424584067330009
SSP370,Direct,IFE,0,PNG,-0.6078184190594065
SSP370,Direct,IFE,0,POL,0.19285343776328645
SSP370,Direct,IFE,0,PRT,-0.36683416027579163
SSP370,Direct,IFE,0,PRY,-0.7231488302571516
SSP370,Direct,IFE,0,ROU,-0.03529510128631941
SSP370,Direct,IFE,0,RUS,0.9433802481333522
SSP370,Direct,IFE,0,RWA,-0.5219686301575042
SSP370,Direct,IFE,0,SAU,-0.834566453517516
SSP370,Direct,IFE,0,SDN,-0.8269429217864628
SSP370,Direct,IFE,0,SEN,-0.7113497399070996
SSP370,Direct,IFE,0,SLB,-0.649584456985885
SSP370,Direct,IFE,0,SLE,-0.7284538967931744
SSP370,Direct,IFE,0,SRB,-0.08476576424699567
SSP370,Direct,IFE,0,SUR,-0.7727385161880792
SSP370,Direct,IFE,0,SVK,0.11677893401207262
SSP370,Direct,IFE,0,SWE,0.5007125804595567
SSP370,Direct,IFE,0,SWZ,-0.44586184058657163
SSP370,Direct,IFE,0,TCD,-0.7875354250943831
SSP370,Direct,IFE,0,TGO,-0.7423775990315709
SSP370,Direct,IFE,0,THA,-0.6936955414936543
SSP370,Direct,IFE,0,TJK,0.23063442762189945
SSP370,Direct,IFE,0,TKM,-0.507415026982261
SSP370,Direct,IFE,0,TUN,-0.5765741486472278
SSP370,Direct,IFE,0,TUR,-0.2791582173509922
SSP370,Direct,IFE,0,TZA,-0.6329784936740878
SSP370,Direct,IFE,0,UGA,-0.6018508715801087
SSP370,Direct,IFE,0,UKR,0.024304727604212095
SSP370,Direct,IFE,0,URY,-0.32752819487679763
SSP370,Direct,IFE,0,USA,-0.28408658618137994
SSP370,Direct,IFE,0,UZB,-0.21469845618363703
SSP370,Direct,IFE,0,VNM,-0.6271721000944511
SSP370,Direct,IFE,0,YEM,-0.7214361121971131
SSP370,Direct,IFE,0,ZAF,-0.5030123768384329
SSP370,Direct,IFE,0,ZMB,-0.6786476260021015
SSP370,Direct,IFE,0,ZWE,-0.6716636778961461
SSP370,Direct,AFE,1,AFG,0.10839177479080364
SSP370,Direct,AFE,1,AGO,-0.603012611327352
SSP370,Direct,AFE,1,ALB,-0.23211058812483976
SSP370,Direct,AFE,1,ARE,-0.7410656651737271
SSP370,Direct,AFE,1,ARG,-0.24901895806204943
SSP370,Direct,AFE,1,ARM,0.3684736110654325
SSP370,Direct,AFE,1,AUS,-0.31875817306677534
SSP370,Direct,AFE,1,AUT,0.24140841210574826
SSP370,Direct,AFE,1,AZE,-0.10762534792377243
SSP370,Direct,AFE,1,BDI,-0.4504678062031474
SSP370,Direct,AFE,1,BEL,0.0799198729129631
SSP370,Direct,AFE,1,BEN,-0.6627969718117457
SSP370,Direct,AFE,1,BFA,-0.7404568614822736
SSP370,Direct,AFE,1,BGD,-0.6440620342307888
SSP370,Direct,AFE,1,BGR,-0.12153061381680663
SSP370,Direct,AFE,1,BHS,-0.5655293735258216
SSP370,Direct,AFE,1,BIH,0.022715753156846707
SSP370,Direct,AFE,1,BLR,0.5120232636593107
SSP370,Direct,AFE,1,BLZ,-0.603360677009541
SSP370,Direct,AFE,1,BOL,-0.40360148541869323
SSP370,Direct,AFE,1,BRA,-0.5672259189481469
SSP370,Direct,AFE,1,BTN,0.17436252102424787
SSP370,Direct,AFE,1,BWA,-0.6636820504684569
SSP370,Direct,AFE,1,CAF,-0.6565722349341088
SSP370,Direct,AFE,1,CAN,0.6743214355905025
SSP370,Direct,AFE,1,CHE,0.4690156034167239
SSP370,Direct,AFE,1,CHL,-0.031979824771920184
SSP370,Direct,AFE,1,CHN,-0.10478001767314693
SSP370,Direct,AFE,1,CIV,-0.6518115191475767
SSP370,Direct,AFE,1,CMR,-0.6367348843582779
SSP370,Direct,AFE,1,COD,-0.6302574104636032
SSP370,Direct,AFE,1,COG,-0.6248436051530165
SSP370,Direct,AFE,1,COL,-0.5794698682795656
SSP370,Direct,AFE,1,CPV,-0.46470003106711977
SSP370,Direct,AFE,1,CRI,-0.6264096816969078
SSP370,Direct,AFE,1,CUB,-0.6221893695689518
SSP370,Direct,AFE,1,CZE,0.28585599108857274
SSP370,Direct,AFE,1,DEU,0.24380943117766485
SSP370,Direct,AFE,1,DNK,0.23670785710157194
SSP370,Direct,AFE,1,DOM,-0.6219377079614838
SSP370,Direct,AFE,1,DZA,-0.44591419693998946
SSP370,Direct,AFE,1,ECU,-0.45231126681911404
SSP370,Direct,AFE,1,EGY,-0.5944732646053194
SSP370,Direct,AFE,1,ESP,-0.25256092316121703
SSP370,Direct,AFE,1,EST,0.7673359250574401
SSP370,Direct,AFE,1,ETH,-0.47855062260203496
SSP370,Direct,AFE,1,FIN,1.4032729082694169
SSP370,Direct,AFE,1,FJI,-0.4361815771146069
SSP370,Direct,AFE,1,FRA,-0.010096620062764572
SSP370,Direct,AFE,1,GAB,-0.5965994988166212
SSP370,Direct,AFE,1,GBR,0.13063552241617749
SSP370,Direct,AFE,1,GEO,0.16656612979434327
SSP370,Direct,AFE,1,GHA,-0.639276038748239
SSP370,Direct,AFE,1,GIN,-0.6775509096283272
SSP370,Direct,AFE,1,GNB,-0.6607529927738515
SSP370,Direct,AFE,1,GNQ,-0.5996900740730935
SSP370,Direct,AFE,1,GRC,-0.3540923084012222
SSP370,Direct,AFE,1,GTM,-0.6560101357136165
SSP370,Direct,AFE,1,GUY,-0.6073489800499812
SSP370,Direct,AFE,1,HND,-0.665806009702191
SSP370,Direct,AFE,1,HRV,-0.11496184256335362
SSP370,Direct,AFE,1,HTI,-0.6536550581575218
SSP370,Direct,AFE,1,HUN,-0.00855763043833746
SSP370,Direct,AFE,1,IDN,-0.5676727977374694
SSP370,Direct,AFE,1,IND,-0.6395948050836882
SSP370,Direct,AFE,1,IRL,0.11511577395059192
SSP370,Direct,AFE,1,IRN,-0.36436924156797823
SSP370,Direct,AFE,1,IRQ,-0.6685706384049532
SSP370,Direct,AFE,1,ISL,0.7584849049421722
SSP370,Direct,AFE,1,ISR,-0.3947878498711017
SSP370,Direct,AFE,1,ITA,-0.19803767341397427
SSP370,Direct,AFE,1,JOR,-0.46964517885680457
SSP370,Direct,AFE,1,JPN,-0.22689002245268008
SSP370,Direct,AFE,1,KAZ,0.4745102388407536
SSP370,Direct,AFE,1,KEN,-0.4754426788393519
SSP370,Direct,AFE,1,KGZ,1.4890633355912457
SSP370,Direct,AFE,1,KHM,-0.6090785275663895
SSP370,Direct,AFE,1,KOR,-0.0815018564046931
SSP370,Direct,AFE,1,KWT,-0.6909163150209167
SSP370,Direct,AFE,1,LAO,-0.5234331506090242
SSP370,Direct,AFE,1,LBN,-0.4337257810604861
SSP370,Direct,AFE,1,LBR,-0.5777378619408755
SSP370,Direct,AFE,1,LBY,-0.5394601628741792
SSP370,Direct,AFE,1,LKA,-0.5944987148555241
SSP370,Direct,AFE,1,LSO,-0.10870564881348066
SSP370,Direct,AFE,1,LTU,0.4787595447382804
SSP370,Direct,AFE,1,LVA,0.5965155470034054
SSP370,Direct,AFE,1,MAR,-0.465694305941848
SSP370,Direct,AFE,1,MDA,-0.011153215594478794
SSP370,Direct,AFE,1,MDG,-0.4758082849804032
SSP370,Direct,AFE,1,MEX,-0.4700934020161497
SSP370,Direct,AFE,1,MLI,-0.8088952455108579
SSP370,Direct,AFE,1,MMR,-0.5626069553793771
SSP370,Direct,AFE,1,MNE,0.026328155869722814
SSP370,Direct,AFE,1,MNG,2.4810651140878597
SSP370,Direct,AFE,1,MOZ,-0.6043660020231336
SSP370,Direct,AFE,1,MRT,-0.7216180439842792
SSP370,Direct,AFE,1,MWI,-0.5312063456172761
SSP370,Direct,AFE,1,MYS,-0.5912335580763539
SSP370,Direct,AFE,1,NAM,-0.6577254393915484
SSP370,Direct,AFE,1,NER,-0.7205819201490471
SSP370,Direct,AFE,1,NGA,-0.6556294670029532
SSP370,Direct,AFE,1,NIC,-0.700774805303737
SSP370,Direct,AFE,1,NLD,0.1026584167518958
SSP370,Direct,AFE,1,NOR,0.8913132149781007
SSP370,Direct,AFE,1,NPL,-0.21347743532687158
SSP370,Direct,AFE,1,NZL,-0.11157527338342577
SSP370,Direct,AFE,1,OMN,-0.7495858666727857
SSP370,Direct,AFE,1,PAK,-0.5721019174689264
SSP370,Direct,AFE,1,PAN,-0.52909221276848
SSP370,Direct,AFE,1,PER,-0.4222853503871271
SSP370,Direct,AFE,1,PHL,-0.5585977436672166
SSP370,Direct,AFE,1,PNG,-0.5475425056113593
SSP370,Direct,AFE,1,POL,0.28297293027279746
SSP370,Direct,AFE,1,PRT,-0.2626123960255421
SSP370,Direct,AFE,1,PRY,-0.6328532039034388
SSP370,Direct,AFE,1,ROU,0.08264917526370774
SSP370,Direct,AFE,1,RUS,0.9967495895805314
SSP370,Direct,AFE,1,RWA,-0.4359777695060679
SSP370,Direct,AFE,1,SAU,-0.7613326502210764
SSP370,Direct,AFE,1,SDN,-0.756109432021709
SSP370,Direct,AFE,1,SEN,-0.6297673390902692
SSP370,Direct,AFE,1,SLB,-0.5772326984136218
SSP370,Direct,AFE,1,SLE,-0.6340909939444894
SSP370,Direct,AFE,1,SRB,0.022307015192641444
SSP370,Direct,AFE,1,SUR,-0.6924108576196604
SSP370,Direct,AFE,1,SVK,0.21668784274534514
SSP370,Direct,AFE,1,SWE,0.5550127774861051
SSP370,Direct,AFE,1,SWZ,-0.3497648793203283
SSP370,Direct,AFE,1,TCD,-0.712571835103341
SSP370,Direct,AFE,1,TGO,-0.6591582526322621
SSP370,Direct,AFE,1,THA,-0.6107813065352289
SSP370,Direct,AFE,1,TJK,0.3170657273656152
SSP370,Direct,AFE,1,TKM,-0.3911266742649758
SSP370,Direct,AFE,1,TUN,-0.4727816817792382
SSP370,Direct,AFE,1,TUR,-0.15650759919273838
SSP370,Direct,AFE,1,TZA,-0.5467339883702116
SSP370,Direct,AFE,1,UGA,-0.5255869347738407
SSP370,Direct,AFE,1,UKR,0.13813421193457742
SSP370,Direct,AFE,1,URY,-0.24648417003006018
SSP370,Direct,AFE,1,USA,-0.17238127373541423
SSP370,Direct,AFE,1,UZB,-0.08469226249928774
SSP370,Direct,AFE,1,VNM,-0.5424077861040567
SSP370,Direct,AFE,1,YEM,-0.6356693387656871
SSP370,Direct,AFE,1,ZAF,-0.3968153254543004
SSP370,Direct,AFE,1,ZMB,-0.585178417741786
SSP370,Direct,AFE,1,ZWE,-0.5755295896326769
SSP370,Direct,IFE,1,AFG,-0.19157508091932884
SSP370,Direct,IFE,1,AGO,-0.6230941866823143
SSP370,Direct,IFE,1,ALB,-0.3657689367072734
SSP370,Direct,IFE,1,ARE,-0.7333877082831983
SSP370,Direct,IFE,1,ARG,-0.3450250211462298
SSP370,Direct,IFE,1,ARM,-0.009228436354423608
SSP370,Direct,IFE,1,AUS,-0.39723964074438867
SSP370,Direct,IFE,1,AUT,-0.055543056342657104
SSP370,Direct,IFE,1,AZE,-0.2874972243888507
SSP370,Direct,IFE,1,BDI,-0.4927978707492604
SSP370,Direct,IFE,1,BEL,-0.12932695118849125
SSP370,Direct,IFE,1,BEN,-0.660954967099211
SSP370,Direct,IFE,1,BFA,-0.7388901253198593
SSP370,Direct,IFE,1,BGD,-0.6582034026196953
SSP370,Direct,IFE,1,BGR,-0.2956982571278407
SSP370,Direct,IFE,1,BHS,-0.553404784508197
SSP370,Direct,IFE,1,BIH,-0.16965132292079754
SSP370,Direct,IFE,1,BLR,0.07978880706789049
SSP370,Direct,IFE,1,BLZ,-0.5992231632267251
SSP370,Direct,IFE,1,BOL,-0.4938741432978694
SSP370,Direct,IFE,1,BRA,-0.5854138859237756
SSP370,Direct,IFE,1,BTN,-0.056204116720630526
SSP370,Direct,IFE,1,BWA,-0.684022129426415
SSP370,Direct,IFE,1,CAF,-0.6686234825097784
SSP370,Direct,IFE,1,CAN,0.14003947787401705
SSP370,Direct,IFE,1,CHE,0.08545333700996793
SSP370,Direct,IFE,1,CHL,-0.18281803326316381
SSP370,Direct,IFE,1,CHN,-0.29407761663108645
SSP370,Direct,IFE,1,CIV,-0.6521150230640895
SSP370,Direct,IFE,1,CMR,-0.6458125097430196
SSP370,Direct,IFE,1,COD,-0.6457377171204803
SSP370,Direct,IFE,1,COG,-0.6370731661076023
SSP370,Direct,IFE,1,COL,-0.6057760793309636
SSP370,Direct,IFE,1,CPV,-0.47592104594549767
SSP370,Direct,IFE,1,CRI,-0.602863315269458
SSP370,Direct,IFE,1,CUB,-0.6143125815413555
SSP370,Direct,IFE,1,CZE,-0.029288892571222136
SSP370,Direct,IFE,1,DEU,-0.044394476241900516
SSP370,Direct,IFE,1,DNK,-0.03131221862186906
SSP370,Direct,IFE,1,DOM,-0.5939453211648089
SSP370,Direct,IFE,1,DZA,-0.5084851736675733
SSP370,Direct,IFE,1,ECU,-0.497437614340534
SSP370,Direct,IFE,1,EGY,-0.6224433550715973
SSP370,Direct,IFE,1,ESP,-0.35605801078476895
SSP370,Direct,IFE,1,EST,0.21873720552329545
SSP370,Direct,IFE,1,ETH,-0.5308893789225642
SSP370,Direct,IFE,1,FIN,0.5404488842308697
SSP370,Direct,IFE,1,FJI,-0.4473153202261386
SSP370,Direct,IFE,1,FRA,-0.19695422808112562
SSP370,Direct,IFE,1,GAB,-0.6112499861221564
SSP370,Direct,IFE,1,GBR,-0.07509129138654669
SSP370,Direct,IFE,1,GEO,-0.11093881528949168
SSP370,Direct,IFE,1,GHA,-0.6353794192605742
SSP370,Direct,IFE,1,GIN,-0.678426353939668
SSP370,Direct,IFE,1,GNB,-0.6420891645538227
SSP370,Direct,IFE,1,GNQ,-0.6144044967324531
SSP370,Direct,IFE,1,GRC,-0.4394953289422131
SSP370,Direct,IFE,1,GTM,-0.6560313136380933
SSP370,Direct,IFE,1,GUY,-0.5960308298658277
SSP370,Direct,IFE,1,HND,-0.6444322115141876
SSP370,Direct,IFE,1,HRV,-0.28794579277846644
SSP370,Direct,IFE,1,HTI,-0.6278033393355453
SSP370,Direct,IFE,1,HUN,-0.2245022537496203
SSP370,Direct,IFE,1,IDN,-0.5718671010201883
SSP370,Direct,IFE,1,IND,-0.6588159083669505
SSP370,Direct,IFE,1,IRL,-0.06632566984009047
SSP370,Direct,IFE,1,IRN,-0.472284212611884
SSP370,Direct,IFE,1,IRQ,-0.6946598579374831
SSP370,Direct,IFE,1,ISL,0.3480923762872876
SSP370,Direct,IFE,1,ISR,-0.4348387258147677
SSP370,Direct,IFE,1,ITA,-0.3336625156931434
SSP370,Direct,IFE,1,JOR,-0.5183931343237567
SSP370,Direct,IFE,1,JPN,-0.34254726117285816
SSP370,Direct,IFE,1,KAZ,0.03287644015107705
SSP370,Direct,IFE,1,KEN,-0.519365784208364
SSP370,Direct,IFE,1,KGZ,0.5742835511195985
SSP370,Direct,IFE,1,KHM,-0.6141900659665218
SSP370,Direct,IFE,1,KOR,-0.2707733635799273
SSP370,Direct,IFE,1,KWT,-0.6931403474603849
SSP370,Direct,IFE,1,LAO,-0.5534258067799576
SSP370,Direct,IFE,1,LBN,-0.4735611877750323
SSP370,Direct,IFE,1,LBR,-0.5888428807649495
SSP370,Direct,IFE,1,LBY,-0.5753825387269937
SSP370,Direct,IFE,1,LKA,-0.6025255763528536
SSP370,Direct,IFE,1,LSO,-0.2681839456837488
SSP370,Direct,IFE,1,LTU,0.07080808481670475
SSP370,Direct,IFE,1,LVA,0.13407848380342258
SSP370,Direct,IFE,1,MAR,-0.5182487180676749
SSP370,Direct,IFE,1,MDA,-0.23098568456814028
SSP370,Direct,IFE,1,MDG,-0.5066542723267957
SSP370,Direct,IFE,1,MEX,-0.5102663991730982
SSP370,Direct,IFE,1,MLI,-0.7983985322669563
SSP370,Direct,IFE,1,MMR,-0.58643856660816
SSP370,Direct,IFE,1,MNE,-0.20640795959672442
SSP370,Direct,IFE,1,MNG,1.0533020237737012
SSP370,Direct,IFE,1,MOZ,-0.6197328570775211
SSP370,Direct,IFE,1,MRT,-0.7145704205759136
SSP370,Direct,IFE,1,MWI,-0.5594066498576671
SSP370,Direct,IFE,1,MYS,-0.5932867226864702
SSP370,Direct,IFE,1,NAM,-0.6762673189961371
SSP370,Direct,IFE,1,NER,-0.7238972883265584
SSP370,Direct,IFE,1,NGA,-0.6620760266868244
SSP370,Direct,IFE,1,NIC,-0.672630152422927
SSP370,Direct,IFE,1,NLD,-0.06935793372826249
SSP370,Direct,IFE,1,NOR,0.34567343896620173
SSP370,Direct,IFE,1,NPL,-0.359177127995957
SSP370,Direct,IFE,1,NZL,-0.23149556569389873
SSP370,Direct,IFE,1,OMN,-0.7449980723958184
SSP370,Direct,IFE,1,PAK,-0.621768736164592
SSP370,Direct,IFE,1,PAN,-0.5332957253658628
SSP370,Direct,IFE,1,PER,-0.48919597265079506
SSP370,Direct,IFE,1,PHL,-0.5625005633921294
SSP370,Direct,IFE,1,PNG,-0.5443982127502897
SSP370,Direct,IFE,1,POL,-0.03322651416333977
SSP370,Direct,IFE,1,PRT,-0.3472128282938073
SSP370,Direct,IFE,1,PRY,-0.6515023415201866
SSP370,Direct,IFE,1,ROU,-0.16907319069155569
SSP370,Direct,IFE,1,RUS,0.32348936203426826
SSP370,Direct,IFE,1,RWA,-0.4847337497122065
SSP370,Direct,IFE,1,SAU,-0.7633464291355925
SSP370,Direct,IFE,1,SDN,-0.7534342704305527
SSP370,Direct,IFE,1,SEN,-0.6230417517769585
SSP370,Direct,IFE,1,SLB,-0.5697971691256065
SSP370,Direct,IFE,1,SLE,-0.6400879214321019
SSP370,Direct,IFE,1,SRB,-0.17637544539383476
SSP370,Direct,IFE,1,SUR,-0.6838007878217067
SSP370,Direct,IFE,1,SVK,-0.07684886966805338
SSP370,Direct,IFE,1,SWE,0.13715477363607076
SSP370,Direct,IFE,1,SWZ,-0.41102598515054356
SSP370,Direct,IFE,1,TCD,-0.7155508768984136
SSP370,Direct,IFE,1,TGO,-0.658422223113776
SSP370,Direct,IFE,1,THA,-0.6178722733890442
SSP370,Direct,IFE,1,TJK,-5.67255009833123e-4
SSP370,Direct,IFE,1,TKM,-0.487562594448969
SSP370,Direct,IFE,1,TUN,-0.523833762449641
SSP370,Direct,IFE,1,TUR,-0.3122561948122905
SSP370,Direct,IFE,1,TZA,-0.577964868755988
SSP370,Direct,IFE,1,UGA,-0.5618342881791805
SSP370,Direct,IFE,1,UKR,-0.13682433827078866
SSP370,Direct,IFE,1,URY,-0.3305806304642587
SSP370,Direct,IFE,1,USA,-0.32943558905397907
SSP370,Direct,IFE,1,UZB,-0.29719454250663047
SSP370,Direct,IFE,1,VNM,-0.5597252270129106
SSP370,Direct,IFE,1,YEM,-0.6532222434784049
SSP370,Direct,IFE,1,ZAF,-0.4650074539471267
SSP370,Direct,IFE,1,ZMB,-0.6164141854372311
SSP370,Direct,IFE,1,ZWE,-0.6100010014450494
SSP370,Direct,AFE,2,AFG,0.17534213095709772
SSP370,Direct,AFE,2,AGO,-0.46880222735315036
SSP370,Direct,AFE,2,ALB,-0.10734067750540754
SSP370,Direct,AFE,2,ARE,-0.6200042388671938
SSP370,Direct,AFE,2,ARG,-0.1538711144585435
SSP370,Direct,AFE,2,ARM,0.38166510342980264
SSP370,Direct,AFE,2,AUS,-0.2031769427347916
SSP370,Direct,AFE,2,AUT,0.26357514651319036
SSP370,Direct,AFE,2,AZE,-0.01873066488130848
SSP370,Direct,AFE,2,BDI,-0.34435835514103263
SSP370,Direct,AFE,2,BEL,0.11628514312477511
SSP370,Direct,AFE,2,BEN,-0.5358930398564702
SSP370,Direct,AFE,2,BFA,-0.624427204296611
SSP370,Direct,AFE,2,BGD,-0.5242269610918656
SSP370,Direct,AFE,2,BGR,-0.009704487065263279
SSP370,Direct,AFE,2,BHS,-0.42066038021782903
SSP370,Direct,AFE,2,BIH,0.1003171120690749
SSP370,Direct,AFE,2,BLR,0.45997801158367557
SSP370,Direct,AFE,2,BLZ,-0.4610181120476611
SSP370,Direct,AFE,2,BOL,-0.266143518222165
SSP370,Direct,AFE,2,BRA,-0.4325460314848054
SSP370,Direct,AFE,2,BTN,0.15997213494343687
SSP370,Direct,AFE,2,BWA,-0.523360000800347
SSP370,Direct,AFE,2,CAF,-0.5389652233239826
SSP370,Direct,AFE,2,CAN,0.5951994421203997
SSP370,Direct,AFE,2,CHE,0.43557220113341333
SSP370,Direct,AFE,2,CHL,0.0710756902204055
SSP370,Direct,AFE,2,CHN,-0.035644231909522706
SSP370,Direct,AFE,2,CIV,-0.5146174078113102
SSP370,Direct,AFE,2,CMR,-0.5148758507996904
SSP370,Direct,AFE,2,COD,-0.5007480936114939
SSP370,Direct,AFE,2,COG,-0.49887918718003244
SSP370,Direct,AFE,2,COL,-0.4310587645956975
SSP370,Direct,AFE,2,CPV,-0.34868276348992844
SSP370,Direct,AFE,2,CRI,-0.4390425025308434
SSP370,Direct,AFE,2,CUB,-0.4828411019126295
SSP370,Direct,AFE,2,CZE,0.28849494865686753
SSP370,Direct,AFE,2,DEU,0.24754096189939778
SSP370,Direct,AFE,2,DNK,0.22941640035847533
SSP370,Direct,AFE,2,DOM,-0.4650206758126707
SSP370,Direct,AFE,2,DZA,-0.3023386263901957
SSP370,Direct,AFE,2,ECU,-0.33060893697801474
SSP370,Direct,AFE,2,EGY,-0.4605905736964181
SSP370,Direct,AFE,2,ESP,-0.1344735090160556
SSP370,Direct,AFE,2,EST,0.6354327284067067
SSP370,Direct,AFE,2,ETH,-0.3821996629200466
SSP370,Direct,AFE,2,FIN,1.0831053968518112
SSP370,Direct,AFE,2,FJI,-0.34005964255874077
SSP370,Direct,AFE,2,FRA,0.05499937619384587
SSP370,Direct,AFE,2,GAB,-0.46273764641049575
SSP370,Direct,AFE,2,GBR,0.13873592907709753
SSP370,Direct,AFE,2,GEO,0.20859635255245768
SSP370,Direct,AFE,2,GHA,-0.507520091326653
SSP370,Direct,AFE,2,GIN,-0.5356042771674743
SSP370,Direct,AFE,2,GNB,-0.5204279535358322
SSP370,Direct,AFE,2,GNQ,-0.4651637555777487
SSP370,Direct,AFE,2,GRC,-0.21834841856807963
SSP370,Direct,AFE,2,GTM,-0.4742421576808795
SSP370,Direct,AFE,2,GUY,-0.4650377154290203
SSP370,Direct,AFE,2,HND,-0.47949728482014375
SSP370,Direct,AFE,2,HRV,-0.011594530012397741
SSP370,Direct,AFE,2,HTI,-0.4990626654540522
SSP370,Direct,AFE,2,HUN,0.06721467826350991
SSP370,Direct,AFE,2,IDN,-0.4384348569602585
SSP370,Direct,AFE,2,IND,-0.5231426689178577
SSP370,Direct,AFE,2,IRL,0.12461735602254342
SSP370,Direct,AFE,2,IRN,-0.2352056596144767
SSP370,Direct,AFE,2,IRQ,-0.5300449647189605
SSP370,Direct,AFE,2,ISL,0.6077391189935863
SSP370,Direct,AFE,2,ISR,-0.2730748004357785
SSP370,Direct,AFE,2,ITA,-0.08833052850151069
SSP370,Direct,AFE,2,JOR,-0.33841487421191185
SSP370,Direct,AFE,2,JPN,-0.13090623448902405
SSP370,Direct,AFE,2,KAZ,0.4514076291088107
SSP370,Direct,AFE,2,KEN,-0.3797153512999393
SSP370,Direct,AFE,2,KGZ,1.178020717995449
SSP370,Direct,AFE,2,KHM,-0.4890855927832146
SSP370,Direct,AFE,2,KOR,-0.023250307239099488
SSP370,Direct,AFE,2,KWT,-0.5658147343739302
SSP370,Direct,AFE,2,LAO,-0.409640273838897
SSP370,Direct,AFE,2,LBN,-0.3026317943414899
SSP370,Direct,AFE,2,LBR,-0.4449575646999815
SSP370,Direct,AFE,2,LBY,-0.40451966432890063
SSP370,Direct,AFE,2,LKA,-0.4953205240918064
SSP370,Direct,AFE,2,LSO,-0.028344481915743125
SSP370,Direct,AFE,2,LTU,0.42814923511172664
SSP370,Direct,AFE,2,LVA,0.508490583980405
SSP370,Direct,AFE,2,MAR,-0.3276437012590451
SSP370,Direct,AFE,2,MDA,0.07015240868392669
SSP370,Direct,AFE,2,MDG,-0.34881872479321896
SSP370,Direct,AFE,2,MEX,-0.30834237237734763
SSP370,Direct,AFE,2,MLI,-0.6903653353633509
SSP370,Direct,AFE,2,MMR,-0.44676935815997365
SSP370,Direct,AFE,2,MNE,0.11341641174146866
SSP370,Direct,AFE,2,MNG,1.81438995507551
SSP370,Direct,AFE,2,MOZ,-0.4748633801550953
SSP370,Direct,AFE,2,MRT,-0.596316982784068
SSP370,Direct,AFE,2,MWI,-0.41020855689144764
SSP370,Direct,AFE,2,MYS,-0.4734115851711901
SSP370,Direct,AFE,2,NAM,-0.5164244159805234
SSP370,Direct,AFE,2,NER,-0.6061041965694649
SSP370,Direct,AFE,2,NGA,-0.5357705994896018
SSP370,Direct,AFE,2,NIC,-0.5311336681336246
SSP370,Direct,AFE,2,NLD,0.12001641962652654
SSP370,Direct,AFE,2,NOR,0.695432995910614
SSP370,Direct,AFE,2,NPL,-0.13755848575921104
SSP370,Direct,AFE,2,NZL,-0.040890269036274574
SSP370,Direct,AFE,2,OMN,-0.6280395954266687
SSP370,Direct,AFE,2,PAK,-0.43842658852478533
SSP370,Direct,AFE,2,PAN,-0.3776296747082607
SSP370,Direct,AFE,2,PER,-0.3296893129513855
SSP370,Direct,AFE,2,PHL,-0.43885184396335
SSP370,Direct,AFE,2,PNG,-0.4387230104666169
SSP370,Direct,AFE,2,POL,0.2812104289317261
SSP370,Direct,AFE,2,PRT,-0.1450426757954505
SSP370,Direct,AFE,2,PRY,-0.49965462631646407
SSP370,Direct,AFE,2,ROU,0.14712190145051918
SSP370,Direct,AFE,2,RUS,0.8204416366940097
SSP370,Direct,AFE,2,RWA,-0.3293398302317082
SSP370,Direct,AFE,2,SAU,-0.6391147173147864
SSP370,Direct,AFE,2,SDN,-0.6417325814809365
SSP370,Direct,AFE,2,SEN,-0.500196361755463
SSP370,Direct,AFE,2,SLB,-0.46337199571977705
SSP370,Direct,AFE,2,SLE,-0.49429149132765726
SSP370,Direct,AFE,2,SRB,0.09616028742781335
SSP370,Direct,AFE,2,SUR,-0.5575816238404705
SSP370,Direct,AFE,2,SVK,0.23754504877260896
SSP370,Direct,AFE,2,SWE,0.4707770854395805
SSP370,Direct,AFE,2,SWZ,-0.23993314593826942
SSP370,Direct,AFE,2,TCD,-0.5990962469002932
SSP370,Direct,AFE,2,TGO,-0.5302373591701117
SSP370,Direct,AFE,2,THA,-0.48920114392209424
SSP370,Direct,AFE,2,TJK,0.31373886606777024
SSP370,Direct,AFE,2,TKM,-0.2619952996415217
SSP370,Direct,AFE,2,TUN,-0.3365328993697715
SSP370,Direct,AFE,2,TUR,-0.039584053788437656
SSP370,Direct,AFE,2,TZA,-0.4349940277256774
SSP370,Direct,AFE,2,UGA,-0.42792466654888306
SSP370,Direct,AFE,2,UKR,0.18494262624317814
SSP370,Direct,AFE,2,URY,-0.17463664021846137
SSP370,Direct,AFE,2,USA,-0.0812910141177351
SSP370,Direct,AFE,2,UZB,0.008831818040966333
SSP370,Direct,AFE,2,VNM,-0.4263274389975725
SSP370,Direct,AFE,2,YEM,-0.5169889111208972
SSP370,Direct,AFE,2,ZAF,-0.2704889295144497
SSP370,Direct,AFE,2,ZMB,-0.4562233391553425
SSP370,Direct,AFE,2,ZWE,-0.4440107406091056
SSP370,Direct,IFE,2,AFG,-0.17635697714650989
SSP370,Direct,IFE,2,AGO,-0.6720099174617065
SSP370,Direct,IFE,2,ALB,-0.3717533506442058
SSP370,Direct,IFE,2,ARE,-0.7868251198013592
SSP370,Direct,IFE,2,ARG,-0.37569326508595
SSP370,Direct,IFE,2,ARM,0.06037379831936196
SSP370,Direct,IFE,2,AUS,-0.4231097793505578
SSP370,Direct,IFE,2,AUT,-0.013962997448881409
SSP370,Direct,IFE,2,AZE,-0.30094311374495475
SSP370,Direct,IFE,2,BDI,-0.5390773684559338
SSP370,Direct,IFE,2,BEL,-0.12272304725229621
SSP370,Direct,IFE,2,BEN,-0.7141325751894034
SSP370,Direct,IFE,2,BFA,-0.7972912315176269
SSP370,Direct,IFE,2,BGD,-0.7186891612807652
SSP370,Direct,IFE,2,BGR,-0.28648512425918204
SSP370,Direct,IFE,2,BHS,-0.5820449542031291
SSP370,Direct,IFE,2,BIH,-0.13914544465160728
SSP370,Direct,IFE,2,BLR,0.13985262475743632
SSP370,Direct,IFE,2,BLZ,-0.6341138794956174
SSP370,Direct,IFE,2,BOL,-0.5289357890016313
SSP370,Direct,IFE,2,BRA,-0.6310182909897557
SSP370,Direct,IFE,2,BTN,-0.03318890721078627
SSP370,Direct,IFE,2,BWA,-0.7292576608308099
SSP370,Direct,IFE,2,CAF,-0.7269962233520169
SSP370,Direct,IFE,2,CAN,0.23276620677356208
SSP370,Direct,IFE,2,CHE,0.1659528690834009
SSP370,Direct,IFE,2,CHL,-0.1305889334444552
SSP370,Direct,IFE,2,CHN,-0.32642837730009366
SSP370,Direct,IFE,2,CIV,-0.6994941177500937
SSP370,Direct,IFE,2,CMR,-0.6990485720977605
SSP370,Direct,IFE,2,COD,-0.6983320332165786
SSP370,Direct,IFE,2,COG,-0.690909142752526
SSP370,Direct,IFE,2,COL,-0.6567968873724441
SSP370,Direct,IFE,2,CPV,-0.5187385482747792
SSP370,Direct,IFE,2,CRI,-0.6059892487774097
SSP370,Direct,IFE,2,CUB,-0.6535188393182738
SSP370,Direct,IFE,2,CZE,0.007564166051975407
SSP370,Direct,IFE,2,DEU,-0.018234909977409064
SSP370,Direct,IFE,2,DNK,-0.01475446675442671
SSP370,Direct,IFE,2,DOM,-0.6059052395557154
SSP370,Direct,IFE,2,DZA,-0.5331471073275715
SSP370,Direct,IFE,2,ECU,-0.5482192508909871
SSP370,Direct,IFE,2,EGY,-0.6721373682585423
SSP370,Direct,IFE,2,ESP,-0.36453184480533074
SSP370,Direct,IFE,2,EST,0.3040464551383788
SSP370,Direct,IFE,2,ETH,-0.6005642243105278
SSP370,Direct,IFE,2,FIN,0.7377810473343045
SSP370,Direct,IFE,2,FJI,-0.5033088263125685
SSP370,Direct,IFE,2,FRA,-0.19404285987843473
SSP370,Direct,IFE,2,GAB,-0.6646326874787076
SSP370,Direct,IFE,2,GBR,-0.07296093653359259
SSP370,Direct,IFE,2,GEO,-0.08110862922962436
SSP370,Direct,IFE,2,GHA,-0.6845513879350578
SSP370,Direct,IFE,2,GIN,-0.7224998385520243
SSP370,Direct,IFE,2,GNB,-0.6764561527059451
SSP370,Direct,IFE,2,GNQ,-0.6752598043760958
SSP370,Direct,IFE,2,GRC,-0.4560797678679164
SSP370,Direct,IFE,2,GTM,-0.6718143892577909
SSP370,Direct,IFE,2,GUY,-0.6312253560866514
SSP370,Direct,IFE,2,HND,-0.6431709670576112
SSP370,Direct,IFE,2,HRV,-0.2851027539442511
SSP370,Direct,IFE,2,HTI,-0.6459302314762538
SSP370,Direct,IFE,2,HUN,-0.22148906669199064
SSP370,Direct,IFE,2,IDN,-0.6254944823019621
SSP370,Direct,IFE,2,IND,-0.7238632166990022
SSP370,Direct,IFE,2,IRL,-0.05938707488724315
SSP370,Direct,IFE,2,IRN,-0.5079483696802286
SSP370,Direct,IFE,2,IRQ,-0.7425137069421865
SSP370,Direct,IFE,2,ISL,0.4786453773964019
SSP370,Direct,IFE,2,ISR,-0.4619111793398426
SSP370,Direct,IFE,2,ITA,-0.3434811045828573
SSP370,Direct,IFE,2,JOR,-0.557535127365222
SSP370,Direct,IFE,2,JPN,-0.36710433766958817
SSP370,Direct,IFE,2,KAZ,0.09480600386348015
SSP370,Direct,IFE,2,KEN,-0.5909006734706059
SSP370,Direct,IFE,2,KGZ,0.8292546050886218
SSP370,Direct,IFE,2,KHM,-0.6701239459405643
SSP370,Direct,IFE,2,KOR,-0.3032181809990715
SSP370,Direct,IFE,2,KWT,-0.7482578189709678
SSP370,Direct,IFE,2,LAO,-0.6100842695575732
SSP370,Direct,IFE,2,LBN,-0.5008439645458251
SSP370,Direct,IFE,2,LBR,-0.641163792378774
SSP370,Direct,IFE,2,LBY,-0.619354499684171
SSP370,Direct,IFE,2,LKA,-0.6711595362419374
SSP370,Direct,IFE,2,LSO,-0.2807393080622278
SSP370,Direct,IFE,2,LTU,0.12242201432997146
SSP370,Direct,IFE,2,LVA,0.19467544693288663
SSP370,Direct,IFE,2,MAR,-0.5499879411431727
SSP370,Direct,IFE,2,MDA,-0.2246801308217662
SSP370,Direct,IFE,2,MDG,-0.5492251872672993
SSP370,Direct,IFE,2,MEX,-0.5278716759428161
SSP370,Direct,IFE,2,MLI,-0.84250841394796006
SSP370,Direct,IFE,2,MMR,-0.6441461285777366
SSP370,Direct,IFE,2,MNE,-0.18118282863676072
SSP370,Direct,IFE,2,MNG,1.500695906941341
SSP370,Direct,IFE,2,MOZ,-0.6715443696896887
SSP370,Direct,IFE,2,MRT,-0.765579571294892
SSP370,Direct,IFE,2,MWI,-0.6139729678113844
SSP370,Direct,IFE,2,MYS,-0.6452598498488137
SSP370,Direct,IFE,2,NAM,-0.7197077680776522
SSP370,Direct,IFE,2,NER,-0.7870974894227813
SSP370,Direct,IFE,2,NGA,-0.7205016036435046
SSP370,Direct,IFE,2,NIC,-0.6802856271702016
SSP370,Direct,IFE,2,NLD,-0.05820709662470791
SSP370,Direct,IFE,2,NOR,0.45852149849262314
SSP370,Direct,IFE,2,NPL,-0.40793334014277094
SSP370,Direct,IFE,2,NZL,-0.24281405272541356
SSP370,Direct,IFE,2,OMN,-0.797491965770667
SSP370,Direct,IFE,2,PAK,-0.6755777264433503
SSP370,Direct,IFE,2,PAN,-0.57558303285049806
SSP370,Direct,IFE,2,PER,-0.5292241105986162
SSP370,Direct,IFE,2,PHL,-0.6164999942328949
SSP370,Direct,IFE,2,PNG,-0.5819630167925449
SSP370,Direct,IFE,2,POL,-0.004363656880150613
SSP370,Direct,IFE,2,PRT,-0.3535801856576659
SSP370,Direct,IFE,2,PRY,-0.7021889772251437
SSP370,Direct,IFE,2,ROU,-0.14793650418233983
SSP370,Direct,IFE,2,RUS,0.4634422308235746
SSP370,Direct,IFE,2,RWA,-0.5345305975080072
SSP370,Direct,IFE,2,SAU,-0.8148133284289427
SSP370,Direct,IFE,2,SDN,-0.8118629890103202
SSP370,Direct,IFE,2,SEN,-0.6697742269520961
SSP370,Direct,IFE,2,SLB,-0.621002798822806
SSP370,Direct,IFE,2,SLE,-0.6898446768719619
SSP370,Direct,IFE,2,SRB,-0.15199238392868586
SSP370,Direct,IFE,2,SUR,-0.7279246668651114
SSP370,Direct,IFE,2,SVK,-0.050318851399393294
SSP370,Direct,IFE,2,SWE,0.19448608337892148
SSP370,Direct,IFE,2,SWZ,-0.44724019743133625
SSP370,Direct,IFE,2,TCD,-0.7791092981512991
SSP370,Direct,IFE,2,TGO,-0.7107962852109697
SSP370,Direct,IFE,2,THA,-0.6740580941397283
SSP370,Direct,IFE,2,TJK,0.046295549487289867
SSP370,Direct,IFE,2,TKM,-0.5268342444203846
SSP370,Direct,IFE,2,TUN,-0.5587798843565079
SSP370,Direct,IFE,2,TUR,-0.30489366257190254
SSP370,Direct,IFE,2,TZA,-0.6412389411304313
SSP370,Direct,IFE,2,UGA,-0.6296016711449923
SSP370,Direct,IFE,2,UKR,-0.11680479809310873
SSP370,Direct,IFE,2,URY,-0.3808507963176242
SSP370,Direct,IFE,2,USA,-0.35602033896120244
SSP370,Direct,IFE,2,UZB,-0.30899402689303324
SSP370,Direct,IFE,2,VNM,-0.6162430884388983
SSP370,Direct,IFE,2,YEM,-0.717785559058111
SSP370,Direct,IFE,2,ZAF,-0.49944520282241445
SSP370,Direct,IFE,2,ZMB,-0.6696361075911526
SSP370,Direct,IFE,2,ZWE,-0.661517776471253
SSP370,Direct,AFE,3,AFG,-0.18688693920285682
SSP370,Direct,AFE,3,AGO,-0.5574828495285604
SSP370,Direct,AFE,3,ALB,-0.3345540271784945
SSP370,Direct,AFE,3,ARE,-0.6632544412284049
SSP370,Direct,AFE,3,ARG,-0.30408225643480535
SSP370,Direct,AFE,3,ARM,-0.04400508776537693
SSP370,Direct,AFE,3,AUS,-0.3541026205626069
SSP370,Direct,AFE,3,AUT,-0.0735870712524036
SSP370,Direct,AFE,3,AZE,-0.2602987622185632
SSP370,Direct,AFE,3,BDI,-0.43777610277924106
SSP370,Direct,AFE,3,BEL,-0.12494848699116512
SSP370,Direct,AFE,3,BEN,-0.5916649473009539
SSP370,Direct,AFE,3,BFA,-0.6661493138038477
SSP370,Direct,AFE,3,BGD,-0.5863914336914962
SSP370,Direct,AFE,3,BGR,-0.2766696139305188
SSP370,Direct,AFE,3,BHS,-0.4967832114628338
SSP370,Direct,AFE,3,BIH,-0.1691869502477088
SSP370,Direct,AFE,3,BLR,0.03663924189200851
SSP370,Direct,AFE,3,BLZ,-0.539756666974218
SSP370,Direct,AFE,3,BOL,-0.44118788134945763
SSP370,Direct,AFE,3,BRA,-0.5220668700098019
SSP370,Direct,AFE,3,BTN,-0.07303411505764301
SSP370,Direct,AFE,3,BWA,-0.6197567863787726
SSP370,Direct,AFE,3,CAF,-0.5988208636813701
SSP370,Direct,AFE,3,CAN,0.07556337998841389
SSP370,Direct,AFE,3,CHE,0.03572256609225022
SSP370,Direct,AFE,3,CHL,-0.18743520508814027
SSP370,Direct,AFE,3,CHN,-0.26033553833677747
SSP370,Direct,AFE,3,CIV,-0.5850115917974187
SSP370,Direct,AFE,3,CMR,-0.5790785699836967
SSP370,Direct,AFE,3,COD,-0.5780988530268673
SSP370,Direct,AFE,3,COG,-0.5691175578958928
SSP370,Direct,AFE,3,COL,-0.5355216419876729
SSP370,Direct,AFE,3,CPV,-0.41879921591986635
SSP370,Direct,AFE,3,CRI,-0.5517021960972579
SSP370,Direct,AFE,3,CUB,-0.552160319922511
SSP370,Direct,AFE,3,CZE,-0.04906917630505758
SSP370,Direct,AFE,3,DEU,-0.05818817381629937
SSP370,Direct,AFE,3,DNK,-0.04231774647004383
SSP370,Direct,AFE,3,DOM,-0.5440334778478205
SSP370,Direct,AFE,3,DZA,-0.45989309235362863
SSP370,Direct,AFE,3,ECU,-0.4352439104317426
SSP370,Direct,AFE,3,EGY,-0.5570660109598771
SSP370,Direct,AFE,3,ESP,-0.3235924610887999
SSP370,Direct,AFE,3,EST,0.14706074752534692
SSP370,Direct,AFE,3,ETH,-0.46194312868713316
SSP370,Direct,AFE,3,FIN,0.38137091744138396
SSP370,Direct,AFE,3,FJI,-0.3866119890153713
SSP370,Direct,AFE,3,FRA,-0.18402867872163808
SSP370,Direct,AFE,3,GAB,-0.5418799436703516
SSP370,Direct,AFE,3,GBR,-0.07461280840688378
SSP370,Direct,AFE,3,GEO,-0.11867749785559101
SSP370,Direct,AFE,3,GHA,-0.5680215178772701
SSP370,Direct,AFE,3,GIN,-0.6125934840126153
SSP370,Direct,AFE,3,GNB,-0.5820761031637496
SSP370,Direct,AFE,3,GNQ,-0.5389217755215288
SSP370,Direct,AFE,3,GRC,-0.39822621246015466
SSP370,Direct,AFE,3,GTM,-0.6012363680939186
SSP370,Direct,AFE,3,GUY,-0.5356777019907857
SSP370,Direct,AFE,3,HND,-0.5971224504811699
SSP370,Direct,AFE,3,HRV,-0.2669451820777682
SSP370,Direct,AFE,3,HTI,-0.5747418082871294
SSP370,Direct,AFE,3,HUN,-0.21001261392831727
SSP370,Direct,AFE,3,IDN,-0.5028902381222502
SSP370,Direct,AFE,3,IND,-0.5845245347841354
SSP370,Direct,AFE,3,IRL,-0.06809090032839171
SSP370,Direct,AFE,3,IRN,-0.4217576907807711
SSP370,Direct,AFE,3,IRQ,-0.6292764788289436
SSP370,Direct,AFE,3,ISL,0.2475722948117376
SSP370,Direct,AFE,3,ISR,-0.38799953261383036
SSP370,Direct,AFE,3,ITA,-0.3032033453672519
SSP370,Direct,AFE,3,JOR,-0.46232667701595864
SSP370,Direct,AFE,3,JPN,-0.30581455184994544
SSP370,Direct,AFE,3,KAZ,-0.005310011850467311
SSP370,Direct,AFE,3,KEN,-0.448813948227915
SSP370,Direct,AFE,3,KGZ,0.39185783873875435
SSP370,Direct,AFE,3,KHM,-0.5457965900804655
SSP370,Direct,AFE,3,KOR,-0.23923857071978294
SSP370,Direct,AFE,3,KWT,-0.6226161132542651
SSP370,Direct,AFE,3,LAO,-0.4882724658116808
SSP370,Direct,AFE,3,LBN,-0.42454072535563114
SSP370,Direct,AFE,3,LBR,-0.5203930744732537
SSP370,Direct,AFE,3,LBY,-0.5144763327578077
SSP370,Direct,AFE,3,LKA,-0.5302877472220232
SSP370,Direct,AFE,3,LSO,-0.24285140742091726
SSP370,Direct,AFE,3,LTU,0.03219153699887922
SSP370,Direct,AFE,3,LVA,0.08323037361461849
SSP370,Direct,AFE,3,MAR,-0.465782561394088
SSP370,Direct,AFE,3,MDA,-0.21744436545949108
SSP370,Direct,AFE,3,MDG,-0.4480769112590993
SSP370,Direct,AFE,3,MEX,-0.4604855214575919
SSP370,Direct,AFE,3,MLI,-0.7347150329509009
SSP370,Direct,AFE,3,MMR,-0.5194371396280706
SSP370,Direct,AFE,3,MNE,-0.20205077705270447
SSP370,Direct,AFE,3,MNG,0.7285994108554634
SSP370,Direct,AFE,3,MOZ,-0.5527867291088667
SSP370,Direct,AFE,3,MRT,-0.6459983314605757
SSP370,Direct,AFE,3,MWI,-0.49374477651058746
SSP370,Direct,AFE,3,MYS,-0.5284400093898054
SSP370,Direct,AFE,3,NAM,-0.6130012019246194
SSP370,Direct,AFE,3,NER,-0.6482832905196743
SSP370,Direct,AFE,3,NGA,-0.5912025710679659
SSP370,Direct,AFE,3,NIC,-0.6228317523641901
SSP370,Direct,AFE,3,NLD,-0.07148434675796778
SSP370,Direct,AFE,3,NOR,0.24620146097757134
SSP370,Direct,AFE,3,NPL,-0.31288040177546983
SSP370,Direct,AFE,3,NZL,-0.20804600317527544
SSP370,Direct,AFE,3,OMN,-0.6755859502637567
SSP370,Direct,AFE,3,PAK,-0.5549745122142065
SSP370,Direct,AFE,3,PAN,-0.4666903501367248
SSP370,Direct,AFE,3,PER,-0.4432301693982019
SSP370,Direct,AFE,3,PHL,-0.49586883724697695
SSP370,Direct,AFE,3,PNG,-0.4922552609172517
SSP370,Direct,AFE,3,POL,-0.04974738426984138
SSP370,Direct,AFE,3,PRT,-0.3153298295318451
SSP370,Direct,AFE,3,PRY,-0.5846267514993393
SSP370,Direct,AFE,3,ROU,-0.1673161414113733
SSP370,Direct,AFE,3,RUS,0.21768623795980235
SSP370,Direct,AFE,3,RWA,-0.4273681213741902
SSP370,Direct,AFE,3,SAU,-0.6949538808816761
SSP370,Direct,AFE,3,SDN,-0.6803427182983424
SSP370,Direct,AFE,3,SEN,-0.5579755888135306
SSP370,Direct,AFE,3,SLB,-0.5060532449025941
SSP370,Direct,AFE,3,SLE,-0.5710621521964688
SSP370,Direct,AFE,3,SRB,-0.17355348350298394
SSP370,Direct,AFE,3,SUR,-0.6186709162040203
SSP370,Direct,AFE,3,SVK,-0.08724224645986978
SSP370,Direct,AFE,3,SWE,0.08842062721646071
SSP370,Direct,AFE,3,SWZ,-0.36206440907503723
SSP370,Direct,AFE,3,TCD,-0.6401791994442927
SSP370,Direct,AFE,3,TGO,-0.5893714934694294
SSP370,Direct,AFE,3,THA,-0.5489616747553498
SSP370,Direct,AFE,3,TJK,-0.027014716618198542
SSP370,Direct,AFE,3,TKM,-0.4343101120619598
SSP370,Direct,AFE,3,TUN,-0.46961445909329236
SSP370,Direct,AFE,3,TUR,-0.2906763858604535
SSP370,Direct,AFE,3,TZA,-0.508292004886574
SSP370,Direct,AFE,3,UGA,-0.49297574925752363
SSP370,Direct,AFE,3,UKR,-0.1383512168430734
SSP370,Direct,AFE,3,URY,-0.28259738728933415
SSP370,Direct,AFE,3,USA,-0.2936615985799166
SSP370,Direct,AFE,3,UZB,-0.27101200610339216
SSP370,Direct,AFE,3,VNM,-0.4932155649412079
SSP370,Direct,AFE,3,YEM,-0.5787023413498298
SSP370,Direct,AFE,3,ZAF,-0.4139245121480014
SSP370,Direct,AFE,3,ZMB,-0.5498334141518999
SSP370,Direct,AFE,3,ZWE,-0.5443704412505943
SSP370,Direct,IFE,3,AFG,1.059928746182194
SSP370,Direct,IFE,3,AGO,-0.4166331568650993
SSP370,Direct,IFE,3,ALB,0.2882307472009247
SSP370,Direct,IFE,3,ARE,-0.6425975937753754
SSP370,Direct,IFE,3,ARG,0.07721097732869064
SSP370,Direct,IFE,3,ARM,1.491080248779764
SSP370,Direct,IFE,3,AUS,0.004462258565537169
SSP370,Direct,IFE,3,AUT,1.0730321667650622
SSP370,Direct,IFE,3,AZE,0.4601634989952723
SSP370,Direct,IFE,3,BDI,-0.20111283710822736
SSP370,Direct,IFE,3,BEL,0.6352621094515947
SSP370,Direct,IFE,3,BEN,-0.5410867934183194
SSP370,Direct,IFE,3,BFA,-0.6405911455942526
SSP370,Direct,IFE,3,BGD,-0.49661901401351694
SSP370,Direct,IFE,3,BGR,0.5100651599472912
SSP370,Direct,IFE,3,BHS,-0.4310351732058445
SSP370,Direct,IFE,3,BIH,0.6331052171463165
SSP370,Direct,IFE,3,BLR,1.6347700611548182
SSP370,Direct,IFE,3,BLZ,-0.44983321080697125
SSP370,Direct,IFE,3,BOL,-0.02296064888614957
SSP370,Direct,IFE,3,BRA,-0.38526898088471107
SSP370,Direct,IFE,3,BTN,0.8343531863588451
SSP370,Direct,IFE,3,BWA,-0.4593407949852979
SSP370,Direct,IFE,3,CAF,-0.5008216879850773
SSP370,Direct,IFE,3,CAN,2.171386450388788
SSP370,Direct,IFE,3,CHE,1.4938257666541892
SSP370,Direct,IFE,3,CHL,0.5262009180020015
SSP370,Direct,IFE,3,CHN,0.45157285963129223
SSP370,Direct,IFE,3,CIV,-0.517844884279357
SSP370,Direct,IFE,3,CMR,-0.4747667296216621
SSP370,Direct,IFE,3,COD,-0.46084234763466314
SSP370,Direct,IFE,3,COG,-0.46545216037160775
SSP370,Direct,IFE,3,COL,-0.4171472667831574
SSP370,Direct,IFE,3,CPV,-0.3136467946794764
SSP370,Direct,IFE,3,CRI,-0.488687492440695
SSP370,Direct,IFE,3,CUB,-0.48710564467389095
SSP370,Direct,IFE,3,CZE,1.1241828913516105
SSP370,Direct,IFE,3,DEU,0.9888173688809065
SSP370,Direct,IFE,3,DNK,0.8761352682180623
SSP370,Direct,IFE,3,DOM,-0.47856134732889655
SSP370,Direct,IFE,3,DZA,-0.10001916987900383
SSP370,Direct,IFE,3,ECU,-0.24539002150912914
SSP370,Direct,IFE,3,EGY,-0.3866689602877139
SSP370,Direct,IFE,3,ESP,0.16138160261244283
SSP370,Direct,IFE,3,EST,2.1108935535555
SSP370,Direct,IFE,3,ETH,-0.26442051067056593
SSP370,Direct,IFE,3,FIN,3.527417439288249
SSP370,Direct,IFE,3,FJI,-0.31609754011893554
SSP370,Direct,IFE,3,FRA,0.5383714255124883
SSP370,Direct,IFE,3,GAB,-0.44877714121033063
SSP370,Direct,IFE,3,GBR,0.6114767129540826
SSP370,Direct,IFE,3,GEO,0.9742502018874779
SSP370,Direct,IFE,3,GHA,-0.5163560402489633
SSP370,Direct,IFE,3,GIN,-0.535509530386584
SSP370,Direct,IFE,3,GNB,-0.5351114822742113
SSP370,Direct,IFE,3,GNQ,-0.48441738242449917
SSP370,Direct,IFE,3,GRC,0.04290556757642139
SSP370,Direct,IFE,3,GTM,-0.46755154145511446
SSP370,Direct,IFE,3,GUY,-0.47588195060436544
SSP370,Direct,IFE,3,HND,-0.49349312308062165
SSP370,Direct,IFE,3,HRV,0.48357262853727123
SSP370,Direct,IFE,3,HTI,-0.5148991121251347
SSP370,Direct,IFE,3,HUN,0.6577802894566567
SSP370,Direct,IFE,3,IDN,-0.45132007082288705
SSP370,Direct,IFE,3,IND,-0.49295260270505015
SSP370,Direct,IFE,3,IRL,0.5410113499217004
SSP370,Direct,IFE,3,IRN,0.06438969305752362
SSP370,Direct,IFE,3,IRQ,-0.4537412846337111
SSP370,Direct,IFE,3,ISL,1.6016704273930111
SSP370,Direct,IFE,3,ISR,-0.15292609931700363
SSP370,Direct,IFE,3,ITA,0.2890535833555019
SSP370,Direct,IFE,3,JOR,-0.20217905984311624
SSP370,Direct,IFE,3,JPN,0.17594004652991235
SSP370,Direct,IFE,3,KAZ,1.7163715028475872
SSP370,Direct,IFE,3,KEN,-0.29729481480119
SSP370,Direct,IFE,3,KGZ,3.941172841766786
SSP370,Direct,IFE,3,KHM,-0.4715555008395943
SSP370,Direct,IFE,3,KOR,0.45678109188901184
SSP370,Direct,IFE,3,KWT,-0.56571613784646535
SSP370,Direct,IFE,3,LAO,-0.33134324152392314
SSP370,Direct,IFE,3,LBN,-0.17673564207784442
SSP370,Direct,IFE,3,LBR,-0.43936920586472916
SSP370,Direct,IFE,3,LBY,-0.30235739984499377
SSP370,Direct,IFE,3,LKA,-0.466861941289766
SSP370,Direct,IFE,3,LSO,0.38844974653748454
SSP370,Direct,IFE,3,LTU,1.508273857477226
SSP370,Direct,IFE,3,LVA,1.728241353248758
SSP370,Direct,IFE,3,MAR,-0.16568374246769202
SSP370,Direct,IFE,3,MDA,0.6863300628086808
SSP370,Direct,IFE,3,MDG,-0.27479961792166385
SSP370,Direct,IFE,3,MEX,-0.2008207713670883
SSP370,Direct,IFE,3,MLI,-0.7140890223148014
SSP370,Direct,IFE,3,MMR,-0.3814926412278209
SSP370,Direct,IFE,3,MNE,0.7956488508296387
SSP370,Direct,IFE,3,MNG,6.164427399131875
SSP370,Direct,IFE,3,MOZ,-0.4369343595033206
SSP370,Direct,IFE,3,MRT,-0.6109173603509983
SSP370,Direct,IFE,3,MWI,-0.3461036719879036
SSP370,Direct,IFE,3,MYS,-0.4461034154616532
SSP370,Direct,IFE,3,NAM,-0.4529327338901311
SSP370,Direct,IFE,3,NER,-0.6198424282293494
SSP370,Direct,IFE,3,NGA,-0.520741413050172
SSP370,Direct,IFE,3,NIC,-0.5536252845942727
SSP370,Direct,IFE,3,NLD,0.5127080130323802
SSP370,Direct,IFE,3,NOR,2.1032794698095945
SSP370,Direct,IFE,3,NPL,0.22441160451180053
SSP370,Direct,IFE,3,NZL,0.246931208548397
SSP370,Direct,IFE,3,OMN,-0.6437167623010192
SSP370,Direct,IFE,3,PAK,-0.31521683431416603
SSP370,Direct,IFE,3,PAN,-0.42406652955415125
SSP370,Direct,IFE,3,PER,-0.038696167184132935
SSP370,Direct,IFE,3,PHL,-0.43061367100562387
SSP370,Direct,IFE,3,PNG,-0.3579410764609382
SSP370,Direct,IFE,3,POL,1.104015201537488
SSP370,Direct,IFE,3,PRT,0.09498865047980276
SSP370,Direct,IFE,3,PRY,-0.45101468700172553
SSP370,Direct,IFE,3,ROU,0.8553721271864718
SSP370,Direct,IFE,3,RUS,2.7503338621700273
SSP370,Direct,IFE,3,RWA,-0.19318804260671285
SSP370,Direct,IFE,3,SAU,-0.6403763298115964
SSP370,Direct,IFE,3,SDN,-0.6647014273276548
SSP370,Direct,IFE,3,SEN,-0.5023298048100956
SSP370,Direct,IFE,3,SLB,-0.4529914476392679
SSP370,Direct,IFE,3,SLE,-0.4999519836126042
SSP370,Direct,IFE,3,SRB,0.6451977766233425
SSP370,Direct,IFE,3,SUR,-0.5671886528144069
SSP370,Direct,IFE,3,SVK,1.01880746360521
SSP370,Direct,IFE,3,SWE,1.5261382368420553
SSP370,Direct,IFE,3,SWZ,-0.09066198723154961
SSP370,Direct,IFE,3,TCD,-0.6095188510825409
SSP370,Direct,IFE,3,TGO,-0.5345287290654543
SSP370,Direct,IFE,3,THA,-0.47131387354664156
SSP370,Direct,IFE,3,TJK,1.1511224458043459
SSP370,Direct,IFE,3,TKM,-8.280307044102875e-4
SSP370,Direct,IFE,3,TUN,-0.18426336249720243
SSP370,Direct,IFE,3,TUR,0.4258354697973623
SSP370,Direct,IFE,3,TZA,-0.36634586967529226
SSP370,Direct,IFE,3,UGA,-0.33088521256372183
SSP370,Direct,IFE,3,UKR,0.9397383693014119
SSP370,Direct,IFE,3,URY,-0.002714658700322503
SSP370,Direct,IFE,3,USA,0.3300068225723969
SSP370,Direct,IFE,3,UZB,0.6050625193810026
SSP370,Direct,IFE,3,VNM,-0.3848914322877276
SSP370,Direct,IFE,3,YEM,-0.4957738120758304
SSP370,Direct,IFE,3,ZAF,-0.08877140130415428
SSP370,Direct,IFE,3,ZMB,-0.3767112560507532
SSP370,Direct,IFE,3,ZWE,-0.35605943992052436
SSP370,Direct,AFE,4,AFG,-0.20700976434383944
SSP370,Direct,AFE,4,AGO,-0.47855752045865296
SSP370,Direct,AFE,4,ALB,-0.3112319681961574
SSP370,Direct,AFE,4,ARE,-0.5677519803576445
SSP370,Direct,AFE,4,ARG,-0.26743581497597135
SSP370,Direct,AFE,4,ARM,-0.10725785750502814
SSP370,Direct,AFE,4,AUS,-0.31233468851448487
SSP370,Direct,AFE,4,AUT,-0.1154043641533099
SSP370,Direct,AFE,4,AZE,-0.2473931758360669
SSP370,Direct,AFE,4,BDI,-0.3658768588152187
SSP370,Direct,AFE,4,BEL,-0.13799710067871995
SSP370,Direct,AFE,4,BEN,-0.5026435993032554
SSP370,Direct,AFE,4,BFA,-0.5675580246261149
SSP370,Direct,AFE,4,BGD,-0.49470150860421114
SSP370,Direct,AFE,4,BGR,-0.26991926194915494
SSP370,Direct,AFE,4,BHS,-0.4294118366117553
SSP370,Direct,AFE,4,BIH,-0.18452260702759138
SSP370,Direct,AFE,4,BLR,-0.03982989015428817
SSP370,Direct,AFE,4,BLZ,-0.46580390806447836
SSP370,Direct,AFE,4,BOL,-0.39140368228054745
SSP370,Direct,AFE,4,BRA,-0.44761107255069243
SSP370,Direct,AFE,4,BTN,-0.08857321760584314
SSP370,Direct,AFE,4,BWA,-0.5394624328720232
SSP370,Direct,AFE,4,CAF,-0.5050199657804526
SSP370,Direct,AFE,4,CAN,-0.024435843730817086
SSP370,Direct,AFE,4,CHE,-0.04120947961151
SSP370,Direct,AFE,4,CHL,-0.20319396776978393
SSP370,Direct,AFE,4,CHN,-0.23879640321683382
SSP370,Direct,AFE,4,CIV,-0.5030969729458628
SSP370,Direct,AFE,4,CMR,-0.4895105652720386
SSP370,Direct,AFE,4,COD,-0.4935353010080189
SSP370,Direct,AFE,4,COG,-0.4829732734228903
SSP370,Direct,AFE,4,COL,-0.46665112954790566
SSP370,Direct,AFE,4,CPV,-0.35118517713839126
SSP370,Direct,AFE,4,CRI,-0.5006549075102493
SSP370,Direct,AFE,4,CUB,-0.4744211052679549
SSP370,Direct,AFE,4,CZE,-0.09437459514607249
SSP370,Direct,AFE,4,DEU,-0.09543798449908769
SSP370,Direct,AFE,4,DNK,-0.07643418004966529
SSP370,Direct,AFE,4,DOM,-0.4771778867095714
SSP370,Direct,AFE,4,DZA,-0.4070801642699481
SSP370,Direct,AFE,4,ECU,-0.37128091517986195
SSP370,Direct,AFE,4,EGY,-0.4787262284771048
SSP370,Direct,AFE,4,ESP,-0.29572845714909535
SSP370,Direct,AFE,4,EST,0.03581800468137142
SSP370,Direct,AFE,4,ETH,-0.37882131804592367
SSP370,Direct,AFE,4,FIN,0.17617026348938136
SSP370,Direct,AFE,4,FJI,-0.31341804663988637
SSP370,Direct,AFE,4,FRA,-0.1862744336198756
SSP370,Direct,AFE,4,GAB,-0.46321763239164304
SSP370,Direct,AFE,4,GBR,-0.09165670444660123
SSP370,Direct,AFE,4,GEO,-0.14903051440975223
SSP370,Direct,AFE,4,GHA,-0.48388937288651335
SSP370,Direct,AFE,4,GIN,-0.5319533426745551
SSP370,Direct,AFE,4,GNB,-0.5016838847175231
SSP370,Direct,AFE,4,GNQ,-0.4599875237305894
SSP370,Direct,AFE,4,GRC,-0.3576004459390325
SSP370,Direct,AFE,4,GTM,-0.5438421506332409
SSP370,Direct,AFE,4,GUY,-0.4613684521563518
SSP370,Direct,AFE,4,HND,-0.5422958243197282
SSP370,Direct,AFE,4,HRV,-0.25869052733313047
SSP370,Direct,AFE,4,HTI,-0.5035366852080103
SSP370,Direct,AFE,4,HUN,-0.21323382641858002
SSP370,Direct,AFE,4,IDN,-0.4253759610545842
SSP370,Direct,AFE,4,IND,-0.491036365798876
SSP370,Direct,AFE,4,IRL,-0.08422626177226633
SSP370,Direct,AFE,4,IRN,-0.37438056923911167
SSP370,Direct,AFE,4,IRQ,-0.5478515073985952
SSP370,Direct,AFE,4,ISL,0.12138410181852688
SSP370,Direct,AFE,4,ISR,-0.33575811891387697
SSP370,Direct,AFE,4,ITA,-0.281367471307608
SSP370,Direct,AFE,4,JOR,-0.3999908282281478
SSP370,Direct,AFE,4,JPN,-0.2729167937907159
SSP370,Direct,AFE,4,KAZ,-0.07827896778067933
SSP370,Direct,AFE,4,KEN,-0.3660195030414086
SSP370,Direct,AFE,4,KGZ,0.16720863673320308
SSP370,Direct,AFE,4,KHM,-0.4575817867344051
SSP370,Direct,AFE,4,KOR,-0.2190600474855856
SSP370,Direct,AFE,4,KWT,-0.5310017411447847
SSP370,Direct,AFE,4,LAO,-0.40809294647688654
SSP370,Direct,AFE,4,LBN,-0.369252980531958
SSP370,Direct,AFE,4,LBR,-0.4434511773131141
SSP370,Direct,AFE,4,LBY,-0.4435775279956946
SSP370,Direct,AFE,4,LKA,-0.4307574652301728
SSP370,Direct,AFE,4,LSO,-0.22831993810723217
SSP370,Direct,AFE,4,LTU,-0.038563407632781654
SSP370,Direct,AFE,4,LVA,-0.002748872575282113
SSP370,Direct,AFE,4,MAR,-0.4074053031350783
SSP370,Direct,AFE,4,MDA,-0.2216004721667102
SSP370,Direct,AFE,4,MDG,-0.3833552513989904
SSP370,Direct,AFE,4,MEX,-0.4138837477880577
SSP370,Direct,AFE,4,MLI,-0.6427486147620396
SSP370,Direct,AFE,4,MMR,-0.4346571971917981
SSP370,Direct,AFE,4,MNE,-0.21646148009815347
SSP370,Direct,AFE,4,MNG,0.36359482731810067
SSP370,Direct,AFE,4,MOZ,-0.4708644341269492
SSP370,Direct,AFE,4,MRT,-0.5534595514710998
SSP370,Direct,AFE,4,MWI,-0.41646750658703313
SSP370,Direct,AFE,4,MYS,-0.4412829344042135
SSP370,Direct,AFE,4,NAM,-0.533614160246787
SSP370,Direct,AFE,4,NER,-0.5486284395959583
SSP370,Direct,AFE,4,NGA,-0.4984830942780262
SSP370,Direct,AFE,4,NIC,-0.5576857820252116
SSP370,Direct,AFE,4,NLD,-0.08856256494186543
SSP370,Direct,AFE,4,NOR,0.11513381265938682
SSP370,Direct,AFE,4,NPL,-0.2712951107417453
SSP370,Direct,AFE,4,NZL,-0.19317345881528525
SSP370,Direct,AFE,4,OMN,-0.5809942026658351
SSP370,Direct,AFE,4,PAK,-0.47884852394192934
SSP370,Direct,AFE,4,PAN,-0.40769604527051817
SSP370,Direct,AFE,4,PER,-0.3685993840754409
SSP370,Direct,AFE,4,PHL,-0.41423633561105566
SSP370,Direct,AFE,4,PNG,-0.40645600806347815
SSP370,Direct,AFE,4,POL,-0.09258824396972531
SSP370,Direct,AFE,4,PRT,-0.28680106876534606
SSP370,Direct,AFE,4,PRY,-0.5021517187851664
SSP370,Direct,AFE,4,ROU,-0.18607213679132606
SSP370,Direct,AFE,4,RUS,0.06926999981212578
SSP370,Direct,AFE,4,RWA,-0.3582541019229072
SSP370,Direct,AFE,4,SAU,-0.6019823284445918
SSP370,Direct,AFE,4,SDN,-0.580832519255032
SSP370,Direct,AFE,4,SEN,-0.47355990067812925
SSP370,Direct,AFE,4,SLB,-0.4184261094663728
SSP370,Direct,AFE,4,SLE,-0.49203825913642185
SSP370,Direct,AFE,4,SRB,-0.1864435637519778
SSP370,Direct,AFE,4,SUR,-0.5329849843309966
SSP370,Direct,AFE,4,SVK,-0.12206686267924327
SSP370,Direct,AFE,4,SWE,0.006755434693491491
SSP370,Direct,AFE,4,SWZ,-0.3120163807384635
SSP370,Direct,AFE,4,TCD,-0.5400171435819471
SSP370,Direct,AFE,4,TGO,-0.5018957615027226
SSP370,Direct,AFE,4,THA,-0.4615224415581012
SSP370,Direct,AFE,4,TJK,-0.07919899240576622
SSP370,Direct,AFE,4,TKM,-0.38249842262619493
SSP370,Direct,AFE,4,TUN,-0.40918077023122434
SSP370,Direct,AFE,4,TUR,-0.27953283973356935
SSP370,Direct,AFE,4,TZA,-0.423223423472347
SSP370,Direct,AFE,4,UGA,-0.4029166900536616
SSP370,Direct,AFE,4,UKR,-0.16289005367502474
SSP370,Direct,AFE,4,URY,-0.23631928403130542
SSP370,Direct,AFE,4,USA,-0.26790064739348185
SSP370,Direct,AFE,4,UZB,-0.2620103607962566
SSP370,Direct,AFE,4,VNM,-0.41156763593803947
SSP370,Direct,AFE,4,YEM,-0.48680328582351673
SSP370,Direct,AFE,4,ZAF,-0.3615837043149174
SSP370,Direct,AFE,4,ZMB,-0.46974094494616125
SSP370,Direct,AFE,4,ZWE,-0.46680797861953205
SSP370,Direct,IFE,4,AFG,1.1843987765641546
SSP370,Direct,IFE,4,AGO,-0.49679301604263626
SSP370,Direct,IFE,4,ALB,0.2598252423019203
SSP370,Direct,IFE,4,ARE,-0.7150838961785708
SSP370,Direct,IFE,4,ARG,0.04772202728921515
SSP370,Direct,IFE,4,ARM,1.7300451220804476
SSP370,Direct,IFE,4,AUS,-0.04358748064458051
SSP370,Direct,IFE,4,AUT,1.225863223999994
SSP370,Direct,IFE,4,AZE,0.47702819734879176
SSP370,Direct,IFE,4,BDI,-0.25244361401093485
SSP370,Direct,IFE,4,BEL,0.7074958120224657
SSP370,Direct,IFE,4,BEN,-0.6172645181783019
SSP370,Direct,IFE,4,BFA,-0.7109448816201714
SSP370,Direct,IFE,4,BGD,-0.5692807326295184
SSP370,Direct,IFE,4,BGR,0.5160658055098233
SSP370,Direct,IFE,4,BHS,-0.5155278346161426
SSP370,Direct,IFE,4,BIH,0.6752423859446433
SSP370,Direct,IFE,4,BLR,1.9546557195820085
SSP370,Direct,IFE,4,BLZ,-0.5337380937101843
SSP370,Direct,IFE,4,BOL,-0.08800278161171526
SSP370,Direct,IFE,4,BRA,-0.4646104262418461
SSP370,Direct,IFE,4,BTN,0.9907507236764044
SSP370,Direct,IFE,4,BWA,-0.545601297436387
SSP370,Direct,IFE,4,CAF,-0.5719739851184733
SSP370,Direct,IFE,4,CAN,2.6415112405774583
SSP370,Direct,IFE,4,CHE,1.76501917632056
SSP370,Direct,IFE,4,CHL,0.5345561089616679
SSP370,Direct,IFE,4,CHN,0.48545203160934514
SSP370,Direct,IFE,4,CIV,-0.6000149830599895
SSP370,Direct,IFE,4,CMR,-0.547653323696984
SSP370,Direct,IFE,4,COD,-0.5388725635898517
SSP370,Direct,IFE,4,COG,-0.5410236623183475
SSP370,Direct,IFE,4,COL,-0.506761614599348
SSP370,Direct,IFE,4,CPV,-0.37950140881612393
SSP370,Direct,IFE,4,CRI,-0.5958654525214023
SSP370,Direct,IFE,4,CUB,-0.5694376312743674
SSP370,Direct,IFE,4,CZE,1.3008374630503265
SSP370,Direct,IFE,4,DEU,1.1406954333339456
SSP370,Direct,IFE,4,DNK,1.0138663404824348
SSP370,Direct,IFE,4,DOM,-0.5693396945257652
SSP370,Direct,IFE,4,DZA,-0.17307610154761366
SSP370,Direct,IFE,4,ECU,-0.3131926533754473
SSP370,Direct,IFE,4,EGY,-0.4662780735085724
SSP370,Direct,IFE,4,ESP,0.1247383606678687
SSP370,Direct,IFE,4,EST,2.599852472962672
SSP370,Direct,IFE,4,ETH,-0.3143541308362978
SSP370,Direct,IFE,4,FIN,4.551736789502926
SSP370,Direct,IFE,4,FJI,-0.37105998647419536
SSP370,Direct,IFE,4,FRA,0.5789767790870604
SSP370,Direct,IFE,4,GAB,-0.5291406141597514
SSP370,Direct,IFE,4,GBR,0.6962918051758271
SSP370,Direct,IFE,4,GEO,1.0975244884076139
SSP370,Direct,IFE,4,GHA,-0.5948946430871417
SSP370,Direct,IFE,4,GIN,-0.620951159557765
SSP370,Direct,IFE,4,GNB,-0.6175371261394492
SSP370,Direct,IFE,4,GNQ,-0.5657511533350963
SSP370,Direct,IFE,4,GRC,-0.015034032430292
SSP370,Direct,IFE,4,GTM,-0.5765391100496837
SSP370,Direct,IFE,4,GUY,-0.5594880585155411
SSP370,Direct,IFE,4,HND,-0.6025301231805171
SSP370,Direct,IFE,4,HRV,0.4923527720223948
SSP370,Direct,IFE,4,HTI,-0.604837523646967
SSP370,Direct,IFE,4,HUN,0.7096751659893032
SSP370,Direct,IFE,4,IDN,-0.5284632554951931
SSP370,Direct,IFE,4,IND,-0.5638635292230725
SSP370,Direct,IFE,4,IRL,0.613257006312546
SSP370,Direct,IFE,4,IRN,0.012978360084150653
SSP370,Direct,IFE,4,IRQ,-0.5395590168744611
SSP370,Direct,IFE,4,ISL,1.9581064480547075
SSP370,Direct,IFE,4,ISR,-0.21481208690275533
SSP370,Direct,IFE,4,ITA,0.2711239302866253
SSP370,Direct,IFE,4,JOR,-0.2725920675824477
SSP370,Direct,IFE,4,JPN,0.157220885671135
SSP370,Direct,IFE,4,KAZ,2.0331352378794585
SSP370,Direct,IFE,4,KEN,-0.3497979977663266
SSP370,Direct,IFE,4,KGZ,5.07891430407178
SSP370,Direct,IFE,4,KHM,-0.543088518917844
SSP370,Direct,IFE,4,KOR,0.49906691400538694
SSP370,Direct,IFE,4,KWT,-0.6415700114451088
SSP370,Direct,IFE,4,LAO,-0.3955602445847851
SSP370,Direct,IFE,4,LBN,-0.24554934866328404
SSP370,Direct,IFE,4,LBR,-0.5186813069620159
SSP370,Direct,IFE,4,LBY,-0.3796419994957393
SSP370,Direct,IFE,4,LKA,-0.5256067502242546
SSP370,Direct,IFE,4,LSO,0.40221775260098136
SSP370,Direct,IFE,4,LTU,1.799496280053357
SSP370,Direct,IFE,4,LVA,2.095524078316652
SSP370,Direct,IFE,4,MAR,-0.23862662550798674
SSP370,Direct,IFE,4,MDA,0.738580326684851
SSP370,Direct,IFE,4,MDG,-0.3461726696259827
SSP370,Direct,IFE,4,MEX,-0.2926609974214993
SSP370,Direct,IFE,4,MLI,-0.7846911582293739
SSP370,Direct,IFE,4,MMR,-0.4485871257779209
SSP370,Direct,IFE,4,MNE,0.8578485773393179
SSP370,Direct,IFE,4,MNG,8.374899938679135
SSP370,Direct,IFE,4,MOZ,-0.5142616003575973
SSP370,Direct,IFE,4,MRT,-0.6861190723009325
SSP370,Direct,IFE,4,MWI,-0.41594806468725554
SSP370,Direct,IFE,4,MYS,-0.515331390192268
SSP370,Direct,IFE,4,NAM,-0.5393753573334907
SSP370,Direct,IFE,4,NER,-0.6897015232940896
SSP370,Direct,IFE,4,NGA,-0.5932372541933849
SSP370,Direct,IFE,4,NIC,-0.6522975760939389
SSP370,Direct,IFE,4,NLD,0.5742101570159812
SSP370,Direct,IFE,4,NOR,2.6333686144477304
SSP370,Direct,IFE,4,NPL,0.22794593677254338
SSP370,Direct,IFE,4,NZL,0.24697050049915892
SSP370,Direct,IFE,4,OMN,-0.7170534325673399
SSP370,Direct,IFE,4,PAK,-0.39344221275028823
SSP370,Direct,IFE,4,PAN,-0.5137579260582176
SSP370,Direct,IFE,4,PER,-0.060467964425186205
SSP370,Direct,IFE,4,PHL,-0.5014529297925179
SSP370,Direct,IFE,4,PNG,-0.4163874144834734
SSP370,Direct,IFE,4,POL,1.2807662570468046
SSP370,Direct,IFE,4,PRT,0.051984780196704605
SSP370,Direct,IFE,4,PRY,-0.5315196986592878
SSP370,Direct,IFE,4,ROU,0.9440909438324698
SSP370,Direct,IFE,4,RUS,3.4362676537888825
SSP370,Direct,IFE,4,RWA,-0.24584939530469474
SSP370,Direct,IFE,4,SAU,-0.7154891508357593
SSP370,Direct,IFE,4,SDN,-0.7337508516228095
SSP370,Direct,IFE,4,SEN,-0.5792224820945906
SSP370,Direct,IFE,4,SLB,-0.5197073826121341
SSP370,Direct,IFE,4,SLE,-0.583853209426559
SSP370,Direct,IFE,4,SRB,0.6931829829506411
SSP370,Direct,IFE,4,SUR,-0.647661256145091
SSP370,Direct,IFE,4,SVK,1.1648143074496775
SSP370,Direct,IFE,4,SWE,1.8409802734357745
SSP370,Direct,IFE,4,SWZ,-0.14197444202828458
SSP370,Direct,IFE,4,TCD,-0.6787929395609367
SSP370,Direct,IFE,4,TGO,-0.6119157932234142
SSP370,Direct,IFE,4,THA,-0.543967839104998
SSP370,Direct,IFE,4,TJK,1.3341764603216761
SSP370,Direct,IFE,4,TKM,-0.05746329228729341
SSP370,Direct,IFE,4,TUN,-0.2570361135941406
SSP370,Direct,IFE,4,TUR,0.417696217699594
SSP370,Direct,IFE,4,TZA,-0.4308749163674239
SSP370,Direct,IFE,4,UGA,-0.38381186160286995
SSP370,Direct,IFE,4,UKR,1.0550901946184896
SSP370,Direct,IFE,4,URY,-0.024930862472456905
SSP370,Direct,IFE,4,USA,0.3315235276392592
SSP370,Direct,IFE,4,UZB,0.6391959782180596
SSP370,Direct,IFE,4,VNM,-0.452557636348464
SSP370,Direct,IFE,4,YEM,-0.5680363489520699
SSP370,Direct,IFE,4,ZAF,-0.1499206608628536
SSP370,Direct,IFE,4,ZMB,-0.45283514138968195
SSP370,Direct,IFE,4,ZWE,-0.43334636068141985
SSP370,Direct,AFE,5,AFG,-0.44857819771684015
SSP370,Direct,AFE,5,AGO,-0.32464280724934225
SSP370,Direct,AFE,5,ALB,-0.4027971621161057
SSP370,Direct,AFE,5,ARE,-0.2836509133774162
SSP370,Direct,AFE,5,ARG,-0.2938822762346781
SSP370,Direct,AFE,5,ARM,-0.43884987216378035
SSP370,Direct,AFE,5,AUS,-0.320158545775604
SSP370,Direct,AFE,5,AUT,-0.38710226220905475
SSP370,Direct,AFE,5,AZE,-0.3769544692474318
SSP370,Direct,AFE,5,BDI,-0.29492460726251046
SSP370,Direct,AFE,5,BEL,-0.32330952007291425
SSP370,Direct,AFE,5,BEN,-0.27356053812747994
SSP370,Direct,AFE,5,BFA,-0.27615696646037435
SSP370,Direct,AFE,5,BGD,-0.2848896217339545
SSP370,Direct,AFE,5,BGR,-0.4153009087133618
SSP370,Direct,AFE,5,BHS,-0.26936409688858565
SSP370,Direct,AFE,5,BIH,-0.3704773165932125
SSP370,Direct,AFE,5,BLR,-0.40447209529890793
SSP370,Direct,AFE,5,BLZ,-0.3023204081553289
SSP370,Direct,AFE,5,BOL,-0.38881606146328596
SSP370,Direct,AFE,5,BRA,-0.3046797015958419
SSP370,Direct,AFE,5,BTN,-0.3275411875625204
SSP370,Direct,AFE,5,BWA,-0.384497391664272
SSP370,Direct,AFE,5,CAF,-0.29980780691166153
SSP370,Direct,AFE,5,CAN,-0.45137101389361756
SSP370,Direct,AFE,5,CHE,-0.3946153060380365
SSP370,Direct,AFE,5,CHL,-0.3735520149095195
SSP370,Direct,AFE,5,CHN,-0.3603363361583013
SSP370,Direct,AFE,5,CIV,-0.29658685714771627
SSP370,Direct,AFE,5,CMR,-0.30221278251730055
SSP370,Direct,AFE,5,COD,-0.3150857929121845
SSP370,Direct,AFE,5,COG,-0.29738838985651406
SSP370,Direct,AFE,5,COL,-0.30274285276685164
SSP370,Direct,AFE,5,CPV,-0.22523354506854532
SSP370,Direct,AFE,5,CRI,-0.34754914958335514
SSP370,Direct,AFE,5,CUB,-0.28683010761794536
SSP370,Direct,AFE,5,CZE,-0.3767909545626089
SSP370,Direct,AFE,5,DEU,-0.3550779596035789
SSP370,Direct,AFE,5,DNK,-0.31881071934954286
SSP370,Direct,AFE,5,DOM,-0.32014154176924614
SSP370,Direct,AFE,5,DZA,-0.3892403772747478
SSP370,Direct,AFE,5,ECU,-0.27464998075060165
SSP370,Direct,AFE,5,EGY,-0.3397331163264039
SSP370,Direct,AFE,5,ESP,-0.3567505747630041
SSP370,Direct,AFE,5,EST,-0.40558193135848963
SSP370,Direct,AFE,5,ETH,-0.2615750383435518
SSP370,Direct,AFE,5,FIN,-0.4420728571060242
SSP370,Direct,AFE,5,FJI,-0.16797157001525942
SSP370,Direct,AFE,5,FRA,-0.3447969499106569
SSP370,Direct,AFE,5,GAB,-0.2799664589344121
SSP370,Direct,AFE,5,GBR,-0.2771476976211168
SSP370,Direct,AFE,5,GEO,-0.39618104639960783
SSP370,Direct,AFE,5,GHA,-0.2695585643983328
SSP370,Direct,AFE,5,GIN,-0.3285992564727961
SSP370,Direct,AFE,5,GNB,-0.29851402117668036
SSP370,Direct,AFE,5,GNQ,-0.24205799385327265
SSP370,Direct,AFE,5,GRC,-0.3835568333623496
SSP370,Direct,AFE,5,GTM,-0.41021772739130336
SSP370,Direct,AFE,5,GUY,-0.2796164987946691
SSP370,Direct,AFE,5,HND,-0.4086183573442955
SSP370,Direct,AFE,5,HRV,-0.3980225086977386
SSP370,Direct,AFE,5,HTI,-0.3294326434336202
SSP370,Direct,AFE,5,HUN,-0.3902487317650868
SSP370,Direct,AFE,5,IDN,-0.2277726461836902
SSP370,Direct,AFE,5,IND,-0.27600838343679435
SSP370,Direct,AFE,5,IRL,-0.25725879302151
SSP370,Direct,AFE,5,IRN,-0.3959505331670662
SSP370,Direct,AFE,5,IRQ,-0.39541261071843337
SSP370,Direct,AFE,5,ISL,-0.30255311523283224
SSP370,Direct,AFE,5,ISR,-0.29018851575195603
SSP370,Direct,AFE,5,ITA,-0.37322442725580496
SSP370,Direct,AFE,5,JOR,-0.3358199255484213
SSP370,Direct,AFE,5,JPN,-0.33116637965827755
SSP370,Direct,AFE,5,KAZ,-0.43966375317487516
SSP370,Direct,AFE,5,KEN,-0.22789653691861111
SSP370,Direct,AFE,5,KGZ,-0.4769931123193132
SSP370,Direct,AFE,5,KHM,-0.25780625042314376
SSP370,Direct,AFE,5,KOR,-0.34394270640141067
SSP370,Direct,AFE,5,KWT,-0.2923335241414501
SSP370,Direct,AFE,5,LAO,-0.27510988539257053
SSP370,Direct,AFE,5,LBN,-0.3186860296323024
SSP370,Direct,AFE,5,LBR,-0.2606968227588373
SSP370,Direct,AFE,5,LBY,-0.34170675885481794
SSP370,Direct,AFE,5,LKA,-0.212694047525549
SSP370,Direct,AFE,5,LSO,-0.3453880767418188
SSP370,Direct,AFE,5,LTU,-0.38759721107501444
SSP370,Direct,AFE,5,LVA,-0.3889245180574189
SSP370,Direct,AFE,5,MAR,-0.36301070002318825
SSP370,Direct,AFE,5,MDA,-0.40344266714908306
SSP370,Direct,AFE,5,MDG,-0.2825379792389283
SSP370,Direct,AFE,5,MEX,-0.3638181819197983
SSP370,Direct,AFE,5,MLI,-0.3480056462736284
SSP370,Direct,AFE,5,MMR,-0.28061306522249807
SSP370,Direct,AFE,5,MNE,-0.42243996220666336
SSP370,Direct,AFE,5,MNG,-0.4916716588670621
SSP370,Direct,AFE,5,MOZ,-0.3003284017587001
SSP370,Direct,AFE,5,MRT,-0.2948801430661949
SSP370,Direct,AFE,5,MWI,-0.2787070471185332
SSP370,Direct,AFE,5,MYS,-0.25790540543753315
SSP370,Direct,AFE,5,NAM,-0.382374719069024
SSP370,Direct,AFE,5,NER,-0.25838084032385145
SSP370,Direct,AFE,5,NGA,-0.27641580477479155
SSP370,Direct,AFE,5,NIC,-0.3905673974168985
SSP370,Direct,AFE,5,NLD,-0.255848047193598
SSP370,Direct,AFE,5,NOR,-0.3591575241539433
SSP370,Direct,AFE,5,NPL,-0.33043048464986957
SSP370,Direct,AFE,5,NZL,-0.27816374637540353
SSP370,Direct,AFE,5,OMN,-0.3044018488340464
SSP370,Direct,AFE,5,PAK,-0.3691220828480767
SSP370,Direct,AFE,5,PAN,-0.22813673345457652
SSP370,Direct,AFE,5,PER,-0.36405640951149
SSP370,Direct,AFE,5,PHL,-0.22828645354183974
SSP370,Direct,AFE,5,PNG,-0.280577091773066
SSP370,Direct,AFE,5,POL,-0.3704045239442544
SSP370,Direct,AFE,5,PRT,-0.33064895069064115
SSP370,Direct,AFE,5,PRY,-0.3341729452571085
SSP370,Direct,AFE,5,ROU,-0.40560078672779
SSP370,Direct,AFE,5,RUS,-0.4452055908745104
SSP370,Direct,AFE,5,RWA,-0.2858062772269172
SSP370,Direct,AFE,5,SAU,-0.3404089108503372
SSP370,Direct,AFE,5,SDN,-0.27166639959290084
SSP370,Direct,AFE,5,SEN,-0.26870763734447334
SSP370,Direct,AFE,5,SLB,-0.22440610094873492
SSP370,Direct,AFE,5,SLE,-0.28952695053214106
SSP370,Direct,AFE,5,SRB,-0.37246070021011424
SSP370,Direct,AFE,5,SUR,-0.3088604583900597
SSP370,Direct,AFE,5,SVK,-0.3804119200376568
SSP370,Direct,AFE,5,SWE,-0.35867549660748665
SSP370,Direct,AFE,5,SWZ,-0.28153052618628593
SSP370,Direct,AFE,5,TCD,-0.25518244002262225
SSP370,Direct,AFE,5,TGO,-0.2780993724721724
SSP370,Direct,AFE,5,THA,-0.2626170083820507
SSP370,Direct,AFE,5,TJK,-0.3716788705434343
SSP370,Direct,AFE,5,TKM,-0.38395449651313507
SSP370,Direct,AFE,5,TUN,-0.3560523548885598
SSP370,Direct,AFE,5,TUR,-0.407290028623959
SSP370,Direct,AFE,5,TZA,-0.2686213234770979
SSP370,Direct,AFE,5,UGA,-0.25997867920869866
SSP370,Direct,AFE,5,UKR,-0.399228765825551
SSP370,Direct,AFE,5,URY,-0.22459812412045976
SSP370,Direct,AFE,5,USA,-0.36273572890317285
SSP370,Direct,AFE,5,UZB,-0.41737989863722214
SSP370,Direct,AFE,5,VNM,-0.250216631769166
SSP370,Direct,AFE,5,YEM,-0.26866932110479136
SSP370,Direct,AFE,5,ZAF,-0.3371083545392547
SSP370,Direct,AFE,5,ZMB,-0.3303155057704581
SSP370,Direct,AFE,5,ZWE,-0.33833564398762817
SSP370,Direct,IFE,5,AFG,-0.20560911924711855
SSP370,Direct,IFE,5,AGO,-0.6222077244896702
SSP370,Direct,IFE,5,ALB,-0.3800512543805191
SSP370,Direct,IFE,5,ARE,-0.7277683587209444
SSP370,Direct,IFE,5,ARG,-0.3454356881796101
SSP370,Direct,IFE,5,ARM,-0.03655569567155026
SSP370,Direct,IFE,5,AUS,-0.4030051463269668
SSP370,Direct,IFE,5,AUT,-0.07265172750037718
SSP370,Direct,IFE,5,AZE,-0.29365958743713305
SSP370,Direct,IFE,5,BDI,-0.4775753784571316
SSP370,Direct,IFE,5,BEL,-0.13473795163637992
SSP370,Direct,IFE,5,BEN,-0.6573217459767804
SSP370,Direct,IFE,5,BFA,-0.7293259061997374
SSP370,Direct,IFE,5,BGD,-0.6473616059863301
SSP370,Direct,IFE,5,BGR,-0.31362555837115136
SSP370,Direct,IFE,5,BHS,-0.5686139824717933
SSP370,Direct,IFE,5,BIH,-0.19259491606629597
SSP370,Direct,IFE,5,BLR,0.06583231030441672
SSP370,Direct,IFE,5,BLZ,-0.6077406198910547
SSP370,Direct,IFE,5,BOL,-0.5005406436330833
SSP370,Direct,IFE,5,BRA,-0.5875264709796097
SSP370,Direct,IFE,5,BTN,-0.03564578892266079
SSP370,Direct,IFE,5,BWA,-0.6843240250426619
SSP370,Direct,IFE,5,CAF,-0.6550878120821616
SSP370,Direct,IFE,5,CAN,0.11952852782513901
SSP370,Direct,IFE,5,CHE,0.06303744093697894
SSP370,Direct,IFE,5,CHL,-0.218098869938963
SSP370,Direct,IFE,5,CHN,-0.28596028685594854
SSP370,Direct,IFE,5,CIV,-0.6557675319544929
SSP370,Direct,IFE,5,CMR,-0.635624519961373
SSP370,Direct,IFE,5,COD,-0.6413085403999643
SSP370,Direct,IFE,5,COG,-0.630796490150496
SSP370,Direct,IFE,5,COL,-0.6185093677074447
SSP370,Direct,IFE,5,CPV,-0.47531164513581103
SSP370,Direct,IFE,5,CRI,-0.6457080758794758
SSP370,Direct,IFE,5,CUB,-0.6210282653384369
SSP370,Direct,IFE,5,CZE,-0.041590984151383625
SSP370,Direct,IFE,5,DEU,-0.051933253899193565
SSP370,Direct,IFE,5,DNK,-0.03404625515801685
SSP370,Direct,IFE,5,DOM,-0.6148200546946732
SSP370,Direct,IFE,5,DZA,-0.5172848257551446
SSP370,Direct,IFE,5,ECU,-0.49802699218060553
SSP370,Direct,IFE,5,EGY,-0.6202198979511195
SSP370,Direct,IFE,5,ESP,-0.3686022949377543
SSP370,Direct,IFE,5,EST,0.2058696430244158
SSP370,Direct,IFE,5,ETH,-0.5070203832254168
SSP370,Direct,IFE,5,FIN,0.5101451534522414
SSP370,Direct,IFE,5,FJI,-0.4354030020462504
SSP370,Direct,IFE,5,FRA,-0.20582065232245217
SSP370,Direct,IFE,5,GAB,-0.613420535749738
SSP370,Direct,IFE,5,GBR,-0.07381428333994933
SSP370,Direct,IFE,5,GEO,-0.12695079900098905
SSP370,Direct,IFE,5,GHA,-0.636206506841571
SSP370,Direct,IFE,5,GIN,-0.6843864156317399
SSP370,Direct,IFE,5,GNB,-0.6491964206821117
SSP370,Direct,IFE,5,GNQ,-0.6194755580398055
SSP370,Direct,IFE,5,GRC,-0.4508633140867754
SSP370,Direct,IFE,5,GTM,-0.6870583665353407
SSP370,Direct,IFE,5,GUY,-0.6063581642903844
SSP370,Direct,IFE,5,HND,-0.6813412485722959
SSP370,Direct,IFE,5,HRV,-0.3024325591795438
SSP370,Direct,IFE,5,HTI,-0.6455276622257746
SSP370,Direct,IFE,5,HUN,-0.23512074110849857
SSP370,Direct,IFE,5,IDN,-0.5751376497995232
SSP370,Direct,IFE,5,IND,-0.6455251564037021
SSP370,Direct,IFE,5,IRL,-0.06624941838802145
SSP370,Direct,IFE,5,IRN,-0.4749131575448887
SSP370,Direct,IFE,5,IRQ,-0.6928969456985291
SSP370,Direct,IFE,5,ISL,0.325216535533692
SSP370,Direct,IFE,5,ISR,-0.4406297863293449
SSP370,Direct,IFE,5,ITA,-0.34426930646551823
SSP370,Direct,IFE,5,JOR,-0.520307463451974
SSP370,Direct,IFE,5,JPN,-0.3423422265385646
SSP370,Direct,IFE,5,KAZ,0.012102808320277214
SSP370,Direct,IFE,5,KEN,-0.497790276074519
SSP370,Direct,IFE,5,KGZ,0.5198499524667421
SSP370,Direct,IFE,5,KHM,-0.6054590785919769
SSP370,Direct,IFE,5,KOR,-0.25931612246580804
SSP370,Direct,IFE,5,KWT,-0.6875344487245703
SSP370,Direct,IFE,5,LAO,-0.541306585716349
SSP370,Direct,IFE,5,LBN,-0.48059325765360883
SSP370,Direct,IFE,5,LBR,-0.5922268078195849
SSP370,Direct,IFE,5,LBY,-0.5756492806687384
SSP370,Direct,IFE,5,LKA,-0.5774488890376561
SSP370,Direct,IFE,5,LSO,-0.27176933485281585
SSP370,Direct,IFE,5,LTU,0.06024649667903814
SSP370,Direct,IFE,5,LVA,0.1256807955082626
SSP370,Direct,IFE,5,MAR,-0.5236871216063859
SSP370,Direct,IFE,5,MDA,-0.2439340900946524
SSP370,Direct,IFE,5,MDG,-0.5095368878011244
SSP370,Direct,IFE,5,MEX,-0.5353899570150285
SSP370,Direct,IFE,5,MLI,-0.7958584327106073
SSP370,Direct,IFE,5,MMR,-0.5737266212160312
SSP370,Direct,IFE,5,MNE,-0.22765160833462583
SSP370,Direct,IFE,5,MNG,0.9717594265455871
SSP370,Direct,IFE,5,MOZ,-0.6165703675149524
SSP370,Direct,IFE,5,MRT,-0.7106431432231874
SSP370,Direct,IFE,5,MWI,-0.5530925041332598
SSP370,Direct,IFE,5,MYS,-0.583057152248555
SSP370,Direct,IFE,5,NAM,-0.6773956547897177
SSP370,Direct,IFE,5,NER,-0.712428599056047
SSP370,Direct,IFE,5,NGA,-0.6518850381756289
SSP370,Direct,IFE,5,NIC,-0.6994527918727593
SSP370,Direct,IFE,5,NLD,-0.07428024719831716
SSP370,Direct,IFE,5,NOR,0.3404272598429001
SSP370,Direct,IFE,5,NPL,-0.34275960453575416
SSP370,Direct,IFE,5,NZL,-0.236000291216249
SSP370,Direct,IFE,5,OMN,-0.739546869961477
SSP370,Direct,IFE,5,PAK,-0.6173972469090834
SSP370,Direct,IFE,5,PAN,-0.5585720140927071
SSP370,Direct,IFE,5,PER,-0.4573600088766814
SSP370,Direct,IFE,5,PHL,-0.5576108549564824
SSP370,Direct,IFE,5,PNG,-0.525633184401364
SSP370,Direct,IFE,5,POL,-0.042132770796727614
SSP370,Direct,IFE,5,PRT,-0.361799323689584
SSP370,Direct,IFE,5,PRY,-0.6488901721052518
SSP370,Direct,IFE,5,ROU,-0.18501698228948738
SSP370,Direct,IFE,5,RUS,0.29455295598179476
SSP370,Direct,IFE,5,RWA,-0.4722057077608043
SSP370,Direct,IFE,5,SAU,-0.7578847105420949
SSP370,Direct,IFE,5,SDN,-0.7440495487966701
SSP370,Direct,IFE,5,SEN,-0.6221649838894423
SSP370,Direct,IFE,5,SLB,-0.5587869374122523
SSP370,Direct,IFE,5,SLE,-0.6461966900900427
SSP370,Direct,IFE,5,SRB,-0.19524464859177038
SSP370,Direct,IFE,5,SUR,-0.6858095954677332
SSP370,Direct,IFE,5,SVK,-0.08824983929800911
SSP370,Direct,IFE,5,SWE,0.1294384184776256
SSP370,Direct,IFE,5,SWZ,-0.41194893452778236
SSP370,Direct,IFE,5,TCD,-0.7028738023923335
SSP370,Direct,IFE,5,TGO,-0.6562204825211697
SSP370,Direct,IFE,5,THA,-0.6102182433903761
SSP370,Direct,IFE,5,TJK,-0.017003022933105183
SSP370,Direct,IFE,5,TKM,-0.48906208226727144
SSP370,Direct,IFE,5,TUN,-0.5278940446829432
SSP370,Direct,IFE,5,TUR,-0.33041415400522844
SSP370,Direct,IFE,5,TZA,-0.5631456328163282
SSP370,Direct,IFE,5,UGA,-0.5357242021419774
SSP370,Direct,IFE,5,UKR,-0.1501242672001002
SSP370,Direct,IFE,5,URY,-0.3174330651803695
SSP370,Direct,IFE,5,USA,-0.3289078165656405
SSP370,Direct,IFE,5,UZB,-0.30486817044004677
SSP370,Direct,IFE,5,VNM,-0.550544213025422
SSP370,Direct,IFE,5,YEM,-0.6423105103758973
SSP370,Direct,IFE,5,ZAF,-0.46899901830170143
SSP370,Direct,IFE,5,ZMB,-0.6108668741865007
SSP370,Direct,IFE,5,ZWE,-0.6062794273142635
SSP370,Interactive,AFE,0,AFG,0.09605688979825522
SSP370,Interactive,AFE,0,AGO,-0.7328035564431826
SSP370,Interactive,AFE,0,ALB,-0.36612621409803714
SSP370,Interactive,AFE,0,ARE,-0.944418942031025
SSP370,Interactive,AFE,0,ARG,-0.3751627483374972
SSP370,Interactive,AFE,0,ARM,0.5763090557846984
SSP370,Interactive,AFE,0,AUS,-0.48214546394399416
SSP370,Interactive,AFE,0,AUT,0.4142959805955666
SSP370,Interactive,AFE,0,AZE,-0.23428261186298405
SSP370,Interactive,AFE,0,BDI,-0.39819936493983166
SSP370,Interactive,AFE,0,BEL,0.09880848911714013
SSP370,Interactive,AFE,0,BEN,-0.8050389398358468
SSP370,Interactive,AFE,0,BFA,-0.8755438124781999
SSP370,Interactive,AFE,0,BGD,-0.7632716429534495
SSP370,Interactive,AFE,0,BGR,-0.22516881396630561
SSP370,Interactive,AFE,0,BHS,-0.7651537002184714
SSP370,Interactive,AFE,0,BIH,0.0778100774554451
SSP370,Interactive,AFE,0,BLR,0.7692210664430958
SSP370,Interactive,AFE,0,BLZ,-0.7987708048233566
SSP370,Interactive,AFE,0,BOL,-0.16163584778259643
SSP370,Interactive,AFE,0,BRA,-0.7048775690732073
SSP370,Interactive,AFE,0,BTN,0.7949449830027151
SSP370,Interactive,AFE,0,BWA,-0.8433007377491316
SSP370,Interactive,AFE,0,CAF,-0.7633123750524902
SSP370,Interactive,AFE,0,CAN,1.139345756904361
SSP370,Interactive,AFE,0,CHE,1.233115504216296
SSP370,Interactive,AFE,0,CHL,0.006054749182890173
SSP370,Interactive,AFE,0,CHN,-0.15987145686016124
SSP370,Interactive,AFE,0,CIV,-0.7962886088961949
SSP370,Interactive,AFE,0,CMR,-0.788190721306841
SSP370,Interactive,AFE,0,COD,-0.7462345924237023
SSP370,Interactive,AFE,0,COG,-0.7487264664927737
SSP370,Interactive,AFE,0,COL,-0.7354100918288704
SSP370,Interactive,AFE,0,CPV,-0.7386641915791886
SSP370,Interactive,AFE,0,CRI,-0.8520899159971767
SSP370,Interactive,AFE,0,CUB,-0.807586381859396
SSP370,Interactive,AFE,0,CZE,0.41155546038678636
SSP370,Interactive,AFE,0,DEU,0.3451524469361198
SSP370,Interactive,AFE,0,DNK,0.29850341243802525
SSP370,Interactive,AFE,0,DOM,-0.8640509704385986
SSP370,Interactive,AFE,0,DZA,-0.67747766576982
SSP370,Interactive,AFE,0,ECU,-0.6678517968542459
SSP370,Interactive,AFE,0,EGY,-0.8560792544005832
SSP370,Interactive,AFE,0,ESP,-0.4068080876589205
SSP370,Interactive,AFE,0,EST,1.2345489560662797
SSP370,Interactive,AFE,0,ETH,-0.5431674857026093
SSP370,Interactive,AFE,0,FIN,2.684409498078469
SSP370,Interactive,AFE,0,FJI,-0.5344691162770718
SSP370,Interactive,AFE,0,FRA,-0.024848177878744604
SSP370,Interactive,AFE,0,GAB,-0.7748642879877989
SSP370,Interactive,AFE,0,GBR,0.14534274824495785
SSP370,Interactive,AFE,0,GEO,0.23255321855113165
SSP370,Interactive,AFE,0,GHA,-0.7886472140855885
SSP370,Interactive,AFE,0,GIN,-0.8223460655315963
SSP370,Interactive,AFE,0,GNB,-0.883183726237134
SSP370,Interactive,AFE,0,GNQ,-0.8798827991746068
SSP370,Interactive,AFE,0,GRC,-0.5509371145537147
SSP370,Interactive,AFE,0,GTM,-0.8370216046340239
SSP370,Interactive,AFE,0,GUY,-0.7984176625030639
SSP370,Interactive,AFE,0,HND,-0.8776421378922967
SSP370,Interactive,AFE,0,HRV,-0.2098777728953397
SSP370,Interactive,AFE,0,HTI,-0.882677528487308
SSP370,Interactive,AFE,0,HUN,-0.07639256533586447
SSP370,Interactive,AFE,0,IDN,-0.755443713723831
SSP370,Interactive,AFE,0,IND,-0.770407441507549
SSP370,Interactive,AFE,0,IRL,0.1782386531414677
SSP370,Interactive,AFE,0,IRN,-0.5914181192720117
SSP370,Interactive,AFE,0,IRQ,-0.8967088228321628
SSP370,Interactive,AFE,0,ISL,1.3302394264192627
SSP370,Interactive,AFE,0,ISR,-0.6302589184969702
SSP370,Interactive,AFE,0,ITA,-0.3332632141797889
SSP370,Interactive,AFE,0,JOR,-0.730228121081419
SSP370,Interactive,AFE,0,JPN,0.034113054875865245
SSP370,Interactive,AFE,0,KAZ,0.8419714556766182
SSP370,Interactive,AFE,0,KEN,-0.5670100019789422
SSP370,Interactive,AFE,0,KGZ,3.094648675717381
SSP370,Interactive,AFE,0,KHM,-0.7504341564597105
SSP370,Interactive,AFE,0,KOR,-0.10902232520620825
SSP370,Interactive,AFE,0,KWT,-0.9109781985977407
SSP370,Interactive,AFE,0,LAO,-0.6006182415136447
SSP370,Interactive,AFE,0,LBN,-0.6611988971542508
SSP370,Interactive,AFE,0,LBR,-0.7452666781298902
SSP370,Interactive,AFE,0,LBY,-0.8042026284155418
SSP370,Interactive,AFE,0,LKA,-0.6950161591476542
SSP370,Interactive,AFE,0,LSO,-0.02598851113285705
SSP370,Interactive,AFE,0,LTU,0.7002221156384631
SSP370,Interactive,AFE,0,LVA,0.8797590019957551
SSP370,Interactive,AFE,0,MAR,-0.7127271869981211
SSP370,Interactive,AFE,0,MDA,-0.08084781609581548
SSP370,Interactive,AFE,0,MDG,-0.5810287834616621
SSP370,Interactive,AFE,0,MEX,-0.5808057879019983
SSP370,Interactive,AFE,0,MLI,-0.9504015901595668
SSP370,Interactive,AFE,0,MMR,-0.6494381017212076
SSP370,Interactive,AFE,0,MNE,0.0715735701626512
SSP370,Interactive,AFE,0,MNG,8.239857364679185
SSP370,Interactive,AFE,0,MOZ,-0.7512176772596266
SSP370,Interactive,AFE,0,MRT,-0.938653257263189
SSP370,Interactive,AFE,0,MWI,-0.666294433906528
SSP370,Interactive,AFE,0,MYS,-0.817819033303558
SSP370,Interactive,AFE,0,NAM,-0.8594430902939785
SSP370,Interactive,AFE,0,NER,-0.8795772192776337
SSP370,Interactive,AFE,0,NGA,-0.7717787798064016
SSP370,Interactive,AFE,0,NIC,-0.91098339066643
SSP370,Interactive,AFE,0,NLD,0.13163856625576686
SSP370,Interactive,AFE,0,NOR,1.2332085392238485
SSP370,Interactive,AFE,0,NPL,-0.2702888850997107
SSP370,Interactive,AFE,0,NZL,-0.11781342743915224
SSP370,Interactive,AFE,0,OMN,-0.9466650443857074
SSP370,Interactive,AFE,0,PAK,-0.8108160143407053
SSP370,Interactive,AFE,0,PAN,-0.7153290131156487
SSP370,Interactive,AFE,0,PER,-0.1040986820303682
SSP370,Interactive,AFE,0,PHL,-0.7389910477026685
SSP370,Interactive,AFE,0,PNG,-0.7769192839519969
SSP370,Interactive,AFE,0,POL,0.38092450233120534
SSP370,Interactive,AFE,0,PRT,-0.39019566573183995
SSP370,Interactive,AFE,0,PRY,-0.7740857414006983
SSP370,Interactive,AFE,0,ROU,0.07895119231402936
SSP370,Interactive,AFE,0,RUS,1.8381685877382337
SSP370,Interactive,AFE,0,RWA,-0.4342538150396501
SSP370,Interactive,AFE,0,SAU,-0.9499221606272019
SSP370,Interactive,AFE,0,SDN,-0.9164617932034623
SSP370,Interactive,AFE,0,SEN,-0.8829943589808158
SSP370,Interactive,AFE,0,SLB,-0.8824540085595063
SSP370,Interactive,AFE,0,SLE,-0.7889261791185395
SSP370,Interactive,AFE,0,SRB,0.006349286762303619
SSP370,Interactive,AFE,0,SUR,-0.869209329897034
SSP370,Interactive,AFE,0,SVK,0.28512391056170094
SSP370,Interactive,AFE,0,SWE,0.831737432679075
SSP370,Interactive,AFE,0,SWZ,-0.4523192644145807
SSP370,Interactive,AFE,0,TCD,-0.8379863317072804
SSP370,Interactive,AFE,0,TGO,-0.7952028377809981
SSP370,Interactive,AFE,0,THA,-0.7352405837845695
SSP370,Interactive,AFE,0,TJK,0.46752479546462467
SSP370,Interactive,AFE,0,TKM,-0.6373530968426526
SSP370,Interactive,AFE,0,TUN,-0.722744105317841
SSP370,Interactive,AFE,0,TUR,-0.26642801284565476
SSP370,Interactive,AFE,0,TZA,-0.6454633121777934
SSP370,Interactive,AFE,0,UGA,-0.5724798338754611
SSP370,Interactive,AFE,0,UKR,0.15518655904300305
SSP370,Interactive,AFE,0,URY,-0.3489532311418393
SSP370,Interactive,AFE,0,USA,-0.24190886519497834
SSP370,Interactive,AFE,0,UZB,-0.20789627707434288
SSP370,Interactive,AFE,0,VNM,-0.648484179013859
SSP370,Interactive,AFE,0,YEM,-0.8190543492864354
SSP370,Interactive,AFE,0,ZAF,-0.5301635419817995
SSP370,Interactive,AFE,0,ZMB,-0.700372269089936
SSP370,Interactive,AFE,0,ZWE,-0.7207753421054724
SSP370,Interactive,IFE,0,AFG,-0.06750943276836197
SSP370,Interactive,IFE,0,AGO,-0.6380612465242197
SSP370,Interactive,IFE,0,ALB,-0.3670084652902468
SSP370,Interactive,IFE,0,ARE,-0.9171580028451156
SSP370,Interactive,IFE,0,ARG,-0.3595761546503683
SSP370,Interactive,IFE,0,ARM,0.25427427571772654
SSP370,Interactive,IFE,0,AUS,-0.44808712919811067
SSP370,Interactive,IFE,0,AUT,0.14796503312445553
SSP370,Interactive,IFE,0,AZE,-0.2801484995782596
SSP370,Interactive,IFE,0,BDI,-0.2969784932849322
SSP370,Interactive,IFE,0,BEL,-0.033263069328766326
SSP370,Interactive,IFE,0,BEN,-0.7152589512676255
SSP370,Interactive,IFE,0,BFA,-0.8090832985548051
SSP370,Interactive,IFE,0,BGD,-0.6663436315586972
SSP370,Interactive,IFE,0,BGR,-0.2648472964899946
SSP370,Interactive,IFE,0,BHS,-0.6889974724585397
SSP370,Interactive,IFE,0,BIH,-0.03521870130413385
SSP370,Interactive,IFE,0,BLR,0.35357220488277963
SSP370,Interactive,IFE,0,BLZ,-0.7307390929469054
SSP370,Interactive,IFE,0,BOL,-0.13089009624919057
SSP370,Interactive,IFE,0,BRA,-0.6108596187924988
SSP370,Interactive,IFE,0,BTN,0.3236144394499594
SSP370,Interactive,IFE,0,BWA,-0.7876026461456318
SSP370,Interactive,IFE,0,CAF,-0.6323570612667168
SSP370,Interactive,IFE,0,CAN,0.49724223558781633
SSP370,Interactive,IFE,0,CHE,0.5704806735117303
SSP370,Interactive,IFE,0,CHL,-0.05988538769287777
SSP370,Interactive,IFE,0,CHN,-0.23328822077855604
SSP370,Interactive,IFE,0,CIV,-0.692642618312534
SSP370,Interactive,IFE,0,CMR,-0.6417534376070878
SSP370,Interactive,IFE,0,COD,-0.6172290292832828
SSP370,Interactive,IFE,0,COG,-0.6138125591738155
SSP370,Interactive,IFE,0,COL,-0.5873446973768179
SSP370,Interactive,IFE,0,CPV,-0.6922434608817105
SSP370,Interactive,IFE,0,CRI,-0.7879235541713583
SSP370,Interactive,IFE,0,CUB,-0.7360520167005835
SSP370,Interactive,IFE,0,CZE,0.14825729159089018
SSP370,Interactive,IFE,0,DEU,0.1080225409412452
SSP370,Interactive,IFE,0,DNK,0.09373185878489099
SSP370,Interactive,IFE,0,DOM,-0.8152086538307061
SSP370,Interactive,IFE,0,DZA,-0.6364842745440452
SSP370,Interactive,IFE,0,ECU,-0.49816149285199074
SSP370,Interactive,IFE,0,EGY,-0.8207331021545651
SSP370,Interactive,IFE,0,ESP,-0.39120105094357627
SSP370,Interactive,IFE,0,EST,0.6219715324843855
SSP370,Interactive,IFE,0,ETH,-0.4645151519433419
SSP370,Interactive,IFE,0,FIN,1.3924503968031652
SSP370,Interactive,IFE,0,FJI,-0.42196014767338486
SSP370,Interactive,IFE,0,FRA,-0.11562557366699455
SSP370,Interactive,IFE,0,GAB,-0.6266217198835307
SSP370,Interactive,IFE,0,GBR,0.004128787552775126
SSP370,Interactive,IFE,0,GEO,0.03835412435029606
SSP370,Interactive,IFE,0,GHA,-0.6935969691179857
SSP370,Interactive,IFE,0,GIN,-0.7277773179979834
SSP370,Interactive,IFE,0,GNB,-0.8376909965581653
SSP370,Interactive,IFE,0,GNQ,-0.7501794974234377
SSP370,Interactive,IFE,0,GRC,-0.5178304992694658
SSP370,Interactive,IFE,0,GTM,-0.7559847645871485
SSP370,Interactive,IFE,0,GUY,-0.7252095918718229
SSP370,Interactive,IFE,0,HND,-0.8185248317030249
SSP370,Interactive,IFE,0,HRV,-0.25304367438629616
SSP370,Interactive,IFE,0,HTI,-0.8363469168796293
SSP370,Interactive,IFE,0,HUN,-0.1650193428664819
SSP370,Interactive,IFE,0,IDN,-0.6130944260201121
SSP370,Interactive,IFE,0,IND,-0.6875654244883562
SSP370,Interactive,IFE,0,IRL,0.03285640342142537
SSP370,Interactive,IFE,0,IRN,-0.5706191615004845
SSP370,Interactive,IFE,0,IRQ,-0.8639141108634151
SSP370,Interactive,IFE,0,ISL,0.6908061069352389
SSP370,Interactive,IFE,0,ISR,-0.5864963146066478
SSP370,Interactive,IFE,0,ITA,-0.34124809776173615
SSP370,Interactive,IFE,0,JOR,-0.6917415681924135
SSP370,Interactive,IFE,0,JPN,-0.03427498958521025
SSP370,Interactive,IFE,0,KAZ,0.421985448903917
SSP370,Interactive,IFE,0,KEN,-0.4874151727605325
SSP370,Interactive,IFE,0,KGZ,1.6034701799193818
SSP370,Interactive,IFE,0,KHM,-0.6105423607382376
SSP370,Interactive,IFE,0,KOR,-0.19625896351992045
SSP370,Interactive,IFE,0,KWT,-0.8761304531437959
SSP370,Interactive,IFE,0,LAO,-0.48963062933091783
SSP370,Interactive,IFE,0,LBN,-0.6130265882951218
SSP370,Interactive,IFE,0,LBR,-0.60214176547752285
SSP370,Interactive,IFE,0,LBY,-0.7657842721353141
SSP370,Interactive,IFE,0,LKA,-0.5433941751022469
SSP370,Interactive,IFE,0,LSO,-0.11212642991044497
SSP370,Interactive,IFE,0,LTU,0.31687835724478997
SSP370,Interactive,IFE,0,LVA,0.41469650538402414
SSP370,Interactive,IFE,0,MAR,-0.6721981820871331
SSP370,Interactive,IFE,0,MDA,-0.16911130641130578
SSP370,Interactive,IFE,0,MDG,-0.48477731149156056
SSP370,Interactive,IFE,0,MEX,-0.4887598243197413
SSP370,Interactive,IFE,0,MLI,-0.9173878406390192
SSP370,Interactive,IFE,0,MMR,-0.5281853533573933
SSP370,Interactive,IFE,0,MNE,-0.06416592702128476
SSP370,Interactive,IFE,0,MNG,4.2648950976059306
SSP370,Interactive,IFE,0,MOZ,-0.6674959311846133
SSP370,Interactive,IFE,0,MRT,-0.9107762696645394
SSP370,Interactive,IFE,0,MWI,-0.5836342092969276
SSP370,Interactive,IFE,0,MYS,-0.67309309964745
SSP370,Interactive,IFE,0,NAM,-0.8120883498949032
SSP370,Interactive,IFE,0,NER,-0.8248635608622256
SSP370,Interactive,IFE,0,NGA,-0.6531573401623572
SSP370,Interactive,IFE,0,NIC,-0.8675413631192286
SSP370,Interactive,IFE,0,NLD,0.01422616611984906
SSP370,Interactive,IFE,0,NOR,0.5786832999444527
SSP370,Interactive,IFE,0,NPL,-0.3013200338650548
SSP370,Interactive,IFE,0,NZL,-0.15565043653513233
SSP370,Interactive,IFE,0,OMN,-0.9201454585243569
SSP370,Interactive,IFE,0,PAK,-0.7717836570609184
SSP370,Interactive,IFE,0,PAN,-0.5962651653049489
SSP370,Interactive,IFE,0,PER,-0.11128135271638462
SSP370,Interactive,IFE,0,PHL,-0.5916427133915472
SSP370,Interactive,IFE,0,PNG,-0.6286346969421871
SSP370,Interactive,IFE,0,POL,0.13178189963590548
SSP370,Interactive,IFE,0,PRT,-0.36389627471712327
SSP370,Interactive,IFE,0,PRY,-0.6912848159637439
SSP370,Interactive,IFE,0,ROU,-0.05931969578326901
SSP370,Interactive,IFE,0,RUS,0.9615549102969676
SSP370,Interactive,IFE,0,RWA,-0.3469646429080542
SSP370,Interactive,IFE,0,SAU,-0.9248474888817857
SSP370,Interactive,IFE,0,SDN,-0.8730911576551569
SSP370,Interactive,IFE,0,SEN,-0.8442251825934777
SSP370,Interactive,IFE,0,SLB,-0.7597756534858319
SSP370,Interactive,IFE,0,SLE,-0.6621917621617694
SSP370,Interactive,IFE,0,SRB,-0.08804202246784365
SSP370,Interactive,IFE,0,SUR,-0.8104940384879737
SSP370,Interactive,IFE,0,SVK,0.07242045027795507
SSP370,Interactive,IFE,0,SWE,0.41066509139856233
SSP370,Interactive,IFE,0,SWZ,-0.4008632689755035
SSP370,Interactive,IFE,0,TCD,-0.7581707875262322
SSP370,Interactive,IFE,0,TGO,-0.6854928654873501
SSP370,Interactive,IFE,0,THA,-0.6086430194557728
SSP370,Interactive,IFE,0,TJK,0.19922713591462804
SSP370,Interactive,IFE,0,TKM,-0.6139706112929545
SSP370,Interactive,IFE,0,TUN,-0.6824449488024726
SSP370,Interactive,IFE,0,TUR,-0.29073484445623854
SSP370,Interactive,IFE,0,TZA,-0.5493401556563386
SSP370,Interactive,IFE,0,UGA,-0.46368695214102096
SSP370,Interactive,IFE,0,UKR,-0.010052787675368768
SSP370,Interactive,IFE,0,URY,-0.3314807767178195
SSP370,Interactive,IFE,0,USA,-0.2784297946321461
SSP370,Interactive,IFE,0,UZB,-0.2732099087638167
SSP370,Interactive,IFE,0,VNM,-0.5331885686575926
SSP370,Interactive,IFE,0,YEM,-0.7611927308122357
SSP370,Interactive,IFE,0,ZAF,-0.47856317142755844
SSP370,Interactive,IFE,0,ZMB,-0.60823162245095
SSP370,Interactive,IFE,0,ZWE,-0.6453986402662474
SSP370,Interactive,AFE,1,AFG,0.05364271152718625
SSP370,Interactive,AFE,1,AGO,-0.6026174626711398
SSP370,Interactive,AFE,1,ALB,-0.27476294212987695
SSP370,Interactive,AFE,1,ARE,-0.8036841162025534
SSP370,Interactive,AFE,1,ARG,-0.27367019115140656
SSP370,Interactive,AFE,1,ARM,0.3290212348618806
SSP370,Interactive,AFE,1,AUS,-0.359403270031042
SSP370,Interactive,AFE,1,AUT,0.27184453420672305
SSP370,Interactive,AFE,1,AZE,-0.15728524494433804
SSP370,Interactive,AFE,1,BDI,-0.2581732380401913
SSP370,Interactive,AFE,1,BEL,0.06620650036708131
SSP370,Interactive,AFE,1,BEN,-0.6811325499123151
SSP370,Interactive,AFE,1,BFA,-0.7581931088099088
SSP370,Interactive,AFE,1,BGD,-0.6422866047363653
SSP370,Interactive,AFE,1,BGR,-0.1743250172744597
SSP370,Interactive,AFE,1,BHS,-0.6202729140959802
SSP370,Interactive,AFE,1,BIH,0.04927200531358067
SSP370,Interactive,AFE,1,BLR,0.46088824890196256
SSP370,Interactive,AFE,1,BLZ,-0.6539692782651843
SSP370,Interactive,AFE,1,BOL,0.011708858423973956
SSP370,Interactive,AFE,1,BRA,-0.5717132717006892
SSP370,Interactive,AFE,1,BTN,0.31041894612937493
SSP370,Interactive,AFE,1,BWA,-0.7058841833330158
SSP370,Interactive,AFE,1,CAF,-0.6247792755985823
SSP370,Interactive,AFE,1,CAN,0.6878146185501011
SSP370,Interactive,AFE,1,CHE,0.7857122570473705
SSP370,Interactive,AFE,1,CHL,-0.017787863481219857
SSP370,Interactive,AFE,1,CHN,-0.11949641818402468
SSP370,Interactive,AFE,1,CIV,-0.6667514712951734
SSP370,Interactive,AFE,1,CMR,-0.5797995543377544
SSP370,Interactive,AFE,1,COD,-0.5926047344585388
SSP370,Interactive,AFE,1,COG,-0.5884849636531431
SSP370,Interactive,AFE,1,COL,-0.484038303731524
SSP370,Interactive,AFE,1,CPV,-0.5332799417862674
SSP370,Interactive,AFE,1,CRI,-0.71247350123666
SSP370,Interactive,AFE,1,CUB,-0.667907596957606
SSP370,Interactive,AFE,1,CZE,0.26174529553976456
SSP370,Interactive,AFE,1,DEU,0.22365539146122515
SSP370,Interactive,AFE,1,DNK,0.1940042892119569
SSP370,Interactive,AFE,1,DOM,-0.70769447146778
SSP370,Interactive,AFE,1,DZA,-0.5156970557210119
SSP370,Interactive,AFE,1,ECU,1.8518747859977998
SSP370,Interactive,AFE,1,EGY,-0.6635855882270472
SSP370,Interactive,AFE,1,ESP,-0.3041084808046919
SSP370,Interactive,AFE,1,EST,0.6985857144076364
SSP370,Interactive,AFE,1,ETH,-0.4433957907647951
SSP370,Interactive,AFE,1,FIN,1.3330304551477123
SSP370,Interactive,AFE,1,FJI,-0.41787433108150407
SSP370,Interactive,AFE,1,FRA,-0.018567621910709375
SSP370,Interactive,AFE,1,GAB,-0.5390347740931263
SSP370,Interactive,AFE,1,GBR,0.09699469065082433
SSP370,Interactive,AFE,1,GEO,0.1471876584884777
SSP370,Interactive,AFE,1,GHA,-0.6616330559247902
SSP370,Interactive,AFE,1,GIN,-0.69604592539360155
SSP370,Interactive,AFE,1,GNB,-0.7297127639052394
SSP370,Interactive,AFE,1,GNQ,-0.585014709614281
SSP370,Interactive,AFE,1,GRC,-0.4165966749930543
SSP370,Interactive,AFE,1,GTM,-0.6913709042884539
SSP370,Interactive,AFE,1,GUY,-0.6575426975406562
SSP370,Interactive,AFE,1,HND,-0.7418155069273931
SSP370,Interactive,AFE,1,HRV,-0.15731643901509396
SSP370,Interactive,AFE,1,HTI,-0.7338855402808208
SSP370,Interactive,AFE,1,HUN,-0.056972984636644464
SSP370,Interactive,AFE,1,IDN,-0.5685744697283759
SSP370,Interactive,AFE,1,IND,-0.644503175557515
SSP370,Interactive,AFE,1,IRL,0.11552706008105695
SSP370,Interactive,AFE,1,IRN,-0.4243734110081966
SSP370,Interactive,AFE,1,IRQ,-0.7328741975488049
SSP370,Interactive,AFE,1,ISL,0.8017424347326778
SSP370,Interactive,AFE,1,ISR,-0.4587532363877973
SSP370,Interactive,AFE,1,ITA,-0.2447621978416521
SSP370,Interactive,AFE,1,JOR,-0.535641607890342
SSP370,Interactive,AFE,1,JPN,0.047364813771794356
SSP370,Interactive,AFE,1,KAZ,0.4644859052918793
SSP370,Interactive,AFE,1,KEN,-0.4565232246008194
SSP370,Interactive,AFE,1,KGZ,1.4849545533183983
SSP370,Interactive,AFE,1,KHM,-0.5884887704067939
SSP370,Interactive,AFE,1,KOR,-0.09059832488958841
SSP370,Interactive,AFE,1,KWT,-0.7516883498488511
SSP370,Interactive,AFE,1,LAO,-0.47493502364966633
SSP370,Interactive,AFE,1,LBN,-0.4979285288610733
SSP370,Interactive,AFE,1,LBR,-0.5473965171625391
SSP370,Interactive,AFE,1,LBY,-0.6083748518267557
SSP370,Interactive,AFE,1,LKA,-0.556661523824916
SSP370,Interactive,AFE,1,LSO,-0.016184548403672783
SSP370,Interactive,AFE,1,LTU,0.42476064626569965
SSP370,Interactive,AFE,1,LVA,0.5229139140410921
SSP370,Interactive,AFE,1,MAR,-0.5344235476285188
SSP370,Interactive,AFE,1,MDA,-0.063349331215935
SSP370,Interactive,AFE,1,MDG,-0.44723001270593743
SSP370,Interactive,AFE,1,MEX,-0.41650861489569846
SSP370,Interactive,AFE,1,MLI,-0.8480005773461129
SSP370,Interactive,AFE,1,MMR,-0.5162998450740464
SSP370,Interactive,AFE,1,MNE,0.04551790974795922
SSP370,Interactive,AFE,1,MNG,2.9120858650471955
SSP370,Interactive,AFE,1,MOZ,-0.6204988079087721
SSP370,Interactive,AFE,1,MRT,-0.7897121995036707
SSP370,Interactive,AFE,1,MWI,-0.5376937295362936
SSP370,Interactive,AFE,1,MYS,-0.5525362971943817
SSP370,Interactive,AFE,1,NAM,-0.7120410814047794
SSP370,Interactive,AFE,1,NER,-0.7465773707551789
SSP370,Interactive,AFE,1,NGA,-0.6460989730404885
SSP370,Interactive,AFE,1,NIC,-0.7827572704876274
SSP370,Interactive,AFE,1,NLD,0.08763374543290992
SSP370,Interactive,AFE,1,NOR,0.7018716347989784
SSP370,Interactive,AFE,1,NPL,-0.21340406969192238
SSP370,Interactive,AFE,1,NZL,-0.0823135954488371
SSP370,Interactive,AFE,1,OMN,-0.8100191659537732
SSP370,Interactive,AFE,1,PAK,-0.6293760124770429
SSP370,Interactive,AFE,1,PAN,-0.5606865993916723
SSP370,Interactive,AFE,1,PER,-0.16089536345981914
SSP370,Interactive,AFE,1,PHL,-0.541428356583342
SSP370,Interactive,AFE,1,PNG,-0.3906050357706494
SSP370,Interactive,AFE,1,POL,0.24130599458684654
SSP370,Interactive,AFE,1,PRT,-0.29359663598296404
SSP370,Interactive,AFE,1,PRY,-0.6459780743003352
SSP370,Interactive,AFE,1,ROU,0.04122971952732768
SSP370,Interactive,AFE,1,RUS,0.9641795259719201
SSP370,Interactive,AFE,1,RWA,-0.32363166947383104
SSP370,Interactive,AFE,1,SAU,-0.8185366368678729
SSP370,Interactive,AFE,1,SDN,-0.789758757095133
SSP370,Interactive,AFE,1,SEN,-0.7037010083263613
SSP370,Interactive,AFE,1,SLB,-0.6048509801945698
SSP370,Interactive,AFE,1,SLE,-0.6305765416941417
SSP370,Interactive,AFE,1,SRB,-0.01204136072444073
SSP370,Interactive,AFE,1,SUR,-0.7366268011330375
SSP370,Interactive,AFE,1,SVK,0.1807853837917479
SSP370,Interactive,AFE,1,SWE,0.49446800129334223
SSP370,Interactive,AFE,1,SWZ,-0.34312164083176966
SSP370,Interactive,AFE,1,TCD,-0.7203680228923788
SSP370,Interactive,AFE,1,TGO,-0.6684917107339889
SSP370,Interactive,AFE,1,THA,-0.597098238789971
SSP370,Interactive,AFE,1,TJK,0.28572723133831057
SSP370,Interactive,AFE,1,TKM,-0.449187369676189
SSP370,Interactive,AFE,1,TUN,-0.5403118771036031
SSP370,Interactive,AFE,1,TUR,-0.2044814800686302
SSP370,Interactive,AFE,1,TZA,-0.5275110500688182
SSP370,Interactive,AFE,1,UGA,-0.4670048691004348
SSP370,Interactive,AFE,1,UKR,0.0925218553742797
SSP370,Interactive,AFE,1,URY,-0.2569048505838658
SSP370,Interactive,AFE,1,USA,-0.1758388239426676
SSP370,Interactive,AFE,1,UZB,-0.13651364707179725
SSP370,Interactive,AFE,1,VNM,-0.5197772050707281
SSP370,Interactive,AFE,1,YEM,-0.6668871475205544
SSP370,Interactive,AFE,1,ZAF,-0.4072779574661376
SSP370,Interactive,AFE,1,ZMB,-0.573699369490419
SSP370,Interactive,AFE,1,ZWE,-0.588663715513368
SSP370,Interactive,IFE,1,AFG,-0.20365974553460453
SSP370,Interactive,IFE,1,AGO,-0.6283293819991311
SSP370,Interactive,IFE,1,ALB,-0.4205313354739838
SSP370,Interactive,IFE,1,ARE,-0.8599587873087702
SSP370,Interactive,IFE,1,ARG,-0.40065425723790316
SSP370,Interactive,IFE,1,ARM,0.014601362547975949
SSP370,Interactive,IFE,1,AUS,-0.46205333279135274
SSP370,Interactive,IFE,1,AUT,-0.08961531838306425
SSP370,Interactive,IFE,1,AZE,-0.33202347390699394
SSP370,Interactive,IFE,1,BDI,-0.33814125621333613
SSP370,Interactive,IFE,1,BEL,-0.1718801162117395
SSP370,Interactive,IFE,1,BEN,-0.6883420312070536
SSP370,Interactive,IFE,1,BFA,-0.7927998298451175
SSP370,Interactive,IFE,1,BGD,-0.663800281979813
SSP370,Interactive,IFE,1,BGR,-0.3403520907006766
SSP370,Interactive,IFE,1,BHS,-0.6354049779141449
SSP370,Interactive,IFE,1,BIH,-0.18802852223677102
SSP370,Interactive,IFE,1,BLR,0.09388533108990771
SSP370,Interactive,IFE,1,BLZ,-0.6849204750233951
SSP370,Interactive,IFE,1,BOL,-0.3019203464121719
SSP370,Interactive,IFE,1,BRA,-0.5957965304341238
SSP370,Interactive,IFE,1,BTN,-0.2494757467027564
SSP370,Interactive,IFE,1,BWA,-0.7637029127044932
SSP370,Interactive,IFE,1,CAF,-0.569998583081429
SSP370,Interactive,IFE,1,CAN,0.08177949849368904
SSP370,Interactive,IFE,1,CHE,0.03301702693108455
SSP370,Interactive,IFE,1,CHL,-0.1867979279297466
SSP370,Interactive,IFE,1,CHN,-0.3664876004758729
SSP370,Interactive,IFE,1,CIV,-0.6431225126349518
SSP370,Interactive,IFE,1,CMR,-0.4128143898175384
SSP370,Interactive,IFE,1,COD,-0.5448716561682703
SSP370,Interactive,IFE,1,COG,-0.51480514967877
SSP370,Interactive,IFE,1,COL,-0.37137274799959274
SSP370,Interactive,IFE,1,CPV,-0.6086678037764675
SSP370,Interactive,IFE,1,CRI,-0.7162435092549302
SSP370,Interactive,IFE,1,CUB,-0.6925951019415408
SSP370,Interactive,IFE,1,CZE,-0.056722572426242235
SSP370,Interactive,IFE,1,DEU,-0.08684877363712185
SSP370,Interactive,IFE,1,DNK,-0.05597770582807016
SSP370,Interactive,IFE,1,DOM,-0.7354853947063844
SSP370,Interactive,IFE,1,DZA,-0.6049973583180244
SSP370,Interactive,IFE,1,ECU,2.316049970437804
SSP370,Interactive,IFE,1,EGY,-0.7511901553137528
SSP370,Interactive,IFE,1,ESP,-0.4161108515315497
SSP370,Interactive,IFE,1,EST,0.29401206747949815
SSP370,Interactive,IFE,1,ETH,-0.5305994523208861
SSP370,Interactive,IFE,1,FIN,0.7875199680808038
SSP370,Interactive,IFE,1,FJI,-0.398905370935119
SSP370,Interactive,IFE,1,FRA,-0.23784756283107777
SSP370,Interactive,IFE,1,GAB,-0.36222229029683184
SSP370,Interactive,IFE,1,GBR,-0.11978923603826008
SSP370,Interactive,IFE,1,GEO,-0.13939186491531974
SSP370,Interactive,IFE,1,GHA,-0.6563406267595739
SSP370,Interactive,IFE,1,GIN,-0.6840329149399594
SSP370,Interactive,IFE,1,GNB,-0.7708141430734626
SSP370,Interactive,IFE,1,GNQ,-0.17100771008547155
SSP370,Interactive,IFE,1,GRC,-0.5166684066463751
SSP370,Interactive,IFE,1,GTM,-0.6869926765210511
SSP370,Interactive,IFE,1,GUY,-0.677016360643158
SSP370,Interactive,IFE,1,HND,-0.743222408147836
SSP370,Interactive,IFE,1,HRV,-0.33382545075309866
SSP370,Interactive,IFE,1,HTI,-0.7637784598687737
SSP370,Interactive,IFE,1,HUN,-0.2586610115544886
SSP370,Interactive,IFE,1,IDN,-0.41592517888914626
SSP370,Interactive,IFE,1,IND,-0.6931610846654352
SSP370,Interactive,IFE,1,IRL,-0.11866972882610871
SSP370,Interactive,IFE,1,IRN,-0.5575165458968653
SSP370,Interactive,IFE,1,IRQ,-0.8106148262672588
SSP370,Interactive,IFE,1,ISL,0.3160501666786846
SSP370,Interactive,IFE,1,ISR,-0.5367904563525265
SSP370,Interactive,IFE,1,ITA,-0.38921788964402515
SSP370,Interactive,IFE,1,JOR,-0.6319619320337646
SSP370,Interactive,IFE,1,JPN,-0.28436700781452495
SSP370,Interactive,IFE,1,KAZ,0.1472129429838578
SSP370,Interactive,IFE,1,KEN,-0.533063250236447
SSP370,Interactive,IFE,1,KGZ,0.8622826184879575
SSP370,Interactive,IFE,1,KHM,-0.47943186471161037
SSP370,Interactive,IFE,1,KOR,-0.3485269643706821
SSP370,Interactive,IFE,1,KWT,-0.8177819426303585
SSP370,Interactive,IFE,1,LAO,-0.49626960358048944
SSP370,Interactive,IFE,1,LBN,-0.5725830119708968
SSP370,Interactive,IFE,1,LBR,-0.41703014194633403
SSP370,Interactive,IFE,1,LBY,-0.6987324950663248
SSP370,Interactive,IFE,1,LKA,-0.45951881606466927
SSP370,Interactive,IFE,1,LSO,-0.29562274843298386
SSP370,Interactive,IFE,1,LTU,0.0770220989558017
SSP370,Interactive,IFE,1,LVA,0.14761593397964412
SSP370,Interactive,IFE,1,MAR,-0.6246578744982549
SSP370,Interactive,IFE,1,MDA,-0.2594875747821306
SSP370,Interactive,IFE,1,MDG,-0.48219342777563645
SSP370,Interactive,IFE,1,MEX,-0.46951321314090044
SSP370,Interactive,IFE,1,MLI,-0.8832199672072134
SSP370,Interactive,IFE,1,MMR,-0.5124991416191973
SSP370,Interactive,IFE,1,MNE,-0.23716536971946356
SSP370,Interactive,IFE,1,MNG,2.2684838594453134
SSP370,Interactive,IFE,1,MOZ,-0.6568815606556648
SSP370,Interactive,IFE,1,MRT,-0.8475028555019948
SSP370,Interactive,IFE,1,MWI,-0.5902001328866919
SSP370,Interactive,IFE,1,MYS,-0.24889042766017344
SSP370,Interactive,IFE,1,NAM,-0.7744809233787379
SSP370,Interactive,IFE,1,NER,-0.8031241841720622
SSP370,Interactive,IFE,1,NGA,-0.6130528179260215
SSP370,Interactive,IFE,1,NIC,-0.801033633019256
SSP370,Interactive,IFE,1,NLD,-0.0975484633228173
SSP370,Interactive,IFE,1,NOR,0.24444190018952927
SSP370,Interactive,IFE,1,NPL,-0.42854861830818203
SSP370,Interactive,IFE,1,NZL,-0.26091665175842194
SSP370,Interactive,IFE,1,OMN,-0.8664731392059292
SSP370,Interactive,IFE,1,PAK,-0.7295788987563434
SSP370,Interactive,IFE,1,PAN,-0.5053304609886724
SSP370,Interactive,IFE,1,PER,-0.4237277873569347
SSP370,Interactive,IFE,1,PHL,-0.37354525875813827
SSP370,Interactive,IFE,1,PNG,-0.03675277533848342
SSP370,Interactive,IFE,1,POL,-0.05030479228329576
SSP370,Interactive,IFE,1,PRT,-0.39449291894726535
SSP370,Interactive,IFE,1,PRY,-0.6837107152715072
SSP370,Interactive,IFE,1,ROU,-0.19500221163369102
SSP370,Interactive,IFE,1,RUS,0.49431260990635084
SSP370,Interactive,IFE,1,RWA,-0.4079145472526212
SSP370,Interactive,IFE,1,SAU,-0.8767114558029352
SSP370,Interactive,IFE,1,SDN,-0.8421245594584045
SSP370,Interactive,IFE,1,SEN,-0.7658279936487953
SSP370,Interactive,IFE,1,SLB,-0.1430873801483763
SSP370,Interactive,IFE,1,SLE,-0.5457297024895515
SSP370,Interactive,IFE,1,SRB,-0.20098359947743683
SSP370,Interactive,IFE,1,SUR,-0.7697557272469048
SSP370,Interactive,IFE,1,SVK,-0.09860427804181171
SSP370,Interactive,IFE,1,SWE,0.16945348509455327
SSP370,Interactive,IFE,1,SWZ,-0.4389495667474136
SSP370,Interactive,IFE,1,TCD,-0.7529873060590737
SSP370,Interactive,IFE,1,TGO,-0.6342071402583878
SSP370,Interactive,IFE,1,THA,-0.5456626465993333
SSP370,Interactive,IFE,1,TJK,0.0025528495411177854
SSP370,Interactive,IFE,1,TKM,-0.5798338568146262
SSP370,Interactive,IFE,1,TUN,-0.6323045189282377
SSP370,Interactive,IFE,1,TUR,-0.35917885054878707
SSP370,Interactive,IFE,1,TZA,-0.5724535522399381
SSP370,Interactive,IFE,1,UGA,-0.5050700301367044
SSP370,Interactive,IFE,1,UKR,-0.14848586780322615
SSP370,Interactive,IFE,1,URY,-0.38494793286795026
SSP370,Interactive,IFE,1,USA,-0.3853798607290613
SSP370,Interactive,IFE,1,UZB,-0.3351929358058088
SSP370,Interactive,IFE,1,VNM,-0.5141870522759175
SSP370,Interactive,IFE,1,YEM,-0.738881862300471
SSP370,Interactive,IFE,1,ZAF,-0.5086496736933135
SSP370,Interactive,IFE,1,ZMB,-0.6190457802271625
SSP370,Interactive,IFE,1,ZWE,-0.6517074237442189
SSP370,Interactive,AFE,2,AFG,0.153600044661933
SSP370,Interactive,AFE,2,AGO,-0.41596853944285406
SSP370,Interactive,AFE,2,ALB,-0.16794748983066776
SSP370,Interactive,AFE,2,ARE,-0.7839002963605606
SSP370,Interactive,AFE,2,ARG,-0.20326035998459557
SSP370,Interactive,AFE,2,ARM,0.3286223778738271
SSP370,Interactive,AFE,2,AUS,-0.25458929450917744
SSP370,Interactive,AFE,2,AUT,0.14248883234597187
SSP370,Interactive,AFE,2,AZE,-0.050733603381406756
SSP370,Interactive,AFE,2,BDI,-0.09392622796118055
SSP370,Interactive,AFE,2,BEL,0.024312477838351443
SSP370,Interactive,AFE,2,BEN,-0.5045923122796209
SSP370,Interactive,AFE,2,BFA,-0.6331994369329117
SSP370,Interactive,AFE,2,BGD,-0.4684473149243513
SSP370,Interactive,AFE,2,BGR,-0.06802915260702491
SSP370,Interactive,AFE,2,BHS,-0.458218949434796
SSP370,Interactive,AFE,2,BIH,0.04282947798524095
SSP370,Interactive,AFE,2,BLR,0.3661279635206893
SSP370,Interactive,AFE,2,BLZ,-0.5113536425813228
SSP370,Interactive,AFE,2,BOL,0.16014490486828703
SSP370,Interactive,AFE,2,BRA,-0.3879462089967698
SSP370,Interactive,AFE,2,BTN,-0.012966718875812577
SSP370,Interactive,AFE,2,BWA,-0.58214733953640585
SSP370,Interactive,AFE,2,CAF,-0.39349442246887656
SSP370,Interactive,AFE,2,CAN,0.3362876910418937
SSP370,Interactive,AFE,2,CHE,0.3238402548900037
SSP370,Interactive,AFE,2,CHL,0.037332553116493195
SSP370,Interactive,AFE,2,CHN,-0.14195604168532738
SSP370,Interactive,AFE,2,CIV,-0.447255867155647
SSP370,Interactive,AFE,2,CMR,-0.31711729366411856
SSP370,Interactive,AFE,2,COD,-0.3491471087513959
SSP370,Interactive,AFE,2,COG,-0.3418921241662387
SSP370,Interactive,AFE,2,COL,-0.1792378402644461
SSP370,Interactive,AFE,2,CPV,-0.4839148942969326
SSP370,Interactive,AFE,2,CRI,-0.5157251831035269
SSP370,Interactive,AFE,2,CUB,-0.519470329302527
SSP370,Interactive,AFE,2,CZE,0.17090328283771417
SSP370,Interactive,AFE,2,DEU,0.11931132520791587
SSP370,Interactive,AFE,2,DNK,0.14136373210909858
SSP370,Interactive,AFE,2,DOM,-0.596684944032017
SSP370,Interactive,AFE,2,DZA,-0.38231555531609396
SSP370,Interactive,AFE,2,ECU,1.9098593057915245
SSP370,Interactive,AFE,2,EGY,-0.6075725620370992
SSP370,Interactive,AFE,2,ESP,-0.18712160945054546
SSP370,Interactive,AFE,2,EST,0.5933816267418408
SSP370,Interactive,AFE,2,ETH,-0.3333770386358581
SSP370,Interactive,AFE,2,FIN,1.1417381465976875
SSP370,Interactive,AFE,2,FJI,-0.2550973102954641
SSP370,Interactive,AFE,2,FRA,-0.021567259915153847
SSP370,Interactive,AFE,2,GAB,-0.2597241494793481
SSP370,Interactive,AFE,2,GBR,0.041965689635832026
SSP370,Interactive,AFE,2,GEO,0.11031586975961938
SSP370,Interactive,AFE,2,GHA,-0.470112797159587
SSP370,Interactive,AFE,2,GIN,-0.481020914938203
SSP370,Interactive,AFE,2,GNB,-0.6459085880002298
SSP370,Interactive,AFE,2,GNQ,-0.3264266638179004
SSP370,Interactive,AFE,2,GRC,-0.2811041233853757
SSP370,Interactive,AFE,2,GTM,-0.45232104341911117
SSP370,Interactive,AFE,2,GUY,-0.5024788141588958
SSP370,Interactive,AFE,2,HND,-0.5516310670195443
SSP370,Interactive,AFE,2,HRV,-0.07608661982559739
SSP370,Interactive,AFE,2,HTI,-0.627143329871093
SSP370,Interactive,AFE,2,HUN,0.01761105968166654
SSP370,Interactive,AFE,2,IDN,-0.3136656539336654
SSP370,Interactive,AFE,2,IND,-0.5045456109808732
SSP370,Interactive,AFE,2,IRL,0.023649690058336503
SSP370,Interactive,AFE,2,IRN,-0.3010417198682056
SSP370,Interactive,AFE,2,IRQ,-0.6671697437619396
SSP370,Interactive,AFE,2,ISL,0.39446470232222786
SSP370,Interactive,AFE,2,ISR,-0.35495120657697743
SSP370,Interactive,AFE,2,ITA,-0.14706697484804743
SSP370,Interactive,AFE,2,JOR,-0.4417227519085847
SSP370,Interactive,AFE,2,JPN,0.04687833619867221
SSP370,Interactive,AFE,2,KAZ,0.6143302920873381
SSP370,Interactive,AFE,2,KEN,-0.3471482100049058
SSP370,Interactive,AFE,2,KGZ,1.2543499423832807
SSP370,Interactive,AFE,2,KHM,-0.3460470254661788
SSP370,Interactive,AFE,2,KOR,-0.13634953683386586
SSP370,Interactive,AFE,2,KWT,-0.7148227321620448
SSP370,Interactive,AFE,2,LAO,-0.2962486558238909
SSP370,Interactive,AFE,2,LBN,-0.3828325080742184
SSP370,Interactive,AFE,2,LBR,-0.28364373124225695
SSP370,Interactive,AFE,2,LBY,-0.5317046249497481
SSP370,Interactive,AFE,2,LKA,-0.33626384154821976
SSP370,Interactive,AFE,2,LSO,-0.05041899064118982
SSP370,Interactive,AFE,2,LTU,0.33142106681932404
SSP370,Interactive,AFE,2,LVA,0.39789134778775437
SSP370,Interactive,AFE,2,MAR,-0.41963139973024255
SSP370,Interactive,AFE,2,MDA,0.03879344159072873
SSP370,Interactive,AFE,2,MDG,-0.27030804316939994
SSP370,Interactive,AFE,2,MEX,-0.19847413395044244
SSP370,Interactive,AFE,2,MLI,-0.7743463039844602
SSP370,Interactive,AFE,2,MMR,-0.31833366366382176
SSP370,Interactive,AFE,2,MNE,0.031652733009006395
SSP370,Interactive,AFE,2,MNG,3.4338201410528075
SSP370,Interactive,AFE,2,MOZ,-0.46122511267401656
SSP370,Interactive,AFE,2,MRT,-0.7680877182275975
SSP370,Interactive,AFE,2,MWI,-0.3934193122770955
SSP370,Interactive,AFE,2,MYS,-0.3121790451798616
SSP370,Interactive,AFE,2,NAM,-0.6081467695986853
SSP370,Interactive,AFE,2,NER,-0.6630810854115786
SSP370,Interactive,AFE,2,NGA,-0.4293387385625932
SSP370,Interactive,AFE,2,NIC,-0.6506442423152674
SSP370,Interactive,AFE,2,NLD,0.05101307663009247
SSP370,Interactive,AFE,2,NOR,0.3205776596295067
SSP370,Interactive,AFE,2,NPL,-0.2164319836460511
SSP370,Interactive,AFE,2,NZL,-0.07343666243108116
SSP370,Interactive,AFE,2,OMN,-0.7860620762226421
SSP370,Interactive,AFE,2,PAK,-0.5483811007730697
SSP370,Interactive,AFE,2,PAN,-0.30814615143633495
SSP370,Interactive,AFE,2,PER,-0.09113446653189139
SSP370,Interactive,AFE,2,PHL,-0.298808357345276
SSP370,Interactive,AFE,2,PNG,-0.1817225734434439
SSP370,Interactive,AFE,2,POL,0.18981235091769433
SSP370,Interactive,AFE,2,PRT,-0.18308514677444143
SSP370,Interactive,AFE,2,PRY,-0.4800731695129542
SSP370,Interactive,AFE,2,ROU,0.078746945670084
SSP370,Interactive,AFE,2,RUS,0.8811010118216287
SSP370,Interactive,AFE,2,RWA,-0.1809585070112506
SSP370,Interactive,AFE,2,SAU,-0.7891273124239322
SSP370,Interactive,AFE,2,SDN,-0.7241489198696317
SSP370,Interactive,AFE,2,SEN,-0.6656864579924926
SSP370,Interactive,AFE,2,SLB,-0.4084262411795144
SSP370,Interactive,AFE,2,SLE,-0.3674783494818862
SSP370,Interactive,AFE,2,SRB,0.03883135619044653
SSP370,Interactive,AFE,2,SUR,-0.6132913104401572
SSP370,Interactive,AFE,2,SVK,0.14893238582537083
SSP370,Interactive,AFE,2,SWE,0.40491510400698405
SSP370,Interactive,AFE,2,SWZ,-0.23816240510876396
SSP370,Interactive,AFE,2,TCD,-0.5792082255636185
SSP370,Interactive,AFE,2,TGO,-0.4490973750128051
SSP370,Interactive,AFE,2,THA,-0.3723952274729785
SSP370,Interactive,AFE,2,TJK,0.24193112415456497
SSP370,Interactive,AFE,2,TKM,-0.32829450721021936
SSP370,Interactive,AFE,2,TUN,-0.43243027070986584
SSP370,Interactive,AFE,2,TUR,-0.09861739768158262
SSP370,Interactive,AFE,2,TZA,-0.3740532655900868
SSP370,Interactive,AFE,2,UGA,-0.3160564636405997
SSP370,Interactive,AFE,2,UKR,0.14387961392817683
SSP370,Interactive,AFE,2,URY,-0.21747530054598896
SSP370,Interactive,AFE,2,USA,-0.15367150647801187
SSP370,Interactive,AFE,2,UZB,-0.005796303406225056
SSP370,Interactive,AFE,2,VNM,-0.32896744241511044
SSP370,Interactive,AFE,2,YEM,-0.5814641610076234
SSP370,Interactive,AFE,2,ZAF,-0.2889104106380864
SSP370,Interactive,AFE,2,ZMB,-0.4015655369888582
SSP370,Interactive,AFE,2,ZWE,-0.44279834271853935
SSP370,Interactive,IFE,2,AFG,-5.388644100837725e-4
SSP370,Interactive,IFE,2,AGO,-0.6067391827963651
SSP370,Interactive,IFE,2,ALB,-0.3495754988540656
SSP370,Interactive,IFE,2,ARE,-0.883061628605826
SSP370,Interactive,IFE,2,ARG,-0.37448003431302845
SSP370,Interactive,IFE,2,ARM,0.1990287134542743
SSP370,Interactive,IFE,2,AUS,-0.41409544839351486
SSP370,Interactive,IFE,2,AUT,-0.0666620058692936
SSP370,Interactive,IFE,2,AZE,-0.1984918483447562
SSP370,Interactive,IFE,2,BDI,-0.3318335290325799
SSP370,Interactive,IFE,2,BEL,-0.1452084024155592
SSP370,Interactive,IFE,2,BEN,-0.6664152811649809
SSP370,Interactive,IFE,2,BFA,-0.7913115096445316
SSP370,Interactive,IFE,2,BGD,-0.6602956204783508
SSP370,Interactive,IFE,2,BGR,-0.23434662289036223
SSP370,Interactive,IFE,2,BHS,-0.5747063505213201
SSP370,Interactive,IFE,2,BIH,-0.14667204610454398
SSP370,Interactive,IFE,2,BLR,0.24801531185312542
SSP370,Interactive,IFE,2,BLZ,-0.6401109536337486
SSP370,Interactive,IFE,2,BOL,-0.22988726401118154
SSP370,Interactive,IFE,2,BRA,-0.5679806236645903
SSP370,Interactive,IFE,2,BTN,-0.27452592612638294
SSP370,Interactive,IFE,2,BWA,-0.7392818929284691
SSP370,Interactive,IFE,2,CAF,-0.595408292348379
SSP370,Interactive,IFE,2,CAN,0.09415723779673524
SSP370,Interactive,IFE,2,CHE,0.018185488566590635
SSP370,Interactive,IFE,2,CHL,-0.12059913745125406
SSP370,Interactive,IFE,2,CHN,-0.3706717129929764
SSP370,Interactive,IFE,2,CIV,-0.6141697312638045
SSP370,Interactive,IFE,2,CMR,-0.5021787342405878
SSP370,Interactive,IFE,2,COD,-0.555788332709922
SSP370,Interactive,IFE,2,COG,-0.5389697036514922
SSP370,Interactive,IFE,2,COL,-0.4198854527264938
SSP370,Interactive,IFE,2,CPV,-0.600135698050353
SSP370,Interactive,IFE,2,CRI,-0.609836912110753
SSP370,Interactive,IFE,2,CUB,-0.6510628727916845
SSP370,Interactive,IFE,2,CZE,0.0031820037350356323
SSP370,Interactive,IFE,2,DEU,-0.05519071156091493
SSP370,Interactive,IFE,2,DNK,0.017131264308561267
SSP370,Interactive,IFE,2,DOM,-0.6764296390976765
SSP370,Interactive,IFE,2,DZA,-0.5212764632380493
SSP370,Interactive,IFE,2,ECU,1.9857621644536403
SSP370,Interactive,IFE,2,EGY,-0.7367992798801852
SSP370,Interactive,IFE,2,ESP,-0.3354589216353683
SSP370,Interactive,IFE,2,EST,0.5681175639381624
SSP370,Interactive,IFE,2,ETH,-0.5559138387868618
SSP370,Interactive,IFE,2,FIN,1.3410149858731266
SSP370,Interactive,IFE,2,FJI,-0.40801047623940667
SSP370,Interactive,IFE,2,FRA,-0.20517504916047602
SSP370,Interactive,IFE,2,GAB,-0.4547916019977387
SSP370,Interactive,IFE,2,GBR,-0.09379232523843828
SSP370,Interactive,IFE,2,GEO,-0.07364660163063041
SSP370,Interactive,IFE,2,GHA,-0.6256014532485322
SSP370,Interactive,IFE,2,GIN,-0.648253148220289
SSP370,Interactive,IFE,2,GNB,-0.7481463421094009
SSP370,Interactive,IFE,2,GNQ,-0.48740955491506455
SSP370,Interactive,IFE,2,GRC,-0.43066192385607016
SSP370,Interactive,IFE,2,GTM,-0.6010387411946813
SSP370,Interactive,IFE,2,GUY,-0.6270778520661929
SSP370,Interactive,IFE,2,HND,-0.6417042509450518
SSP370,Interactive,IFE,2,HRV,-0.25264028354800694
SSP370,Interactive,IFE,2,HTI,-0.7134627410367416
SSP370,Interactive,IFE,2,HUN,-0.13838144958588172
SSP370,Interactive,IFE,2,IDN,-0.47210199826008103
SSP370,Interactive,IFE,2,IND,-0.6961604897037155
SSP370,Interactive,IFE,2,IRL,-0.12647881210435197
SSP370,Interactive,IFE,2,IRN,-0.4641654527083142
SSP370,Interactive,IFE,2,IRQ,-0.7963737249270629
SSP370,Interactive,IFE,2,ISL,0.2948293515504514
SSP370,Interactive,IFE,2,ISR,-0.47042070095439303
SSP370,Interactive,IFE,2,ITA,-0.3136645819597854
SSP370,Interactive,IFE,2,JOR,-0.573546782189654
SSP370,Interactive,IFE,2,JPN,-0.2501641905483146
SSP370,Interactive,IFE,2,KAZ,0.6212216124453305
SSP370,Interactive,IFE,2,KEN,-0.5555022257265549
SSP370,Interactive,IFE,2,KGZ,1.4335476679787158
SSP370,Interactive,IFE,2,KHM,-0.5191964429159478
SSP370,Interactive,IFE,2,KOR,-0.3643936842562855
SSP370,Interactive,IFE,2,KWT,-0.832992095360255
SSP370,Interactive,IFE,2,LAO,-0.5047411037784579
SSP370,Interactive,IFE,2,LBN,-0.509979186384933
SSP370,Interactive,IFE,2,LBR,-0.46591620266973466
SSP370,Interactive,IFE,2,LBY,-0.6628780277011979
SSP370,Interactive,IFE,2,LKA,-0.5214823223804759
SSP370,Interactive,IFE,2,LSO,-0.2955296848144332
SSP370,Interactive,IFE,2,LTU,0.21592117755549523
SSP370,Interactive,IFE,2,LVA,0.3036272741662074
SSP370,Interactive,IFE,2,MAR,-0.5525486699530269
SSP370,Interactive,IFE,2,MDA,-0.10574522259881591
SSP370,Interactive,IFE,2,MDG,-0.46098395523190505
SSP370,Interactive,IFE,2,MEX,-0.4047655688314562
SSP370,Interactive,IFE,2,MLI,-0.8807035331598213
SSP370,Interactive,IFE,2,MMR,-0.5258178537816037
SSP370,Interactive,IFE,2,MNE,-0.19413120511515003
SSP370,Interactive,IFE,2,MNG,5.417463674456191
SSP370,Interactive,IFE,2,MOZ,-0.6367080464014871
SSP370,Interactive,IFE,2,MRT,-0.8674343122354267
SSP370,Interactive,IFE,2,MWI,-0.5787609368671589
SSP370,Interactive,IFE,2,MYS,-0.4450222527831478
SSP370,Interactive,IFE,2,NAM,-0.7500279935529883
SSP370,Interactive,IFE,2,NER,-0.8155475423664016
SSP370,Interactive,IFE,2,NGA,-0.6167809497219324
SSP370,Interactive,IFE,2,NIC,-0.73020297904497
SSP370,Interactive,IFE,2,NLD,-0.06747703684537498
SSP370,Interactive,IFE,2,NOR,0.21276104376433014
SSP370,Interactive,IFE,2,NPL,-0.4477789875552113
SSP370,Interactive,IFE,2,NZL,-0.25228244065807093
SSP370,Interactive,IFE,2,OMN,-0.8860105216815253
SSP370,Interactive,IFE,2,PAK,-0.7062619664904598
SSP370,Interactive,IFE,2,PAN,-0.4683295176454588
SSP370,Interactive,IFE,2,PER,-0.3754645527615387
SSP370,Interactive,IFE,2,PHL,-0.45077577528440793
SSP370,Interactive,IFE,2,PNG,-0.2689009693391381
SSP370,Interactive,IFE,2,POL,0.04694153087010022
SSP370,Interactive,IFE,2,PRT,-0.335742105944145
SSP370,Interactive,IFE,2,PRY,-0.6633314115769717
SSP370,Interactive,IFE,2,ROU,-0.08737160618307271
SSP370,Interactive,IFE,2,RUS,0.9427999429187142
SSP370,Interactive,IFE,2,RWA,-0.4103238441558056
SSP370,Interactive,IFE,2,SAU,-0.8913020283905508
SSP370,Interactive,IFE,2,SDN,-0.8556102629577655
SSP370,Interactive,IFE,2,SEN,-0.7751331805203153
SSP370,Interactive,IFE,2,SLB,-0.48755504685437745
SSP370,Interactive,IFE,2,SLE,-0.5501286673393444
SSP370,Interactive,IFE,2,SRB,-0.10944777817923401
SSP370,Interactive,IFE,2,SUR,-0.7441939692205914
SSP370,Interactive,IFE,2,SVK,-0.008570108960871514
SSP370,Interactive,IFE,2,SWE,0.3465871691237441
SSP370,Interactive,IFE,2,SWZ,-0.42173290563375665
SSP370,Interactive,IFE,2,TCD,-0.755127120554627
SSP370,Interactive,IFE,2,TGO,-0.617985729929079
SSP370,Interactive,IFE,2,THA,-0.5533964772831472
SSP370,Interactive,IFE,2,TJK,0.1187972847676595
SSP370,Interactive,IFE,2,TKM,-0.47936026373437013
SSP370,Interactive,IFE,2,TUN,-0.5669820296476497
SSP370,Interactive,IFE,2,TUR,-0.26750495636570737
SSP370,Interactive,IFE,2,TZA,-0.580135007480723
SSP370,Interactive,IFE,2,UGA,-0.5366817672568325
SSP370,Interactive,IFE,2,UKR,0.0034068032112597457
SSP370,Interactive,IFE,2,URY,-0.3927505315086214
SSP370,Interactive,IFE,2,USA,-0.3749542873519356
SSP370,Interactive,IFE,2,UZB,-0.15810143544619604
SSP370,Interactive,IFE,2,VNM,-0.5161301002618965
SSP370,Interactive,IFE,2,YEM,-0.7466403009445002
SSP370,Interactive,IFE,2,ZAF,-0.48117753114487316
SSP370,Interactive,IFE,2,ZMB,-0.6085414178748221
SSP370,Interactive,IFE,2,ZWE,-0.6352826698703437
SSP370,Interactive,AFE,3,AFG,-0.2734664834634506
SSP370,Interactive,AFE,3,AGO,-0.5035149498130138
SSP370,Interactive,AFE,3,ALB,-0.38473385027900864
SSP370,Interactive,AFE,3,ARE,-0.8318747990249344
SSP370,Interactive,AFE,3,ARG,-0.35487840869322307
SSP370,Interactive,AFE,3,ARM,-0.12970060739717293
SSP370,Interactive,AFE,3,AUS,-0.40030398388268684
SSP370,Interactive,AFE,3,AUT,-0.2118020178473119
SSP370,Interactive,AFE,3,AZE,-0.3426572050221661
SSP370,Interactive,AFE,3,BDI,-0.4015707126522732
SSP370,Interactive,AFE,3,BEL,-0.2257595715425581
SSP370,Interactive,AFE,3,BEN,-0.5383433463059164
SSP370,Interactive,AFE,3,BFA,-0.6621655994551356
SSP370,Interactive,AFE,3,BGD,-0.5202885947635272
SSP370,Interactive,AFE,3,BGR,-0.3303044048322532
SSP370,Interactive,AFE,3,BHS,-0.5051959384652434
SSP370,Interactive,AFE,3,BIH,-0.24245628775718586
SSP370,Interactive,AFE,3,BLR,-0.0988116711698751
SSP370,Interactive,AFE,3,BLZ,-0.570458309456407
SSP370,Interactive,AFE,3,BOL,-0.464972258376407
SSP370,Interactive,AFE,3,BRA,-0.4737135503585891
SSP370,Interactive,AFE,3,BTN,-0.2086761156431295
SSP370,Interactive,AFE,3,BWA,-0.6654275179155319
SSP370,Interactive,AFE,3,CAF,-0.48541820983673056
SSP370,Interactive,AFE,3,CAN,-0.16168562423887411
SSP370,Interactive,AFE,3,CHE,-0.2120499510973337
SSP370,Interactive,AFE,3,CHL,-0.21133788349416238
SSP370,Interactive,AFE,3,CHN,-0.36097620135934305
SSP370,Interactive,AFE,3,CIV,-0.4974404566331512
SSP370,Interactive,AFE,3,CMR,-0.510266670613541
SSP370,Interactive,AFE,3,COD,-0.48066051130369913
SSP370,Interactive,AFE,3,COG,-0.4681849181916705
SSP370,Interactive,AFE,3,COL,-0.48301375393705404
SSP370,Interactive,AFE,3,CPV,-0.5823204034258026
SSP370,Interactive,AFE,3,CRI,-0.5677647602406105
SSP370,Interactive,AFE,3,CUB,-0.5670169471826256
SSP370,Interactive,AFE,3,CZE,-0.17798204727813216
SSP370,Interactive,AFE,3,DEU,-0.1915274716224663
SSP370,Interactive,AFE,3,DNK,-0.15505140900558567
SSP370,Interactive,AFE,3,DOM,-0.6581417867392747
SSP370,Interactive,AFE,3,DZA,-0.5460962648792436
SSP370,Interactive,AFE,3,ECU,-0.8640871802729769
SSP370,Interactive,AFE,3,EGY,-0.7311011592434523
SSP370,Interactive,AFE,3,ESP,-0.368747294838641
SSP370,Interactive,AFE,3,EST,0.014424661674186767
SSP370,Interactive,AFE,3,ETH,-0.42442831091472033
SSP370,Interactive,AFE,3,FIN,0.26732223101348485
SSP370,Interactive,AFE,3,FJI,-0.3025555982174689
SSP370,Interactive,AFE,3,FRA,-0.2684240703916222
SSP370,Interactive,AFE,3,GAB,-0.48429643437958236
SSP370,Interactive,AFE,3,GBR,-0.1794651851161957
SSP370,Interactive,AFE,3,GEO,-0.22576870872009724
SSP370,Interactive,AFE,3,GHA,-0.5040598046785985
SSP370,Interactive,AFE,3,GIN,-0.5381187767545255
SSP370,Interactive,AFE,3,GNB,-0.7027181186039173
SSP370,Interactive,AFE,3,GNQ,-0.5707370289654137
SSP370,Interactive,AFE,3,GRC,-0.45523560877111047
SSP370,Interactive,AFE,3,GTM,-0.5719759000906218
SSP370,Interactive,AFE,3,GUY,-0.5471451190564289
SSP370,Interactive,AFE,3,HND,-0.627601977696155
SSP370,Interactive,AFE,3,HRV,-0.32932076373124497
SSP370,Interactive,AFE,3,HTI,-0.6857461797816542
SSP370,Interactive,AFE,3,HUN,-0.28843755027713236
SSP370,Interactive,AFE,3,IDN,-0.40195379508327533
SSP370,Interactive,AFE,3,IND,-0.5566878671251705
SSP370,Interactive,AFE,3,IRL,-0.173865292029187
SSP370,Interactive,AFE,3,IRN,-0.5271987963344406
SSP370,Interactive,AFE,3,IRQ,-0.777009286820446
SSP370,Interactive,AFE,3,ISL,0.020449964575926405
SSP370,Interactive,AFE,3,ISR,-0.48912347438802506
SSP370,Interactive,AFE,3,ITA,-0.3613243665446568
SSP370,Interactive,AFE,3,JOR,-0.6030612487002203
SSP370,Interactive,AFE,3,JPN,-0.3515495187951486
SSP370,Interactive,AFE,3,KAZ,-0.04849997636498282
SSP370,Interactive,AFE,3,KEN,-0.41866815248250844
SSP370,Interactive,AFE,3,KGZ,0.29465794788267763
SSP370,Interactive,AFE,3,KHM,-0.4366590183911525
SSP370,Interactive,AFE,3,KOR,-0.34156204463033435
SSP370,Interactive,AFE,3,KWT,-0.7797212160145026
SSP370,Interactive,AFE,3,LAO,-0.4140393509370256
SSP370,Interactive,AFE,3,LBN,-0.5083969647424861
SSP370,Interactive,AFE,3,LBR,-0.43383094172100956
SSP370,Interactive,AFE,3,LBY,-0.6725300280577251
SSP370,Interactive,AFE,3,LKA,-0.39232531547856375
SSP370,Interactive,AFE,3,LSO,-0.3227502393283983
SSP370,Interactive,AFE,3,LTU,-0.10302200486629742
SSP370,Interactive,AFE,3,LVA,-0.0658194781900262
SSP370,Interactive,AFE,3,MAR,-0.5793263208635037
SSP370,Interactive,AFE,3,MDA,-0.28876973013390983
SSP370,Interactive,AFE,3,MDG,-0.39899753719444997
SSP370,Interactive,AFE,3,MEX,-0.4332839037165649
SSP370,Interactive,AFE,3,MLI,-0.8118474526181856
SSP370,Interactive,AFE,3,MMR,-0.43199307600543924
SSP370,Interactive,AFE,3,MNE,-0.2946063441353771
SSP370,Interactive,AFE,3,MNG,1.1328966287704012
SSP370,Interactive,AFE,3,MOZ,-0.5259457254440214
SSP370,Interactive,AFE,3,MRT,-0.8239376649767585
SSP370,Interactive,AFE,3,MWI,-0.4699109090914083
SSP370,Interactive,AFE,3,MYS,-0.5256099839735693
SSP370,Interactive,AFE,3,NAM,-0.6971728116896907
SSP370,Interactive,AFE,3,NER,-0.7013591815485409
SSP370,Interactive,AFE,3,NGA,-0.48019711313511204
SSP370,Interactive,AFE,3,NIC,-0.7071855891608515
SSP370,Interactive,AFE,3,NLD,-0.15374901130121454
SSP370,Interactive,AFE,3,NOR,-0.001265068323895946
SSP370,Interactive,AFE,3,NPL,-0.3854548396320918
SSP370,Interactive,AFE,3,NZL,-0.26422446287430434
SSP370,Interactive,AFE,3,OMN,-0.837257183333155
SSP370,Interactive,AFE,3,PAK,-0.6860299585807522
SSP370,Interactive,AFE,3,PAN,-0.3582973179771267
SSP370,Interactive,AFE,3,PER,-0.40633854568973593
SSP370,Interactive,AFE,3,PHL,-0.4119455355699063
SSP370,Interactive,AFE,3,PNG,-0.601454040005009
SSP370,Interactive,AFE,3,POL,-0.16820959975872896
SSP370,Interactive,AFE,3,PRT,-0.3415262925624535
SSP370,Interactive,AFE,3,PRY,-0.5538342366110656
SSP370,Interactive,AFE,3,ROU,-0.25009901338247353
SSP370,Interactive,AFE,3,RUS,0.1199690194381351
SSP370,Interactive,AFE,3,RWA,-0.38295180608957624
SSP370,Interactive,AFE,3,SAU,-0.8472013803221514
SSP370,Interactive,AFE,3,SDN,-0.7605848526881046
SSP370,Interactive,AFE,3,SEN,-0.7356630795900589
SSP370,Interactive,AFE,3,SLB,-0.5721094743190163
SSP370,Interactive,AFE,3,SLE,-0.46121879748684524
SSP370,Interactive,AFE,3,SRB,-0.23201146495205416
SSP370,Interactive,AFE,3,SUR,-0.6594463807541475
SSP370,Interactive,AFE,3,SVK,-0.19679399215957327
SSP370,Interactive,AFE,3,SWE,-0.0359673616869437
SSP370,Interactive,AFE,3,SWZ,-0.36788501754590297
SSP370,Interactive,AFE,3,TCD,-0.6048861797151452
SSP370,Interactive,AFE,3,TGO,-0.48790292891560916
SSP370,Interactive,AFE,3,THA,-0.4397068036156321
SSP370,Interactive,AFE,3,TJK,-0.1286753481002415
SSP370,Interactive,AFE,3,TKM,-0.5627898114690879
SSP370,Interactive,AFE,3,TUN,-0.5902592193547203
SSP370,Interactive,AFE,3,TUR,-0.3389218603805536
SSP370,Interactive,AFE,3,TZA,-0.4507614168697428
SSP370,Interactive,AFE,3,UGA,-0.41428829308489956
SSP370,Interactive,AFE,3,UKR,-0.2226290337154766
SSP370,Interactive,AFE,3,URY,-0.3302129847813552
SSP370,Interactive,AFE,3,USA,-0.37004827632118076
SSP370,Interactive,AFE,3,UZB,-0.3598228631452359
SSP370,Interactive,AFE,3,VNM,-0.4076042684451777
SSP370,Interactive,AFE,3,YEM,-0.6445256541811872
SSP370,Interactive,AFE,3,ZAF,-0.43115934175623927
SSP370,Interactive,AFE,3,ZMB,-0.5013535944475578
SSP370,Interactive,AFE,3,ZWE,-0.5353947331397739
SSP370,Interactive,IFE,3,AFG,1.21296641229336
SSP370,Interactive,IFE,3,AGO,-0.3916853323965087
SSP370,Interactive,IFE,3,ALB,0.2000878927867833
SSP370,Interactive,IFE,3,ARE,-0.8975014866186402
SSP370,Interactive,IFE,3,ARG,-0.0100178097890955
SSP370,Interactive,IFE,3,ARM,1.7174793581077847
SSP370,Interactive,IFE,3,AUS,-0.09613167124935351
SSP370,Interactive,IFE,3,AUT,0.9031623985517592
SSP370,Interactive,IFE,3,AZE,0.4350788886469341
SSP370,Interactive,IFE,3,BDI,-0.10359023915654586
SSP370,Interactive,IFE,3,BEL,0.5360049374926088
SSP370,Interactive,IFE,3,BEN,-0.5373952017644137
SSP370,Interactive,IFE,3,BFA,-0.6982924959566299
SSP370,Interactive,IFE,3,BGD,-0.4514509322112005
SSP370,Interactive,IFE,3,BGR,0.47583419596163656
SSP370,Interactive,IFE,3,BHS,-0.5290665444476031
SSP370,Interactive,IFE,3,BIH,0.5394486016080147
SSP370,Interactive,IFE,3,BLR,1.7985681992821951
SSP370,Interactive,IFE,3,BLZ,-0.5752561832984421
SSP370,Interactive,IFE,3,BOL,0.03648825723885185
SSP370,Interactive,IFE,3,BRA,-0.3729086307280751
SSP370,Interactive,IFE,3,BTN,0.6312504430968839
SSP370,Interactive,IFE,3,BWA,-0.6056579141971979
SSP370,Interactive,IFE,3,CAF,-0.37743062908656866
SSP370,Interactive,IFE,3,CAN,1.831884845642823
SSP370,Interactive,IFE,3,CHE,1.0571426355495297
SSP370,Interactive,IFE,3,CHL,0.49223688627622875
SSP370,Interactive,IFE,3,CHN,0.3002902134147263
SSP370,Interactive,IFE,3,CIV,-0.47177580570414057
SSP370,Interactive,IFE,3,CMR,-0.4321739640442297
SSP370,Interactive,IFE,3,COD,-0.363877689226217
SSP370,Interactive,IFE,3,COG,-0.3692630951511845
SSP370,Interactive,IFE,3,COL,-0.3909625485546897
SSP370,Interactive,IFE,3,CPV,-0.599830673152137
SSP370,Interactive,IFE,3,CRI,-0.6270850952024327
SSP370,Interactive,IFE,3,CUB,-0.5880297105518852
SSP370,Interactive,IFE,3,CZE,1.05620035240704
SSP370,Interactive,IFE,3,DEU,0.8718170022010099
SSP370,Interactive,IFE,3,DNK,0.8682224609360569
SSP370,Interactive,IFE,3,DOM,-0.7205673026471718
SSP370,Interactive,IFE,3,DZA,-0.29696963632286644
SSP370,Interactive,IFE,3,ECU,-0.8045292488801985
SSP370,Interactive,IFE,3,EGY,-0.7139170307844084
SSP370,Interactive,IFE,3,ESP,0.08181549217962725
SSP370,Interactive,IFE,3,EST,2.64825197178187
SSP370,Interactive,IFE,3,ETH,-0.20861517966283494
SSP370,Interactive,IFE,3,FIN,5.188788605383179
SSP370,Interactive,IFE,3,FJI,-0.234828695314375
SSP370,Interactive,IFE,3,FRA,0.44017148497792413
SSP370,Interactive,IFE,3,GAB,-0.433210759414532
SSP370,Interactive,IFE,3,GBR,0.5367985299787563
SSP370,Interactive,IFE,3,GEO,0.905342728471626
SSP370,Interactive,IFE,3,GHA,-0.5031973341416208
SSP370,Interactive,IFE,3,GIN,-0.509485672950234
SSP370,Interactive,IFE,3,GNB,-0.7674140956879221
SSP370,Interactive,IFE,3,GNQ,-0.6287778895666023
SSP370,Interactive,IFE,3,GRC,-0.08310866526905958
SSP370,Interactive,IFE,3,GTM,-0.5324004625851855
SSP370,Interactive,IFE,3,GUY,-0.575235167723475
SSP370,Interactive,IFE,3,HND,-0.6551469990599003
SSP370,Interactive,IFE,3,HRV,0.42103624143326734
SSP370,Interactive,IFE,3,HTI,-0.7484779308800206
SSP370,Interactive,IFE,3,HUN,0.6591175456856364
SSP370,Interactive,IFE,3,IDN,-0.3987846112049631
SSP370,Interactive,IFE,3,IND,-0.5017748017728053
SSP370,Interactive,IFE,3,IRL,0.4227904826050177
SSP370,Interactive,IFE,3,IRN,-0.12348780628842315
SSP370,Interactive,IFE,3,IRQ,-0.7558806851327123
SSP370,Interactive,IFE,3,ISL,1.3562602878863732
SSP370,Interactive,IFE,3,ISR,-0.3535307226127251
SSP370,Interactive,IFE,3,ITA,0.2095675129939114
SSP370,Interactive,IFE,3,JOR,-0.4760100276129574
SSP370,Interactive,IFE,3,JPN,0.17282764594262234
SSP370,Interactive,IFE,3,KAZ,2.626843982107491
SSP370,Interactive,IFE,3,KEN,-0.2670713927720064
SSP370,Interactive,IFE,3,KGZ,5.783584153432148
SSP370,Interactive,IFE,3,KHM,-0.3796022952322988
SSP370,Interactive,IFE,3,KOR,0.3042577932339572
SSP370,Interactive,IFE,3,KWT,-0.8317257382337332
SSP370,Interactive,IFE,3,LAO,-0.24037359779082124
SSP370,Interactive,IFE,3,LBN,-0.36398701679028467
SSP370,Interactive,IFE,3,LBR,-0.387028634211963
SSP370,Interactive,IFE,3,LBY,-0.6106408866185078
SSP370,Interactive,IFE,3,LKA,-0.30914649318702847
SSP370,Interactive,IFE,3,LSO,0.2709961203852602
SSP370,Interactive,IFE,3,LTU,1.6370796304675563
SSP370,Interactive,IFE,3,LVA,1.9187462838055729
SSP370,Interactive,IFE,3,MAR,-0.40463281657067796
SSP370,Interactive,IFE,3,MDA,0.7339764851607444
SSP370,Interactive,IFE,3,MDG,-0.2401604785760083
SSP370,Interactive,IFE,3,MEX,-0.21070749619264295
SSP370,Interactive,IFE,3,MLI,-0.8684646063278322
SSP370,Interactive,IFE,3,MMR,-0.2772269869842313
SSP370,Interactive,IFE,3,MNE,0.6637341219290878
SSP370,Interactive,IFE,3,MNG,17.9693098904213
SSP370,Interactive,IFE,3,MOZ,-0.4587566984546976
SSP370,Interactive,IFE,3,MRT,-0.8866036709764074
SSP370,Interactive,IFE,3,MWI,-0.3570737617541251
SSP370,Interactive,IFE,3,MYS,-0.5239774860106052
SSP370,Interactive,IFE,3,NAM,-0.6599113713063696
SSP370,Interactive,IFE,3,NER,-0.7480904800395112
SSP370,Interactive,IFE,3,NGA,-0.41814071729154656
SSP370,Interactive,IFE,3,NIC,-0.765128721495819
SSP370,Interactive,IFE,3,NLD,0.45998768321708994
SSP370,Interactive,IFE,3,NOR,1.837317153787029
SSP370,Interactive,IFE,3,NPL,0.11551494684636499
SSP370,Interactive,IFE,3,NZL,0.16943500913601928
SSP370,Interactive,IFE,3,OMN,-0.8960777652485891
SSP370,Interactive,IFE,3,PAK,-0.5883398220376742
SSP370,Interactive,IFE,3,PAN,-0.37192717577973333
SSP370,Interactive,IFE,3,PER,0.15428516659159786
SSP370,Interactive,IFE,3,PHL,-0.38838969026421233
SSP370,Interactive,IFE,3,PNG,-0.5641521319042466
SSP370,Interactive,IFE,3,POL,1.1210690797480014
SSP370,Interactive,IFE,3,PRT,0.027472511524576193
SSP370,Interactive,IFE,3,PRY,-0.4660762050648882
SSP370,Interactive,IFE,3,ROU,0.8581590721297176
SSP370,Interactive,IFE,3,RUS,3.8890801683035443
SSP370,Interactive,IFE,3,RWA,-0.10937413998530099
SSP370,Interactive,IFE,3,SAU,-0.8927374954648714
SSP370,Interactive,IFE,3,SDN,-0.8222670677006091
SSP370,Interactive,IFE,3,SEN,-0.7985735727030534
SSP370,Interactive,IFE,3,SLB,-0.6504197513270527
SSP370,Interactive,IFE,3,SLE,-0.4243091819772099
SSP370,Interactive,IFE,3,SRB,0.6390053088844256
SSP370,Interactive,IFE,3,SUR,-0.6979577299543264
SSP370,Interactive,IFE,3,SVK,1.0104378589310947
SSP370,Interactive,IFE,3,SWE,1.7795741815490325
SSP370,Interactive,IFE,3,SWZ,-0.12527378846354986
SSP370,Interactive,IFE,3,TCD,-0.6209442596842045
SSP370,Interactive,IFE,3,TGO,-0.46558622252619264
SSP370,Interactive,IFE,3,THA,-0.37235049557511524
SSP370,Interactive,IFE,3,TJK,1.2257669639303495
SSP370,Interactive,IFE,3,TKM,-0.23027786128045746
SSP370,Interactive,IFE,3,TUN,-0.4335411592708299
SSP370,Interactive,IFE,3,TUR,0.37298182270253566
SSP370,Interactive,IFE,3,TZA,-0.3089786495400616
SSP370,Interactive,IFE,3,UGA,-0.2107049650048597
SSP370,Interactive,IFE,3,UKR,1.030291804723289
SSP370,Interactive,IFE,3,URY,-0.07207686978917804
SSP370,Interactive,IFE,3,USA,0.2078894967142031
SSP370,Interactive,IFE,3,UZB,0.6258213320657828
SSP370,Interactive,IFE,3,VNM,-0.3009088441380322
SSP370,Interactive,IFE,3,YEM,-0.6463485724439963
SSP370,Interactive,IFE,3,ZAF,-0.15376914241094752
SSP370,Interactive,IFE,3,ZMB,-0.3440912856743361
SSP370,Interactive,IFE,3,ZWE,-0.39497165767413833
SSP370,Interactive,AFE,4,AFG,-0.2241776812502394
SSP370,Interactive,AFE,4,AGO,-0.40811412725057095
SSP370,Interactive,AFE,4,ALB,-0.3654503220849501
SSP370,Interactive,AFE,4,ARE,-0.78756822926464
SSP370,Interactive,AFE,4,ARG,-0.33366635181523385
SSP370,Interactive,AFE,4,ARM,-0.15515166396084912
SSP370,Interactive,AFE,4,AUS,-0.3591936699996141
SSP370,Interactive,AFE,4,AUT,-0.31477924641240074
SSP370,Interactive,AFE,4,AZE,-0.2789590681539156
SSP370,Interactive,AFE,4,BDI,-0.3713257217514129
SSP370,Interactive,AFE,4,BEL,-0.2665587461126717
SSP370,Interactive,AFE,4,BEN,-0.4144775696509978
SSP370,Interactive,AFE,4,BFA,-0.5723706706648684
SSP370,Interactive,AFE,4,BGD,-0.4086933137712381
SSP370,Interactive,AFE,4,BGR,-0.30886940898277204
SSP370,Interactive,AFE,4,BHS,-0.41183285731250285
SSP370,Interactive,AFE,4,BIH,-0.3144252620380076
SSP370,Interactive,AFE,4,BLR,-0.12477801040731284
SSP370,Interactive,AFE,4,BLZ,-0.4853626841561195
SSP370,Interactive,AFE,4,BOL,-0.5362176688651421
SSP370,Interactive,AFE,4,BRA,-0.3823271513082045
SSP370,Interactive,AFE,4,BTN,-0.47379682372615817
SSP370,Interactive,AFE,4,BWA,-0.5925972005986477
SSP370,Interactive,AFE,4,CAF,-0.2860841155884708
SSP370,Interactive,AFE,4,CAN,-0.318416220967655
SSP370,Interactive,AFE,4,CHE,-0.4597551919930216
SSP370,Interactive,AFE,4,CHL,-0.28167231745927845
SSP370,Interactive,AFE,4,CHN,-0.3902993343859219
SSP370,Interactive,AFE,4,CIV,-0.3373526947654104
SSP370,Interactive,AFE,4,CMR,-0.21694644745701108
SSP370,Interactive,AFE,4,COD,-0.3037891485121791
SSP370,Interactive,AFE,4,COG,-0.26196790491149247
SSP370,Interactive,AFE,4,COL,-0.26595761159337206
SSP370,Interactive,AFE,4,CPV,-0.5167679308888662
SSP370,Interactive,AFE,4,CRI,-0.46695377940502314
SSP370,Interactive,AFE,4,CUB,-0.47483346969152895
SSP370,Interactive,AFE,4,CZE,-0.23379231583416538
SSP370,Interactive,AFE,4,DEU,-0.2539302764440623
SSP370,Interactive,AFE,4,DNK,-0.16625971318555954
SSP370,Interactive,AFE,4,DOM,-0.5799803498190724
SSP370,Interactive,AFE,4,DZA,-0.4664634321203912
SSP370,Interactive,AFE,4,ECU,-0.7141965110315344
SSP370,Interactive,AFE,4,EGY,-0.6614790251117455
SSP370,Interactive,AFE,4,ESP,-0.32805646695936796
SSP370,Interactive,AFE,4,EST,0.021841821191344035
SSP370,Interactive,AFE,4,ETH,-0.3790655996552649
SSP370,Interactive,AFE,4,FIN,0.2685353357960445
SSP370,Interactive,AFE,4,FJI,-0.18930224422463882
SSP370,Interactive,AFE,4,FRA,-0.3030682874239161
SSP370,Interactive,AFE,4,GAB,-0.1912219783634026
SSP370,Interactive,AFE,4,GBR,-0.2027639024028114
SSP370,Interactive,AFE,4,GEO,-0.2725245068026242
SSP370,Interactive,AFE,4,GHA,-0.3692597944251329
SSP370,Interactive,AFE,4,GIN,-0.39129768670167286
SSP370,Interactive,AFE,4,GNB,-0.633324297530494
SSP370,Interactive,AFE,4,GNQ,-0.06182367155002022
SSP370,Interactive,AFE,4,GRC,-0.39322065200376233
SSP370,Interactive,AFE,4,GTM,-0.458023286074723
SSP370,Interactive,AFE,4,GUY,-0.45247222508534024
SSP370,Interactive,AFE,4,HND,-0.5242931810838336
SSP370,Interactive,AFE,4,HRV,-0.31924551619309494
SSP370,Interactive,AFE,4,HTI,-0.6090937524139266
SSP370,Interactive,AFE,4,HUN,-0.2572112622731292
SSP370,Interactive,AFE,4,IDN,-0.10683396686916224
SSP370,Interactive,AFE,4,IND,-0.4709537335404538
SSP370,Interactive,AFE,4,IRL,-0.24220735039089158
SSP370,Interactive,AFE,4,IRN,-0.44392602924468216
SSP370,Interactive,AFE,4,IRQ,-0.7110743262236733
SSP370,Interactive,AFE,4,ISL,-0.173877082806846
SSP370,Interactive,AFE,4,ISR,-0.41383207249797416
SSP370,Interactive,AFE,4,ITA,-0.33122017025281014
SSP370,Interactive,AFE,4,JOR,-0.520621448605189
SSP370,Interactive,AFE,4,JPN,-0.46658885563786656
SSP370,Interactive,AFE,4,KAZ,0.036854341192134044
SSP370,Interactive,AFE,4,KEN,-0.3629713801396084
SSP370,Interactive,AFE,4,KGZ,0.22054192609153667
SSP370,Interactive,AFE,4,KHM,-0.1860222958381602
SSP370,Interactive,AFE,4,KOR,-0.38538232811100326
SSP370,Interactive,AFE,4,KWT,-0.726685834534645
SSP370,Interactive,AFE,4,LAO,-0.32392584757794707
SSP370,Interactive,AFE,4,LBN,-0.43569129175484467
SSP370,Interactive,AFE,4,LBR,-0.1775702175809658
SSP370,Interactive,AFE,4,LBY,-0.5954847567603094
SSP370,Interactive,AFE,4,LKA,-0.15264008958253517
SSP370,Interactive,AFE,4,LSO,-0.4104792731565011
SSP370,Interactive,AFE,4,LTU,-0.12423647773128843
SSP370,Interactive,AFE,4,LVA,-0.0825036269254289
SSP370,Interactive,AFE,4,MAR,-0.49659013702301347
SSP370,Interactive,AFE,4,MDA,-0.24247750350812147
SSP370,Interactive,AFE,4,MDG,-0.33233041528663154
SSP370,Interactive,AFE,4,MEX,-0.3948095608383757
SSP370,Interactive,AFE,4,MLI,-0.7496265510748024
SSP370,Interactive,AFE,4,MMR,-0.31191658374901055
SSP370,Interactive,AFE,4,MNE,-0.36473472381470806
SSP370,Interactive,AFE,4,MNG,1.3244922257904665
SSP370,Interactive,AFE,4,MOZ,-0.437604144366759
SSP370,Interactive,AFE,4,MRT,-0.776353498502865
SSP370,Interactive,AFE,4,MWI,-0.3990475101258224
SSP370,Interactive,AFE,4,MYS,-0.12944571314434883
SSP370,Interactive,AFE,4,NAM,-0.6265565904048115
SSP370,Interactive,AFE,4,NER,-0.6382611886492814
SSP370,Interactive,AFE,4,NGA,-0.3017401476348728
SSP370,Interactive,AFE,4,NIC,-0.6226458063441733
SSP370,Interactive,AFE,4,NLD,-0.18452112506503315
SSP370,Interactive,AFE,4,NOR,-0.12190031339333973
SSP370,Interactive,AFE,4,NPL,-0.4101733001626804
SSP370,Interactive,AFE,4,NZL,-0.30734340672680893
SSP370,Interactive,AFE,4,OMN,-0.7920588181982886
SSP370,Interactive,AFE,4,PAK,-0.6143783223694435
SSP370,Interactive,AFE,4,PAN,-0.1841417361747233
SSP370,Interactive,AFE,4,PER,-0.49913835695982267
SSP370,Interactive,AFE,4,PHL,-0.11701956087292276
SSP370,Interactive,AFE,4,PNG,-0.28636403442272307
SSP370,Interactive,AFE,4,POL,-0.18718812364169446
SSP370,Interactive,AFE,4,PRT,-0.32218070128983334
SSP370,Interactive,AFE,4,PRY,-0.4649742229859767
SSP370,Interactive,AFE,4,ROU,-0.25358805472875856
SSP370,Interactive,AFE,4,RUS,0.12120744330315159
SSP370,Interactive,AFE,4,RWA,-0.3580303873411266
SSP370,Interactive,AFE,4,SAU,-0.800881463460966
SSP370,Interactive,AFE,4,SDN,-0.704119733701715
SSP370,Interactive,AFE,4,SEN,-0.6773325628331984
SSP370,Interactive,AFE,4,SLB,-0.028559220060961565
SSP370,Interactive,AFE,4,SLE,-0.22796475613456024
SSP370,Interactive,AFE,4,SRB,-0.24260067146322994
SSP370,Interactive,AFE,4,SUR,-0.5748098287227577
SSP370,Interactive,AFE,4,SVK,-0.21922798705611934
SSP370,Interactive,AFE,4,SWE,-0.036120731419219676
SSP370,Interactive,AFE,4,SWZ,-0.3476591420971975
SSP370,Interactive,AFE,4,TCD,-0.5063622399585606
SSP370,Interactive,AFE,4,TGO,-0.3083170145457821
SSP370,Interactive,AFE,4,THA,-0.253214824210268
SSP370,Interactive,AFE,4,TJK,-0.15777861369038482
SSP370,Interactive,AFE,4,TKM,-0.469412138883048
SSP370,Interactive,AFE,4,TUN,-0.5082831622203781
SSP370,Interactive,AFE,4,TUR,-0.32306905476394443
SSP370,Interactive,AFE,4,TZA,-0.37042142984189697
SSP370,Interactive,AFE,4,UGA,-0.3317224274734999
SSP370,Interactive,AFE,4,UKR,-0.20057659442112818
SSP370,Interactive,AFE,4,URY,-0.3130872352766664
SSP370,Interactive,AFE,4,USA,-0.3915631484629031
SSP370,Interactive,AFE,4,UZB,-0.2810864754710751
SSP370,Interactive,AFE,4,VNM,-0.28728279707793647
SSP370,Interactive,AFE,4,YEM,-0.581185242891553
SSP370,Interactive,AFE,4,ZAF,-0.4031333200895737
SSP370,Interactive,AFE,4,ZMB,-0.42308244086862545
SSP370,Interactive,AFE,4,ZWE,-0.46844184179916093
SSP370,Interactive,IFE,4,AFG,1.6357382779185872
SSP370,Interactive,IFE,4,AGO,-0.5472259632647258
SSP370,Interactive,IFE,4,ALB,0.22645254868168752
SSP370,Interactive,IFE,4,ARE,-0.852319874642112
SSP370,Interactive,IFE,4,ARG,-0.025861795202352655
SSP370,Interactive,IFE,4,ARM,2.1464481429209
SSP370,Interactive,IFE,4,AUS,-0.09000941979226962
SSP370,Interactive,IFE,4,AUT,1.0053169274759122
SSP370,Interactive,IFE,4,AZE,0.6479974482538613
SSP370,Interactive,IFE,4,BDI,-0.3974227532221951
SSP370,Interactive,IFE,4,BEL,0.6240627869441109
SSP370,Interactive,IFE,4,BEN,-0.6472351204910831
SSP370,Interactive,IFE,4,BFA,-0.7722906695047375
SSP370,Interactive,IFE,4,BGD,-0.6170103207671276
SSP370,Interactive,IFE,4,BGR,0.5817243471315932
SSP370,Interactive,IFE,4,BHS,-0.537973902556045
SSP370,Interactive,IFE,4,BIH,0.5142913967557656
SSP370,Interactive,IFE,4,BLR,2.407326843765848
SSP370,Interactive,IFE,4,BLZ,-0.5796133091528177
SSP370,Interactive,IFE,4,BOL,-0.37950767416589726
SSP370,Interactive,IFE,4,BRA,-0.5104962529760213
SSP370,Interactive,IFE,4,BTN,0.432720837799341
SSP370,Interactive,IFE,4,BWA,-0.6227252759053753
SSP370,Interactive,IFE,4,CAF,-0.6091206543955553
SSP370,Interactive,IFE,4,CAN,2.313340156059303
SSP370,Interactive,IFE,4,CHE,0.9883404693951345
SSP370,Interactive,IFE,4,CHL,0.42077905303581753
SSP370,Interactive,IFE,4,CHN,0.3029689365020136
SSP370,Interactive,IFE,4,CIV,-0.6115415920953289
SSP370,Interactive,IFE,4,CMR,-0.6074588013632847
SSP370,Interactive,IFE,4,COD,-0.5832641882249574
SSP370,Interactive,IFE,4,COG,-0.5805096984566404
SSP370,Interactive,IFE,4,COL,-0.5855633007534894
SSP370,Interactive,IFE,4,CPV,-0.495989132829471
SSP370,Interactive,IFE,4,CRI,-0.5876065693433848
SSP370,Interactive,IFE,4,CUB,-0.6099099959253755
SSP370,Interactive,IFE,4,CZE,1.310327241737414
SSP370,Interactive,IFE,4,DEU,1.0702412213118495
SSP370,Interactive,IFE,4,DNK,1.1416717408515424
SSP370,Interactive,IFE,4,DOM,-0.6262507011670493
SSP370,Interactive,IFE,4,DZA,-0.1787411756075562
SSP370,Interactive,IFE,4,ECU,-0.7459850630819076
SSP370,Interactive,IFE,4,EGY,-0.5955427284954393
SSP370,Interactive,IFE,4,ESP,0.13297855730873298
SSP370,Interactive,IFE,4,EST,3.7290023871994062
SSP370,Interactive,IFE,4,ETH,-0.42021845532575375
SSP370,Interactive,IFE,4,FIN,7.525348858961694
SSP370,Interactive,IFE,4,FJI,-0.40044853180777895
SSP370,Interactive,IFE,4,FRA,0.47646042586439386
SSP370,Interactive,IFE,4,GAB,-0.5916940690048287
SSP370,Interactive,IFE,4,GBR,0.6841470141746306
SSP370,Interactive,IFE,4,GEO,1.073247959062884
SSP370,Interactive,IFE,4,GHA,-0.6126419810912473
SSP370,Interactive,IFE,4,GIN,-0.636478628172628
SSP370,Interactive,IFE,4,GNB,-0.7058202314572093
SSP370,Interactive,IFE,4,GNQ,-0.6630469843655322
SSP370,Interactive,IFE,4,GRC,-0.006345224282208073
SSP370,Interactive,IFE,4,GTM,-0.5916967324487648
SSP370,Interactive,IFE,4,GUY,-0.5911910805900265
SSP370,Interactive,IFE,4,HND,-0.6060733488369572
SSP370,Interactive,IFE,4,HRV,0.4986144586657548
SSP370,Interactive,IFE,4,HTI,-0.6670252053430943
SSP370,Interactive,IFE,4,HUN,0.8638353081969568
SSP370,Interactive,IFE,4,IDN,-0.5437255618301384
SSP370,Interactive,IFE,4,IND,-0.6330943649559935
SSP370,Interactive,IFE,4,IRL,0.4776042181423086
SSP370,Interactive,IFE,4,IRN,0.04252813001669531
SSP370,Interactive,IFE,4,IRQ,-0.6624718304790722
SSP370,Interactive,IFE,4,ISL,1.7241986900258377
SSP370,Interactive,IFE,4,ISR,-0.24416424657854063
SSP370,Interactive,IFE,4,ITA,0.2733975473613084
SSP370,Interactive,IFE,4,JOR,-0.3297644913988962
SSP370,Interactive,IFE,4,JPN,-0.14607345843612918
SSP370,Interactive,IFE,4,KAZ,3.5188873238388068
SSP370,Interactive,IFE,4,KEN,-0.4403769711567178
SSP370,Interactive,IFE,4,KGZ,7.93704265201505
SSP370,Interactive,IFE,4,KHM,-0.567209270466894
SSP370,Interactive,IFE,4,KOR,0.29216250090346096
SSP370,Interactive,IFE,4,KWT,-0.7793933416762426
SSP370,Interactive,IFE,4,LAO,-0.4669911140398567
SSP370,Interactive,IFE,4,LBN,-0.28130415098086314
SSP370,Interactive,IFE,4,LBR,-0.5556095631178052
SSP370,Interactive,IFE,4,LBY,-0.47675516486455627
SSP370,Interactive,IFE,4,LKA,-0.5532616874496397
SSP370,Interactive,IFE,4,LSO,0.12652379225437982
SSP370,Interactive,IFE,4,LTU,2.2022374749366245
SSP370,Interactive,IFE,4,LVA,2.6659257138372445
SSP370,Interactive,IFE,4,MAR,-0.26929257553122454
SSP370,Interactive,IFE,4,MDA,0.9802911040229139
SSP370,Interactive,IFE,4,MDG,-0.4122139774440996
SSP370,Interactive,IFE,4,MEX,-0.38366858381818914
SSP370,Interactive,IFE,4,MLI,-0.8607059136999615
SSP370,Interactive,IFE,4,MMR,-0.5094266351962615
SSP370,Interactive,IFE,4,MNE,0.6629715558408331
SSP370,Interactive,IFE,4,MNG,23.84815964663755
SSP370,Interactive,IFE,4,MOZ,-0.5672593161985721
SSP370,Interactive,IFE,4,MRT,-0.8287851764333917
SSP370,Interactive,IFE,4,MWI,-0.4818882671864073
SSP370,Interactive,IFE,4,MYS,-0.5947925541844163
SSP370,Interactive,IFE,4,NAM,-0.6273783998688724
SSP370,Interactive,IFE,4,NER,-0.7840718491154837
SSP370,Interactive,IFE,4,NGA,-0.616636347595566
SSP370,Interactive,IFE,4,NIC,-0.6868272290115586
SSP370,Interactive,IFE,4,NLD,0.5497099304243138
SSP370,Interactive,IFE,4,NOR,2.718913808699432
SSP370,Interactive,IFE,4,NPL,0.03665842193303437
SSP370,Interactive,IFE,4,NZL,0.10140702297767779
SSP370,Interactive,IFE,4,OMN,-0.8510857673867486
SSP370,Interactive,IFE,4,PAK,-0.5006648764188458
SSP370,Interactive,IFE,4,PAN,-0.5028701969233358
SSP370,Interactive,IFE,4,PER,-0.29349700713809246
SSP370,Interactive,IFE,4,PHL,-0.5317910807228816
SSP370,Interactive,IFE,4,PNG,-0.5746090021811834
SSP370,Interactive,IFE,4,POL,1.4559391158339876
SSP370,Interactive,IFE,4,PRT,0.00681056319625295
SSP370,Interactive,IFE,4,PRY,-0.5872465337787327
SSP370,Interactive,IFE,4,ROU,1.057419629723682
SSP370,Interactive,IFE,4,RUS,5.36384078970619
SSP370,Interactive,IFE,4,RWA,-0.3714728467397509
SSP370,Interactive,IFE,4,SAU,-0.8469017237172982
SSP370,Interactive,IFE,4,SDN,-0.831757924597998
SSP370,Interactive,IFE,4,SEN,-0.7187645894668839
SSP370,Interactive,IFE,4,SLB,-0.6159179143506586
SSP370,Interactive,IFE,4,SLE,-0.5975511068735644
SSP370,Interactive,IFE,4,SRB,0.742428169721034
SSP370,Interactive,IFE,4,SUR,-0.7070902759976241
SSP370,Interactive,IFE,4,SVK,1.2759030194766074
SSP370,Interactive,IFE,4,SWE,2.4467025561303632
SSP370,Interactive,IFE,4,SWZ,-0.2352461797858978
SSP370,Interactive,IFE,4,TCD,-0.7355841210751439
SSP370,Interactive,IFE,4,TGO,-0.6220695915382363
SSP370,Interactive,IFE,4,THA,-0.5666119452688932
SSP370,Interactive,IFE,4,TJK,1.5445900995065998
SSP370,Interactive,IFE,4,TKM,-0.028317831590272124
SSP370,Interactive,IFE,4,TUN,-0.2995111918170088
SSP370,Interactive,IFE,4,TUR,0.4369472700214747
SSP370,Interactive,IFE,4,TZA,-0.5012064086359066
SSP370,Interactive,IFE,4,UGA,-0.4700868089762551
SSP370,Interactive,IFE,4,UKR,1.3371308381862965
SSP370,Interactive,IFE,4,URY,-0.12046652938393099
SSP370,Interactive,IFE,4,USA,0.16913217786332257
SSP370,Interactive,IFE,4,UZB,0.9368837577878077
SSP370,Interactive,IFE,4,VNM,-0.49545730182803716
SSP370,Interactive,IFE,4,YEM,-0.6732083190255828
SSP370,Interactive,IFE,4,ZAF,-0.24421734362806058
SSP370,Interactive,IFE,4,ZMB,-0.5229641054573155
SSP370,Interactive,IFE,4,ZWE,-0.5093421793267257
SSP370,Interactive,AFE,5,AFG,-0.35112112760425607
SSP370,Interactive,AFE,5,AGO,-0.12891803137507185
SSP370,Interactive,AFE,5,ALB,-0.4445953359706579
SSP370,Interactive,AFE,5,ARE,-0.8002959345011377
SSP370,Interactive,AFE,5,ARG,-0.3638892889569868
SSP370,Interactive,AFE,5,ARM,-0.4175420290820435
SSP370,Interactive,AFE,5,AUS,-0.364997616155346
SSP370,Interactive,AFE,5,AUT,-0.5543835722270423
SSP370,Interactive,AFE,5,AZE,-0.31409367924756015
SSP370,Interactive,AFE,5,BDI,0.04298190870438434
SSP370,Interactive,AFE,5,BEL,-0.4466190511366511
SSP370,Interactive,AFE,5,BEN,-0.05049981546572602
SSP370,Interactive,AFE,5,BFA,-0.26909424752493993
SSP370,Interactive,AFE,5,BGD,-0.04501403033102214
SSP370,Interactive,AFE,5,BGR,-0.4218988643626378
SSP370,Interactive,AFE,5,BHS,-0.243096526000405
SSP370,Interactive,AFE,5,BIH,-0.48222837274430985
SSP370,Interactive,AFE,5,BLR,-0.4201888472249137
SSP370,Interactive,AFE,5,BLZ,-0.34068855811219423
SSP370,Interactive,AFE,5,BOL,-0.10861173828848614
SSP370,Interactive,AFE,5,BRA,-0.13184228590663316
SSP370,Interactive,AFE,5,BTN,-0.6689068413868261
SSP370,Interactive,AFE,5,BWA,-0.4756933914960466
SSP370,Interactive,AFE,5,CAF,0.2834092675736861
SSP370,Interactive,AFE,5,CAN,-0.666091771623514
SSP370,Interactive,AFE,5,CHE,-0.6714022637199675
SSP370,Interactive,AFE,5,CHL,-0.4444473252049702
SSP370,Interactive,AFE,5,CHN,-0.5254456273164239
SSP370,Interactive,AFE,5,CIV,0.08674809998558186
SSP370,Interactive,AFE,5,CMR,0.3770474149407106
SSP370,Interactive,AFE,5,COD,0.2056642649811331
SSP370,Interactive,AFE,5,COG,0.2703085585923457
SSP370,Interactive,AFE,5,COL,0.3353608176389484
SSP370,Interactive,AFE,5,CPV,-0.5079736205810128
SSP370,Interactive,AFE,5,CRI,-0.32431424445006596
SSP370,Interactive,AFE,5,CUB,-0.2873836187612604
SSP370,Interactive,AFE,5,CZE,-0.4863939997016412
SSP370,Interactive,AFE,5,DEU,-0.49721767008591333
SSP370,Interactive,AFE,5,DNK,-0.376035107277668
SSP370,Interactive,AFE,5,DOM,-0.5363780909732874
SSP370,Interactive,AFE,5,DZA,-0.4301025037456544
SSP370,Interactive,AFE,5,ECU,1.8043319620318017
SSP370,Interactive,AFE,5,EGY,-0.6382678602510965
SSP370,Interactive,AFE,5,ESP,-0.36966385471289387
SSP370,Interactive,AFE,5,EST,-0.30969547299113553
SSP370,Interactive,AFE,5,ETH,-0.1955600783028073
SSP370,Interactive,AFE,5,FIN,-0.21027404458025178
SSP370,Interactive,AFE,5,FJI,0.10218572012869687
SSP370,Interactive,AFE,5,FRA,-0.45467893736875387
SSP370,Interactive,AFE,5,GAB,0.3580419410211255
SSP370,Interactive,AFE,5,GBR,-0.3887965119076482
SSP370,Interactive,AFE,5,GEO,-0.49155896429089985
SSP370,Interactive,AFE,5,GHA,-0.00478525930309015
SSP370,Interactive,AFE,5,GIN,0.008894074912155325
SSP370,Interactive,AFE,5,GNB,-0.5829004924169163
SSP370,Interactive,AFE,5,GNQ,0.2193872453243937
SSP370,Interactive,AFE,5,GRC,-0.39655123708722495
SSP370,Interactive,AFE,5,GTM,-0.20693895073484236
SSP370,Interactive,AFE,5,GUY,-0.26596162322873196
SSP370,Interactive,AFE,5,HND,-0.3960517227061676
SSP370,Interactive,AFE,5,HRV,-0.4362373114491639
SSP370,Interactive,AFE,5,HTI,-0.5566738169642429
SSP370,Interactive,AFE,5,HUN,-0.3721474432462437
SSP370,Interactive,AFE,5,IDN,0.3265491534860234
SSP370,Interactive,AFE,5,IND,-0.1938192195382995
SSP370,Interactive,AFE,5,IRL,-0.4308465903346739
SSP370,Interactive,AFE,5,IRN,-0.40258664249732456
SSP370,Interactive,AFE,5,IRQ,-0.678703014000852
SSP370,Interactive,AFE,5,ISL,-0.5516035940107918
SSP370,Interactive,AFE,5,ISR,-0.3718651588713794
SSP370,Interactive,AFE,5,ITA,-0.40171201511164045
SSP370,Interactive,AFE,5,JOR,-0.4677761220901282
SSP370,Interactive,AFE,5,JPN,-0.34262319930131135
SSP370,Interactive,AFE,5,KAZ,-0.051688122158327965
SSP370,Interactive,AFE,5,KEN,-0.1741761430743849
SSP370,Interactive,AFE,5,KGZ,-0.29362633570266083
SSP370,Interactive,AFE,5,KHM,0.33839740016917386
SSP370,Interactive,AFE,5,KOR,-0.5309618143129857
SSP370,Interactive,AFE,5,KWT,-0.7164428695422929
SSP370,Interactive,AFE,5,LAO,-0.004785322571092654
SSP370,Interactive,AFE,5,LBN,-0.395792566467286
SSP370,Interactive,AFE,5,LBR,0.31123911243047697
SSP370,Interactive,AFE,5,LBY,-0.5565243893658762
SSP370,Interactive,AFE,5,LKA,0.4429676650700285
SSP370,Interactive,AFE,5,LSO,-0.49441695659954854
SSP370,Interactive,AFE,5,LTU,-0.4098694508590378
SSP370,Interactive,AFE,5,LVA,-0.40282965178704144
SSP370,Interactive,AFE,5,MAR,-0.4470668826775963
SSP370,Interactive,AFE,5,MDA,-0.3374238167419905
SSP370,Interactive,AFE,5,MDG,-0.10643715445016377
SSP370,Interactive,AFE,5,MEX,-0.1926273306615519
SSP370,Interactive,AFE,5,MLI,-0.6385582548389165
SSP370,Interactive,AFE,5,MMR,0.07705149817803614
SSP370,Interactive,AFE,5,MNE,-0.5465656279983565
SSP370,Interactive,AFE,5,MNG,1.3723672722301212
SSP370,Interactive,AFE,5,MOZ,-0.20281356964537445
SSP370,Interactive,AFE,5,MRT,-0.7930708273620397
SSP370,Interactive,AFE,5,MWI,-0.21025874008958545
SSP370,Interactive,AFE,5,MYS,0.2668807722608937
SSP370,Interactive,AFE,5,NAM,-0.5509452731718977
SSP370,Interactive,AFE,5,NER,-0.4761425626286744
SSP370,Interactive,AFE,5,NGA,0.22298087422791157
SSP370,Interactive,AFE,5,NIC,-0.5478677875817641
SSP370,Interactive,AFE,5,NLD,-0.3486867213871462
SSP370,Interactive,AFE,5,NOR,-0.6081111675149464
SSP370,Interactive,AFE,5,NPL,-0.49483991684739703
SSP370,Interactive,AFE,5,NZL,-0.3863593246640604
SSP370,Interactive,AFE,5,OMN,-0.7980422151616761
SSP370,Interactive,AFE,5,PAK,-0.5620979379166081
SSP370,Interactive,AFE,5,PAN,0.16155101327366572
SSP370,Interactive,AFE,5,PER,-0.2098116957530849
SSP370,Interactive,AFE,5,PHL,0.3157284246568808
SSP370,Interactive,AFE,5,PNG,0.1836108036578985
SSP370,Interactive,AFE,5,POL,-0.41912716364301705
SSP370,Interactive,AFE,5,PRT,-0.3600583049845739
SSP370,Interactive,AFE,5,PRY,-0.22115900026425006
SSP370,Interactive,AFE,5,ROU,-0.43029803258185173
SSP370,Interactive,AFE,5,RUS,-0.24053683307919738
SSP370,Interactive,AFE,5,RWA,-0.09294108664676015
SSP370,Interactive,AFE,5,SAU,-0.797218071682877
SSP370,Interactive,AFE,5,SDN,-0.5936641297439226
SSP370,Interactive,AFE,5,SEN,-0.6848512058896834
SSP370,Interactive,AFE,5,SLB,0.022950156462491877
SSP370,Interactive,AFE,5,SLE,0.29013322357448423
SSP370,Interactive,AFE,5,SRB,-0.4025791913664398
SSP370,Interactive,AFE,5,SUR,-0.402482639308834
SSP370,Interactive,AFE,5,SVK,-0.4371096430857646
SSP370,Interactive,AFE,5,SWE,-0.32214805753819586
SSP370,Interactive,AFE,5,SWZ,-0.29602518666395017
SSP370,Interactive,AFE,5,TCD,-0.13563004562764303
SSP370,Interactive,AFE,5,TGO,0.17790639842607847
SSP370,Interactive,AFE,5,THA,0.22918942931428887
SSP370,Interactive,AFE,5,TJK,-0.3992864738607873
SSP370,Interactive,AFE,5,TKM,-0.39118093130550957
SSP370,Interactive,AFE,5,TUN,-0.4578502789895045
SSP370,Interactive,AFE,5,TUR,-0.4295362897769399
SSP370,Interactive,AFE,5,TZA,-0.10351072315969678
SSP370,Interactive,AFE,5,UGA,-0.01146128131284696
SSP370,Interactive,AFE,5,UKR,-0.3583986896568827
SSP370,Interactive,AFE,5,URY,-0.31847325050489994
SSP370,Interactive,AFE,5,USA,-0.49079880909113727
SSP370,Interactive,AFE,5,UZB,-0.3011005824759885
SSP370,Interactive,AFE,5,VNM,0.06392735817268225
SSP370,Interactive,AFE,5,YEM,-0.45711132966410906
SSP370,Interactive,AFE,5,ZAF,-0.3685306243689779
SSP370,Interactive,AFE,5,ZMB,-0.17447564218625755
SSP370,Interactive,AFE,5,ZWE,-0.30693728711586177
SSP370,Interactive,IFE,5,AFG,0.20026194302774547
SSP370,Interactive,IFE,5,AGO,-0.5995650154314269
SSP370,Interactive,IFE,5,ALB,-0.3683341812702353
SSP370,Interactive,IFE,5,ARE,-0.906818780275644
SSP370,Interactive,IFE,5,ARG,-0.3718589594603259
SSP370,Interactive,IFE,5,ARM,0.23057842214090152
SSP370,Interactive,IFE,5,AUS,-0.4063383686463131
SSP370,Interactive,IFE,5,AUT,-0.17510033730614483
SSP370,Interactive,IFE,5,AZE,-0.04515654095103838
SSP370,Interactive,IFE,5,BDI,-0.27921305920357886
SSP370,Interactive,IFE,5,BEL,-0.1829763247633277
SSP370,Interactive,IFE,5,BEN,-0.638017390542631
SSP370,Interactive,IFE,5,BFA,-0.7607656829810954
SSP370,Interactive,IFE,5,BGD,-0.6296785631056542
SSP370,Interactive,IFE,5,BGR,-0.23168811293371805
SSP370,Interactive,IFE,5,BHS,-0.5687277249598923
SSP370,Interactive,IFE,5,BIH,-0.2534748181063332
SSP370,Interactive,IFE,5,BLR,0.32752938147854804
SSP370,Interactive,IFE,5,BLZ,-0.6306578868292937
SSP370,Interactive,IFE,5,BOL,-0.10451205968025468
SSP370,Interactive,IFE,5,BRA,-0.5648998497660909
SSP370,Interactive,IFE,5,BTN,-0.29711267785219053
SSP370,Interactive,IFE,5,BWA,-0.7226849926659251
SSP370,Interactive,IFE,5,CAF,-0.6153510787328662
SSP370,Interactive,IFE,5,CAN,-0.06971805839067113
SSP370,Interactive,IFE,5,CHE,-0.11597601842720939
SSP370,Interactive,IFE,5,CHL,-0.27136119831640226
SSP370,Interactive,IFE,5,CHN,-0.3869487843705104
SSP370,Interactive,IFE,5,CIV,-0.6176795499734493
SSP370,Interactive,IFE,5,CMR,-0.6340242465056003
SSP370,Interactive,IFE,5,COD,-0.5933779470854534
SSP370,Interactive,IFE,5,COG,-0.5919419421058962
SSP370,Interactive,IFE,5,COL,-0.5642212856168707
SSP370,Interactive,IFE,5,CPV,-0.6016649389602511
SSP370,Interactive,IFE,5,CRI,-0.6355637733816657
SSP370,Interactive,IFE,5,CUB,-0.6356754809512348
SSP370,Interactive,IFE,5,CZE,-0.039343257667737275
SSP370,Interactive,IFE,5,DEU,-0.10813341996886716
SSP370,Interactive,IFE,5,DNK,0.05973518309923209
SSP370,Interactive,IFE,5,DOM,-0.6894408654553033
SSP370,Interactive,IFE,5,DZA,-0.4627104674700059
SSP370,Interactive,IFE,5,ECU,2.4148574160625857
SSP370,Interactive,IFE,5,EGY,-0.7175674377888913
SSP370,Interactive,IFE,5,ESP,-0.32490899246098615
SSP370,Interactive,IFE,5,EST,0.86328605356938
SSP370,Interactive,IFE,5,ETH,-0.5204134981704436
SSP370,Interactive,IFE,5,FIN,1.966503607112085
SSP370,Interactive,IFE,5,FJI,-0.4011478278985209
SSP370,Interactive,IFE,5,FRA,-0.2503923813464598
SSP370,Interactive,IFE,5,GAB,-0.6232947484474756
SSP370,Interactive,IFE,5,GBR,-0.09654823042552485
SSP370,Interactive,IFE,5,GEO,-0.12470126225067313
SSP370,Interactive,IFE,5,GHA,-0.6069299623718479
SSP370,Interactive,IFE,5,GIN,-0.6491175661486287
SSP370,Interactive,IFE,5,GNB,-0.7563753652232845
SSP370,Interactive,IFE,5,GNQ,-0.8054495407949367
SSP370,Interactive,IFE,5,GRC,-0.3971571742206199
SSP370,Interactive,IFE,5,GTM,-0.6480926711691399
SSP370,Interactive,IFE,5,GUY,-0.6140640382790394
SSP370,Interactive,IFE,5,HND,-0.6746816985566757
SSP370,Interactive,IFE,5,HRV,-0.26309187575390924
SSP370,Interactive,IFE,5,HTI,-0.7229343872499014
SSP370,Interactive,IFE,5,HUN,-0.059145802690306004
SSP370,Interactive,IFE,5,IDN,-0.6053169625445125
SSP370,Interactive,IFE,5,IND,-0.6594727914932019
SSP370,Interactive,IFE,5,IRL,-0.18066974127383417
SSP370,Interactive,IFE,5,IRN,-0.3394194961228295
SSP370,Interactive,IFE,5,IRQ,-0.7793874222862687
SSP370,Interactive,IFE,5,ISL,0.0996527183133078
SSP370,Interactive,IFE,5,ISR,-0.419514154159059
SSP370,Interactive,IFE,5,ITA,-0.301629715383105
SSP370,Interactive,IFE,5,JOR,-0.5025620908204247
SSP370,Interactive,IFE,5,JPN,-0.18945647331893523
SSP370,Interactive,IFE,5,KAZ,1.3540178584082154
SSP370,Interactive,IFE,5,KEN,-0.5172573952930655
SSP370,Interactive,IFE,5,KGZ,1.8239700376911108
SSP370,Interactive,IFE,5,KHM,-0.5895495355359875
SSP370,Interactive,IFE,5,KOR,-0.3866068453940412
SSP370,Interactive,IFE,5,KWT,-0.8472682049929121
SSP370,Interactive,IFE,5,LAO,-0.4985952022972875
SSP370,Interactive,IFE,5,LBN,-0.475460635023923
SSP370,Interactive,IFE,5,LBR,-0.5886154430591874
SSP370,Interactive,IFE,5,LBY,-0.6211763206588536
SSP370,Interactive,IFE,5,LKA,-0.5467041615077552
SSP370,Interactive,IFE,5,LSO,-0.34332830890033794
SSP370,Interactive,IFE,5,LTU,0.2967788047655102
SSP370,Interactive,IFE,5,LVA,0.41974568773595
SSP370,Interactive,IFE,5,MAR,-0.4849797742193054
SSP370,Interactive,IFE,5,MDA,0.019355038631188703
SSP370,Interactive,IFE,5,MDG,-0.47242706784151967
SSP370,Interactive,IFE,5,MEX,-0.4631418884988152
SSP370,Interactive,IFE,5,MLI,-0.8778762555577624
SSP370,Interactive,IFE,5,MMR,-0.5270807960460129
SSP370,Interactive,IFE,5,MNE,-0.29464474160810805
SSP370,Interactive,IFE,5,MNG,13.181195434613276
SSP370,Interactive,IFE,5,MOZ,-0.6155868913491879
SSP370,Interactive,IFE,5,MRT,-0.8924908424641449
SSP370,Interactive,IFE,5,MWI,-0.5584614168360351
SSP370,Interactive,IFE,5,MYS,-0.6900564527038975
SSP370,Interactive,IFE,5,NAM,-0.7351498406789783
SSP370,Interactive,IFE,5,NER,-0.8008463876344041
SSP370,Interactive,IFE,5,NGA,-0.6113758519303758
SSP370,Interactive,IFE,5,NIC,-0.7416273763158132
SSP370,Interactive,IFE,5,NLD,-0.09071541489296964
SSP370,Interactive,IFE,5,NOR,0.02375077953760152
SSP370,Interactive,IFE,5,NPL,-0.44899932797760167
SSP370,Interactive,IFE,5,NZL,-0.29466394911112914
SSP370,Interactive,IFE,5,OMN,-0.905873882101848
SSP370,Interactive,IFE,5,PAK,-0.6618750770594511
SSP370,Interactive,IFE,5,PAN,-0.5347809441617397
SSP370,Interactive,IFE,5,PER,-0.1750140880001526
SSP370,Interactive,IFE,5,PHL,-0.5884327846218116
SSP370,Interactive,IFE,5,PNG,-0.5560694929531028
SSP370,Interactive,IFE,5,POL,0.08325911853998114
SSP370,Interactive,IFE,5,PRT,-0.3670541077042261
SSP370,Interactive,IFE,5,PRY,-0.6453286540949739
SSP370,Interactive,IFE,5,ROU,-0.07576080941042618
SSP370,Interactive,IFE,5,RUS,1.4175159618926712
SSP370,Interactive,IFE,5,RWA,-0.3884956954845984
SSP370,Interactive,IFE,5,SAU,-0.9045961267986196
SSP370,Interactive,IFE,5,SDN,-0.8529018641899677
SSP370,Interactive,IFE,5,SEN,-0.7993894986389876
SSP370,Interactive,IFE,5,SLB,-0.8127972278634445
SSP370,Interactive,IFE,5,SLE,-0.6225228403723372
SSP370,Interactive,IFE,5,SRB,-0.13756164455177522
SSP370,Interactive,IFE,5,SUR,-0.7284615631560545
SSP370,Interactive,IFE,5,SVK,0.0018923831960069304
SSP370,Interactive,IFE,5,SWE,0.5158935034794512
SSP370,Interactive,IFE,5,SWZ,-0.4316925321564412
SSP370,Interactive,IFE,5,TCD,-0.7151454974047715
SSP370,Interactive,IFE,5,TGO,-0.617028450886006
SSP370,Interactive,IFE,5,THA,-0.5717450545806757
SSP370,Interactive,IFE,5,TJK,0.13628196500147216
SSP370,Interactive,IFE,5,TKM,-0.316577223083815
SSP370,Interactive,IFE,5,TUN,-0.5008515781038125
SSP370,Interactive,IFE,5,TUR,-0.28587602454110383
SSP370,Interactive,IFE,5,TZA,-0.553199211733625
SSP370,Interactive,IFE,5,UGA,-0.5063778158236625
SSP370,Interactive,IFE,5,UKR,0.11082706997969782
SSP370,Interactive,IFE,5,URY,-0.37156846608468463
SSP370,Interactive,IFE,5,USA,-0.4001088721679651
SSP370,Interactive,IFE,5,UZB,0.0790588815793547
SSP370,Interactive,IFE,5,VNM,-0.5123225653095573
SSP370,Interactive,IFE,5,YEM,-0.7264911651909155
SSP370,Interactive,IFE,5,ZAF,-0.4932501637836697
SSP370,Interactive,IFE,5,ZMB,-0.5969652796741213
SSP370,Interactive,IFE,5,ZWE,-0.6196300822923522
SSP245,Direct,AFE,0,AFG,0.11438375537979706
SSP245,Direct,AFE,0,AGO,-0.5158985243087251
SSP245,Direct,AFE,0,ALB,-0.19074240846692347
SSP245,Direct,AFE,0,ARE,-0.7066544398128812
SSP245,Direct,AFE,0,ARG,-0.24317072825943398
SSP245,Direct,AFE,0,ARM,0.35942927530796154
SSP245,Direct,AFE,0,AUS,-0.2843899469486172
SSP245,Direct,AFE,0,AUT,0.2368074753282976
SSP245,Direct,AFE,0,AZE,-0.09591386271641589
SSP245,Direct,AFE,0,BDI,-0.4183150061291646
SSP245,Direct,AFE,0,BEL,0.07795548811027153
SSP245,Direct,AFE,0,BEN,-0.6250001368608936
SSP245,Direct,AFE,0,BFA,-0.6938565336425738
SSP245,Direct,AFE,0,BGD,-0.6169488097832728
SSP245,Direct,AFE,0,BGR,-0.07452933922460347
SSP245,Direct,AFE,0,BHS,-0.5231552523333429
SSP245,Direct,AFE,0,BIH,0.009229400079610484
SSP245,Direct,AFE,0,BLR,0.5326782707198876
SSP245,Direct,AFE,0,BLZ,-0.5153119416485812
SSP245,Direct,AFE,0,BOL,-0.34633779414549537
SSP245,Direct,AFE,0,BRA,-0.5031955872535374
SSP245,Direct,AFE,0,BTN,0.15033998798771764
SSP245,Direct,AFE,0,BWA,-0.5919556928898629
SSP245,Direct,AFE,0,CAF,-0.5866169218509902
SSP245,Direct,AFE,0,CAN,0.7357365383385943
SSP245,Direct,AFE,0,CHE,0.412248336587556
SSP245,Direct,AFE,0,CHL,-0.01503429579937443
SSP245,Direct,AFE,0,CHN,-0.0633357013325182
SSP245,Direct,AFE,0,CIV,-0.5982055752249673
SSP245,Direct,AFE,0,CMR,-0.555846545058346
SSP245,Direct,AFE,0,COD,-0.5583329656665532
SSP245,Direct,AFE,0,COG,-0.5177421561832185
SSP245,Direct,AFE,0,COL,-0.5287174241150192
SSP245,Direct,AFE,0,CPV,-0.47511458653385685
SSP245,Direct,AFE,0,CRI,-0.5620479080504701
SSP245,Direct,AFE,0,CUB,-0.5579389384340981
SSP245,Direct,AFE,0,CZE,0.2891729710649438
SSP245,Direct,AFE,0,DEU,0.23887069057598342
SSP245,Direct,AFE,0,DNK,0.25065860749542557
SSP245,Direct,AFE,0,DOM,-0.5736629049031874
SSP245,Direct,AFE,0,DZA,-0.39539077078846896
SSP245,Direct,AFE,0,ECU,-0.5151969935244041
SSP245,Direct,AFE,0,EGY,-0.5230339422763325
SSP245,Direct,AFE,0,ESP,-0.23318466427655515
SSP245,Direct,AFE,0,EST,0.8952792653582307
SSP245,Direct,AFE,0,ETH,-0.4397553743119831
SSP245,Direct,AFE,0,FIN,1.6626465130079509
SSP245,Direct,AFE,0,FJI,-0.39949009025795446
SSP245,Direct,AFE,0,FRA,9.45755387922187e-5
SSP245,Direct,AFE,0,GAB,-0.5287981258572847
SSP245,Direct,AFE,0,GBR,0.12651721079698697
SSP245,Direct,AFE,0,GEO,0.1738275108371128
SSP245,Direct,AFE,0,GHA,-0.5938980436583365
SSP245,Direct,AFE,0,GIN,-0.6130316967811702
SSP245,Direct,AFE,0,GNB,-0.6643769233119512
SSP245,Direct,AFE,0,GNQ,-0.4599890672764331
SSP245,Direct,AFE,0,GRC,-0.3111079389193837
SSP245,Direct,AFE,0,GTM,-0.5075025124768081
SSP245,Direct,AFE,0,GUY,-0.5877311158739591
SSP245,Direct,AFE,0,HND,-0.569624224298007
SSP245,Direct,AFE,0,HRV,-0.07750498077287304
SSP245,Direct,AFE,0,HTI,-0.6009896931791874
SSP245,Direct,AFE,0,HUN,0.013617049542510529
SSP245,Direct,AFE,0,IDN,-0.5447600380282414
SSP245,Direct,AFE,0,IND,-0.6113540224660456
SSP245,Direct,AFE,0,IRL,0.11333675517462583
SSP245,Direct,AFE,0,IRN,-0.31250522237250566
SSP245,Direct,AFE,0,IRQ,-0.6054375435417343
SSP245,Direct,AFE,0,ISL,1.0217471597187493
SSP245,Direct,AFE,0,ISR,-0.31506260918374074
SSP245,Direct,AFE,0,ITA,-0.17322417656962297
SSP245,Direct,AFE,0,JOR,-0.4594982727392496
SSP245,Direct,AFE,0,JPN,-0.1948579643920917
SSP245,Direct,AFE,0,KAZ,0.46343611116822947
SSP245,Direct,AFE,0,KEN,-0.4408229076439585
SSP245,Direct,AFE,0,KGZ,1.2123548582044883
SSP245,Direct,AFE,0,KHM,-0.5709574078003987
SSP245,Direct,AFE,0,KOR,-0.041185102158375564
SSP245,Direct,AFE,0,KWT,-0.6644897087554682
SSP245,Direct,AFE,0,LAO,-0.4694557612955791
SSP245,Direct,AFE,0,LBN,-0.39340621826867206
SSP245,Direct,AFE,0,LBR,-0.5493442269785671
SSP245,Direct,AFE,0,LBY,-0.46359925649381617
SSP245,Direct,AFE,0,LKA,-0.5399589809519569
SSP245,Direct,AFE,0,LSO,-0.06660241190245797
SSP245,Direct,AFE,0,LTU,0.5162759552217968
SSP245,Direct,AFE,0,LVA,0.660724727515763
SSP245,Direct,AFE,0,MAR,-0.44295054079942686
SSP245,Direct,AFE,0,MDA,0.021484730379979222
SSP245,Direct,AFE,0,MDG,-0.4196919977736895
SSP245,Direct,AFE,0,MEX,-0.3931993946311997
SSP245,Direct,AFE,0,MLI,-0.7403282755246889
SSP245,Direct,AFE,0,MMR,-0.5195012359785052
SSP245,Direct,AFE,0,MNE,0.05288048365804099
SSP245,Direct,AFE,0,MNG,1.8895137246537703
SSP245,Direct,AFE,0,MOZ,-0.5529256239035987
SSP245,Direct,AFE,0,MRT,-0.6907340634601693
SSP245,Direct,AFE,0,MWI,-0.5028595833831491
SSP245,Direct,AFE,0,MYS,-0.536339323045427
SSP245,Direct,AFE,0,NAM,-0.5562044001022641
SSP245,Direct,AFE,0,NER,-0.7060563174470209
SSP245,Direct,AFE,0,NGA,-0.6349380622976741
SSP245,Direct,AFE,0,NIC,-0.5841221849717018
SSP245,Direct,AFE,0,NLD,0.10573989376662274
SSP245,Direct,AFE,0,NOR,1.0250401908523492
SSP245,Direct,AFE,0,NPL,-0.19542508582172058
SSP245,Direct,AFE,0,NZL,-0.09030257864307989
SSP245,Direct,AFE,0,OMN,-0.6857490984813954
SSP245,Direct,AFE,0,PAK,-0.551786569662835
SSP245,Direct,AFE,0,PAN,-0.5161517934743184
SSP245,Direct,AFE,0,PER,-0.3358710829182092
SSP245,Direct,AFE,0,PHL,-0.5154596795382365
SSP245,Direct,AFE,0,PNG,-0.5180509245661495
SSP245,Direct,AFE,0,POL,0.28117767834705365
SSP245,Direct,AFE,0,PRT,-0.2610760201505399
SSP245,Direct,AFE,0,PRY,-0.6004668288589586
SSP245,Direct,AFE,0,ROU,0.10130228542413855
SSP245,Direct,AFE,0,RUS,1.052267015855985
SSP245,Direct,AFE,0,RWA,-0.41275594523915893
SSP245,Direct,AFE,0,SAU,-0.7026842256521075
SSP245,Direct,AFE,0,SDN,-0.7236489169659864
SSP245,Direct,AFE,0,SEN,-0.6193883519415595
SSP245,Direct,AFE,0,SLB,-0.5407454083423222
SSP245,Direct,AFE,0,SLE,-0.5743324034175654
SSP245,Direct,AFE,0,SRB,0.020527721356377038
SSP245,Direct,AFE,0,SUR,-0.6589964685371115
SSP245,Direct,AFE,0,SVK,0.21212832094982148
SSP245,Direct,AFE,0,SWE,0.615991582191358
SSP245,Direct,AFE,0,SWZ,-0.2802001399704759
SSP245,Direct,AFE,0,TCD,-0.6955844315636528
SSP245,Direct,AFE,0,TGO,-0.6129515592121257
SSP245,Direct,AFE,0,THA,-0.5690649124976215
SSP245,Direct,AFE,0,TJK,1.0362063283103753
SSP245,Direct,AFE,0,TKM,-0.3499476334485826
SSP245,Direct,AFE,0,TUN,-0.4196422647319823
SSP245,Direct,AFE,0,TUR,-0.1123446687163725
SSP245,Direct,AFE,0,TZA,-0.4886219055908074
SSP245,Direct,AFE,0,UGA,-0.48572458449663747
SSP245,Direct,AFE,0,UKR,0.1591590346945977
SSP245,Direct,AFE,0,URY,-0.23614793341118268
SSP245,Direct,AFE,0,USA,-0.13919680876353147
SSP245,Direct,AFE,0,UZB,-0.05177057690976761
SSP245,Direct,AFE,0,VNM,-0.5022860891522661
SSP245,Direct,AFE,0,VUT,-0.4188777749702085
SSP245,Direct,AFE,0,YEM,-0.6255103777020405
SSP245,Direct,AFE,0,ZAF,-0.34674727414835116
SSP245,Direct,AFE,0,ZMB,-0.5120686381752215
SSP245,Direct,AFE,0,ZWE,-0.5287751791919564
SSP245,Direct,IFE,0,AFG,0.022442855195885736
SSP245,Direct,IFE,0,AGO,-0.4368167495667937
SSP245,Direct,IFE,0,ALB,-0.1861943089936271
SSP245,Direct,IFE,0,ARE,-0.6098047933811304
SSP245,Direct,IFE,0,ARG,-0.21645451646473335
SSP245,Direct,IFE,0,ARM,0.1862080686458396
SSP245,Direct,IFE,0,AUS,-0.24695602166899333
SSP245,Direct,IFE,0,AUT,0.11376100628993746
SSP245,Direct,IFE,0,AZE,-0.11700566755574704
SSP245,Direct,IFE,0,BDI,-0.35544576053583354
SSP245,Direct,IFE,0,BEL,0.013492436929342544
SSP245,Direct,IFE,0,BEN,-0.5317181461165326
SSP245,Direct,IFE,0,BFA,-0.5977552394510872
SSP245,Direct,IFE,0,BGD,-0.5280438891699086
SSP245,Direct,IFE,0,BGR,-0.10237504687178434
SSP245,Direct,IFE,0,BHS,-0.43716675766494706
SSP245,Direct,IFE,0,BIH,-0.03824277383117425
SSP245,Direct,IFE,0,BLR,0.29269191157881136
SSP245,Direct,IFE,0,BLZ,-0.4304955594239328
SSP245,Direct,IFE,0,BOL,-0.305077428332297
SSP245,Direct,IFE,0,BRA,-0.4243306278796608
SSP245,Direct,IFE,0,BTN,0.06146073187817924
SSP245,Direct,IFE,0,BWA,-0.5083251974606393
SSP245,Direct,IFE,0,CAF,-0.4985277902415459
SSP245,Direct,IFE,0,CAN,0.4062236760712845
SSP245,Direct,IFE,0,CHE,0.22912479941365804
SSP245,Direct,IFE,0,CHL,-0.050355066369211166
SSP245,Direct,IFE,0,CHN,-0.0985237825787677
SSP245,Direct,IFE,0,CIV,-0.5073388719576626
SSP245,Direct,IFE,0,CMR,-0.46987134931781027
SSP245,Direct,IFE,0,COD,-0.47356718561733147
SSP245,Direct,IFE,0,COG,-0.4351395376055772
SSP245,Direct,IFE,0,COL,-0.44697737687771955
SSP245,Direct,IFE,0,CPV,-0.3967044968672401
SSP245,Direct,IFE,0,CRI,-0.4719451304386917
SSP245,Direct,IFE,0,CUB,-0.4687865926806205
SSP245,Direct,IFE,0,CZE,0.14788977077606424
SSP245,Direct,IFE,0,DEU,0.11759007788338116
SSP245,Direct,IFE,0,DNK,0.1266025663550625
SSP245,Direct,IFE,0,DOM,-0.48158937288031844
SSP245,Direct,IFE,0,DZA,-0.3410725503570926
SSP245,Direct,IFE,0,ECU,-0.4345346727973286
SSP245,Direct,IFE,0,EGY,-0.4440391508938677
SSP245,Direct,IFE,0,ESP,-0.21306817200044303
SSP245,Direct,IFE,0,EST,0.5022237023595066
SSP245,Direct,IFE,0,ETH,-0.37345695201516305
SSP245,Direct,IFE,0,FIN,0.9167205955350444
SSP245,Direct,IFE,0,FJI,-0.32681505565879687
SSP245,Direct,IFE,0,FRA,-0.04232344154699752
SSP245,Direct,IFE,0,GAB,-0.44419959291579236
SSP245,Direct,IFE,0,GBR,0.05296059706775447
SSP245,Direct,IFE,0,GEO,0.07552294907385781
SSP245,Direct,IFE,0,GHA,-0.5022701151716109
SSP245,Direct,IFE,0,GIN,-0.5219136930463704
SSP245,Direct,IFE,0,GNB,-0.5676534965050144
SSP245,Direct,IFE,0,GNQ,-0.3827447597839956
SSP245,Direct,IFE,0,GRC,-0.27451137394431524
SSP245,Direct,IFE,0,GTM,-0.4273408847944645
SSP245,Direct,IFE,0,GUY,-0.49531058510449455
SSP245,Direct,IFE,0,HND,-0.4805556268477429
SSP245,Direct,IFE,0,HRV,-0.10418176712916982
SSP245,Direct,IFE,0,HTI,-0.5071600947408135
SSP245,Direct,IFE,0,HUN,-0.040188148171714566
SSP245,Direct,IFE,0,IDN,-0.4566863232285079
SSP245,Direct,IFE,0,IND,-0.5229621898320156
SSP245,Direct,IFE,0,IRL,0.04856047370267147
SSP245,Direct,IFE,0,IRN,-0.27879867287111504
SSP245,Direct,IFE,0,IRQ,-0.5205220644440561
SSP245,Direct,IFE,0,ISL,0.6019054469310015
SSP245,Direct,IFE,0,ISR,-0.26574032444153173
SSP245,Direct,IFE,0,ITA,-0.17076454001287011
SSP245,Direct,IFE,0,JOR,-0.3937338886041052
SSP245,Direct,IFE,0,JPN,-0.1840266944802179
SSP245,Direct,IFE,0,KAZ,0.24445306458862226
SSP245,Direct,IFE,0,KEN,-0.371488941645714
SSP245,Direct,IFE,0,KGZ,0.6897187896452135
SSP245,Direct,IFE,0,KHM,-0.4825341282469575
SSP245,Direct,IFE,0,KOR,-0.07828398001530634
SSP245,Direct,IFE,0,KWT,-0.5699366892198814
SSP245,Direct,IFE,0,LAO,-0.39700850598383686
SSP245,Direct,IFE,0,LBN,-0.33283045003840517
SSP245,Direct,IFE,0,LBR,-0.46310481601786735
SSP245,Direct,IFE,0,LBY,-0.3926068025203572
SSP245,Direct,IFE,0,LKA,-0.45290353855832366
SSP245,Direct,IFE,0,LSO,-0.09210244610709994
SSP245,Direct,IFE,0,LTU,0.284539109879969
SSP245,Direct,IFE,0,LVA,0.3701322334679893
SSP245,Direct,IFE,0,MAR,-0.3798749949178165
SSP245,Direct,IFE,0,MDA,-0.037220836670393
SSP245,Direct,IFE,0,MDG,-0.3513365915490413
SSP245,Direct,IFE,0,MEX,-0.3339510944899746
SSP245,Direct,IFE,0,MLI,-0.6447218706272293
SSP245,Direct,IFE,0,MMR,-0.4403905048534872
SSP245,Direct,IFE,0,MNE,-0.010528495604649635
SSP245,Direct,IFE,0,MNG,1.0560510312924363
SSP245,Direct,IFE,0,MOZ,-0.46808679757602556
SSP245,Direct,IFE,0,MRT,-0.5945210515229113
SSP245,Direct,IFE,0,MWI,-0.4255574273868813
SSP245,Direct,IFE,0,MYS,-0.4499080987643852
SSP245,Direct,IFE,0,NAM,-0.4748740347830772
SSP245,Direct,IFE,0,NER,-0.6104375937342665
SSP245,Direct,IFE,0,NGA,-0.5423911129487362
SSP245,Direct,IFE,0,NIC,-0.49287527139630816
SSP245,Direct,IFE,0,NLD,0.041727031492855504
SSP245,Direct,IFE,0,NOR,0.5934146299482925
SSP245,Direct,IFE,0,NPL,-0.18836433064645486
SSP245,Direct,IFE,0,NZL,-0.09615538740754714
SSP245,Direct,IFE,0,OMN,-0.589706320631725
SSP245,Direct,IFE,0,PAK,-0.4745790410612375
SSP245,Direct,IFE,0,PAN,-0.43088771386927316
SSP245,Direct,IFE,0,PER,-0.29410002837413307
SSP245,Direct,IFE,0,PHL,-0.4301480381539169
SSP245,Direct,IFE,0,PNG,-0.43383957760625425
SSP245,Direct,IFE,0,POL,0.14117891201090638
SSP245,Direct,IFE,0,PRT,-0.23097676912622034
SSP245,Direct,IFE,0,PRY,-0.5139532188863395
SSP245,Direct,IFE,0,ROU,0.018860867748889953
SSP245,Direct,IFE,0,RUS,0.5902093307528524
SSP245,Direct,IFE,0,RWA,-0.3514123018702989
SSP245,Direct,IFE,0,SAU,-0.6084860287105356
SSP245,Direct,IFE,0,SDN,-0.6274905737885725
SSP245,Direct,IFE,0,SEN,-0.5256959525801168
SSP245,Direct,IFE,0,SLB,-0.4511038359958226
SSP245,Direct,IFE,0,SLE,-0.4858599789820832
SSP245,Direct,IFE,0,SRB,-0.031094993816905503
SSP245,Direct,IFE,0,SUR,-0.5638508933924649
SSP245,Direct,IFE,0,SVK,0.09598325862781043
SSP245,Direct,IFE,0,SWE,0.34771398242784457
SSP245,Direct,IFE,0,SWZ,-0.24173720774035545
SSP245,Direct,IFE,0,TCD,-0.6000758012505177
SSP245,Direct,IFE,0,TGO,-0.5204941447520184
SSP245,Direct,IFE,0,THA,-0.4811760317758019
SSP245,Direct,IFE,0,TJK,0.5971166060197539
SSP245,Direct,IFE,0,TKM,-0.3086286475359227
SSP245,Direct,IFE,0,TUN,-0.3580944768214561
SSP245,Direct,IFE,0,TUR,-0.12708978264413173
SSP245,Direct,IFE,0,TZA,-0.4123017275682923
SSP245,Direct,IFE,0,UGA,-0.4106124449025498
SSP245,Direct,IFE,0,UKR,0.05616459636550908
SSP245,Direct,IFE,0,URY,-0.2060303323225614
SSP245,Direct,IFE,0,USA,-0.1491770525112981
SSP245,Direct,IFE,0,UZB,-0.09105332808977062
SSP245,Direct,IFE,0,VNM,-0.4227556063174739
SSP245,Direct,IFE,0,VUT,-0.3442510527848681
SSP245,Direct,IFE,0,YEM,-0.5344362230378314
SSP245,Direct,IFE,0,ZAF,-0.2995273911231755
SSP245,Direct,IFE,0,ZMB,-0.43574791189030493
SSP245,Direct,IFE,0,ZWE,-0.4511980344873501
SSP245,Direct,AFE,1,AFG,0.09095933822005353
SSP245,Direct,AFE,1,AGO,-0.3610301656571241
SSP245,Direct,AFE,1,ALB,-0.10894511094299575
SSP245,Direct,AFE,1,ARE,-0.5305587832756855
SSP245,Direct,AFE,1,ARG,-0.15013514258574134
SSP245,Direct,AFE,1,ARM,0.23467589085225193
SSP245,Direct,AFE,1,AUS,-0.1787541978847902
SSP245,Direct,AFE,1,AUT,0.16082850962098028
SSP245,Direct,AFE,1,AZE,-0.045855833875354524
SSP245,Direct,AFE,1,BDI,-0.2999317313395883
SSP245,Direct,AFE,1,BEL,0.061702967733913816
SSP245,Direct,AFE,1,BEN,-0.4534900324890251
SSP245,Direct,AFE,1,BFA,-0.5187599265874283
SSP245,Direct,AFE,1,BGD,-0.45116565397018604
SSP245,Direct,AFE,1,BGR,-0.030730790782064976
SSP245,Direct,AFE,1,BHS,-0.3653903207861551
SSP245,Direct,AFE,1,BIH,0.022658395550198662
SSP245,Direct,AFE,1,BLR,0.33177876317287813
SSP245,Direct,AFE,1,BLZ,-0.35677855170618755
SSP245,Direct,AFE,1,BOL,-0.2217899789326967
SSP245,Direct,AFE,1,BRA,-0.34638343020692863
SSP245,Direct,AFE,1,BTN,0.0777464191830961
SSP245,Direct,AFE,1,BWA,-0.42099947633518886
SSP245,Direct,AFE,1,CAF,-0.42418312702082017
SSP245,Direct,AFE,1,CAN,0.43677078652195944
SSP245,Direct,AFE,1,CHE,0.256801689008086
SSP245,Direct,AFE,1,CHL,0.007704142274409076
SSP245,Direct,AFE,1,CHN,-0.03454156059477931
SSP245,Direct,AFE,1,CIV,-0.4284017004308507
SSP245,Direct,AFE,1,CMR,-0.40006496334770936
SSP245,Direct,AFE,1,COD,-0.39998093213458297
SSP245,Direct,AFE,1,COG,-0.3666688238005933
SSP245,Direct,AFE,1,COL,-0.368564495462371
SSP245,Direct,AFE,1,CPV,-0.3261749594084338
SSP245,Direct,AFE,1,CRI,-0.3805149765881737
SSP245,Direct,AFE,1,CUB,-0.39406937020892574
SSP245,Direct,AFE,1,CZE,0.19013206669124316
SSP245,Direct,AFE,1,DEU,0.15967797074904788
SSP245,Direct,AFE,1,DNK,0.16634899699852057
SSP245,Direct,AFE,1,DOM,-0.4045071347828608
SSP245,Direct,AFE,1,DZA,-0.25910232299697333
SSP245,Direct,AFE,1,ECU,-0.4023000791282919
SSP245,Direct,AFE,1,EGY,-0.36300874485172707
SSP245,Direct,AFE,1,ESP,-0.13922308062856126
SSP245,Direct,AFE,1,EST,0.5248467077373749
SSP245,Direct,AFE,1,ETH,-0.30485010790920586
SSP245,Direct,AFE,1,FIN,0.8940308799244172
SSP245,Direct,AFE,1,FJI,-0.2616621133342527
SSP245,Direct,AFE,1,FRA,0.014480122920280225
SSP245,Direct,AFE,1,GAB,-0.3734357916473011
SSP245,Direct,AFE,1,GBR,0.08817462240760277
SSP245,Direct,AFE,1,GEO,0.12342793212835268
SSP245,Direct,AFE,1,GHA,-0.4270094357180505
SSP245,Direct,AFE,1,GIN,-0.44016120468840625
SSP245,Direct,AFE,1,GNB,-0.48785301787939617
SSP245,Direct,AFE,1,GNQ,-0.32835440069687993
SSP245,Direct,AFE,1,GRC,-0.19574197196319032
SSP245,Direct,AFE,1,GTM,-0.34238636091370633
SSP245,Direct,AFE,1,GUY,-0.4143469165520224
SSP245,Direct,AFE,1,HND,-0.39194465648020527
SSP245,Direct,AFE,1,HRV,-0.03311550428220589
SSP245,Direct,AFE,1,HTI,-0.4283574192979457
SSP245,Direct,AFE,1,HUN,0.02555683518100338
SSP245,Direct,AFE,1,IDN,-0.39131870377653055
SSP245,Direct,AFE,1,IND,-0.4436104239452793
SSP245,Direct,AFE,1,IRL,0.0769435971946888
SSP245,Direct,AFE,1,IRN,-0.19654363701581945
SSP245,Direct,AFE,1,IRQ,-0.432763834173742
SSP245,Direct,AFE,1,ISL,0.5808973522740657
SSP245,Direct,AFE,1,ISR,-0.20372400343897756
SSP245,Direct,AFE,1,ITA,-0.09840244341327942
SSP245,Direct,AFE,1,JOR,-0.30981426153920977
SSP245,Direct,AFE,1,JPN,-0.12140658657380854
SSP245,Direct,AFE,1,KAZ,0.29688912705784043
SSP245,Direct,AFE,1,KEN,-0.3041206761461386
SSP245,Direct,AFE,1,KGZ,0.6830174075025754
SSP245,Direct,AFE,1,KHM,-0.41749419379231467
SSP245,Direct,AFE,1,KOR,-0.01985972099002853
SSP245,Direct,AFE,1,KWT,-0.4892617407529859
SSP245,Direct,AFE,1,LAO,-0.3366221732796586
SSP245,Direct,AFE,1,LBN,-0.2603047826916878
SSP245,Direct,AFE,1,LBR,-0.3959122729905845
SSP245,Direct,AFE,1,LBY,-0.3148490258113522
SSP245,Direct,AFE,1,LKA,-0.39252797349783974
SSP245,Direct,AFE,1,LSO,-0.036177218771225594
SSP245,Direct,AFE,1,LTU,0.3214695435047019
SSP245,Direct,AFE,1,LVA,0.39985313060049354
SSP245,Direct,AFE,1,MAR,-0.29641832091776543
SSP245,Direct,AFE,1,MDA,0.03216053374510319
SSP245,Direct,AFE,1,MDG,-0.2763394022201624
SSP245,Direct,AFE,1,MEX,-0.25379501592706655
SSP245,Direct,AFE,1,MLI,-0.5642713626061304
SSP245,Direct,AFE,1,MMR,-0.374923143429403
SSP245,Direct,AFE,1,MNE,0.04877238303953324
SSP245,Direct,AFE,1,MNG,0.9948098743384486
SSP245,Direct,AFE,1,MOZ,-0.38856008039097933
SSP245,Direct,AFE,1,MRT,-0.5147602428858957
SSP245,Direct,AFE,1,MWI,-0.34776922623987394
SSP245,Direct,AFE,1,MYS,-0.3843519295320701
SSP245,Direct,AFE,1,NAM,-0.39048790520990606
SSP245,Direct,AFE,1,NER,-0.5299747677620725
SSP245,Direct,AFE,1,NGA,-0.4629612563291856
SSP245,Direct,AFE,1,NIC,-0.41129092432424075
SSP245,Direct,AFE,1,NLD,0.07485438635618746
SSP245,Direct,AFE,1,NOR,0.5725262396117712
SSP245,Direct,AFE,1,NPL,-0.12281385588652927
SSP245,Direct,AFE,1,NZL,-0.04812465978498259
SSP245,Direct,AFE,1,OMN,-0.5098723121377122
SSP245,Direct,AFE,1,PAK,-0.3852123787172905
SSP245,Direct,AFE,1,PAN,-0.36270916855175894
SSP245,Direct,AFE,1,PER,-0.25909875394135484
SSP245,Direct,AFE,1,PHL,-0.3642626141492814
SSP245,Direct,AFE,1,PNG,-0.4075560566131009
SSP245,Direct,AFE,1,POL,0.18708790894883243
SSP245,Direct,AFE,1,PRT,-0.15659673105607785
SSP245,Direct,AFE,1,PRY,-0.4278126743716598
SSP245,Direct,AFE,1,ROU,0.0812405551113502
SSP245,Direct,AFE,1,RUS,0.6054149214785312
SSP245,Direct,AFE,1,RWA,-0.28403995406300875
SSP245,Direct,AFE,1,SAU,-0.5255898677263778
SSP245,Direct,AFE,1,SDN,-0.5477163840521884
SSP245,Direct,AFE,1,SEN,-0.44822163578145136
SSP245,Direct,AFE,1,SLB,-0.40283490311913317
SSP245,Direct,AFE,1,SLE,-0.41482329046398514
SSP245,Direct,AFE,1,SRB,0.029979485330428268
SSP245,Direct,AFE,1,SUR,-0.482026262646963
SSP245,Direct,AFE,1,SVK,0.14738455657630833
SSP245,Direct,AFE,1,SWE,0.374746995252228
SSP245,Direct,AFE,1,SWZ,-0.18491777738466342
SSP245,Direct,AFE,1,TCD,-0.5205944021524783
SSP245,Direct,AFE,1,TGO,-0.4450015588660473
SSP245,Direct,AFE,1,THA,-0.4107825053906694
SSP245,Direct,AFE,1,TJK,0.5918689063590095
SSP245,Direct,AFE,1,TKM,-0.2238920841058839
SSP245,Direct,AFE,1,TUN,-0.2793233236929106
SSP245,Direct,AFE,1,TUR,-0.05659767580682329
SSP245,Direct,AFE,1,TZA,-0.3407903088579659
SSP245,Direct,AFE,1,UGA,-0.34416129076067636
SSP245,Direct,AFE,1,UKR,0.11647575837177859
SSP245,Direct,AFE,1,URY,-0.14979667012047793
SSP245,Direct,AFE,1,USA,-0.07852904813415673
SSP245,Direct,AFE,1,UZB,-0.014786380867799931
SSP245,Direct,AFE,1,VNM,-0.3605282552877803
SSP245,Direct,AFE,1,VUT,-0.27690530320912954
SSP245,Direct,AFE,1,YEM,-0.45286895120145987
SSP245,Direct,AFE,1,ZAF,-0.22401320488551058
SSP245,Direct,AFE,1,ZMB,-0.35733865712820767
SSP245,Direct,AFE,1,ZWE,-0.3656418418521684
SSP245,Direct,IFE,1,AFG,-0.08181284430495617
SSP245,Direct,IFE,1,AGO,-0.38676545962363007
SSP245,Direct,IFE,1,ALB,-0.2052291063298235
SSP245,Direct,IFE,1,ARE,-0.525173026323372
SSP245,Direct,IFE,1,ARG,-0.21526914662877517
SSP245,Direct,IFE,1,ARM,0.022091452356034713
SSP245,Direct,IFE,1,AUS,-0.23143040113882174
SSP245,Direct,IFE,1,AUT,-0.008613925263602273
SSP245,Direct,IFE,1,AZE,-0.16220534778679663
SSP245,Direct,IFE,1,BDI,-0.33304994256847
SSP245,Direct,IFE,1,BEL,-0.06326310706435834
SSP245,Direct,IFE,1,BEN,-0.45665591681912776
SSP245,Direct,IFE,1,BFA,-0.5183610465463706
SSP245,Direct,IFE,1,BGD,-0.4716989173363695
SSP245,Direct,IFE,1,BGR,-0.14992106872321143
SSP245,Direct,IFE,1,BHS,-0.3705571962744294
SSP245,Direct,IFE,1,BIH,-0.09748136459871914
SSP245,Direct,IFE,1,BLR,0.08156304084520594
SSP245,Direct,IFE,1,BLZ,-0.36007688420428585
SSP245,Direct,IFE,1,BOL,-0.29420823737598223
SSP245,Direct,IFE,1,BRA,-0.3674015905346717
SSP245,Direct,IFE,1,BTN,-0.04992455894016867
SSP245,Direct,IFE,1,BWA,-0.4498359826138465
SSP245,Direct,IFE,1,CAF,-0.43804649289928976
SSP245,Direct,IFE,1,CAN,0.12527270679548397
SSP245,Direct,IFE,1,CHE,0.060582890990251936
SSP245,Direct,IFE,1,CHL,-0.09016994296005543
SSP245,Direct,IFE,1,CHN,-0.17631894544565663
SSP245,Direct,IFE,1,CIV,-0.4351143643221155
SSP245,Direct,IFE,1,CMR,-0.410982686854243
SSP245,Direct,IFE,1,COD,-0.41740465227826185
SSP245,Direct,IFE,1,COG,-0.38005214594453285
SSP245,Direct,IFE,1,COL,-0.38848791354695933
SSP245,Direct,IFE,1,CPV,-0.33934656178833555
SSP245,Direct,IFE,1,CRI,-0.3800823386701173
SSP245,Direct,IFE,1,CUB,-0.39753904382302563
SSP245,Direct,IFE,1,CZE,0.008223085850729062
SSP245,Direct,IFE,1,DEU,-0.005750561591504
SSP245,Direct,IFE,1,DNK,6.374408475295912e-4
SSP245,Direct,IFE,1,DOM,-0.39384007987235226
SSP245,Direct,IFE,1,DZA,-0.3093500208879626
SSP245,Direct,IFE,1,ECU,-0.384665414941023
SSP245,Direct,IFE,1,EGY,-0.38938490935956305
SSP245,Direct,IFE,1,ESP,-0.2105619435213254
SSP245,Direct,IFE,1,EST,0.18682638691650277
SSP245,Direct,IFE,1,ETH,-0.34889507566731914
SSP245,Direct,IFE,1,FIN,0.39153062590745047
SSP245,Direct,IFE,1,FJI,-0.26473341553167684
SSP245,Direct,IFE,1,FRA,-0.10000880097343534
SSP245,Direct,IFE,1,GAB,-0.3830205124546924
SSP245,Direct,IFE,1,GBR,-0.03088232017402237
SSP245,Direct,IFE,1,GEO,-0.023975836653145288
SSP245,Direct,IFE,1,GHA,-0.43136847363721353
SSP245,Direct,IFE,1,GIN,-0.44811407716311213
SSP245,Direct,IFE,1,GNB,-0.47538307305886895
SSP245,Direct,IFE,1,GNQ,-0.3358647256844767
SSP245,Direct,IFE,1,GRC,-0.26211643872029233
SSP245,Direct,IFE,1,GTM,-0.35975346583623147
SSP245,Direct,IFE,1,GUY,-0.40893976526965614
SSP245,Direct,IFE,1,HND,-0.3915682360204995
SSP245,Direct,IFE,1,HRV,-0.15180489736853053
SSP245,Direct,IFE,1,HTI,-0.41804943972257624
SSP245,Direct,IFE,1,HUN,-0.11141752200632726
SSP245,Direct,IFE,1,IDN,-0.39361501680358557
SSP245,Direct,IFE,1,IND,-0.46665076580930986
SSP245,Direct,IFE,1,IRL,-0.027194133192232628
SSP245,Direct,IFE,1,IRN,-0.2768439737790864
SSP245,Direct,IFE,1,IRQ,-0.4591395838140122
SSP245,Direct,IFE,1,ISL,0.2868214732317145
SSP245,Direct,IFE,1,ISR,-0.23845817444840867
SSP245,Direct,IFE,1,ITA,-0.19223439729642022
SSP245,Direct,IFE,1,JOR,-0.35537905409265935
SSP245,Direct,IFE,1,JPN,-0.20417316107806616
SSP245,Direct,IFE,1,KAZ,0.04510435042155714
SSP245,Direct,IFE,1,KEN,-0.34007836198312813
SSP245,Direct,IFE,1,KGZ,0.3062927864207452
SSP245,Direct,IFE,1,KHM,-0.4245949917557508
SSP245,Direct,IFE,1,KOR,-0.15102299713407086
SSP245,Direct,IFE,1,KWT,-0.49119887929256034
SSP245,Direct,IFE,1,LAO,-0.36819916518334894
SSP245,Direct,IFE,1,LBN,-0.29450253140119786
SSP245,Direct,IFE,1,LBR,-0.40457938509079905
SSP245,Direct,IFE,1,LBY,-0.34576274046258204
SSP245,Direct,IFE,1,LKA,-0.4002390875703927
SSP245,Direct,IFE,1,LSO,-0.14875896216248186
SSP245,Direct,IFE,1,LTU,0.07857352118943095
SSP245,Direct,IFE,1,LVA,0.12236597543164351
SSP245,Direct,IFE,1,MAR,-0.33895857312976685
SSP245,Direct,IFE,1,MDA,-0.11055096079742743
SSP245,Direct,IFE,1,MDG,-0.2994841544843373
SSP245,Direct,IFE,1,MEX,-0.29309142576565905
SSP245,Direct,IFE,1,MLI,-0.5583067034627147
SSP245,Direct,IFE,1,MMR,-0.400814113140348
SSP245,Direct,IFE,1,MNE,-0.08868607616813551
SSP245,Direct,IFE,1,MNG,0.494681568097318
SSP245,Direct,IFE,1,MOZ,-0.4046275592697808
SSP245,Direct,IFE,1,MRT,-0.5111762242747921
SSP245,Direct,IFE,1,MWI,-0.374636083643612
SSP245,Direct,IFE,1,MYS,-0.38772702517793345
SSP245,Direct,IFE,1,NAM,-0.41911594281036857
SSP245,Direct,IFE,1,NER,-0.5314363650075002
SSP245,Direct,IFE,1,NGA,-0.4697357125409851
SSP245,Direct,IFE,1,NIC,-0.4096986786696044
SSP245,Direct,IFE,1,NLD,-0.032564597441380516
SSP245,Direct,IFE,1,NOR,0.248929285148906
SSP245,Direct,IFE,1,NPL,-0.22065507959279762
SSP245,Direct,IFE,1,NZL,-0.11886601262517948
SSP245,Direct,IFE,1,OMN,-0.5085107380753484
SSP245,Direct,IFE,1,PAK,-0.42565332879426
SSP245,Direct,IFE,1,PAN,-0.3678394193288924
SSP245,Direct,IFE,1,PER,-0.31056334573946165
SSP245,Direct,IFE,1,PHL,-0.36794401294540546
SSP245,Direct,IFE,1,PNG,-0.38707643448220674
SSP245,Direct,IFE,1,POL,0.00368890714361636
SSP245,Direct,IFE,1,PRT,-0.2106408040404606
SSP245,Direct,IFE,1,PRY,-0.44756851910572526
SSP245,Direct,IFE,1,ROU,-0.07395424635743797
SSP245,Direct,IFE,1,RUS,0.23238265738122532
SSP245,Direct,IFE,1,RWA,-0.32596671476023076
SSP245,Direct,IFE,1,SAU,-0.5293700484288987
SSP245,Direct,IFE,1,SDN,-0.5459388776291134
SSP245,Direct,IFE,1,SEN,-0.44801002583787564
SSP245,Direct,IFE,1,SLB,-0.38870772332774084
SSP245,Direct,IFE,1,SLE,-0.4232909500623472
SSP245,Direct,IFE,1,SRB,-0.09339690651633659
SSP245,Direct,IFE,1,SUR,-0.4779696438259433
SSP245,Direct,IFE,1,SVK,-0.021082786468623715
SSP245,Direct,IFE,1,SWE,0.11642225830345754
SSP245,Direct,IFE,1,SWZ,-0.2409616526734063
SSP245,Direct,IFE,1,TCD,-0.5226994603079319
SSP245,Direct,IFE,1,TGO,-0.44963455664071883
SSP245,Direct,IFE,1,THA,-0.42176359977105604
SSP245,Direct,IFE,1,TJK,0.2596792456676127
SSP245,Direct,IFE,1,TKM,-0.2988668896967879
SSP245,Direct,IFE,1,TUN,-0.3210816722908604
SSP245,Direct,IFE,1,TUR,-0.16244847713995325
SSP245,Direct,IFE,1,TZA,-0.36885418142057236
SSP245,Direct,IFE,1,UGA,-0.3748552493983437
SSP245,Direct,IFE,1,UKR,-0.05613850437291712
SSP245,Direct,IFE,1,URY,-0.20552460098654468
SSP245,Direct,IFE,1,USA,-0.19186238018502932
SSP245,Direct,IFE,1,UZB,-0.15359171942249772
SSP245,Direct,IFE,1,VNM,-0.3811927477713417
SSP245,Direct,IFE,1,VUT,-0.2829876776434518
SSP245,Direct,IFE,1,YEM,-0.46459488739927157
SSP245,Direct,IFE,1,ZAF,-0.27988204729434385
SSP245,Direct,IFE,1,ZMB,-0.39091387073607275
SSP245,Direct,IFE,1,ZWE,-0.39698283216227404
SSP245,Direct,AFE,2,AFG,0.11742963478198076
SSP245,Direct,AFE,2,AGO,-0.269439126332107
SSP245,Direct,AFE,2,ALB,-0.040786258832231526
SSP245,Direct,AFE,2,ARE,-0.418181405736452
SSP245,Direct,AFE,2,ARG,-0.08806858161297315
SSP245,Direct,AFE,2,ARM,0.22171546462173297
SSP245,Direct,AFE,2,AUS,-0.1078235130694356
SSP245,Direct,AFE,2,AUT,0.1633497851156671
SSP245,Direct,AFE,2,AZE,0.0041351354934073825
SSP245,Direct,AFE,2,BDI,-0.22710768644940815
SSP245,Direct,AFE,2,BEL,0.07983276978277898
SSP245,Direct,AFE,2,BEN,-0.34838658789408405
SSP245,Direct,AFE,2,BFA,-0.4104030300995163
SSP245,Direct,AFE,2,BGD,-0.3557771231890289
SSP245,Direct,AFE,2,BGR,0.02119784158861515
SSP245,Direct,AFE,2,BHS,-0.2730318321874632
SSP245,Direct,AFE,2,BIH,0.06059790187063152
SSP245,Direct,AFE,2,BLR,0.29559860601025245
SSP245,Direct,AFE,2,BLZ,-0.25902757202660354
SSP245,Direct,AFE,2,BOL,-0.137399216237455
SSP245,Direct,AFE,2,BRA,-0.25057842309444744
SSP245,Direct,AFE,2,BTN,0.07595577560663469
SSP245,Direct,AFE,2,BWA,-0.31169367894289357
SSP245,Direct,AFE,2,CAF,-0.3274478651610728
SSP245,Direct,AFE,2,CAN,0.3702795765464193
SSP245,Direct,AFE,2,CHE,0.22914630362350907
SSP245,Direct,AFE,2,CHL,0.053146922542042896
SSP245,Direct,AFE,2,CHN,-0.005883311899412602
SSP245,Direct,AFE,2,CIV,-0.32429266770442944
SSP245,Direct,AFE,2,CMR,-0.3061335681132449
SSP245,Direct,AFE,2,COD,-0.3051946374059539
SSP245,Direct,AFE,2,COG,-0.2785271912471786
SSP245,Direct,AFE,2,COL,-0.2711330544086289
SSP245,Direct,AFE,2,CPV,-0.23817655911213786
SSP245,Direct,AFE,2,CRI,-0.2611129615678457
SSP245,Direct,AFE,2,CUB,-0.2957599688038338
SSP245,Direct,AFE,2,CZE,0.18085746935476
SSP245,Direct,AFE,2,DEU,0.1563247056963344
SSP245,Direct,AFE,2,DNK,0.15894774363190067
SSP245,Direct,AFE,2,DOM,-0.2917787631907073
SSP245,Direct,AFE,2,DZA,-0.16372012668392344
SSP245,Direct,AFE,2,ECU,-0.30936962790780953
SSP245,Direct,AFE,2,EGY,-0.26359444328999027
SSP245,Direct,AFE,2,ESP,-0.06351568392446383
SSP245,Direct,AFE,2,EST,0.438046109316065
SSP245,Direct,AFE,2,ETH,-0.23302317236135317
SSP245,Direct,AFE,2,FIN,0.7010849270549564
SSP245,Direct,AFE,2,FJI,-0.18230557505938227
SSP245,Direct,AFE,2,FRA,0.047731753000872956
SSP245,Direct,AFE,2,GAB,-0.28097375734325836
SSP245,Direct,AFE,2,GBR,0.09128803847621092
SSP245,Direct,AFE,2,GEO,0.1353016977036927
SSP245,Direct,AFE,2,GHA,-0.32775099078074543
SSP245,Direct,AFE,2,GIN,-0.3318619766032558
SSP245,Direct,AFE,2,GNB,-0.36774694879637515
SSP245,Direct,AFE,2,GNQ,-0.2524076993382095
SSP245,Direct,AFE,2,GRC,-0.1133302839193352
SSP245,Direct,AFE,2,GTM,-0.23712232486553564
SSP245,Direct,AFE,2,GUY,-0.3011017987032467
SSP245,Direct,AFE,2,HND,-0.26966833184536665
SSP245,Direct,AFE,2,HRV,0.01752330837607996
SSP245,Direct,AFE,2,HTI,-0.3130735934231057
SSP245,Direct,AFE,2,HUN,0.06177638163534849
SSP245,Direct,AFE,2,IDN,-0.3019398589043846
SSP245,Direct,AFE,2,IND,-0.3480081576933395
SSP245,Direct,AFE,2,IRL,0.07775410568285812
SSP245,Direct,AFE,2,IRN,-0.11841880880345501
SSP245,Direct,AFE,2,IRQ,-0.3208416860959086
SSP245,Direct,AFE,2,ISL,0.46753263332162787
SSP245,Direct,AFE,2,ISR,-0.1361397226879827
SSP245,Direct,AFE,2,ITA,-0.03703225505736574
SSP245,Direct,AFE,2,JOR,-0.21318663822001616
SSP245,Direct,AFE,2,JPN,-0.06713817303165504
SSP245,Direct,AFE,2,KAZ,0.27350357055440466
SSP245,Direct,AFE,2,KEN,-0.23259540486658448
SSP245,Direct,AFE,2,KGZ,0.5548930653250668
SSP245,Direct,AFE,2,KHM,-0.3277882464844222
SSP245,Direct,AFE,2,KOR,0.00741530894730591
SSP245,Direct,AFE,2,KWT,-0.3783086560435104
SSP245,Direct,AFE,2,LAO,-0.2648537326360959
SSP245,Direct,AFE,2,LBN,-0.17575767698186706
SSP245,Direct,AFE,2,LBR,-0.30487455382933637
SSP245,Direct,AFE,2,LBY,-0.221756081443239
SSP245,Direct,AFE,2,LKA,-0.3130173376967096
SSP245,Direct,AFE,2,LSO,-0.003527006346967232
SSP245,Direct,AFE,2,LTU,0.2849348085977661
SSP245,Direct,AFE,2,LVA,0.34260471097713463
SSP245,Direct,AFE,2,MAR,-0.19508493507037938
SSP245,Direct,AFE,2,MDA,0.07287594477446246
SSP245,Direct,AFE,2,MDG,-0.18778244485366125
SSP245,Direct,AFE,2,MEX,-0.16343225540885042
SSP245,Direct,AFE,2,MLI,-0.446755529702635
SSP245,Direct,AFE,2,MMR,-0.2934159255827914
SSP245,Direct,AFE,2,MNE,0.07695876741969165
SSP245,Direct,AFE,2,MNG,0.7632635339257561
SSP245,Direct,AFE,2,MOZ,-0.2874812864782471
SSP245,Direct,AFE,2,MRT,-0.40195918545339593
SSP245,Direct,AFE,2,MWI,-0.2543720046447978
SSP245,Direct,AFE,2,MYS,-0.29336909659419674
SSP245,Direct,AFE,2,NAM,-0.28681442727580475
SSP245,Direct,AFE,2,NER,-0.4202500924255238
SSP245,Direct,AFE,2,NGA,-0.35656818208133856
SSP245,Direct,AFE,2,NIC,-0.29889662830070574
SSP245,Direct,AFE,2,NLD,0.0793877960916205
SSP245,Direct,AFE,2,NOR,0.4471579378587811
SSP245,Direct,AFE,2,NPL,-0.07311864163127091
SSP245,Direct,AFE,2,NZL,-0.011566609899371083
SSP245,Direct,AFE,2,OMN,-0.39944103879108495
SSP245,Direct,AFE,2,PAK,-0.2783496135029494
SSP245,Direct,AFE,2,PAN,-0.2741264867284581
SSP245,Direct,AFE,2,PER,-0.20578276641140392
SSP245,Direct,AFE,2,PHL,-0.27670926759544767
SSP245,Direct,AFE,2,PNG,-0.32723483284476507
SSP245,Direct,AFE,2,POL,0.18212071366123284
SSP245,Direct,AFE,2,PRT,-0.07237501742702612
SSP245,Direct,AFE,2,PRY,-0.3161168051450841
SSP245,Direct,AFE,2,ROU,0.10757855348589263
SSP245,Direct,AFE,2,RUS,0.49766918999425824
SSP245,Direct,AFE,2,RWA,-0.2075702722474626
SSP245,Direct,AFE,2,SAU,-0.4105360820897481
SSP245,Direct,AFE,2,SDN,-0.4372137171031949
SSP245,Direct,AFE,2,SEN,-0.34231862118866274
SSP245,Direct,AFE,2,SLB,-0.3178278747389547
SSP245,Direct,AFE,2,SLE,-0.3195824038433547
SSP245,Direct,AFE,2,SRB,0.06768983430512465
SSP245,Direct,AFE,2,SUR,-0.3649468267348869
SSP245,Direct,AFE,2,SVK,0.15548361335683936
SSP245,Direct,AFE,2,SWE,0.32061654184145194
SSP245,Direct,AFE,2,SWZ,-0.13464547861711318
SSP245,Direct,AFE,2,TCD,-0.41259439478302185
SSP245,Direct,AFE,2,TGO,-0.3443387554079007
SSP245,Direct,AFE,2,THA,-0.31883102108149464
SSP245,Direct,AFE,2,TJK,0.4777354015506128
SSP245,Direct,AFE,2,TKM,-0.13945674438794076
SSP245,Direct,AFE,2,TUN,-0.1880149713849174
SSP245,Direct,AFE,2,TUR,-0.001454776995251983
SSP245,Direct,AFE,2,TZA,-0.2578483693873722
SSP245,Direct,AFE,2,UGA,-0.2670390636800708
SSP245,Direct,AFE,2,UKR,0.1321637354510623
SSP245,Direct,AFE,2,URY,-0.1002344501623893
SSP245,Direct,AFE,2,USA,-0.028996636548502375
SSP245,Direct,AFE,2,UZB,0.034053611281185114
SSP245,Direct,AFE,2,VNM,-0.2833767557716578
SSP245,Direct,AFE,2,VUT,-0.19597253820673866
SSP245,Direct,AFE,2,YEM,-0.34680122004267433
SSP245,Direct,AFE,2,ZAF,-0.1452507025512778
SSP245,Direct,AFE,2,ZMB,-0.26500291280071087
SSP245,Direct,AFE,2,ZWE,-0.2605983908734195
SSP245,Direct,IFE,2,AFG,-0.06720300740033291
SSP245,Direct,IFE,2,AGO,-0.4336030778377892
SSP245,Direct,IFE,2,ALB,-0.2094184449323614
SSP245,Direct,IFE,2,ARE,-0.5813359413411125
SSP245,Direct,IFE,2,ARG,-0.23402594324465265
SSP245,Direct,IFE,2,ARM,0.05380652844685585
SSP245,Direct,IFE,2,AUS,-0.24689935868130997
SSP245,Direct,IFE,2,AUT,0.018467903364992155
SSP245,Direct,IFE,2,AZE,-0.16691127973168118
SSP245,Direct,IFE,2,BDI,-0.3696937813153546
SSP245,Direct,IFE,2,BEL,-0.05430106063250473
SSP245,Direct,IFE,2,BEN,-0.507780242093598
SSP245,Direct,IFE,2,BFA,-0.5780590876005549
SSP245,Direct,IFE,2,BGD,-0.5346505366378469
SSP245,Direct,IFE,2,BGR,-0.14521014429074808
SSP245,Direct,IFE,2,BHS,-0.41380989834815984
SSP245,Direct,IFE,2,BIH,-0.08301209652504749
SSP245,Direct,IFE,2,BLR,0.12881633736429254
SSP245,Direct,IFE,2,BLZ,-0.393796073861741
SSP245,Direct,IFE,2,BOL,-0.3184688925554854
SSP245,Direct,IFE,2,BRA,-0.4061556345204217
SSP245,Direct,IFE,2,BTN,-0.034536350720230646
SSP245,Direct,IFE,2,BWA,-0.4961696162825212
SSP245,Direct,IFE,2,CAF,-0.4905992268637752
SSP245,Direct,IFE,2,CAN,0.17877064265648812
SSP245,Direct,IFE,2,CHE,0.09902777356304338
SSP245,Direct,IFE,2,CHL,-0.06402173755145812
SSP245,Direct,IFE,2,CHN,-0.20623880893915192
SSP245,Direct,IFE,2,CIV,-0.4829518503410547
SSP245,Direct,IFE,2,CMR,-0.45702751493207183
SSP245,Direct,IFE,2,COD,-0.46638482138792314
SSP245,Direct,IFE,2,COG,-0.4260425213500144
SSP245,Direct,IFE,2,COL,-0.4311154602295383
SSP245,Direct,IFE,2,CPV,-0.37714685043931795
SSP245,Direct,IFE,2,CRI,-0.40655281539868915
SSP245,Direct,IFE,2,CUB,-0.4417460543520536
SSP245,Direct,IFE,2,CZE,0.032180877728702484
SSP245,Direct,IFE,2,DEU,0.015032087443155762
SSP245,Direct,IFE,2,DNK,0.01941280194639905
SSP245,Direct,IFE,2,DOM,-0.41885125779044585
SSP245,Direct,IFE,2,DZA,-0.32552904321300447
SSP245,Direct,IFE,2,ECU,-0.3821845546376398
SSP245,Direct,IFE,2,EGY,-0.4299826338007995
SSP245,Direct,IFE,2,ESP,-0.20855667929353694
SSP245,Direct,IFE,2,EST,0.2583491838965406
SSP245,Direct,IFE,2,ETH,-0.40449907917308947
SSP245,Direct,IFE,2,FIN,0.5217711442144146
SSP245,Direct,IFE,2,FJI,-0.2919435936720802
SSP245,Direct,IFE,2,FRA,-0.09336025689034166
SSP245,Direct,IFE,2,GAB,-0.42640605853947255
SSP245,Direct,IFE,2,GBR,-0.023905066451383905
SSP245,Direct,IFE,2,GEO,0.002362664013665361
SSP245,Direct,IFE,2,GHA,-0.4825415746180959
SSP245,Direct,IFE,2,GIN,-0.4951783821032918
SSP245,Direct,IFE,2,GNB,-0.5117456741913622
SSP245,Direct,IFE,2,GNQ,-0.37558048898579866
SSP245,Direct,IFE,2,GRC,-0.27537324416326026
SSP245,Direct,IFE,2,GTM,-0.39020765998065576
SSP245,Direct,IFE,2,GUY,-0.4409930369617878
SSP245,Direct,IFE,2,HND,-0.41185918080012396
SSP245,Direct,IFE,2,HRV,-0.14982792631420427
SSP245,Direct,IFE,2,HTI,-0.4472332730501146
SSP245,Direct,IFE,2,HUN,-0.10475039839345712
SSP245,Direct,IFE,2,IDN,-0.44059637276412944
SSP245,Direct,IFE,2,IND,-0.5306813532852165
SSP245,Direct,IFE,2,IRL,-0.022165298891627105
SSP245,Direct,IFE,2,IRN,-0.3020417274642677
SSP245,Direct,IFE,2,IRQ,-0.5046382730312582
SSP245,Direct,IFE,2,ISL,0.3884843263991684
SSP245,Direct,IFE,2,ISR,-0.26221250135270346
SSP245,Direct,IFE,2,ITA,-0.1989091428492874
SSP245,Direct,IFE,2,JOR,-0.3881936055759355
SSP245,Direct,IFE,2,JPN,-0.2213037730812032
SSP245,Direct,IFE,2,KAZ,0.08358723690547087
SSP245,Direct,IFE,2,KEN,-0.3953671659842043
SSP245,Direct,IFE,2,KGZ,0.42153277317483506
SSP245,Direct,IFE,2,KHM,-0.4762538510882336
SSP245,Direct,IFE,2,KOR,-0.1717522476277875
SSP245,Direct,IFE,2,KWT,-0.5432719607908285
SSP245,Direct,IFE,2,LAO,-0.42333497498126627
SSP245,Direct,IFE,2,LBN,-0.3193828915055663
SSP245,Direct,IFE,2,LBR,-0.4515016253581765
SSP245,Direct,IFE,2,LBY,-0.3792296616822347
SSP245,Direct,IFE,2,LKA,-0.45809393806181653
SSP245,Direct,IFE,2,LSO,-0.1638078265806706
SSP245,Direct,IFE,2,LTU,0.1221905086046029
SSP245,Direct,IFE,2,LVA,0.17516813032069556
SSP245,Direct,IFE,2,MAR,-0.35878585956472986
SSP245,Direct,IFE,2,MDA,-0.09678502615949491
SSP245,Direct,IFE,2,MDG,-0.32615402538200666
SSP245,Direct,IFE,2,MEX,-0.31495942710833036
SSP245,Direct,IFE,2,MLI,-0.6132667719415794
SSP245,Direct,IFE,2,MMR,-0.4553986513753763
SSP245,Direct,IFE,2,MNE,-0.07925579365013247
SSP245,Direct,IFE,2,MNG,0.6549959717569329
SSP245,Direct,IFE,2,MOZ,-0.44788068668223935
SSP245,Direct,IFE,2,MRT,-0.5643812203223089
SSP245,Direct,IFE,2,MWI,-0.4173485688213854
SSP245,Direct,IFE,2,MYS,-0.43012440518198136
SSP245,Direct,IFE,2,NAM,-0.46372024097341447
SSP245,Direct,IFE,2,NER,-0.592510282128972
SSP245,Direct,IFE,2,NGA,-0.5219068276335281
SSP245,Direct,IFE,2,NIC,-0.44309813509331
SSP245,Direct,IFE,2,NLD,-0.026664645402343035
SSP245,Direct,IFE,2,NOR,0.3188851869711411
SSP245,Direct,IFE,2,NPL,-0.24968200356158243
SSP245,Direct,IFE,2,NZL,-0.1229974417279256
SSP245,Direct,IFE,2,OMN,-0.56456525699437
SSP245,Direct,IFE,2,PAK,-0.46901299850978684
SSP245,Direct,IFE,2,PAN,-0.41238260640082336
SSP245,Direct,IFE,2,PER,-0.3440462250074654
SSP245,Direct,IFE,2,PHL,-0.4118086382920997
SSP245,Direct,IFE,2,PNG,-0.40321053087674086
SSP245,Direct,IFE,2,POL,0.030309867946217706
SSP245,Direct,IFE,2,PRT,-0.20004947053483724
SSP245,Direct,IFE,2,PRY,-0.49079182091496865
SSP245,Direct,IFE,2,ROU,-0.05683142598221258
SSP245,Direct,IFE,2,RUS,0.31685315587324503
SSP245,Direct,IFE,2,RWA,-0.36586966343644933
SSP245,Direct,IFE,2,SAU,-0.5841945915163493
SSP245,Direct,IFE,2,SDN,-0.6080413828614558
SSP245,Direct,IFE,2,SEN,-0.49592548541422643
SSP245,Direct,IFE,2,SLB,-0.42470272904186546
SSP245,Direct,IFE,2,SLE,-0.47245890535291746
SSP245,Direct,IFE,2,SRB,-0.07623259074343225
SSP245,Direct,IFE,2,SUR,-0.5205055099315563
SSP245,Direct,IFE,2,SVK,0.005213767064265573
SSP245,Direct,IFE,2,SWE,0.16496266770178925
SSP245,Direct,IFE,2,SWZ,-0.283112147089697
SSP245,Direct,IFE,2,TCD,-0.5835838124432027
SSP245,Direct,IFE,2,TGO,-0.5026288924253633
SSP245,Direct,IFE,2,THA,-0.47466566528935605
SSP245,Direct,IFE,2,TJK,0.3470320339921007
SSP245,Direct,IFE,2,TKM,-0.32549358794309047
SSP245,Direct,IFE,2,TUN,-0.34751575094181775
SSP245,Direct,IFE,2,TUR,-0.16128382917874817
SSP245,Direct,IFE,2,TZA,-0.41987746312498064
SSP245,Direct,IFE,2,UGA,-0.43025152550187407
SSP245,Direct,IFE,2,UKR,-0.040556115967126605
SSP245,Direct,IFE,2,URY,-0.2358021985471369
SSP245,Direct,IFE,2,USA,-0.2099618817001676
SSP245,Direct,IFE,2,UZB,-0.1533177710071234
SSP245,Direct,IFE,2,VNM,-0.43640481158557176
SSP245,Direct,IFE,2,VUT,-0.3150691640253427
SSP245,Direct,IFE,2,YEM,-0.5175667926241008
SSP245,Direct,IFE,2,ZAF,-0.30605908181364994
SSP245,Direct,IFE,2,ZMB,-0.4382117198590817
SSP245,Direct,IFE,2,ZWE,-0.4341228534171807
SSP245,Direct,AFE,3,AFG,-0.08365531337888443
SSP245,Direct,AFE,3,AGO,-0.3340366973033695
SSP245,Direct,AFE,3,ALB,-0.1859359486247808
SSP245,Direct,AFE,3,ARE,-0.45854364996447416
SSP245,Direct,AFE,3,ARG,-0.18844525621660912
SSP245,Direct,AFE,3,ARM,0.0016212121187251238
SSP245,Direct,AFE,3,AUS,-0.20403097539517046
SSP245,Direct,AFE,3,AUT,-0.02284010211341192
SSP245,Direct,AFE,3,AZE,-0.14722638035778235
SSP245,Direct,AFE,3,BDI,-0.29235479794698105
SSP245,Direct,AFE,3,BEL,-0.06375402891640913
SSP245,Direct,AFE,3,BEN,-0.39636001577257063
SSP245,Direct,AFE,3,BFA,-0.45063467297251714
SSP245,Direct,AFE,3,BGD,-0.40666170533737567
SSP245,Direct,AFE,3,BGR,-0.13985505062104187
SSP245,Direct,AFE,3,BHS,-0.3191645848503539
SSP245,Direct,AFE,3,BIH,-0.09613189217431983
SSP245,Direct,AFE,3,BLR,0.047619006918377504
SSP245,Direct,AFE,3,BLZ,-0.31323114909149297
SSP245,Direct,AFE,3,BOL,-0.25888639786114687
SSP245,Direct,AFE,3,BRA,-0.31859798490854485
SSP245,Direct,AFE,3,BTN,-0.059385462485047835
SSP245,Direct,AFE,3,BWA,-0.3930102478360864
SSP245,Direct,AFE,3,CAF,-0.37967693130729185
SSP245,Direct,AFE,3,CAN,0.08141519087358251
SSP245,Direct,AFE,3,CHE,0.03301104566166968
SSP245,Direct,AFE,3,CHL,-0.09302902466233265
SSP245,Direct,AFE,3,CHN,-0.15244439836469104
SSP245,Direct,AFE,3,CIV,-0.3775495040314625
SSP245,Direct,AFE,3,CMR,-0.35768083171233045
SSP245,Direct,AFE,3,COD,-0.36221608579475584
SSP245,Direct,AFE,3,COG,-0.3284460700381233
SSP245,Direct,AFE,3,COL,-0.33674849477236346
SSP245,Direct,AFE,3,CPV,-0.2929266332930627
SSP245,Direct,AFE,3,CRI,-0.33172173622469747
SSP245,Direct,AFE,3,CUB,-0.3438198972102744
SSP245,Direct,AFE,3,CZE,-0.0072066787531474
SSP245,Direct,AFE,3,DEU,-0.018022977828046183
SSP245,Direct,AFE,3,DNK,-0.011535176105467948
SSP245,Direct,AFE,3,DOM,-0.3478582774225678
SSP245,Direct,AFE,3,DZA,-0.2755363509834804
SSP245,Direct,AFE,3,ECU,-0.3609466032730829
SSP245,Direct,AFE,3,EGY,-0.33872608961057593
SSP245,Direct,AFE,3,ESP,-0.1924304457061572
SSP245,Direct,AFE,3,EST,0.1293407598356917
SSP245,Direct,AFE,3,ETH,-0.2963965197510513
SSP245,Direct,AFE,3,FIN,0.2832617129477055
SSP245,Direct,AFE,3,FJI,-0.2267510845764995
SSP245,Direct,AFE,3,FRA,-0.09542055445829245
SSP245,Direct,AFE,3,GAB,-0.3317400878878135
SSP245,Direct,AFE,3,GBR,-0.034017474004993775
SSP245,Direct,AFE,3,GEO,-0.03553497342391221
SSP245,Direct,AFE,3,GHA,-0.3727693595112017
SSP245,Direct,AFE,3,GIN,-0.38998889424306316
SSP245,Direct,AFE,3,GNB,-0.42007739781871756
SSP245,Direct,AFE,3,GNQ,-0.291530003096082
SSP245,Direct,AFE,3,GRC,-0.23356793451776814
SSP245,Direct,AFE,3,GTM,-0.3134722369427255
SSP245,Direct,AFE,3,GUY,-0.35860605358318987
SSP245,Direct,AFE,3,HND,-0.34643820689361626
SSP245,Direct,AFE,3,HRV,-0.14048684729007677
SSP245,Direct,AFE,3,HTI,-0.3688024389057455
SSP245,Direct,AFE,3,HUN,-0.10634805293688276
SSP245,Direct,AFE,3,IDN,-0.3406023554954054
SSP245,Direct,AFE,3,IND,-0.40091648490224385
SSP245,Direct,AFE,3,IRL,-0.029837589961900335
SSP245,Direct,AFE,3,IRN,-0.24263046160679025
SSP245,Direct,AFE,3,IRQ,-0.4020746690711837
SSP245,Direct,AFE,3,ISL,0.20724919678202136
SSP245,Direct,AFE,3,ISR,-0.2066084888934262
SSP245,Direct,AFE,3,ITA,-0.1731006350830272
SSP245,Direct,AFE,3,JOR,-0.3110779496887297
SSP245,Direct,AFE,3,JPN,-0.18065410426983441
SSP245,Direct,AFE,3,KAZ,0.01874695374130364
SSP245,Direct,AFE,3,KEN,-0.28763916407591117
SSP245,Direct,AFE,3,KGZ,0.21776359678105361
SSP245,Direct,AFE,3,KHM,-0.3685881996149778
SSP245,Direct,AFE,3,KOR,-0.13267648991999914
SSP245,Direct,AFE,3,KWT,-0.4284808463554505
SSP245,Direct,AFE,3,LAO,-0.3157766045263425
SSP245,Direct,AFE,3,LBN,-0.2576338863325056
SSP245,Direct,AFE,3,LBR,-0.3514214249773008
SSP245,Direct,AFE,3,LBY,-0.3013619969028919
SSP245,Direct,AFE,3,LKA,-0.3429566637272834
SSP245,Direct,AFE,3,LSO,-0.13218569934184088
SSP245,Direct,AFE,3,LTU,0.04640822185213023
SSP245,Direct,AFE,3,LVA,0.08074779389479403
SSP245,Direct,AFE,3,MAR,-0.3013234490469352
SSP245,Direct,AFE,3,MDA,-0.10848971443440203
SSP245,Direct,AFE,3,MDG,-0.26005941304715163
SSP245,Direct,AFE,3,MEX,-0.256621313979274
SSP245,Direct,AFE,3,MLI,-0.490881538071684
SSP245,Direct,AFE,3,MMR,-0.34586743326207114
SSP245,Direct,AFE,3,MNE,-0.08707165672578776
SSP245,Direct,AFE,3,MNG,0.3626464578964661
SSP245,Direct,AFE,3,MOZ,-0.35134785438236593
SSP245,Direct,AFE,3,MRT,-0.4467580178950801
SSP245,Direct,AFE,3,MWI,-0.32418124312290886
SSP245,Direct,AFE,3,MYS,-0.33731695433607267
SSP245,Direct,AFE,3,NAM,-0.3648571709282832
SSP245,Direct,AFE,3,NER,-0.4623363724437134
SSP245,Direct,AFE,3,NGA,-0.40855555028877044
SSP245,Direct,AFE,3,NIC,-0.35893130655260264
SSP245,Direct,AFE,3,NLD,-0.03470751842296427
SSP245,Direct,AFE,3,NOR,0.18273497057725518
SSP245,Direct,AFE,3,NPL,-0.1915487642079371
SSP245,Direct,AFE,3,NZL,-0.10696859537859871
SSP245,Direct,AFE,3,OMN,-0.4428411978550467
SSP245,Direct,AFE,3,PAK,-0.3719244202704699
SSP245,Direct,AFE,3,PAN,-0.3166890835409014
SSP245,Direct,AFE,3,PER,-0.2777775369445995
SSP245,Direct,AFE,3,PHL,-0.31749535041381916
SSP245,Direct,AFE,3,PNG,-0.3557374265713956
SSP245,Direct,AFE,3,POL,-0.012137531506245747
SSP245,Direct,AFE,3,PRT,-0.19480722956625673
SSP245,Direct,AFE,3,PRY,-0.3917305391023197
SSP245,Direct,AFE,3,ROU,-0.07711983809338752
SSP245,Direct,AFE,3,RUS,0.16396147778013614
SSP245,Direct,AFE,3,RWA,-0.28231002997425203
SSP245,Direct,AFE,3,SAU,-0.46354938165366655
SSP245,Direct,AFE,3,SDN,-0.47551960155406436
SSP245,Direct,AFE,3,SEN,-0.38952692435430547
SSP245,Direct,AFE,3,SLB,-0.34358518647822245
SSP245,Direct,AFE,3,SLE,-0.36741047201584875
SSP245,Direct,AFE,3,SRB,-0.09358922857398166
SSP245,Direct,AFE,3,SUR,-0.4198421944426204
SSP245,Direct,AFE,3,SVK,-0.03355355035968921
SSP245,Direct,AFE,3,SWE,0.0776008826779393
SSP245,Direct,AFE,3,SWZ,-0.20304346288816943
SSP245,Direct,AFE,3,TCD,-0.4543300085012427
SSP245,Direct,AFE,3,TGO,-0.3893798165373218
SSP245,Direct,AFE,3,THA,-0.36439618809788166
SSP245,Direct,AFE,3,TJK,0.18748370374937617
SSP245,Direct,AFE,3,TKM,-0.2622129164109618
SSP245,Direct,AFE,3,TUN,-0.2818592396847007
SSP245,Direct,AFE,3,TUR,-0.14942042542007838
SSP245,Direct,AFE,3,TZA,-0.315841735155439
SSP245,Direct,AFE,3,UGA,-0.3206857638617625
SSP245,Direct,AFE,3,UKR,-0.061126710428972
SSP245,Direct,AFE,3,URY,-0.1749317872527829
SSP245,Direct,AFE,3,USA,-0.16936398024661015
SSP245,Direct,AFE,3,UZB,-0.14213085851670393
SSP245,Direct,AFE,3,VNM,-0.3268560875188312
SSP245,Direct,AFE,3,VUT,-0.24169679194782823
SSP245,Direct,AFE,3,YEM,-0.4032240547109063
SSP245,Direct,AFE,3,ZAF,-0.24430671086735356
SSP245,Direct,AFE,3,ZMB,-0.33805333374774016
SSP245,Direct,AFE,3,ZWE,-0.34732638112283065
SSP245,Direct,IFE,3,AFG,0.5200515476072991
SSP245,Direct,IFE,3,AGO,-0.21440035430429139
SSP245,Direct,IFE,3,ALB,0.1884045134403849
SSP245,Direct,IFE,3,ARE,-0.43392592104200856
SSP245,Direct,IFE,3,ARG,0.05222313218195285
SSP245,Direct,IFE,3,ARM,0.7055937783703072
SSP245,Direct,IFE,3,AUS,0.012866973253890412
SSP245,Direct,IFE,3,AUT,0.5469596849539615
SSP245,Direct,IFE,3,AZE,0.2665462365481148
SSP245,Direct,IFE,3,BDI,-0.11299531681225838
SSP245,Direct,IFE,3,BEL,0.3512618461336714
SSP245,Direct,IFE,3,BEN,-0.34331664114038674
SSP245,Direct,IFE,3,BFA,-0.4199098891600488
SSP245,Direct,IFE,3,BGD,-0.3198591380461798
SSP245,Direct,IFE,3,BGR,0.30134996149306925
SSP245,Direct,IFE,3,BHS,-0.26297317739938164
SSP245,Direct,IFE,3,BIH,0.33787115514048516
SSP245,Direct,IFE,3,BLR,0.8745044932170007
SSP245,Direct,IFE,3,BLZ,-0.24473487937263283
SSP245,Direct,IFE,3,BOL,0.0308146832699554
SSP245,Direct,IFE,3,BRA,-0.20542409782773363
SSP245,Direct,IFE,3,BTN,0.42036781094247444
SSP245,Direct,IFE,3,BWA,-0.24767577506945548
SSP245,Direct,IFE,3,CAF,-0.2931669799960699
SSP245,Direct,IFE,3,CAN,1.114164812605896
SSP245,Direct,IFE,3,CHE,0.6745369551871696
SSP245,Direct,IFE,3,CHL,0.2914765738814118
SSP245,Direct,IFE,3,CHN,0.30031892711356667
SSP245,Direct,IFE,3,CIV,-0.3113850768411195
SSP245,Direct,IFE,3,CMR,-0.26635139224919246
SSP245,Direct,IFE,3,COD,-0.25958336910675306
SSP245,Direct,IFE,3,COG,-0.24152736315312828
SSP245,Direct,IFE,3,COL,-0.2284620148418195
SSP245,Direct,IFE,3,CPV,-0.2083628735557933
SSP245,Direct,IFE,3,CRI,-0.2748350275623622
SSP245,Direct,IFE,3,CUB,-0.2879260858913082
SSP245,Direct,IFE,3,CZE,0.5838713964136901
SSP245,Direct,IFE,3,DEU,0.5205431500102731
SSP245,Direct,IFE,3,DNK,0.5169298298083025
SSP245,Direct,IFE,3,DOM,-0.2923729168726801
SSP245,Direct,IFE,3,DZA,-0.030039590463926236
SSP245,Direct,IFE,3,ECU,-0.18078724591617612
SSP245,Direct,IFE,3,EGY,-0.20453778315732718
SSP245,Direct,IFE,3,ESP,0.11813619508158202
SSP245,Direct,IFE,3,EST,1.233164969758
SSP245,Direct,IFE,3,ETH,-0.1489608715271188
SSP245,Direct,IFE,3,FIN,1.919780539688941
SSP245,Direct,IFE,3,FJI,-0.18270009602017323
SSP245,Direct,IFE,3,FRA,0.30255694080013673
SSP245,Direct,IFE,3,GAB,-0.2526704106919302
SSP245,Direct,IFE,3,GBR,0.3371297338141459
SSP245,Direct,IFE,3,GEO,0.4687823110573148
SSP245,Direct,IFE,3,GHA,-0.32043034496215417
SSP245,Direct,IFE,3,GIN,-0.3164652674641707
SSP245,Direct,IFE,3,GNB,-0.37594783771046514
SSP245,Direct,IFE,3,GNQ,-0.20831601385822407
SSP245,Direct,IFE,3,GRC,0.04893903334351246
SSP245,Direct,IFE,3,GTM,-0.20472117622330843
SSP245,Direct,IFE,3,GUY,-0.3040457400794333
SSP245,Direct,IFE,3,HND,-0.2614570898036438
SSP245,Direct,IFE,3,HRV,0.292849183941305
SSP245,Direct,IFE,3,HTI,-0.3158830564253311
SSP245,Direct,IFE,3,HUN,0.3741006404699525
SSP245,Direct,IFE,3,IDN,-0.28343376456490055
SSP245,Direct,IFE,3,IND,-0.3146232190510627
SSP245,Direct,IFE,3,IRL,0.2907156668839581
SSP245,Direct,IFE,3,IRN,0.060929690973515305
SSP245,Direct,IFE,3,IRQ,-0.25999554247389434
SSP245,Direct,IFE,3,ISL,1.131545146283996
SSP245,Direct,IFE,3,ISR,-0.061195210093593966
SSP245,Direct,IFE,3,ITA,0.1789400864446613
SSP245,Direct,IFE,3,JOR,-0.10632165195281407
SSP245,Direct,IFE,3,JPN,0.12472634438206698
SSP245,Direct,IFE,3,KAZ,0.8582261568315614
SSP245,Direct,IFE,3,KEN,-0.17105434126575414
SSP245,Direct,IFE,3,KGZ,1.4468626173371963
SSP245,Direct,IFE,3,KHM,-0.29377537119718733
SSP245,Direct,IFE,3,KOR,0.29224990184633226
SSP245,Direct,IFE,3,KWT,-0.37547403774741495
SSP245,Direct,IFE,3,LAO,-0.1860493374191876
SSP245,Direct,IFE,3,LBN,-0.09328443430774913
SSP245,Direct,IFE,3,LBR,-0.2694953589957473
SSP245,Direct,IFE,3,LBY,-0.149056594213406
SSP245,Direct,IFE,3,LKA,-0.2883064111717374
SSP245,Direct,IFE,3,LSO,0.24427569084501388
SSP245,Direct,IFE,3,LTU,0.8404030436449608
SSP245,Direct,IFE,3,LVA,0.9812008675388662
SSP245,Direct,IFE,3,MAR,-0.07722616511620661
SSP245,Direct,IFE,3,MDA,0.4107337088632421
SSP245,Direct,IFE,3,MDG,-0.1405139825719528
SSP245,Direct,IFE,3,MEX,-0.07855793872471062
SSP245,Direct,IFE,3,MLI,-0.46110704110829703
SSP245,Direct,IFE,3,MMR,-0.2250020769916794
SSP245,Direct,IFE,3,MNE,0.3875557551187081
SSP245,Direct,IFE,3,MNG,1.921616576303303
SSP245,Direct,IFE,3,MOZ,-0.25249385595067
SSP245,Direct,IFE,3,MRT,-0.41041763951502064
SSP245,Direct,IFE,3,MWI,-0.1976552289677972
SSP245,Direct,IFE,3,MYS,-0.266153574078004
SSP245,Direct,IFE,3,NAM,-0.22477598548120936
SSP245,Direct,IFE,3,NER,-0.4289614430347106
SSP245,Direct,IFE,3,NGA,-0.3429167410625388
SSP245,Direct,IFE,3,NIC,-0.2953599252497354
SSP245,Direct,IFE,3,NLD,0.2982930353863462
SSP245,Direct,IFE,3,NOR,1.1784214211486033
SSP245,Direct,IFE,3,NPL,0.1418799847515
SSP245,Direct,IFE,3,NZL,0.1374792662972948
SSP245,Direct,IFE,3,OMN,-0.40804994996118915
SSP245,Direct,IFE,3,PAK,-0.1876837615386534
SSP245,Direct,IFE,3,PAN,-0.25994125939490964
SSP245,Direct,IFE,3,PER,-0.002164732126429647
SSP245,Direct,IFE,3,PHL,-0.26001750206708074
SSP245,Direct,IFE,3,PNG,-0.2293864947743388
SSP245,Direct,IFE,3,POL,0.5937189686499087
SSP245,Direct,IFE,3,PRT,0.07680454847454432
SSP245,Direct,IFE,3,PRY,-0.27009057583855345
SSP245,Direct,IFE,3,ROU,0.46677471284155425
SSP245,Direct,IFE,3,RUS,1.3801490435165347
SSP245,Direct,IFE,3,RWA,-0.10571783453477168
SSP245,Direct,IFE,3,SAU,-0.40617154122814003
SSP245,Direct,IFE,3,SDN,-0.4535476323329828
SSP245,Direct,IFE,3,SEN,-0.3408192454018655
SSP245,Direct,IFE,3,SLB,-0.28645930733948133
SSP245,Direct,IFE,3,SLE,-0.29078701700430376
SSP245,Direct,IFE,3,SRB,0.3559704782886308
SSP245,Direct,IFE,3,SUR,-0.3658366765977398
SSP245,Direct,IFE,3,SVK,0.5397329919320426
SSP245,Direct,IFE,3,SWE,0.9029422867957111
SSP245,Direct,IFE,3,SWZ,-0.02918723213424368
SSP245,Direct,IFE,3,TCD,-0.41807815588203434
SSP245,Direct,IFE,3,TGO,-0.3347749750077853
SSP245,Direct,IFE,3,THA,-0.2898060219608539
SSP245,Direct,IFE,3,TJK,1.2321955154310928
SSP245,Direct,IFE,3,TKM,0.03097777636054655
SSP245,Direct,IFE,3,TUN,-0.08623121134795564
SSP245,Direct,IFE,3,TUR,0.24520411977088297
SSP245,Direct,IFE,3,TZA,-0.20362230569871453
SSP245,Direct,IFE,3,UGA,-0.20107227256043292
SSP245,Direct,IFE,3,UKR,0.5246609954417714
SSP245,Direct,IFE,3,URY,0.006070283684387556
SSP245,Direct,IFE,3,USA,0.22122638847823195
SSP245,Direct,IFE,3,UZB,0.35684526383497883
SSP245,Direct,IFE,3,VNM,-0.23164269239985213
SSP245,Direct,IFE,3,VUT,-0.19310816797369978
SSP245,Direct,IFE,3,YEM,-0.32749666357102325
SSP245,Direct,IFE,3,ZAF,-0.021425129522213093
SSP245,Direct,IFE,3,ZMB,-0.19317933308532387
SSP245,Direct,IFE,3,ZWE,-0.18716939275337097
SSP245,Direct,AFE,4,AFG,-0.10095663887389583
SSP245,Direct,AFE,4,AGO,-0.27458085464691384
SSP245,Direct,AFE,4,ALB,-0.17341988579459444
SSP245,Direct,AFE,4,ARE,-0.3772203925875859
SSP245,Direct,AFE,4,ARG,-0.16522212887589927
SSP245,Direct,AFE,4,ARM,-0.03785473843135223
SSP245,Direct,AFE,4,AUS,-0.1785064484963087
SSP245,Direct,AFE,4,AUT,-0.0518404230484385
SSP245,Direct,AFE,4,AZE,-0.14198526025202285
SSP245,Direct,AFE,4,BDI,-0.23679675360789332
SSP245,Direct,AFE,4,BEL,-0.07517451534335118
SSP245,Direct,AFE,4,BEN,-0.32522561664942073
SSP245,Direct,AFE,4,BFA,-0.3688024328744204
SSP245,Direct,AFE,4,BGD,-0.3293867410813751
SSP245,Direct,AFE,4,BGR,-0.13939201483272912
SSP245,Direct,AFE,4,BHS,-0.2606160078114613
SSP245,Direct,AFE,4,BIH,-0.10506427780500704
SSP245,Direct,AFE,4,BLR,-0.007516380994261995
SSP245,Direct,AFE,4,BLZ,-0.2599246038123805
SSP245,Direct,AFE,4,BOL,-0.22627539830349885
SSP245,Direct,AFE,4,BRA,-0.26528934718887276
SSP245,Direct,AFE,4,BTN,-0.06508216474923478
SSP245,Direct,AFE,4,BWA,-0.3295113439196833
SSP245,Direct,AFE,4,CAF,-0.3093442903537936
SSP245,Direct,AFE,4,CAN,0.014109408200676965
SSP245,Direct,AFE,4,CHE,-0.009649927942316228
SSP245,Direct,AFE,4,CHL,-0.10368992353123407
SSP245,Direct,AFE,4,CHN,-0.13764084839590285
SSP245,Direct,AFE,4,CIV,-0.31094913927279044
SSP245,Direct,AFE,4,CMR,-0.29129001857021464
SSP245,Direct,AFE,4,COD,-0.29585147771234344
SSP245,Direct,AFE,4,COG,-0.26647456410368875
SSP245,Direct,AFE,4,COL,-0.2790968125760733
SSP245,Direct,AFE,4,CPV,-0.241025621550923
SSP245,Direct,AFE,4,CRI,-0.28513583677961785
SSP245,Direct,AFE,4,CUB,-0.28191869565046734
SSP245,Direct,AFE,4,CZE,-0.038705350522002524
SSP245,Direct,AFE,4,DEU,-0.04482363151029545
SSP245,Direct,AFE,4,DNK,-0.03874212051911918
SSP245,Direct,AFE,4,DOM,-0.2926682117663123
SSP245,Direct,AFE,4,DZA,-0.2408569456229379
SSP245,Direct,AFE,4,ECU,-0.29487290816907286
SSP245,Direct,AFE,4,EGY,-0.2829345859405561
SSP245,Direct,AFE,4,ESP,-0.17786793775171172
SSP245,Direct,AFE,4,EST,0.045033043841758325
SSP245,Direct,AFE,4,ETH,-0.2384830602398229
SSP245,Direct,AFE,4,FIN,0.14168210306000284
SSP245,Direct,AFE,4,FJI,-0.1882932675038529
SSP245,Direct,AFE,4,FRA,-0.10062775347683028
SSP245,Direct,AFE,4,GAB,-0.27091411905307694
SSP245,Direct,AFE,4,GBR,-0.04781485425016163
SSP245,Direct,AFE,4,GEO,-0.0600670153803291
SSP245,Direct,AFE,4,GHA,-0.30384485817292584
SSP245,Direct,AFE,4,GIN,-0.32317086196949185
SSP245,Direct,AFE,4,GNB,-0.35161400885424954
SSP245,Direct,AFE,4,GNQ,-0.23257360740029043
SSP245,Direct,AFE,4,GRC,-0.20744064497579684
SSP245,Direct,AFE,4,GTM,-0.2666213846695412
SSP245,Direct,AFE,4,GUY,-0.30115460001993444
SSP245,Direct,AFE,4,HND,-0.29857033696326807
SSP245,Direct,AFE,4,HRV,-0.13885340944899716
SSP245,Direct,AFE,4,HTI,-0.3096856846433136
SSP245,Direct,AFE,4,HUN,-0.11319580787928196
SSP245,Direct,AFE,4,IDN,-0.27417405475784173
SSP245,Direct,AFE,4,IND,-0.3251776143060139
SSP245,Direct,AFE,4,IRL,-0.04101800748261164
SSP245,Direct,AFE,4,IRN,-0.212855928842827
SSP245,Direct,AFE,4,IRQ,-0.33773283510485563
SSP245,Direct,AFE,4,ISL,0.10689037081994823
SSP245,Direct,AFE,4,ISR,-0.1744602574068811
SSP245,Direct,AFE,4,ITA,-0.16074754118314316
SSP245,Direct,AFE,4,JOR,-0.2649229520871612
SSP245,Direct,AFE,4,JPN,-0.15957599013523582
SSP245,Direct,AFE,4,KAZ,-0.03021714760331018
SSP245,Direct,AFE,4,KEN,-0.2304001795633791
SSP245,Direct,AFE,4,KGZ,0.10261063165605444
SSP245,Direct,AFE,4,KHM,-0.2959608832617977
SSP245,Direct,AFE,4,KOR,-0.12276467030773619
SSP245,Direct,AFE,4,KWT,-0.3536562375042458
SSP245,Direct,AFE,4,LAO,-0.2505852865117433
SSP245,Direct,AFE,4,LBN,-0.2188693459488078
SSP245,Direct,AFE,4,LBR,-0.2844451803738002
SSP245,Direct,AFE,4,LBY,-0.25346310943643935
SSP245,Direct,AFE,4,LKA,-0.2701214195738926
SSP245,Direct,AFE,4,LSO,-0.122160984157621
SSP245,Direct,AFE,4,LTU,-0.006462774387867687
SSP245,Direct,AFE,4,LVA,0.01615063394665217
SSP245,Direct,AFE,4,MAR,-0.2610235918801981
SSP245,Direct,AFE,4,MDA,-0.11839433097892771
SSP245,Direct,AFE,4,MDG,-0.2204361976431609
SSP245,Direct,AFE,4,MEX,-0.2221621472657771
SSP245,Direct,AFE,4,MLI,-0.40720390868500533
SSP245,Direct,AFE,4,MMR,-0.2772481682077679
SSP245,Direct,AFE,4,MNE,-0.09725840584213097
SSP245,Direct,AFE,4,MNG,0.19848128212905403
SSP245,Direct,AFE,4,MOZ,-0.2913623411381422
SSP245,Direct,AFE,4,MRT,-0.3684574991857943
SSP245,Direct,AFE,4,MWI,-0.2687495601480897
SSP245,Direct,AFE,4,MYS,-0.2734043262872703
SSP245,Direct,AFE,4,NAM,-0.3049279315749245
SSP245,Direct,AFE,4,NER,-0.3792664312830971
SSP245,Direct,AFE,4,NGA,-0.33597439150024466
SSP245,Direct,AFE,4,NIC,-0.3013909786393969
SSP245,Direct,AFE,4,NLD,-0.046559546346218506
SSP245,Direct,AFE,4,NOR,0.0947959769301927
SSP245,Direct,AFE,4,NPL,-0.16626580546741554
SSP245,Direct,AFE,4,NZL,-0.10056617993197414
SSP245,Direct,AFE,4,OMN,-0.36393506106377416
SSP245,Direct,AFE,4,PAK,-0.3140680319727679
SSP245,Direct,AFE,4,PAN,-0.2566108868573047
SSP245,Direct,AFE,4,PER,-0.22044365766871887
SSP245,Direct,AFE,4,PHL,-0.2565191651531096
SSP245,Direct,AFE,4,PNG,-0.28127502162336826
SSP245,Direct,AFE,4,POL,-0.04424675693674052
SSP245,Direct,AFE,4,PRT,-0.1814875076360929
SSP245,Direct,AFE,4,PRY,-0.32870250693600256
SSP245,Direct,AFE,4,ROU,-0.0938319787792401
SSP245,Direct,AFE,4,RUS,0.06661556585933082
SSP245,Direct,AFE,4,RWA,-0.2323166021676072
SSP245,Direct,AFE,4,SAU,-0.38443710526998287
SSP245,Direct,AFE,4,SDN,-0.38996872591345844
SSP245,Direct,AFE,4,SEN,-0.320154889376396
SSP245,Direct,AFE,4,SLB,-0.2728105374303048
SSP245,Direct,AFE,4,SLE,-0.29860467770628063
SSP245,Direct,AFE,4,SRB,-0.10412984599276764
SSP245,Direct,AFE,4,SUR,-0.3502687170193912
SSP245,Direct,AFE,4,SVK,-0.06087286185660146
SSP245,Direct,AFE,4,SWE,0.016813809405636704
SSP245,Direct,AFE,4,SWZ,-0.1650056453445804
SSP245,Direct,AFE,4,TCD,-0.37185877703788395
SSP245,Direct,AFE,4,TGO,-0.31737484420049167
SSP245,Direct,AFE,4,THA,-0.29440876977475505
SSP245,Direct,AFE,4,TJK,0.08985980289407802
SSP245,Direct,AFE,4,TKM,-0.22883053333263415
SSP245,Direct,AFE,4,TUN,-0.24088685592797
SSP245,Direct,AFE,4,TUR,-0.14464437465028968
SSP245,Direct,AFE,4,TZA,-0.25627062579420934
SSP245,Direct,AFE,4,UGA,-0.2567720109093867
SSP245,Direct,AFE,4,UKR,-0.08166486807953677
SSP245,Direct,AFE,4,URY,-0.1466890086305246
SSP245,Direct,AFE,4,USA,-0.15489077198735868
SSP245,Direct,AFE,4,UZB,-0.1424752706594865
SSP245,Direct,AFE,4,VNM,-0.25955353762051936
SSP245,Direct,AFE,4,VUT,-0.19965639008929892
SSP245,Direct,AFE,4,YEM,-0.332224427109153
SSP245,Direct,AFE,4,ZAF,-0.21005473483018078
SSP245,Direct,AFE,4,ZMB,-0.2792151519964303
SSP245,Direct,AFE,4,ZWE,-0.29354871910718294
SSP245,Direct,IFE,4,AFG,0.5768629034725581
SSP245,Direct,IFE,4,AGO,-0.26314271554400426
SSP245,Direct,IFE,4,ALB,0.18171247612120234
SSP245,Direct,IFE,4,ARE,-0.500858111383064
SSP245,Direct,IFE,4,ARG,0.03527153986999654
SSP245,Direct,IFE,4,ARM,0.8109083299784545
SSP245,Direct,IFE,4,AUS,-0.012343577548379447
SSP245,Direct,IFE,4,AUT,0.6186657364188992
SSP245,Direct,IFE,4,AZE,0.2782531734921938
SSP245,Direct,IFE,4,BDI,-0.1415794157014052
SSP245,Direct,IFE,4,BEL,0.38817055129532085
SSP245,Direct,IFE,4,BEN,-0.4046290654399326
SSP245,Direct,IFE,4,BFA,-0.4845671305163718
SSP245,Direct,IFE,4,BGD,-0.3742647006666474
SSP245,Direct,IFE,4,BGR,0.3155400909562871
SSP245,Direct,IFE,4,BHS,-0.3157256016117407
SSP245,Direct,IFE,4,BIH,0.3623646020219018
SSP245,Direct,IFE,4,BLR,1.0209515820954906
SSP245,Direct,IFE,4,BLZ,-0.2996854684953132
SSP245,Direct,IFE,4,BOL,0.0018546282395925928
SSP245,Direct,IFE,4,BRA,-0.2570676884296722
SSP245,Direct,IFE,4,BTN,0.4883783290824044
SSP245,Direct,IFE,4,BWA,-0.3074907336132022
SSP245,Direct,IFE,4,CAF,-0.34743895670042957
SSP245,Direct,IFE,4,CAN,1.3276593668372256
SSP245,Direct,IFE,4,CHE,0.7829013610977271
SSP245,Direct,IFE,4,CHL,0.3047477765925364
SSP245,Direct,IFE,4,CHN,0.3335483507732204
SSP245,Direct,IFE,4,CIV,-0.3713827918620075
SSP245,Direct,IFE,4,CMR,-0.31773111777367125
SSP245,Direct,IFE,4,COD,-0.31136201916991935
SSP245,Direct,IFE,4,COG,-0.2895357401720752
SSP245,Direct,IFE,4,COL,-0.28167320887369707
SSP245,Direct,IFE,4,CPV,-0.2564177898063891
SSP245,Direct,IFE,4,CRI,-0.34424688961623917
SSP245,Direct,IFE,4,CUB,-0.34444513697629064
SSP245,Direct,IFE,4,CZE,0.6681068565716148
SSP245,Direct,IFE,4,DEU,0.5920112048487516
SSP245,Direct,IFE,4,DNK,0.5897845616391273
SSP245,Direct,IFE,4,DOM,-0.3565845714719942
SSP245,Direct,IFE,4,DZA,-0.07017830434946093
SSP245,Direct,IFE,4,ECU,-0.2177985206401989
SSP245,Direct,IFE,4,EGY,-0.25745917206438473
SSP245,Direct,IFE,4,ESP,0.09959442102598559
SSP245,Direct,IFE,4,EST,1.4770333953510466
SSP245,Direct,IFE,4,ETH,-0.1826524903424145
SSP245,Direct,IFE,4,FIN,2.3814019895616214
SSP245,Direct,IFE,4,FJI,-0.2280419118337722
SSP245,Direct,IFE,4,FRA,0.3257188070604726
SSP245,Direct,IFE,4,GAB,-0.30392251615889765
SSP245,Direct,IFE,4,GBR,0.3792344554312548
SSP245,Direct,IFE,4,GEO,0.523392293627021
SSP245,Direct,IFE,4,GHA,-0.3780602013378266
SSP245,Direct,IFE,4,GIN,-0.3788610129543609
SSP245,Direct,IFE,4,GNB,-0.4456793678452945
SSP245,Direct,IFE,4,GNQ,-0.24735202702351589
SSP245,Direct,IFE,4,GRC,0.021677784714452475
SSP245,Direct,IFE,4,GTM,-0.2627820801728247
SSP245,Direct,IFE,4,GUY,-0.3692862052286824
SSP245,Direct,IFE,4,HND,-0.33078059209250876
SSP245,Direct,IFE,4,HRV,0.3068991805472485
SSP245,Direct,IFE,4,HTI,-0.38202734990246356
SSP245,Direct,IFE,4,HUN,0.40561643577005624
SSP245,Direct,IFE,4,IDN,-0.3337830074589928
SSP245,Direct,IFE,4,IND,-0.369489675872851
SSP245,Direct,IFE,4,IRL,0.32799017418979326
SSP245,Direct,IFE,4,IRN,0.037801706337917906
SSP245,Direct,IFE,4,IRQ,-0.3217529169158668
SSP245,Direct,IFE,4,ISL,1.3616189299896866
SSP245,Direct,IFE,4,ISR,-0.09077448089453799
SSP245,Direct,IFE,4,ITA,0.17480302360273714
SSP245,Direct,IFE,4,JOR,-0.1519976044980994
SSP245,Direct,IFE,4,JPN,0.12110288084535736
SSP245,Direct,IFE,4,KAZ,0.995328250083209
SSP245,Direct,IFE,4,KEN,-0.2071118141290874
SSP245,Direct,IFE,4,KGZ,1.7532976558651394
SSP245,Direct,IFE,4,KHM,-0.34339701936333955
SSP245,Direct,IFE,4,KOR,0.3232625318534479
SSP245,Direct,IFE,4,KWT,-0.4405731538454499
SSP245,Direct,IFE,4,LAO,-0.22003828797904335
SSP245,Direct,IFE,4,LBN,-0.1327879294510219
SSP245,Direct,IFE,4,LBR,-0.31946412469362784
SSP245,Direct,IFE,4,LBY,-0.1958941811594085
SSP245,Direct,IFE,4,LKA,-0.3329352143482729
SSP245,Direct,IFE,4,LSO,0.26521274081524515
SSP245,Direct,IFE,4,LTU,0.9812433301669143
SSP245,Direct,IFE,4,LVA,1.159242383439187
SSP245,Direct,IFE,4,MAR,-0.1236439764017484
SSP245,Direct,IFE,4,MDA,0.4443115257749286
SSP245,Direct,IFE,4,MDG,-0.18654701801525575
SSP245,Direct,IFE,4,MEX,-0.12144738062345839
SSP245,Direct,IFE,4,MLI,-0.5309932022780065
SSP245,Direct,IFE,4,MMR,-0.26648473083298285
SSP245,Direct,IFE,4,MNE,0.42481772984319144
SSP245,Direct,IFE,4,MNG,2.3953750759960877
SSP245,Direct,IFE,4,MOZ,-0.30868524610608616
SSP245,Direct,IFE,4,MRT,-0.477151503999272
SSP245,Direct,IFE,4,MWI,-0.24706266962876766
SSP245,Direct,IFE,4,MYS,-0.31638111528877977
SSP245,Direct,IFE,4,NAM,-0.2806948605134887
SSP245,Direct,IFE,4,NER,-0.4945712577279965
SSP245,Direct,IFE,4,NGA,-0.40465529067296246
SSP245,Direct,IFE,4,NIC,-0.35983998326595157
SSP245,Direct,IFE,4,NLD,0.33421093021784354
SSP245,Direct,IFE,4,NOR,1.4360871481065223
SSP245,Direct,IFE,4,NPL,0.14409264180489
SSP245,Direct,IFE,4,NZL,0.13958977845241916
SSP245,Direct,IFE,4,OMN,-0.4736200627183661
SSP245,Direct,IFE,4,PAK,-0.24327781728354958
SSP245,Direct,IFE,4,PAN,-0.3101285886330697
SSP245,Direct,IFE,4,PER,-0.0032999265118669463
SSP245,Direct,IFE,4,PHL,-0.30926048665496597
SSP245,Direct,IFE,4,PNG,-0.2627175504686209
SSP245,Direct,IFE,4,POL,0.6768052253649568
SSP245,Direct,IFE,4,PRT,0.04862040798796197
SSP245,Direct,IFE,4,PRY,-0.33241697193116293
SSP245,Direct,IFE,4,ROU,0.5153138333023617
SSP245,Direct,IFE,4,RUS,1.6659660876811677
SSP245,Direct,IFE,4,RWA,-0.13884107996655226
SSP245,Direct,IFE,4,SAU,-0.47408926093930237
SSP245,Direct,IFE,4,SDN,-0.519902972130581
SSP245,Direct,IFE,4,SEN,-0.4025338099932688
SSP245,Direct,IFE,4,SLB,-0.3317443256602415
SSP245,Direct,IFE,4,SLE,-0.3441683321397446
SSP245,Direct,IFE,4,SRB,0.38284644486343633
SSP245,Direct,IFE,4,SUR,-0.4340158151048671
SSP245,Direct,IFE,4,SVK,0.6074131080925396
SSP245,Direct,IFE,4,SWE,1.064067848984946
SSP245,Direct,IFE,4,SWZ,-0.045130636003020586
SSP245,Direct,IFE,4,TCD,-0.4824995172484132
SSP245,Direct,IFE,4,TGO,-0.393240371144035
SSP245,Direct,IFE,4,THA,-0.3414545054770334
SSP245,Direct,IFE,4,TJK,1.487133003665099
SSP245,Direct,IFE,4,TKM,0.0020180611472200294
SSP245,Direct,IFE,4,TUN,-0.12818583392752825
SSP245,Direct,IFE,4,TUR,0.2511063088429779
SSP245,Direct,IFE,4,TZA,-0.2472747222624203
SSP245,Direct,IFE,4,UGA,-0.24009292866384713
SSP245,Direct,IFE,4,UKR,0.5876328312621206
SSP245,Direct,IFE,4,URY,-0.008497424261487363
SSP245,Direct,IFE,4,USA,0.23014529997891553
SSP245,Direct,IFE,4,UZB,0.3804229377660393
SSP245,Direct,IFE,4,VNM,-0.2720519548149716
SSP245,Direct,IFE,4,VUT,-0.2393287856855788
SSP245,Direct,IFE,4,YEM,-0.3888212171320362
SSP245,Direct,IFE,4,ZAF,-0.052350552616054036
SSP245,Direct,IFE,4,ZMB,-0.24091487023286995
SSP245,Direct,IFE,4,ZWE,-0.24226057115430055
SSP245,Direct,AFE,5,AFG,-0.26959428871660274
SSP245,Direct,AFE,5,AGO,-0.1810883789264638
SSP245,Direct,AFE,5,ALB,-0.2454784402118415
SSP245,Direct,AFE,5,ARE,-0.1754222271728163
SSP245,Direct,AFE,5,ARG,-0.18650332959571136
SSP245,Direct,AFE,5,ARM,-0.2598774378594958
SSP245,Direct,AFE,5,AUS,-0.1877175542214451
SSP245,Direct,AFE,5,AUT,-0.2364689663710734
SSP245,Direct,AFE,5,AZE,-0.236994044533264
SSP245,Direct,AFE,5,BDI,-0.19306818103426704
SSP245,Direct,AFE,5,BEL,-0.20255551501138358
SSP245,Direct,AFE,5,BEN,-0.17016764291840591
SSP245,Direct,AFE,5,BFA,-0.17049210376262414
SSP245,Direct,AFE,5,BGD,-0.1794760507676164
SSP245,Direct,AFE,5,BGR,-0.24791985458875643
SSP245,Direct,AFE,5,BHS,-0.14183664737720847
SSP245,Direct,AFE,5,BIH,-0.22896584368916595
SSP245,Direct,AFE,5,BLR,-0.27151899820274783
SSP245,Direct,AFE,5,BLZ,-0.15681634037765357
SSP245,Direct,AFE,5,BOL,-0.23983010853325415
SSP245,Direct,AFE,5,BRA,-0.1792467192683851
SSP245,Direct,AFE,5,BTN,-0.21710078329514138
SSP245,Direct,AFE,5,BWA,-0.2291453898557918
SSP245,Direct,AFE,5,CAF,-0.1785174127340884
SSP245,Direct,AFE,5,CAN,-0.2965875496194318
SSP245,Direct,AFE,5,CHE,-0.2319055278502744
SSP245,Direct,AFE,5,CHL,-0.2193074867613486
SSP245,Direct,AFE,5,CHN,-0.23229445177703711
SSP245,Direct,AFE,5,CIV,-0.17300691155319303
SSP245,Direct,AFE,5,CMR,-0.176315212361442
SSP245,Direct,AFE,5,COD,-0.1825619988913425
SSP245,Direct,AFE,5,COG,-0.15920275554611696
SSP245,Direct,AFE,5,COL,-0.1818222897196211
SSP245,Direct,AFE,5,CPV,-0.15048805970332224
SSP245,Direct,AFE,5,CRI,-0.17341038744269022
SSP245,Direct,AFE,5,CUB,-0.1533074252348423
SSP245,Direct,AFE,5,CZE,-0.23229210894527974
SSP245,Direct,AFE,5,DEU,-0.22203466837436137
SSP245,Direct,AFE,5,DNK,-0.21500450482001077
SSP245,Direct,AFE,5,DOM,-0.1770297376277703
SSP245,Direct,AFE,5,DZA,-0.23813013927276971
SSP245,Direct,AFE,5,ECU,-0.25813791821651044
SSP245,Direct,AFE,5,EGY,-0.19904063649221104
SSP245,Direct,AFE,5,ESP,-0.23122144239164122
SSP245,Direct,AFE,5,EST,-0.2950981466662389
SSP245,Direct,AFE,5,ETH,-0.16491386621584614
SSP245,Direct,AFE,5,FIN,-0.32519886049154345
SSP245,Direct,AFE,5,FJI,-0.10729814047957598
SSP245,Direct,AFE,5,FRA,-0.21218259764554492
SSP245,Direct,AFE,5,GAB,-0.16021595199201277
SSP245,Direct,AFE,5,GBR,-0.17220910861245742
SSP245,Direct,AFE,5,GEO,-0.2251302076480184
SSP245,Direct,AFE,5,GHA,-0.15696791806832955
SSP245,Direct,AFE,5,GIN,-0.18559376983934894
SSP245,Direct,AFE,5,GNB,-0.19602534797389803
SSP245,Direct,AFE,5,GNQ,-0.1418597572565471
SSP245,Direct,AFE,5,GRC,-0.23188740064774083
SSP245,Direct,AFE,5,GTM,-0.18523953802483073
SSP245,Direct,AFE,5,GUY,-0.17582686932927216
SSP245,Direct,AFE,5,HND,-0.20159860910037775
SSP245,Direct,AFE,5,HRV,-0.24400411545877276
SSP245,Direct,AFE,5,HTI,-0.18237280118698074
SSP245,Direct,AFE,5,HUN,-0.2430657457747416
SSP245,Direct,AFE,5,IDN,-0.14581603053843617
SSP245,Direct,AFE,5,IND,-0.17574461498977834
SSP245,Direct,AFE,5,IRL,-0.15155274641689775
SSP245,Direct,AFE,5,IRN,-0.23549086406070552
SSP245,Direct,AFE,5,IRQ,-0.23363761179534237
SSP245,Direct,AFE,5,ISL,-0.23931133837061314
SSP245,Direct,AFE,5,ISR,-0.15019318107280655
SSP245,Direct,AFE,5,ITA,-0.22908556022809312
SSP245,Direct,AFE,5,JOR,-0.22592023841838382
SSP245,Direct,AFE,5,JPN,-0.20697864777634
SSP245,Direct,AFE,5,KAZ,-0.284402498208853
SSP245,Direct,AFE,5,KEN,-0.1453185531446074
SSP245,Direct,AFE,5,KGZ,-0.2926735681629553
SSP245,Direct,AFE,5,KHM,-0.16382306440249972
SSP245,Direct,AFE,5,KOR,-0.21987116844539512
SSP245,Direct,AFE,5,KWT,-0.18601665087412778
SSP245,Direct,AFE,5,LAO,-0.163099606015505
SSP245,Direct,AFE,5,LBN,-0.1849894599626326
SSP245,Direct,AFE,5,LBR,-0.16598646339738532
SSP245,Direct,AFE,5,LBY,-0.1949527629654545
SSP245,Direct,AFE,5,LKA,-0.13080516162547118
SSP245,Direct,AFE,5,LSO,-0.2079628455312662
SSP245,Direct,AFE,5,LTU,-0.26337588134080014
SSP245,Direct,AFE,5,LVA,-0.2728088014476263
SSP245,Direct,AFE,5,MAR,-0.2405620604858172
SSP245,Direct,AFE,5,MDA,-0.25976270378794
SSP245,Direct,AFE,5,MDG,-0.16459953917108727
SSP245,Direct,AFE,5,MEX,-0.19537463994206405
SSP245,Direct,AFE,5,MLI,-0.19788476795091348
SSP245,Direct,AFE,5,MMR,-0.17514866762591963
SSP245,Direct,AFE,5,MNE,-0.23285663816774838
SSP245,Direct,AFE,5,MNG,-0.2926545026386639
SSP245,Direct,AFE,5,MOZ,-0.18391030322893687
SSP245,Direct,AFE,5,MRT,-0.18226225984814903
SSP245,Direct,AFE,5,MWI,-0.18460924877257678
SSP245,Direct,AFE,5,MYS,-0.15765893650908402
SSP245,Direct,AFE,5,NAM,-0.21238178555410225
SSP245,Direct,AFE,5,NER,-0.176536625743289
SSP245,Direct,AFE,5,NGA,-0.18298764226457864
SSP245,Direct,AFE,5,NIC,-0.17989169774840108
SSP245,Direct,AFE,5,NLD,-0.1592399032377375
SSP245,Direct,AFE,5,NOR,-0.24918113308606105
SSP245,Direct,AFE,5,NPL,-0.21365196850374601
SSP245,Direct,AFE,5,NZL,-0.15679919934458375
SSP245,Direct,AFE,5,OMN,-0.17524959390376005
SSP245,Direct,AFE,5,PAK,-0.2405202388619646
SSP245,Direct,AFE,5,PAN,-0.13828548815016417
SSP245,Direct,AFE,5,PER,-0.22344216219471458
SSP245,Direct,AFE,5,PHL,-0.13901039921666336
SSP245,Direct,AFE,5,PNG,-0.21033722139966704
SSP245,Direct,AFE,5,POL,-0.24016312233687065
SSP245,Direct,AFE,5,PRT,-0.22498425218372398
SSP245,Direct,AFE,5,PRY,-0.2194669153644767
SSP245,Direct,AFE,5,ROU,-0.25194322694671434
SSP245,Direct,AFE,5,RUS,-0.3028666385200961
SSP245,Direct,AFE,5,RWA,-0.18726935189540783
SSP245,Direct,AFE,5,SAU,-0.20402363272173174
SSP245,Direct,AFE,5,SDN,-0.17263025095240192
SSP245,Direct,AFE,5,SEN,-0.16785563267317116
SSP245,Direct,AFE,5,SLB,-0.1534869509427378
SSP245,Direct,AFE,5,SLE,-0.16963955723771884
SSP245,Direct,AFE,5,SRB,-0.23388348658233848
SSP245,Direct,AFE,5,SUR,-0.19508238416871915
SSP245,Direct,AFE,5,SVK,-0.24251376003242864
SSP245,Direct,AFE,5,SWE,-0.25728238198667175
SSP245,Direct,AFE,5,SWZ,-0.14374509642922884
SSP245,Direct,AFE,5,TCD,-0.1745156096199546
SSP245,Direct,AFE,5,TGO,-0.16428628810736445
SSP245,Direct,AFE,5,THA,-0.16216677008767044
SSP245,Direct,AFE,5,TJK,-0.2650893540623831
SSP245,Direct,AFE,5,TKM,-0.2412272662087469
SSP245,Direct,AFE,5,TUN,-0.21121751341036887
SSP245,Direct,AFE,5,TUR,-0.2360421521639655
SSP245,Direct,AFE,5,TZA,-0.1622515267564375
SSP245,Direct,AFE,5,UGA,-0.16190148157711215
SSP245,Direct,AFE,5,UKR,-0.25393512295351306
SSP245,Direct,AFE,5,URY,-0.14424071874273525
SSP245,Direct,AFE,5,USA,-0.2311256306783699
SSP245,Direct,AFE,5,UZB,-0.26351470332308624
SSP245,Direct,AFE,5,VNM,-0.15047680407080566
SSP245,Direct,AFE,5,VUT,-0.11240334720501421
SSP245,Direct,AFE,5,YEM,-0.18607044259051986
SSP245,Direct,AFE,5,ZAF,-0.202962713717579
SSP245,Direct,AFE,5,ZMB,-0.19600037253169644
SSP245,Direct,AFE,5,ZWE,-0.22126668782984804
SSP245,Direct,IFE,5,AFG,-0.09037312005506604
SSP245,Direct,IFE,5,AGO,-0.3794549957644008
SSP245,Direct,IFE,5,ALB,-0.21315392295887092
SSP245,Direct,IFE,5,ARE,-0.5192458447292632
SSP245,Direct,IFE,5,ARG,-0.21669454700538715
SSP245,Direct,IFE,5,ARM,0.012911993395583465
SSP245,Direct,IFE,5,AUS,-0.2358695079588623
SSP245,Direct,IFE,5,AUT,-0.01773850878378147
SSP245,Direct,IFE,5,AZE,-0.16700391304728268
SSP245,Direct,IFE,5,BDI,-0.31541412243577305
SSP245,Direct,IFE,5,BEL,-0.06802456934034573
SSP245,Direct,IFE,5,BEN,-0.45159816715292667
SSP245,Direct,IFE,5,BFA,-0.5097871165338819
SSP245,Direct,IFE,5,BGD,-0.4561825009095454
SSP245,Direct,IFE,5,BGR,-0.15868549489312245
SSP245,Direct,IFE,5,BHS,-0.3676265373639068
SSP245,Direct,IFE,5,BIH,-0.10834861916991945
SSP245,Direct,IFE,5,BLR,0.07066272701582821
SSP245,Direct,IFE,5,BLZ,-0.36272827963851717
SSP245,Direct,IFE,5,BOL,-0.29638407017959634
SSP245,Direct,IFE,5,BRA,-0.3669578938604462
SSP245,Direct,IFE,5,BTN,-0.03628254448924706
SSP245,Direct,IFE,5,BWA,-0.44698175904210513
SSP245,Direct,IFE,5,CAF,-0.42735973257122517
SSP245,Direct,IFE,5,CAN,0.119571622702219
SSP245,Direct,IFE,5,CHE,0.05438492458469124
SSP245,Direct,IFE,5,CHL,-0.10710435805840313
SSP245,Direct,IFE,5,CHN,-0.16285822946096207
SSP245,Direct,IFE,5,CIV,-0.4318636816666894
SSP245,Direct,IFE,5,CMR,-0.4010012712426496
SSP245,Direct,IFE,5,COD,-0.4075970168896662
SSP245,Direct,IFE,5,COG,-0.3707277397898675
SSP245,Direct,IFE,5,COL,-0.38594083816782887
SSP245,Direct,IFE,5,CPV,-0.33754592059691113
SSP245,Direct,IFE,5,CRI,-0.3989570157062392
SSP245,Direct,IFE,5,CUB,-0.39516536017213644
SSP245,Direct,IFE,5,CZE,0.0024175188086663635
SSP245,Direct,IFE,5,DEU,-0.011119680253249387
SSP245,Direct,IFE,5,DNK,-0.003639143826156488
SSP245,Direct,IFE,5,DOM,-0.4028357861207792
SSP245,Direct,IFE,5,DZA,-0.3162656778063718
SSP245,Direct,IFE,5,ECU,-0.36561259739162644
SSP245,Direct,IFE,5,EGY,-0.38780707324819985
SSP245,Direct,IFE,5,ESP,-0.22217586746431273
SSP245,Direct,IFE,5,EST,0.17421124850074654
SSP245,Direct,IFE,5,ETH,-0.3321354248774968
SSP245,Direct,IFE,5,FIN,0.37227046254498486
SSP245,Direct,IFE,5,FJI,-0.2712818733242889
SSP245,Direct,IFE,5,FRA,-0.10666319953541414
SSP245,Direct,IFE,5,GAB,-0.37705629023394294
SSP245,Direct,IFE,5,GBR,-0.03215226168931007
SSP245,Direct,IFE,5,GEO,-0.034990895238279474
SSP245,Direct,IFE,5,GHA,-0.4249108591506118
SSP245,Direct,IFE,5,GIN,-0.4463671876963594
SSP245,Direct,IFE,5,GNB,-0.47961145551310935
SSP245,Direct,IFE,5,GNQ,-0.32208301583721555
SSP245,Direct,IFE,5,GRC,-0.2686068038081193
SSP245,Direct,IFE,5,GTM,-0.36887576836492764
SSP245,Direct,IFE,5,GUY,-0.4168804029878277
SSP245,Direct,IFE,5,HND,-0.40886270338917385
SSP245,Direct,IFE,5,HRV,-0.15924981079095768
SSP245,Direct,IFE,5,HTI,-0.4257218701421456
SSP245,Direct,IFE,5,HUN,-0.1184560978927034
SSP245,Direct,IFE,5,IDN,-0.3831860634784946
SSP245,Direct,IFE,5,IND,-0.4525036624402303
SSP245,Direct,IFE,5,IRL,-0.026378394968044727
SSP245,Direct,IFE,5,IRN,-0.278027504512127
SSP245,Direct,IFE,5,IRQ,-0.45702829209270857
SSP245,Direct,IFE,5,ISL,0.2685741571712923
SSP245,Direct,IFE,5,ISR,-0.2391006507820005
SSP245,Direct,IFE,5,ITA,-0.19812315006312287
SSP245,Direct,IFE,5,JOR,-0.35622450561535113
SSP245,Direct,IFE,5,JPN,-0.20097647474332636
SSP245,Direct,IFE,5,KAZ,0.034326970776521026
SSP245,Direct,IFE,5,KEN,-0.32521092751216163
SSP245,Direct,IFE,5,KGZ,0.28262032647287105
SSP245,Direct,IFE,5,KHM,-0.40901077271968456
SSP245,Direct,IFE,5,KOR,-0.14142269750356007
SSP245,Direct,IFE,5,KWT,-0.4866755502472272
SSP245,Direct,IFE,5,LAO,-0.34619815602077586
SSP245,Direct,IFE,5,LBN,-0.2970385906979802
SSP245,Direct,IFE,5,LBR,-0.39322449722259334
SSP245,Direct,IFE,5,LBY,-0.34596955909552074
SSP245,Direct,IFE,5,LKA,-0.3805630499527318
SSP245,Direct,IFE,5,LSO,-0.14273120840054143
SSP245,Direct,IFE,5,LTU,0.06933683379320588
SSP245,Direct,IFE,5,LVA,0.1129251296486824
SSP245,Direct,IFE,5,MAR,-0.345144021108616
SSP245,Direct,IFE,5,MDA,-0.12118322890026823
SSP245,Direct,IFE,5,MDG,-0.3056283271037211
SSP245,Direct,IFE,5,MEX,-0.3013213183946486
SSP245,Direct,IFE,5,MLI,-0.553360600716178
SSP245,Direct,IFE,5,MMR,-0.3817134744396806
SSP245,Direct,IFE,5,MNE,-0.09518023855237079
SSP245,Direct,IFE,5,MNG,0.4678222275906443
SSP245,Direct,IFE,5,MOZ,-0.40264517014708856
SSP245,Direct,IFE,5,MRT,-0.5064559888626402
SSP245,Direct,IFE,5,MWI,-0.37087184975165977
SSP245,Direct,IFE,5,MYS,-0.3789321381640418
SSP245,Direct,IFE,5,NAM,-0.4163709289655849
SSP245,Direct,IFE,5,NER,-0.5227790798194923
SSP245,Direct,IFE,5,NGA,-0.46366822337919267
SSP245,Direct,IFE,5,NIC,-0.4166809435571698
SSP245,Direct,IFE,5,NLD,-0.033851895470364046
SSP245,Direct,IFE,5,NOR,0.24914707056234686
SSP245,Direct,IFE,5,NPL,-0.211335597419551
SSP245,Direct,IFE,5,NZL,-0.12211818766799432
SSP245,Direct,IFE,5,OMN,-0.5024115604599158
SSP245,Direct,IFE,5,PAK,-0.42369061715773004
SSP245,Direct,IFE,5,PAN,-0.3617898590255343
SSP245,Direct,IFE,5,PER,-0.2763836669084566
SSP245,Direct,IFE,5,PHL,-0.3605413595362027
SSP245,Direct,IFE,5,PNG,-0.35842768709750483
SSP245,Direct,IFE,5,POL,-0.004257995460139941
SSP245,Direct,IFE,5,PRT,-0.22856542693495452
SSP245,Direct,IFE,5,PRY,-0.4473002315905149
SSP245,Direct,IFE,5,ROU,-0.08345538157429455
SSP245,Direct,IFE,5,RUS,0.2173338970814298
SSP245,Direct,IFE,5,RWA,-0.31540110270781774
SSP245,Direct,IFE,5,SAU,-0.5240947208250538
SSP245,Direct,IFE,5,SDN,-0.53701893131319145
SSP245,Direct,IFE,5,SEN,-0.4446769012335341
SSP245,Direct,IFE,5,SLB,-0.3714685215191923
SSP245,Direct,IFE,5,SLE,-0.4132299783249773
SSP245,Direct,IFE,5,SRB,-0.10499360333214147
SSP245,Direct,IFE,5,SUR,-0.4795880195529222
SSP245,Direct,IFE,5,SVK,-0.031128575262324487
SSP245,Direct,IFE,5,SWE,0.10793657942881318
SSP245,Direct,IFE,5,SWZ,-0.22778318033353762
SSP245,Direct,IFE,5,TCD,-0.5132730074555553
SSP245,Direct,IFE,5,TGO,-0.4416512665907647
SSP245,Direct,IFE,5,THA,-0.4095113767101033
SSP245,Direct,IFE,5,TJK,0.24497985233538544
SSP245,Direct,IFE,5,TKM,-0.3004800305134644
SSP245,Direct,IFE,5,TUN,-0.32369779229586093
SSP245,Direct,IFE,5,TUR,-0.17041715968875593
SSP245,Direct,IFE,5,TZA,-0.357821602584535
SSP245,Direct,IFE,5,UGA,-0.3572947517858507
SSP245,Direct,IFE,5,UKR,-0.06352592921160827
SSP245,Direct,IFE,5,URY,-0.1995077893747489
SSP245,Direct,IFE,5,USA,-0.1895996074628281
SSP245,Direct,IFE,5,UZB,-0.16030677701380291
SSP245,Direct,IFE,5,VNM,-0.36216621049156406
SSP245,Direct,IFE,5,VUT,-0.2873665626298022
SSP245,Direct,IFE,5,YEM,-0.4589791049079017
SSP245,Direct,IFE,5,ZAF,-0.2809247571236365
SSP245,Direct,IFE,5,ZMB,-0.3833197287528851
SSP245,Direct,IFE,5,ZWE,-0.3982016735278273
SSP245,Interactive,AFE,0,AFG,0.11191967678419812
SSP245,Interactive,AFE,0,AGO,-0.4430422604479095
SSP245,Interactive,AFE,0,ALB,-0.18645190199816597
SSP245,Interactive,AFE,0,ARE,-0.7991940411428096
SSP245,Interactive,AFE,0,ARG,-0.23834753269895814
SSP245,Interactive,AFE,0,ARM,0.3496421830649241
SSP245,Interactive,AFE,0,AUS,-0.28643969712386086
SSP245,Interactive,AFE,0,AUT,0.2528580497574662
SSP245,Interactive,AFE,0,AZE,-0.1129208749625017
SSP245,Interactive,AFE,0,BDI,-0.22824657585470742
SSP245,Interactive,AFE,0,BEL,0.08654521784171942
SSP245,Interactive,AFE,0,BEN,-0.581334872279995
SSP245,Interactive,AFE,0,BFA,-0.6821329758838507
SSP245,Interactive,AFE,0,BGD,-0.5448003355262547
SSP245,Interactive,AFE,0,BGR,-0.0769694684208877
SSP245,Interactive,AFE,0,BHS,-0.48821214675778724
SSP245,Interactive,AFE,0,BIH,0.04344786882687357
SSP245,Interactive,AFE,0,BLR,0.5018440495862309
SSP245,Interactive,AFE,0,BLZ,-0.5145801682231554
SSP245,Interactive,AFE,0,BOL,0.017217156049976756
SSP245,Interactive,AFE,0,BRA,-0.4447156123502475
SSP245,Interactive,AFE,0,BTN,0.5388773275538155
SSP245,Interactive,AFE,0,BWA,-0.5948047267086978
SSP245,Interactive,AFE,0,CAF,-0.5182200143274542
SSP245,Interactive,AFE,0,CAN,0.6382730894884474
SSP245,Interactive,AFE,0,CHE,0.5003807596573577
SSP245,Interactive,AFE,0,CHL,0.025206581846175524
SSP245,Interactive,AFE,0,CHN,-0.07662524070033327
SSP245,Interactive,AFE,0,CIV,-0.5487181008155323
SSP245,Interactive,AFE,0,CMR,-0.5203330929497922
SSP245,Interactive,AFE,0,COD,-0.48220137898070425
SSP245,Interactive,AFE,0,COG,-0.45539721566600677
SSP245,Interactive,AFE,0,COL,-0.46166602432054193
SSP245,Interactive,AFE,0,CPV,-0.5643389692774021
SSP245,Interactive,AFE,0,CRI,-0.5440224972049672
SSP245,Interactive,AFE,0,CUB,-0.5388710693274816
SSP245,Interactive,AFE,0,CZE,0.2666854645049892
SSP245,Interactive,AFE,0,DEU,0.228800154448638
SSP245,Interactive,AFE,0,DNK,0.2248711226307285
SSP245,Interactive,AFE,0,DOM,-0.6145482936249955
SSP245,Interactive,AFE,0,DZA,-0.4361687040622697
SSP245,Interactive,AFE,0,ECU,-0.4206541947068566
SSP245,Interactive,AFE,0,EGY,-0.618238613978864
SSP245,Interactive,AFE,0,ESP,-0.23218370103678765
SSP245,Interactive,AFE,0,EST,0.841520465325956
SSP245,Interactive,AFE,0,ETH,-0.36948935493815904
SSP245,Interactive,AFE,0,FIN,1.585010516137951
SSP245,Interactive,AFE,0,FJI,-0.3711822205841703
SSP245,Interactive,AFE,0,FRA,0.018712499905369384
SSP245,Interactive,AFE,0,GAB,-0.5300820280068469
SSP245,Interactive,AFE,0,GBR,0.11081003334054218
SSP245,Interactive,AFE,0,GEO,0.1906605247653621
SSP245,Interactive,AFE,0,GHA,-0.5451829935180581
SSP245,Interactive,AFE,0,GIN,-0.5630109127159021
SSP245,Interactive,AFE,0,GNB,-0.7174567746003564
SSP245,Interactive,AFE,0,GNQ,-0.42991018109549894
SSP245,Interactive,AFE,0,GRC,-0.3311812145098313
SSP245,Interactive,AFE,0,GTM,-0.4504499970821525
SSP245,Interactive,AFE,0,GUY,-0.5858779104470045
SSP245,Interactive,AFE,0,HND,-0.5617185679351437
SSP245,Interactive,AFE,0,HRV,-0.07796596437045455
SSP245,Interactive,AFE,0,HTI,-0.6361769584562252
SSP245,Interactive,AFE,0,HUN,0.005046522087957861
SSP245,Interactive,AFE,0,IDN,-0.5483607053316127
SSP245,Interactive,AFE,0,IND,-0.5637176754429545
SSP245,Interactive,AFE,0,IRL,0.11201781373910835
SSP245,Interactive,AFE,0,IRN,-0.3550191921979935
SSP245,Interactive,AFE,0,IRQ,-0.6880780914952165
SSP245,Interactive,AFE,0,ISL,0.9848860720220871
SSP245,Interactive,AFE,0,ISR,-0.3645381915197118
SSP245,Interactive,AFE,0,ITA,-0.18093465465394498
SSP245,Interactive,AFE,0,JOR,-0.537081702441069
SSP245,Interactive,AFE,0,JPN,0.027227271284234078
SSP245,Interactive,AFE,0,KAZ,0.5131878232112188
SSP245,Interactive,AFE,0,KEN,-0.38566923610390014
SSP245,Interactive,AFE,0,KGZ,1.2420989787200338
SSP245,Interactive,AFE,0,KHM,-0.5329496735544231
SSP245,Interactive,AFE,0,KOR,-0.032544368865543793
SSP245,Interactive,AFE,0,KWT,-0.7531899940777105
SSP245,Interactive,AFE,0,LAO,-0.359694989303309
SSP245,Interactive,AFE,0,LBN,-0.435714536257121
SSP245,Interactive,AFE,0,LBR,-0.5174303977555061
SSP245,Interactive,AFE,0,LBY,-0.5460091439313088
SSP245,Interactive,AFE,0,LKA,-0.479657467725335
SSP245,Interactive,AFE,0,LSO,-0.006062586449852692
SSP245,Interactive,AFE,0,LTU,0.47787286336298296
SSP245,Interactive,AFE,0,LVA,0.6014993017380528
SSP245,Interactive,AFE,0,MAR,-0.4995099686565896
SSP245,Interactive,AFE,0,MDA,0.019819006417777008
SSP245,Interactive,AFE,0,MDG,-0.3544446897158616
SSP245,Interactive,AFE,0,MEX,-0.2983392070146894
SSP245,Interactive,AFE,0,MLI,-0.7573957251487541
SSP245,Interactive,AFE,0,MMR,-0.4176729060571964
SSP245,Interactive,AFE,0,MNE,0.07599885630529979
SSP245,Interactive,AFE,0,MNG,2.551743846914516
SSP245,Interactive,AFE,0,MOZ,-0.5179636646369641
SSP245,Interactive,AFE,0,MRT,-0.7845806024620902
SSP245,Interactive,AFE,0,MWI,-0.4528331616797695
SSP245,Interactive,AFE,0,MYS,-0.6006296732448162
SSP245,Interactive,AFE,0,NAM,-0.5757198605270545
SSP245,Interactive,AFE,0,NER,-0.7339202829671966
SSP245,Interactive,AFE,0,NGA,-0.5824932710337807
SSP245,Interactive,AFE,0,NIC,-0.57393891151560394
SSP245,Interactive,AFE,0,NLD,0.0924512100031114
SSP245,Interactive,AFE,0,NOR,0.7006437271039587
SSP245,Interactive,AFE,0,NPL,-0.13119669100244014
SSP245,Interactive,AFE,0,NZL,-0.04402935600212643
SSP245,Interactive,AFE,0,OMN,-0.7750396044007429
SSP245,Interactive,AFE,0,PAK,-0.6180838640228611
SSP245,Interactive,AFE,0,PAN,-0.4959696470949053
SSP245,Interactive,AFE,0,PER,-0.06845287598587524
SSP245,Interactive,AFE,0,PHL,-0.5286938318240835
SSP245,Interactive,AFE,0,PNG,-0.5866537038003996
SSP245,Interactive,AFE,0,POL,0.26604320437132145
SSP245,Interactive,AFE,0,PRT,-0.2259574155101557
SSP245,Interactive,AFE,0,PRY,-0.5614883781526678
SSP245,Interactive,AFE,0,ROU,0.10022267410395136
SSP245,Interactive,AFE,0,RUS,1.0456143137540912
SSP245,Interactive,AFE,0,RWA,-0.2777502830008126
SSP245,Interactive,AFE,0,SAU,-0.7909366515865494
SSP245,Interactive,AFE,0,SDN,-0.7580528750827318
SSP245,Interactive,AFE,0,SEN,-0.6935156639435052
SSP245,Interactive,AFE,0,SLB,-0.7317981404805758
SSP245,Interactive,AFE,0,SLE,-0.536248197049719
SSP245,Interactive,AFE,0,SRB,0.03304506459116996
SSP245,Interactive,AFE,0,SUR,-0.6656672501181583
SSP245,Interactive,AFE,0,SVK,0.21279903318076054
SSP245,Interactive,AFE,0,SWE,0.5658572238544644
SSP245,Interactive,AFE,0,SWZ,-0.24098871654498444
SSP245,Interactive,AFE,0,TCD,-0.6758513395748923
SSP245,Interactive,AFE,0,TGO,-0.5616870406434543
SSP245,Interactive,AFE,0,THA,-0.5061539184585442
SSP245,Interactive,AFE,0,TJK,0.9905510272561964
SSP245,Interactive,AFE,0,TKM,-0.405054768795275
SSP245,Interactive,AFE,0,TUN,-0.4797861074374338
SSP245,Interactive,AFE,0,TUR,-0.11211776335755597
SSP245,Interactive,AFE,0,TZA,-0.4236868758810882
SSP245,Interactive,AFE,0,UGA,-0.3934767511864363
SSP245,Interactive,AFE,0,UKR,0.14760984315870074
SSP245,Interactive,AFE,0,URY,-0.2240965663833645
SSP245,Interactive,AFE,0,USA,-0.11581944622266016
SSP245,Interactive,AFE,0,UZB,-0.06532284800741461
SSP245,Interactive,AFE,0,VNM,-0.41283796869341005
SSP245,Interactive,AFE,0,VUT,-0.38540491942163657
SSP245,Interactive,AFE,0,YEM,-0.6618833308990872
SSP245,Interactive,AFE,0,ZAF,-0.3092034302101414
SSP245,Interactive,AFE,0,ZMB,-0.43989755729662117
SSP245,Interactive,AFE,0,ZWE,-0.4926790206433941
SSP245,Interactive,IFE,0,AFG,0.009463910847442802
SSP245,Interactive,IFE,0,AGO,-0.3601618627483961
SSP245,Interactive,IFE,0,ALB,-0.19797233740856712
SSP245,Interactive,IFE,0,ARE,-0.7503178614377827
SSP245,Interactive,IFE,0,ARG,-0.22791109923623076
SSP245,Interactive,IFE,0,ARM,0.17232975828325303
SSP245,Interactive,IFE,0,AUS,-0.26375400933894166
SSP245,Interactive,IFE,0,AUT,0.10569260626167121
SSP245,Interactive,IFE,0,AZE,-0.14834009383606572
SSP245,Interactive,IFE,0,BDI,-0.16768461597497886
SSP245,Interactive,IFE,0,BEL,0.003306634078648063
SSP245,Interactive,IFE,0,BEN,-0.47908429443292955
SSP245,Interactive,IFE,0,BFA,-0.6011037717175489
SSP245,Interactive,IFE,0,BGD,-0.44743644249225656
SSP245,Interactive,IFE,0,BGR,-0.11823983901622592
SSP245,Interactive,IFE,0,BHS,-0.40313337137180705
SSP245,Interactive,IFE,0,BIH,-0.02471080690682259
SSP245,Interactive,IFE,0,BLR,0.2593353252430157
SSP245,Interactive,IFE,0,BLZ,-0.4434391760602783
SSP245,Interactive,IFE,0,BOL,3.9906572322001566e-4
SSP245,Interactive,IFE,0,BRA,-0.3635269549832306
SSP245,Interactive,IFE,0,BTN,0.25669585630081104
SSP245,Interactive,IFE,0,BWA,-0.5324064877244169
SSP245,Interactive,IFE,0,CAF,-0.40286007558158243
SSP245,Interactive,IFE,0,CAN,0.29984685840928527
SSP245,Interactive,IFE,0,CHE,0.2419457147179216
SSP245,Interactive,IFE,0,CHL,-0.022726046735294436
SSP245,Interactive,IFE,0,CHN,-0.14263599207411604
SSP245,Interactive,IFE,0,CIV,-0.4376601735363035
SSP245,Interactive,IFE,0,CMR,-0.38542984454195595
SSP245,Interactive,IFE,0,COD,-0.3679045805835953
SSP245,Interactive,IFE,0,COG,-0.3404352030961185
SSP245,Interactive,IFE,0,COL,-0.33683887595147854
SSP245,Interactive,IFE,0,CPV,-0.5183507244851348
SSP245,Interactive,IFE,0,CRI,-0.4479760439394692
SSP245,Interactive,IFE,0,CUB,-0.45870067589867924
SSP245,Interactive,IFE,0,CZE,0.11375182285264063
SSP245,Interactive,IFE,0,DEU,0.09055351246076615
SSP245,Interactive,IFE,0,DNK,0.09282614124874544
SSP245,Interactive,IFE,0,DOM,-0.5474119882442852
SSP245,Interactive,IFE,0,DZA,-0.4032722041829031
SSP245,Interactive,IFE,0,ECU,-0.2946771609141424
SSP245,Interactive,IFE,0,EGY,-0.5758766201447196
SSP245,Interactive,IFE,0,ESP,-0.22420623984681787
SSP245,Interactive,IFE,0,EST,0.4657552043481479
SSP245,Interactive,IFE,0,ETH,-0.3150661221433735
SSP245,Interactive,IFE,0,FIN,0.8998388304705178
SSP245,Interactive,IFE,0,FJI,-0.2894513552339216
SSP245,Interactive,IFE,0,FRA,-0.04255138595028063
SSP245,Interactive,IFE,0,GAB,-0.3905714240349122
SSP245,Interactive,IFE,0,GBR,0.024971579204522643
SSP245,Interactive,IFE,0,GEO,0.07548361092136346
SSP245,Interactive,IFE,0,GHA,-0.4412809758275986
SSP245,Interactive,IFE,0,GIN,-0.4539173758900026
SSP245,Interactive,IFE,0,GNB,-0.65434305386179
SSP245,Interactive,IFE,0,GNQ,-0.3090673198624754
SSP245,Interactive,IFE,0,GRC,-0.31177510554206456
SSP245,Interactive,IFE,0,GTM,-0.36051818541821046
SSP245,Interactive,IFE,0,GUY,-0.5039628991252053
SSP245,Interactive,IFE,0,HND,-0.47715639394847886
SSP245,Interactive,IFE,0,HRV,-0.11969175293002243
SSP245,Interactive,IFE,0,HTI,-0.5671060807541947
SSP245,Interactive,IFE,0,HUN,-0.060798761237879084
SSP245,Interactive,IFE,0,IDN,-0.4091935783643592
SSP245,Interactive,IFE,0,IND,-0.4825610118993954
SSP245,Interactive,IFE,0,IRL,0.02786835464671511
SSP245,Interactive,IFE,0,IRN,-0.3440833367462135
SSP245,Interactive,IFE,0,IRQ,-0.6422762673451283
SSP245,Interactive,IFE,0,ISL,0.5434892387484327
SSP245,Interactive,IFE,0,ISR,-0.3357085129338061
SSP245,Interactive,IFE,0,ITA,-0.1934976611181246
SSP245,Interactive,IFE,0,JOR,-0.5027134016283366
SSP245,Interactive,IFE,0,JPN,-0.022901358296380292
SSP245,Interactive,IFE,0,KAZ,0.2839117338779691
SSP245,Interactive,IFE,0,KEN,-0.3275615441966274
SSP245,Interactive,IFE,0,KGZ,0.7368784973470721
SSP245,Interactive,IFE,0,KHM,-0.3979941843708271
SSP245,Interactive,IFE,0,KOR,-0.10201078569483246
SSP245,Interactive,IFE,0,KWT,-0.7026206839180954
SSP245,Interactive,IFE,0,LAO,-0.2806113467781163
SSP245,Interactive,IFE,0,LBN,-0.3970938995962231
SSP245,Interactive,IFE,0,LBR,-0.383911180421348
SSP245,Interactive,IFE,0,LBY,-0.5064623963061058
SSP245,Interactive,IFE,0,LKA,-0.35359862614882887
SSP245,Interactive,IFE,0,LSO,-0.07139394422400014
SSP245,Interactive,IFE,0,LTU,0.2438134546552726
SSP245,Interactive,IFE,0,LVA,0.31689885991205435
SSP245,Interactive,IFE,0,MAR,-0.46199392289031527
SSP245,Interactive,IFE,0,MDA,-0.04955187745512757
SSP245,Interactive,IFE,0,MDG,-0.2834212109957409
SSP245,Interactive,IFE,0,MEX,-0.24379470749859977
SSP245,Interactive,IFE,0,MLI,-0.6876124631708678
SSP245,Interactive,IFE,0,MMR,-0.3212578623594726
SSP245,Interactive,IFE,0,MNE,-0.011808784359153668
SSP245,Interactive,IFE,0,MNG,1.5968312103698152
SSP245,Interactive,IFE,0,MOZ,-0.4388935981508503
SSP245,Interactive,IFE,0,MRT,-0.7353134622177188
SSP245,Interactive,IFE,0,MWI,-0.3811327281902256
SSP245,Interactive,IFE,0,MYS,-0.45275996955058095
SSP245,Interactive,IFE,0,NAM,-0.5189667525603304
SSP245,Interactive,IFE,0,NER,-0.6691622642788526
SSP245,Interactive,IFE,0,NGA,-0.4708271331398245
SSP245,Interactive,IFE,0,NIC,-0.4901601979335186
SSP245,Interactive,IFE,0,NLD,0.01729736182984154
SSP245,Interactive,IFE,0,NOR,0.3505358233802114
SSP245,Interactive,IFE,0,NPL,-0.1588711113853527
SSP245,Interactive,IFE,0,NZL,-0.07045021874887958
SSP245,Interactive,IFE,0,OMN,-0.7247744578941693
SSP245,Interactive,IFE,0,PAK,-0.574842166069736
SSP245,Interactive,IFE,0,PAN,-0.3692455103680813
SSP245,Interactive,IFE,0,PER,-0.08821565209729332
SSP245,Interactive,IFE,0,PHL,-0.39174733634359027
SSP245,Interactive,IFE,0,PNG,-0.44842625187263785
SSP245,Interactive,IFE,0,POL,0.11621825054637713
SSP245,Interactive,IFE,0,PRT,-0.2054048990098637
SSP245,Interactive,IFE,0,PRY,-0.47922405429242887
SSP245,Interactive,IFE,0,ROU,0.005272786405998264
SSP245,Interactive,IFE,0,RUS,0.601180234278577
SSP245,Interactive,IFE,0,RWA,-0.2221759551032194
SSP245,Interactive,IFE,0,SAU,-0.7431815826828315
SSP245,Interactive,IFE,0,SDN,-0.695343043804499
SSP245,Interactive,IFE,0,SEN,-0.637840290102198
SSP245,Interactive,IFE,0,SLB,-0.5882293029375627
SSP245,Interactive,IFE,0,SLE,-0.4036180293825702
SSP245,Interactive,IFE,0,SRB,-0.031019869378693388
SSP245,Interactive,IFE,0,SUR,-0.5886183289768887
SSP245,Interactive,IFE,0,SVK,0.0836884532381661
SSP245,Interactive,IFE,0,SWE,0.30469000139377167
SSP245,Interactive,IFE,0,SWZ,-0.2224365507379047
SSP245,Interactive,IFE,0,TCD,-0.592293331539206
SSP245,Interactive,IFE,0,TGO,-0.44541888622997927
SSP245,Interactive,IFE,0,THA,-0.3879901251959148
SSP245,Interactive,IFE,0,TJK,0.5798320663855459
SSP245,Interactive,IFE,0,TKM,-0.38961672412295856
SSP245,Interactive,IFE,0,TUN,-0.44442659963196596
SSP245,Interactive,IFE,0,TUR,-0.1409999792469815
SSP245,Interactive,IFE,0,TZA,-0.35044463984742946
SSP245,Interactive,IFE,0,UGA,-0.31433614354093953
SSP245,Interactive,IFE,0,UKR,0.035130923360005006
SSP245,Interactive,IFE,0,URY,-0.21132615747213845
SSP245,Interactive,IFE,0,USA,-0.15288829257902836
SSP245,Interactive,IFE,0,UZB,-0.1188107638079644
SSP245,Interactive,IFE,0,VNM,-0.31401796416785954
SSP245,Interactive,IFE,0,VUT,-0.29200640220134333
SSP245,Interactive,IFE,0,YEM,-0.6013276350836956
SSP245,Interactive,IFE,0,ZAF,-0.2782806801877711
SSP245,Interactive,IFE,0,ZMB,-0.3661459157615281
SSP245,Interactive,IFE,0,ZWE,-0.4250148878589104
SSP245,Interactive,AFE,1,AFG,0.0661034559222069
SSP245,Interactive,AFE,1,AGO,-0.34046337975492047
SSP245,Interactive,AFE,1,ALB,-0.1348698063462217
SSP245,Interactive,AFE,1,ARE,-0.5970026505589527
SSP245,Interactive,AFE,1,ARG,-0.1688392134741863
SSP245,Interactive,AFE,1,ARM,0.21475553827591054
SSP245,Interactive,AFE,1,AUS,-0.20506295999956736
SSP245,Interactive,AFE,1,AUT,0.16776622270438057
SSP245,Interactive,AFE,1,AZE,-0.07548638116272166
SSP245,Interactive,AFE,1,BDI,-0.15826098274477463
SSP245,Interactive,AFE,1,BEL,0.058406542051941734
SSP245,Interactive,AFE,1,BEN,-0.4594541609398908
SSP245,Interactive,AFE,1,BFA,-0.5402109878771764
SSP245,Interactive,AFE,1,BGD,-0.4354094755893432
SSP245,Interactive,AFE,1,BGR,-0.058744328896211506
SSP245,Interactive,AFE,1,BHS,-0.37541803643610683
SSP245,Interactive,AFE,1,BIH,0.027579315551670147
SSP245,Interactive,AFE,1,BLR,0.3104173028049977
SSP245,Interactive,AFE,1,BLZ,-0.38679236047311705
SSP245,Interactive,AFE,1,BOL,0.0818707535245633
SSP245,Interactive,AFE,1,BRA,-0.3361854259792012
SSP245,Interactive,AFE,1,BTN,0.22349460735141502
SSP245,Interactive,AFE,1,BWA,-0.4528539834582125
SSP245,Interactive,AFE,1,CAF,-0.39439931666428474
SSP245,Interactive,AFE,1,CAN,0.3964046794065328
SSP245,Interactive,AFE,1,CHE,0.3261470997465039
SSP245,Interactive,AFE,1,CHL,0.005805393646337587
SSP245,Interactive,AFE,1,CHN,-0.06282645349344196
SSP245,Interactive,AFE,1,CIV,-0.42260757578406194
SSP245,Interactive,AFE,1,CMR,-0.3355031051909605
SSP245,Interactive,AFE,1,COD,-0.35227822172863055
SSP245,Interactive,AFE,1,COG,-0.32146920621845343
SSP245,Interactive,AFE,1,COL,-0.27284369785195284
SSP245,Interactive,AFE,1,CPV,-0.37857633390510603
SSP245,Interactive,AFE,1,CRI,-0.4079183780311493
SSP245,Interactive,AFE,1,CUB,-0.414120695336778
SSP245,Interactive,AFE,1,CZE,0.1732180670189174
SSP245,Interactive,AFE,1,DEU,0.15084826133743046
SSP245,Interactive,AFE,1,DNK,0.1461971231851662
SSP245,Interactive,AFE,1,DOM,-0.45905145369962896
SSP245,Interactive,AFE,1,DZA,-0.3095193883247277
SSP245,Interactive,AFE,1,ECU,0.3230725589982135
SSP245,Interactive,AFE,1,EGY,-0.4194668104863096
SSP245,Interactive,AFE,1,ESP,-0.17324507227671337
SSP245,Interactive,AFE,1,EST,0.4937537546535924
SSP245,Interactive,AFE,1,ETH,-0.28792737658655987
SSP245,Interactive,AFE,1,FIN,0.8527010642786694
SSP245,Interactive,AFE,1,FJI,-0.2680438814355529
SSP245,Interactive,AFE,1,FRA,0.01177909811853528
SSP245,Interactive,AFE,1,GAB,-0.3081301636454522
SSP245,Interactive,AFE,1,GBR,0.07425571365063433
SSP245,Interactive,AFE,1,GEO,0.12370424416816439
SSP245,Interactive,AFE,1,GHA,-0.4275311733391828
SSP245,Interactive,AFE,1,GIN,-0.4355213833326985
SSP245,Interactive,AFE,1,GNB,-0.5462786906256698
SSP245,Interactive,AFE,1,GNQ,-0.26261252958959813
SSP245,Interactive,AFE,1,GRC,-0.23612606735660757
SSP245,Interactive,AFE,1,GTM,-0.3249415731917814
SSP245,Interactive,AFE,1,GUY,-0.45097766187334964
SSP245,Interactive,AFE,1,HND,-0.4252998123477212
SSP245,Interactive,AFE,1,HRV,-0.05739651170751414
SSP245,Interactive,AFE,1,HTI,-0.4808276186417394
SSP245,Interactive,AFE,1,HUN,-5.717524449326827e-4
SSP245,Interactive,AFE,1,IDN,-0.366970677725007
SSP245,Interactive,AFE,1,IND,-0.44389600115572325
SSP245,Interactive,AFE,1,IRL,0.07282070069941793
SSP245,Interactive,AFE,1,IRN,-0.23489525630636987
SSP245,Interactive,AFE,1,IRQ,-0.49196755617837595
SSP245,Interactive,AFE,1,ISL,0.6098306046111475
SSP245,Interactive,AFE,1,ISR,-0.23951189155507258
SSP245,Interactive,AFE,1,ITA,-0.12799555556777886
SSP245,Interactive,AFE,1,JOR,-0.3602281867001209
SSP245,Interactive,AFE,1,JPN,0.018237381543140918
SSP245,Interactive,AFE,1,KAZ,0.298938829676781
SSP245,Interactive,AFE,1,KEN,-0.29584709035429824
SSP245,Interactive,AFE,1,KGZ,0.6830331710029633
SSP245,Interactive,AFE,1,KHM,-0.37718887799791456
SSP245,Interactive,AFE,1,KOR,-0.03342762773485408
SSP245,Interactive,AFE,1,KWT,-0.5520898386684019
SSP245,Interactive,AFE,1,LAO,-0.2845049787399594
SSP245,Interactive,AFE,1,LBN,-0.3031590825374838
SSP245,Interactive,AFE,1,LBR,-0.3451131476257815
SSP245,Interactive,AFE,1,LBY,-0.36649689871328306
SSP245,Interactive,AFE,1,LKA,-0.3604263656431308
SSP245,Interactive,AFE,1,LSO,-0.01579738536407127
SSP245,Interactive,AFE,1,LTU,0.2980360012632408
SSP245,Interactive,AFE,1,LVA,0.36871170292437117
SSP245,Interactive,AFE,1,MAR,-0.3513237147774432
SSP245,Interactive,AFE,1,MDA,0.003119377134010115
SSP245,Interactive,AFE,1,MDG,-0.25150019167249216
SSP245,Interactive,AFE,1,MEX,-0.2022345516598204
SSP245,Interactive,AFE,1,MLI,-0.6016214500385304
SSP245,Interactive,AFE,1,MMR,-0.3214465140746917
SSP245,Interactive,AFE,1,MNE,0.051673667943471724
SSP245,Interactive,AFE,1,MNG,1.1683562080856529
SSP245,Interactive,AFE,1,MOZ,-0.3994356431265176
SSP245,Interactive,AFE,1,MRT,-0.5814937921269492
SSP245,Interactive,AFE,1,MWI,-0.3464670513889493
SSP245,Interactive,AFE,1,MYS,-0.3309128926512849
SSP245,Interactive,AFE,1,NAM,-0.4276805443160293
SSP245,Interactive,AFE,1,NER,-0.5670590011079315
SSP245,Interactive,AFE,1,NGA,-0.4579515369443442
SSP245,Interactive,AFE,1,NIC,-0.44218954848572745
SSP245,Interactive,AFE,1,NLD,0.062218118150238366
SSP245,Interactive,AFE,1,NOR,0.4106601062451991
SSP245,Interactive,AFE,1,NPL,-0.10603612608346358
SSP245,Interactive,AFE,1,NZL,-0.02957641127896482
SSP245,Interactive,AFE,1,OMN,-0.5730140058610234
SSP245,Interactive,AFE,1,PAK,-0.4375660396175426
SSP245,Interactive,AFE,1,PAN,-0.33989554967332636
SSP245,Interactive,AFE,1,PER,-0.16070872915175072
SSP245,Interactive,AFE,1,PHL,-0.3360907713303546
SSP245,Interactive,AFE,1,PNG,-0.27472137032531063
SSP245,Interactive,AFE,1,POL,0.1702656627107626
SSP245,Interactive,AFE,1,PRT,-0.17000720570454264
SSP245,Interactive,AFE,1,PRY,-0.4373911643040087
SSP245,Interactive,AFE,1,ROU,0.06083504818937446
SSP245,Interactive,AFE,1,RUS,0.5891260542267871
SSP245,Interactive,AFE,1,RWA,-0.20630880761372883
SSP245,Interactive,AFE,1,SAU,-0.5901467451319746
SSP245,Interactive,AFE,1,SDN,-0.5875382920595142
SSP245,Interactive,AFE,1,SEN,-0.5040403432591645
SSP245,Interactive,AFE,1,SLB,-0.4126475404668737
SSP245,Interactive,AFE,1,SLE,-0.376367643323017
SSP245,Interactive,AFE,1,SRB,0.013886028393329308
SSP245,Interactive,AFE,1,SUR,-0.5198120017767411
SSP245,Interactive,AFE,1,SVK,0.13554886643398034
SSP245,Interactive,AFE,1,SWE,0.3460786395768929
SSP245,Interactive,AFE,1,SWZ,-0.18187370929134983
SSP245,Interactive,AFE,1,TCD,-0.5381355680275066
SSP245,Interactive,AFE,1,TGO,-0.4378979956529149
SSP245,Interactive,AFE,1,THA,-0.3823404365095602
SSP245,Interactive,AFE,1,TJK,0.5671652784265675
SSP245,Interactive,AFE,1,TKM,-0.2637692396115139
SSP245,Interactive,AFE,1,TUN,-0.327747382023835
SSP245,Interactive,AFE,1,TUR,-0.08220244286921663
SSP245,Interactive,AFE,1,TZA,-0.32819818015558355
SSP245,Interactive,AFE,1,UGA,-0.30903459840910885
SSP245,Interactive,AFE,1,UKR,0.09253587220045234
SSP245,Interactive,AFE,1,URY,-0.15937103000176778
SSP245,Interactive,AFE,1,USA,-0.08288595054406045
SSP245,Interactive,AFE,1,UZB,-0.045332856940163535
SSP245,Interactive,AFE,1,VNM,-0.31735451449177843
SSP245,Interactive,AFE,1,VUT,-0.2704476997773507
SSP245,Interactive,AFE,1,YEM,-0.49406465612107175
SSP245,Interactive,AFE,1,ZAF,-0.22671750928354706
SSP245,Interactive,AFE,1,ZMB,-0.3393427236977786
SSP245,Interactive,AFE,1,ZWE,-0.37582209890546314
SSP245,Interactive,IFE,1,AFG,-0.07626876039783492
SSP245,Interactive,IFE,1,AGO,-0.37188988583275584
SSP245,Interactive,IFE,1,ALB,-0.24138383106307926
SSP245,Interactive,IFE,1,ARE,-0.667480012891529
SSP245,Interactive,IFE,1,ARG,-0.2546628566602612
SSP245,Interactive,IFE,1,ARM,0.045931176102957716
SSP245,Interactive,IFE,1,AUS,-0.2748385795590478
SSP245,Interactive,IFE,1,AUT,-0.02648654089274738
SSP245,Interactive,IFE,1,AZE,-0.18711232265596411
SSP245,Interactive,IFE,1,BDI,-0.23197274905628074
SSP245,Interactive,IFE,1,BEL,-0.0861370084020292
SSP245,Interactive,IFE,1,BEN,-0.4543370246809363
SSP245,Interactive,IFE,1,BFA,-0.5799916681503137
SSP245,Interactive,IFE,1,BGD,-0.4607371555404832
SSP245,Interactive,IFE,1,BGR,-0.17519767510732553
SSP245,Interactive,IFE,1,BHS,-0.38662386373148605
SSP245,Interactive,IFE,1,BIH,-0.11420676111787709
SSP245,Interactive,IFE,1,BLR,0.09549772326240058
SSP245,Interactive,IFE,1,BLZ,-0.41537435103035103
SSP245,Interactive,IFE,1,BOL,-0.16060599687414134
SSP245,Interactive,IFE,1,BRA,-0.36090000019359547
SSP245,Interactive,IFE,1,BTN,-0.16647477440681246
SSP245,Interactive,IFE,1,BWA,-0.5197731863746484
SSP245,Interactive,IFE,1,CAF,-0.3675919915086998
SSP245,Interactive,IFE,1,CAN,0.07424431955885136
SSP245,Interactive,IFE,1,CHE,0.008530089282834608
SSP245,Interactive,IFE,1,CHL,-0.09693926893858573
SSP245,Interactive,IFE,1,CHN,-0.24614991040627188
SSP245,Interactive,IFE,1,CIV,-0.3957920434063038
SSP245,Interactive,IFE,1,CMR,-0.2369682063060624
SSP245,Interactive,IFE,1,COD,-0.3258766733642331
SSP245,Interactive,IFE,1,COG,-0.27648434909779707
SSP245,Interactive,IFE,1,COL,-0.21414034454781006
SSP245,Interactive,IFE,1,CPV,-0.4473488880528681
SSP245,Interactive,IFE,1,CRI,-0.39037311415302756
SSP245,Interactive,IFE,1,CUB,-0.43877535839782955
SSP245,Interactive,IFE,1,CZE,-0.005988633638335239
SSP245,Interactive,IFE,1,DEU,-0.026884004965326613
SSP245,Interactive,IFE,1,DNK,-0.008567134930922315
SSP245,Interactive,IFE,1,DOM,-0.4887632074866154
SSP245,Interactive,IFE,1,DZA,-0.3811016102795475
SSP245,Interactive,IFE,1,ECU,0.4083545965006983
SSP245,Interactive,IFE,1,EGY,-0.5026309197154186
SSP245,Interactive,IFE,1,ESP,-0.2476718023311294
SSP245,Interactive,IFE,1,EST,0.24623257622732142
SSP245,Interactive,IFE,1,ETH,-0.3637006477013873
SSP245,Interactive,IFE,1,FIN,0.5502967488440749
SSP245,Interactive,IFE,1,FJI,-0.24938243280578132
SSP245,Interactive,IFE,1,FRA,-0.12218971969511827
SSP245,Interactive,IFE,1,GAB,-0.17056101321615624
SSP245,Interactive,IFE,1,GBR,-0.05316103031085351
SSP245,Interactive,IFE,1,GEO,-0.032806373463836414
SSP245,Interactive,IFE,1,GHA,-0.4163823744158781
SSP245,Interactive,IFE,1,GIN,-0.4160593097441241
SSP245,Interactive,IFE,1,GNB,-0.5890170083337015
SSP245,Interactive,IFE,1,GNQ,-0.17252667104618857
SSP245,Interactive,IFE,1,GRC,-0.3159960080417493
SSP245,Interactive,IFE,1,GTM,-0.33017507274420976
SSP245,Interactive,IFE,1,GUY,-0.4635338468080149
SSP245,Interactive,IFE,1,HND,-0.4289820579886918
SSP245,Interactive,IFE,1,HRV,-0.17967149785378966
SSP245,Interactive,IFE,1,HTI,-0.5114529031186388
SSP245,Interactive,IFE,1,HUN,-0.1279260990356853
SSP245,Interactive,IFE,1,IDN,-0.23046222837867203
SSP245,Interactive,IFE,1,IND,-0.49608016368804775
SSP245,Interactive,IFE,1,IRL,-0.060518760396428894
SSP245,Interactive,IFE,1,IRN,-0.3364964725544013
SSP245,Interactive,IFE,1,IRQ,-0.5764211334741873
SSP245,Interactive,IFE,1,ISL,0.27721134000047143
SSP245,Interactive,IFE,1,ISR,-0.30436588971117495
SSP245,Interactive,IFE,1,ITA,-0.22862852852171456
SSP245,Interactive,IFE,1,JOR,-0.4488367076062548
SSP245,Interactive,IFE,1,JPN,-0.18825120034159704
SSP245,Interactive,IFE,1,KAZ,0.12520407360084307
SSP245,Interactive,IFE,1,KEN,-0.3606809709945603
SSP245,Interactive,IFE,1,KGZ,0.4430416324884041
SSP245,Interactive,IFE,1,KHM,-0.2824890872280623
SSP245,Interactive,IFE,1,KOR,-0.2120536520864288
SSP245,Interactive,IFE,1,KWT,-0.6244486962960187
SSP245,Interactive,IFE,1,LAO,-0.32313895618563715
SSP245,Interactive,IFE,1,LBN,-0.36817255744717614
SSP245,Interactive,IFE,1,LBR,-0.24640871188519975
SSP245,Interactive,IFE,1,LBY,-0.4449379518583074
SSP245,Interactive,IFE,1,LKA,-0.2945032984122745
SSP245,Interactive,IFE,1,LSO,-0.19473670767237006
SSP245,Interactive,IFE,1,LTU,0.08607552047613054
SSP245,Interactive,IFE,1,LVA,0.13858620416004563
SSP245,Interactive,IFE,1,MAR,-0.42325497560687686
SSP245,Interactive,IFE,1,MDA,-0.121092143990434
SSP245,Interactive,IFE,1,MDG,-0.27621079726030895
SSP245,Interactive,IFE,1,MEX,-0.2635366083374834
SSP245,Interactive,IFE,1,MLI,-0.6475024688205593
SSP245,Interactive,IFE,1,MMR,-0.3356413492414927
SSP245,Interactive,IFE,1,MNE,-0.11431863281641674
SSP245,Interactive,IFE,1,MNG,0.9869444725483016
SSP245,Interactive,IFE,1,MOZ,-0.4321306954401781
SSP245,Interactive,IFE,1,MRT,-0.6517633467367461
SSP245,Interactive,IFE,1,MWI,-0.39097797344454865
SSP245,Interactive,IFE,1,MYS,-0.11640186153676679
SSP245,Interactive,IFE,1,NAM,-0.4978681087712189
SSP245,Interactive,IFE,1,NER,-0.6294863560474349
SSP245,Interactive,IFE,1,NGA,-0.4378509772603203
SSP245,Interactive,IFE,1,NIC,-0.45405676660631444
SSP245,Interactive,IFE,1,NLD,-0.05226364338164746
SSP245,Interactive,IFE,1,NOR,0.17561547648344877
SSP245,Interactive,IFE,1,NPL,-0.26368803373106486
SSP245,Interactive,IFE,1,NZL,-0.1350159359690405
SSP245,Interactive,IFE,1,OMN,-0.6456007545150613
SSP245,Interactive,IFE,1,PAK,-0.5272445429629571
SSP245,Interactive,IFE,1,PAN,-0.24560127054501601
SSP245,Interactive,IFE,1,PER,-0.32943035280288535
SSP245,Interactive,IFE,1,PHL,-0.1959480268420506
SSP245,Interactive,IFE,1,PNG,-0.05202640244567003
SSP245,Interactive,IFE,1,POL,-0.0010388337987600194
SSP245,Interactive,IFE,1,PRT,-0.2312797464469032
SSP245,Interactive,IFE,1,PRY,-0.4730278756115097
SSP245,Interactive,IFE,1,ROU,-0.08583253600573304
SSP245,Interactive,IFE,1,RUS,0.34574495133849004
SSP245,Interactive,IFE,1,RWA,-0.2812373179775036
SSP245,Interactive,IFE,1,SAU,-0.6655577961534265
SSP245,Interactive,IFE,1,SDN,-0.6505697726295719
SSP245,Interactive,IFE,1,SEN,-0.5686295856667976
SSP245,Interactive,IFE,1,SLB,-0.04132853498750022
SSP245,Interactive,IFE,1,SLE,-0.28855447303153925
SSP245,Interactive,IFE,1,SRB,-0.10716793465768493
SSP245,Interactive,IFE,1,SUR,-0.550556656041697
SSP245,Interactive,IFE,1,SVK,-0.027862035990273593
SSP245,Interactive,IFE,1,SWE,0.14192918168485114
SSP245,Interactive,IFE,1,SWZ,-0.2748831474153861
SSP245,Interactive,IFE,1,TCD,-0.576512093741324
SSP245,Interactive,IFE,1,TGO,-0.40287017846843765
SSP245,Interactive,IFE,1,THA,-0.34219000390355536
SSP245,Interactive,IFE,1,TJK,0.3508006862155675
SSP245,Interactive,IFE,1,TKM,-0.3654762839341549
SSP245,Interactive,IFE,1,TUN,-0.404151512403929
SSP245,Interactive,IFE,1,TUR,-0.1914143395019995
SSP245,Interactive,IFE,1,TZA,-0.37252091349271554
SSP245,Interactive,IFE,1,UGA,-0.3485456144965775
SSP245,Interactive,IFE,1,UKR,-0.05730554297046564
SSP245,Interactive,IFE,1,URY,-0.24321084924378522
SSP245,Interactive,IFE,1,USA,-0.23486334454603885
SSP245,Interactive,IFE,1,UZB,-0.17109564572760272
SSP245,Interactive,IFE,1,VNM,-0.3166587078315195
SSP245,Interactive,IFE,1,VUT,-0.23481980192122098
SSP245,Interactive,IFE,1,YEM,-0.5611224793520992
SSP245,Interactive,IFE,1,ZAF,-0.31095788062144447
SSP245,Interactive,IFE,1,ZMB,-0.3906007981319358
SSP245,Interactive,IFE,1,ZWE,-0.42961525637613296
SSP245,Interactive,AFE,2,AFG,0.12341816201939992
SSP245,Interactive,AFE,2,AGO,-0.21584615520191175
SSP245,Interactive,AFE,2,ALB,-0.07846680133551354
SSP245,Interactive,AFE,2,ARE,-0.5737600973448964
SSP245,Interactive,AFE,2,ARG,-0.11969391798094453
SSP245,Interactive,AFE,2,ARM,0.21409261056910678
SSP245,Interactive,AFE,2,AUS,-0.13809946929861128
SSP245,Interactive,AFE,2,AUT,0.09647032409906342
SSP245,Interactive,AFE,2,AZE,-0.009935107320915737
SSP245,Interactive,AFE,2,BDI,-0.06489258466783887
SSP245,Interactive,AFE,2,BEL,0.028977780593829383
SSP245,Interactive,AFE,2,BEN,-0.2994653670254809
SSP245,Interactive,AFE,2,BFA,-0.42543282427715423
SSP245,Interactive,AFE,2,BGD,-0.2966788103209601
SSP245,Interactive,AFE,2,BGR,-0.01166283965470949
SSP245,Interactive,AFE,2,BHS,-0.24839175331565844
SSP245,Interactive,AFE,2,BIH,0.020986127905853857
SSP245,Interactive,AFE,2,BLR,0.23891561995934252
SSP245,Interactive,AFE,2,BLZ,-0.2769302019123904
SSP245,Interactive,AFE,2,BOL,0.13089043337222206
SSP245,Interactive,AFE,2,BRA,-0.20678418026748213
SSP245,Interactive,AFE,2,BTN,0.030310142969899534
SSP245,Interactive,AFE,2,BWA,-0.3507989652266609
SSP245,Interactive,AFE,2,CAF,-0.22801969571950897
SSP245,Interactive,AFE,2,CAN,0.19451144738524695
SSP245,Interactive,AFE,2,CHE,0.126337758918462
SSP245,Interactive,AFE,2,CHL,0.026882949897392816
SSP245,Interactive,AFE,2,CHN,-0.10136900759086864
SSP245,Interactive,AFE,2,CIV,-0.25018140932279753
SSP245,Interactive,AFE,2,CMR,-0.15918376242558285
SSP245,Interactive,AFE,2,COD,-0.19016386475940006
SSP245,Interactive,AFE,2,COG,-0.16619889287208678
SSP245,Interactive,AFE,2,COL,-0.09995411423102474
SSP245,Interactive,AFE,2,CPV,-0.3368398730106067
SSP245,Interactive,AFE,2,CRI,-0.2323038480181373
SSP245,Interactive,AFE,2,CUB,-0.2941855280466824
SSP245,Interactive,AFE,2,CZE,0.11536320261879118
SSP245,Interactive,AFE,2,DEU,0.08732150453055443
SSP245,Interactive,AFE,2,DNK,0.10888709777251115
SSP245,Interactive,AFE,2,DOM,-0.35324900505723644
SSP245,Interactive,AFE,2,DZA,-0.21161399628042787
SSP245,Interactive,AFE,2,ECU,0.48638161031998317
SSP245,Interactive,AFE,2,EGY,-0.36760756114158877
SSP245,Interactive,AFE,2,ESP,-0.09322610068209836
SSP245,Interactive,AFE,2,EST,0.40978225369674437
SSP245,Interactive,AFE,2,ETH,-0.2159197397498981
SSP245,Interactive,AFE,2,FIN,0.7290373623674957
SSP245,Interactive,AFE,2,FJI,-0.14468258119633148
SSP245,Interactive,AFE,2,FRA,0.005203072125232744
SSP245,Interactive,AFE,2,GAB,-0.13533975258700914
SSP245,Interactive,AFE,2,GBR,0.03956982279035781
SSP245,Interactive,AFE,2,GEO,0.0872661713855114
SSP245,Interactive,AFE,2,GHA,-0.2706487226403528
SSP245,Interactive,AFE,2,GIN,-0.2609079519544776
SSP245,Interactive,AFE,2,GNB,-0.4562276486652179
SSP245,Interactive,AFE,2,GNQ,-0.12398977280549339
SSP245,Interactive,AFE,2,GRC,-0.15117280267716682
SSP245,Interactive,AFE,2,GTM,-0.17238981470933268
SSP245,Interactive,AFE,2,GUY,-0.3114345160179154
SSP245,Interactive,AFE,2,HND,-0.26597211176467994
SSP245,Interactive,AFE,2,HRV,-0.021002374735340834
SSP245,Interactive,AFE,2,HTI,-0.3712306237423679
SSP245,Interactive,AFE,2,HUN,0.03480411719650034
SSP245,Interactive,AFE,2,IDN,-0.1923554679713485
SSP245,Interactive,AFE,2,IND,-0.33177822273587454
SSP245,Interactive,AFE,2,IRL,0.016786910351209272
SSP245,Interactive,AFE,2,IRN,-0.1539072216816374
SSP245,Interactive,AFE,2,IRQ,-0.43062779759237013
SSP245,Interactive,AFE,2,ISL,0.3240015938037921
SSP245,Interactive,AFE,2,ISR,-0.18141677015301894
SSP245,Interactive,AFE,2,ITA,-0.07123134834554945
SSP245,Interactive,AFE,2,JOR,-0.2843511088675452
SSP245,Interactive,AFE,2,JPN,0.002919686603593208
SSP245,Interactive,AFE,2,KAZ,0.3739328852324384
SSP245,Interactive,AFE,2,KEN,-0.2210838384848598
SSP245,Interactive,AFE,2,KGZ,0.5953531745281595
SSP245,Interactive,AFE,2,KHM,-0.20288202925372434
SSP245,Interactive,AFE,2,KOR,-0.07652674332086096
SSP245,Interactive,AFE,2,KWT,-0.5153009717523542
SSP245,Interactive,AFE,2,LAO,-0.1847057984479109
SSP245,Interactive,AFE,2,LBN,-0.2276968577254379
SSP245,Interactive,AFE,2,LBR,-0.1728324233799543
SSP245,Interactive,AFE,2,LBY,-0.303824574607239
SSP245,Interactive,AFE,2,LKA,-0.20283471905856865
SSP245,Interactive,AFE,2,LSO,-0.058054642122891464
SSP245,Interactive,AFE,2,LTU,0.22144487534125434
SSP245,Interactive,AFE,2,LVA,0.27429024426607596
SSP245,Interactive,AFE,2,MAR,-0.2542761981724848
SSP245,Interactive,AFE,2,MDA,0.0547343999994947
SSP245,Interactive,AFE,2,MDG,-0.1336016080344118
SSP245,Interactive,AFE,2,MEX,-0.09881457766186796
SSP245,Interactive,AFE,2,MLI,-0.501376582799195
SSP245,Interactive,AFE,2,MMR,-0.19468169331917795
SSP245,Interactive,AFE,2,MNE,0.02217993130177609
SSP245,Interactive,AFE,2,MNG,1.3971975470074858
SSP245,Interactive,AFE,2,MOZ,-0.27403151459335084
SSP245,Interactive,AFE,2,MRT,-0.552919390704681
SSP245,Interactive,AFE,2,MWI,-0.23384338102133895
SSP245,Interactive,AFE,2,MYS,-0.163357607798575
SSP245,Interactive,AFE,2,NAM,-0.33900874604725895
SSP245,Interactive,AFE,2,NER,-0.49346267356204965
SSP245,Interactive,AFE,2,NGA,-0.28320823805684026
SSP245,Interactive,AFE,2,NIC,-0.29936862361427785
SSP245,Interactive,AFE,2,NLD,0.03448943401917659
SSP245,Interactive,AFE,2,NOR,0.19282355472724988
SSP245,Interactive,AFE,2,NPL,-0.11295565244891559
SSP245,Interactive,AFE,2,NZL,-0.029090152178510964
SSP245,Interactive,AFE,2,OMN,-0.5449082406921995
SSP245,Interactive,AFE,2,PAK,-0.36408978598586583
SSP245,Interactive,AFE,2,PAN,-0.173588042210018
SSP245,Interactive,AFE,2,PER,-0.14229277315661537
SSP245,Interactive,AFE,2,PHL,-0.16884625241879192
SSP245,Interactive,AFE,2,PNG,-0.1412711670794431
SSP245,Interactive,AFE,2,POL,0.13101649565034545
SSP245,Interactive,AFE,2,PRT,-0.08427942945925682
SSP245,Interactive,AFE,2,PRY,-0.29821353200911127
SSP245,Interactive,AFE,2,ROU,0.06865246054971363
SSP245,Interactive,AFE,2,RUS,0.5441156371431908
SSP245,Interactive,AFE,2,RWA,-0.1193407517349031
SSP245,Interactive,AFE,2,SAU,-0.5561836112786258
SSP245,Interactive,AFE,2,SDN,-0.5216619889917166
SSP245,Interactive,AFE,2,SEN,-0.4537334078648244
SSP245,Interactive,AFE,2,SLB,-0.2776315799502227
SSP245,Interactive,AFE,2,SLE,-0.19632441241043808
SSP245,Interactive,AFE,2,SRB,0.03318004723609036
SSP245,Interactive,AFE,2,SUR,-0.39494272788608364
SSP245,Interactive,AFE,2,SVK,0.10713298573410834
SSP245,Interactive,AFE,2,SWE,0.2751181952968682
SSP245,Interactive,AFE,2,SWZ,-0.15279680922868577
SSP245,Interactive,AFE,2,TCD,-0.4174692660875169
SSP245,Interactive,AFE,2,TGO,-0.2636931234287012
SSP245,Interactive,AFE,2,THA,-0.21824010311734143
SSP245,Interactive,AFE,2,TJK,0.474553425274131
SSP245,Interactive,AFE,2,TKM,-0.17436052660741375
SSP245,Interactive,AFE,2,TUN,-0.24794874396880784
SSP245,Interactive,AFE,2,TUR,-0.036248465195063195
SSP245,Interactive,AFE,2,TZA,-0.22454257958433632
SSP245,Interactive,AFE,2,UGA,-0.2042788758714108
SSP245,Interactive,AFE,2,UKR,0.11162718332927057
SSP245,Interactive,AFE,2,URY,-0.1277291449040726
SSP245,Interactive,AFE,2,USA,-0.08257181984939799
SSP245,Interactive,AFE,2,UZB,0.02812322971387249
SSP245,Interactive,AFE,2,VNM,-0.19123573319649556
SSP245,Interactive,AFE,2,VUT,-0.13600470412774346
SSP245,Interactive,AFE,2,YEM,-0.4200041267217388
SSP245,Interactive,AFE,2,ZAF,-0.1585468278956711
SSP245,Interactive,AFE,2,ZMB,-0.22592163290335343
SSP245,Interactive,AFE,2,ZWE,-0.25796461559267625
SSP245,Interactive,IFE,2,AFG,0.06095094987897598
SSP245,Interactive,IFE,2,AGO,-0.3695755701803066
SSP245,Interactive,IFE,2,ALB,-0.19356078871083204
SSP245,Interactive,IFE,2,ARE,-0.6977004973142967
SSP245,Interactive,IFE,2,ARG,-0.23099498088174553
SSP245,Interactive,IFE,2,ARM,0.1701936612151307
SSP245,Interactive,IFE,2,AUS,-0.23930308274171697
SSP245,Interactive,IFE,2,AUT,-0.008601206504573189
SSP245,Interactive,IFE,2,AZE,-0.09286195036512701
SSP245,Interactive,IFE,2,BDI,-0.22257914588430316
SSP245,Interactive,IFE,2,BEL,-0.06938906539624645
SSP245,Interactive,IFE,2,BEN,-0.44072893112095446
SSP245,Interactive,IFE,2,BFA,-0.5761686480471113
SSP245,Interactive,IFE,2,BGD,-0.4709162086736427
SSP245,Interactive,IFE,2,BGR,-0.10901149269321542
SSP245,Interactive,IFE,2,BHS,-0.36997050117985797
SSP245,Interactive,IFE,2,BIH,-0.08847263768752489
SSP245,Interactive,IFE,2,BLR,0.17856380173880093
SSP245,Interactive,IFE,2,BLZ,-0.3857532585978236
SSP245,Interactive,IFE,2,BOL,-0.1005785505369069
SSP245,Interactive,IFE,2,BRA,-0.34561697740776554
SSP245,Interactive,IFE,2,BTN,-0.15199812924044365
SSP245,Interactive,IFE,2,BWA,-0.500973427920272
SSP245,Interactive,IFE,2,CAF,-0.38068414830300845
SSP245,Interactive,IFE,2,CAN,0.07449384415084781
SSP245,Interactive,IFE,2,CHE,-0.013433005936414721
SSP245,Interactive,IFE,2,CHL,-0.05748350170265315
SSP245,Interactive,IFE,2,CHN,-0.26081326593872434
SSP245,Interactive,IFE,2,CIV,-0.38950008441379314
SSP245,Interactive,IFE,2,CMR,-0.28981873189831775
SSP245,Interactive,IFE,2,COD,-0.34238406421029244
SSP245,Interactive,IFE,2,COG,-0.2992026654405334
SSP245,Interactive,IFE,2,COL,-0.24644438907912336
SSP245,Interactive,IFE,2,CPV,-0.44039430394244794
SSP245,Interactive,IFE,2,CRI,-0.34105987086570533
SSP245,Interactive,IFE,2,CUB,-0.41909288705450887
SSP245,Interactive,IFE,2,CZE,0.031228309526615483
SSP245,Interactive,IFE,2,DEU,-0.006147602233721017
SSP245,Interactive,IFE,2,DNK,0.038916054478909556
SSP245,Interactive,IFE,2,DOM,-0.4459950799655521
SSP245,Interactive,IFE,2,DZA,-0.3084923710450146
SSP245,Interactive,IFE,2,ECU,0.616787524172832
SSP245,Interactive,IFE,2,EGY,-0.48058198216968606
SSP245,Interactive,IFE,2,ESP,-0.18507981102097704
SSP245,Interactive,IFE,2,EST,0.40708072926271655
SSP245,Interactive,IFE,2,ETH,-0.38037756726787897
SSP245,Interactive,IFE,2,FIN,0.86021227150086
SSP245,Interactive,IFE,2,FJI,-0.22985621487854868
SSP245,Interactive,IFE,2,FRA,-0.09994304532401943
SSP245,Interactive,IFE,2,GAB,-0.249653455544539
SSP245,Interactive,IFE,2,GBR,-0.036322472480997514
SSP245,Interactive,IFE,2,GEO,-0.0012536042413565651
SSP245,Interactive,IFE,2,GHA,-0.4084338713901968
SSP245,Interactive,IFE,2,GIN,-0.40491675377937797
SSP245,Interactive,IFE,2,GNB,-0.5647746191059053
SSP245,Interactive,IFE,2,GNQ,-0.2242988626531519
SSP245,Interactive,IFE,2,GRC,-0.2537554303231184
SSP245,Interactive,IFE,2,GTM,-0.3036606664434012
SSP245,Interactive,IFE,2,GUY,-0.41992761078428986
SSP245,Interactive,IFE,2,HND,-0.3706271706646488
SSP245,Interactive,IFE,2,HRV,-0.1266829351524188
SSP245,Interactive,IFE,2,HTI,-0.4713801961784395
SSP245,Interactive,IFE,2,HUN,-0.051236002850812645
SSP245,Interactive,IFE,2,IDN,-0.2990938899470953
SSP245,Interactive,IFE,2,IND,-0.5037332313658025
SSP245,Interactive,IFE,2,IRL,-0.06691090293433966
SSP245,Interactive,IFE,2,IRN,-0.26032774824277427
SSP245,Interactive,IFE,2,IRQ,-0.5578629776326156
SSP245,Interactive,IFE,2,ISL,0.2689318511592642
SSP245,Interactive,IFE,2,ISR,-0.2633083475530996
SSP245,Interactive,IFE,2,ITA,-0.17380777401621716
SSP245,Interactive,IFE,2,JOR,-0.3909649054382759
SSP245,Interactive,IFE,2,JPN,-0.1749752436626597
SSP245,Interactive,IFE,2,KAZ,0.3961598402942752
SSP245,Interactive,IFE,2,KEN,-0.37442123893630885
SSP245,Interactive,IFE,2,KGZ,0.6824259452029668
SSP245,Interactive,IFE,2,KHM,-0.332980738010188
SSP245,Interactive,IFE,2,KOR,-0.22716642814774157
SSP245,Interactive,IFE,2,KWT,-0.6401006313886012
SSP245,Interactive,IFE,2,LAO,-0.3465565094015386
SSP245,Interactive,IFE,2,LBN,-0.32547770482602645
SSP245,Interactive,IFE,2,LBR,-0.29793155103393065
SSP245,Interactive,IFE,2,LBY,-0.40668121417903513
SSP245,Interactive,IFE,2,LKA,-0.33606830308727076
SSP245,Interactive,IFE,2,LSO,-0.20893711430410378
SSP245,Interactive,IFE,2,LTU,0.15846122926655526
SSP245,Interactive,IFE,2,LVA,0.22519917241069454
SSP245,Interactive,IFE,2,MAR,-0.35089856905735783
SSP245,Interactive,IFE,2,MDA,-0.02378545028767054
SSP245,Interactive,IFE,2,MDG,-0.25519304807274457
SSP245,Interactive,IFE,2,MEX,-0.24011992771880297
SSP245,Interactive,IFE,2,MLI,-0.6411786071508614
SSP245,Interactive,IFE,2,MMR,-0.3575498140917933
SSP245,Interactive,IFE,2,MNE,-0.09766448811294337
SSP245,Interactive,IFE,2,MNG,2.0325844386853142
SSP245,Interactive,IFE,2,MOZ,-0.41342379733836343
SSP245,Interactive,IFE,2,MRT,-0.6752088630235524
SSP245,Interactive,IFE,2,MWI,-0.37970013817741355
SSP245,Interactive,IFE,2,MYS,-0.2539356993361692
SSP245,Interactive,IFE,2,NAM,-0.4790282983641597
SSP245,Interactive,IFE,2,NER,-0.6400553799105486
SSP245,Interactive,IFE,2,NGA,-0.4325018502680039
SSP245,Interactive,IFE,2,NIC,-0.4133907911136808
SSP245,Interactive,IFE,2,NLD,-0.03483679586930577
SSP245,Interactive,IFE,2,NOR,0.14685274121480663
SSP245,Interactive,IFE,2,NPL,-0.27693755317192337
SSP245,Interactive,IFE,2,NZL,-0.1294161944722052
SSP245,Interactive,IFE,2,OMN,-0.6718266418371377
SSP245,Interactive,IFE,2,PAK,-0.4957769074618874
SSP245,Interactive,IFE,2,PAN,-0.28450255652554224
SSP245,Interactive,IFE,2,PER,-0.3142568096755237
SSP245,Interactive,IFE,2,PHL,-0.2693764812922198
SSP245,Interactive,IFE,2,PNG,-0.1530999490443692
SSP245,Interactive,IFE,2,POL,0.05413998480612192
SSP245,Interactive,IFE,2,PRT,-0.17866701672861196
SSP245,Interactive,IFE,2,PRY,-0.4504775306833454
SSP245,Interactive,IFE,2,ROU,-0.021911769488876298
SSP245,Interactive,IFE,2,RUS,0.6056188902662734
SSP245,Interactive,IFE,2,RWA,-0.2830346695973017
SSP245,Interactive,IFE,2,SAU,-0.6836275824474917
SSP245,Interactive,IFE,2,SDN,-0.6662101248198445
SSP245,Interactive,IFE,2,SEN,-0.5750949960782109
SSP245,Interactive,IFE,2,SLB,-0.3104096897968974
SSP245,Interactive,IFE,2,SLE,-0.3292036776434093
SSP245,Interactive,IFE,2,SRB,-0.055289489349056864
SSP245,Interactive,IFE,2,SUR,-0.5211015212451013
SSP245,Interactive,IFE,2,SVK,0.02204203054531395
SSP245,Interactive,IFE,2,SWE,0.24273277334208032
SSP245,Interactive,IFE,2,SWZ,-0.28897507508517806
SSP245,Interactive,IFE,2,TCD,-0.5730096651620936
SSP245,Interactive,IFE,2,TGO,-0.4052497374198759
SSP245,Interactive,IFE,2,THA,-0.3616614730488118
SSP245,Interactive,IFE,2,TJK,0.5288553110071006
SSP245,Interactive,IFE,2,TKM,-0.275157156236173
SSP245,Interactive,IFE,2,TUN,-0.3474327892333029
SSP245,Interactive,IFE,2,TUR,-0.13728959902764004
SSP245,Interactive,IFE,2,TZA,-0.37662406360236944
SSP245,Interactive,IFE,2,UGA,-0.36583425881748055
SSP245,Interactive,IFE,2,UKR,0.03904438040110292
SSP245,Interactive,IFE,2,URY,-0.2415523389686115
SSP245,Interactive,IFE,2,USA,-0.23077178198475812
SSP245,Interactive,IFE,2,UZB,-0.05346188934217688
SSP245,Interactive,IFE,2,VNM,-0.34134829931414623
SSP245,Interactive,IFE,2,VUT,-0.23021426184940963
SSP245,Interactive,IFE,2,YEM,-0.5592406680458524
SSP245,Interactive,IFE,2,ZAF,-0.29558489372109553
SSP245,Interactive,IFE,2,ZMB,-0.3884828618978402
SSP245,Interactive,IFE,2,ZWE,-0.406599168299166
SSP245,Interactive,AFE,3,AFG,-0.129212401232638
SSP245,Interactive,AFE,3,AGO,-0.28882516100316746
SSP245,Interactive,AFE,3,ALB,-0.22557527358897178
SSP245,Interactive,AFE,3,ARE,-0.6320811497019063
SSP245,Interactive,AFE,3,ARG,-0.22330174633085065
SSP245,Interactive,AFE,3,ARM,-0.054804619631508955
SSP245,Interactive,AFE,3,AUS,-0.23334309608584602
SSP245,Interactive,AFE,3,AUT,-0.10753026222583573
SSP245,Interactive,AFE,3,AZE,-0.19771690550981402
SSP245,Interactive,AFE,3,BDI,-0.26211683852727186
SSP245,Interactive,AFE,3,BEL,-0.1272622464057358
SSP245,Interactive,AFE,3,BEN,-0.33140558599748826
SSP245,Interactive,AFE,3,BFA,-0.4558405547160108
SSP245,Interactive,AFE,3,BGD,-0.34319059574391353
SSP245,Interactive,AFE,3,BGR,-0.1831268994811418
SSP245,Interactive,AFE,3,BHS,-0.2813436425598226
SSP245,Interactive,AFE,3,BIH,-0.1476748379783781
SSP245,Interactive,AFE,3,BLR,-0.03869719326325727
SSP245,Interactive,AFE,3,BLZ,-0.3194352051563286
SSP245,Interactive,AFE,3,BOL,-0.2864616377479735
SSP245,Interactive,AFE,3,BRA,-0.2795389544638306
SSP245,Interactive,AFE,3,BTN,-0.13363774487858904
SSP245,Interactive,AFE,3,BWA,-0.4278253061767623
SSP245,Interactive,AFE,3,CAF,-0.2993604234597338
SSP245,Interactive,AFE,3,CAN,-0.0781194059661181
SSP245,Interactive,AFE,3,CHE,-0.10789379142105215
SSP245,Interactive,AFE,3,CHL,-0.1163336662629052
SSP245,Interactive,AFE,3,CHN,-0.23879602458613003
SSP245,Interactive,AFE,3,CIV,-0.30011614504700024
SSP245,Interactive,AFE,3,CMR,-0.31001238526768526
SSP245,Interactive,AFE,3,COD,-0.29239126194651244
SSP245,Interactive,AFE,3,COG,-0.26351154352524675
SSP245,Interactive,AFE,3,COL,-0.30189573088449173
SSP245,Interactive,AFE,3,CPV,-0.4209703078988294
SSP245,Interactive,AFE,3,CRI,-0.281100122572265
SSP245,Interactive,AFE,3,CUB,-0.329181820066485
SSP245,Interactive,AFE,3,CZE,-0.08925901144064163
SSP245,Interactive,AFE,3,DEU,-0.10060218547887012
SSP245,Interactive,AFE,3,DNK,-0.08228182376417648
SSP245,Interactive,AFE,3,DOM,-0.39993754760583367
SSP245,Interactive,AFE,3,DZA,-0.3356207465588593
SSP245,Interactive,AFE,3,ECU,-0.6178295981881285
SSP245,Interactive,AFE,3,EGY,-0.48385061437663734
SSP245,Interactive,AFE,3,ESP,-0.21440680429822423
SSP245,Interactive,AFE,3,EST,0.044497920208764974
SSP245,Interactive,AFE,3,ETH,-0.2826378789967292
SSP245,Interactive,AFE,3,FIN,0.21187054672806527
SSP245,Interactive,AFE,3,FJI,-0.18126568793569608
SSP245,Interactive,AFE,3,FRA,-0.1489594450809747
SSP245,Interactive,AFE,3,GAB,-0.31097402616441583
SSP245,Interactive,AFE,3,GBR,-0.09678917689235522
SSP245,Interactive,AFE,3,GEO,-0.09805151384358957
SSP245,Interactive,AFE,3,GHA,-0.3023909850209525
SSP245,Interactive,AFE,3,GIN,-0.3158649339929285
SSP245,Interactive,AFE,3,GNB,-0.5074202590087982
SSP245,Interactive,AFE,3,GNQ,-0.26011129992041093
SSP245,Interactive,AFE,3,GRC,-0.2768969211140101
SSP245,Interactive,AFE,3,GTM,-0.26968916698072
SSP245,Interactive,AFE,3,GUY,-0.34799325383522717
SSP245,Interactive,AFE,3,HND,-0.32481733691908143
SSP245,Interactive,AFE,3,HRV,-0.18831663377785723
SSP245,Interactive,AFE,3,HTI,-0.41656853599964117
SSP245,Interactive,AFE,3,HUN,-0.15612798567592823
SSP245,Interactive,AFE,3,IDN,-0.28239244561183496
SSP245,Interactive,AFE,3,IND,-0.37828951356642493
SSP245,Interactive,AFE,3,IRL,-0.09564555513274275
SSP245,Interactive,AFE,3,IRN,-0.31989479081334393
SSP245,Interactive,AFE,3,IRQ,-0.5418123379031425
SSP245,Interactive,AFE,3,ISL,0.04082962556476066
SSP245,Interactive,AFE,3,ISR,-0.2786809382507168
SSP245,Interactive,AFE,3,ITA,-0.2160157906975898
SSP245,Interactive,AFE,3,JOR,-0.42941082287815746
SSP245,Interactive,AFE,3,JPN,-0.21574919888490374
SSP245,Interactive,AFE,3,KAZ,-0.004448929548009017
SSP245,Interactive,AFE,3,KEN,-0.2763519304448535
SSP245,Interactive,AFE,3,KGZ,0.17565174407355744
SSP245,Interactive,AFE,3,KHM,-0.2940178973130495
SSP245,Interactive,AFE,3,KOR,-0.21079196855683746
SSP245,Interactive,AFE,3,KWT,-0.5857630907984686
SSP245,Interactive,AFE,3,LAO,-0.2616269984080385
SSP245,Interactive,AFE,3,LBN,-0.32223950349559716
SSP245,Interactive,AFE,3,LBR,-0.2950017668725865
SSP245,Interactive,AFE,3,LBY,-0.42219560362814945
SSP245,Interactive,AFE,3,LKA,-0.24813518332405848
SSP245,Interactive,AFE,3,LSO,-0.19674040232208811
SSP245,Interactive,AFE,3,LTU,-0.04329293087659836
SSP245,Interactive,AFE,3,LVA,-0.016377801279664816
SSP245,Interactive,AFE,3,MAR,-0.38131907689936684
SSP245,Interactive,AFE,3,MDA,-0.14868499401553437
SSP245,Interactive,AFE,3,MDG,-0.23001609219088748
SSP245,Interactive,AFE,3,MEX,-0.2423655544806701
SSP245,Interactive,AFE,3,MLI,-0.5407388860842304
SSP245,Interactive,AFE,3,MMR,-0.2810295601915509
SSP245,Interactive,AFE,3,MNE,-0.15594693206112054
SSP245,Interactive,AFE,3,MNG,0.568268569319851
SSP245,Interactive,AFE,3,MOZ,-0.3284331112023021
SSP245,Interactive,AFE,3,MRT,-0.6170270054306506
SSP245,Interactive,AFE,3,MWI,-0.3014489742674309
SSP245,Interactive,AFE,3,MYS,-0.3550850002316923
SSP245,Interactive,AFE,3,NAM,-0.41863183188317843
SSP245,Interactive,AFE,3,NER,-0.5383825191586145
SSP245,Interactive,AFE,3,NGA,-0.32780123058283694
SSP245,Interactive,AFE,3,NIC,-0.33994625551635793
SSP245,Interactive,AFE,3,NLD,-0.09094812315353384
SSP245,Interactive,AFE,3,NOR,0.025450427220528482
SSP245,Interactive,AFE,3,NPL,-0.23883916978353503
SSP245,Interactive,AFE,3,NZL,-0.14220494687652196
SSP245,Interactive,AFE,3,OMN,-0.6072080708540851
SSP245,Interactive,AFE,3,PAK,-0.48635065313890424
SSP245,Interactive,AFE,3,PAN,-0.25104434528720854
SSP245,Interactive,AFE,3,PER,-0.2342055974766617
SSP245,Interactive,AFE,3,PHL,-0.27450994903039994
SSP245,Interactive,AFE,3,PNG,-0.4515467725806186
SSP245,Interactive,AFE,3,POL,-0.08446164246550303
SSP245,Interactive,AFE,3,PRT,-0.19597838777435472
SSP245,Interactive,AFE,3,PRY,-0.3657072064467617
SSP245,Interactive,AFE,3,ROU,-0.13251124879021114
SSP245,Interactive,AFE,3,RUS,0.10980401783771598
SSP245,Interactive,AFE,3,RWA,-0.25380268207354173
SSP245,Interactive,AFE,3,SAU,-0.6297886279633182
SSP245,Interactive,AFE,3,SDN,-0.5639147614153918
SSP245,Interactive,AFE,3,SEN,-0.5157831534345925
SSP245,Interactive,AFE,3,SLB,-0.44254009119877835
SSP245,Interactive,AFE,3,SLE,-0.29564404228332253
SSP245,Interactive,AFE,3,SRB,-0.133888962084046
SSP245,Interactive,AFE,3,SUR,-0.43616245426129063
SSP245,Interactive,AFE,3,SVK,-0.09867927825360356
SSP245,Interactive,AFE,3,SWE,-0.00472380063772837
SSP245,Interactive,AFE,3,SWZ,-0.22369199992723054
SSP245,Interactive,AFE,3,TCD,-0.44803914779586107
SSP245,Interactive,AFE,3,TGO,-0.30170855131025354
SSP245,Interactive,AFE,3,THA,-0.28125841642831784
SSP245,Interactive,AFE,3,TJK,0.12356912060917913
SSP245,Interactive,AFE,3,TKM,-0.354996356699654
SSP245,Interactive,AFE,3,TUN,-0.3708995383152326
SSP245,Interactive,AFE,3,TUR,-0.19068127252373146
SSP245,Interactive,AFE,3,TZA,-0.2827068078899282
SSP245,Interactive,AFE,3,UGA,-0.2705245318316931
SSP245,Interactive,AFE,3,UKR,-0.11752397759692113
SSP245,Interactive,AFE,3,URY,-0.20722389122789497
SSP245,Interactive,AFE,3,USA,-0.23037640465697495
SSP245,Interactive,AFE,3,UZB,-0.19287246281713233
SSP245,Interactive,AFE,3,VNM,-0.2570695708062297
SSP245,Interactive,AFE,3,VUT,-0.1875399654566552
SSP245,Interactive,AFE,3,YEM,-0.48301022788606973
SSP245,Interactive,AFE,3,ZAF,-0.26077958836796644
SSP245,Interactive,AFE,3,ZMB,-0.3060320739291278
SSP245,Interactive,AFE,3,ZWE,-0.3398911991224043
SSP245,Interactive,IFE,3,AFG,0.622055381225985
SSP245,Interactive,IFE,3,AGO,-0.17469024307305447
SSP245,Interactive,IFE,3,ALB,0.14599978359133847
SSP245,Interactive,IFE,3,ARE,-0.7155738820849058
SSP245,Interactive,IFE,3,ARG,0.0021296615487969017
SSP245,Interactive,IFE,3,ARM,0.8352071108908008
SSP245,Interactive,IFE,3,AUS,-0.03930091692710591
SSP245,Interactive,IFE,3,AUT,0.48627338568239975
SSP245,Interactive,IFE,3,AZE,0.2692110030903092
SSP245,Interactive,IFE,3,BDI,-0.036407489223359235
SSP245,Interactive,IFE,3,BEL,0.30410509555414
SSP245,Interactive,IFE,3,BEN,-0.30493327730148323
SSP245,Interactive,IFE,3,BFA,-0.48422909664695846
SSP245,Interactive,IFE,3,BGD,-0.25944939445182635
SSP245,Interactive,IFE,3,BGR,0.28993959252568047
SSP245,Interactive,IFE,3,BHS,-0.25456217281701
SSP245,Interactive,IFE,3,BIH,0.2940677508587135
SSP245,Interactive,IFE,3,BLR,0.9404817847284395
SSP245,Interactive,IFE,3,BLZ,-0.30396659632722867
SSP245,Interactive,IFE,3,BOL,0.06965245726453562
SSP245,Interactive,IFE,3,BRA,-0.1834498382374169
SSP245,Interactive,IFE,3,BTN,0.36974796994314074
SSP245,Interactive,IFE,3,BWA,-0.34481782089290847
SSP245,Interactive,IFE,3,CAF,-0.21256923516968596
SSP245,Interactive,IFE,3,CAN,0.9747625946230185
SSP245,Interactive,IFE,3,CHE,0.5048706408472077
SSP245,Interactive,IFE,3,CHL,0.2792138448049941
SSP245,Interactive,IFE,3,CHN,0.20255465371670933
SSP245,Interactive,IFE,3,CIV,-0.25156980616599833
SSP245,Interactive,IFE,3,CMR,-0.23182774666059058
SSP245,Interactive,IFE,3,COD,-0.1856513360691946
SSP245,Interactive,IFE,3,COG,-0.17763426744902266
SSP245,Interactive,IFE,3,COL,-0.19806982235140125
SSP245,Interactive,IFE,3,CPV,-0.4266220000399509
SSP245,Interactive,IFE,3,CRI,-0.2733817026951816
SSP245,Interactive,IFE,3,CUB,-0.31702791607092007
SSP245,Interactive,IFE,3,CZE,0.5628744038720694
SSP245,Interactive,IFE,3,DEU,0.4731320664711567
SSP245,Interactive,IFE,3,DNK,0.5195330120148072
SSP245,Interactive,IFE,3,DOM,-0.4291173828795888
SSP245,Interactive,IFE,3,DZA,-0.13677235642502117
SSP245,Interactive,IFE,3,ECU,-0.47264583330866783
SSP245,Interactive,IFE,3,EGY,-0.45081231460173743
SSP245,Interactive,IFE,3,ESP,0.08827635264102995
SSP245,Interactive,IFE,3,EST,1.490954644533868
SSP245,Interactive,IFE,3,ETH,-0.13553646309954137
SSP245,Interactive,IFE,3,FIN,2.645619889963016
SSP245,Interactive,IFE,3,FJI,-0.16107924837906595
SSP245,Interactive,IFE,3,FRA,0.2586119711914625
SSP245,Interactive,IFE,3,GAB,-0.2632524742820229
SSP245,Interactive,IFE,3,GBR,0.30358450999131015
SSP245,Interactive,IFE,3,GEO,0.44167838551295735
SSP245,Interactive,IFE,3,GHA,-0.26988994695317725
SSP245,Interactive,IFE,3,GIN,-0.26212531928534843
SSP245,Interactive,IFE,3,GNB,-0.5612113916449788
SSP245,Interactive,IFE,3,GNQ,-0.1877041329269884
SSP245,Interactive,IFE,3,GRC,-0.01700182378462678
SSP245,Interactive,IFE,3,GTM,-0.18330763890720358
SSP245,Interactive,IFE,3,GUY,-0.3534524775840957
SSP245,Interactive,IFE,3,HND,-0.2994686317310862
SSP245,Interactive,IFE,3,HRV,0.26649262475407043
SSP245,Interactive,IFE,3,HTI,-0.4476075161728862
SSP245,Interactive,IFE,3,HUN,0.38541362421123426
SSP245,Interactive,IFE,3,IDN,-0.25425373068811197
SSP245,Interactive,IFE,3,IND,-0.3167784583581065
SSP245,Interactive,IFE,3,IRL,0.2324030617699786
SSP245,Interactive,IFE,3,IRN,-0.03310265827780323
SSP245,Interactive,IFE,3,IRQ,-0.5111984894499908
SSP245,Interactive,IFE,3,ISL,1.0027272967140664
SSP245,Interactive,IFE,3,ISR,-0.1735117414003815
SSP245,Interactive,IFE,3,ITA,0.14236134620618368
SSP245,Interactive,IFE,3,JOR,-0.3013929934832944
SSP245,Interactive,IFE,3,JPN,0.11284283118346461
SSP245,Interactive,IFE,3,KAZ,1.2516643487681263
SSP245,Interactive,IFE,3,KEN,-0.16806762436979394
SSP245,Interactive,IFE,3,KGZ,1.9567540466856213
SSP245,Interactive,IFE,3,KHM,-0.22621817770337516
SSP245,Interactive,IFE,3,KOR,0.20320526681303885
SSP245,Interactive,IFE,3,KWT,-0.6435706361585731
SSP245,Interactive,IFE,3,LAO,-0.1075574822964106
SSP245,Interactive,IFE,3,LBN,-0.21123894044168734
SSP245,Interactive,IFE,3,LBR,-0.22615349966847909
SSP245,Interactive,IFE,3,LBY,-0.35321418399252136
SSP245,Interactive,IFE,3,LKA,-0.18637064954748472
SSP245,Interactive,IFE,3,LSO,0.17002263908446769
SSP245,Interactive,IFE,3,LTU,0.8860689573771616
SSP245,Interactive,IFE,3,LVA,1.0621151634510864
SSP245,Interactive,IFE,3,MAR,-0.22194421403975317
SSP245,Interactive,IFE,3,MDA,0.4512351782700845
SSP245,Interactive,IFE,3,MDG,-0.125115929215603
SSP245,Interactive,IFE,3,MEX,-0.07295636398405014
SSP245,Interactive,IFE,3,MLI,-0.5917134274355165
SSP245,Interactive,IFE,3,MMR,-0.13948733730417384
SSP245,Interactive,IFE,3,MNE,0.32606990596494256
SSP245,Interactive,IFE,3,MNG,4.376383305331302
SSP245,Interactive,IFE,3,MOZ,-0.2632020188717944
SSP245,Interactive,IFE,3,MRT,-0.6918100145877483
SSP245,Interactive,IFE,3,MWI,-0.19623244815637864
SSP245,Interactive,IFE,3,MYS,-0.34435840986735045
SSP245,Interactive,IFE,3,NAM,-0.3461613632163052
SSP245,Interactive,IFE,3,NER,-0.5886053505567428
SSP245,Interactive,IFE,3,NGA,-0.2786555413380455
SSP245,Interactive,IFE,3,NIC,-0.3305662506120667
SSP245,Interactive,IFE,3,NLD,0.2704058038547812
SSP245,Interactive,IFE,3,NOR,1.0642314497985117
SSP245,Interactive,IFE,3,NPL,0.08588949202635443
SSP245,Interactive,IFE,3,NZL,0.0991169433782797
SSP245,Interactive,IFE,3,OMN,-0.6808658562477607
SSP245,Interactive,IFE,3,PAK,-0.39542239060274786
SSP245,Interactive,IFE,3,PAN,-0.2142829081525357
SSP245,Interactive,IFE,3,PER,0.11756824734128357
SSP245,Interactive,IFE,3,PHL,-0.2508841558461785
SSP245,Interactive,IFE,3,PNG,-0.3929657687643515
SSP245,Interactive,IFE,3,POL,0.6025861121856206
SSP245,Interactive,IFE,3,PRT,0.05403707926187429
SSP245,Interactive,IFE,3,PRY,-0.279547935027727
SSP245,Interactive,IFE,3,ROU,0.47258942912479873
SSP245,Interactive,IFE,3,RUS,1.880469062550179
SSP245,Interactive,IFE,3,RWA,-0.0564614705289781
SSP245,Interactive,IFE,3,SAU,-0.6866773527786716
SSP245,Interactive,IFE,3,SDN,-0.6288360001679868
SSP245,Interactive,IFE,3,SEN,-0.5676510639879077
SSP245,Interactive,IFE,3,SLB,-0.5044323936439129
SSP245,Interactive,IFE,3,SLE,-0.23032827670942535
SSP245,Interactive,IFE,3,SRB,0.34963018381963895
SSP245,Interactive,IFE,3,SUR,-0.45286033706391715
SSP245,Interactive,IFE,3,SVK,0.5367272256252866
SSP245,Interactive,IFE,3,SWE,1.0183868112513688
SSP245,Interactive,IFE,3,SWZ,-0.05503506979710415
SSP245,Interactive,IFE,3,TCD,-0.46512564811061174
SSP245,Interactive,IFE,3,TGO,-0.26047697776742473
SSP245,Interactive,IFE,3,THA,-0.20676880279013576
SSP245,Interactive,IFE,3,TJK,1.5695476545035012
SSP245,Interactive,IFE,3,TKM,-0.08852647930645774
SSP245,Interactive,IFE,3,TUN,-0.2371123960476762
SSP245,Interactive,IFE,3,TUR,0.21970789501009524
SSP245,Interactive,IFE,3,TZA,-0.17779351367651464
SSP245,Interactive,IFE,3,UGA,-0.13842012496499945
SSP245,Interactive,IFE,3,UKR,0.5795426131294275
SSP245,Interactive,IFE,3,URY,-0.03760229311047936
SSP245,Interactive,IFE,3,USA,0.14947993069500232
SSP245,Interactive,IFE,3,UZB,0.3908078628590299
SSP245,Interactive,IFE,3,VNM,-0.1457589550663131
SSP245,Interactive,IFE,3,VUT,-0.15806059688392327
SSP245,Interactive,IFE,3,YEM,-0.49104386257228205
SSP245,Interactive,IFE,3,ZAF,-0.05956680251230462
SSP245,Interactive,IFE,3,ZMB,-0.16891841089516102
SSP245,Interactive,IFE,3,ZWE,-0.21509162127248982
SSP245,Interactive,AFE,4,AFG,-0.09453753526947783
SSP245,Interactive,AFE,4,AGO,-0.23236653089872494
SSP245,Interactive,AFE,4,ALB,-0.21415482287348309
SSP245,Interactive,AFE,4,ARE,-0.5801747645922359
SSP245,Interactive,AFE,4,ARG,-0.2070568242036418
SSP245,Interactive,AFE,4,ARM,-0.047850712584520116
SSP245,Interactive,AFE,4,AUS,-0.20707668647960176
SSP245,Interactive,AFE,4,AUT,-0.16920005840124552
SSP245,Interactive,AFE,4,AZE,-0.15598177910229083
SSP245,Interactive,AFE,4,BDI,-0.2549351735978941
SSP245,Interactive,AFE,4,BEL,-0.16082587650487457
SSP245,Interactive,AFE,4,BEN,-0.22818277558334132
SSP245,Interactive,AFE,4,BFA,-0.3817872004534665
SSP245,Interactive,AFE,4,BGD,-0.26123299107936815
SSP245,Interactive,AFE,4,BGR,-0.17073826824302252
SSP245,Interactive,AFE,4,BHS,-0.20909069176621253
SSP245,Interactive,AFE,4,BIH,-0.18605203415790594
SSP245,Interactive,AFE,4,BLR,-0.0726096695984153
SSP245,Interactive,AFE,4,BLZ,-0.2599659503290822
SSP245,Interactive,AFE,4,BOL,-0.36731123798364906
SSP245,Interactive,AFE,4,BRA,-0.22294936026899115
SSP245,Interactive,AFE,4,BTN,-0.35293067975858194
SSP245,Interactive,AFE,4,BWA,-0.3709726843225759
SSP245,Interactive,AFE,4,CAF,-0.1841679900539578
SSP245,Interactive,AFE,4,CAN,-0.17193185106054953
SSP245,Interactive,AFE,4,CHE,-0.25029552421168133
SSP245,Interactive,AFE,4,CHL,-0.1501827517239076
SSP245,Interactive,AFE,4,CHN,-0.25833160797903454
SSP245,Interactive,AFE,4,CIV,-0.18379841254045248
SSP245,Interactive,AFE,4,CMR,-0.14366565479448645
SSP245,Interactive,AFE,4,COD,-0.18546631234488797
SSP245,Interactive,AFE,4,COG,-0.14796393163513244
SSP245,Interactive,AFE,4,COL,-0.17772599519509313
SSP245,Interactive,AFE,4,CPV,-0.36599869813902564
SSP245,Interactive,AFE,4,CRI,-0.18811759453952748
SSP245,Interactive,AFE,4,CUB,-0.26086465923850655
SSP245,Interactive,AFE,4,CZE,-0.12345230801667262
SSP245,Interactive,AFE,4,DEU,-0.14521312141086495
SSP245,Interactive,AFE,4,DNK,-0.09940355545931612
SSP245,Interactive,AFE,4,DOM,-0.33485261343224493
SSP245,Interactive,AFE,4,DZA,-0.27604106028195685
SSP245,Interactive,AFE,4,ECU,-0.4824439080047005
SSP245,Interactive,AFE,4,EGY,-0.41809898722881633
SSP245,Interactive,AFE,4,ESP,-0.19187878495640276
SSP245,Interactive,AFE,4,EST,0.027129080615512224
SSP245,Interactive,AFE,4,ETH,-0.25388580895499835
SSP245,Interactive,AFE,4,FIN,0.2057953608469063
SSP245,Interactive,AFE,4,FJI,-0.11083252682704414
SSP245,Interactive,AFE,4,FRA,-0.17636718703850085
SSP245,Interactive,AFE,4,GAB,-0.11790979002325308
SSP245,Interactive,AFE,4,GBR,-0.11865956090887098
SSP245,Interactive,AFE,4,GEO,-0.14259093993207506
SSP245,Interactive,AFE,4,GHA,-0.19888631421628222
SSP245,Interactive,AFE,4,GIN,-0.20431192846458046
SSP245,Interactive,AFE,4,GNB,-0.44086688073212943
SSP245,Interactive,AFE,4,GNQ,-0.11869482224772321
SSP245,Interactive,AFE,4,GRC,-0.23417759916412773
SSP245,Interactive,AFE,4,GTM,-0.20387941594932824
SSP245,Interactive,AFE,4,GUY,-0.270900866280245
SSP245,Interactive,AFE,4,HND,-0.2487498560443483
SSP245,Interactive,AFE,4,HRV,-0.1829408754641818
SSP245,Interactive,AFE,4,HTI,-0.34902298347576055
SSP245,Interactive,AFE,4,HUN,-0.14112060544614058
SSP245,Interactive,AFE,4,IDN,-0.0760192415605081
SSP245,Interactive,AFE,4,IND,-0.3147325189674919
SSP245,Interactive,AFE,4,IRL,-0.13872598882740972
SSP245,Interactive,AFE,4,IRN,-0.25783875757816654
SSP245,Interactive,AFE,4,IRQ,-0.47499669132438516
SSP245,Interactive,AFE,4,ISL,-0.11128384539251457
SSP245,Interactive,AFE,4,ISR,-0.2291826818148569
SSP245,Interactive,AFE,4,ITA,-0.19358573505639365
SSP245,Interactive,AFE,4,JOR,-0.35740941878893673
SSP245,Interactive,AFE,4,JPN,-0.3015292870683697
SSP245,Interactive,AFE,4,KAZ,0.051091007247342723
SSP245,Interactive,AFE,4,KEN,-0.24007107797140692
SSP245,Interactive,AFE,4,KGZ,0.14198161069916582
SSP245,Interactive,AFE,4,KHM,-0.1206109171158769
SSP245,Interactive,AFE,4,KOR,-0.2455713225325129
SSP245,Interactive,AFE,4,KWT,-0.5294028502781327
SSP245,Interactive,AFE,4,LAO,-0.21411830043219504
SSP245,Interactive,AFE,4,LBN,-0.27020657052238606
SSP245,Interactive,AFE,4,LBR,-0.1269302432429178
SSP245,Interactive,AFE,4,LBY,-0.35708570311562626
SSP245,Interactive,AFE,4,LKA,-0.10222675950088211
SSP245,Interactive,AFE,4,LSO,-0.25221745135518425
SSP245,Interactive,AFE,4,LTU,-0.07778492184344987
SSP245,Interactive,AFE,4,LVA,-0.05050974821114851
SSP245,Interactive,AFE,4,MAR,-0.31397747964526523
SSP245,Interactive,AFE,4,MDA,-0.12984262126715362
SSP245,Interactive,AFE,4,MDG,-0.19044347570738596
SSP245,Interactive,AFE,4,MEX,-0.2322525291923504
SSP245,Interactive,AFE,4,MLI,-0.4699202166424373
SSP245,Interactive,AFE,4,MMR,-0.20977256710464132
SSP245,Interactive,AFE,4,MNE,-0.1978563915981899
SSP245,Interactive,AFE,4,MNG,0.6918488902902231
SSP245,Interactive,AFE,4,MOZ,-0.2660681389292232
SSP245,Interactive,AFE,4,MRT,-0.5626347576705913
SSP245,Interactive,AFE,4,MWI,-0.2534325760742405
SSP245,Interactive,AFE,4,MYS,-0.09852991698962799
SSP245,Interactive,AFE,4,NAM,-0.36309054690219855
SSP245,Interactive,AFE,4,NER,-0.4797748926531402
SSP245,Interactive,AFE,4,NGA,-0.20891429881618873
SSP245,Interactive,AFE,4,NIC,-0.26254342914880757
SSP245,Interactive,AFE,4,NLD,-0.10902860778124024
SSP245,Interactive,AFE,4,NOR,-0.03460677585047944
SSP245,Interactive,AFE,4,NPL,-0.27270550933061544
SSP245,Interactive,AFE,4,NZL,-0.1725933371749362
SSP245,Interactive,AFE,4,OMN,-0.5542261156255841
SSP245,Interactive,AFE,4,PAK,-0.4197034537708604
SSP245,Interactive,AFE,4,PAN,-0.09005338173852317
SSP245,Interactive,AFE,4,PER,-0.3128831262498699
SSP245,Interactive,AFE,4,PHL,-0.07390541510249271
SSP245,Interactive,AFE,4,PNG,-0.22792276846688542
SSP245,Interactive,AFE,4,POL,-0.11009148250954326
SSP245,Interactive,AFE,4,PRT,-0.1950404376128657
SSP245,Interactive,AFE,4,PRY,-0.300120670741138
SSP245,Interactive,AFE,4,ROU,-0.14126959869983613
SSP245,Interactive,AFE,4,RUS,0.11812111180102658
SSP245,Interactive,AFE,4,RWA,-0.2452707783761161
SSP245,Interactive,AFE,4,SAU,-0.5730641638795493
SSP245,Interactive,AFE,4,SDN,-0.5072175805787609
SSP245,Interactive,AFE,4,SEN,-0.45989630670370163
SSP245,Interactive,AFE,4,SLB,-0.060949119694700515
SSP245,Interactive,AFE,4,SLE,-0.12964026456768785
SSP245,Interactive,AFE,4,SRB,-0.14768189051118352
SSP245,Interactive,AFE,4,SUR,-0.3605226529533575
SSP245,Interactive,AFE,4,SVK,-0.128931698991113
SSP245,Interactive,AFE,4,SWE,-0.02439708985271072
SSP245,Interactive,AFE,4,SWZ,-0.21595286831627303
SSP245,Interactive,AFE,4,TCD,-0.3714787739726987
SSP245,Interactive,AFE,4,TGO,-0.17208086011452284
SSP245,Interactive,AFE,4,THA,-0.15642327845175874
SSP245,Interactive,AFE,4,TJK,0.10462876962236756
SSP245,Interactive,AFE,4,TKM,-0.28139687978637506
SSP245,Interactive,AFE,4,TUN,-0.30730416323095977
SSP245,Interactive,AFE,4,TUR,-0.18092221578468803
SSP245,Interactive,AFE,4,TZA,-0.23415251906694767
SSP245,Interactive,AFE,4,UGA,-0.21995593059021412
SSP245,Interactive,AFE,4,UKR,-0.10504938851337686
SSP245,Interactive,AFE,4,URY,-0.19425894882471617
SSP245,Interactive,AFE,4,USA,-0.24973027973613948
SSP245,Interactive,AFE,4,UZB,-0.14749635214151324
SSP245,Interactive,AFE,4,VNM,-0.1755208785996294
SSP245,Interactive,AFE,4,VUT,-0.0992867801292554
SSP245,Interactive,AFE,4,YEM,-0.42509205902020564
SSP245,Interactive,AFE,4,ZAF,-0.24812313120149987
SSP245,Interactive,AFE,4,ZMB,-0.2618637091690703
SSP245,Interactive,AFE,4,ZWE,-0.2938566686403531
SSP245,Interactive,IFE,4,AFG,0.7938651800224248
SSP245,Interactive,IFE,4,AGO,-0.31526962841847894
SSP245,Interactive,IFE,4,ALB,0.1694011760469234
SSP245,Interactive,IFE,4,ARE,-0.6519011054514577
SSP245,Interactive,IFE,4,ARG,-0.0012390181153758562
SSP245,Interactive,IFE,4,ARM,1.0502146436319046
SSP245,Interactive,IFE,4,AUS,-0.0353245228714274
SSP245,Interactive,IFE,4,AUT,0.5551131029755569
SSP245,Interactive,IFE,4,AZE,0.37470202212513826
SSP245,Interactive,IFE,4,BDI,-0.24704426997961393
SSP245,Interactive,IFE,4,BEL,0.34410484533613617
SSP245,Interactive,IFE,4,BEN,-0.4265812027546224
SSP245,Interactive,IFE,4,BFA,-0.5484777265940385
SSP245,Interactive,IFE,4,BGD,-0.4244783329662778
SSP245,Interactive,IFE,4,BGR,0.35384965873927565
SSP245,Interactive,IFE,4,BHS,-0.3422066732996202
SSP245,Interactive,IFE,4,BIH,0.30274899813859646
SSP245,Interactive,IFE,4,BLR,1.182150405348858
SSP245,Interactive,IFE,4,BLZ,-0.3343974178768099
SSP245,Interactive,IFE,4,BOL,-0.20541462516572184
SSP245,Interactive,IFE,4,BRA,-0.2994075659842339
SSP245,Interactive,IFE,4,BTN,0.19562990922531087
SSP245,Interactive,IFE,4,BWA,-0.37382841720933657
SSP245,Interactive,IFE,4,CAF,-0.3830609624598308
SSP245,Interactive,IFE,4,CAN,1.2683272731846342
SSP245,Interactive,IFE,4,CHE,0.5406675229002558
SSP245,Interactive,IFE,4,CHL,0.274457080177521
SSP245,Interactive,IFE,4,CHN,0.23639960454315356
SSP245,Interactive,IFE,4,CIV,-0.39063828824974733
SSP245,Interactive,IFE,4,CMR,-0.37407043072650104
SSP245,Interactive,IFE,4,COD,-0.3589878919545557
SSP245,Interactive,IFE,4,COG,-0.330952337812644
SSP245,Interactive,IFE,4,COL,-0.3546316639439545
SSP245,Interactive,IFE,4,CPV,-0.34618873950883455
SSP245,Interactive,IFE,4,CRI,-0.3444366687508703
SSP245,Interactive,IFE,4,CUB,-0.38100078354629374
SSP245,Interactive,IFE,4,CZE,0.6929497390550925
SSP245,Interactive,IFE,4,DEU,0.5667386195351491
SSP245,Interactive,IFE,4,DNK,0.6487636146115825
SSP245,Interactive,IFE,4,DOM,-0.39907311232877185
SSP245,Interactive,IFE,4,DZA,-0.06151735034413108
SSP245,Interactive,IFE,4,ECU,-0.4506616453466319
SSP245,Interactive,IFE,4,EGY,-0.34368266310660855
SSP245,Interactive,IFE,4,ESP,0.11132179703488676
SSP245,Interactive,IFE,4,EST,1.9462108839647994
SSP245,Interactive,IFE,4,ETH,-0.25962983612306434
SSP245,Interactive,IFE,4,FIN,3.576543333576365
SSP245,Interactive,IFE,4,FJI,-0.23489872044891458
SSP245,Interactive,IFE,4,FRA,0.27884320779215965
SSP245,Interactive,IFE,4,GAB,-0.36821553653047756
SSP245,Interactive,IFE,4,GBR,0.36981324515795144
SSP245,Interactive,IFE,4,GEO,0.49949653771740565
SSP245,Interactive,IFE,4,GHA,-0.39861948338885866
SSP245,Interactive,IFE,4,GIN,-0.4006459545368798
SSP245,Interactive,IFE,4,GNB,-0.5202054554076216
SSP245,Interactive,IFE,4,GNQ,-0.30253427266481925
SSP245,Interactive,IFE,4,GRC,0.029721166915475994
SSP245,Interactive,IFE,4,GTM,-0.29872392412978466
SSP245,Interactive,IFE,4,GUY,-0.3896283480166577
SSP245,Interactive,IFE,4,HND,-0.3419175748749881
SSP245,Interactive,IFE,4,HRV,0.3186150445471907
SSP245,Interactive,IFE,4,HTI,-0.4268931264280742
SSP245,Interactive,IFE,4,HUN,0.4822349380403015
SSP245,Interactive,IFE,4,IDN,-0.36558403985217347
SSP245,Interactive,IFE,4,IND,-0.43473191052114013
SSP245,Interactive,IFE,4,IRL,0.26747153018021264
SSP245,Interactive,IFE,4,IRN,0.06693246255006646
SSP245,Interactive,IFE,4,IRQ,-0.41889798512354315
SSP245,Interactive,IFE,4,ISL,1.2535364411338512
SSP245,Interactive,IFE,4,ISR,-0.1097871532166852
SSP245,Interactive,IFE,4,ITA,0.18724909156731262
SSP245,Interactive,IFE,4,JOR,-0.18231588860031167
SSP245,Interactive,IFE,4,JPN,-0.055636615186518856
SSP245,Interactive,IFE,4,KAZ,1.5840507088698836
SSP245,Interactive,IFE,4,KEN,-0.27381577528106105
SSP245,Interactive,IFE,4,KGZ,2.461586252086851
SSP245,Interactive,IFE,4,KHM,-0.3802626443631383
SSP245,Interactive,IFE,4,KOR,0.2143759676577648
SSP245,Interactive,IFE,4,KWT,-0.5750250082825262
SSP245,Interactive,IFE,4,LAO,-0.2898097112638981
SSP245,Interactive,IFE,4,LBN,-0.16008457597081727
SSP245,Interactive,IFE,4,LBR,-0.3658619790580835
SSP245,Interactive,IFE,4,LBY,-0.25088530470093906
SSP245,Interactive,IFE,4,LKA,-0.3579805914321159
SSP245,Interactive,IFE,4,LSO,0.1296862658559388
SSP245,Interactive,IFE,4,LTU,1.1196101330739556
SSP245,Interactive,IFE,4,LVA,1.3698047298300815
SSP245,Interactive,IFE,4,MAR,-0.12608770846502892
SSP245,Interactive,IFE,4,MDA,0.5580946924001231
SSP245,Interactive,IFE,4,MDG,-0.23155568720487885
SSP245,Interactive,IFE,4,MEX,-0.19768702111877423
SSP245,Interactive,IFE,4,MLI,-0.6096009430426346
SSP245,Interactive,IFE,4,MMR,-0.32866223638120884
SSP245,Interactive,IFE,4,MNE,0.3534728816616295
SSP245,Interactive,IFE,4,MNG,5.256547599375086
SSP245,Interactive,IFE,4,MOZ,-0.35028404935493074
SSP245,Interactive,IFE,4,MRT,-0.6221310745236475
SSP245,Interactive,IFE,4,MWI,-0.2985722716462067
SSP245,Interactive,IFE,4,MYS,-0.395245115151876
SSP245,Interactive,IFE,4,NAM,-0.34792488467275573
SSP245,Interactive,IFE,4,NER,-0.5971021904263443
SSP245,Interactive,IFE,4,NGA,-0.42649149179982393
SSP245,Interactive,IFE,4,NIC,-0.3806382414471279
SSP245,Interactive,IFE,4,NLD,0.32840115326868724
SSP245,Interactive,IFE,4,NOR,1.5597308166044552
SSP245,Interactive,IFE,4,NPL,0.0187991097194653
SSP245,Interactive,IFE,4,NZL,0.06669485949475007
SSP245,Interactive,IFE,4,OMN,-0.6188758236526348
SSP245,Interactive,IFE,4,PAK,-0.3138661356352459
SSP245,Interactive,IFE,4,PAN,-0.3351945708245282
SSP245,Interactive,IFE,4,PER,-0.13289032755338281
SSP245,Interactive,IFE,4,PHL,-0.34755212908900623
SSP245,Interactive,IFE,4,PNG,-0.38176698940732823
SSP245,Interactive,IFE,4,POL,0.7381383888507502
SSP245,Interactive,IFE,4,PRT,0.021177156099613903
SSP245,Interactive,IFE,4,PRY,-0.37819457477073315
SSP245,Interactive,IFE,4,ROU,0.5664263315338725
SSP245,Interactive,IFE,4,RUS,2.446498797073953
SSP245,Interactive,IFE,4,RWA,-0.23211380829417227
SSP245,Interactive,IFE,4,SAU,-0.6164087813926404
SSP245,Interactive,IFE,4,SDN,-0.6302365780992925
SSP245,Interactive,IFE,4,SEN,-0.515102993221993
SSP245,Interactive,IFE,4,SLB,-0.43653585706552445
SSP245,Interactive,IFE,4,SLE,-0.38049570425599044
SSP245,Interactive,IFE,4,SRB,0.3959039089243661
SSP245,Interactive,IFE,4,SUR,-0.4801074592092155
SSP245,Interactive,IFE,4,SVK,0.6361558033275694
SSP245,Interactive,IFE,4,SWE,1.3109178778374475
SSP245,Interactive,IFE,4,SWZ,-0.11810930623662241
SSP245,Interactive,IFE,4,TCD,-0.5430836919062711
SSP245,Interactive,IFE,4,TGO,-0.41007391048130915
SSP245,Interactive,IFE,4,THA,-0.372062311188614
SSP245,Interactive,IFE,4,TJK,2.031815483031882
SSP245,Interactive,IFE,4,TKM,0.04011884312209535
SSP245,Interactive,IFE,4,TUN,-0.14769268418961612
SSP245,Interactive,IFE,4,TUR,0.2631291928153947
SSP245,Interactive,IFE,4,TZA,-0.3029113587726494
SSP245,Interactive,IFE,4,UGA,-0.30292360637377336
SSP245,Interactive,IFE,4,UKR,0.7288787573185618
SSP245,Interactive,IFE,4,URY,-0.060286688824853885
SSP245,Interactive,IFE,4,USA,0.1398940806568849
SSP245,Interactive,IFE,4,UZB,0.5274097197371233
SSP245,Interactive,IFE,4,VNM,-0.32142508942614423
SSP245,Interactive,IFE,4,VUT,-0.25194647579694274
SSP245,Interactive,IFE,4,YEM,-0.4810468448392069
SSP245,Interactive,IFE,4,ZAF,-0.11787559739325659
SSP245,Interactive,IFE,4,ZMB,-0.30459976987752024
SSP245,Interactive,IFE,4,ZWE,-0.2966543292670927
SSP245,Interactive,AFE,5,AFG,-0.16598683153860483
SSP245,Interactive,AFE,5,AGO,-0.05971576327334527
SSP245,Interactive,AFE,5,ALB,-0.2779138758760926
SSP245,Interactive,AFE,5,ARE,-0.592205953732156
SSP245,Interactive,AFE,5,ARG,-0.2299026451887679
SSP245,Interactive,AFE,5,ARM,-0.1945493724575691
SSP245,Interactive,AFE,5,AUS,-0.21423571304536604
SSP245,Interactive,AFE,5,AUT,-0.35353517556130387
SSP245,Interactive,AFE,5,AZE,-0.18276635015769016
SSP245,Interactive,AFE,5,BDI,0.004637906900622379
SSP245,Interactive,AFE,5,BEL,-0.2931376610352908
SSP245,Interactive,AFE,5,BEN,0.032655296408744094
SSP245,Interactive,AFE,5,BFA,-0.18579030231736027
SSP245,Interactive,AFE,5,BGD,-0.008012450141051342
SSP245,Interactive,AFE,5,BGR,-0.25425718495820515
SSP245,Interactive,AFE,5,BHS,-0.035280299845507845
SSP245,Interactive,AFE,5,BIH,-0.3091415300246745
SSP245,Interactive,AFE,5,BLR,-0.3016570765647022
SSP245,Interactive,AFE,5,BLZ,-0.1511521422985196
SSP245,Interactive,AFE,5,BOL,-0.0756187755198906
SSP245,Interactive,AFE,5,BRA,-0.0672226772341642
SSP245,Interactive,AFE,5,BTN,-0.45981883779834676
SSP245,Interactive,AFE,5,BWA,-0.2859480555686793
SSP245,Interactive,AFE,5,CAF,0.10395530449104062
SSP245,Interactive,AFE,5,CAN,-0.4880569508347551
SSP245,Interactive,AFE,5,CHE,-0.4625735853540982
SSP245,Interactive,AFE,5,CHL,-0.26640866933383245
SSP245,Interactive,AFE,5,CHN,-0.38956582399015327
SSP245,Interactive,AFE,5,CIV,0.08531346470427037
SSP245,Interactive,AFE,5,CMR,0.17051397187438266
SSP245,Interactive,AFE,5,COD,0.0955137767804024
SSP245,Interactive,AFE,5,COG,0.11454533238360476
SSP245,Interactive,AFE,5,COL,0.14948475280930662
SSP245,Interactive,AFE,5,CPV,-0.35239776236496767
SSP245,Interactive,AFE,5,CRI,-0.006467064130015299
SSP245,Interactive,AFE,5,CUB,-0.10409255838398979
SSP245,Interactive,AFE,5,CZE,-0.3097591123751158
SSP245,Interactive,AFE,5,DEU,-0.325282117454065
SSP245,Interactive,AFE,5,DNK,-0.25938638602643627
SSP245,Interactive,AFE,5,DOM,-0.25757489509256315
SSP245,Interactive,AFE,5,DZA,-0.2516968604523404
SSP245,Interactive,AFE,5,ECU,0.7429312159586154
SSP245,Interactive,AFE,5,EGY,-0.39269836280329573
SSP245,Interactive,AFE,5,ESP,-0.2328986645290272
SSP245,Interactive,AFE,5,EST,-0.23986282903310907
SSP245,Interactive,AFE,5,ETH,-0.15548934053377128
SSP245,Interactive,AFE,5,FIN,-0.14919290541530028
SSP245,Interactive,AFE,5,FJI,0.02690429429787744
SSP245,Interactive,AFE,5,FRA,-0.28976444496560894
SSP245,Interactive,AFE,5,GAB,0.16603606206329058
SSP245,Interactive,AFE,5,GBR,-0.2497681928658294
SSP245,Interactive,AFE,5,GEO,-0.30347677486225655
SSP245,Interactive,AFE,5,GHA,0.058590225331623946
SSP245,Interactive,AFE,5,GIN,0.06245014663357917
SSP245,Interactive,AFE,5,GNB,-0.3716168603410155
SSP245,Interactive,AFE,5,GNQ,0.1298423908118238
SSP245,Interactive,AFE,5,GRC,-0.23955122724687317
SSP245,Interactive,AFE,5,GTM,-0.0251628834846247
SSP245,Interactive,AFE,5,GUY,-0.12075709791178679
SSP245,Interactive,AFE,5,HND,-0.1091416218079514
SSP245,Interactive,AFE,5,HRV,-0.2725242457997571
SSP245,Interactive,AFE,5,HTI,-0.2582158480715575
SSP245,Interactive,AFE,5,HUN,-0.2307057485382379
SSP245,Interactive,AFE,5,IDN,0.184122122485042
SSP245,Interactive,AFE,5,IND,-0.127978102327042
SSP245,Interactive,AFE,5,IRL,-0.2746144762740599
SSP245,Interactive,AFE,5,IRN,-0.22636162721638886
SSP245,Interactive,AFE,5,IRQ,-0.44408198244428876
SSP245,Interactive,AFE,5,ISL,-0.4443595241893441
SSP245,Interactive,AFE,5,ISR,-0.19930877467262897
SSP245,Interactive,AFE,5,ITA,-0.2432878286969189
SSP245,Interactive,AFE,5,JOR,-0.3081586714714968
SSP245,Interactive,AFE,5,JPN,-0.25565847825718735
SSP245,Interactive,AFE,5,KAZ,0.010357635386000208
SSP245,Interactive,AFE,5,KEN,-0.13441477647280609
SSP245,Interactive,AFE,5,KGZ,-0.14824391801443348
SSP245,Interactive,AFE,5,KHM,0.19143346624679136
SSP245,Interactive,AFE,5,KOR,-0.3760715425624721
SSP245,Interactive,AFE,5,KWT,-0.5240814649196399
SSP245,Interactive,AFE,5,LAO,-0.023610661520140797
SSP245,Interactive,AFE,5,LBN,-0.2410657672571631
SSP245,Interactive,AFE,5,LBR,0.1696429943379527
SSP245,Interactive,AFE,5,LBY,-0.3226027558225225
SSP245,Interactive,AFE,5,LKA,0.20257318568984473
SSP245,Interactive,AFE,5,LSO,-0.35532933974668157
SSP245,Interactive,AFE,5,LTU,-0.30631565569432917
SSP245,Interactive,AFE,5,LVA,-0.30551507947734136
SSP245,Interactive,AFE,5,MAR,-0.2770820029179999
SSP245,Interactive,AFE,5,MDA,-0.21928003692772724
SSP245,Interactive,AFE,5,MDG,-0.05933097810846344
SSP245,Interactive,AFE,5,MEX,-0.12251069817628024
SSP245,Interactive,AFE,5,MLI,-0.327287905761091
SSP245,Interactive,AFE,5,MMR,0.02815661922083179
SSP245,Interactive,AFE,5,MNE,-0.33649460646821283
SSP245,Interactive,AFE,5,MNG,0.9167009943219875
SSP245,Interactive,AFE,5,MOZ,-0.11838250444083143
SSP245,Interactive,AFE,5,MRT,-0.5702102392620565
SSP245,Interactive,AFE,5,MWI,-0.12862659087856876
SSP245,Interactive,AFE,5,MYS,0.1341876141608982
SSP245,Interactive,AFE,5,NAM,-0.2972832597674038
SSP245,Interactive,AFE,5,NER,-0.38200024612870687
SSP245,Interactive,AFE,5,NGA,0.08520406421936455
SSP245,Interactive,AFE,5,NIC,-0.10544614988137013
SSP245,Interactive,AFE,5,NLD,-0.22676199896768567
SSP245,Interactive,AFE,5,NOR,-0.46030188519666615
SSP245,Interactive,AFE,5,NPL,-0.3346914350691296
SSP245,Interactive,AFE,5,NZL,-0.22817125401779237
SSP245,Interactive,AFE,5,OMN,-0.55701467392734
SSP245,Interactive,AFE,5,PAK,-0.3776179450490721
SSP245,Interactive,AFE,5,PAN,0.15657147223925572
SSP245,Interactive,AFE,5,PER,-0.22584143649373634
SSP245,Interactive,AFE,5,PHL,0.16016709312237754
SSP245,Interactive,AFE,5,PNG,0.08906360842143757
SSP245,Interactive,AFE,5,POL,-0.28606126713455304
SSP245,Interactive,AFE,5,PRT,-0.23036064799914213
SSP245,Interactive,AFE,5,PRY,-0.14173113322282715
SSP245,Interactive,AFE,5,ROU,-0.2752744812200608
SSP245,Interactive,AFE,5,RUS,-0.11905290022603321
SSP245,Interactive,AFE,5,RWA,-0.09087517050193983
SSP245,Interactive,AFE,5,SAU,-0.5708876943230856
SSP245,Interactive,AFE,5,SDN,-0.42172877789120566
SSP245,Interactive,AFE,5,SEN,-0.43368159376426185
SSP245,Interactive,AFE,5,SLB,-0.04853446992972321
SSP245,Interactive,AFE,5,SLE,0.17653305025762922
SSP245,Interactive,AFE,5,SRB,-0.26590503975132185
SSP245,Interactive,AFE,5,SUR,-0.2109676224958139
SSP245,Interactive,AFE,5,SVK,-0.295633220902352
SSP245,Interactive,AFE,5,SWE,-0.25275219653267167
SSP245,Interactive,AFE,5,SWZ,-0.203417462184874
SSP245,Interactive,AFE,5,TCD,-0.1586782976248302
SSP245,Interactive,AFE,5,TGO,0.12930154821099715
SSP245,Interactive,AFE,5,THA,0.13219396837167485
SSP245,Interactive,AFE,5,TJK,-0.1708889747739376
SSP245,Interactive,AFE,5,TKM,-0.22136776010633474
SSP245,Interactive,AFE,5,TUN,-0.2691185741298219
SSP245,Interactive,AFE,5,TUR,-0.25695269083652994
SSP245,Interactive,AFE,5,TZA,-0.08914186896909271
SSP245,Interactive,AFE,5,UGA,-0.04169156349513259
SSP245,Interactive,AFE,5,UKR,-0.21984201897987232
SSP245,Interactive,AFE,5,URY,-0.2006127697260257
SSP245,Interactive,AFE,5,USA,-0.33863241609335404
SSP245,Interactive,AFE,5,UZB,-0.1811488248855634
SSP245,Interactive,AFE,5,VNM,0.06112245512824188
SSP245,Interactive,AFE,5,VUT,0.06652391717341488
SSP245,Interactive,AFE,5,YEM,-0.3525601195259217
SSP245,Interactive,AFE,5,ZAF,-0.23599848447482508
SSP245,Interactive,AFE,5,ZMB,-0.12009384962262049
SSP245,Interactive,AFE,5,ZWE,-0.1962981538654628
SSP245,Interactive,IFE,5,AFG,0.19758765471763517
SSP245,Interactive,IFE,5,AGO,-0.3603248558153306
SSP245,Interactive,IFE,5,ALB,-0.20010297913504682
SSP245,Interactive,IFE,5,ARE,-0.7309436003638095
SSP245,Interactive,IFE,5,ARG,-0.2293630749450386
SSP245,Interactive,IFE,5,ARM,0.2725825115392675
SSP245,Interactive,IFE,5,AUS,-0.23593844360468252
SSP245,Interactive,IFE,5,AUT,-0.06771626464476466
SSP245,Interactive,IFE,5,AZE,0.002826875250078853
SSP245,Interactive,IFE,5,BDI,-0.16054203169335934
SSP245,Interactive,IFE,5,BEL,-0.1015959202100315
SSP245,Interactive,IFE,5,BEN,-0.4230034034750194
SSP245,Interactive,IFE,5,BFA,-0.546237539925394
SSP245,Interactive,IFE,5,BGD,-0.4403511276918557
SSP245,Interactive,IFE,5,BGR,-0.09449626364006336
SSP245,Interactive,IFE,5,BHS,-0.352550956432802
SSP245,Interactive,IFE,5,BIH,-0.14105532981655178
SSP245,Interactive,IFE,5,BLR,0.19068908507517524
SSP245,Interactive,IFE,5,BLZ,-0.3731843102190142
SSP245,Interactive,IFE,5,BOL,0.02359449566503735
SSP245,Interactive,IFE,5,BRA,-0.3459271757510628
SSP245,Interactive,IFE,5,BTN,-0.10081324256348878
SSP245,Interactive,IFE,5,BWA,-0.481183910513977
SSP245,Interactive,IFE,5,CAF,-0.38998322782220796
SSP245,Interactive,IFE,5,CAN,-0.019299765074643926
SSP245,Interactive,IFE,5,CHE,-0.10079676862019671
SSP245,Interactive,IFE,5,CHL,-0.12731054580981516
SSP245,Interactive,IFE,5,CHN,-0.26215276378343233
SSP245,Interactive,IFE,5,CIV,-0.397496826636045
SSP245,Interactive,IFE,5,CMR,-0.3739392134167282
SSP245,Interactive,IFE,5,COD,-0.3618927075416549
SSP245,Interactive,IFE,5,COG,-0.33204759350942425
SSP245,Interactive,IFE,5,COL,-0.31416354633886767
SSP245,Interactive,IFE,5,CPV,-0.4359565416368063
SSP245,Interactive,IFE,5,CRI,-0.3673740296777409
SSP245,Interactive,IFE,5,CUB,-0.39744154451539293
SSP245,Interactive,IFE,5,CZE,0.013817549838479604
SSP245,Interactive,IFE,5,DEU,-0.04253828467016085
SSP245,Interactive,IFE,5,DNK,0.049441713491106265
SSP245,Interactive,IFE,5,DOM,-0.4419996760042364
SSP245,Interactive,IFE,5,DZA,-0.26007578983617274
SSP245,Interactive,IFE,5,ECU,1.147484582602348
SSP245,Interactive,IFE,5,EGY,-0.452687822271577
SSP245,Interactive,IFE,5,ESP,-0.19100084411263563
SSP245,Interactive,IFE,5,EST,0.5238194778974203
SSP245,Interactive,IFE,5,ETH,-0.35418405167599665
SSP245,Interactive,IFE,5,FIN,1.1640030839268891
SSP245,Interactive,IFE,5,FJI,-0.24681894518312142
SSP245,Interactive,IFE,5,FRA,-0.13415072447715515
SSP245,Interactive,IFE,5,GAB,-0.38307161025592906
SSP245,Interactive,IFE,5,GBR,-0.04822368103741548
SSP245,Interactive,IFE,5,GEO,-0.04995951419664213
SSP245,Interactive,IFE,5,GHA,-0.3942492712510679
SSP245,Interactive,IFE,5,GIN,-0.4112689975578937
SSP245,Interactive,IFE,5,GNB,-0.5642462045519908
SSP245,Interactive,IFE,5,GNQ,-0.29574225360997375
SSP245,Interactive,IFE,5,GRC,-0.2234400355372591
SSP245,Interactive,IFE,5,GTM,-0.3281712954407221
SSP245,Interactive,IFE,5,GUY,-0.40967834275500425
SSP245,Interactive,IFE,5,HND,-0.3857001405144487
SSP245,Interactive,IFE,5,HRV,-0.12423983445445141
SSP245,Interactive,IFE,5,HTI,-0.46433562214791535
SSP245,Interactive,IFE,5,HUN,-0.00827242661750005
SSP245,Interactive,IFE,5,IDN,-0.4091295519316144
SSP245,Interactive,IFE,5,IND,-0.46854725195123925
SSP245,Interactive,IFE,5,IRL,-0.10060069440279629
SSP245,Interactive,IFE,5,IRN,-0.16136314074342561
SSP245,Interactive,IFE,5,IRQ,-0.5350513130806489
SSP245,Interactive,IFE,5,ISL,0.12231313241264363
SSP245,Interactive,IFE,5,ISR,-0.2179935794215857
SSP245,Interactive,IFE,5,ITA,-0.15481058475332554
SSP245,Interactive,IFE,5,JOR,-0.3160196616959343
SSP245,Interactive,IFE,5,JPN,-0.14703556030704157
SSP245,Interactive,IFE,5,KAZ,0.7859630381801643
SSP245,Interactive,IFE,5,KEN,-0.34681025832620893
SSP245,Interactive,IFE,5,KGZ,0.8483300343867022
SSP245,Interactive,IFE,5,KHM,-0.3937380401163296
SSP245,Interactive,IFE,5,KOR,-0.2450620229907957
SSP245,Interactive,IFE,5,KWT,-0.6588584304259432
SSP245,Interactive,IFE,5,LAO,-0.31969985953546276
SSP245,Interactive,IFE,5,LBN,-0.2941447079078886
SSP245,Interactive,IFE,5,LBR,-0.3761522540521077
SSP245,Interactive,IFE,5,LBY,-0.36315448892902724
SSP245,Interactive,IFE,5,LKA,-0.3544480409534594
SSP245,Interactive,IFE,5,LSO,-0.23505278822107867
SSP245,Interactive,IFE,5,LTU,0.16518998742744673
SSP245,Interactive,IFE,5,LVA,0.24734370481073786
SSP245,Interactive,IFE,5,MAR,-0.29441255493299145
SSP245,Interactive,IFE,5,MDA,0.027392582528125597
SSP245,Interactive,IFE,5,MDG,-0.2720764567624323
SSP245,Interactive,IFE,5,MEX,-0.2615205743299739
SSP245,Interactive,IFE,5,MLI,-0.6250170212051571
SSP245,Interactive,IFE,5,MMR,-0.343127892088426
SSP245,Interactive,IFE,5,MNE,-0.14154290036186634
SSP245,Interactive,IFE,5,MNG,4.248356208150132
SSP245,Interactive,IFE,5,MOZ,-0.39945494223063915
SSP245,Interactive,IFE,5,MRT,-0.7042064924636775
SSP245,Interactive,IFE,5,MWI,-0.3699785512190169
SSP245,Interactive,IFE,5,MYS,-0.4592674347798451
SSP245,Interactive,IFE,5,NAM,-0.4576842593683539
SSP245,Interactive,IFE,5,NER,-0.6320069438673054
SSP245,Interactive,IFE,5,NGA,-0.42881145288214073
SSP245,Interactive,IFE,5,NIC,-0.40505981466529095
SSP245,Interactive,IFE,5,NLD,-0.04341000311148313
SSP245,Interactive,IFE,5,NOR,0.011848538293550925
SSP245,Interactive,IFE,5,NPL,-0.28723825128515046
SSP245,Interactive,IFE,5,NZL,-0.15820008280332654
SSP245,Interactive,IFE,5,OMN,-0.698697069185561
SSP245,Interactive,IFE,5,PAK,-0.45317373261594485
SSP245,Interactive,IFE,5,PAN,-0.3595671550899444
SSP245,Interactive,IFE,5,PER,-0.20857396734037592
SSP245,Interactive,IFE,5,PHL,-0.39436066094833544
SSP245,Interactive,IFE,5,PNG,-0.3121884051963315
SSP245,Interactive,IFE,5,POL,0.051456454897484294
SSP245,Interactive,IFE,5,PRT,-0.23112217469981045
SSP245,Interactive,IFE,5,PRY,-0.4411342879749859
SSP245,Interactive,IFE,5,ROU,-0.019024708230935494
SSP245,Interactive,IFE,5,RUS,0.8872094641892543
SSP245,Interactive,IFE,5,RWA,-0.2644744178653735
SSP245,Interactive,IFE,5,SAU,-0.7027948164052877
SSP245,Interactive,IFE,5,SDN,-0.6649675690420003
SSP245,Interactive,IFE,5,SEN,-0.5854937532754565
SSP245,Interactive,IFE,5,SLB,-0.6325526833238773
SSP245,Interactive,IFE,5,SLE,-0.3938477924587741
SSP245,Interactive,IFE,5,SRB,-0.08019527804822857
SSP245,Interactive,IFE,5,SUR,-0.5023364315076153
SSP245,Interactive,IFE,5,SVK,-8.917280109643766e-5
SSP245,Interactive,IFE,5,SWE,0.29887928111819484
SSP245,Interactive,IFE,5,SWZ,-0.27227549494661707
SSP245,Interactive,IFE,5,TCD,-0.5400060389771264
SSP245,Interactive,IFE,5,TGO,-0.40708204776535495
SSP245,Interactive,IFE,5,THA,-0.3757514673396636
SSP245,Interactive,IFE,5,TJK,0.664411531667942
SSP245,Interactive,IFE,5,TKM,-0.14560063372339926
SSP245,Interactive,IFE,5,TUN,-0.29081930160381675
SSP245,Interactive,IFE,5,TUR,-0.1348551166995593
SSP245,Interactive,IFE,5,TZA,-0.3564534450667386
SSP245,Interactive,IFE,5,UGA,-0.34247240379179145
SSP245,Interactive,IFE,5,UKR,0.11038317819324517
SSP245,Interactive,IFE,5,URY,-0.2309830348691997
SSP245,Interactive,IFE,5,USA,-0.24784128308170772
SSP245,Interactive,IFE,5,UZB,0.06948457675877928
SSP245,Interactive,IFE,5,VNM,-0.32949657933578647
SSP245,Interactive,IFE,5,VUT,-0.2637647527575333
SSP245,Interactive,IFE,5,YEM,-0.5464335669682323
SSP245,Interactive,IFE,5,ZAF,-0.30483120818424636
SSP245,Interactive,IFE,5,ZMB,-0.37746970391610046
SSP245,Interactive,IFE,5,ZWE,-0.4043458230377128
SSP126,Direct,AFE,0,AFG,0.055847144172174845
SSP126,Direct,AFE,0,AGO,-0.22676791561044574
SSP126,Direct,AFE,0,ALB,-0.06043970514577801
SSP126,Direct,AFE,0,ARE,-0.334307955236403
SSP126,Direct,AFE,0,ARG,-0.06580867634236498
SSP126,Direct,AFE,0,ARM,0.15241062567299823
SSP126,Direct,AFE,0,AUS,-0.11866989619169288
SSP126,Direct,AFE,0,AUT,0.10272110574160798
SSP126,Direct,AFE,0,AZE,-0.012326941607958664
SSP126,Direct,AFE,0,BDI,-0.17749046167885452
SSP126,Direct,AFE,0,BEL,0.042006477475289516
SSP126,Direct,AFE,0,BEN,-0.2992808432805043
SSP126,Direct,AFE,0,BFA,-0.34583231804438264
SSP126,Direct,AFE,0,BGD,-0.37859765513151833
SSP126,Direct,AFE,0,BGR,0.006023804681620337
SSP126,Direct,AFE,0,BHS,-0.20334643701494537
SSP126,Direct,AFE,0,BIH,0.020953372873049547
SSP126,Direct,AFE,0,BLR,0.17892963590574928
SSP126,Direct,AFE,0,BLZ,-0.2385392340941428
SSP126,Direct,AFE,0,BOL,-0.13248490339180963
SSP126,Direct,AFE,0,BRA,-0.2279857511233624
SSP126,Direct,AFE,0,BTN,0.07204246326398533
SSP126,Direct,AFE,0,BWA,-0.265688855044397
SSP126,Direct,AFE,0,CAF,-0.2773807605809814
SSP126,Direct,AFE,0,CAN,0.26567450252411273
SSP126,Direct,AFE,0,CHE,0.16457617078738473
SSP126,Direct,AFE,0,CHL,0.026860803915704556
SSP126,Direct,AFE,0,CHN,-0.0053795746889764295
SSP126,Direct,AFE,0,CIV,-0.2690920757764613
SSP126,Direct,AFE,0,CMR,-0.2430066071923943
SSP126,Direct,AFE,0,COD,-0.27064726442240206
SSP126,Direct,AFE,0,COG,-0.25709152786900247
SSP126,Direct,AFE,0,COL,-0.24675015414811785
SSP126,Direct,AFE,0,CPV,-0.19127366714564953
SSP126,Direct,AFE,0,CRI,-0.28337987384376084
SSP126,Direct,AFE,0,CUB,-0.23945072265168854
SSP126,Direct,AFE,0,CZE,0.11619482593061514
SSP126,Direct,AFE,0,DEU,0.09693889219442076
SSP126,Direct,AFE,0,DNK,0.09570400354541286
SSP126,Direct,AFE,0,DOM,-0.2595506126013114
SSP126,Direct,AFE,0,DZA,-0.16204293423655802
SSP126,Direct,AFE,0,ECU,-0.20373765811864886
SSP126,Direct,AFE,0,EGY,-0.21156283421901712
SSP126,Direct,AFE,0,ESP,-0.07679845578885502
SSP126,Direct,AFE,0,EST,0.26628994699372255
SSP126,Direct,AFE,0,ETH,-0.15237675583486499
SSP126,Direct,AFE,0,FIN,0.41668085958798007
SSP126,Direct,AFE,0,FJI,-0.15029599958111428
SSP126,Direct,AFE,0,FRA,0.013035120249915044
SSP126,Direct,AFE,0,GAB,-0.24814276884570863
SSP126,Direct,AFE,0,GBR,0.052129040276332805
SSP126,Direct,AFE,0,GEO,0.07813472616969275
SSP126,Direct,AFE,0,GHA,-0.26823772504373866
SSP126,Direct,AFE,0,GIN,-0.2925934164874413
SSP126,Direct,AFE,0,GNB,-0.32057966881197864
SSP126,Direct,AFE,0,GNQ,-0.17154976414731504
SSP126,Direct,AFE,0,GRC,-0.10514116805014839
SSP126,Direct,AFE,0,GTM,-0.2321975354958956
SSP126,Direct,AFE,0,GUY,-0.29097965567364703
SSP126,Direct,AFE,0,HND,-0.25033191796376963
SSP126,Direct,AFE,0,HRV,-0.011442604108296783
SSP126,Direct,AFE,0,HTI,-0.26951716501224054
SSP126,Direct,AFE,0,HUN,0.022914380351612307
SSP126,Direct,AFE,0,IDN,-0.24078221168634983
SSP126,Direct,AFE,0,IND,-0.3338882123903886
SSP126,Direct,AFE,0,IRL,0.0460415868141677
SSP126,Direct,AFE,0,IRN,-0.10027693005319394
SSP126,Direct,AFE,0,IRQ,-0.2563393125091449
SSP126,Direct,AFE,0,ISL,0.34715403188770844
SSP126,Direct,AFE,0,ISR,-0.04998617248308623
SSP126,Direct,AFE,0,ITA,-0.05650042904370822
SSP126,Direct,AFE,0,JOR,-0.1755158232506443
SSP126,Direct,AFE,0,JPN,-0.06326471039756265
SSP126,Direct,AFE,0,KAZ,0.19278135149119424
SSP126,Direct,AFE,0,KEN,-0.14369734246128263
SSP126,Direct,AFE,0,KGZ,0.360967287086839
SSP126,Direct,AFE,0,KHM,-0.2988759927389094
SSP126,Direct,AFE,0,KOR,0.0012212342759034822
SSP126,Direct,AFE,0,KWT,-0.3301122432158038
SSP126,Direct,AFE,0,LAO,-0.26324026845240833
SSP126,Direct,AFE,0,LBN,-0.1378102913363678
SSP126,Direct,AFE,0,LBR,-0.23489968023596453
SSP126,Direct,AFE,0,LBY,-0.197129930256708
SSP126,Direct,AFE,0,LKA,-0.2547806985243891
SSP126,Direct,AFE,0,LSO,-0.01858308409352849
SSP126,Direct,AFE,0,LTU,0.17899466748907034
SSP126,Direct,AFE,0,LVA,0.20992474209626644
SSP126,Direct,AFE,0,MAR,-0.17843794304746352
SSP126,Direct,AFE,0,MDA,0.032061794374287356
SSP126,Direct,AFE,0,MDG,-0.15663029485561142
SSP126,Direct,AFE,0,MEX,-0.14877558752411768
SSP126,Direct,AFE,0,MLI,-0.3742025150591015
SSP126,Direct,AFE,0,MMR,-0.2708662463367906
SSP126,Direct,AFE,0,MNE,0.04691657040761665
SSP126,Direct,AFE,0,MNG,0.47611235216197323
SSP126,Direct,AFE,0,MOZ,-0.21569930916722235
SSP126,Direct,AFE,0,MRT,-0.33498886370238234
SSP126,Direct,AFE,0,MWI,-0.1792347228877904
SSP126,Direct,AFE,0,MYS,-0.2403182754341936
SSP126,Direct,AFE,0,NAM,-0.25269853590615365
SSP126,Direct,AFE,0,NER,-0.360525618814169
SSP126,Direct,AFE,0,NGA,-0.28722306296430766
SSP126,Direct,AFE,0,NIC,-0.288959878567549
SSP126,Direct,AFE,0,NLD,0.03467758908582086
SSP126,Direct,AFE,0,NOR,0.28805076771670524
SSP126,Direct,AFE,0,NPL,-0.060715434361331644
SSP126,Direct,AFE,0,NZL,-0.022219217398093738
SSP126,Direct,AFE,0,OMN,-0.34005479610410827
SSP126,Direct,AFE,0,PAK,-0.24633744164106364
SSP126,Direct,AFE,0,PAN,-0.2605511787343767
SSP126,Direct,AFE,0,PER,-0.13485219294580164
SSP126,Direct,AFE,0,PHL,-0.20613798991125953
SSP126,Direct,AFE,0,PNG,-0.2607958396162795
SSP126,Direct,AFE,0,POL,0.11395490813116571
SSP126,Direct,AFE,0,PRT,-0.0854724692093729
SSP126,Direct,AFE,0,PRY,-0.26523995933686106
SSP126,Direct,AFE,0,ROU,0.057174519402305
SSP126,Direct,AFE,0,RUS,0.3310441393603045
SSP126,Direct,AFE,0,RWA,-0.1447436475791909
SSP126,Direct,AFE,0,SAU,-0.3159497190370363
SSP126,Direct,AFE,0,SDN,-0.36907103476053515
SSP126,Direct,AFE,0,SEN,-0.3181663035647172
SSP126,Direct,AFE,0,SLB,-0.25567598693306914
SSP126,Direct,AFE,0,SLE,-0.25199938986228076
SSP126,Direct,AFE,0,SRB,0.02159140380325697
SSP126,Direct,AFE,0,SUR,-0.36517664084492774
SSP126,Direct,AFE,0,SVK,0.0910821017515635
SSP126,Direct,AFE,0,SWE,0.20221567091948112
SSP126,Direct,AFE,0,SWZ,-0.08939832912134371
SSP126,Direct,AFE,0,TCD,-0.34324687806424703
SSP126,Direct,AFE,0,TGO,-0.2752625818272033
SSP126,Direct,AFE,0,THA,-0.3162113655490385
SSP126,Direct,AFE,0,TJK,0.2874449236596235
SSP126,Direct,AFE,0,TKM,-0.14135402566140542
SSP126,Direct,AFE,0,TUN,-0.17673776523214868
SSP126,Direct,AFE,0,TUR,-0.015685029920623927
SSP126,Direct,AFE,0,TZA,-0.17785218275916648
SSP126,Direct,AFE,0,UGA,-0.1776946474525769
SSP126,Direct,AFE,0,UKR,0.07166686798691191
SSP126,Direct,AFE,0,URY,-0.07056470957766536
SSP126,Direct,AFE,0,USA,-0.034238627534377564
SSP126,Direct,AFE,0,UZB,0.001514593296473743
SSP126,Direct,AFE,0,VNM,-0.2751024387611588
SSP126,Direct,AFE,0,VUT,-0.1546218561232896
SSP126,Direct,AFE,0,YEM,-0.3009990001771018
SSP126,Direct,AFE,0,ZAF,-0.1392492826509526
SSP126,Direct,AFE,0,ZMB,-0.20434269677232542
SSP126,Direct,AFE,0,ZWE,-0.18955289460628189
SSP126,Direct,IFE,0,AFG,0.020044371845854947
SSP126,Direct,IFE,0,AGO,-0.1848463654272673
SSP126,Direct,IFE,0,ALB,-0.06294558569139119
SSP126,Direct,IFE,0,ARE,-0.2687944467808602
SSP126,Direct,IFE,0,ARG,-0.06065168451203218
SSP126,Direct,IFE,0,ARM,0.08862366883988759
SSP126,Direct,IFE,0,AUS,-0.10099035222572961
SSP126,Direct,IFE,0,AUT,0.05510054465780101
SSP126,Direct,IFE,0,AZE,-0.027985696286872863
SSP126,Direct,IFE,0,BDI,-0.14724766830336034
SSP126,Direct,IFE,0,BEL,0.013562841148780702
SSP126,Direct,IFE,0,BEN,-0.24015999234555385
SSP126,Direct,IFE,0,BFA,-0.27856786460202976
SSP126,Direct,IFE,0,BGD,-0.3116636568175162
SSP126,Direct,IFE,0,BGR,-0.012390665651980326
SSP126,Direct,IFE,0,BHS,-0.16338919564625265
SSP126,Direct,IFE,0,BIH,-0.001462810006683135
SSP126,Direct,IFE,0,BLR,0.10679903062692397
SSP126,Direct,IFE,0,BLZ,-0.19129922038494362
SSP126,Direct,IFE,0,BOL,-0.11640043362662778
SSP126,Direct,IFE,0,BRA,-0.18571442098153956
SSP126,Direct,IFE,0,BTN,0.03294095996470592
SSP126,Direct,IFE,0,BWA,-0.2162466817820784
SSP126,Direct,IFE,0,CAF,-0.2244917862655914
SSP126,Direct,IFE,0,CAN,0.1595354985075741
SSP126,Direct,IFE,0,CHE,0.09716019820069843
SSP126,Direct,IFE,0,CHL,0.007121144487665543
SSP126,Direct,IFE,0,CHN,-0.029311635151190396
SSP126,Direct,IFE,0,CIV,-0.21642318954027917
SSP126,Direct,IFE,0,CMR,-0.19636783936764335
SSP126,Direct,IFE,0,COD,-0.21981784669999105
SSP126,Direct,IFE,0,COG,-0.2081537206868358
SSP126,Direct,IFE,0,COL,-0.20059048578197147
SSP126,Direct,IFE,0,CPV,-0.1538064033011679
SSP126,Direct,IFE,0,CRI,-0.22770009085491383
SSP126,Direct,IFE,0,CUB,-0.19220381313950663
SSP126,Direct,IFE,0,CZE,0.0641848900166937
SSP126,Direct,IFE,0,DEU,0.05182761583377249
SSP126,Direct,IFE,0,DNK,0.051607429744818134
SSP126,Direct,IFE,0,DOM,-0.20734920680869395
SSP126,Direct,IFE,0,DZA,-0.13769771350332194
SSP126,Direct,IFE,0,ECU,-0.1660261156206757
SSP126,Direct,IFE,0,EGY,-0.1727267537755519
SSP126,Direct,IFE,0,ESP,-0.07410078295667133
SSP126,Direct,IFE,0,EST,0.16358947919635103
SSP126,Direct,IFE,0,ETH,-0.12668106478705476
SSP126,Direct,IFE,0,FIN,0.2608600541528838
SSP126,Direct,IFE,0,FJI,-0.11867853143444962
SSP126,Direct,IFE,0,FRA,-0.008422045892121366
SSP126,Direct,IFE,0,GAB,-0.2000414843099172
SSP126,Direct,IFE,0,GBR,0.024082796769462345
SSP126,Direct,IFE,0,GEO,0.0413524609490612
SSP126,Direct,IFE,0,GHA,-0.215165939403703
SSP126,Direct,IFE,0,GIN,-0.23654845910244915
SSP126,Direct,IFE,0,GNB,-0.25758203302042826
SSP126,Direct,IFE,0,GNQ,-0.13718031052240942
SSP126,Direct,IFE,0,GRC,-0.0942228811279372
SSP126,Direct,IFE,0,GTM,-0.1883520164641368
SSP126,Direct,IFE,0,GUY,-0.23363420044321437
SSP126,Direct,IFE,0,HND,-0.20150030798182195
SSP126,Direct,IFE,0,HRV,-0.02809466238031777
SSP126,Direct,IFE,0,HTI,-0.2158687673388323
SSP126,Direct,IFE,0,HUN,-0.0023566136226773615
SSP126,Direct,IFE,0,IDN,-0.1926008447465304
SSP126,Direct,IFE,0,IND,-0.27353868803046133
SSP126,Direct,IFE,0,IRL,0.022265526124809032
SSP126,Direct,IFE,0,IRN,-0.09135129887775784
SSP126,Direct,IFE,0,IRQ,-0.20963825388459845
SSP126,Direct,IFE,0,ISL,0.22057093143231477
SSP126,Direct,IFE,0,ISR,-0.0412541598171553
SSP126,Direct,IFE,0,ITA,-0.0595593442471285
SSP126,Direct,IFE,0,JOR,-0.14661609397207565
SSP126,Direct,IFE,0,JPN,-0.061831059846839787
SSP126,Direct,IFE,0,KAZ,0.11024186212237752
SSP126,Direct,IFE,0,KEN,-0.11803357865632014
SSP126,Direct,IFE,0,KGZ,0.22731099709831915
SSP126,Direct,IFE,0,KHM,-0.24208482556513622
SSP126,Direct,IFE,0,KOR,-0.019536786365005887
SSP126,Direct,IFE,0,KWT,-0.2666687081368636
SSP126,Direct,IFE,0,LAO,-0.21699112879558424
SSP126,Direct,IFE,0,LBN,-0.11395956480924085
SSP126,Direct,IFE,0,LBR,-0.18892849314166005
SSP126,Direct,IFE,0,LBY,-0.16181296922852317
SSP126,Direct,IFE,0,LKA,-0.20609719909169644
SSP126,Direct,IFE,0,LSO,-0.030879269857053027
SSP126,Direct,IFE,0,LTU,0.10670031258552037
SSP126,Direct,IFE,0,LVA,0.12748237038931087
SSP126,Direct,IFE,0,MAR,-0.15007021735378234
SSP126,Direct,IFE,0,MDA,0.005032592218277676
SSP126,Direct,IFE,0,MDG,-0.12818327610083902
SSP126,Direct,IFE,0,MEX,-0.12336364180122883
SSP126,Direct,IFE,0,MLI,-0.3025749007523929
SSP126,Direct,IFE,0,MMR,-0.22209935047527796
SSP126,Direct,IFE,0,MNE,0.015286263312738635
SSP126,Direct,IFE,0,MNG,0.3034889473133622
SSP126,Direct,IFE,0,MOZ,-0.17415532881786877
SSP126,Direct,IFE,0,MRT,-0.27016477273379347
SSP126,Direct,IFE,0,MWI,-0.14583186818232274
SSP126,Direct,IFE,0,MYS,-0.19286859789909028
SSP126,Direct,IFE,0,NAM,-0.20605504574929467
SSP126,Direct,IFE,0,NER,-0.29121522382820775
SSP126,Direct,IFE,0,NGA,-0.2314820949973586
SSP126,Direct,IFE,0,NIC,-0.2326150482531658
SSP126,Direct,IFE,0,NLD,0.01416585463995168
SSP126,Direct,IFE,0,NOR,0.18201976294027533
SSP126,Direct,IFE,0,NPL,-0.06460346646063564
SSP126,Direct,IFE,0,NZL,-0.028122364323549642
SSP126,Direct,IFE,0,OMN,-0.27428091858941084
SSP126,Direct,IFE,0,PAK,-0.20370285468810523
SSP126,Direct,IFE,0,PAN,-0.20935007283866003
SSP126,Direct,IFE,0,PER,-0.11718899328651033
SSP126,Direct,IFE,0,PHL,-0.16443117022802356
SSP126,Direct,IFE,0,PNG,-0.20901487671600838
SSP126,Direct,IFE,0,POL,0.06247992171635097
SSP126,Direct,IFE,0,PRT,-0.07911430427576704
SSP126,Direct,IFE,0,PRY,-0.21675384383934337
SSP126,Direct,IFE,0,ROU,0.022742808702334028
SSP126,Direct,IFE,0,RUS,0.20486182105769646
SSP126,Direct,IFE,0,RWA,-0.12082991992802472
SSP126,Direct,IFE,0,SAU,-0.25516919860210896
SSP126,Direct,IFE,0,SDN,-0.29830262875368607
SSP126,Direct,IFE,0,SEN,-0.25648231629274676
SSP126,Direct,IFE,0,SLB,-0.20370647639337847
SSP126,Direct,IFE,0,SLE,-0.2029150691393239
SSP126,Direct,IFE,0,SRB,2.102554437577453e-4
SSP126,Direct,IFE,0,SUR,-0.295449464783635
SSP126,Direct,IFE,0,SVK,0.046681587524499246
SSP126,Direct,IFE,0,SWE,0.12216954864597263
SSP126,Direct,IFE,0,SWZ,-0.07709860011716885
SSP126,Direct,IFE,0,TCD,-0.27691732395645685
SSP126,Direct,IFE,0,TGO,-0.22119147365655867
SSP126,Direct,IFE,0,THA,-0.2569470945313884
SSP126,Direct,IFE,0,TJK,0.1820775607900309
SSP126,Direct,IFE,0,TKM,-0.12427134140145835
SSP126,Direct,IFE,0,TUN,-0.1475912186499797
SSP126,Direct,IFE,0,TUR,-0.028850202022116078
SSP126,Direct,IFE,0,TZA,-0.14553174285351778
SSP126,Direct,IFE,0,UGA,-0.14547485338904198
SSP126,Direct,IFE,0,UKR,0.03195668620857073
SSP126,Direct,IFE,0,URY,-0.06224721936422717
SSP126,Direct,IFE,0,USA,-0.0427040742731033
SSP126,Direct,IFE,0,UZB,-0.02015117945024758
SSP126,Direct,IFE,0,VNM,-0.22436745813194858
SSP126,Direct,IFE,0,VUT,-0.12474590552849962
SSP126,Direct,IFE,0,YEM,-0.24407487041243947
SSP126,Direct,IFE,0,ZAF,-0.11782463592738546
SSP126,Direct,IFE,0,ZMB,-0.16714787661128905
SSP126,Direct,IFE,0,ZWE,-0.15518801601171683
SSP126,Direct,AFE,1,AFG,0.04159710266900807
SSP126,Direct,AFE,1,AGO,-0.14699282327109142
SSP126,Direct,AFE,1,ALB,-0.032886274300605756
SSP126,Direct,AFE,1,ARE,-0.22232889278495127
SSP126,Direct,AFE,1,ARG,-0.039246540901697324
SSP126,Direct,AFE,1,ARM,0.09828713589087434
SSP126,Direct,AFE,1,AUS,-0.0706676882146352
SSP126,Direct,AFE,1,AUT,0.06824501864620824
SSP126,Direct,AFE,1,AZE,-0.001877916830999804
SSP126,Direct,AFE,1,BDI,-0.12163612575944127
SSP126,Direct,AFE,1,BEL,0.030924522368991125
SSP126,Direct,AFE,1,BEN,-0.19321723675434233
SSP126,Direct,AFE,1,BFA,-0.22983512527705108
SSP126,Direct,AFE,1,BGD,-0.2577433402956061
SSP126,Direct,AFE,1,BGR,0.007885261284217293
SSP126,Direct,AFE,1,BHS,-0.13559104752308526
SSP126,Direct,AFE,1,BIH,0.01778576183061209
SSP126,Direct,AFE,1,BLR,0.11472280792049006
SSP126,Direct,AFE,1,BLZ,-0.1529289258465376
SSP126,Direct,AFE,1,BOL,-0.07965775559768806
SSP126,Direct,AFE,1,BRA,-0.1474858709249286
SSP126,Direct,AFE,1,BTN,0.0372941311667756
SSP126,Direct,AFE,1,BWA,-0.17002485426475367
SSP126,Direct,AFE,1,CAF,-0.18093833975806972
SSP126,Direct,AFE,1,CAN,0.1660527006429937
SSP126,Direct,AFE,1,CHE,0.10433335215934747
SSP126,Direct,AFE,1,CHL,0.019107148498867632
SSP126,Direct,AFE,1,CHN,-0.0030662979722212436
SSP126,Direct,AFE,1,CIV,-0.17379562464476073
SSP126,Direct,AFE,1,CMR,-0.16881928639027233
SSP126,Direct,AFE,1,COD,-0.17503492417978617
SSP126,Direct,AFE,1,COG,-0.1701200936073236
SSP126,Direct,AFE,1,COL,-0.16147616644701557
SSP126,Direct,AFE,1,CPV,-0.12192205424939395
SSP126,Direct,AFE,1,CRI,-0.1747437067755775
SSP126,Direct,AFE,1,CUB,-0.15657276900236317
SSP126,Direct,AFE,1,CZE,0.07677058453541452
SSP126,Direct,AFE,1,DEU,0.06467203381198439
SSP126,Direct,AFE,1,DNK,0.06423102731554309
SSP126,Direct,AFE,1,DOM,-0.16708057941570187
SSP126,Direct,AFE,1,DZA,-0.09953058076126775
SSP126,Direct,AFE,1,ECU,-0.14010746895502102
SSP126,Direct,AFE,1,EGY,-0.13465032906127772
SSP126,Direct,AFE,1,ESP,-0.043155644711114105
SSP126,Direct,AFE,1,EST,0.16763055703328766
SSP126,Direct,AFE,1,ETH,-0.10145634941204962
SSP126,Direct,AFE,1,FIN,0.2548392219416349
SSP126,Direct,AFE,1,FJI,-0.09088558682569614
SSP126,Direct,AFE,1,FRA,0.01403839039704935
SSP126,Direct,AFE,1,GAB,-0.15683584398397665
SSP126,Direct,AFE,1,GBR,0.036206994044390095
SSP126,Direct,AFE,1,GEO,0.05181236209269091
SSP126,Direct,AFE,1,GHA,-0.17512593262566323
SSP126,Direct,AFE,1,GIN,-0.19054733181221273
SSP126,Direct,AFE,1,GNB,-0.2105450867631785
SSP126,Direct,AFE,1,GNQ,-0.10140775623512266
SSP126,Direct,AFE,1,GRC,-0.06250988757639486
SSP126,Direct,AFE,1,GTM,-0.14417782387972378
SSP126,Direct,AFE,1,GUY,-0.18785254323129696
SSP126,Direct,AFE,1,HND,-0.1576560719196054
SSP126,Direct,AFE,1,HRV,-0.001151662941194842
SSP126,Direct,AFE,1,HTI,-0.17500147962542179
SSP126,Direct,AFE,1,HUN,0.020199959182627403
SSP126,Direct,AFE,1,IDN,-0.15625344703915434
SSP126,Direct,AFE,1,IND,-0.22347221488197377
SSP126,Direct,AFE,1,IRL,0.03033877386431194
SSP126,Direct,AFE,1,IRN,-0.05892827219219743
SSP126,Direct,AFE,1,IRQ,-0.16518396073589303
SSP126,Direct,AFE,1,ISL,0.2139887562764089
SSP126,Direct,AFE,1,ISR,-0.030330003869406208
SSP126,Direct,AFE,1,ITA,-0.030066166124608218
SSP126,Direct,AFE,1,JOR,-0.10943434614731784
SSP126,Direct,AFE,1,JPN,-0.042103288536739614
SSP126,Direct,AFE,1,KAZ,0.12658502433714958
SSP126,Direct,AFE,1,KEN,-0.09434462095724783
SSP126,Direct,AFE,1,KGZ,0.22231162677925131
SSP126,Direct,AFE,1,KHM,-0.20286121850697247
SSP126,Direct,AFE,1,KOR,0.0012342840558556833
SSP126,Direct,AFE,1,KWT,-0.21880029491693076
SSP126,Direct,AFE,1,LAO,-0.1795740020921145
SSP126,Direct,AFE,1,LBN,-0.08541388686936036
SSP126,Direct,AFE,1,LBR,-0.15204412731333738
SSP126,Direct,AFE,1,LBY,-0.12470535587607323
SSP126,Direct,AFE,1,LKA,-0.1824583899059894
SSP126,Direct,AFE,1,LSO,-0.007710757047038386
SSP126,Direct,AFE,1,LTU,0.11462221605689416
SSP126,Direct,AFE,1,LVA,0.13332304183688604
SSP126,Direct,AFE,1,MAR,-0.11089324287416868
SSP126,Direct,AFE,1,MDA,0.025559765569313386
SSP126,Direct,AFE,1,MDG,-0.10170264461464762
SSP126,Direct,AFE,1,MEX,-0.08944756831577427
SSP126,Direct,AFE,1,MLI,-0.2507495859440618
SSP126,Direct,AFE,1,MMR,-0.18386280362135154
SSP126,Direct,AFE,1,MNE,0.032507406076972334
SSP126,Direct,AFE,1,MNG,0.2872925484197266
SSP126,Direct,AFE,1,MOZ,-0.13827062436750048
SSP126,Direct,AFE,1,MRT,-0.22252066481180766
SSP126,Direct,AFE,1,MWI,-0.11466271418567653
SSP126,Direct,AFE,1,MYS,-0.15864347104602394
SSP126,Direct,AFE,1,NAM,-0.16202709523089487
SSP126,Direct,AFE,1,NER,-0.24094443259517362
SSP126,Direct,AFE,1,NGA,-0.1878133886418859
SSP126,Direct,AFE,1,NIC,-0.18648450187208243
SSP126,Direct,AFE,1,NLD,0.025318811300075073
SSP126,Direct,AFE,1,NOR,0.17791613977244114
SSP126,Direct,AFE,1,NPL,-0.04153764997201137
SSP126,Direct,AFE,1,NZL,-0.011618204528604847
SSP126,Direct,AFE,1,OMN,-0.22625322240996704
SSP126,Direct,AFE,1,PAK,-0.15750469259791067
SSP126,Direct,AFE,1,PAN,-0.17220823822084252
SSP126,Direct,AFE,1,PER,-0.09867297517972395
SSP126,Direct,AFE,1,PHL,-0.1360116789395811
SSP126,Direct,AFE,1,PNG,-0.21779606659341555
SSP126,Direct,AFE,1,POL,0.07563885098264489
SSP126,Direct,AFE,1,PRT,-0.04910021632193906
SSP126,Direct,AFE,1,PRY,-0.17267292708352622
SSP126,Direct,AFE,1,ROU,0.04074192611753924
SSP126,Direct,AFE,1,RUS,0.2055257499703118
SSP126,Direct,AFE,1,RWA,-0.09860509054658229
SSP126,Direct,AFE,1,SAU,-0.20850238380190822
SSP126,Direct,AFE,1,SDN,-0.24762592787301596
SSP126,Direct,AFE,1,SEN,-0.21021896859524292
SSP126,Direct,AFE,1,SLB,-0.19002890098120206
SSP126,Direct,AFE,1,SLE,-0.16659564653014847
SSP126,Direct,AFE,1,SRB,0.01840295097396738
SSP126,Direct,AFE,1,SUR,-0.2407380224683825
SSP126,Direct,AFE,1,SVK,0.06184940809294237
SSP126,Direct,AFE,1,SWE,0.12989455764224123
SSP126,Direct,AFE,1,SWZ,-0.0576335819354874
SSP126,Direct,AFE,1,TCD,-0.2282135723868104
SSP126,Direct,AFE,1,TGO,-0.18088937835439456
SSP126,Direct,AFE,1,THA,-0.21164724307508087
SSP126,Direct,AFE,1,TJK,0.1783473680458485
SSP126,Direct,AFE,1,TKM,-0.08514403928887748
SSP126,Direct,AFE,1,TUN,-0.11021540213559444
SSP126,Direct,AFE,1,TUR,-0.005111003001902925
SSP126,Direct,AFE,1,TZA,-0.1184805301616001
SSP126,Direct,AFE,1,UGA,-0.12084925638846566
SSP126,Direct,AFE,1,UKR,0.05065995725214778
SSP126,Direct,AFE,1,URY,-0.04364518228029113
SSP126,Direct,AFE,1,USA,-0.017887347581905355
SSP126,Direct,AFE,1,UZB,0.007886368623892581
SSP126,Direct,AFE,1,VNM,-0.18660536365738511
SSP126,Direct,AFE,1,VUT,-0.12023058859657931
SSP126,Direct,AFE,1,YEM,-0.19745977773351764
SSP126,Direct,AFE,1,ZAF,-0.08397529180125118
SSP126,Direct,AFE,1,ZMB,-0.13019873170522356
SSP126,Direct,AFE,1,ZWE,-0.11927643965947943
SSP126,Direct,IFE,1,AFG,-0.021998991923450895
SSP126,Direct,IFE,1,AGO,-0.16104853924449547
SSP126,Direct,IFE,1,ALB,-0.07823497820657488
SSP126,Direct,IFE,1,ARE,-0.21932537243333994
SSP126,Direct,IFE,1,ARG,-0.06784750515116633
SSP126,Direct,IFE,1,ARM,0.01821852091533671
SSP126,Direct,IFE,1,AUS,-0.0889640621157396
SSP126,Direct,IFE,1,AUT,0.0031040665643145005
SSP126,Direct,IFE,1,AZE,-0.05551299781473251
SSP126,Direct,IFE,1,BDI,-0.13861041391135664
SSP126,Direct,IFE,1,BEL,-0.021631242252431293
SSP126,Direct,IFE,1,BEN,-0.19034616787838055
SSP126,Direct,IFE,1,BFA,-0.2251389299282145
SSP126,Direct,IFE,1,BGD,-0.2735342942705601
SSP126,Direct,IFE,1,BGR,-0.043925005866945144
SSP126,Direct,IFE,1,BHS,-0.1457972618144231
SSP126,Direct,IFE,1,BIH,-0.0318560690187375
SSP126,Direct,IFE,1,BLR,0.03363446324030628
SSP126,Direct,IFE,1,BLZ,-0.15516804561653874
SSP126,Direct,IFE,1,BOL,-0.11421953588150946
SSP126,Direct,IFE,1,BRA,-0.1610522939254897
SSP126,Direct,IFE,1,BTN,-0.018420953706033805
SSP126,Direct,IFE,1,BWA,-0.17636623726806155
SSP126,Direct,IFE,1,CAF,-0.18829713861182906
SSP126,Direct,IFE,1,CAN,0.05732281272704598
SSP126,Direct,IFE,1,CHE,0.029246338619059564
SSP126,Direct,IFE,1,CHL,-0.02178488509632004
SSP126,Direct,IFE,1,CHN,-0.07855257166793284
SSP126,Direct,IFE,1,CIV,-0.1774225554917841
SSP126,Direct,IFE,1,CMR,-0.1729721126501419
SSP126,Direct,IFE,1,COD,-0.18503492474919936
SSP126,Direct,IFE,1,COG,-0.1783819651714288
SSP126,Direct,IFE,1,COL,-0.17204079795432559
SSP126,Direct,IFE,1,CPV,-0.1286762231268278
SSP126,Direct,IFE,1,CRI,-0.17597305298148924
SSP126,Direct,IFE,1,CUB,-0.1632014048173368
SSP126,Direct,IFE,1,CZE,0.008279894596408655
SSP126,Direct,IFE,1,DEU,0.002401011335924963
SSP126,Direct,IFE,1,DNK,0.0038586430813611905
SSP126,Direct,IFE,1,DOM,-0.1639328179607682
SSP126,Direct,IFE,1,DZA,-0.12501499148326345
SSP126,Direct,IFE,1,ECU,-0.14449853989234607
SSP126,Direct,IFE,1,EGY,-0.14936765501722649
SSP126,Direct,IFE,1,ESP,-0.08236096224041178
SSP126,Direct,IFE,1,EST,0.06738373686043087
SSP126,Direct,IFE,1,ETH,-0.12554506510183183
SSP126,Direct,IFE,1,FIN,0.1275600415291558
SSP126,Direct,IFE,1,FJI,-0.09114744303692446
SSP126,Direct,IFE,1,FRA,-0.0367312243536122
SSP126,Direct,IFE,1,GAB,-0.164909266512425
SSP126,Direct,IFE,1,GBR,-0.008798592321345722
SSP126,Direct,IFE,1,GEO,-0.0016157256447959512
SSP126,Direct,IFE,1,GHA,-0.17753108923531702
SSP126,Direct,IFE,1,GIN,-0.1959305426880008
SSP126,Direct,IFE,1,GNB,-0.20510592486823032
SSP126,Direct,IFE,1,GNQ,-0.10935727825934383
SSP126,Direct,IFE,1,GRC,-0.09757911104680783
SSP126,Direct,IFE,1,GTM,-0.15402135860921629
SSP126,Direct,IFE,1,GUY,-0.1860647000781972
SSP126,Direct,IFE,1,HND,-0.16078059840156733
SSP126,Direct,IFE,1,HRV,-0.05548231959142502
SSP126,Direct,IFE,1,HTI,-0.17462889753030442
SSP126,Direct,IFE,1,HUN,-0.036779807966938693
SSP126,Direct,IFE,1,IDN,-0.15876722871530435
SSP126,Direct,IFE,1,IND,-0.24093197605440664
SSP126,Direct,IFE,1,IRL,-0.007295504485616
SSP126,Direct,IFE,1,IRN,-0.09788953705419179
SSP126,Direct,IFE,1,IRQ,-0.17940662773763616
SSP126,Direct,IFE,1,ISL,0.11315729650207373
SSP126,Direct,IFE,1,ISR,-0.036844701219024056
SSP126,Direct,IFE,1,ITA,-0.07364797958820013
SSP126,Direct,IFE,1,JOR,-0.1323211892577214
SSP126,Direct,IFE,1,JPN,-0.07663089602615036
SSP126,Direct,IFE,1,KAZ,0.02852885993677079
SSP126,Direct,IFE,1,KEN,-0.1141277139553839
SSP126,Direct,IFE,1,KGZ,0.11014734737061826
SSP126,Direct,IFE,1,KHM,-0.20799448707310242
SSP126,Direct,IFE,1,KOR,-0.058626418807969816
SSP126,Direct,IFE,1,KWT,-0.21831247605275683
SSP126,Direct,IFE,1,LAO,-0.20021564897491273
SSP126,Direct,IFE,1,LBN,-0.10103136191292383
SSP126,Direct,IFE,1,LBR,-0.15781899478396344
SSP126,Direct,IFE,1,LBY,-0.13997266402343855
SSP126,Direct,IFE,1,LKA,-0.1938853811475425
SSP126,Direct,IFE,1,LSO,-0.053543184849382586
SSP126,Direct,IFE,1,LTU,0.03287521145921546
SSP126,Direct,IFE,1,LVA,0.046428767154664374
SSP126,Direct,IFE,1,MAR,-0.1350184855340385
SSP126,Direct,IFE,1,MDA,-0.03133155818608446
SSP126,Direct,IFE,1,MDG,-0.11615011334758973
SSP126,Direct,IFE,1,MEX,-0.10636443657281824
SSP126,Direct,IFE,1,MLI,-0.24506938827062152
SSP126,Direct,IFE,1,MMR,-0.20031035972897215
SSP126,Direct,IFE,1,MNE,-0.028139366189802173
SSP126,Direct,IFE,1,MNG,0.15954064686465075
SSP126,Direct,IFE,1,MOZ,-0.14692532805604785
SSP126,Direct,IFE,1,MRT,-0.22180389945700618
SSP126,Direct,IFE,1,MWI,-0.12781050866087607
SSP126,Direct,IFE,1,MYS,-0.1614427705769419
SSP126,Direct,IFE,1,NAM,-0.17187952811585627
SSP126,Direct,IFE,1,NER,-0.23616829006886997
SSP126,Direct,IFE,1,NGA,-0.19162870686546585
SSP126,Direct,IFE,1,NIC,-0.1873074652636818
SSP126,Direct,IFE,1,NLD,-0.009208546052759004
SSP126,Direct,IFE,1,NOR,0.08657974181463945
SSP126,Direct,IFE,1,NPL,-0.09451487246157653
SSP126,Direct,IFE,1,NZL,-0.04292174643315616
SSP126,Direct,IFE,1,OMN,-0.22498654244146377
SSP126,Direct,IFE,1,PAK,-0.17958736277259835
SSP126,Direct,IFE,1,PAN,-0.17548060295142176
SSP126,Direct,IFE,1,PER,-0.12481859138542983
SSP126,Direct,IFE,1,PHL,-0.13783210593765982
SSP126,Direct,IFE,1,PNG,-0.18960910144832288
SSP126,Direct,IFE,1,POL,0.00659894559914842
SSP126,Direct,IFE,1,PRT,-0.08300103574366469
SSP126,Direct,IFE,1,PRY,-0.18763544396624765
SSP126,Direct,IFE,1,ROU,-0.020124812978341455
SSP126,Direct,IFE,1,RUS,0.08934341120117129
SSP126,Direct,IFE,1,RWA,-0.11824155244885881
SSP126,Direct,IFE,1,SAU,-0.2110730395470014
SSP126,Direct,IFE,1,SDN,-0.24462719976100922
SSP126,Direct,IFE,1,SEN,-0.2105443878185037
SSP126,Direct,IFE,1,SLB,-0.17573954866143127
SSP126,Direct,IFE,1,SLE,-0.17166650794417582
SSP126,Direct,IFE,1,SRB,-0.027677637114505438
SSP126,Direct,IFE,1,SUR,-0.2330336417716904
SSP126,Direct,IFE,1,SVK,-0.0026669626457614948
SSP126,Direct,IFE,1,SWE,0.04621399746245958
SSP126,Direct,IFE,1,SWZ,-0.08144258201629884
SSP126,Direct,IFE,1,TCD,-0.22636323742971165
SSP126,Direct,IFE,1,TGO,-0.18399119375037454
SSP126,Direct,IFE,1,THA,-0.21916265254884837
SSP126,Direct,IFE,1,TJK,0.08601587696281743
SSP126,Direct,IFE,1,TKM,-0.12248494641161711
SSP126,Direct,IFE,1,TUN,-0.13214228235048364
SSP126,Direct,IFE,1,TUR,-0.053873856435755485
SSP126,Direct,IFE,1,TZA,-0.1373111822272114
SSP126,Direct,IFE,1,UGA,-0.13841877087317
SSP126,Direct,IFE,1,UKR,-0.01419727874876553
SSP126,Direct,IFE,1,URY,-0.0663911551707006
SSP126,Direct,IFE,1,USA,-0.06439142021725186
SSP126,Direct,IFE,1,UZB,-0.052654191710907905
SSP126,Direct,IFE,1,VNM,-0.19985098593924688
SSP126,Direct,IFE,1,VUT,-0.12768153797502668
SSP126,Direct,IFE,1,YEM,-0.2052143251579127
SSP126,Direct,IFE,1,ZAF,-0.10579716019781327
SSP126,Direct,IFE,1,ZMB,-0.14535415725483303
SSP126,Direct,IFE,1,ZWE,-0.1338072821406432
SSP126,Direct,AFE,2,AFG,0.046684203404658176
SSP126,Direct,AFE,2,AGO,-0.10537909076792695
SSP126,Direct,AFE,2,ALB,-0.011655061429927005
SSP126,Direct,AFE,2,ARE,-0.16397309321913955
SSP126,Direct,AFE,2,ARG,-0.023989133391654094
SSP126,Direct,AFE,2,ARM,0.08072958177055911
SSP126,Direct,AFE,2,AUS,-0.03723696624357242
SSP126,Direct,AFE,2,AUT,0.06319867912192367
SSP126,Direct,AFE,2,AZE,0.01062952768060832
SSP126,Direct,AFE,2,BDI,-0.0898837111847699
SSP126,Direct,AFE,2,BEL,0.034836362315882274
SSP126,Direct,AFE,2,BEN,-0.13400337635817883
SSP126,Direct,AFE,2,BFA,-0.16688155728933296
SSP126,Direct,AFE,2,BGD,-0.19635027707258257
SSP126,Direct,AFE,2,BGR,0.0126899749612428
SSP126,Direct,AFE,2,BHS,-0.10630123683145576
SSP126,Direct,AFE,2,BIH,0.024776885086342793
SSP126,Direct,AFE,2,BLR,0.09716922844535358
SSP126,Direct,AFE,2,BLZ,-0.10613335478398356
SSP126,Direct,AFE,2,BOL,-0.04581143905034446
SSP126,Direct,AFE,2,BRA,-0.10528732662388163
SSP126,Direct,AFE,2,BTN,0.034213348534946064
SSP126,Direct,AFE,2,BWA,-0.11187265251110434
SSP126,Direct,AFE,2,CAF,-0.1299105076367032
SSP126,Direct,AFE,2,CAN,0.13980574862577289
SSP126,Direct,AFE,2,CHE,0.0909460826521824
SSP126,Direct,AFE,2,CHL,0.01875554296216242
SSP126,Direct,AFE,2,CHN,0.002142530984101665
SSP126,Direct,AFE,2,CIV,-0.12330918674506686
SSP126,Direct,AFE,2,CMR,-0.1294486446679346
SSP126,Direct,AFE,2,COD,-0.12358634149546055
SSP126,Direct,AFE,2,COG,-0.12481146307802149
SSP126,Direct,AFE,2,COL,-0.11560263139397153
SSP126,Direct,AFE,2,CPV,-0.08538830670449749
SSP126,Direct,AFE,2,CRI,-0.11316027716919141
SSP126,Direct,AFE,2,CUB,-0.11654884494012896
SSP126,Direct,AFE,2,CZE,0.06955197737377583
SSP126,Direct,AFE,2,DEU,0.060058939144627566
SSP126,Direct,AFE,2,DNK,0.05976762764226318
SSP126,Direct,AFE,2,DOM,-0.1150882219384427
SSP126,Direct,AFE,2,DZA,-0.059082478430128926
SSP126,Direct,AFE,2,ECU,-0.09961598024486529
SSP126,Direct,AFE,2,EGY,-0.09357498671021003
SSP126,Direct,AFE,2,ESP,-0.01788502211715981
SSP126,Direct,AFE,2,EST,0.13986407441468152
SSP126,Direct,AFE,2,ETH,-0.08024599137404131
SSP126,Direct,AFE,2,FIN,0.20819269989668499
SSP126,Direct,AFE,2,FJI,-0.058891930648686364
SSP126,Direct,AFE,2,FRA,0.025239677978445396
SSP126,Direct,AFE,2,GAB,-0.10929295657480231
SSP126,Direct,AFE,2,GBR,0.0362431103407681
SSP126,Direct,AFE,2,GEO,0.04631232845658961
SSP126,Direct,AFE,2,GHA,-0.1272126716879456
SSP126,Direct,AFE,2,GIN,-0.13602686462352354
SSP126,Direct,AFE,2,GNB,-0.1485521387485783
SSP126,Direct,AFE,2,GNQ,-0.065852450813774
SSP126,Direct,AFE,2,GRC,-0.036434685004218426
SSP126,Direct,AFE,2,GTM,-0.0945903204229036
SSP126,Direct,AFE,2,GUY,-0.13015759014517136
SSP126,Direct,AFE,2,HND,-0.10488591210273734
SSP126,Direct,AFE,2,HRV,0.013355863012997515
SSP126,Direct,AFE,2,HTI,-0.1242236611955424
SSP126,Direct,AFE,2,HUN,0.028035826839566846
SSP126,Direct,AFE,2,IDN,-0.11295199285944657
SSP126,Direct,AFE,2,IND,-0.1700162327366378
SSP126,Direct,AFE,2,IRL,0.028078108269937063
SSP126,Direct,AFE,2,IRN,-0.034202059613984925
SSP126,Direct,AFE,2,IRQ,-0.11481972048772848
SSP126,Direct,AFE,2,ISL,0.17678017150855907
SSP126,Direct,AFE,2,ISR,-0.019373962434676817
SSP126,Direct,AFE,2,ITA,-0.008384095636254307
SSP126,Direct,AFE,2,JOR,-0.07156952111731107
SSP126,Direct,AFE,2,JPN,-0.026476853496560926
SSP126,Direct,AFE,2,KAZ,0.1136613310831931
SSP126,Direct,AFE,2,KEN,-0.07477033946442302
SSP126,Direct,AFE,2,KGZ,0.1809232463195729
SSP126,Direct,AFE,2,KHM,-0.15302637220994697
SSP126,Direct,AFE,2,KOR,0.006755336455925853
SSP126,Direct,AFE,2,KWT,-0.15801747057608928
SSP126,Direct,AFE,2,LAO,-0.13774587997706111
SSP126,Direct,AFE,2,LBN,-0.05574103967732258
SSP126,Direct,AFE,2,LBR,-0.10891773128109405
SSP126,Direct,AFE,2,LBY,-0.08359413577349073
SSP126,Direct,AFE,2,LKA,-0.1537940047698677
SSP126,Direct,AFE,2,LSO,0.006147619774046653
SSP126,Direct,AFE,2,LTU,0.09670132331566239
SSP126,Direct,AFE,2,LVA,0.11166835221609217
SSP126,Direct,AFE,2,MAR,-0.06941330119288858
SSP126,Direct,AFE,2,MDA,0.030286277277426388
SSP126,Direct,AFE,2,MDG,-0.07378181354302171
SSP126,Direct,AFE,2,MEX,-0.05420098009983232
SSP126,Direct,AFE,2,MLI,-0.18294443696639195
SSP126,Direct,AFE,2,MMR,-0.1395743266509678
SSP126,Direct,AFE,2,MNE,0.03232796940945537
SSP126,Direct,AFE,2,MNG,0.2276135586771737
SSP126,Direct,AFE,2,MOZ,-0.09763067438557338
SSP126,Direct,AFE,2,MRT,-0.16327369215854992
SSP126,Direct,AFE,2,MWI,-0.08154943912267587
SSP126,Direct,AFE,2,MYS,-0.1157082847803157
SSP126,Direct,AFE,2,NAM,-0.10898990363864602
SSP126,Direct,AFE,2,NER,-0.1752960154479618
SSP126,Direct,AFE,2,NGA,-0.13564363446702055
SSP126,Direct,AFE,2,NIC,-0.12955969151996816
SSP126,Direct,AFE,2,NLD,0.02804357106810529
SSP126,Direct,AFE,2,NOR,0.14586550218781236
SSP126,Direct,AFE,2,NPL,-0.03107791925576553
SSP126,Direct,AFE,2,NZL,-0.0019317856089898777
SSP126,Direct,AFE,2,OMN,-0.16628916416438888
SSP126,Direct,AFE,2,PAK,-0.10838546698118656
SSP126,Direct,AFE,2,PAN,-0.1266852410899295
SSP126,Direct,AFE,2,PER,-0.07424910774668414
SSP126,Direct,AFE,2,PHL,-0.10026004970383529
SSP126,Direct,AFE,2,PNG,-0.17902595561492218
SSP126,Direct,AFE,2,POL,0.06846156843456241
SSP126,Direct,AFE,2,PRT,-0.023142843071911945
SSP126,Direct,AFE,2,PRY,-0.12368314799803604
SSP126,Direct,AFE,2,ROU,0.04138030942873616
SSP126,Direct,AFE,2,RUS,0.16801306104558522
SSP126,Direct,AFE,2,RWA,-0.07476108768643286
SSP126,Direct,AFE,2,SAU,-0.15173043407422926
SSP126,Direct,AFE,2,SDN,-0.1838168467597452
SSP126,Direct,AFE,2,SEN,-0.15278462490489197
SSP126,Direct,AFE,2,SLB,-0.15041457549591508
SSP126,Direct,AFE,2,SLE,-0.12247644348503706
SSP126,Direct,AFE,2,SRB,0.025302862990081554
SSP126,Direct,AFE,2,SUR,-0.16658546336378466
SSP126,Direct,AFE,2,SVK,0.05886550533529178
SSP126,Direct,AFE,2,SWE,0.11282837105137045
SSP126,Direct,AFE,2,SWZ,-0.04308440672822078
SSP126,Direct,AFE,2,TCD,-0.16700886839115348
SSP126,Direct,AFE,2,TGO,-0.13257038517870523
SSP126,Direct,AFE,2,THA,-0.15712768111985032
SSP126,Direct,AFE,2,TJK,0.14431419756771713
SSP126,Direct,AFE,2,TKM,-0.049624673820910736
SSP126,Direct,AFE,2,TUN,-0.07106493091652089
SSP126,Direct,AFE,2,TUR,0.0063882010198712535
SSP126,Direct,AFE,2,TZA,-0.09300761188011797
SSP126,Direct,AFE,2,UGA,-0.0958824351043921
SSP126,Direct,AFE,2,UKR,0.05136607866891718
SSP126,Direct,AFE,2,URY,-0.02977571989584271
SSP126,Direct,AFE,2,USA,-0.003386256334351412
SSP126,Direct,AFE,2,UZB,0.02113521372831806
SSP126,Direct,AFE,2,VNM,-0.14245554157585316
SSP126,Direct,AFE,2,VUT,-0.10809431765136812
SSP126,Direct,AFE,2,YEM,-0.14314107646953944
SSP126,Direct,AFE,2,ZAF,-0.049008032005537716
SSP126,Direct,AFE,2,ZMB,-0.09016926408700843
SSP126,Direct,AFE,2,ZWE,-0.08016821914891104
SSP126,Direct,IFE,2,AFG,-0.017200062934605964
SSP126,Direct,IFE,2,AGO,-0.18475812084193743
SSP126,Direct,IFE,2,ALB,-0.0850240209128178
SSP126,Direct,IFE,2,ARE,-0.24958329480371633
SSP126,Direct,IFE,2,ARG,-0.07957741267375784
SSP126,Direct,IFE,2,ARM,0.01745039496912204
SSP126,Direct,IFE,2,AUS,-0.08774252620805256
SSP126,Direct,IFE,2,AUT,0.009777094825251131
SSP126,Direct,IFE,2,AZE,-0.06134700315826591
SSP126,Direct,IFE,2,BDI,-0.15647079322599045
SSP126,Direct,IFE,2,BEL,-0.019339036168869117
SSP126,Direct,IFE,2,BEN,-0.20867680007227996
SSP126,Direct,IFE,2,BFA,-0.2519068802090084
SSP126,Direct,IFE,2,BGD,-0.318369445885308
SSP126,Direct,IFE,2,BGR,-0.05425225764743502
SSP126,Direct,IFE,2,BHS,-0.17770144031741752
SSP126,Direct,IFE,2,BIH,-0.031665392579470875
SSP126,Direct,IFE,2,BLR,0.043262944964252315
SSP126,Direct,IFE,2,BLZ,-0.17171773318005146
SSP126,Direct,IFE,2,BOL,-0.12405316173668601
SSP126,Direct,IFE,2,BRA,-0.184285629359056
SSP126,Direct,IFE,2,BTN,-0.011500709498334483
SSP126,Direct,IFE,2,BWA,-0.18646564775952768
SSP126,Direct,IFE,2,CAF,-0.21371171406311518
SSP126,Direct,IFE,2,CAN,0.0766381511073484
SSP126,Direct,IFE,2,CHE,0.04352805520573866
SSP126,Direct,IFE,2,CHL,-0.027778502642563097
SSP126,Direct,IFE,2,CHN,-0.09935396805934615
SSP126,Direct,IFE,2,CIV,-0.2001949167900241
SSP126,Direct,IFE,2,CMR,-0.19675931050999873
SSP126,Direct,IFE,2,COD,-0.20887245567765977
SSP126,Direct,IFE,2,COG,-0.2040246087685208
SSP126,Direct,IFE,2,COL,-0.1944756449874896
SSP126,Direct,IFE,2,CPV,-0.14535424811608355
SSP126,Direct,IFE,2,CRI,-0.19033332497193522
SSP126,Direct,IFE,2,CUB,-0.19147418656469828
SSP126,Direct,IFE,2,CZE,0.015222350219871617
SSP126,Direct,IFE,2,DEU,0.008580178806796512
SSP126,Direct,IFE,2,DNK,0.010383438022781855
SSP126,Direct,IFE,2,DOM,-0.17800644185787895
SSP126,Direct,IFE,2,DZA,-0.13167224074806516
SSP126,Direct,IFE,2,ECU,-0.1522728753221949
SSP126,Direct,IFE,2,EGY,-0.16957089896223776
SSP126,Direct,IFE,2,ESP,-0.08654268966261058
SSP126,Direct,IFE,2,EST,0.0871967328550074
SSP126,Direct,IFE,2,ETH,-0.1564187038591085
SSP126,Direct,IFE,2,FIN,0.16576784119497123
SSP126,Direct,IFE,2,FJI,-0.09913430229320241
SSP126,Direct,IFE,2,FRA,-0.03336584104311657
SSP126,Direct,IFE,2,GAB,-0.18770092887672496
SSP126,Direct,IFE,2,GBR,-0.005840859758044381
SSP126,Direct,IFE,2,GEO,-8.188407473985748e-4
SSP126,Direct,IFE,2,GHA,-0.20272987325852532
SSP126,Direct,IFE,2,GIN,-0.2212350072684347
SSP126,Direct,IFE,2,GNB,-0.22448864692130988
SSP126,Direct,IFE,2,GNQ,-0.1246808964880951
SSP126,Direct,IFE,2,GRC,-0.10972184378674321
SSP126,Direct,IFE,2,GTM,-0.16872993732302988
SSP126,Direct,IFE,2,GUY,-0.20384138995039724
SSP126,Direct,IFE,2,HND,-0.1740940045431576
SSP126,Direct,IFE,2,HRV,-0.05780502661945175
SSP126,Direct,IFE,2,HTI,-0.1950812572722821
SSP126,Direct,IFE,2,HUN,-0.037677454150459644
SSP126,Direct,IFE,2,IDN,-0.18126409505561214
SSP126,Direct,IFE,2,IND,-0.2847052265612674
SSP126,Direct,IFE,2,IRL,-0.007169089192370692
SSP126,Direct,IFE,2,IRN,-0.11207107549283801
SSP126,Direct,IFE,2,IRQ,-0.2009644313518537
SSP126,Direct,IFE,2,ISL,0.1503798263182048
SSP126,Direct,IFE,2,ISR,-0.04092870777029867
SSP126,Direct,IFE,2,ITA,-0.07754334824455644
SSP126,Direct,IFE,2,JOR,-0.1473461388225047
SSP126,Direct,IFE,2,JPN,-0.08641001839375073
SSP126,Direct,IFE,2,KAZ,0.043845225479789196
SSP126,Direct,IFE,2,KEN,-0.14381248896638543
SSP126,Direct,IFE,2,KGZ,0.14070231753972418
SSP126,Direct,IFE,2,KHM,-0.2383465226095669
SSP126,Direct,IFE,2,KOR,-0.07074966964325435
SSP126,Direct,IFE,2,KWT,-0.2440728225794906
SSP126,Direct,IFE,2,LAO,-0.23490332675280035
SSP126,Direct,IFE,2,LBN,-0.11205948199439997
SSP126,Direct,IFE,2,LBR,-0.17956618157601756
SSP126,Direct,IFE,2,LBY,-0.15471652887419585
SSP126,Direct,IFE,2,LKA,-0.2393747998612511
SSP126,Direct,IFE,2,LSO,-0.05565412025373895
SSP126,Direct,IFE,2,LTU,0.04167652139903821
SSP126,Direct,IFE,2,LVA,0.05932676673286341
SSP126,Direct,IFE,2,MAR,-0.14569004438681055
SSP126,Direct,IFE,2,MDA,-0.03377998481345068
SSP126,Direct,IFE,2,MDG,-0.13516382966908613
SSP126,Direct,IFE,2,MEX,-0.11435349010387819
SSP126,Direct,IFE,2,MLI,-0.27368985036473104
SSP126,Direct,IFE,2,MMR,-0.23295474984472686
SSP126,Direct,IFE,2,MNE,-0.033449161700538244
SSP126,Direct,IFE,2,MNG,0.19969022831336325
SSP126,Direct,IFE,2,MOZ,-0.1668792641100697
SSP126,Direct,IFE,2,MRT,-0.25177585260890956
SSP126,Direct,IFE,2,MWI,-0.14747849825194093
SSP126,Direct,IFE,2,MYS,-0.1827653556135619
SSP126,Direct,IFE,2,NAM,-0.18632269385337652
SSP126,Direct,IFE,2,NER,-0.26352145502456337
SSP126,Direct,IFE,2,NGA,-0.21766102009097676
SSP126,Direct,IFE,2,NIC,-0.2065154659894184
SSP126,Direct,IFE,2,NLD,-0.004612464475349354
SSP126,Direct,IFE,2,NOR,0.11253357199911518
SSP126,Direct,IFE,2,NPL,-0.11832385459440187
SSP126,Direct,IFE,2,NZL,-0.047628100666483264
SSP126,Direct,IFE,2,OMN,-0.25537868769472194
SSP126,Direct,IFE,2,PAK,-0.2026347428041868
SSP126,Direct,IFE,2,PAN,-0.2005672029090848
SSP126,Direct,IFE,2,PER,-0.1389954997299353
SSP126,Direct,IFE,2,PHL,-0.1575607869659683
SSP126,Direct,IFE,2,PNG,-0.18589323948292769
SSP126,Direct,IFE,2,POL,0.012357233112523458
SSP126,Direct,IFE,2,PRT,-0.08732735986764106
SSP126,Direct,IFE,2,PRY,-0.21434931456116313
SSP126,Direct,IFE,2,ROU,-0.020784826966217307
SSP126,Direct,IFE,2,RUS,0.11236125608264635
SSP126,Direct,IFE,2,RWA,-0.13876552076980564
SSP126,Direct,IFE,2,SAU,-0.2394584193585917
SSP126,Direct,IFE,2,SDN,-0.2784749778516932
SSP126,Direct,IFE,2,SEN,-0.237813304214741
SSP126,Direct,IFE,2,SLB,-0.1895362984753476
SSP126,Direct,IFE,2,SLE,-0.19631169881794552
SSP126,Direct,IFE,2,SRB,-0.026125830345255063
SSP126,Direct,IFE,2,SUR,-0.2492950795752914
SSP126,Direct,IFE,2,SVK,0.002746591166834733
SSP126,Direct,IFE,2,SWE,0.0649184739937434
SSP126,Direct,IFE,2,SWZ,-0.10050653992834946
SSP126,Direct,IFE,2,TCD,-0.25590109706194464
SSP126,Direct,IFE,2,TGO,-0.21084970044026963
SSP126,Direct,IFE,2,THA,-0.2511153813697119
SSP126,Direct,IFE,2,TJK,0.10734552754297688
SSP126,Direct,IFE,2,TKM,-0.13418464683753017
SSP126,Direct,IFE,2,TUN,-0.14509654790075988
SSP126,Direct,IFE,2,TUR,-0.06045836283722861
SSP126,Direct,IFE,2,TZA,-0.16885521262866954
SSP126,Direct,IFE,2,UGA,-0.16891067600827736
SSP126,Direct,IFE,2,UKR,-0.010769140839972158
SSP126,Direct,IFE,2,URY,-0.07966561293546826
SSP126,Direct,IFE,2,USA,-0.07186040414944861
SSP126,Direct,IFE,2,UZB,-0.05472641561243974
SSP126,Direct,IFE,2,VNM,-0.2333814772358378
SSP126,Direct,IFE,2,VUT,-0.15988353081304862
SSP126,Direct,IFE,2,YEM,-0.23417822072618277
SSP126,Direct,IFE,2,ZAF,-0.11175352761835144
SSP126,Direct,IFE,2,ZMB,-0.16442001747029122
SSP126,Direct,IFE,2,ZWE,-0.14899571855610938
SSP126,Direct,AFE,3,AFG,-0.023312789469554285
SSP126,Direct,AFE,3,AGO,-0.13585584548926288
SSP126,Direct,AFE,3,ALB,-0.06866706441969261
SSP126,Direct,AFE,3,ARE,-0.1852544468477303
SSP126,Direct,AFE,3,ARG,-0.057016870784316165
SSP126,Direct,AFE,3,ARM,0.013911320043906272
SSP126,Direct,AFE,3,AUS,-0.08035426860272099
SSP126,Direct,AFE,3,AUT,-0.001947641024307778
SSP126,Direct,AFE,3,AZE,-0.04884481472785751
SSP126,Direct,AFE,3,BDI,-0.11977575860264689
SSP126,Direct,AFE,3,BEL,-0.02184926921779362
SSP126,Direct,AFE,3,BEN,-0.16310540513807426
SSP126,Direct,AFE,3,BFA,-0.19184370078092505
SSP126,Direct,AFE,3,BGD,-0.23010850801043714
SSP126,Direct,AFE,3,BGR,-0.03683236347582752
SSP126,Direct,AFE,3,BHS,-0.11922166551435187
SSP126,Direct,AFE,3,BIH,-0.030082172606525792
SSP126,Direct,AFE,3,BLR,0.023628805756621407
SSP126,Direct,AFE,3,BLZ,-0.13253600065473226
SSP126,Direct,AFE,3,BOL,-0.09944178889033373
SSP126,Direct,AFE,3,BRA,-0.13598344322238087
SSP126,Direct,AFE,3,BTN,-0.023323172607602638
SSP126,Direct,AFE,3,BWA,-0.15443273346899145
SSP126,Direct,AFE,3,CAF,-0.159384615717853
SSP126,Direct,AFE,3,CAN,0.039873151975205134
SSP126,Direct,AFE,3,CHE,0.017786554391491904
SSP126,Direct,AFE,3,CHL,-0.018545924213922316
SSP126,Direct,AFE,3,CHN,-0.06553792911676071
SSP126,Direct,AFE,3,CIV,-0.15014243984893605
SSP126,Direct,AFE,3,CMR,-0.14842184625603716
SSP126,Direct,AFE,3,COD,-0.15700457270555768
SSP126,Direct,AFE,3,COG,-0.15099508294486275
SSP126,Direct,AFE,3,COL,-0.1464027532699459
SSP126,Direct,AFE,3,CPV,-0.10890772949976946
SSP126,Direct,AFE,3,CRI,-0.1503727471002848
SSP126,Direct,AFE,3,CUB,-0.1356617567166435
SSP126,Direct,AFE,3,CZE,0.002497819371579668
SSP126,Direct,AFE,3,DEU,-0.0022604449309194807
SSP126,Direct,AFE,3,DNK,-9.47634814430498e-4
SSP126,Direct,AFE,3,DOM,-0.14120300118874884
SSP126,Direct,AFE,3,DZA,-0.11015736788674513
SSP126,Direct,AFE,3,ECU,-0.12891348331744112
SSP126,Direct,AFE,3,EGY,-0.12638922614116987
SSP126,Direct,AFE,3,ESP,-0.0731164130842975
SSP126,Direct,AFE,3,EST,0.04923860992717555
SSP126,Direct,AFE,3,ETH,-0.10199948764060751
SSP126,Direct,AFE,3,FIN,0.09487354642856172
SSP126,Direct,AFE,3,FJI,-0.07750634262568612
SSP126,Direct,AFE,3,FRA,-0.0355636576561883
SSP126,Direct,AFE,3,GAB,-0.138454337209581
SSP126,Direct,AFE,3,GBR,-0.010433968237369196
SSP126,Direct,AFE,3,GEO,-0.003589185183733856
SSP126,Direct,AFE,3,GHA,-0.1495317608510448
SSP126,Direct,AFE,3,GIN,-0.1660754867980867
SSP126,Direct,AFE,3,GNB,-0.17645941142775123
SSP126,Direct,AFE,3,GNQ,-0.09052911268585695
SSP126,Direct,AFE,3,GRC,-0.08357383046981615
SSP126,Direct,AFE,3,GTM,-0.13175450303422742
SSP126,Direct,AFE,3,GUY,-0.15960177052835056
SSP126,Direct,AFE,3,HND,-0.1383497026064754
SSP126,Direct,AFE,3,HRV,-0.05026765970131042
SSP126,Direct,AFE,3,HTI,-0.14857795535466456
SSP126,Direct,AFE,3,HUN,-0.034161074457979335
SSP126,Direct,AFE,3,IDN,-0.13366169094583713
SSP126,Direct,AFE,3,IND,-0.2004009955760746
SSP126,Direct,AFE,3,IRL,-0.00800592154606905
SSP126,Direct,AFE,3,IRN,-0.08310135658929108
SSP126,Direct,AFE,3,IRQ,-0.15306691618446466
SSP126,Direct,AFE,3,ISL,0.0832413183951608
SSP126,Direct,AFE,3,ISR,-0.031443181434332224
SSP126,Direct,AFE,3,ITA,-0.06556794377185193
SSP126,Direct,AFE,3,JOR,-0.11334020274270751
SSP126,Direct,AFE,3,JPN,-0.06691634565747084
SSP126,Direct,AFE,3,KAZ,0.01671933415664073
SSP126,Direct,AFE,3,KEN,-0.09169657075421667
SSP126,Direct,AFE,3,KGZ,0.08266658910816416
SSP126,Direct,AFE,3,KHM,-0.17653222300805937
SSP126,Direct,AFE,3,KOR,-0.0503946525977409
SSP126,Direct,AFE,3,KWT,-0.18632075329913322
SSP126,Direct,AFE,3,LAO,-0.1686588484659406
SSP126,Direct,AFE,3,LBN,-0.08650947263621112
SSP126,Direct,AFE,3,LBR,-0.1332590276045501
SSP126,Direct,AFE,3,LBY,-0.12015399779465608
SSP126,Direct,AFE,3,LKA,-0.15945594602868385
SSP126,Direct,AFE,3,LSO,-0.0486295770559636
SSP126,Direct,AFE,3,LTU,0.0232316681890814
SSP126,Direct,AFE,3,LVA,0.03356551721829093
SSP126,Direct,AFE,3,MAR,-0.11758384554281032
SSP126,Direct,AFE,3,MDA,-0.02873163394554279
SSP126,Direct,AFE,3,MDG,-0.09756658209566527
SSP126,Direct,AFE,3,MEX,-0.09201333255629396
SSP126,Direct,AFE,3,MLI,-0.2092867900380655
SSP126,Direct,AFE,3,MMR,-0.16922779224443674
SSP126,Direct,AFE,3,MNE,-0.025261313822406595
SSP126,Direct,AFE,3,MNG,0.12233365218367442
SSP126,Direct,AFE,3,MOZ,-0.12413393450554733
SSP126,Direct,AFE,3,MRT,-0.18771056658400453
SSP126,Direct,AFE,3,MWI,-0.10735376372690508
SSP126,Direct,AFE,3,MYS,-0.1371746885476134
SSP126,Direct,AFE,3,NAM,-0.14889972269133778
SSP126,Direct,AFE,3,NER,-0.20177803841541453
SSP126,Direct,AFE,3,NGA,-0.16196341501214673
SSP126,Direct,AFE,3,NIC,-0.16027442829770855
SSP126,Direct,AFE,3,NLD,-0.010993204240433152
SSP126,Direct,AFE,3,NOR,0.0639321159940407
SSP126,Direct,AFE,3,NPL,-0.07828952567304259
SSP126,Direct,AFE,3,NZL,-0.03761280340466089
SSP126,Direct,AFE,3,OMN,-0.19041751520220784
SSP126,Direct,AFE,3,PAK,-0.15284693828361184
SSP126,Direct,AFE,3,PAN,-0.14826374730029046
SSP126,Direct,AFE,3,PER,-0.11031911860032273
SSP126,Direct,AFE,3,PHL,-0.11651171895689683
SSP126,Direct,AFE,3,PNG,-0.18124892422147498
SSP126,Direct,AFE,3,POL,0.0014763353096927112
SSP126,Direct,AFE,3,PRT,-0.07345628950745542
SSP126,Direct,AFE,3,PRY,-0.1586586447377687
SSP126,Direct,AFE,3,ROU,-0.019601112683820254
SSP126,Direct,AFE,3,RUS,0.06699729877959615
SSP126,Direct,AFE,3,RWA,-0.10004449586703079
SSP126,Direct,AFE,3,SAU,-0.17868230421091524
SSP126,Direct,AFE,3,SDN,-0.20684356624197486
SSP126,Direct,AFE,3,SEN,-0.17860823262764725
SSP126,Direct,AFE,3,SLB,-0.15691222814864225
SSP126,Direct,AFE,3,SLE,-0.1451456772754096
SSP126,Direct,AFE,3,SRB,-0.026661459387199993
SSP126,Direct,AFE,3,SUR,-0.20279849584016274
SSP126,Direct,AFE,3,SVK,-0.006464664273947429
SSP126,Direct,AFE,3,SWE,0.031433189371468995
SSP126,Direct,AFE,3,SWZ,-0.06662813134898038
SSP126,Direct,AFE,3,TCD,-0.19195391681950924
SSP126,Direct,AFE,3,TGO,-0.15490737306222402
SSP126,Direct,AFE,3,THA,-0.18540960795634065
SSP126,Direct,AFE,3,TJK,0.0652526063177643
SSP126,Direct,AFE,3,TKM,-0.106219812758517
SSP126,Direct,AFE,3,TUN,-0.11399286825409849
SSP126,Direct,AFE,3,TUR,-0.04706422242757036
SSP126,Direct,AFE,3,TZA,-0.11212656847861568
SSP126,Direct,AFE,3,UGA,-0.11403558660883661
SSP126,Direct,AFE,3,UKR,-0.015937704065166813
SSP126,Direct,AFE,3,URY,-0.05505002709957674
SSP126,Direct,AFE,3,USA,-0.05626703682766532
SSP126,Direct,AFE,3,UZB,-0.04798509229760883
SSP126,Direct,AFE,3,VNM,-0.1682089352674343
SSP126,Direct,AFE,3,VUT,-0.10611308145700482
SSP126,Direct,AFE,3,YEM,-0.17327933894201708
SSP126,Direct,AFE,3,ZAF,-0.09276280272481963
SSP126,Direct,AFE,3,ZMB,-0.12334506781405041
SSP126,Direct,AFE,3,ZWE,-0.1142960407024991
SSP126,Direct,IFE,3,AFG,0.16889092120111093
SSP126,Direct,IFE,3,AGO,-0.07889487955763497
SSP126,Direct,IFE,3,ALB,0.07468946537242793
SSP126,Direct,IFE,3,ARE,-0.16975355683043836
SSP126,Direct,IFE,3,ARG,0.02494378149171017
SSP126,Direct,IFE,3,ARM,0.219877816714394
SSP126,Direct,IFE,3,AUS,0.008335195086060176
SSP126,Direct,IFE,3,AUT,0.18749552559128824
SSP126,Direct,IFE,3,AZE,0.108342695221195
SSP126,Direct,IFE,3,BDI,-0.038335573138851387
SSP126,Direct,IFE,3,BEL,0.13460857133269521
SSP126,Direct,IFE,3,BEN,-0.13654677379329383
SSP126,Direct,IFE,3,BFA,-0.1721009450269423
SSP126,Direct,IFE,3,BGD,-0.17074735285683684
SSP126,Direct,IFE,3,BGR,0.1003968317277435
SSP126,Direct,IFE,3,BHS,-0.09229470190446976
SSP126,Direct,IFE,3,BIH,0.11867065683051292
SSP126,Direct,IFE,3,BLR,0.247607961640135
SSP126,Direct,IFE,3,BLZ,-0.09835790017390411
SSP126,Direct,IFE,3,BOL,0.023086038058418357
SSP126,Direct,IFE,3,BRA,-0.07977263676711832
SSP126,Direct,IFE,3,BTN,0.17009075806053264
SSP126,Direct,IFE,3,BWA,-0.08692530952632993
SSP126,Direct,IFE,3,CAF,-0.1160244803101087
SSP126,Direct,IFE,3,CAN,0.3551337520135589
SSP126,Direct,IFE,3,CHE,0.2408834580642638
SSP126,Direct,IFE,3,CHL,0.0882993791122646
SSP126,Direct,IFE,3,CHN,0.14096916061293796
SSP126,Direct,IFE,3,CIV,-0.11770063843398026
SSP126,Direct,IFE,3,CMR,-0.09917512254894645
SSP126,Direct,IFE,3,COD,-0.1053017685451677
SSP126,Direct,IFE,3,COG,-0.10463176653852946
SSP126,Direct,IFE,3,COL,-0.09066019377333945
SSP126,Direct,IFE,3,CPV,-0.07176020347535372
SSP126,Direct,IFE,3,CRI,-0.11948692648800019
SSP126,Direct,IFE,3,CUB,-0.10844337971532125
SSP126,Direct,IFE,3,CZE,0.19883910941399607
SSP126,Direct,IFE,3,DEU,0.1780378450308382
SSP126,Direct,IFE,3,DNK,0.17328748093108448
SSP126,Direct,IFE,3,DOM,-0.11364278943666117
SSP126,Direct,IFE,3,DZA,-0.0011255111348107416
SSP126,Direct,IFE,3,ECU,-0.056446701270963406
SSP126,Direct,IFE,3,EGY,-0.06716234965051582
SSP126,Direct,IFE,3,ESP,0.06017717390796862
SSP126,Direct,IFE,3,EST,0.3310365042805383
SSP126,Direct,IFE,3,ETH,-0.04227114171219548
SSP126,Direct,IFE,3,FIN,0.45929293466844756
SSP126,Direct,IFE,3,FJI,-0.0606719163564341
SSP126,Direct,IFE,3,FRA,0.12504966749820956
SSP126,Direct,IFE,3,GAB,-0.10209540163949948
SSP126,Direct,IFE,3,GBR,0.11995457043148594
SSP126,Direct,IFE,3,GEO,0.14249710258071513
SSP126,Direct,IFE,3,GHA,-0.12334249218665327
SSP126,Direct,IFE,3,GIN,-0.12670083660020515
SSP126,Direct,IFE,3,GNB,-0.15075726039788495
SSP126,Direct,IFE,3,GNQ,-0.06601988437205886
SSP126,Direct,IFE,3,GRC,0.027660346204454456
SSP126,Direct,IFE,3,GTM,-0.07851058966888325
SSP126,Direct,IFE,3,GUY,-0.12958125538762244
SSP126,Direct,IFE,3,HND,-0.0968879415102154
SSP126,Direct,IFE,3,HRV,0.11732892680636064
SSP126,Direct,IFE,3,HTI,-0.12195166217347875
SSP126,Direct,IFE,3,HUN,0.13449296305259928
SSP126,Direct,IFE,3,IDN,-0.10827647212586189
SSP126,Direct,IFE,3,IND,-0.14804368906644338
SSP126,Direct,IFE,3,IRL,0.09701485209015281
SSP126,Direct,IFE,3,IRN,0.03411964064285078
SSP126,Direct,IFE,3,IRQ,-0.08586455660876069
SSP126,Direct,IFE,3,ISL,0.378009836864607
SSP126,Direct,IFE,3,ISR,-0.007011175482353416
SSP126,Direct,IFE,3,ITA,0.07668574216146395
SSP126,Direct,IFE,3,JOR,-0.027133165846349394
SSP126,Direct,IFE,3,JPN,0.047747892396768465
SSP126,Direct,IFE,3,KAZ,0.3039347408791029
SSP126,Direct,IFE,3,KEN,-0.048410223391889384
SSP126,Direct,IFE,3,KGZ,0.3966031558704577
SSP126,Direct,IFE,3,KHM,-0.1333280238335881
SSP126,Direct,IFE,3,KOR,0.1196367105172631
SSP126,Direct,IFE,3,KWT,-0.1541177565735642
SSP126,Direct,IFE,3,LAO,-0.09127307315747879
SSP126,Direct,IFE,3,LBN,-0.02490729469867836
SSP126,Direct,IFE,3,LBR,-0.09750133484771073
SSP126,Direct,IFE,3,LBY,-0.05088887669758724
SSP126,Direct,IFE,3,LKA,-0.12481728489165045
SSP126,Direct,IFE,3,LSO,0.09640789223364554
SSP126,Direct,IFE,3,LTU,0.2478124504691126
SSP126,Direct,IFE,3,LVA,0.2742338103052926
SSP126,Direct,IFE,3,MAR,-0.016790484374054504
SSP126,Direct,IFE,3,MDA,0.1333599464424231
SSP126,Direct,IFE,3,MDG,-0.04523875248828413
SSP126,Direct,IFE,3,MEX,-0.02191825968507899
SSP126,Direct,IFE,3,MLI,-0.1892836251022224
SSP126,Direct,IFE,3,MMR,-0.10062770778670771
SSP126,Direct,IFE,3,MNE,0.14240353898945335
SSP126,Direct,IFE,3,MNG,0.4696477298241104
SSP126,Direct,IFE,3,MOZ,-0.08157368383331465
SSP126,Direct,IFE,3,MRT,-0.16447870773719953
SSP126,Direct,IFE,3,MWI,-0.05814151670309464
SSP126,Direct,IFE,3,MYS,-0.10317972351550331
SSP126,Direct,IFE,3,NAM,-0.08169445174761658
SSP126,Direct,IFE,3,NER,-0.1789983667606715
SSP126,Direct,IFE,3,NGA,-0.12899138989692815
SSP126,Direct,IFE,3,NIC,-0.12546938556055265
SSP126,Direct,IFE,3,NLD,0.09361972959250386
SSP126,Direct,IFE,3,NOR,0.32457058488749735
SSP126,Direct,IFE,3,NPL,0.06701806730828186
SSP126,Direct,IFE,3,NZL,0.055986165026770784
SSP126,Direct,IFE,3,OMN,-0.16850028289881613
SSP126,Direct,IFE,3,PAK,-0.06714723327284622
SSP126,Direct,IFE,3,PAN,-0.11658033725385619
SSP126,Direct,IFE,3,PER,0.008436618639674487
SSP126,Direct,IFE,3,PHL,-0.09042303602878876
SSP126,Direct,IFE,3,PNG,-0.10069937298326537
SSP126,Direct,IFE,3,POL,0.1972461542080377
SSP126,Direct,IFE,3,PRT,0.04474640742677871
SSP126,Direct,IFE,3,PRY,-0.09624763820516058
SSP126,Direct,IFE,3,ROU,0.15258993018539502
SSP126,Direct,IFE,3,RUS,0.38876650605434504
SSP126,Direct,IFE,3,RWA,-0.02848941774711833
SSP126,Direct,IFE,3,SAU,-0.14682628274899479
SSP126,Direct,IFE,3,SDN,-0.1906695506178384
SSP126,Direct,IFE,3,SEN,-0.150558194523854
SSP126,Direct,IFE,3,SLB,-0.11784208480852032
SSP126,Direct,IFE,3,SLE,-0.1083586322364487
SSP126,Direct,IFE,3,SRB,0.1123000341693603
SSP126,Direct,IFE,3,SUR,-0.16913134413373054
SSP126,Direct,IFE,3,SVK,0.18049459963406567
SSP126,Direct,IFE,3,SWE,0.27524750681137533
SSP126,Direct,IFE,3,SWZ,-0.00407441340177872
SSP126,Direct,IFE,3,TCD,-0.16969758091734255
SSP126,Direct,IFE,3,TGO,-0.12678663731317885
SSP126,Direct,IFE,3,THA,-0.1401263098755826
SSP126,Direct,IFE,3,TJK,0.31686643866830355
SSP126,Direct,IFE,3,TKM,0.023606918794623732
SSP126,Direct,IFE,3,TUN,-0.025791666191505414
SSP126,Direct,IFE,3,TUR,0.09476744543021076
SSP126,Direct,IFE,3,TZA,-0.06359125519353237
SSP126,Direct,IFE,3,UGA,-0.062454816863834695
SSP126,Direct,IFE,3,UKR,0.17306037426607146
SSP126,Direct,IFE,3,URY,0.008017415074997425
SSP126,Direct,IFE,3,USA,0.08400972794436035
SSP126,Direct,IFE,3,UZB,0.13590250951795224
SSP126,Direct,IFE,3,VNM,-0.11166549809187531
SSP126,Direct,IFE,3,VUT,-0.07032937319942578
SSP126,Direct,IFE,3,YEM,-0.130628059969491
SSP126,Direct,IFE,3,ZAF,-0.002753997439415734
SSP126,Direct,IFE,3,ZMB,-0.0612565818127192
SSP126,Direct,IFE,3,ZWE,-0.05138525927882431
SSP126,Direct,AFE,4,AFG,-0.030880021982204187
SSP126,Direct,AFE,4,AGO,-0.10898972533451134
SSP126,Direct,AFE,4,ALB,-0.0628096791620607
SSP126,Direct,AFE,4,ARE,-0.14694676373762083
SSP126,Direct,AFE,4,ARG,-0.04831911101887232
SSP126,Direct,AFE,4,ARM,7.979847397454609e-4
SSP126,Direct,AFE,4,AUS,-0.07211783758432722
SSP126,Direct,AFE,4,AUT,-0.013033033507626968
SSP126,Direct,AFE,4,AZE,-0.04748303453162572
SSP126,Direct,AFE,4,BDI,-0.09469187970694604
SSP126,Direct,AFE,4,BEL,-0.02687134475526254
SSP126,Direct,AFE,4,BEN,-0.13377222829397584
SSP126,Direct,AFE,4,BFA,-0.1540321809085844
SSP126,Direct,AFE,4,BGD,-0.1814656950371537
SSP126,Direct,AFE,4,BGR,-0.03509198678905445
SSP126,Direct,AFE,4,BHS,-0.08966360485979841
SSP126,Direct,AFE,4,BIH,-0.03276617848766472
SSP126,Direct,AFE,4,BLR,0.005368220920378697
SSP126,Direct,AFE,4,BLZ,-0.10797995853141795
SSP126,Direct,AFE,4,BOL,-0.08665999468291852
SSP126,Direct,AFE,4,BRA,-0.10931775604422855
SSP126,Direct,AFE,4,BTN,-0.02586995533272518
SSP126,Direct,AFE,4,BWA,-0.13016035160216877
SSP126,Direct,AFE,4,CAF,-0.12810960584850672
SSP126,Direct,AFE,4,CAN,0.012811984874821158
SSP126,Direct,AFE,4,CHE,3.608906302290382e-4
SSP126,Direct,AFE,4,CHL,-0.019264764923399014
SSP126,Direct,AFE,4,CHN,-0.057290457552470975
SSP126,Direct,AFE,4,CIV,-0.12114956761917284
SSP126,Direct,AFE,4,CMR,-0.11440237739436754
SSP126,Direct,AFE,4,COD,-0.12738452231160635
SSP126,Direct,AFE,4,COG,-0.11966261014627466
SSP126,Direct,AFE,4,COL,-0.11773781499354297
SSP126,Direct,AFE,4,CPV,-0.08787824044030812
SSP126,Direct,AFE,4,CRI,-0.12753439352219054
SSP126,Direct,AFE,4,CUB,-0.10591191165998193
SSP126,Direct,AFE,4,CZE,-0.009900822773703966
SSP126,Direct,AFE,4,DEU,-0.01279558009768278
SSP126,Direct,AFE,4,DNK,-0.011694044834630213
SSP126,Direct,AFE,4,DOM,-0.11573734869823549
SSP126,Direct,AFE,4,DZA,-0.09566566713986668
SSP126,Direct,AFE,4,ECU,-0.10407050843750609
SSP126,Direct,AFE,4,EGY,-0.10292390494753112
SSP126,Direct,AFE,4,ESP,-0.06679613473925528
SSP126,Direct,AFE,4,EST,0.020966789859104384
SSP126,Direct,AFE,4,ETH,-0.07715721538390163
SSP126,Direct,AFE,4,FIN,0.05001274158133384
SSP126,Direct,AFE,4,FJI,-0.06472320286823097
SSP126,Direct,AFE,4,FRA,-0.038918674807504994
SSP126,Direct,AFE,4,GAB,-0.11261996259864382
SSP126,Direct,AFE,4,GBR,-0.016311328759411103
SSP126,Direct,AFE,4,GEO,-0.010758268881520983
SSP126,Direct,AFE,4,GHA,-0.11886926784601726
SSP126,Direct,AFE,4,GIN,-0.13405238526600216
SSP126,Direct,AFE,4,GNB,-0.1437349880343285
SSP126,Direct,AFE,4,GNQ,-0.07558533981718996
SSP126,Direct,AFE,4,GRC,-0.07219008648366343
SSP126,Direct,AFE,4,GTM,-0.11054683789387554
SSP126,Direct,AFE,4,GUY,-0.1308889844224168
SSP126,Direct,AFE,4,HND,-0.11548634040240524
SSP126,Direct,AFE,4,HRV,-0.04995971265098431
SSP126,Direct,AFE,4,HTI,-0.11977707713801455
SSP126,Direct,AFE,4,HUN,-0.0370933386181298
SSP126,Direct,AFE,4,IDN,-0.10619406912577489
SSP126,Direct,AFE,4,IND,-0.15699199623719318
SSP126,Direct,AFE,4,IRL,-0.01179661844632085
SSP126,Direct,AFE,4,IRN,-0.07171677429376766
SSP126,Direct,AFE,4,IRQ,-0.12533892493605225
SSP126,Direct,AFE,4,ISL,0.04399086154532039
SSP126,Direct,AFE,4,ISR,-0.02623264898948141
SSP126,Direct,AFE,4,ITA,-0.061028417468259266
SSP126,Direct,AFE,4,JOR,-0.09490540065642272
SSP126,Direct,AFE,4,JPN,-0.056450789292816994
SSP126,Direct,AFE,4,KAZ,-0.00516405322124136
SSP126,Direct,AFE,4,KEN,-0.06879843061525048
SSP126,Direct,AFE,4,KGZ,0.04401086925412834
SSP126,Direct,AFE,4,KHM,-0.13815787993885964
SSP126,Direct,AFE,4,KOR,-0.04560697362940935
SSP126,Direct,AFE,4,KWT,-0.15006300891978153
SSP126,Direct,AFE,4,LAO,-0.13117271708568345
SSP126,Direct,AFE,4,LBN,-0.07217661175907741
SSP126,Direct,AFE,4,LBR,-0.10658415778054431
SSP126,Direct,AFE,4,LBY,-0.0996287538348839
SSP126,Direct,AFE,4,LKA,-0.11468102378639033
SSP126,Direct,AFE,4,LSO,-0.04695911104152106
SSP126,Direct,AFE,4,LTU,0.005268183964147077
SSP126,Direct,AFE,4,LVA,0.011909793864612661
SSP126,Direct,AFE,4,MAR,-0.10034287534155606
SSP126,Direct,AFE,4,MDA,-0.03193110423197976
SSP126,Direct,AFE,4,MDG,-0.07728615262706884
SSP126,Direct,AFE,4,MEX,-0.07920262582716486
SSP126,Direct,AFE,4,MLI,-0.16824812903267994
SSP126,Direct,AFE,4,MMR,-0.13224914575110058
SSP126,Direct,AFE,4,MNE,-0.0277503960192117
SSP126,Direct,AFE,4,MNG,0.07207989951692251
SSP126,Direct,AFE,4,MOZ,-0.10003107960493063
SSP126,Direct,AFE,4,MRT,-0.14957503546352036
SSP126,Direct,AFE,4,MWI,-0.08599938889204994
SSP126,Direct,AFE,4,MYS,-0.10863614033033464
SSP126,Direct,AFE,4,NAM,-0.12394143798653268
SSP126,Direct,AFE,4,NER,-0.16224008938792378
SSP126,Direct,AFE,4,NGA,-0.1296636668645833
SSP126,Direct,AFE,4,NIC,-0.13126056885100645
SSP126,Direct,AFE,4,NLD,-0.01604651933962631
SSP126,Direct,AFE,4,NOR,0.033030319074459635
SSP126,Direct,AFE,4,NPL,-0.0631959802941614
SSP126,Direct,AFE,4,NZL,-0.034563391017147005
SSP126,Direct,AFE,4,OMN,-0.15167762140171803
SSP126,Direct,AFE,4,PAK,-0.12587489041654165
SSP126,Direct,AFE,4,PAN,-0.11701502903725791
SSP126,Direct,AFE,4,PER,-0.08715519090274626
SSP126,Direct,AFE,4,PHL,-0.0911541790313547
SSP126,Direct,AFE,4,PNG,-0.1340099057107903
SSP126,Direct,AFE,4,POL,-0.010527190355586913
SSP126,Direct,AFE,4,PRT,-0.0662919940166451
SSP126,Direct,AFE,4,PRY,-0.12789254464031286
SSP126,Direct,AFE,4,ROU,-0.025159471155057123
SSP126,Direct,AFE,4,RUS,0.032813820455594556
SSP126,Direct,AFE,4,RWA,-0.07777492264722552
SSP126,Direct,AFE,4,SAU,-0.1429512427521108
SSP126,Direct,AFE,4,SDN,-0.16426231909989863
SSP126,Direct,AFE,4,SEN,-0.14293194023452038
SSP126,Direct,AFE,4,SLB,-0.11803845124667489
SSP126,Direct,AFE,4,SLE,-0.11460156373736541
SSP126,Direct,AFE,4,SRB,-0.029986330535890615
SSP126,Direct,AFE,4,SUR,-0.16823080660007317
SSP126,Direct,AFE,4,SVK,-0.016581105820687725
SSP126,Direct,AFE,4,SWE,0.008384637392912841
SSP126,Direct,AFE,4,SWZ,-0.05223819999903845
SSP126,Direct,AFE,4,TCD,-0.15337159021327784
SSP126,Direct,AFE,4,TGO,-0.1226610626765049
SSP126,Direct,AFE,4,THA,-0.1469050247846161
SSP126,Direct,AFE,4,TJK,0.03505953736029177
SSP126,Direct,AFE,4,TKM,-0.09226902923531655
SSP126,Direct,AFE,4,TUN,-0.09606688373645522
SSP126,Direct,AFE,4,TUR,-0.044792635539425585
SSP126,Direct,AFE,4,TZA,-0.08483135883272797
SSP126,Direct,AFE,4,UGA,-0.08575658362670158
SSP126,Direct,AFE,4,UKR,-0.02418193479766806
SSP126,Direct,AFE,4,URY,-0.044960778519529954
SSP126,Direct,AFE,4,USA,-0.051639230413492276
SSP126,Direct,AFE,4,UZB,-0.04915010282962784
SSP126,Direct,AFE,4,VNM,-0.1307105606132153
SSP126,Direct,AFE,4,VUT,-0.07167999536091463
SSP126,Direct,AFE,4,YEM,-0.1388665646989986
SSP126,Direct,AFE,4,ZAF,-0.0807997523057028
SSP126,Direct,AFE,4,ZMB,-0.10060547068252879
SSP126,Direct,AFE,4,ZWE,-0.09448229845603084
SSP126,Direct,IFE,4,AFG,0.18667184889955157
SSP126,Direct,IFE,4,AGO,-0.09922235130872459
SSP126,Direct,IFE,4,ALB,0.07602906908470475
SSP126,Direct,IFE,4,ARE,-0.2038364887580335
SSP126,Direct,IFE,4,ARG,0.02355679597010396
SSP126,Direct,IFE,4,ARM,0.254119155925175
SSP126,Direct,IFE,4,AUS,-0.0032073456171957115
SSP126,Direct,IFE,4,AUT,0.21194962244031523
SSP126,Direct,IFE,4,AZE,0.11677171721911517
SSP126,Direct,IFE,4,BDI,-0.04875021053966666
SSP126,Direct,IFE,4,BEL,0.14907026333574103
SSP126,Direct,IFE,4,BEN,-0.17016909138996372
SSP126,Direct,IFE,4,BFA,-0.20846321228449038
SSP126,Direct,IFE,4,BGD,-0.20384785189381605
SSP126,Direct,IFE,4,BGR,0.11144557991703907
SSP126,Direct,IFE,4,BHS,-0.1077912426484009
SSP126,Direct,IFE,4,BIH,0.13016849149627574
SSP126,Direct,IFE,4,BLR,0.28466985492484276
SSP126,Direct,IFE,4,BLZ,-0.12367607001470804
SSP126,Direct,IFE,4,BOL,0.014052874906816726
SSP126,Direct,IFE,4,BRA,-0.10054559062817037
SSP126,Direct,IFE,4,BTN,0.1961604894135094
SSP126,Direct,IFE,4,BWA,-0.11611574343140552
SSP126,Direct,IFE,4,CAF,-0.14344422091194153
SSP126,Direct,IFE,4,CAN,0.41116611117491964
SSP126,Direct,IFE,4,CHE,0.2757311373961604
SSP126,Direct,IFE,4,CHL,0.09957788945114299
SSP126,Direct,IFE,4,CHN,0.160196797384363
SSP126,Direct,IFE,4,CIV,-0.14573615064248735
SSP126,Direct,IFE,4,CMR,-0.11726802853338425
SSP126,Direct,IFE,4,COD,-0.13235777785870528
SSP126,Direct,IFE,4,COG,-0.12791187663653736
SSP126,Direct,IFE,4,COL,-0.11348791606654773
SSP126,Direct,IFE,4,CPV,-0.09058976031806876
SSP126,Direct,IFE,4,CRI,-0.1549153223605425
SSP126,Direct,IFE,4,CUB,-0.13058708402935826
SSP126,Direct,IFE,4,CZE,0.22551379653698
SSP126,Direct,IFE,4,DEU,0.2010478688402808
SSP126,Direct,IFE,4,DNK,0.19540369623944231
SSP126,Direct,IFE,4,DOM,-0.1424835162802075
SSP126,Direct,IFE,4,DZA,-0.015415264710161303
SSP126,Direct,IFE,4,ECU,-0.07241981376183737
SSP126,Direct,IFE,4,EGY,-0.08705279316844927
SSP126,Direct,IFE,4,ESP,0.05797131818728207
SSP126,Direct,IFE,4,EST,0.38301132906914126
SSP126,Direct,IFE,4,ETH,-0.04970757273715498
SSP126,Direct,IFE,4,FIN,0.5368460223477791
SSP126,Direct,IFE,4,FJI,-0.0787754534923526
SSP126,Direct,IFE,4,FRA,0.13522541775892027
SSP126,Direct,IFE,4,GAB,-0.128408668992804
SSP126,Direct,IFE,4,GBR,0.1339646988276595
SSP126,Direct,IFE,4,GEO,0.16181292134078995
SSP126,Direct,IFE,4,GHA,-0.15024282303662095
SSP126,Direct,IFE,4,GIN,-0.15667419654873016
SSP126,Direct,IFE,4,GNB,-0.18584361089969625
SSP126,Direct,IFE,4,GNQ,-0.0864242042166421
SSP126,Direct,IFE,4,GRC,0.022314115063664763
SSP126,Direct,IFE,4,GTM,-0.10438986653371196
SSP126,Direct,IFE,4,GUY,-0.16194747796703313
SSP126,Direct,IFE,4,HND,-0.12543156390388643
SSP126,Direct,IFE,4,HRV,0.12585547091444016
SSP126,Direct,IFE,4,HTI,-0.15037484451102157
SSP126,Direct,IFE,4,HUN,0.14752781629172995
SSP126,Direct,IFE,4,IDN,-0.13236235001261487
SSP126,Direct,IFE,4,IND,-0.1769927774217439
SSP126,Direct,IFE,4,IRL,0.10969519575041886
SSP126,Direct,IFE,4,IRN,0.030057947629927195
SSP126,Direct,IFE,4,IRQ,-0.1107878116154033
SSP126,Direct,IFE,4,ISL,0.4390008470184621
SSP126,Direct,IFE,4,ISR,-0.0112300887260538
SSP126,Direct,IFE,4,ITA,0.07773296669603735
SSP126,Direct,IFE,4,JOR,-0.04238442072397419
SSP126,Direct,IFE,4,JPN,0.05054905247880925
SSP126,Direct,IFE,4,KAZ,0.34610337030799143
SSP126,Direct,IFE,4,KEN,-0.05665897946458687
SSP126,Direct,IFE,4,KGZ,0.4628048507763973
SSP126,Direct,IFE,4,KHM,-0.15938758439604495
SSP126,Direct,IFE,4,KOR,0.13468125915650653
SSP126,Direct,IFE,4,KWT,-0.18817956325814256
SSP126,Direct,IFE,4,LAO,-0.10944287998346403
SSP126,Direct,IFE,4,LBN,-0.037165437230185505
SSP126,Direct,IFE,4,LBR,-0.120575438017267
SSP126,Direct,IFE,4,LBY,-0.06959009088931234
SSP126,Direct,IFE,4,LKA,-0.1382436626051271
SSP126,Direct,IFE,4,LSO,0.10312880718149486
SSP126,Direct,IFE,4,LTU,0.28517848457017037
SSP126,Direct,IFE,4,LVA,0.3163512927352359
SSP126,Direct,IFE,4,MAR,-0.0326971856771483
SSP126,Direct,IFE,4,MDA,0.14757164805515544
SSP126,Direct,IFE,4,MDG,-0.05718794059669274
SSP126,Direct,IFE,4,MEX,-0.037050366192719286
SSP126,Direct,IFE,4,MLI,-0.22854839991471443
SSP126,Direct,IFE,4,MMR,-0.12114523771117347
SSP126,Direct,IFE,4,MNE,0.16067493666388977
SSP126,Direct,IFE,4,MNG,0.553525543360706
SSP126,Direct,IFE,4,MOZ,-0.10256587554827701
SSP126,Direct,IFE,4,MRT,-0.1985317704360976
SSP126,Direct,IFE,4,MWI,-0.07386472179517412
SSP126,Direct,IFE,4,MYS,-0.12584954873680598
SSP126,Direct,IFE,4,NAM,-0.1079123251156352
SSP126,Direct,IFE,4,NER,-0.21670167539644025
SSP126,Direct,IFE,4,NGA,-0.15798108511543196
SSP126,Direct,IFE,4,NIC,-0.15708162080102095
SSP126,Direct,IFE,4,NLD,0.10306691028086146
SSP126,Direct,IFE,4,NOR,0.37714873621216105
SSP126,Direct,IFE,4,NPL,0.0759298271737876
SSP126,Direct,IFE,4,NZL,0.059665272561622906
SSP126,Direct,IFE,4,OMN,-0.2030837595078333
SSP126,Direct,IFE,4,PAK,-0.08988019209663423
SSP126,Direct,IFE,4,PAN,-0.14125723943359358
SSP126,Direct,IFE,4,PER,0.007589915695978888
SSP126,Direct,IFE,4,PHL,-0.10935326106986709
SSP126,Direct,IFE,4,PNG,-0.10821700222598685
SSP126,Direct,IFE,4,POL,0.22371459250806036
SSP126,Direct,IFE,4,PRT,0.04054777988478331
SSP126,Direct,IFE,4,PRY,-0.1208752344525934
SSP126,Direct,IFE,4,ROU,0.17079159989749226
SSP126,Direct,IFE,4,RUS,0.4531224417710862
SSP126,Direct,IFE,4,RWA,-0.03538379016612536
SSP126,Direct,IFE,4,SAU,-0.17871585066497586
SSP126,Direct,IFE,4,SDN,-0.22809108413603585
SSP126,Direct,IFE,4,SEN,-0.18305259823198305
SSP126,Direct,IFE,4,SLB,-0.1345915738222384
SSP126,Direct,IFE,4,SLE,-0.13169652195919979
SSP126,Direct,IFE,4,SRB,0.12274533813861654
SSP126,Direct,IFE,4,SUR,-0.21088610602611324
SSP126,Direct,IFE,4,SVK,0.20311174854693892
SSP126,Direct,IFE,4,SWE,0.3148593657898211
SSP126,Direct,IFE,4,SWZ,-0.006950775560409017
SSP126,Direct,IFE,4,TCD,-0.20498133641951055
SSP126,Direct,IFE,4,TGO,-0.1537381975672839
SSP126,Direct,IFE,4,THA,-0.16942423300495368
SSP126,Direct,IFE,4,TJK,0.36906768513032095
SSP126,Direct,IFE,4,TKM,0.014093687598713434
SSP126,Direct,IFE,4,TUN,-0.04152770020255514
SSP126,Direct,IFE,4,TUR,0.10222505656878011
SSP126,Direct,IFE,4,TZA,-0.07473766978872387
SSP126,Direct,IFE,4,UGA,-0.07254953513931106
SSP126,Direct,IFE,4,UKR,0.19332201645322278
SSP126,Direct,IFE,4,URY,0.005615299153235664
SSP126,Direct,IFE,4,USA,0.08952582521341079
SSP126,Direct,IFE,4,UZB,0.14700333954290512
SSP126,Direct,IFE,4,VNM,-0.13325797148232732
SSP126,Direct,IFE,4,VUT,-0.07199735932850915
SSP126,Direct,IFE,4,YEM,-0.16029990172909614
SSP126,Direct,IFE,4,ZAF,-0.015543929319861594
SSP126,Direct,IFE,4,ZMB,-0.08012156077974009
SSP126,Direct,IFE,4,ZWE,-0.06953651788995074
SSP126,Direct,AFE,5,AFG,-0.10147653855124072
SSP126,Direct,AFE,5,AGO,-0.07097390274900595
SSP126,Direct,AFE,5,ALB,-0.0943052607860464
SSP126,Direct,AFE,5,ARE,-0.0656598541874297
SSP126,Direct,AFE,5,ARG,-0.05691305734690533
SSP126,Direct,AFE,5,ARM,-0.08551710641764021
SSP126,Direct,AFE,5,AUS,-0.08111649181598835
SSP126,Direct,AFE,5,AUT,-0.09109560815749018
SSP126,Direct,AFE,5,AZE,-0.09166160126061118
SSP126,Direct,AFE,5,BDI,-0.07793506370837167
SSP126,Direct,AFE,5,BEL,-0.08412366146863115
SSP126,Direct,AFE,5,BEN,-0.07344524186163204
SSP126,Direct,AFE,5,BFA,-0.07456087810632739
SSP126,Direct,AFE,5,BGD,-0.09644114664269421
SSP126,Direct,AFE,5,BGR,-0.07402530225702353
SSP126,Direct,AFE,5,BHS,-0.0392752029414879
SSP126,Direct,AFE,5,BIH,-0.08330166436357589
SSP126,Direct,AFE,5,BLR,-0.09461189560284256
SSP126,Direct,AFE,5,BLZ,-0.06415421084083373
SSP126,Direct,AFE,5,BOL,-0.09747703413392361
SSP126,Direct,AFE,5,BRA,-0.0711038077093763
SSP126,Direct,AFE,5,BTN,-0.09965377112500395
SSP126,Direct,AFE,5,BWA,-0.09740604825468568
SSP126,Direct,AFE,5,CAF,-0.07362385092125046
SSP126,Direct,AFE,5,CAN,-0.12508399051672148
SSP126,Direct,AFE,5,CHE,-0.09937081904884437
SSP126,Direct,AFE,5,CHL,-0.05506816639524714
SSP126,Direct,AFE,5,CHN,-0.10765663266369851
SSP126,Direct,AFE,5,CIV,-0.06617211167811954
SSP126,Direct,AFE,5,CMR,-0.06914540965174054
SSP126,Direct,AFE,5,COD,-0.07856271916381119
SSP126,Direct,AFE,5,COG,-0.07001014623821511
SSP126,Direct,AFE,5,COL,-0.07600866719298338
SSP126,Direct,AFE,5,CPV,-0.054427483541110266
SSP126,Direct,AFE,5,CRI,-0.07563617050716709
SSP126,Direct,AFE,5,CUB,-0.0510379337091762
SSP126,Direct,AFE,5,CZE,-0.09201311550005753
SSP126,Direct,AFE,5,DEU,-0.08729899822202947
SSP126,Direct,AFE,5,DNK,-0.08459187060480722
SSP126,Direct,AFE,5,DOM,-0.06679884231962752
SSP126,Direct,AFE,5,DZA,-0.0987327490930654
SSP126,Direct,AFE,5,ECU,-0.08548913371931555
SSP126,Direct,AFE,5,EGY,-0.07118955447157971
SSP126,Direct,AFE,5,ESP,-0.09396509420226273
SSP126,Direct,AFE,5,EST,-0.11005057974472898
SSP126,Direct,AFE,5,ETH,-0.04959504126638903
SSP126,Direct,AFE,5,FIN,-0.1266375616902946
SSP126,Direct,AFE,5,FJI,-0.03783964559259423
SSP126,Direct,AFE,5,FRA,-0.09322482684149758
SSP126,Direct,AFE,5,GAB,-0.06374533247779957
SSP126,Direct,AFE,5,GBR,-0.06818324849739699
SSP126,Direct,AFE,5,GEO,-0.07015991439388092
SSP126,Direct,AFE,5,GHA,-0.059804872712476476
SSP126,Direct,AFE,5,GIN,-0.07499760959674384
SSP126,Direct,AFE,5,GNB,-0.07755361230315361
SSP126,Direct,AFE,5,GNQ,-0.043034099237317935
SSP126,Direct,AFE,5,GRC,-0.082941060963025
SSP126,Direct,AFE,5,GTM,-0.07658200585545172
SSP126,Direct,AFE,5,GUY,-0.07397819113891158
SSP126,Direct,AFE,5,HND,-0.07440901052782811
SSP126,Direct,AFE,5,HRV,-0.09914966213442833
SSP126,Direct,AFE,5,HTI,-0.06397873317744396
SSP126,Direct,AFE,5,HUN,-0.09297770650212034
SSP126,Direct,AFE,5,IDN,-0.054401874018653595
SSP126,Direct,AFE,5,IND,-0.08018484717914887
SSP126,Direct,AFE,5,IRL,-0.05361533141065866
SSP126,Direct,AFE,5,IRN,-0.08403299897379468
SSP126,Direct,AFE,5,IRQ,-0.08671037184705777
SSP126,Direct,AFE,5,ISL,-0.10878493524931199
SSP126,Direct,AFE,5,ISR,-0.023076888972525467
SSP126,Direct,AFE,5,ITA,-0.09450911361361247
SSP126,Direct,AFE,5,JOR,-0.08282603188902982
SSP126,Direct,AFE,5,JPN,-0.07658154508802661
SSP126,Direct,AFE,5,KAZ,-0.12484008372987654
SSP126,Direct,AFE,5,KEN,-0.03802535390475126
SSP126,Direct,AFE,5,KGZ,-0.11196398821904052
SSP126,Direct,AFE,5,KHM,-0.07488011612800716
SSP126,Direct,AFE,5,KOR,-0.0918527891030041
SSP126,Direct,AFE,5,KWT,-0.07980462726309301
SSP126,Direct,AFE,5,LAO,-0.08491013708789585
SSP126,Direct,AFE,5,LBN,-0.061266140139232816
SSP126,Direct,AFE,5,LBR,-0.060425626228774454
SSP126,Direct,AFE,5,LBY,-0.07778101441141427
SSP126,Direct,AFE,5,LKA,-0.045254554070879305
SSP126,Direct,AFE,5,LSO,-0.08856117178209422
SSP126,Direct,AFE,5,LTU,-0.09444942019649738
SSP126,Direct,AFE,5,LVA,-0.09827970080817972
SSP126,Direct,AFE,5,MAR,-0.09527928798674734
SSP126,Direct,AFE,5,MDA,-0.08669359276064281
SSP126,Direct,AFE,5,MDG,-0.05425101444839053
SSP126,Direct,AFE,5,MEX,-0.07122202384839549
SSP126,Direct,AFE,5,MLI,-0.08107111993676797
SSP126,Direct,AFE,5,MMR,-0.08273402735577817
SSP126,Direct,AFE,5,MNE,-0.08477104712481764
SSP126,Direct,AFE,5,MNG,-0.11004518960494791
SSP126,Direct,AFE,5,MOZ,-0.06155217763157905
SSP126,Direct,AFE,5,MRT,-0.07150197943261472
SSP126,Direct,AFE,5,MWI,-0.05723475050985405
SSP126,Direct,AFE,5,MYS,-0.060745960206559424
SSP126,Direct,AFE,5,NAM,-0.09075614391737241
SSP126,Direct,AFE,5,NER,-0.08023965265518274
SSP126,Direct,AFE,5,NGA,-0.06869355539383826
SSP126,Direct,AFE,5,NIC,-0.07561608048322455
SSP126,Direct,AFE,5,NLD,-0.05838603339347581
SSP126,Direct,AFE,5,NOR,-0.09903045837674196
SSP126,Direct,AFE,5,NPL,-0.08475927886231593
SSP126,Direct,AFE,5,NZL,-0.05860112400150752
SSP126,Direct,AFE,5,OMN,-0.07167028566956579
SSP126,Direct,AFE,5,PAK,-0.09486754788631946
SSP126,Direct,AFE,5,PAN,-0.061533787823317754
SSP126,Direct,AFE,5,PER,-0.09246961746265048
SSP126,Direct,AFE,5,PHL,-0.048256555215390184
SSP126,Direct,AFE,5,PNG,-0.11121295605627357
SSP126,Direct,AFE,5,POL,-0.0915695658168244
SSP126,Direct,AFE,5,PRT,-0.0872761656839155
SSP126,Direct,AFE,5,PRY,-0.0820916217582035
SSP126,Direct,AFE,5,ROU,-0.08766808349662081
SSP126,Direct,AFE,5,RUS,-0.11732227220830138
SSP126,Direct,AFE,5,RWA,-0.06228810696944542
SSP126,Direct,AFE,5,SAU,-0.0737432227559508
SSP126,Direct,AFE,5,SDN,-0.07262704098456907
SSP126,Direct,AFE,5,SEN,-0.07247388138748379
SSP126,Direct,AFE,5,SLB,-0.07187612054283365
SSP126,Direct,AFE,5,SLE,-0.06309124622617712
SSP126,Direct,AFE,5,SRB,-0.07858218750463386
SSP126,Direct,AFE,5,SUR,-0.09800979937554555
SSP126,Direct,AFE,5,SVK,-0.09157173283976083
SSP126,Direct,AFE,5,SWE,-0.10417605280294695
SSP126,Direct,AFE,5,SWZ,-0.04544096991496538
SSP126,Direct,AFE,5,TCD,-0.07343042003620004
SSP126,Direct,AFE,5,TGO,-0.06164542384466687
SSP126,Direct,AFE,5,THA,-0.07995857135653539
SSP126,Direct,AFE,5,TJK,-0.0929664522542325
SSP126,Direct,AFE,5,TKM,-0.10269448161859507
SSP126,Direct,AFE,5,TUN,-0.08571289373855939
SSP126,Direct,AFE,5,TUR,-0.08352347796480308
SSP126,Direct,AFE,5,TZA,-0.04780070862073593
SSP126,Direct,AFE,5,UGA,-0.050318015416867756
SSP126,Direct,AFE,5,UKR,-0.0957034429931044
SSP126,Direct,AFE,5,URY,-0.045503922695718346
SSP126,Direct,AFE,5,USA,-0.08619810714972587
SSP126,Direct,AFE,5,UZB,-0.10519234747961537
SSP126,Direct,AFE,5,VNM,-0.07522216475944543
SSP126,Direct,AFE,5,VUT,-0.03247608357904408
SSP126,Direct,AFE,5,YEM,-0.07663487912591094
SSP126,Direct,AFE,5,ZAF,-0.08232023916296549
SSP126,Direct,AFE,5,ZMB,-0.07200251615163256
SSP126,Direct,AFE,5,ZWE,-0.07159565402075663
SSP126,Direct,IFE,5,AFG,-0.024263941998047378
SSP126,Direct,IFE,5,AGO,-0.15712978954523982
SSP126,Direct,IFE,5,ALB,-0.07841616412344343
SSP126,Direct,IFE,5,ARE,-0.21667161569869176
SSP126,Direct,IFE,5,ARG,-0.06502485498801913
SSP126,Direct,IFE,5,ARM,0.022163445302818108
SSP126,Direct,IFE,5,AUS,-0.09492306405359574
SSP126,Direct,IFE,5,AUT,0.0027231171593866677
SSP126,Direct,IFE,5,AZE,-0.054877515353439765
SSP126,Direct,IFE,5,BDI,-0.12937996524663975
SSP126,Direct,IFE,5,BEL,-0.02220589348257851
SSP126,Direct,IFE,5,BEN,-0.19471537060989308
SSP126,Direct,IFE,5,BFA,-0.2249036772512526
SSP126,Direct,IFE,5,BGD,-0.2624374969850848
SSP126,Direct,IFE,5,BGR,-0.04005436815936758
SSP126,Direct,IFE,5,BHS,-0.13481922538018665
SSP126,Direct,IFE,5,BIH,-0.03221452422578153
SSP126,Direct,IFE,5,BLR,0.03384027347459018
SSP126,Direct,IFE,5,BLZ,-0.15674162732334296
SSP126,Direct,IFE,5,BOL,-0.11544100062537277
SSP126,Direct,IFE,5,BRA,-0.15766215797048455
SSP126,Direct,IFE,5,BTN,-0.010913486120961546
SSP126,Direct,IFE,5,BWA,-0.18208819039695945
SSP126,Direct,IFE,5,CAF,-0.18622277336597892
SSP126,Direct,IFE,5,CAN,0.05664775019855228
SSP126,Direct,IFE,5,CHE,0.028573768537186517
SSP126,Direct,IFE,5,CHL,-0.01839784329012184
SSP126,Direct,IFE,5,CHN,-0.06683373011503113
SSP126,Direct,IFE,5,CIV,-0.17749533588124367
SSP126,Direct,IFE,5,CMR,-0.1615330593905796
SSP126,Direct,IFE,5,COD,-0.18421026341242874
SSP126,Direct,IFE,5,COG,-0.17303563223765983
SSP126,Direct,IFE,5,COL,-0.1687203449109842
SSP126,Direct,IFE,5,CPV,-0.12789144896458582
SSP126,Direct,IFE,5,CRI,-0.18698217290632124
SSP126,Direct,IFE,5,CUB,-0.1576087941887605
SSP126,Direct,IFE,5,CZE,0.007949395076846333
SSP126,Direct,IFE,5,DEU,0.00198198887603529
SSP126,Direct,IFE,5,DNK,0.002948341428218093
SSP126,Direct,IFE,5,DOM,-0.16759512176971025
SSP126,Direct,IFE,5,DZA,-0.12837264142926252
SSP126,Direct,IFE,5,ECU,-0.1397631993476398
SSP126,Direct,IFE,5,EGY,-0.14799082661454144
SSP126,Direct,IFE,5,ESP,-0.0843779914176852
SSP126,Direct,IFE,5,EST,0.06519901503569425
SSP126,Direct,IFE,5,ETH,-0.11300505467826083
SSP126,Direct,IFE,5,FIN,0.12140928779237226
SSP126,Direct,IFE,5,FJI,-0.09605517606508063
SSP126,Direct,IFE,5,FRA,-0.03922107702818467
SSP126,Direct,IFE,5,GAB,-0.16610086720571804
SSP126,Direct,IFE,5,GBR,-0.009121716312422756
SSP126,Direct,IFE,5,GEO,7.500161398898975e-5
SSP126,Direct,IFE,5,GHA,-0.17518692388259638
SSP126,Direct,IFE,5,GIN,-0.19526463450384657
SSP126,Direct,IFE,5,GNB,-0.20802259192327077
SSP126,Direct,IFE,5,GNQ,-0.11434026335348768
SSP126,Direct,IFE,5,GRC,-0.09670595215895939
SSP126,Direct,IFE,5,GTM,-0.15912803796033725
SSP126,Direct,IFE,5,GUY,-0.1899653066118211
SSP126,Direct,IFE,5,HND,-0.16651402605233212
SSP126,Direct,IFE,5,HRV,-0.05625111793427451
SSP126,Direct,IFE,5,HTI,-0.17513605038356628
SSP126,Direct,IFE,5,HUN,-0.03713067267994197
SSP126,Direct,IFE,5,IDN,-0.15668832971777136
SSP126,Direct,IFE,5,IND,-0.2304127986844393
SSP126,Direct,IFE,5,IRL,-0.005484655540666905
SSP126,Direct,IFE,5,IRN,-0.09621571556629427
SSP126,Direct,IFE,5,IRQ,-0.17872599385325094
SSP126,Direct,IFE,5,ISL,0.10609118195899891
SSP126,Direct,IFE,5,ISR,-0.03695743738731727
SSP126,Direct,IFE,5,ITA,-0.07514445146926063
SSP126,Direct,IFE,5,JOR,-0.13229691724552084
SSP126,Direct,IFE,5,JPN,-0.07065790223132051
SSP126,Direct,IFE,5,KAZ,0.025103753370873116
SSP126,Direct,IFE,5,KEN,-0.10319637826453953
SSP126,Direct,IFE,5,KGZ,0.10571564276172873
SSP126,Direct,IFE,5,KHM,-0.19922691584054375
SSP126,Direct,IFE,5,KOR,-0.05093504940755811
SSP126,Direct,IFE,5,KWT,-0.2175326590044402
SSP126,Direct,IFE,5,LAO,-0.18663110181173637
SSP126,Direct,IFE,5,LBN,-0.10131641796814883
SSP126,Direct,IFE,5,LBR,-0.155815778140314
SSP126,Direct,IFE,5,LBY,-0.14041485600082237
SSP126,Direct,IFE,5,LKA,-0.169318623534919
SSP126,Direct,IFE,5,LSO,-0.05352425084919954
SSP126,Direct,IFE,5,LTU,0.03354596898337814
SSP126,Direct,IFE,5,LVA,0.046082630089182786
SSP126,Direct,IFE,5,MAR,-0.137020564242623
SSP126,Direct,IFE,5,MDA,-0.030796911636593594
SSP126,Direct,IFE,5,MDG,-0.11088758979514657
SSP126,Direct,IFE,5,MEX,-0.1104691236617068
SSP126,Direct,IFE,5,MLI,-0.2447364104761418
SSP126,Direct,IFE,5,MMR,-0.18876713676604273
SSP126,Direct,IFE,5,MNE,-0.02425090619152781
SSP126,Direct,IFE,5,MNG,0.15379756464682637
SSP126,Direct,IFE,5,MOZ,-0.1454877872265079
SSP126,Direct,IFE,5,MRT,-0.21936182650853808
SSP126,Direct,IFE,5,MWI,-0.12455942434692135
SSP126,Direct,IFE,5,MYS,-0.15761462985177166
SSP126,Direct,IFE,5,NAM,-0.17461927911507924
SSP126,Direct,IFE,5,NER,-0.23573977640756805
SSP126,Direct,IFE,5,NGA,-0.18981106964986683
SSP126,Direct,IFE,5,NIC,-0.19039377404963265
SSP126,Direct,IFE,5,NLD,-0.011000870149485364
SSP126,Direct,IFE,5,NOR,0.08377117755980912
SSP126,Direct,IFE,5,NPL,-0.08136889140041925
SSP126,Direct,IFE,5,NZL,-0.04156437781107114
SSP126,Direct,IFE,5,OMN,-0.22248274029157922
SSP126,Direct,IFE,5,PAK,-0.17820701627601399
SSP126,Direct,IFE,5,PAN,-0.17099014628827403
SSP126,Direct,IFE,5,PER,-0.11140265347014422
SSP126,Direct,IFE,5,PHL,-0.13331441678350142
SSP126,Direct,IFE,5,PNG,-0.160991731687403
SSP126,Direct,IFE,5,POL,0.006510093484738855
SSP126,Direct,IFE,5,PRT,-0.08522145383702229
SSP126,Direct,IFE,5,PRY,-0.1841116621112724
SSP126,Direct,IFE,5,ROU,-0.01920488229836026
SSP126,Direct,IFE,5,RUS,0.08738123376140416
SSP126,Direct,IFE,5,RWA,-0.10807473559217673
SSP126,Direct,IFE,5,SAU,-0.20884978043966507
SSP126,Direct,IFE,5,SDN,-0.24141544549691862
SSP126,Direct,IFE,5,SEN,-0.2088542658410888
SSP126,Direct,IFE,5,SLB,-0.15939468883669883
SSP126,Direct,IFE,5,SLE,-0.1667817328690877
SSP126,Direct,IFE,5,SRB,-0.028881477440293235
SSP126,Direct,IFE,5,SUR,-0.24009031859718377
SSP126,Direct,IFE,5,SVK,-0.0033577036178358277
SSP126,Direct,IFE,5,SWE,0.04263531774393092
SSP126,Direct,IFE,5,SWZ,-0.07414631809841743
SSP126,Direct,IFE,5,TCD,-0.2245916123693964
SSP126,Direct,IFE,5,TGO,-0.1804396819704307
SSP126,Direct,IFE,5,THA,-0.21286195267049457
SSP126,Direct,IFE,5,TJK,0.08412172669486995
SSP126,Direct,IFE,5,TKM,-0.12329998419451604
SSP126,Direct,IFE,5,TUN,-0.13301414878321538
SSP126,Direct,IFE,5,TUR,-0.05250242294566987
SSP126,Direct,IFE,5,TZA,-0.12534290858398867
SSP126,Direct,IFE,5,UGA,-0.12498207216182933
SSP126,Direct,IFE,5,UKR,-0.015096931509360645
SSP126,Direct,IFE,5,URY,-0.06238990869022154
SSP126,Direct,IFE,5,USA,-0.06237725636789282
SSP126,Direct,IFE,5,UZB,-0.05368605971426588
SSP126,Direct,IFE,5,VNM,-0.18841179924335005
SSP126,Direct,IFE,5,VUT,-0.10187887165045018
SSP126,Direct,IFE,5,YEM,-0.2023962620515838
SSP126,Direct,IFE,5,ZAF,-0.10950384898815113
SSP126,Direct,IFE,5,ZMB,-0.1438690637477258
SSP126,Direct,IFE,5,ZWE,-0.13425661301274538
SSP126,Interactive,AFE,0,AFG,0.054660696631136485
SSP126,Interactive,AFE,0,AGO,-0.18648835603706015
SSP126,Interactive,AFE,0,ALB,-0.06517568190736556
SSP126,Interactive,AFE,0,ARE,-0.4159137352955242
SSP126,Interactive,AFE,0,ARG,-0.06922475240910264
SSP126,Interactive,AFE,0,ARM,0.1297684508163035
SSP126,Interactive,AFE,0,AUS,-0.11381311946003247
SSP126,Interactive,AFE,0,AUT,0.0895379825011886
SSP126,Interactive,AFE,0,AZE,-0.02326822192628686
SSP126,Interactive,AFE,0,BDI,-0.08224421417156047
SSP126,Interactive,AFE,0,BEL,0.037690302673923926
SSP126,Interactive,AFE,0,BEN,-0.2943216925459611
SSP126,Interactive,AFE,0,BFA,-0.3644715713678781
SSP126,Interactive,AFE,0,BGD,-0.32125730585918844
SSP126,Interactive,AFE,0,BGR,-0.012338756948717666
SSP126,Interactive,AFE,0,BHS,-0.15437032419689878
SSP126,Interactive,AFE,0,BIH,0.017453859029004537
SSP126,Interactive,AFE,0,BLR,0.15563220750530737
SSP126,Interactive,AFE,0,BLZ,-0.2369478396080391
SSP126,Interactive,AFE,0,BOL,0.03435978856372657
SSP126,Interactive,AFE,0,BRA,-0.18919152833316277
SSP126,Interactive,AFE,0,BTN,0.17070369776610783
SSP126,Interactive,AFE,0,BWA,-0.2788204860986052
SSP126,Interactive,AFE,0,CAF,-0.23866963951551035
SSP126,Interactive,AFE,0,CAN,0.21953188873349028
SSP126,Interactive,AFE,0,CHE,0.17608382796387456
SSP126,Interactive,AFE,0,CHL,0.008934087839532534
SSP126,Interactive,AFE,0,CHN,-0.035018341184219426
SSP126,Interactive,AFE,0,CIV,-0.24086538974362914
SSP126,Interactive,AFE,0,CMR,-0.2135587044078694
SSP126,Interactive,AFE,0,COD,-0.2262998401126527
SSP126,Interactive,AFE,0,COG,-0.21480342215574044
SSP126,Interactive,AFE,0,COL,-0.19986927184936865
SSP126,Interactive,AFE,0,CPV,-0.24043415275832336
SSP126,Interactive,AFE,0,CRI,-0.2693379313321995
SSP126,Interactive,AFE,0,CUB,-0.21100404628365665
SSP126,Interactive,AFE,0,CZE,0.09843260604800719
SSP126,Interactive,AFE,0,DEU,0.08359776148520881
SSP126,Interactive,AFE,0,DNK,0.08405618087215228
SSP126,Interactive,AFE,0,DOM,-0.27452782721683844
SSP126,Interactive,AFE,0,DZA,-0.18030337146502962
SSP126,Interactive,AFE,0,ECU,-0.11565212486017784
SSP126,Interactive,AFE,0,EGY,-0.2645502648156558
SSP126,Interactive,AFE,0,ESP,-0.0808054095363957
SSP126,Interactive,AFE,0,EST,0.25259981603184367
SSP126,Interactive,AFE,0,ETH,-0.11722201936586496
SSP126,Interactive,AFE,0,FIN,0.413398263729833
SSP126,Interactive,AFE,0,FJI,-0.14245470816560812
SSP126,Interactive,AFE,0,FRA,0.020642439289637382
SSP126,Interactive,AFE,0,GAB,-0.23777913673705342
SSP126,Interactive,AFE,0,GBR,0.04488888563820814
SSP126,Interactive,AFE,0,GEO,0.057444154505727374
SSP126,Interactive,AFE,0,GHA,-0.24053720671709022
SSP126,Interactive,AFE,0,GIN,-0.2588791362963814
SSP126,Interactive,AFE,0,GNB,-0.345424274677828
SSP126,Interactive,AFE,0,GNQ,-0.15700014065602408
SSP126,Interactive,AFE,0,GRC,-0.11813814474046724
SSP126,Interactive,AFE,0,GTM,-0.19692215246870914
SSP126,Interactive,AFE,0,GUY,-0.2878109898210365
SSP126,Interactive,AFE,0,HND,-0.23593838915259535
SSP126,Interactive,AFE,0,HRV,-0.018370931535475754
SSP126,Interactive,AFE,0,HTI,-0.27269514641700243
SSP126,Interactive,AFE,0,HUN,0.013780216071205942
SSP126,Interactive,AFE,0,IDN,-0.2403613277839971
SSP126,Interactive,AFE,0,IND,-0.2966615415437631
SSP126,Interactive,AFE,0,IRL,0.034001298235060595
SSP126,Interactive,AFE,0,IRN,-0.12046894326520241
SSP126,Interactive,AFE,0,IRQ,-0.30836739844414407
SSP126,Interactive,AFE,0,ISL,0.3435486003008681
SSP126,Interactive,AFE,0,ISR,-0.05905129198503212
SSP126,Interactive,AFE,0,ITA,-0.06062369806202672
SSP126,Interactive,AFE,0,JOR,-0.213586349555401
SSP126,Interactive,AFE,0,JPN,0.003405249586871273
SSP126,Interactive,AFE,0,KAZ,0.21263689116228868
SSP126,Interactive,AFE,0,KEN,-0.11423815102025314
SSP126,Interactive,AFE,0,KGZ,0.3664263697562946
SSP126,Interactive,AFE,0,KHM,-0.2686407282179327
SSP126,Interactive,AFE,0,KOR,-0.009950573551779862
SSP126,Interactive,AFE,0,KWT,-0.40640920833847716
SSP126,Interactive,AFE,0,LAO,-0.19113490045898474
SSP126,Interactive,AFE,0,LBN,-0.15430926134491085
SSP126,Interactive,AFE,0,LBR,-0.212726639105008
SSP126,Interactive,AFE,0,LBY,-0.24182976832429792
SSP126,Interactive,AFE,0,LKA,-0.18459901235929244
SSP126,Interactive,AFE,0,LSO,0.0229167072509453
SSP126,Interactive,AFE,0,LTU,0.1530321904191725
SSP126,Interactive,AFE,0,LVA,0.18522487077653382
SSP126,Interactive,AFE,0,MAR,-0.20654954705731998
SSP126,Interactive,AFE,0,MDA,0.02226089436681078
SSP126,Interactive,AFE,0,MDG,-0.11511572518892554
SSP126,Interactive,AFE,0,MEX,-0.10541186414118986
SSP126,Interactive,AFE,0,MLI,-0.4045986240577002
SSP126,Interactive,AFE,0,MMR,-0.20364039165815806
SSP126,Interactive,AFE,0,MNE,0.023422644701710293
SSP126,Interactive,AFE,0,MNG,0.6147155784725509
SSP126,Interactive,AFE,0,MOZ,-0.194419898884568
SSP126,Interactive,AFE,0,MRT,-0.4141305386873029
SSP126,Interactive,AFE,0,MWI,-0.15212657767886062
SSP126,Interactive,AFE,0,MYS,-0.27210797539581044
SSP126,Interactive,AFE,0,NAM,-0.2714922645620036
SSP126,Interactive,AFE,0,NER,-0.4136759401847254
SSP126,Interactive,AFE,0,NGA,-0.25592546800220417
SSP126,Interactive,AFE,0,NIC,-0.2774213105217952
SSP126,Interactive,AFE,0,NLD,0.03598087088201196
SSP126,Interactive,AFE,0,NOR,0.24850037693977245
SSP126,Interactive,AFE,0,NPL,-0.061397825495158376
SSP126,Interactive,AFE,0,NZL,-0.014720372695998574
SSP126,Interactive,AFE,0,OMN,-0.41864851592727714
SSP126,Interactive,AFE,0,PAK,-0.288279131344382
SSP126,Interactive,AFE,0,PAN,-0.24487537427329908
SSP126,Interactive,AFE,0,PER,-0.005598418235976399
SSP126,Interactive,AFE,0,PHL,-0.20705257885102102
SSP126,Interactive,AFE,0,PNG,-0.2850030153033638
SSP126,Interactive,AFE,0,POL,0.0969613761175212
SSP126,Interactive,AFE,0,PRT,-0.07840253380652784
SSP126,Interactive,AFE,0,PRY,-0.2316174209600539
SSP126,Interactive,AFE,0,ROU,0.04262638245754302
SSP126,Interactive,AFE,0,RUS,0.32667671838616297
SSP126,Interactive,AFE,0,RWA,-0.08409776728989238
SSP126,Interactive,AFE,0,SAU,-0.38873876335138957
SSP126,Interactive,AFE,0,SDN,-0.41406095494047956
SSP126,Interactive,AFE,0,SEN,-0.3761961212451481
SSP126,Interactive,AFE,0,SLB,-0.3994130645133057
SSP126,Interactive,AFE,0,SLE,-0.22503558362932807
SSP126,Interactive,AFE,0,SRB,0.016599615224848874
SSP126,Interactive,AFE,0,SUR,-0.3909387807708816
SSP126,Interactive,AFE,0,SVK,0.07845919092589515
SSP126,Interactive,AFE,0,SWE,0.19215421055375104
SSP126,Interactive,AFE,0,SWZ,-0.07664640031052594
SSP126,Interactive,AFE,0,TCD,-0.34843151669911565
SSP126,Interactive,AFE,0,TGO,-0.2436954891810741
SSP126,Interactive,AFE,0,THA,-0.27167091983822567
SSP126,Interactive,AFE,0,TJK,0.2719245872686358
SSP126,Interactive,AFE,0,TKM,-0.16724544726310764
SSP126,Interactive,AFE,0,TUN,-0.2071126919676045
SSP126,Interactive,AFE,0,TUR,-0.027024048496650965
SSP126,Interactive,AFE,0,TZA,-0.1343018199124808
SSP126,Interactive,AFE,0,UGA,-0.1250379150275711
SSP126,Interactive,AFE,0,UKR,0.06346714426466682
SSP126,Interactive,AFE,0,URY,-0.06705997503340122
SSP126,Interactive,AFE,0,USA,-0.02935619419618607
SSP126,Interactive,AFE,0,UZB,-0.005410362770023491
SSP126,Interactive,AFE,0,VNM,-0.21514257988055918
SSP126,Interactive,AFE,0,VUT,-0.10295161067322478
SSP126,Interactive,AFE,0,YEM,-0.3256881584479935
SSP126,Interactive,AFE,0,ZAF,-0.12059944686336821
SSP126,Interactive,AFE,0,ZMB,-0.16934444793792924
SSP126,Interactive,AFE,0,ZWE,-0.1700288590294835
SSP126,Interactive,IFE,0,AFG,0.015218875032765533
SSP126,Interactive,IFE,0,AGO,-0.14733951175908833
SSP126,Interactive,IFE,0,ALB,-0.07568806435497277
SSP126,Interactive,IFE,0,ARE,-0.37270836835042287
SSP126,Interactive,IFE,0,ARG,-0.07139951064611161
SSP126,Interactive,IFE,0,ARM,0.06575310742399254
SSP126,Interactive,IFE,0,AUS,-0.10058787165566951
SSP126,Interactive,IFE,0,AUT,0.03616596020874674
SSP126,Interactive,IFE,0,AZE,-0.04577742935365503
SSP126,Interactive,IFE,0,BDI,-0.060949406121486915
SSP126,Interactive,IFE,0,BEL,0.0027173071694275297
SSP126,Interactive,IFE,0,BEN,-0.24025940997122686
SSP126,Interactive,IFE,0,BFA,-0.3118589621623208
SSP126,Interactive,IFE,0,BGD,-0.2543918652997058
SSP126,Interactive,IFE,0,BGR,-0.03748998450985663
SSP126,Interactive,IFE,0,BHS,-0.11262785301111133
SSP126,Interactive,IFE,0,BIH,-0.011685976236101792
SSP126,Interactive,IFE,0,BLR,0.08534128183011758
SSP126,Interactive,IFE,0,BLZ,-0.19680271149217488
SSP126,Interactive,IFE,0,BOL,0.019107006061474863
SSP126,Interactive,IFE,0,BRA,-0.1496541297564189
SSP126,Interactive,IFE,0,BTN,0.07730196652816135
SSP126,Interactive,IFE,0,BWA,-0.23919745238386003
SSP126,Interactive,IFE,0,CAF,-0.17787691219591417
SSP126,Interactive,IFE,0,CAN,0.111737680187602
SSP126,Interactive,IFE,0,CHE,0.087071128943367
SSP126,Interactive,IFE,0,CHL,-0.014927763251901704
SSP126,Interactive,IFE,0,CHN,-0.07308977106250003
SSP126,Interactive,IFE,0,CIV,-0.1827557371307782
SSP126,Interactive,IFE,0,CMR,-0.14628214702900677
SSP126,Interactive,IFE,0,COD,-0.16658988006775743
SSP126,Interactive,IFE,0,COG,-0.1537354164006035
SSP126,Interactive,IFE,0,COL,-0.13751033941546942
SSP126,Interactive,IFE,0,CPV,-0.21556093984136315
SSP126,Interactive,IFE,0,CRI,-0.2095852144415985
SSP126,Interactive,IFE,0,CUB,-0.16773061211294138
SSP126,Interactive,IFE,0,CZE,0.04347892745417936
SSP126,Interactive,IFE,0,DEU,0.03383297457461221
SSP126,Interactive,IFE,0,DNK,0.03728269618146407
SSP126,Interactive,IFE,0,DOM,-0.23203718682931995
SSP126,Interactive,IFE,0,DZA,-0.16518875638029817
SSP126,Interactive,IFE,0,ECU,-0.06596870756821682
SSP126,Interactive,IFE,0,EGY,-0.2406865694006447
SSP126,Interactive,IFE,0,ESP,-0.08501183652601574
SSP126,Interactive,IFE,0,EST,0.1547705196646889
SSP126,Interactive,IFE,0,ETH,-0.1014115380553885
SSP126,Interactive,IFE,0,FIN,0.26760919472836786
SSP126,Interactive,IFE,0,FJI,-0.10999962099581062
SSP126,Interactive,IFE,0,FRA,-0.009129754013339375
SSP126,Interactive,IFE,0,GAB,-0.1637980194887565
SSP126,Interactive,IFE,0,GBR,0.012551420130565427
SSP126,Interactive,IFE,0,GEO,0.01832264717319365
SSP126,Interactive,IFE,0,GHA,-0.18534157457213785
SSP126,Interactive,IFE,0,GIN,-0.19700802089700287
SSP126,Interactive,IFE,0,GNB,-0.29630643659226097
SSP126,Interactive,IFE,0,GNQ,-0.10750459642828203
SSP126,Interactive,IFE,0,GRC,-0.11613637934777887
SSP126,Interactive,IFE,0,GTM,-0.15070086787249803
SSP126,Interactive,IFE,0,GUY,-0.23653132268025112
SSP126,Interactive,IFE,0,HND,-0.18888783356703243
SSP126,Interactive,IFE,0,HRV,-0.041714634019215824
SSP126,Interactive,IFE,0,HTI,-0.22815866883684133
SSP126,Interactive,IFE,0,HUN,-0.01658056471412206
SSP126,Interactive,IFE,0,IDN,-0.16758436005624255
SSP126,Interactive,IFE,0,IND,-0.24518434023255609
SSP126,Interactive,IFE,0,IRL,0.005333631956497609
SSP126,Interactive,IFE,0,IRN,-0.12179158450610783
SSP126,Interactive,IFE,0,IRQ,-0.27845417874613554
SSP126,Interactive,IFE,0,ISL,0.20608784916476353
SSP126,Interactive,IFE,0,ISR,-0.05366434167380585
SSP126,Interactive,IFE,0,ITA,-0.07060666777056657
SSP126,Interactive,IFE,0,JOR,-0.19756400759443593
SSP126,Interactive,IFE,0,JPN,-0.017847929559720588
SSP126,Interactive,IFE,0,KAZ,0.12802077035581116
SSP126,Interactive,IFE,0,KEN,-0.09671196375648461
SSP126,Interactive,IFE,0,KGZ,0.2415503912337862
SSP126,Interactive,IFE,0,KHM,-0.18899152356301274
SSP126,Interactive,IFE,0,KOR,-0.04413002250814624
SSP126,Interactive,IFE,0,KWT,-0.3645140810707508
SSP126,Interactive,IFE,0,LAO,-0.14678554718395898
SSP126,Interactive,IFE,0,LBN,-0.13872277535004174
SSP126,Interactive,IFE,0,LBR,-0.1484969948765058
SSP126,Interactive,IFE,0,LBY,-0.21981597143974374
SSP126,Interactive,IFE,0,LKA,-0.11216443563367628
SSP126,Interactive,IFE,0,LSO,-0.0076757173925635636
SSP126,Interactive,IFE,0,LTU,0.08274780665517278
SSP126,Interactive,IFE,0,LVA,0.10622792348490595
SSP126,Interactive,IFE,0,MAR,-0.18951900576477831
SSP126,Interactive,IFE,0,MDA,-0.009757816593221946
SSP126,Interactive,IFE,0,MDG,-0.09068516745968314
SSP126,Interactive,IFE,0,MEX,-0.08456140225054498
SSP126,Interactive,IFE,0,MLI,-0.35082092374254803
SSP126,Interactive,IFE,0,MMR,-0.1519645274634842
SSP126,Interactive,IFE,0,MNE,-0.014535606013942104
SSP126,Interactive,IFE,0,MNG,0.4388962020328302
SSP126,Interactive,IFE,0,MOZ,-0.15735424157123057
SSP126,Interactive,IFE,0,MRT,-0.3716195538321544
SSP126,Interactive,IFE,0,MWI,-0.12367436170496404
SSP126,Interactive,IFE,0,MYS,-0.18812297669223732
SSP126,Interactive,IFE,0,NAM,-0.23640724497505594
SSP126,Interactive,IFE,0,NER,-0.3650051537474621
SSP126,Interactive,IFE,0,NGA,-0.19589147011795838
SSP126,Interactive,IFE,0,NIC,-0.22515114126327695
SSP126,Interactive,IFE,0,NLD,0.011569838335486082
SSP126,Interactive,IFE,0,NOR,0.14225828858329637
SSP126,Interactive,IFE,0,NPL,-0.08194374779580627
SSP126,Interactive,IFE,0,NZL,-0.028661381595064372
SSP126,Interactive,IFE,0,OMN,-0.37542647159108233
SSP126,Interactive,IFE,0,PAK,-0.2619603511938591
SSP126,Interactive,IFE,0,PAN,-0.17182751597018797
SSP126,Interactive,IFE,0,PER,-0.01882342035605644
SSP126,Interactive,IFE,0,PHL,-0.1421455470770252
SSP126,Interactive,IFE,0,PNG,-0.2083618413909043
SSP126,Interactive,IFE,0,POL,0.04351466700371076
SSP126,Interactive,IFE,0,PRT,-0.07939055797270866
SSP126,Interactive,IFE,0,PRY,-0.18840393573867154
SSP126,Interactive,IFE,0,ROU,0.003992300474249477
SSP126,Interactive,IFE,0,RUS,0.20766673210084963
SSP126,Interactive,IFE,0,RWA,-0.0700849320561574
SSP126,Interactive,IFE,0,SAU,-0.3488693425754297
SSP126,Interactive,IFE,0,SDN,-0.3640548591923761
SSP126,Interactive,IFE,0,SEN,-0.3340529608209444
SSP126,Interactive,IFE,0,SLB,-0.29304863987989427
SSP126,Interactive,IFE,0,SLE,-0.15833164442268466
SSP126,Interactive,IFE,0,SRB,-0.00896942163793013
SSP126,Interactive,IFE,0,SUR,-0.3354779866287424
SSP126,Interactive,IFE,0,SVK,0.030782828992844458
SSP126,Interactive,IFE,0,SWE,0.1128105633227956
SSP126,Interactive,IFE,0,SWZ,-0.07345477655925692
SSP126,Interactive,IFE,0,TCD,-0.2945947084866647
SSP126,Interactive,IFE,0,TGO,-0.18124089008864697
SSP126,Interactive,IFE,0,THA,-0.1996374965272093
SSP126,Interactive,IFE,0,TJK,0.1756784884367566
SSP126,Interactive,IFE,0,TKM,-0.16200831754437395
SSP126,Interactive,IFE,0,TUN,-0.18960772854443786
SSP126,Interactive,IFE,0,TUR,-0.046950659444560894
SSP126,Interactive,IFE,0,TZA,-0.1082687553666406
SSP126,Interactive,IFE,0,UGA,-0.09741005448069584
SSP126,Interactive,IFE,0,UKR,0.020338713538501585
SSP126,Interactive,IFE,0,URY,-0.06600823077921714
SSP126,Interactive,IFE,0,USA,-0.04844829631114467
SSP126,Interactive,IFE,0,UZB,-0.033482513595477936
SSP126,Interactive,IFE,0,VNM,-0.1583303391948485
SSP126,Interactive,IFE,0,VUT,-0.05810010761781992
SSP126,Interactive,IFE,0,YEM,-0.2846977776973534
SSP126,Interactive,IFE,0,ZAF,-0.1056248712879253
SSP126,Interactive,IFE,0,ZMB,-0.13645473280649723
SSP126,Interactive,IFE,0,ZWE,-0.14165452280587143
SSP126,Interactive,AFE,1,AFG,0.035159787230889084
SSP126,Interactive,AFE,1,AGO,-0.13711938908306887
SSP126,Interactive,AFE,1,ALB,-0.04330433303650805
SSP126,Interactive,AFE,1,ARE,-0.2622432461623032
SSP126,Interactive,AFE,1,ARG,-0.0456635978167057
SSP126,Interactive,AFE,1,ARM,0.08931819234505323
SSP126,Interactive,AFE,1,AUS,-0.0826822639740894
SSP126,Interactive,AFE,1,AUT,0.059747991347026685
SSP126,Interactive,AFE,1,AZE,-0.010020902759023897
SSP126,Interactive,AFE,1,BDI,-0.060871357130274695
SSP126,Interactive,AFE,1,BEL,0.02565068186245889
SSP126,Interactive,AFE,1,BEN,-0.21242701612030968
SSP126,Interactive,AFE,1,BFA,-0.2555412287374681
SSP126,Interactive,AFE,1,BGD,-0.24593198705603048
SSP126,Interactive,AFE,1,BGR,-6.20221577406932e-4
SSP126,Interactive,AFE,1,BHS,-0.11939751282500788
SSP126,Interactive,AFE,1,BIH,0.012099545693005531
SSP126,Interactive,AFE,1,BLR,0.10111763467307311
SSP126,Interactive,AFE,1,BLZ,-0.1677466741250757
SSP126,Interactive,AFE,1,BOL,0.05029686828552138
SSP126,Interactive,AFE,1,BRA,-0.13873684543089848
SSP126,Interactive,AFE,1,BTN,0.06073533479299131
SSP126,Interactive,AFE,1,BWA,-0.19593302985697103
SSP126,Interactive,AFE,1,CAF,-0.16873800903993652
SSP126,Interactive,AFE,1,CAN,0.14168677268103425
SSP126,Interactive,AFE,1,CHE,0.11500675504063862
SSP126,Interactive,AFE,1,CHL,0.008548507879329037
SSP126,Interactive,AFE,1,CHN,-0.03136520823356359
SSP126,Interactive,AFE,1,CIV,-0.17253782987629918
SSP126,Interactive,AFE,1,CMR,-0.1290544255714411
SSP126,Interactive,AFE,1,COD,-0.15322101995736104
SSP126,Interactive,AFE,1,COG,-0.14503942039720252
SSP126,Interactive,AFE,1,COL,-0.10954854027069683
SSP126,Interactive,AFE,1,CPV,-0.1451795046715807
SSP126,Interactive,AFE,1,CRI,-0.1865561279425133
SSP126,Interactive,AFE,1,CUB,-0.15599951628205277
SSP126,Interactive,AFE,1,CZE,0.06545429466630592
SSP126,Interactive,AFE,1,DEU,0.05588004422180681
SSP126,Interactive,AFE,1,DNK,0.055935569985450906
SSP126,Interactive,AFE,1,DOM,-0.19073925977069706
SSP126,Interactive,AFE,1,DZA,-0.12197308661324457
SSP126,Interactive,AFE,1,ECU,0.19713745158230989
SSP126,Interactive,AFE,1,EGY,-0.15875553282096844
SSP126,Interactive,AFE,1,ESP,-0.05548945259701876
SSP126,Interactive,AFE,1,EST,0.15839878652817685
SSP126,Interactive,AFE,1,ETH,-0.09190782626635619
SSP126,Interactive,AFE,1,FIN,0.25029449828939554
SSP126,Interactive,AFE,1,FJI,-0.097831257250942
SSP126,Interactive,AFE,1,FRA,0.014065674225580915
SSP126,Interactive,AFE,1,GAB,-0.12386667485555314
SSP126,Interactive,AFE,1,GBR,0.030384724388846873
SSP126,Interactive,AFE,1,GEO,0.038974062656462305
SSP126,Interactive,AFE,1,GHA,-0.17650936780545523
SSP126,Interactive,AFE,1,GIN,-0.1863604421442865
SSP126,Interactive,AFE,1,GNB,-0.2400830445817015
SSP126,Interactive,AFE,1,GNQ,-0.07894365383576218
SSP126,Interactive,AFE,1,GRC,-0.07548165401680285
SSP126,Interactive,AFE,1,GTM,-0.13193587381100602
SSP126,Interactive,AFE,1,GUY,-0.20670676073767125
SSP126,Interactive,AFE,1,HND,-0.16704480730676807
SSP126,Interactive,AFE,1,HRV,-0.01143194832165062
SSP126,Interactive,AFE,1,HTI,-0.19252416102854697
SSP126,Interactive,AFE,1,HUN,0.01120706824445028
SSP126,Interactive,AFE,1,IDN,-0.14503983017759703
SSP126,Interactive,AFE,1,IND,-0.22120591094398345
SSP126,Interactive,AFE,1,IRL,0.02085141068014673
SSP126,Interactive,AFE,1,IRN,-0.07019554071262357
SSP126,Interactive,AFE,1,IRQ,-0.19430170108897915
SSP126,Interactive,AFE,1,ISL,0.22852955316089374
SSP126,Interactive,AFE,1,ISR,-0.03636977279312892
SSP126,Interactive,AFE,1,ITA,-0.04110734041630293
SSP126,Interactive,AFE,1,JOR,-0.1296207083322488
SSP126,Interactive,AFE,1,JPN,-0.012663010680948883
SSP126,Interactive,AFE,1,KAZ,0.13098581683920418
SSP126,Interactive,AFE,1,KEN,-0.08596581032362738
SSP126,Interactive,AFE,1,KGZ,0.22091298601307452
SSP126,Interactive,AFE,1,KHM,-0.17714763803168232
SSP126,Interactive,AFE,1,KOR,-0.015965627565067697
SSP126,Interactive,AFE,1,KWT,-0.25895690670814164
SSP126,Interactive,AFE,1,LAO,-0.14869538523149184
SSP126,Interactive,AFE,1,LBN,-0.10052283850823884
SSP126,Interactive,AFE,1,LBR,-0.12883824925784293
SSP126,Interactive,AFE,1,LBY,-0.1488985586516295
SSP126,Interactive,AFE,1,LKA,-0.13786831662632293
SSP126,Interactive,AFE,1,LSO,0.015006743574731196
SSP126,Interactive,AFE,1,LTU,0.09962933322923373
SSP126,Interactive,AFE,1,LVA,0.11888571069656373
SSP126,Interactive,AFE,1,MAR,-0.13395881155627942
SSP126,Interactive,AFE,1,MDA,0.01880771444496321
SSP126,Interactive,AFE,1,MDG,-0.0860753470559803
SSP126,Interactive,AFE,1,MEX,-0.0672000969230182
SSP126,Interactive,AFE,1,MLI,-0.28132733345845884
SSP126,Interactive,AFE,1,MMR,-0.15239468840863202
SSP126,Interactive,AFE,1,MNE,0.01592696674809524
SSP126,Interactive,AFE,1,MNG,0.33802338452593395
SSP126,Interactive,AFE,1,MOZ,-0.14093435230318574
SSP126,Interactive,AFE,1,MRT,-0.2619135213226985
SSP126,Interactive,AFE,1,MWI,-0.11127451623071505
SSP126,Interactive,AFE,1,MYS,-0.1276748428645995
SSP126,Interactive,AFE,1,NAM,-0.18704471029933345
SSP126,Interactive,AFE,1,NER,-0.27713794947325854
SSP126,Interactive,AFE,1,NGA,-0.18675429925631826
SSP126,Interactive,AFE,1,NIC,-0.20044840800957653
SSP126,Interactive,AFE,1,NLD,0.024209899814176872
SSP126,Interactive,AFE,1,NOR,0.1621275829563522
SSP126,Interactive,AFE,1,NPL,-0.057980162082352904
SSP126,Interactive,AFE,1,NZL,-0.011385467969022955
SSP126,Interactive,AFE,1,OMN,-0.265827380376933
SSP126,Interactive,AFE,1,PAK,-0.18328350990348385
SSP126,Interactive,AFE,1,PAN,-0.15629157604033905
SSP126,Interactive,AFE,1,PER,-0.041954013760792
SSP126,Interactive,AFE,1,PHL,-0.12004356999366828
SSP126,Interactive,AFE,1,PNG,-0.16396965872954405
SSP126,Interactive,AFE,1,POL,0.06466518498099694
SSP126,Interactive,AFE,1,PRT,-0.05497747717621615
SSP126,Interactive,AFE,1,PRY,-0.17064774756717094
SSP126,Interactive,AFE,1,ROU,0.030928442111479715
SSP126,Interactive,AFE,1,RUS,0.200271236486268
SSP126,Interactive,AFE,1,RWA,-0.07347083119167674
SSP126,Interactive,AFE,1,SAU,-0.24502661835734574
SSP126,Interactive,AFE,1,SDN,-0.27887882513160567
SSP126,Interactive,AFE,1,SEN,-0.24376285172542933
SSP126,Interactive,AFE,1,SLB,-0.18374784459568638
SSP126,Interactive,AFE,1,SLE,-0.14597583441583184
SSP126,Interactive,AFE,1,SRB,0.011267816795982988
SSP126,Interactive,AFE,1,SUR,-0.27721122210774185
SSP126,Interactive,AFE,1,SVK,0.05253292596645731
SSP126,Interactive,AFE,1,SWE,0.12308346283888771
SSP126,Interactive,AFE,1,SWZ,-0.057627340872797306
SSP126,Interactive,AFE,1,TCD,-0.24817824401666877
SSP126,Interactive,AFE,1,TGO,-0.17635273463496026
SSP126,Interactive,AFE,1,THA,-0.19441792857542772
SSP126,Interactive,AFE,1,TJK,0.16766106330111064
SSP126,Interactive,AFE,1,TKM,-0.10221203624724784
SSP126,Interactive,AFE,1,TUN,-0.1316617163838706
SSP126,Interactive,AFE,1,TUR,-0.014953501222216947
SSP126,Interactive,AFE,1,TZA,-0.10482356083326416
SSP126,Interactive,AFE,1,UGA,-0.1010874681057381
SSP126,Interactive,AFE,1,UKR,0.04294683821098144
SSP126,Interactive,AFE,1,URY,-0.046791889274838794
SSP126,Interactive,AFE,1,USA,-0.02124761568361111
SSP126,Interactive,AFE,1,UZB,-5.398835027914384e-4
SSP126,Interactive,AFE,1,VNM,-0.15984615600859764
SSP126,Interactive,AFE,1,VUT,-0.07714892299965537
SSP126,Interactive,AFE,1,YEM,-0.22035970185817788
SSP126,Interactive,AFE,1,ZAF,-0.08491102293439301
SSP126,Interactive,AFE,1,ZMB,-0.12258657537976114
SSP126,Interactive,AFE,1,ZWE,-0.12167016730445934
SSP126,Interactive,IFE,1,AFG,-0.016728268779209632
SSP126,Interactive,IFE,1,AGO,-0.15617665554592353
SSP126,Interactive,IFE,1,ALB,-0.09635669511681488
SSP126,Interactive,IFE,1,ARE,-0.3073648597907359
SSP126,Interactive,IFE,1,ARG,-0.08525055954689909
SSP126,Interactive,IFE,1,ARM,0.031174409328519337
SSP126,Interactive,IFE,1,AUS,-0.10416364416148727
SSP126,Interactive,IFE,1,AUT,-0.00939030796219198
SSP126,Interactive,IFE,1,AZE,-0.06354822791744041
SSP126,Interactive,IFE,1,BDI,-0.09941683213828523
SSP126,Interactive,IFE,1,BEL,-0.0330033631535146
SSP126,Interactive,IFE,1,BEN,-0.2166839304947873
SSP126,Interactive,IFE,1,BFA,-0.2804220064367
SSP126,Interactive,IFE,1,BGD,-0.2664897341779132
SSP126,Interactive,IFE,1,BGR,-0.05572539166174262
SSP126,Interactive,IFE,1,BHS,-0.12579360000281348
SSP126,Interactive,IFE,1,BIH,-0.04407301138120301
SSP126,Interactive,IFE,1,BLR,0.04158821338180241
SSP126,Interactive,IFE,1,BLZ,-0.1823254229719471
SSP126,Interactive,IFE,1,BOL,-0.05521914946039563
SSP126,Interactive,IFE,1,BRA,-0.15709731529957272
SSP126,Interactive,IFE,1,BTN,-0.08893959486888758
SSP126,Interactive,IFE,1,BWA,-0.21738619317839347
SSP126,Interactive,IFE,1,CAF,-0.15871912753117012
SSP126,Interactive,IFE,1,CAN,0.036527280016325214
SSP126,Interactive,IFE,1,CHE,-9.192960667722128e-4
SSP126,Interactive,IFE,1,CHL,-0.033824836503090094
SSP126,Interactive,IFE,1,CHN,-0.1267591399076211
SSP126,Interactive,IFE,1,CIV,-0.16241365530457175
SSP126,Interactive,IFE,1,CMR,-0.08948435475250371
SSP126,Interactive,IFE,1,COD,-0.1449549126379992
SSP126,Interactive,IFE,1,COG,-0.12798787860185745
SSP126,Interactive,IFE,1,COL,-0.08879074310750656
SSP126,Interactive,IFE,1,CPV,-0.178621010336115
SSP126,Interactive,IFE,1,CRI,-0.1746315938285523
SSP126,Interactive,IFE,1,CUB,-0.17034566064829837
SSP126,Interactive,IFE,1,CZE,0.0017587884954191058
SSP126,Interactive,IFE,1,DEU,-0.007536498804985636
SSP126,Interactive,IFE,1,DNK,0.0010846113819618086
SSP126,Interactive,IFE,1,DOM,-0.20525283160237107
SSP126,Interactive,IFE,1,DZA,-0.15734265486469934
SSP126,Interactive,IFE,1,ECU,0.1863922618001812
SSP126,Interactive,IFE,1,EGY,-0.20279224010569696
SSP126,Interactive,IFE,1,ESP,-0.09968382156860234
SSP126,Interactive,IFE,1,EST,0.09403997204100523
SSP126,Interactive,IFE,1,ETH,-0.13526247920222279
SSP126,Interactive,IFE,1,FIN,0.1777547161075277
SSP126,Interactive,IFE,1,FJI,-0.093428803969419
SSP126,Interactive,IFE,1,FRA,-0.04682796424561875
SSP126,Interactive,IFE,1,GAB,-0.07392101920704552
SSP126,Interactive,IFE,1,GBR,-0.01688327094034059
SSP126,Interactive,IFE,1,GEO,-0.010177649518572252
SSP126,Interactive,IFE,1,GHA,-0.17256855983342545
SSP126,Interactive,IFE,1,GIN,-0.1779905397346404
SSP126,Interactive,IFE,1,GNB,-0.26113536044694596
SSP126,Interactive,IFE,1,GNQ,-0.05377568004704436
SSP126,Interactive,IFE,1,GRC,-0.12115565669420247
SSP126,Interactive,IFE,1,GTM,-0.13575166804001226
SSP126,Interactive,IFE,1,GUY,-0.21435142137188756
SSP126,Interactive,IFE,1,HND,-0.17059633957980713
SSP126,Interactive,IFE,1,HRV,-0.06836855991223378
SSP126,Interactive,IFE,1,HTI,-0.20942164686396558
SSP126,Interactive,IFE,1,HUN,-0.04260390229757627
SSP126,Interactive,IFE,1,IDN,-0.08972958885165727
SSP126,Interactive,IFE,1,IND,-0.25920571437292805
SSP126,Interactive,IFE,1,IRL,-0.02331733131862368
SSP126,Interactive,IFE,1,IRN,-0.12093260590585264
SSP126,Interactive,IFE,1,IRQ,-0.23995459902559468
SSP126,Interactive,IFE,1,ISL,0.11040159549534967
SSP126,Interactive,IFE,1,ISR,-0.04837612907358524
SSP126,Interactive,IFE,1,ITA,-0.08940818293121633
SSP126,Interactive,IFE,1,JOR,-0.1731539955592748
SSP126,Interactive,IFE,1,JPN,-0.09063366275580897
SSP126,Interactive,IFE,1,KAZ,0.06656808822985294
SSP126,Interactive,IFE,1,KEN,-0.1219475145610982
SSP126,Interactive,IFE,1,KGZ,0.16379989331854738
SSP126,Interactive,IFE,1,KHM,-0.13218014449039406
SSP126,Interactive,IFE,1,KOR,-0.09708011484781176
SSP126,Interactive,IFE,1,KWT,-0.3024104975914784
SSP126,Interactive,IFE,1,LAO,-0.17626954197647204
SSP126,Interactive,IFE,1,LBN,-0.1294026905602913
SSP126,Interactive,IFE,1,LBR,-0.09412148283937571
SSP126,Interactive,IFE,1,LBY,-0.1877254581834844
SSP126,Interactive,IFE,1,LKA,-0.10277403151881703
SSP126,Interactive,IFE,1,LSO,-0.06526145227008062
SSP126,Interactive,IFE,1,LTU,0.03962223172360613
SSP126,Interactive,IFE,1,LVA,0.05801594372166763
SSP126,Interactive,IFE,1,MAR,-0.17327591314942092
SSP126,Interactive,IFE,1,MDA,-0.0335300280285179
SSP126,Interactive,IFE,1,MDG,-0.10793178518526225
SSP126,Interactive,IFE,1,MEX,-0.0931472914559639
SSP126,Interactive,IFE,1,MLI,-0.3117012177755598
SSP126,Interactive,IFE,1,MMR,-0.16585678890721323
SSP126,Interactive,IFE,1,MNE,-0.04936568644018846
SSP126,Interactive,IFE,1,MNG,0.3021860113041672
SSP126,Interactive,IFE,1,MOZ,-0.15697355870352814
SSP126,Interactive,IFE,1,MRT,-0.30836813916343886
SSP126,Interactive,IFE,1,MWI,-0.13301333679098293
SSP126,Interactive,IFE,1,MYS,-0.042579532329298786
SSP126,Interactive,IFE,1,NAM,-0.2162308228095463
SSP126,Interactive,IFE,1,NER,-0.31424159126578577
SSP126,Interactive,IFE,1,NGA,-0.17982991557626082
SSP126,Interactive,IFE,1,NIC,-0.20679492450922654
SSP126,Interactive,IFE,1,NLD,-0.01330745277988854
SSP126,Interactive,IFE,1,NOR,0.07319986282205182
SSP126,Interactive,IFE,1,NPL,-0.13878810782368312
SSP126,Interactive,IFE,1,NZL,-0.056116889536979464
SSP126,Interactive,IFE,1,OMN,-0.31220518414659515
SSP126,Interactive,IFE,1,PAK,-0.23408134492814292
SSP126,Interactive,IFE,1,PAN,-0.10945977344098079
SSP126,Interactive,IFE,1,PER,-0.1270584727870806
SSP126,Interactive,IFE,1,PHL,-0.0686067519289223
SSP126,Interactive,IFE,1,PNG,-0.07487049833378845
SSP126,Interactive,IFE,1,POL,0.005212281211714576
SSP126,Interactive,IFE,1,PRT,-0.0979087508741846
SSP126,Interactive,IFE,1,PRY,-0.19554232862034449
SSP126,Interactive,IFE,1,ROU,-0.025591821827360417
SSP126,Interactive,IFE,1,RUS,0.13588952817079902
SSP126,Interactive,IFE,1,RWA,-0.11266915419643908
SSP126,Interactive,IFE,1,SAU,-0.2913646681916148
SSP126,Interactive,IFE,1,SDN,-0.3198798446460671
SSP126,Interactive,IFE,1,SEN,-0.28484939459074776
SSP126,Interactive,IFE,1,SLB,-0.007865387843462357
SSP126,Interactive,IFE,1,SLE,-0.11198551124426981
SSP126,Interactive,IFE,1,SRB,-0.03379119470080871
SSP126,Interactive,IFE,1,SUR,-0.29433204279041403
SSP126,Interactive,IFE,1,SVK,-0.006628745509588807
SSP126,Interactive,IFE,1,SWE,0.057792858859502694
SSP126,Interactive,IFE,1,SWZ,-0.09808333249603096
SSP126,Interactive,IFE,1,TCD,-0.2718874586927972
SSP126,Interactive,IFE,1,TGO,-0.15984954550950448
SSP126,Interactive,IFE,1,THA,-0.1754547916664312
SSP126,Interactive,IFE,1,TJK,0.12011643269893857
SSP126,Interactive,IFE,1,TKM,-0.15223463237366452
SSP126,Interactive,IFE,1,TUN,-0.17114810059777685
SSP126,Interactive,IFE,1,TUR,-0.06799640985519617
SSP126,Interactive,IFE,1,TZA,-0.1362634963026622
SSP126,Interactive,IFE,1,UGA,-0.12798103385315596
SSP126,Interactive,IFE,1,UKR,-0.012654095217582428
SSP126,Interactive,IFE,1,URY,-0.08198117128950999
SSP126,Interactive,IFE,1,USA,-0.0840539156685497
SSP126,Interactive,IFE,1,UZB,-0.056350512071728476
SSP126,Interactive,IFE,1,VNM,-0.16267734849675353
SSP126,Interactive,IFE,1,VUT,-0.05454483751521344
SSP126,Interactive,IFE,1,YEM,-0.26024842023242334
SSP126,Interactive,IFE,1,ZAF,-0.11629221298725545
SSP126,Interactive,IFE,1,ZMB,-0.14530041679535166
SSP126,Interactive,IFE,1,ZWE,-0.14602811568364238
SSP126,Interactive,AFE,2,AFG,0.052830523324932877
SSP126,Interactive,AFE,2,AGO,-0.08435961194314068
SSP126,Interactive,AFE,2,ALB,-0.029470644451267902
SSP126,Interactive,AFE,2,ARE,-0.2474029164313728
SSP126,Interactive,AFE,2,ARG,-0.03873565851555949
SSP126,Interactive,AFE,2,ARM,0.09236421069902967
SSP126,Interactive,AFE,2,AUS,-0.04546156937975354
SSP126,Interactive,AFE,2,AUT,0.0314776158900425
SSP126,Interactive,AFE,2,AZE,0.008463325900729401
SSP126,Interactive,AFE,2,BDI,-0.02727507349079894
SSP126,Interactive,AFE,2,BEL,0.012272552599254638
SSP126,Interactive,AFE,2,BEN,-0.13482526567483688
SSP126,Interactive,AFE,2,BFA,-0.19564318380114365
SSP126,Interactive,AFE,2,BGD,-0.1608434022238714
SSP126,Interactive,AFE,2,BGR,0.0018803422587789775
SSP126,Interactive,AFE,2,BHS,-0.07377040659116618
SSP126,Interactive,AFE,2,BIH,0.0038482310559420085
SSP126,Interactive,AFE,2,BLR,0.08810339019893676
SSP126,Interactive,AFE,2,BLZ,-0.11338163255987499
SSP126,Interactive,AFE,2,BOL,0.060374317279479284
SSP126,Interactive,AFE,2,BRA,-0.08506011958262183
SSP126,Interactive,AFE,2,BTN,-0.0173656040792749
SSP126,Interactive,AFE,2,BWA,-0.13287884376448889
SSP126,Interactive,AFE,2,CAF,-0.08896463154789502
SSP126,Interactive,AFE,2,CAN,0.07387855873016691
SSP126,Interactive,AFE,2,CHE,0.03880905273012791
SSP126,Interactive,AFE,2,CHL,0.0018593983290902116
SSP126,Interactive,AFE,2,CHN,-0.059168456562251226
SSP126,Interactive,AFE,2,CIV,-0.09422136079464227
SSP126,Interactive,AFE,2,CMR,-0.062201037726743014
SSP126,Interactive,AFE,2,COD,-0.07429309113932014
SSP126,Interactive,AFE,2,COG,-0.07167480215165623
SSP126,Interactive,AFE,2,COL,-0.03783682403906763
SSP126,Interactive,AFE,2,CPV,-0.12629942328583366
SSP126,Interactive,AFE,2,CRI,-0.09459278924614778
SSP126,Interactive,AFE,2,CUB,-0.10391534234327382
SSP126,Interactive,AFE,2,CZE,0.04483693972760361
SSP126,Interactive,AFE,2,DEU,0.032640382131914336
SSP126,Interactive,AFE,2,DNK,0.0430982562937674
SSP126,Interactive,AFE,2,DOM,-0.13473744639151952
SSP126,Interactive,AFE,2,DZA,-0.07756946074264148
SSP126,Interactive,AFE,2,ECU,0.2317323262465094
SSP126,Interactive,AFE,2,EGY,-0.13542348373476465
SSP126,Interactive,AFE,2,ESP,-0.032115845127017484
SSP126,Interactive,AFE,2,EST,0.1462179411079978
SSP126,Interactive,AFE,2,ETH,-0.07794772822294183
SSP126,Interactive,AFE,2,FIN,0.22414470376287565
SSP126,Interactive,AFE,2,FJI,-0.05113253327029754
SSP126,Interactive,AFE,2,FRA,0.006235628887403699
SSP126,Interactive,AFE,2,GAB,-0.04397791960688535
SSP126,Interactive,AFE,2,GBR,0.01757431923764563
SSP126,Interactive,AFE,2,GEO,0.025836869012158203
SSP126,Interactive,AFE,2,GHA,-0.10421674527105662
SSP126,Interactive,AFE,2,GIN,-0.10246760938937438
SSP126,Interactive,AFE,2,GNB,-0.1796772023749491
SSP126,Interactive,AFE,2,GNQ,-0.02200301152032169
SSP126,Interactive,AFE,2,GRC,-0.052189989563616646
SSP126,Interactive,AFE,2,GTM,-0.0630826108085244
SSP126,Interactive,AFE,2,GUY,-0.13377140978889213
SSP126,Interactive,AFE,2,HND,-0.0960374869981081
SSP126,Interactive,AFE,2,HRV,-0.0030195808792669032
SSP126,Interactive,AFE,2,HTI,-0.13632397175279187
SSP126,Interactive,AFE,2,HUN,0.020287459331289615
SSP126,Interactive,AFE,2,IDN,-0.06731910338857283
SSP126,Interactive,AFE,2,IND,-0.1612953897653273
SSP126,Interactive,AFE,2,IRL,0.0011780202985363086
SSP126,Interactive,AFE,2,IRN,-0.04510043259274776
SSP126,Interactive,AFE,2,IRQ,-0.16123322246026872
SSP126,Interactive,AFE,2,ISL,0.12862745674839204
SSP126,Interactive,AFE,2,ISR,-0.02620033764382057
SSP126,Interactive,AFE,2,ITA,-0.023309627633447794
SSP126,Interactive,AFE,2,JOR,-0.0968489743580544
SSP126,Interactive,AFE,2,JPN,-0.025405255050181985
SSP126,Interactive,AFE,2,KAZ,0.1582623094040172
SSP126,Interactive,AFE,2,KEN,-0.07140971046365696
SSP126,Interactive,AFE,2,KGZ,0.2144467862818169
SSP126,Interactive,AFE,2,KHM,-0.08844759102261412
SSP126,Interactive,AFE,2,KOR,-0.042271921942784174
SSP126,Interactive,AFE,2,KWT,-0.2330320420797951
SSP126,Interactive,AFE,2,LAO,-0.0952960234738337
SSP126,Interactive,AFE,2,LBN,-0.07338515593196993
SSP126,Interactive,AFE,2,LBR,-0.056063618057252684
SSP126,Interactive,AFE,2,LBY,-0.11729207299601929
SSP126,Interactive,AFE,2,LKA,-0.07304824330460291
SSP126,Interactive,AFE,2,LSO,-0.00437102387393884
SSP126,Interactive,AFE,2,LTU,0.08621273403816754
SSP126,Interactive,AFE,2,LVA,0.10298749111774441
SSP126,Interactive,AFE,2,MAR,-0.09185408887341451
SSP126,Interactive,AFE,2,MDA,0.029583643794848458
SSP126,Interactive,AFE,2,MDG,-0.054011282894008916
SSP126,Interactive,AFE,2,MEX,-0.02964328711355735
SSP126,Interactive,AFE,2,MLI,-0.22402233703191654
SSP126,Interactive,AFE,2,MMR,-0.08974196378116583
SSP126,Interactive,AFE,2,MNE,-0.0012701470740329457
SSP126,Interactive,AFE,2,MNG,0.4073410916290292
SSP126,Interactive,AFE,2,MOZ,-0.09078261873693172
SSP126,Interactive,AFE,2,MRT,-0.24361635774416912
SSP126,Interactive,AFE,2,MWI,-0.07321024238952001
SSP126,Interactive,AFE,2,MYS,-0.05545302690363085
SSP126,Interactive,AFE,2,NAM,-0.13500568616641517
SSP126,Interactive,AFE,2,NER,-0.2353734763578662
SSP126,Interactive,AFE,2,NGA,-0.10668743866794494
SSP126,Interactive,AFE,2,NIC,-0.12557880186208958
SSP126,Interactive,AFE,2,NLD,0.016002661273243124
SSP126,Interactive,AFE,2,NOR,0.087143459192772
SSP126,Interactive,AFE,2,NPL,-0.07744125958804027
SSP126,Interactive,AFE,2,NZL,-0.01716298151557505
SSP126,Interactive,AFE,2,OMN,-0.2469922621308165
SSP126,Interactive,AFE,2,PAK,-0.14725387210967378
SSP126,Interactive,AFE,2,PAN,-0.07517322639965496
SSP126,Interactive,AFE,2,PER,-0.03683432464203751
SSP126,Interactive,AFE,2,PHL,-0.056302033686370434
SSP126,Interactive,AFE,2,PNG,-0.10397563005293242
SSP126,Interactive,AFE,2,POL,0.05308085848651989
SSP126,Interactive,AFE,2,PRT,-0.035971500692571934
SSP126,Interactive,AFE,2,PRY,-0.11144093122811904
SSP126,Interactive,AFE,2,ROU,0.02960727360424764
SSP126,Interactive,AFE,2,RUS,0.20037945350504427
SSP126,Interactive,AFE,2,RWA,-0.05355333577227572
SSP126,Interactive,AFE,2,SAU,-0.2238452009595462
SSP126,Interactive,AFE,2,SDN,-0.24067913981278066
SSP126,Interactive,AFE,2,SEN,-0.21410787466305947
SSP126,Interactive,AFE,2,SLB,-0.12463893096997392
SSP126,Interactive,AFE,2,SLE,-0.07006223791032107
SSP126,Interactive,AFE,2,SRB,0.013947153035577475
SSP126,Interactive,AFE,2,SUR,-0.1988355966647728
SSP126,Interactive,AFE,2,SVK,0.041585616263177805
SSP126,Interactive,AFE,2,SWE,0.1008460757331453
SSP126,Interactive,AFE,2,SWZ,-0.053757226733896935
SSP126,Interactive,AFE,2,TCD,-0.1848032856022661
SSP126,Interactive,AFE,2,TGO,-0.09699556830833922
SSP126,Interactive,AFE,2,THA,-0.10423515375009518
SSP126,Interactive,AFE,2,TJK,0.1575504044681253
SSP126,Interactive,AFE,2,TKM,-0.06086875621798449
SSP126,Interactive,AFE,2,TUN,-0.0952035328466998
SSP126,Interactive,AFE,2,TUR,-0.009001776265217032
SSP126,Interactive,AFE,2,TZA,-0.07833259434487028
SSP126,Interactive,AFE,2,UGA,-0.07247124522277903
SSP126,Interactive,AFE,2,UKR,0.048060638185525306
SSP126,Interactive,AFE,2,URY,-0.04167008123915106
SSP126,Interactive,AFE,2,USA,-0.026863303325609933
SSP126,Interactive,AFE,2,UZB,0.02439860323441856
SSP126,Interactive,AFE,2,VNM,-0.09262134394753674
SSP126,Interactive,AFE,2,VUT,-0.04920756834186746
SSP126,Interactive,AFE,2,YEM,-0.17872864189350546
SSP126,Interactive,AFE,2,ZAF,-0.05123499000875109
SSP126,Interactive,AFE,2,ZMB,-0.07522987434817652
SSP126,Interactive,AFE,2,ZWE,-0.0784400245727187
SSP126,Interactive,IFE,2,AFG,0.03592294054922229
SSP126,Interactive,IFE,2,AGO,-0.15540597365603837
SSP126,Interactive,IFE,2,ALB,-0.07996365172121644
SSP126,Interactive,IFE,2,ARE,-0.32592468695617727
SSP126,Interactive,IFE,2,ARG,-0.08248814794775516
SSP126,Interactive,IFE,2,ARM,0.09331626349360866
SSP126,Interactive,IFE,2,AUS,-0.08018696005157022
SSP126,Interactive,IFE,2,AUT,-0.00385851181528285
SSP126,Interactive,IFE,2,AZE,-0.023224666396007065
SSP126,Interactive,IFE,2,BDI,-0.09437290645579044
SSP126,Interactive,IFE,2,BEL,-0.025709646823175447
SSP126,Interactive,IFE,2,BEN,-0.19217722310061525
SSP126,Interactive,IFE,2,BFA,-0.26791500814639024
SSP126,Interactive,IFE,2,BGD,-0.27436624623358985
SSP126,Interactive,IFE,2,BGR,-0.03266041667643338
SSP126,Interactive,IFE,2,BHS,-0.14122511559089834
SSP126,Interactive,IFE,2,BIH,-0.03608190666100697
SSP126,Interactive,IFE,2,BLR,0.08250413492271824
SSP126,Interactive,IFE,2,BLZ,-0.1662035080837393
SSP126,Interactive,IFE,2,BOL,-0.026484707618319003
SSP126,Interactive,IFE,2,BRA,-0.15529719556645905
SSP126,Interactive,IFE,2,BTN,-0.09658013085991357
SSP126,Interactive,IFE,2,BWA,-0.1868813307702485
SSP126,Interactive,IFE,2,CAF,-0.15838717274808645
SSP126,Interactive,IFE,2,CAN,0.036952351910716885
SSP126,Interactive,IFE,2,CHE,-0.015223225792354689
SSP126,Interactive,IFE,2,CHL,-0.0244057761656592
SSP126,Interactive,IFE,2,CHN,-0.1404853083588442
SSP126,Interactive,IFE,2,CIV,-0.1556763955663183
SSP126,Interactive,IFE,2,CMR,-0.11426180478461867
SSP126,Interactive,IFE,2,COD,-0.14542108335064152
SSP126,Interactive,IFE,2,COG,-0.1377344811916963
SSP126,Interactive,IFE,2,COL,-0.10170278566659652
SSP126,Interactive,IFE,2,CPV,-0.17370255070839036
SSP126,Interactive,IFE,2,CRI,-0.14993403458236532
SSP126,Interactive,IFE,2,CUB,-0.17134151993870161
SSP126,Interactive,IFE,2,CZE,0.018160085082169486
SSP126,Interactive,IFE,2,DEU,0.0012598081887065238
SSP126,Interactive,IFE,2,DNK,0.020747439309821036
SSP126,Interactive,IFE,2,DOM,-0.183389392990443
SSP126,Interactive,IFE,2,DZA,-0.12086881620913947
SSP126,Interactive,IFE,2,ECU,0.2462527284110947
SSP126,Interactive,IFE,2,EGY,-0.19095039131321256
SSP126,Interactive,IFE,2,ESP,-0.07658036185686079
SSP126,Interactive,IFE,2,EST,0.15883902213165646
SSP126,Interactive,IFE,2,ETH,-0.1533977773676719
SSP126,Interactive,IFE,2,FIN,0.26147885931211046
SSP126,Interactive,IFE,2,FJI,-0.07997482836411685
SSP126,Interactive,IFE,2,FRA,-0.03897025071366911
SSP126,Interactive,IFE,2,GAB,-0.10050797755723262
SSP126,Interactive,IFE,2,GBR,-0.00930287142545927
SSP126,Interactive,IFE,2,GEO,0.0035185437254556806
SSP126,Interactive,IFE,2,GHA,-0.16661792943064446
SSP126,Interactive,IFE,2,GIN,-0.17206991329739119
SSP126,Interactive,IFE,2,GNB,-0.2403688584029542
SSP126,Interactive,IFE,2,GNQ,-0.06460216016908626
SSP126,Interactive,IFE,2,GRC,-0.10059437612698185
SSP126,Interactive,IFE,2,GTM,-0.12296330010574652
SSP126,Interactive,IFE,2,GUY,-0.19090344745478982
SSP126,Interactive,IFE,2,HND,-0.1488097771133784
SSP126,Interactive,IFE,2,HRV,-0.046010111105501905
SSP126,Interactive,IFE,2,HTI,-0.1948866568112817
SSP126,Interactive,IFE,2,HUN,-0.00985417152234258
SSP126,Interactive,IFE,2,IDN,-0.11465091970137387
SSP126,Interactive,IFE,2,IND,-0.2686116184266657
SSP126,Interactive,IFE,2,IRL,-0.02683527177486522
SSP126,Interactive,IFE,2,IRN,-0.08960457434444635
SSP126,Interactive,IFE,2,IRQ,-0.22490474643675373
SSP126,Interactive,IFE,2,ISL,0.10707933834226657
SSP126,Interactive,IFE,2,ISR,-0.04030885787320204
SSP126,Interactive,IFE,2,ITA,-0.06797450629997914
SSP126,Interactive,IFE,2,JOR,-0.1433274663631373
SSP126,Interactive,IFE,2,JPN,-0.09350136286161281
SSP126,Interactive,IFE,2,KAZ,0.17399623270342435
SSP126,Interactive,IFE,2,KEN,-0.1395107900267647
SSP126,Interactive,IFE,2,KGZ,0.258957213475024
SSP126,Interactive,IFE,2,KHM,-0.1561400771924325
SSP126,Interactive,IFE,2,KOR,-0.11038641965623075
SSP126,Interactive,IFE,2,KWT,-0.3054351806746074
SSP126,Interactive,IFE,2,LAO,-0.1897877678127412
SSP126,Interactive,IFE,2,LBN,-0.11343465240154571
SSP126,Interactive,IFE,2,LBR,-0.1094211730393373
SSP126,Interactive,IFE,2,LBY,-0.164326205804754
SSP126,Interactive,IFE,2,LKA,-0.15422942958616437
SSP126,Interactive,IFE,2,LSO,-0.06778870782079405
SSP126,Interactive,IFE,2,LTU,0.08003951667041265
SSP126,Interactive,IFE,2,LVA,0.10228188371642921
SSP126,Interactive,IFE,2,MAR,-0.13762626357103902
SSP126,Interactive,IFE,2,MDA,0.005695078868823256
SSP126,Interactive,IFE,2,MDG,-0.11147738669256257
SSP126,Interactive,IFE,2,MEX,-0.08265814462836563
SSP126,Interactive,IFE,2,MLI,-0.30156729470019095
SSP126,Interactive,IFE,2,MMR,-0.177591358366174
SSP126,Interactive,IFE,2,MNE,-0.04447274014946079
SSP126,Interactive,IFE,2,MNG,0.5538183264228533
SSP126,Interactive,IFE,2,MOZ,-0.15006109344023955
SSP126,Interactive,IFE,2,MRT,-0.32225954010523894
SSP126,Interactive,IFE,2,MWI,-0.13211555391600482
SSP126,Interactive,IFE,2,MYS,-0.0955072790507071
SSP126,Interactive,IFE,2,NAM,-0.1929391171366811
SSP126,Interactive,IFE,2,NER,-0.31114307291523835
SSP126,Interactive,IFE,2,NGA,-0.17404871408999856
SSP126,Interactive,IFE,2,NIC,-0.18624153264946564
SSP126,Interactive,IFE,2,NLD,-0.006425395953334911
SSP126,Interactive,IFE,2,NOR,0.06792334827701119
SSP126,Interactive,IFE,2,NPL,-0.15869372396226322
SSP126,Interactive,IFE,2,NZL,-0.05778896706103143
SSP126,Interactive,IFE,2,OMN,-0.3265032814978007
SSP126,Interactive,IFE,2,PAK,-0.21550213099496518
SSP126,Interactive,IFE,2,PAN,-0.12997036047504984
SSP126,Interactive,IFE,2,PER,-0.11494437796367318
SSP126,Interactive,IFE,2,PHL,-0.09518607900248466
SSP126,Interactive,IFE,2,PNG,-0.08047419939290268
SSP126,Interactive,IFE,2,POL,0.03242358344871432
SSP126,Interactive,IFE,2,PRT,-0.0853029502527467
SSP126,Interactive,IFE,2,PRY,-0.19159487456794488
SSP126,Interactive,IFE,2,ROU,0.0021382369285825042
SSP126,Interactive,IFE,2,RUS,0.23629434031727992
SSP126,Interactive,IFE,2,RWA,-0.11913321716069747
SSP126,Interactive,IFE,2,SAU,-0.2993935563895104
SSP126,Interactive,IFE,2,SDN,-0.32636475350976846
SSP126,Interactive,IFE,2,SEN,-0.28787964076379535
SSP126,Interactive,IFE,2,SLB,-0.12409417126448141
SSP126,Interactive,IFE,2,SLE,-0.12756305857109673
SSP126,Interactive,IFE,2,SRB,-0.013997728937502618
SSP126,Interactive,IFE,2,SUR,-0.26030973142694847
SSP126,Interactive,IFE,2,SVK,0.015574136660013282
SSP126,Interactive,IFE,2,SWE,0.09273731731194634
SSP126,Interactive,IFE,2,SWZ,-0.10796412887988271
SSP126,Interactive,IFE,2,TCD,-0.26153505606999683
SSP126,Interactive,IFE,2,TGO,-0.16060846323672273
SSP126,Interactive,IFE,2,THA,-0.18363673364518862
SSP126,Interactive,IFE,2,TJK,0.18727085598794346
SSP126,Interactive,IFE,2,TKM,-0.10375433285369895
SSP126,Interactive,IFE,2,TUN,-0.1420856582751997
SSP126,Interactive,IFE,2,TUR,-0.049353670937101635
SSP126,Interactive,IFE,2,TZA,-0.15291769361855512
SSP126,Interactive,IFE,2,UGA,-0.14505390543140695
SSP126,Interactive,IFE,2,UKR,0.027063223166200245
SSP126,Interactive,IFE,2,URY,-0.08524659853009497
SSP126,Interactive,IFE,2,USA,-0.08436564382205092
SSP126,Interactive,IFE,2,UZB,-0.0035380761187134846
SSP126,Interactive,IFE,2,VNM,-0.17623344351378034
SSP126,Interactive,IFE,2,VUT,-0.099510948274109
SSP126,Interactive,IFE,2,YEM,-0.2567797010461659
SSP126,Interactive,IFE,2,ZAF,-0.10276946027012723
SSP126,Interactive,IFE,2,ZMB,-0.1408600788647898
SSP126,Interactive,IFE,2,ZWE,-0.13678991206789026
SSP126,Interactive,AFE,3,AFG,-0.0419165204987938
SSP126,Interactive,AFE,3,AGO,-0.11740877705451613
SSP126,Interactive,AFE,3,ALB,-0.09441434556729622
SSP126,Interactive,AFE,3,ARE,-0.2860942940292198
SSP126,Interactive,AFE,3,ARG,-0.07763984961827464
SSP126,Interactive,AFE,3,ARM,-0.01604569643962228
SSP126,Interactive,AFE,3,AUS,-0.08283675193517459
SSP126,Interactive,AFE,3,AUT,-0.03941951705043112
SSP126,Interactive,AFE,3,AZE,-0.07844193842432146
SSP126,Interactive,AFE,3,BDI,-0.10545861017146096
SSP126,Interactive,AFE,3,BEL,-0.0512465909731189
SSP126,Interactive,AFE,3,BEN,-0.15213714967775926
SSP126,Interactive,AFE,3,BFA,-0.218478796412495
SSP126,Interactive,AFE,3,BGD,-0.1915510037113023
SSP126,Interactive,AFE,3,BGR,-0.0723970034898318
SSP126,Interactive,AFE,3,BHS,-0.08616874239291827
SSP126,Interactive,AFE,3,BIH,-0.05775646699588133
SSP126,Interactive,AFE,3,BLR,-0.005404764098348891
SSP126,Interactive,AFE,3,BLZ,-0.13429444647821331
SSP126,Interactive,AFE,3,BOL,-0.11609707477064068
SSP126,Interactive,AFE,3,BRA,-0.11780718116328626
SSP126,Interactive,AFE,3,BTN,-0.05562561791424481
SSP126,Interactive,AFE,3,BWA,-0.1697068334268217
SSP126,Interactive,AFE,3,CAF,-0.12453393600515472
SSP126,Interactive,AFE,3,CAN,-0.02261674510662126
SSP126,Interactive,AFE,3,CHE,-0.04255199683211297
SSP126,Interactive,AFE,3,CHL,-0.0456006375520025
SSP126,Interactive,AFE,3,CHN,-0.11816919468347631
SSP126,Interactive,AFE,3,CIV,-0.11777525039011949
SSP126,Interactive,AFE,3,CMR,-0.12840829593947245
SSP126,Interactive,AFE,3,COD,-0.12585085260337736
SSP126,Interactive,AFE,3,COG,-0.11850296203244004
SSP126,Interactive,AFE,3,COL,-0.13010205789002238
SSP126,Interactive,AFE,3,CPV,-0.16732192848326422
SSP126,Interactive,AFE,3,CRI,-0.12296213644670462
SSP126,Interactive,AFE,3,CUB,-0.11832379421494688
SSP126,Interactive,AFE,3,CZE,-0.03162075922119856
SSP126,Interactive,AFE,3,DEU,-0.03641981650323134
SSP126,Interactive,AFE,3,DNK,-0.028572352338439466
SSP126,Interactive,AFE,3,DOM,-0.15582984503006259
SSP126,Interactive,AFE,3,DZA,-0.13557058494112362
SSP126,Interactive,AFE,3,ECU,-0.28550762328489276
SSP126,Interactive,AFE,3,EGY,-0.19441256516665473
SSP126,Interactive,AFE,3,ESP,-0.0929615172679813
SSP126,Interactive,AFE,3,EST,0.02704384222326417
SSP126,Interactive,AFE,3,ETH,-0.10111964116731786
SSP126,Interactive,AFE,3,FIN,0.07928314210229326
SSP126,Interactive,AFE,3,FJI,-0.06440293720912538
SSP126,Interactive,AFE,3,FRA,-0.06200542925152974
SSP126,Interactive,AFE,3,GAB,-0.12417741555828177
SSP126,Interactive,AFE,3,GBR,-0.0352386646550209
SSP126,Interactive,AFE,3,GEO,-0.03252737211756396
SSP126,Interactive,AFE,3,GHA,-0.11962043289844104
SSP126,Interactive,AFE,3,GIN,-0.13117856318565158
SSP126,Interactive,AFE,3,GNB,-0.2045213439296869
SSP126,Interactive,AFE,3,GNQ,-0.07865127021610274
SSP126,Interactive,AFE,3,GRC,-0.11270280126431187
SSP126,Interactive,AFE,3,GTM,-0.11208692706031265
SSP126,Interactive,AFE,3,GUY,-0.1532481679569494
SSP126,Interactive,AFE,3,HND,-0.12377397059507378
SSP126,Interactive,AFE,3,HRV,-0.07780584721986927
SSP126,Interactive,AFE,3,HTI,-0.1557301381768359
SSP126,Interactive,AFE,3,HUN,-0.06059860778277226
SSP126,Interactive,AFE,3,IDN,-0.10777764966025971
SSP126,Interactive,AFE,3,IND,-0.18889394463527542
SSP126,Interactive,AFE,3,IRL,-0.03323320754281345
SSP126,Interactive,AFE,3,IRN,-0.1223606428615206
SSP126,Interactive,AFE,3,IRQ,-0.22039304299516105
SSP126,Interactive,AFE,3,ISL,0.016187655127391842
SSP126,Interactive,AFE,3,ISR,-0.0435429541879756
SSP126,Interactive,AFE,3,ITA,-0.0877430129344905
SSP126,Interactive,AFE,3,JOR,-0.1656316400340191
SSP126,Interactive,AFE,3,JPN,-0.07926837396440711
SSP126,Interactive,AFE,3,KAZ,0.008668173088859588
SSP126,Interactive,AFE,3,KEN,-0.0907012159495344
SSP126,Interactive,AFE,3,KGZ,0.07813759320350111
SSP126,Interactive,AFE,3,KHM,-0.13792565286157144
SSP126,Interactive,AFE,3,KOR,-0.0899821681900902
SSP126,Interactive,AFE,3,KWT,-0.27939311796798694
SSP126,Interactive,AFE,3,LAO,-0.13904872369363663
SSP126,Interactive,AFE,3,LBN,-0.1112485223441344
SSP126,Interactive,AFE,3,LBR,-0.10865676358704002
SSP126,Interactive,AFE,3,LBY,-0.17587954644571413
SSP126,Interactive,AFE,3,LKA,-0.09718952996275032
SSP126,Interactive,AFE,3,LSO,-0.0772485234325383
SSP126,Interactive,AFE,3,LTU,-0.0069532054276980615
SSP126,Interactive,AFE,3,LVA,0.00503136879752919
SSP126,Interactive,AFE,3,MAR,-0.15544571103316374
SSP126,Interactive,AFE,3,MDA,-0.055628925068149204
SSP126,Interactive,AFE,3,MDG,-0.08465028265455476
SSP126,Interactive,AFE,3,MEX,-0.0874459180975401
SSP126,Interactive,AFE,3,MLI,-0.25124528074099484
SSP126,Interactive,AFE,3,MMR,-0.13583353991539782
SSP126,Interactive,AFE,3,MNE,-0.0637678318971946
SSP126,Interactive,AFE,3,MNG,0.19387878363965894
SSP126,Interactive,AFE,3,MOZ,-0.11388694831131563
SSP126,Interactive,AFE,3,MRT,-0.2865679160406701
SSP126,Interactive,AFE,3,MWI,-0.09879374338704328
SSP126,Interactive,AFE,3,MYS,-0.145417959891593
SSP126,Interactive,AFE,3,NAM,-0.17437437076827755
SSP126,Interactive,AFE,3,NER,-0.27006175402242705
SSP126,Interactive,AFE,3,NGA,-0.12796890708724018
SSP126,Interactive,AFE,3,NIC,-0.14703099216014426
SSP126,Interactive,AFE,3,NLD,-0.028367811024808343
SSP126,Interactive,AFE,3,NOR,0.007437721942815445
SSP126,Interactive,AFE,3,NPL,-0.11063908075469642
SSP126,Interactive,AFE,3,NZL,-0.0564809646120078
SSP126,Interactive,AFE,3,OMN,-0.2890350833208154
SSP126,Interactive,AFE,3,PAK,-0.21291545841359116
SSP126,Interactive,AFE,3,PAN,-0.1158669380556302
SSP126,Interactive,AFE,3,PER,-0.09664017510777334
SSP126,Interactive,AFE,3,PHL,-0.0988003464466144
SSP126,Interactive,AFE,3,PNG,-0.21363896722532794
SSP126,Interactive,AFE,3,POL,-0.02898650914868195
SSP126,Interactive,AFE,3,PRT,-0.08861193117611355
SSP126,Interactive,AFE,3,PRY,-0.14456715435152045
SSP126,Interactive,AFE,3,ROU,-0.04970028826230111
SSP126,Interactive,AFE,3,RUS,0.05434427280584475
SSP126,Interactive,AFE,3,RWA,-0.08824067666653679
SSP126,Interactive,AFE,3,SAU,-0.2700214039306653
SSP126,Interactive,AFE,3,SDN,-0.2713520721577065
SSP126,Interactive,AFE,3,SEN,-0.2528069409668623
SSP126,Interactive,AFE,3,SLB,-0.22373177786659537
SSP126,Interactive,AFE,3,SLE,-0.1135392103211067
SSP126,Interactive,AFE,3,SRB,-0.047674557770960746
SSP126,Interactive,AFE,3,SUR,-0.2267295073105301
SSP126,Interactive,AFE,3,SVK,-0.036227492289627294
SSP126,Interactive,AFE,3,SWE,0.0036861983870932757
SSP126,Interactive,AFE,3,SWZ,-0.07813604853131917
SSP126,Interactive,AFE,3,TCD,-0.2056849264673597
SSP126,Interactive,AFE,3,TGO,-0.1163174402491991
SSP126,Interactive,AFE,3,THA,-0.14096958152361017
SSP126,Interactive,AFE,3,TJK,0.05306869084608934
SSP126,Interactive,AFE,3,TKM,-0.14901905792268477
SSP126,Interactive,AFE,3,TUN,-0.1554177687698206
SSP126,Interactive,AFE,3,TUR,-0.07649553737509984
SSP126,Interactive,AFE,3,TZA,-0.09907707745877692
SSP126,Interactive,AFE,3,UGA,-0.0945790095218837
SSP126,Interactive,AFE,3,UKR,-0.04094229742389832
SSP126,Interactive,AFE,3,URY,-0.06971270485778791
SSP126,Interactive,AFE,3,USA,-0.08426254468957439
SSP126,Interactive,AFE,3,UZB,-0.0741832756453279
SSP126,Interactive,AFE,3,VNM,-0.13061791336890827
SSP126,Interactive,AFE,3,VUT,-0.074402595201296
SSP126,Interactive,AFE,3,YEM,-0.21461376258600606
SSP126,Interactive,AFE,3,ZAF,-0.09648737376984906
SSP126,Interactive,AFE,3,ZMB,-0.11153519851281646
SSP126,Interactive,AFE,3,ZWE,-0.11156504617418428
SSP126,Interactive,IFE,3,AFG,0.20208014319951362
SSP126,Interactive,IFE,3,AGO,-0.06450289837685308
SSP126,Interactive,IFE,3,ALB,0.05574724587290025
SSP126,Interactive,IFE,3,ARE,-0.34228702874546324
SSP126,Interactive,IFE,3,ARG,0.005647978331873027
SSP126,Interactive,IFE,3,ARM,0.2752951306470117
SSP126,Interactive,IFE,3,AUS,-0.0033622441288350124
SSP126,Interactive,IFE,3,AUT,0.17019237640870033
SSP126,Interactive,IFE,3,AZE,0.11049612232689388
SSP126,Interactive,IFE,3,BDI,-0.006492615344322883
SSP126,Interactive,IFE,3,BEL,0.11939219008067603
SSP126,Interactive,IFE,3,BEN,-0.15420776698214345
SSP126,Interactive,IFE,3,BFA,-0.24395923103704242
SSP126,Interactive,IFE,3,BGD,-0.135547377817672
SSP126,Interactive,IFE,3,BGR,0.09182011617345132
SSP126,Interactive,IFE,3,BHS,-0.052710725477723486
SSP126,Interactive,IFE,3,BIH,0.10338135026434658
SSP126,Interactive,IFE,3,BLR,0.2845758334972772
SSP126,Interactive,IFE,3,BLZ,-0.12390658310120961
SSP126,Interactive,IFE,3,BOL,0.036278430967802144
SSP126,Interactive,IFE,3,BRA,-0.06655925474609359
SSP126,Interactive,IFE,3,BTN,0.14127607534017894
SSP126,Interactive,IFE,3,BWA,-0.13579630253574937
SSP126,Interactive,IFE,3,CAF,-0.08767464363524435
SSP126,Interactive,IFE,3,CAN,0.32432102469758295
SSP126,Interactive,IFE,3,CHE,0.18372142098629496
SSP126,Interactive,IFE,3,CHL,0.0797625290466375
SSP126,Interactive,IFE,3,CHN,0.09548789582688388
SSP126,Interactive,IFE,3,CIV,-0.09668127358520473
SSP126,Interactive,IFE,3,CMR,-0.0806677835896582
SSP126,Interactive,IFE,3,COD,-0.07897155949524193
SSP126,Interactive,IFE,3,COG,-0.07348294193104221
SSP126,Interactive,IFE,3,COL,-0.07459761834164558
SSP126,Interactive,IFE,3,CPV,-0.1663462814415586
SSP126,Interactive,IFE,3,CRI,-0.11584391368326807
SSP126,Interactive,IFE,3,CUB,-0.10022697487792531
SSP126,Interactive,IFE,3,CZE,0.1969981167112409
SSP126,Interactive,IFE,3,DEU,0.16638930076471659
SSP126,Interactive,IFE,3,DNK,0.17733750561632378
SSP126,Interactive,IFE,3,DOM,-0.16269253491495916
SSP126,Interactive,IFE,3,DZA,-0.03731843062857043
SSP126,Interactive,IFE,3,ECU,-0.1908343554003441
SSP126,Interactive,IFE,3,EGY,-0.17038705779940566
SSP126,Interactive,IFE,3,ESP,0.04508798199018238
SSP126,Interactive,IFE,3,EST,0.41198186999432296
SSP126,Interactive,IFE,3,ETH,-0.03672716853904556
SSP126,Interactive,IFE,3,FIN,0.5926106654528742
SSP126,Interactive,IFE,3,FJI,-0.06008327821844783
SSP126,Interactive,IFE,3,FRA,0.10734527273421635
SSP126,Interactive,IFE,3,GAB,-0.10080041715149701
SSP126,Interactive,IFE,3,GBR,0.11086481048211416
SSP126,Interactive,IFE,3,GEO,0.1405821556881448
SSP126,Interactive,IFE,3,GHA,-0.10467799796852628
SSP126,Interactive,IFE,3,GIN,-0.10251662214561508
SSP126,Interactive,IFE,3,GNB,-0.22456736334311211
SSP126,Interactive,IFE,3,GNQ,-0.06286874488702954
SSP126,Interactive,IFE,3,GRC,-4.176223051822747e-4
SSP126,Interactive,IFE,3,GTM,-0.06934535358099925
SSP126,Interactive,IFE,3,GUY,-0.152065760154244
SSP126,Interactive,IFE,3,HND,-0.10286502607233239
SSP126,Interactive,IFE,3,HRV,0.10760513742503841
SSP126,Interactive,IFE,3,HTI,-0.15831429367223737
SSP126,Interactive,IFE,3,HUN,0.13979016413835543
SSP126,Interactive,IFE,3,IDN,-0.09665438571421081
SSP126,Interactive,IFE,3,IND,-0.14829192465471852
SSP126,Interactive,IFE,3,IRL,0.07962512892060047
SSP126,Interactive,IFE,3,IRN,0.0026093178488477697
SSP126,Interactive,IFE,3,IRQ,-0.1951144806830103
SSP126,Interactive,IFE,3,ISL,0.3392867184700685
SSP126,Interactive,IFE,3,ISR,-0.02310841507565753
SSP126,Interactive,IFE,3,ITA,0.06284783004933425
SSP126,Interactive,IFE,3,JOR,-0.09713887485205164
SSP126,Interactive,IFE,3,JPN,0.04357590383581145
SSP126,Interactive,IFE,3,KAZ,0.4271486945387095
SSP126,Interactive,IFE,3,KEN,-0.04454909071527546
SSP126,Interactive,IFE,3,KGZ,0.544705121986135
SSP126,Interactive,IFE,3,KHM,-0.09929168156071444
SSP126,Interactive,IFE,3,KOR,0.08360238881888016
SSP126,Interactive,IFE,3,KWT,-0.31501581631871056
SSP126,Interactive,IFE,3,LAO,-0.05128414120479985
SSP126,Interactive,IFE,3,LBN,-0.06293575086217496
SSP126,Interactive,IFE,3,LBR,-0.08036461395518202
SSP126,Interactive,IFE,3,LBY,-0.1352649844755941
SSP126,Interactive,IFE,3,LKA,-0.03800304569745472
SSP126,Interactive,IFE,3,LSO,0.0708239679577829
SSP126,Interactive,IFE,3,LTU,0.2836351011453797
SSP126,Interactive,IFE,3,LVA,0.3195665115638453
SSP126,Interactive,IFE,3,MAR,-0.06990566781973384
SSP126,Interactive,IFE,3,MDA,0.1459952662705677
SSP126,Interactive,IFE,3,MDG,-0.030484918525541915
SSP126,Interactive,IFE,3,MEX,-0.021094807329176457
SSP126,Interactive,IFE,3,MLI,-0.285289579435557
SSP126,Interactive,IFE,3,MMR,-0.059191167451811744
SSP126,Interactive,IFE,3,MNE,0.12233750376560759
SSP126,Interactive,IFE,3,MNG,0.8944158768337134
SSP126,Interactive,IFE,3,MOZ,-0.08300081009892768
SSP126,Interactive,IFE,3,MRT,-0.3333382182707093
SSP126,Interactive,IFE,3,MWI,-0.05507696223862979
SSP126,Interactive,IFE,3,MYS,-0.13616611595792716
SSP126,Interactive,IFE,3,NAM,-0.13935652882576077
SSP126,Interactive,IFE,3,NER,-0.31007861287748073
SSP126,Interactive,IFE,3,NGA,-0.10595785050013351
SSP126,Interactive,IFE,3,NIC,-0.13646232649118284
SSP126,Interactive,IFE,3,NLD,0.08687631108290361
SSP126,Interactive,IFE,3,NOR,0.2947926757297763
SSP126,Interactive,IFE,3,NPL,0.036974629757371424
SSP126,Interactive,IFE,3,NZL,0.0396443999808731
SSP126,Interactive,IFE,3,OMN,-0.33766235310874104
SSP126,Interactive,IFE,3,PAK,-0.1603329994006183
SSP126,Interactive,IFE,3,PAN,-0.0936433426409492
SSP126,Interactive,IFE,3,PER,0.048150107771553374
SSP126,Interactive,IFE,3,PHL,-0.08422205544046302
SSP126,Interactive,IFE,3,PNG,-0.1556034991700812
SSP126,Interactive,IFE,3,POL,0.20912489071478846
SSP126,Interactive,IFE,3,PRT,0.02798951926077997
SSP126,Interactive,IFE,3,PRY,-0.09228285539818848
SSP126,Interactive,IFE,3,ROU,0.157660797327406
SSP126,Interactive,IFE,3,RUS,0.5303325135253536
SSP126,Interactive,IFE,3,RWA,-0.007340702083418971
SSP126,Interactive,IFE,3,SAU,-0.3021622226169176
SSP126,Interactive,IFE,3,SDN,-0.31537360751604626
SSP126,Interactive,IFE,3,SEN,-0.28372170454975254
SSP126,Interactive,IFE,3,SLB,-0.2484310560675591
SSP126,Interactive,IFE,3,SLE,-0.08222632086413184
SSP126,Interactive,IFE,3,SRB,0.11129391573687286
SSP126,Interactive,IFE,3,SUR,-0.2451266410525632
SSP126,Interactive,IFE,3,SVK,0.1843423251870442
SSP126,Interactive,IFE,3,SWE,0.3072285619860182
SSP126,Interactive,IFE,3,SWZ,-0.014589737419350102
SSP126,Interactive,IFE,3,TCD,-0.2213496865210366
SSP126,Interactive,IFE,3,TGO,-0.09588968912166906
SSP126,Interactive,IFE,3,THA,-0.09904497837921822
SSP126,Interactive,IFE,3,TJK,0.41454394362847324
SSP126,Interactive,IFE,3,TKM,-0.016142032964167385
SSP126,Interactive,IFE,3,TUN,-0.08459008736824969
SSP126,Interactive,IFE,3,TUR,0.0823691853219286
SSP126,Interactive,IFE,3,TZA,-0.04519004681930394
SSP126,Interactive,IFE,3,UGA,-0.0337811353493066
SSP126,Interactive,IFE,3,UKR,0.1936337411439646
SSP126,Interactive,IFE,3,URY,-0.006834770081464714
SSP126,Interactive,IFE,3,USA,0.05959054341713599
SSP126,Interactive,IFE,3,UZB,0.15194907576137417
SSP126,Interactive,IFE,3,VNM,-0.06784458874109689
SSP126,Interactive,IFE,3,VUT,-0.018017650270651275
SSP126,Interactive,IFE,3,YEM,-0.2125072388687239
SSP126,Interactive,IFE,3,ZAF,-0.015210134411225873
SSP126,Interactive,IFE,3,ZMB,-0.055547282499055606
SSP126,Interactive,IFE,3,ZWE,-0.05982944557425707
SSP126,Interactive,AFE,4,AFG,-0.026302481044190418
SSP126,Interactive,AFE,4,AGO,-0.09517278715697275
SSP126,Interactive,AFE,4,ALB,-0.08726934476410508
SSP126,Interactive,AFE,4,ARE,-0.25267785308729274
SSP126,Interactive,AFE,4,ARG,-0.07137680068573127
SSP126,Interactive,AFE,4,ARM,0.014832090362369321
SSP126,Interactive,AFE,4,AUS,-0.07394078523230585
SSP126,Interactive,AFE,4,AUT,-0.0564022363282759
SSP126,Interactive,AFE,4,AZE,-0.0571836932912001
SSP126,Interactive,AFE,4,BDI,-0.107836213688282
SSP126,Interactive,AFE,4,BEL,-0.06211924414629444
SSP126,Interactive,AFE,4,BEN,-0.11197733252781417
SSP126,Interactive,AFE,4,BFA,-0.18031760690700482
SSP126,Interactive,AFE,4,BGD,-0.14468430654430886
SSP126,Interactive,AFE,4,BGR,-0.05528879726059088
SSP126,Interactive,AFE,4,BHS,-0.057697677067163444
SSP126,Interactive,AFE,4,BIH,-0.06538685401006628
SSP126,Interactive,AFE,4,BLR,0.003101314798298782
SSP126,Interactive,AFE,4,BLZ,-0.10657287099409785
SSP126,Interactive,AFE,4,BOL,-0.16300667639344302
SSP126,Interactive,AFE,4,BRA,-0.09508251393468037
SSP126,Interactive,AFE,4,BTN,-0.1589683818679537
SSP126,Interactive,AFE,4,BWA,-0.13897027823211694
SSP126,Interactive,AFE,4,CAF,-0.07741906111677554
SSP126,Interactive,AFE,4,CAN,-0.055179409295376236
SSP126,Interactive,AFE,4,CHE,-0.10540198003567858
SSP126,Interactive,AFE,4,CHL,-0.03834833359252754
SSP126,Interactive,AFE,4,CHN,-0.12160021298121093
SSP126,Interactive,AFE,4,CIV,-0.07223398238560685
SSP126,Interactive,AFE,4,CMR,-0.061800272678353196
SSP126,Interactive,AFE,4,COD,-0.08168828896194191
SSP126,Interactive,AFE,4,COG,-0.06848384152828335
SSP126,Interactive,AFE,4,COL,-0.07842882330755441
SSP126,Interactive,AFE,4,CPV,-0.14110040736221396
SSP126,Interactive,AFE,4,CRI,-0.07752298131279445
SSP126,Interactive,AFE,4,CUB,-0.08990465077811416
SSP126,Interactive,AFE,4,CZE,-0.03851910739899167
SSP126,Interactive,AFE,4,DEU,-0.049011911010463205
SSP126,Interactive,AFE,4,DNK,-0.03246235744058734
SSP126,Interactive,AFE,4,DOM,-0.12488986511434719
SSP126,Interactive,AFE,4,DZA,-0.10872288383992534
SSP126,Interactive,AFE,4,ECU,-0.21650849597965716
SSP126,Interactive,AFE,4,EGY,-0.16188994987405325
SSP126,Interactive,AFE,4,ESP,-0.08229828024627994
SSP126,Interactive,AFE,4,EST,0.03563565017474901
SSP126,Interactive,AFE,4,ETH,-0.09424990277899847
SSP126,Interactive,AFE,4,FIN,0.07617986304647273
SSP126,Interactive,AFE,4,FJI,-0.04195109665206842
SSP126,Interactive,AFE,4,FRA,-0.07746082177129421
SSP126,Interactive,AFE,4,GAB,-0.04880837618320455
SSP126,Interactive,AFE,4,GBR,-0.04300198855635173
SSP126,Interactive,AFE,4,GEO,-0.030338871672796253
SSP126,Interactive,AFE,4,GHA,-0.077423352244404
SSP126,Interactive,AFE,4,GIN,-0.0831022860373426
SSP126,Interactive,AFE,4,GNB,-0.16761289495958465
SSP126,Interactive,AFE,4,GNQ,-0.03521097339256751
SSP126,Interactive,AFE,4,GRC,-0.09364818287104615
SSP126,Interactive,AFE,4,GTM,-0.08421249414423548
SSP126,Interactive,AFE,4,GUY,-0.11585912958761146
SSP126,Interactive,AFE,4,HND,-0.09178620352097033
SSP126,Interactive,AFE,4,HRV,-0.07211295907935944
SSP126,Interactive,AFE,4,HTI,-0.1244147563613226
SSP126,Interactive,AFE,4,HUN,-0.04903410187213619
SSP126,Interactive,AFE,4,IDN,-0.02959052254551575
SSP126,Interactive,AFE,4,IND,-0.15595814722770007
SSP126,Interactive,AFE,4,IRL,-0.04403471753935917
SSP126,Interactive,AFE,4,IRN,-0.09492561734526461
SSP126,Interactive,AFE,4,IRQ,-0.1846592671922499
SSP126,Interactive,AFE,4,ISL,-0.05347114812630016
SSP126,Interactive,AFE,4,ISR,-0.03476296377297938
SSP126,Interactive,AFE,4,ITA,-0.07946124392478782
SSP126,Interactive,AFE,4,JOR,-0.13203422827824274
SSP126,Interactive,AFE,4,JPN,-0.11546707614497886
SSP126,Interactive,AFE,4,KAZ,0.035003578603827634
SSP126,Interactive,AFE,4,KEN,-0.08141140224235088
SSP126,Interactive,AFE,4,KGZ,0.08987395659164621
SSP126,Interactive,AFE,4,KHM,-0.05849916796411925
SSP126,Interactive,AFE,4,KOR,-0.10480572807180388
SSP126,Interactive,AFE,4,KWT,-0.24222828669899654
SSP126,Interactive,AFE,4,LAO,-0.11576447949388924
SSP126,Interactive,AFE,4,LBN,-0.0916494641923562
SSP126,Interactive,AFE,4,LBR,-0.04846128872480027
SSP126,Interactive,AFE,4,LBY,-0.14321968749562675
SSP126,Interactive,AFE,4,LKA,-0.028309774945930677
SSP126,Interactive,AFE,4,LSO,-0.11200751666422581
SSP126,Interactive,AFE,4,LTU,0.002778217789817905
SSP126,Interactive,AFE,4,LVA,0.012467585965306505
SSP126,Interactive,AFE,4,MAR,-0.12379653291490811
SSP126,Interactive,AFE,4,MDA,-0.03853542381805175
SSP126,Interactive,AFE,4,MDG,-0.07442601001905713
SSP126,Interactive,AFE,4,MEX,-0.08537111741102887
SSP126,Interactive,AFE,4,MLI,-0.21136572691350308
SSP126,Interactive,AFE,4,MMR,-0.10347400690860198
SSP126,Interactive,AFE,4,MNE,-0.06433057835523381
SSP126,Interactive,AFE,4,MNG,0.24289205537134695
SSP126,Interactive,AFE,4,MOZ,-0.09057687895417699
SSP126,Interactive,AFE,4,MRT,-0.2516309130957267
SSP126,Interactive,AFE,4,MWI,-0.08322036510524256
SSP126,Interactive,AFE,4,MYS,-0.040850892857828947
SSP126,Interactive,AFE,4,NAM,-0.1446986244002909
SSP126,Interactive,AFE,4,NER,-0.2324212367093068
SSP126,Interactive,AFE,4,NGA,-0.08113912553463554
SSP126,Interactive,AFE,4,NIC,-0.10931583437845893
SSP126,Interactive,AFE,4,NLD,-0.03841459797490754
SSP126,Interactive,AFE,4,NOR,-0.03410356356550992
SSP126,Interactive,AFE,4,NPL,-0.12028985047577534
SSP126,Interactive,AFE,4,NZL,-0.06637515942464212
SSP126,Interactive,AFE,4,OMN,-0.2540563587004031
SSP126,Interactive,AFE,4,PAK,-0.1773197220189645
SSP126,Interactive,AFE,4,PAN,-0.04162383965202865
SSP126,Interactive,AFE,4,PER,-0.13923938103069566
SSP126,Interactive,AFE,4,PHL,-0.028531228681554444
SSP126,Interactive,AFE,4,PNG,-0.11157056150713418
SSP126,Interactive,AFE,4,POL,-0.026878859774889685
SSP126,Interactive,AFE,4,PRT,-0.08709655053480425
SSP126,Interactive,AFE,4,PRY,-0.11845445050208914
SSP126,Interactive,AFE,4,ROU,-0.04073363692255638
SSP126,Interactive,AFE,4,RUS,0.07725247759022968
SSP126,Interactive,AFE,4,RWA,-0.09100350639378918
SSP126,Interactive,AFE,4,SAU,-0.23511793107895462
SSP126,Interactive,AFE,4,SDN,-0.23590481595247503
SSP126,Interactive,AFE,4,SEN,-0.21899644990921052
SSP126,Interactive,AFE,4,SLB,-0.043594085345303735
SSP126,Interactive,AFE,4,SLE,-0.05104919044587786
SSP126,Interactive,AFE,4,SRB,-0.045615085488452944
SSP126,Interactive,AFE,4,SUR,-0.1828547476116783
SSP126,Interactive,AFE,4,SVK,-0.038060563754702126
SSP126,Interactive,AFE,4,SWE,-0.005792388940603299
SSP126,Interactive,AFE,4,SWZ,-0.07630902248131288
SSP126,Interactive,AFE,4,TCD,-0.16739666086144145
SSP126,Interactive,AFE,4,TGO,-0.06399702189120615
SSP126,Interactive,AFE,4,THA,-0.07979023610888114
SSP126,Interactive,AFE,4,TJK,0.06676610529257032
SSP126,Interactive,AFE,4,TKM,-0.11274785475382032
SSP126,Interactive,AFE,4,TUN,-0.12494970072875111
SSP126,Interactive,AFE,4,TUR,-0.0668368002986125
SSP126,Interactive,AFE,4,TZA,-0.08560752829368834
SSP126,Interactive,AFE,4,UGA,-0.08058171551322035
SSP126,Interactive,AFE,4,UKR,-0.030419664237812283
SSP126,Interactive,AFE,4,URY,-0.06644018058894341
SSP126,Interactive,AFE,4,USA,-0.0935017291939586
SSP126,Interactive,AFE,4,UZB,-0.051038518711178704
SSP126,Interactive,AFE,4,VNM,-0.08991219922195048
SSP126,Interactive,AFE,4,VUT,-0.029486629651991114
SSP126,Interactive,AFE,4,YEM,-0.1830475534770698
SSP126,Interactive,AFE,4,ZAF,-0.09198077466163612
SSP126,Interactive,AFE,4,ZMB,-0.09505105707563266
SSP126,Interactive,AFE,4,ZWE,-0.09605656655250261
SSP126,Interactive,IFE,4,AFG,0.2510487099772438
SSP126,Interactive,IFE,4,AGO,-0.12478426777897278
SSP126,Interactive,IFE,4,ALB,0.0715490881085179
SSP126,Interactive,IFE,4,ARE,-0.2914875434972819
SSP126,Interactive,IFE,4,ARG,0.00987493547485463
SSP126,Interactive,IFE,4,ARM,0.36727523807405227
SSP126,Interactive,IFE,4,AUS,-0.006038029554776059
SSP126,Interactive,IFE,4,AUT,0.20778251341943532
SSP126,Interactive,IFE,4,AZE,0.15467433522582708
SSP126,Interactive,IFE,4,BDI,-0.09497570080537887
SSP126,Interactive,IFE,4,BEL,0.14128155770765716
SSP126,Interactive,IFE,4,BEN,-0.17852361244057535
SSP126,Interactive,IFE,4,BFA,-0.24588221291346335
SSP126,Interactive,IFE,4,BGD,-0.23897473321924145
SSP126,Interactive,IFE,4,BGR,0.13442848724099798
SSP126,Interactive,IFE,4,BHS,-0.1283808179055158
SSP126,Interactive,IFE,4,BIH,0.1221832747970164
SSP126,Interactive,IFE,4,BLR,0.3630208287843244
SSP126,Interactive,IFE,4,BLZ,-0.13943949261237543
SSP126,Interactive,IFE,4,BOL,-0.0743542990524656
SSP126,Interactive,IFE,4,BRA,-0.12527679288318017
SSP126,Interactive,IFE,4,BTN,0.09478261804387644
SSP126,Interactive,IFE,4,BWA,-0.129836774415931
SSP126,Interactive,IFE,4,CAF,-0.16000013480416597
SSP126,Interactive,IFE,4,CAN,0.41514247349117195
SSP126,Interactive,IFE,4,CHE,0.20605976931332148
SSP126,Interactive,IFE,4,CHL,0.11131766244550012
SSP126,Interactive,IFE,4,CHN,0.13035908544980446
SSP126,Interactive,IFE,4,CIV,-0.15488244968142129
SSP126,Interactive,IFE,4,CMR,-0.14809391598898236
SSP126,Interactive,IFE,4,COD,-0.15524994215641275
SSP126,Interactive,IFE,4,COG,-0.1505809952961421
SSP126,Interactive,IFE,4,COL,-0.15147986752899056
SSP126,Interactive,IFE,4,CPV,-0.12714297524574447
SSP126,Interactive,IFE,4,CRI,-0.15580829854265832
SSP126,Interactive,IFE,4,CUB,-0.15148522111884477
SSP126,Interactive,IFE,4,CZE,0.24631117169493777
SSP126,Interactive,IFE,4,DEU,0.20433569175912591
SSP126,Interactive,IFE,4,DNK,0.2188129189540593
SSP126,Interactive,IFE,4,DOM,-0.15974283481380547
SSP126,Interactive,IFE,4,DZA,-0.008903981752473533
SSP126,Interactive,IFE,4,ECU,-0.19865034198607312
SSP126,Interactive,IFE,4,EGY,-0.1216362996761855
SSP126,Interactive,IFE,4,ESP,0.06035415037950087
SSP126,Interactive,IFE,4,EST,0.5111100972637774
SSP126,Interactive,IFE,4,ETH,-0.08708994358758881
SSP126,Interactive,IFE,4,FIN,0.7185448485380472
SSP126,Interactive,IFE,4,FJI,-0.07976584140024434
SSP126,Interactive,IFE,4,FRA,0.11579413399197458
SSP126,Interactive,IFE,4,GAB,-0.1585763766934979
SSP126,Interactive,IFE,4,GBR,0.13440149446820615
SSP126,Interactive,IFE,4,GEO,0.1835856546744521
SSP126,Interactive,IFE,4,GHA,-0.16030607074769332
SSP126,Interactive,IFE,4,GIN,-0.1693356756776312
SSP126,Interactive,IFE,4,GNB,-0.21483582046219363
SSP126,Interactive,IFE,4,GNQ,-0.10626611274489739
SSP126,Interactive,IFE,4,GRC,0.02108870886620906
SSP126,Interactive,IFE,4,GTM,-0.12338858695132104
SSP126,Interactive,IFE,4,GUY,-0.1729984912566218
SSP126,Interactive,IFE,4,HND,-0.13410679675810966
SSP126,Interactive,IFE,4,HRV,0.1352876772784275
SSP126,Interactive,IFE,4,HTI,-0.17163608758675752
SSP126,Interactive,IFE,4,HUN,0.18001202837022245
SSP126,Interactive,IFE,4,IDN,-0.14685682757070206
SSP126,Interactive,IFE,4,IND,-0.2197202499361237
SSP126,Interactive,IFE,4,IRL,0.09943254426419457
SSP126,Interactive,IFE,4,IRN,0.04123978194904354
SSP126,Interactive,IFE,4,IRQ,-0.1483597044279561
SSP126,Interactive,IFE,4,ISL,0.4033240983817843
SSP126,Interactive,IFE,4,ISR,-0.013326519598852782
SSP126,Interactive,IFE,4,ITA,0.08030568962233042
SSP126,Interactive,IFE,4,JOR,-0.04941937768792837
SSP126,Interactive,IFE,4,JPN,-0.006131897730300762
SSP126,Interactive,IFE,4,KAZ,0.5166058484207667
SSP126,Interactive,IFE,4,KEN,-0.08957325925298965
SSP126,Interactive,IFE,4,KGZ,0.6585049564137067
SSP126,Interactive,IFE,4,KHM,-0.18160865643898094
SSP126,Interactive,IFE,4,KOR,0.0988689335436177
SSP126,Interactive,IFE,4,KWT,-0.2596959837902998
SSP126,Interactive,IFE,4,LAO,-0.15124874602596072
SSP126,Interactive,IFE,4,LBN,-0.04712758443815257
SSP126,Interactive,IFE,4,LBR,-0.14099583427648077
SSP126,Interactive,IFE,4,LBY,-0.08802394506917044
SSP126,Interactive,IFE,4,LKA,-0.1654718147325055
SSP126,Interactive,IFE,4,LSO,0.046630046050114116
SSP126,Interactive,IFE,4,LTU,0.3644880601922724
SSP126,Interactive,IFE,4,LVA,0.40572437281704676
SSP126,Interactive,IFE,4,MAR,-0.03118819582408605
SSP126,Interactive,IFE,4,MDA,0.19262399175918965
SSP126,Interactive,IFE,4,MDG,-0.08316118761031133
SSP126,Interactive,IFE,4,MEX,-0.06682834881546651
SSP126,Interactive,IFE,4,MLI,-0.27636015088083377
SSP126,Interactive,IFE,4,MMR,-0.15723466532750452
SSP126,Interactive,IFE,4,MNE,0.16262904373235898
SSP126,Interactive,IFE,4,MNG,1.0045067648194972
SSP126,Interactive,IFE,4,MOZ,-0.12079273341828833
SSP126,Interactive,IFE,4,MRT,-0.28167637611127017
SSP126,Interactive,IFE,4,MWI,-0.0960417554888583
SSP126,Interactive,IFE,4,MYS,-0.1648526170140443
SSP126,Interactive,IFE,4,NAM,-0.12787282658465138
SSP126,Interactive,IFE,4,NER,-0.27835741436781347
SSP126,Interactive,IFE,4,NGA,-0.16894749422575628
SSP126,Interactive,IFE,4,NIC,-0.16820451385318624
SSP126,Interactive,IFE,4,NLD,0.0986066345908001
SSP126,Interactive,IFE,4,NOR,0.37291669958300355
SSP126,Interactive,IFE,4,NPL,0.03241962811350452
SSP126,Interactive,IFE,4,NZL,0.03691235214399824
SSP126,Interactive,IFE,4,OMN,-0.28708285802652267
SSP126,Interactive,IFE,4,PAK,-0.12000800183518645
SSP126,Interactive,IFE,4,PAN,-0.15678697925239715
SSP126,Interactive,IFE,4,PER,-0.05091499820911838
SSP126,Interactive,IFE,4,PHL,-0.12680311521279508
SSP126,Interactive,IFE,4,PNG,-0.14295605505221043
SSP126,Interactive,IFE,4,POL,0.2641801282502385
SSP126,Interactive,IFE,4,PRT,0.025088302536264484
SSP126,Interactive,IFE,4,PRY,-0.1485583046139468
SSP126,Interactive,IFE,4,ROU,0.20429264349915277
SSP126,Interactive,IFE,4,RUS,0.6578545272239256
SSP126,Interactive,IFE,4,RWA,-0.07209444140642363
SSP126,Interactive,IFE,4,SAU,-0.2522673188607769
SSP126,Interactive,IFE,4,SDN,-0.2973545435514934
SSP126,Interactive,IFE,4,SEN,-0.24729984242699599
SSP126,Interactive,IFE,4,SLB,-0.1953113610599927
SSP126,Interactive,IFE,4,SLE,-0.14994557288914334
SSP126,Interactive,IFE,4,SRB,0.13643410283001933
SSP126,Interactive,IFE,4,SUR,-0.23232732023888159
SSP126,Interactive,IFE,4,SVK,0.2290373024114878
SSP126,Interactive,IFE,4,SWE,0.37218416164786805
SSP126,Interactive,IFE,4,SWZ,-0.033904711769396356
SSP126,Interactive,IFE,4,TCD,-0.23914410201490477
SSP126,Interactive,IFE,4,TGO,-0.16285002844980667
SSP126,Interactive,IFE,4,THA,-0.18835192057135863
SSP126,Interactive,IFE,4,TJK,0.5141768283680759
SSP126,Interactive,IFE,4,TKM,0.03591551833329687
SSP126,Interactive,IFE,4,TUN,-0.04723628837580107
SSP126,Interactive,IFE,4,TUR,0.11137290894239427
SSP126,Interactive,IFE,4,TZA,-0.10781907659146761
SSP126,Interactive,IFE,4,UGA,-0.10504921960351088
SSP126,Interactive,IFE,4,UKR,0.24349611076460942
SSP126,Interactive,IFE,4,URY,-0.013393158068139455
SSP126,Interactive,IFE,4,USA,0.06141407775037333
SSP126,Interactive,IFE,4,UZB,0.20249617112896612
SSP126,Interactive,IFE,4,VNM,-0.16306486705067558
SSP126,Interactive,IFE,4,VUT,-0.1017173818725905
SSP126,Interactive,IFE,4,YEM,-0.2064919147228762
SSP126,Interactive,IFE,4,ZAF,-0.03642056064275556
SSP126,Interactive,IFE,4,ZMB,-0.10547311471491883
SSP126,Interactive,IFE,4,ZWE,-0.09055207993910563
SSP126,Interactive,AFE,5,AFG,-0.048067390231542606
SSP126,Interactive,AFE,5,AGO,-0.030098827479287493
SSP126,Interactive,AFE,5,ALB,-0.11574881778842272
SSP126,Interactive,AFE,5,ARE,-0.26125081173037534
SSP126,Interactive,AFE,5,ARG,-0.08339807813570077
SSP126,Interactive,AFE,5,ARM,5.004331295825892e-4
SSP126,Interactive,AFE,5,AUS,-0.08033404560427271
SSP126,Interactive,AFE,5,AUT,-0.14699006308365337
SSP126,Interactive,AFE,5,AZE,-0.06125741566639309
SSP126,Interactive,AFE,5,BDI,-0.009077130336101469
SSP126,Interactive,AFE,5,BEL,-0.12604500789316053
SSP126,Interactive,AFE,5,BEN,-0.03796577920756283
SSP126,Interactive,AFE,5,BFA,-0.11990974269028254
SSP126,Interactive,AFE,5,BGD,-0.011089459907695054
SSP126,Interactive,AFE,5,BGR,-0.07026628035970217
SSP126,Interactive,AFE,5,BHS,0.027057561291392362
SSP126,Interactive,AFE,5,BIH,-0.12114939160248384
SSP126,Interactive,AFE,5,BLR,-0.06730060750956779
SSP126,Interactive,AFE,5,BLZ,-0.05924942624292784
SSP126,Interactive,AFE,5,BOL,-0.03208502634483068
SSP126,Interactive,AFE,5,BRA,-0.030367241994886274
SSP126,Interactive,AFE,5,BTN,-0.261934705536386
SSP126,Interactive,AFE,5,BWA,-0.10919521052426295
SSP126,Interactive,AFE,5,CAF,0.026024948154840688
SSP126,Interactive,AFE,5,CAN,-0.22369781116819865
SSP126,Interactive,AFE,5,CHE,-0.23384208189038225
SSP126,Interactive,AFE,5,CHL,-0.07153362406388808
SSP126,Interactive,AFE,5,CHN,-0.21115096234140673
SSP126,Interactive,AFE,5,CIV,0.01999412207814477
SSP126,Interactive,AFE,5,CMR,0.05534588627119952
SSP126,Interactive,AFE,5,COD,0.025103871670447253
SSP126,Interactive,AFE,5,COG,0.04039904535542416
SSP126,Interactive,AFE,5,COL,0.05258692819977662
SSP126,Interactive,AFE,5,CPV,-0.13456624534709483
SSP126,Interactive,AFE,5,CRI,0.0037248880195654976
SSP126,Interactive,AFE,5,CUB,-0.01619161665067037
SSP126,Interactive,AFE,5,CZE,-0.12073201459997074
SSP126,Interactive,AFE,5,DEU,-0.1314976376132332
SSP126,Interactive,AFE,5,DNK,-0.09867879467046325
SSP126,Interactive,AFE,5,DOM,-0.08256838395760724
SSP126,Interactive,AFE,5,DZA,-0.10009212268692069
SSP126,Interactive,AFE,5,ECU,0.27955606155070734
SSP126,Interactive,AFE,5,EGY,-0.14752401745942512
SSP126,Interactive,AFE,5,ESP,-0.10237056901421071
SSP126,Interactive,AFE,5,EST,-0.04252586605583408
SSP126,Interactive,AFE,5,ETH,-0.06375101444883435
SSP126,Interactive,AFE,5,FIN,-0.0392707859336725
SSP126,Interactive,AFE,5,FJI,-0.0024647774573430814
SSP126,Interactive,AFE,5,FRA,-0.13709074738190508
SSP126,Interactive,AFE,5,GAB,0.06206731650581365
SSP126,Interactive,AFE,5,GBR,-0.09959948301497212
SSP126,Interactive,AFE,5,GEO,-0.08847529116238406
SSP126,Interactive,AFE,5,GHA,0.013611361310259529
SSP126,Interactive,AFE,5,GIN,0.019256225437334518
SSP126,Interactive,AFE,5,GNB,-0.11927867309779261
SSP126,Interactive,AFE,5,GNQ,0.03908634739885164
SSP126,Interactive,AFE,5,GRC,-0.09426337383820915
SSP126,Interactive,AFE,5,GTM,-0.009783760269543751
SSP126,Interactive,AFE,5,GUY,-0.04858751732183608
SSP126,Interactive,AFE,5,HND,-0.030707304665133273
SSP126,Interactive,AFE,5,HRV,-0.1121025859682444
SSP126,Interactive,AFE,5,HTI,-0.06978961208574541
SSP126,Interactive,AFE,5,HUN,-0.07927172189466591
SSP126,Interactive,AFE,5,IDN,0.05864680357677998
SSP126,Interactive,AFE,5,IND,-0.06356207955669957
SSP126,Interactive,AFE,5,IRL,-0.10567437725549333
SSP126,Interactive,AFE,5,IRN,-0.07838349769113351
SSP126,Interactive,AFE,5,IRQ,-0.1678067913768697
SSP126,Interactive,AFE,5,ISL,-0.2216931712720418
SSP126,Interactive,AFE,5,ISR,-0.02974321174630723
SSP126,Interactive,AFE,5,ITA,-0.10611948342852995
SSP126,Interactive,AFE,5,JOR,-0.10834206035584759
SSP126,Interactive,AFE,5,JPN,-0.12572665118919157
SSP126,Interactive,AFE,5,KAZ,0.03049158699780663
SSP126,Interactive,AFE,5,KEN,-0.04697096316874905
SSP126,Interactive,AFE,5,KGZ,0.01942137877753436
SSP126,Interactive,AFE,5,KHM,0.07290197639709284
SSP126,Interactive,AFE,5,KOR,-0.1874890539872497
SSP126,Interactive,AFE,5,KWT,-0.24091754181881264
SSP126,Interactive,AFE,5,LAO,-0.02032423774194081
SSP126,Interactive,AFE,5,LBN,-0.08111582073049972
SSP126,Interactive,AFE,5,LBR,0.050781257458025086
SSP126,Interactive,AFE,5,LBY,-0.12565483523354248
SSP126,Interactive,AFE,5,LKA,0.12299266905172468
SSP126,Interactive,AFE,5,LSO,-0.1535610483215204
SSP126,Interactive,AFE,5,LTU,-0.06823937617206877
SSP126,Interactive,AFE,5,LVA,-0.06690888029341913
SSP126,Interactive,AFE,5,MAR,-0.10637537584276946
SSP126,Interactive,AFE,5,MDA,-0.05391792634272308
SSP126,Interactive,AFE,5,MDG,-0.027909132897337652
SSP126,Interactive,AFE,5,MEX,-0.04498718737842511
SSP126,Interactive,AFE,5,MLI,-0.15782456087072738
SSP126,Interactive,AFE,5,MMR,0.004141812583077886
SSP126,Interactive,AFE,5,MNE,-0.13334077208626705
SSP126,Interactive,AFE,5,MNG,0.36644839360463677
SSP126,Interactive,AFE,5,MOZ,-0.0381031958571022
SSP126,Interactive,AFE,5,MRT,-0.25566011922056087
SSP126,Interactive,AFE,5,MWI,-0.04141152957118732
SSP126,Interactive,AFE,5,MYS,0.05004010203447318
SSP126,Interactive,AFE,5,NAM,-0.11949081764766989
SSP126,Interactive,AFE,5,NER,-0.20640389861044317
SSP126,Interactive,AFE,5,NGA,0.018466956556881575
SSP126,Interactive,AFE,5,NIC,-0.0366413856745752
SSP126,Interactive,AFE,5,NLD,-0.08367877410461055
SSP126,Interactive,AFE,5,NOR,-0.19954440670607054
SSP126,Interactive,AFE,5,NPL,-0.18095460016848153
SSP126,Interactive,AFE,5,NZL,-0.09944640372816038
SSP126,Interactive,AFE,5,OMN,-0.25742549517436
SSP126,Interactive,AFE,5,PAK,-0.1558671684249643
SSP126,Interactive,AFE,5,PAN,0.06284530612426908
SSP126,Interactive,AFE,5,PER,-0.08771292067009195
SSP126,Interactive,AFE,5,PHL,0.049322769285795376
SSP126,Interactive,AFE,5,PNG,0.016918152769670014
SSP126,Interactive,AFE,5,POL,-0.0928089932358811
SSP126,Interactive,AFE,5,PRT,-0.10907498889067979
SSP126,Interactive,AFE,5,PRY,-0.052355052113788325
SSP126,Interactive,AFE,5,ROU,-0.08275745051933692
SSP126,Interactive,AFE,5,RUS,0.021824555251325428
SSP126,Interactive,AFE,5,RWA,-0.04929460098572169
SSP126,Interactive,AFE,5,SAU,-0.23361693048139276
SSP126,Interactive,AFE,5,SDN,-0.20356003134657663
SSP126,Interactive,AFE,5,SEN,-0.20558061322033383
SSP126,Interactive,AFE,5,SLB,-0.029943808635878755
SSP126,Interactive,AFE,5,SLE,0.05431728514757728
SSP126,Interactive,AFE,5,SRB,-0.08492417839615696
SSP126,Interactive,AFE,5,SUR,-0.12594798227387594
SSP126,Interactive,AFE,5,SVK,-0.10401468521019841
SSP126,Interactive,AFE,5,SWE,-0.09963990376300969
SSP126,Interactive,AFE,5,SWZ,-0.07693729219335455
SSP126,Interactive,AFE,5,TCD,-0.09517603612049275
SSP126,Interactive,AFE,5,TGO,0.03978196109485399
SSP126,Interactive,AFE,5,THA,0.04974365521693147
SSP126,Interactive,AFE,5,TJK,-0.0037457242292441295
SSP126,Interactive,AFE,5,TKM,-0.08344693515534662
SSP126,Interactive,AFE,5,TUN,-0.10703334057364278
SSP126,Interactive,AFE,5,TUR,-0.09517114813911798
SSP126,Interactive,AFE,5,TZA,-0.033199873814360625
SSP126,Interactive,AFE,5,UGA,-0.020648899604476356
SSP126,Interactive,AFE,5,UKR,-0.0682614540646963
SSP126,Interactive,AFE,5,URY,-0.07298328898977646
SSP126,Interactive,AFE,5,USA,-0.13966717949521468
SSP126,Interactive,AFE,5,UZB,-0.05550300062769298
SSP126,Interactive,AFE,5,VNM,0.022806947132388844
SSP126,Interactive,AFE,5,VUT,0.06450093611181229
SSP126,Interactive,AFE,5,YEM,-0.1468330527813776
SSP126,Interactive,AFE,5,ZAF,-0.08780776790254319
SSP126,Interactive,AFE,5,ZMB,-0.04532687196785001
SSP126,Interactive,AFE,5,ZWE,-0.06404831130322153
SSP126,Interactive,IFE,5,AFG,0.09398008284951764
SSP126,Interactive,IFE,5,AGO,-0.15029300687198222
SSP126,Interactive,IFE,5,ALB,-0.07084902009043281
SSP126,Interactive,IFE,5,ARE,-0.3509239122757508
SSP126,Interactive,IFE,5,ARG,-0.07300239507199535
SSP126,Interactive,IFE,5,ARM,0.2125927403606922
SSP126,Interactive,IFE,5,AUS,-0.09110924480578686
SSP126,Interactive,IFE,5,AUT,-0.015346334060522437
SSP126,Interactive,IFE,5,AZE,0.03505750521416018
SSP126,Interactive,IFE,5,BDI,-0.06387891687001723
SSP126,Interactive,IFE,5,BEL,-0.03259944502362755
SSP126,Interactive,IFE,5,BEN,-0.18686079637059227
SSP126,Interactive,IFE,5,BFA,-0.25892658760046605
SSP126,Interactive,IFE,5,BGD,-0.25360839618262776
SSP126,Interactive,IFE,5,BGR,0.017525077385257992
SSP126,Interactive,IFE,5,BHS,-0.12546508342375062
SSP126,Interactive,IFE,5,BIH,-0.04024190171656017
SSP126,Interactive,IFE,5,BLR,0.1319815559344053
SSP126,Interactive,IFE,5,BLZ,-0.16052362454176938
SSP126,Interactive,IFE,5,BOL,0.030256812134779487
SSP126,Interactive,IFE,5,BRA,-0.15077888268000073
SSP126,Interactive,IFE,5,BTN,-0.10159383850607884
SSP126,Interactive,IFE,5,BWA,-0.18658302652212255
SSP126,Interactive,IFE,5,CAF,-0.16617399241820507
SSP126,Interactive,IFE,5,CAN,0.00392697428283495
SSP126,Interactive,IFE,5,CHE,-0.05650744901172
SSP126,Interactive,IFE,5,CHL,-0.0012016113814935503
SSP126,Interactive,IFE,5,CHN,-0.13124904064113863
SSP126,Interactive,IFE,5,CIV,-0.16059467813481854
SSP126,Interactive,IFE,5,CMR,-0.1392245449563253
SSP126,Interactive,IFE,5,COD,-0.15868092841316384
SSP126,Interactive,IFE,5,COG,-0.15048546834593168
SSP126,Interactive,IFE,5,COL,-0.12528968373862126
SSP126,Interactive,IFE,5,CPV,-0.16957139524222198
SSP126,Interactive,IFE,5,CRI,-0.16881858167607955
SSP126,Interactive,IFE,5,CUB,-0.15621264713363303
SSP126,Interactive,IFE,5,CZE,0.02403920711546048
SSP126,Interactive,IFE,5,DEU,-0.0044465825934270065
SSP126,Interactive,IFE,5,DNK,0.031031276572741184
SSP126,Interactive,IFE,5,DOM,-0.17912643347267276
SSP126,Interactive,IFE,5,DZA,-0.09865768400703578
SSP126,Interactive,IFE,5,ECU,0.4143164150206571
SSP126,Interactive,IFE,5,EGY,-0.17247198481862913
SSP126,Interactive,IFE,5,ESP,-0.06750592954806323
SSP126,Interactive,IFE,5,EST,0.23176993316208594
SSP126,Interactive,IFE,5,ETH,-0.1336563727554465
SSP126,Interactive,IFE,5,FIN,0.3350724211943261
SSP126,Interactive,IFE,5,FJI,-0.08661151998271999
SSP126,Interactive,IFE,5,FRA,-0.055311591881194166
SSP126,Interactive,IFE,5,GAB,-0.1600832802525668
SSP126,Interactive,IFE,5,GBR,-0.01191236184068345
SSP126,Interactive,IFE,5,GEO,0.020379671500921237
SSP126,Interactive,IFE,5,GHA,-0.16079648713030736
SSP126,Interactive,IFE,5,GIN,-0.17657959990259964
SSP126,Interactive,IFE,5,GNB,-0.23491769327167467
SSP126,Interactive,IFE,5,GNQ,-0.10352255808641364
SSP126,Interactive,IFE,5,GRC,-0.07501699530584394
SSP126,Interactive,IFE,5,GTM,-0.13669739404172432
SSP126,Interactive,IFE,5,GUY,-0.1856273015057871
SSP126,Interactive,IFE,5,HND,-0.1543327406324141
SSP126,Interactive,IFE,5,HRV,-0.031528111680588444
SSP126,Interactive,IFE,5,HTI,-0.1859043222784822
SSP126,Interactive,IFE,5,HUN,0.026539122391387338
SSP126,Interactive,IFE,5,IDN,-0.16661415040376892
SSP126,Interactive,IFE,5,IND,-0.2445547965000796
SSP126,Interactive,IFE,5,IRL,-0.035917807305998695
SSP126,Interactive,IFE,5,IRN,-0.03736690888789174
SSP126,Interactive,IFE,5,IRQ,-0.20876697860469162
SSP126,Interactive,IFE,5,ISL,0.049833547888934904
SSP126,Interactive,IFE,5,ISR,-0.03194484628334293
SSP126,Interactive,IFE,5,ITA,-0.05846136931606416
SSP126,Interactive,IFE,5,JOR,-0.1043662753689909
SSP126,Interactive,IFE,5,JPN,-0.08447527354524331
SSP126,Interactive,IFE,5,KAZ,0.3219934137874352
SSP126,Interactive,IFE,5,KEN,-0.12109321833515574
SSP126,Interactive,IFE,5,KGZ,0.3716054565295148
SSP126,Interactive,IFE,5,KHM,-0.186278935653435
SSP126,Interactive,IFE,5,KOR,-0.1170866751238101
SSP126,Interactive,IFE,5,KWT,-0.3182280174110321
SSP126,Interactive,IFE,5,LAO,-0.17237124858237352
SSP126,Interactive,IFE,5,LBN,-0.09979794137820408
SSP126,Interactive,IFE,5,LBR,-0.14314188498638492
SSP126,Interactive,IFE,5,LBY,-0.14006773648300963
SSP126,Interactive,IFE,5,LKA,-0.15246308318968538
SSP126,Interactive,IFE,5,LSO,-0.08219895310151393
SSP126,Interactive,IFE,5,LTU,0.13105190644957987
SSP126,Interactive,IFE,5,LVA,0.1525788073540706
SSP126,Interactive,IFE,5,MAR,-0.10603965541818972
SSP126,Interactive,IFE,5,MDA,0.062139628928900015
SSP126,Interactive,IFE,5,MDG,-0.10496179226610558
SSP126,Interactive,IFE,5,MEX,-0.09270471493225396
SSP126,Interactive,IFE,5,MLI,-0.29630506068240425
SSP126,Interactive,IFE,5,MMR,-0.1671011278493324
SSP126,Interactive,IFE,5,MNE,-0.03420484941790802
SSP126,Interactive,IFE,5,MNG,0.9939733784089286
SSP126,Interactive,IFE,5,MOZ,-0.1441675138375501
SSP126,Interactive,IFE,5,MRT,-0.3416111685970461
SSP126,Interactive,IFE,5,MWI,-0.12633492202699115
SSP126,Interactive,IFE,5,MYS,-0.18862305936529566
SSP126,Interactive,IFE,5,NAM,-0.18661294485937174
SSP126,Interactive,IFE,5,NER,-0.3164138272538557
SSP126,Interactive,IFE,5,NGA,-0.17294081865689526
SSP126,Interactive,IFE,5,NIC,-0.1822744873046498
SSP126,Interactive,IFE,5,NLD,-0.015375150076333721
SSP126,Interactive,IFE,5,NOR,0.021888933214669892
SSP126,Interactive,IFE,5,NPL,-0.15184178583364294
SSP126,Interactive,IFE,5,NZL,-0.06430941266387968
SSP126,Interactive,IFE,5,OMN,-0.3462736155207492
SSP126,Interactive,IFE,5,PAK,-0.18976341722419565
SSP126,Interactive,IFE,5,PAN,-0.16745466485642624
SSP126,Interactive,IFE,5,PER,-0.06243011476549398
SSP126,Interactive,IFE,5,PHL,-0.14177658027415363
SSP126,Interactive,IFE,5,PNG,-0.09502568704711745
SSP126,Interactive,IFE,5,POL,0.05858815292318598
SSP126,Interactive,IFE,5,PRT,-0.09247158264074717
SSP126,Interactive,IFE,5,PRY,-0.1837265430798557
SSP126,Interactive,IFE,5,ROU,0.03781078902243307
SSP126,Interactive,IFE,5,RUS,0.3753342780606497
SSP126,Interactive,IFE,5,RWA,-0.10132658591078747
SSP126,Interactive,IFE,5,SAU,-0.310736099946185
SSP126,Interactive,IFE,5,SDN,-0.33079918436022016
SSP126,Interactive,IFE,5,SEN,-0.29472668611617747
SSP126,Interactive,IFE,5,SLB,-0.30318344997251045
SSP126,Interactive,IFE,5,SLE,-0.15362761561332194
SSP126,Interactive,IFE,5,SRB,-0.0027685300722083417
SSP126,Interactive,IFE,5,SUR,-0.25627900604086196
SSP126,Interactive,IFE,5,SVK,0.030196829422135085
SSP126,Interactive,IFE,5,SWE,0.10818940522705267
SSP126,Interactive,IFE,5,SWZ,-0.09752771830511864
SSP126,Interactive,IFE,5,TCD,-0.24836124398038595
SSP126,Interactive,IFE,5,TGO,-0.16362438754630482
SSP126,Interactive,IFE,5,THA,-0.19163590766189909
SSP126,Interactive,IFE,5,TJK,0.26893014460925
SSP126,Interactive,IFE,5,TKM,-0.03999475117391138
SSP126,Interactive,IFE,5,TUN,-0.11253296794470413
SSP126,Interactive,IFE,5,TUR,-0.02526212939144823
SSP126,Interactive,IFE,5,TZA,-0.13394019559419412
SSP126,Interactive,IFE,5,UGA,-0.12554581567407797
SSP126,Interactive,IFE,5,UKR,0.07165594693221533
SSP126,Interactive,IFE,5,URY,-0.07859011874360589
SSP126,Interactive,IFE,5,USA,-0.09031986029010564
SSP126,Interactive,IFE,5,UZB,0.06430936854228442
SSP126,Interactive,IFE,5,VNM,-0.1686491500329057
SSP126,Interactive,IFE,5,VUT,-0.09105190272707397
SSP126,Interactive,IFE,5,YEM,-0.2477854973699778
SSP126,Interactive,IFE,5,ZAF,-0.11421410688365052
SSP126,Interactive,IFE,5,ZMB,-0.13984290755994544
SSP126,Interactive,IFE,5,ZWE,-0.1371205946069236
