
  ___  ____  ____  ____  ____ ®
 /__    /   ____/   /   ____/      StataNow 19.5
___/   /   /___/   /   /___/       SE—Standard Edition

 Statistics and Data Science       Copyright 1985-2025 StataCorp LLC
                                   StataCorp
                                   4905 Lakeway Drive
                                   College Station, Texas 77845 USA
                                   800-782-8272        https://www.stata.com
                                   979-696-4600        service@stata.com

Stata license: Single-user , expiring  8 Jul 2027
Serial number: 401909324837
  Licensed to: Menghan Yuan
               Nord University

Notes:
      1. Stata is running in batch mode.
      2. Unicode is supported; see help unicode_advice.
      3. Maximum number of variables is set to 5,000 but can be increased;
          see help set_maxvar.

. do Revision_2026Aug/S1_dynamic_lagged_y.do 

. *! Dynamic panel: lagged dependent variable added to the M = 8 interactive mo
> del.
. *!
. *! Four columns:
. *!   (1) Stationary sample, within estimator (AFE) with L.logd_gdp
. *!   (2) Stationary sample, Arellano-Bond difference GMM (xtabond2)
. *!   (3) Full sample,       within estimator (AFE) with L.logd_gdp
. *!   (4) Full sample,       Arellano-Bond difference GMM (xtabond2)
. *!
. *! GMM specification follows S4-1_AB_estimator_xtabond2.do exactly:
. *!   gmm(L.logd_gdp)  -- lagged y instrumented by its own deeper lags
. *!   iv(climate i.year) -- weather treated as strictly exogenous
. *!   nolevel robust     -- difference GMM, robust SE
. *! Both samples get year FE and country-specific quadratic trends, as in the
. *! static specifications.
. *!
. *! Out: Revision_2026Aug/output/dynamic_lagged_y.txt / .csv / .tex
. 
. clear all

. set more off

. set linesize 200

. cd "/Users/menghan/Documents/GDP/Shared folder"
/Users/menghan/Documents/GDP/Shared folder

. capture mkdir "Revision_2026Aug/output"

. 
. local X8   tmp tmp2 pre pre2 tmp_pre tmp2_pre tmp_pre2 tmp2_pre2

. local KEEP L.logd_gdp `X8'

. 
. *==============================================================================*
. * Loop over the two samples
. *==============================================================================*
. foreach smp in stat full {
  2. 
.     if "`smp'" == "stat" {
  3.         use "data/GDP_reg_panelData.dta", clear
  4.     }
  5.     else {
  6.         use "data/GDP_reg_panelData_full_sample.dta", clear
  7.         capture drop if iso == "KIR"
  8.     }
  9. 
.     xtset country_id year
 10. 
.     * trend variables on the calendar year, as in S4-1
.     capture drop trend trend2
 11.     sort country_id year
 12.     bys country_id (year): gen trend = year - 1961
 13.     gen trend2 = trend^2
 14. 
.     *--- (a) within estimator with lagged y -----------------------------------*
.     reghdfe logd_gdp L.logd_gdp `X8', ///
>         absorb(i.year c.trend#i.country_id c.trend2#i.country_id) ///
>         vce(cluster country_id)
 15.     estimates store AFE_`smp'
 16. 
.     *--- (b) Arellano-Bond difference GMM ------------------------------------*
.     xtabond2 logd_gdp L.logd_gdp `X8' ///
>         i.year c.trend#i.country_id c.trend2#i.country_id, ///
>         gmm(L.logd_gdp) ///
>         iv(`X8' i.year) ///
>         nolevel robust
 17.     * xtabond2 already stores e(ar1p), e(ar2p), e(hansenp), e(j) -- no estadd needed
.     estimates store GMM_`smp'
 18. 
.     *--- (c) AB GMM with COLLAPSED instruments --------------------------------*
.     * The uncollapsed spec generates ~1,660 moment conditions against 122-170
.     * countries. Hansen p = 1.000 is then a symptom of a test with no power and
.     * an overfitted weight matrix, not evidence of valid instruments
.     * (Roodman 2009). `collapse` reduces the gmm() block to one instrument per
.     * lag distance instead of one per lag-by-period.
.     * The deterministic country trends must also be moved into iv(): they are
.     * strictly exogenous by construction, and without them the collapsed model
.     * is underidentified (244 trend regressors, no moment conditions). Note the
.     * uncollapsed column above leaves them out of iv() and relies on the
.     * oversized gmm() block to identify them -- itself questionable.
.     xtabond2 logd_gdp L.logd_gdp `X8' ///
>         i.year c.trend#i.country_id c.trend2#i.country_id, ///
>         gmm(L.logd_gdp, collapse) ///
>         iv(`X8' i.year c.trend#i.country_id c.trend2#i.country_id) ///
>         nolevel robust
 19.     estimates store GMMc_`smp'
 20. }

Panel variable: country_id (strongly balanced)
 Time variable: year, 1961 to 2019
         Delta: 1 year
(MWFE estimator converged in 27 iterations)

HDFE Linear regression                            Number of obs   =      6,334
Absorbing 3 HDFE groups                           F(   9,    121) =       1.90
Statistics robust to heteroskedasticity           Prob > F        =     0.0577
                                                  R-squared       =     0.1528
                                                  Adj R-squared   =     0.1093
                                                  Within R-sq.    =     0.0051
Number of clusters (country_id) =        122      Root MSE        =     0.0520

                           (Std. err. adjusted for 122 clusters in country_id)
------------------------------------------------------------------------------
             |               Robust
    logd_gdp | Coefficient  std. err.      t    P>|t|     [95% conf. interval]
-------------+----------------------------------------------------------------
    logd_gdp |
         L1. |   .0378371   .0757282     0.50   0.618    -.1120869    .1877611
             |
         tmp |   .0079767   .0041002     1.95   0.054    -.0001407    .0160941
        tmp2 |  -.0002933    .000132    -2.22   0.028    -.0005546   -.0000321
         pre |   .0466599   .0576711     0.81   0.420    -.0675153    .1608351
        pre2 |  -.0237515   .0286111    -0.83   0.408    -.0803947    .0328916
     tmp_pre |  -.0082191   .0057424    -1.43   0.155    -.0195877    .0031495
    tmp2_pre |   .0002697    .000161     1.68   0.096     -.000049    .0005883
    tmp_pre2 |   .0029844   .0024963     1.20   0.234    -.0019576    .0079265
   tmp2_pre2 |   -.000085   .0000576    -1.48   0.142     -.000199     .000029
       _cons |  -.0120146   .0347299    -0.35   0.730    -.0807716    .0567424
------------------------------------------------------------------------------

Absorbed degrees of freedom:
-------------------------------------------------------------+
         Absorbed FE | Categories  - Redundant  = Num. Coefs |
---------------------+---------------------------------------|
                year |        57           0          57     |
  country_id#c.trend |       122           0         122    ?|
 country_id#c.trend2 |       122           0         122    ?|
-------------------------------------------------------------+
? = number of redundant parameters may be higher
Favoring space over speed. To switch, type or click on mata: mata set matafavor speed, perm.
1961b.year dropped due to collinearity
1962.year dropped due to collinearity
1965.year dropped due to collinearity
1997.year dropped due to collinearity
2018.year dropped due to collinearity
Warning: Number of instruments may be large relative to number of observations.
Warning: Two-step estimated covariance matrix of moments is singular.
  Using a generalized inverse to calculate robust weighting matrix for Hansen test.
  Difference-in-Sargan/Hansen statistics may be negative.

Dynamic panel-data estimation, one-step difference GMM
------------------------------------------------------------------------------
Group variable: country_id                      Number of obs      =      6212
Time variable : year                            Number of groups   =       122
Number of instruments = 1660                    Obs per group: min =        17
Wald chi2(306)=  6.43e+07                                      avg =     50.92
Prob > chi2   =     0.000                                      max =        56
-------------------------------------------------------------------------------------
                    |               Robust
           logd_gdp | Coefficient  std. err.      z    P>|z|     [95% conf. interval]
--------------------+----------------------------------------------------------------
           logd_gdp |
                L1. |   .0077064   .0786258     0.10   0.922    -.1463973    .1618102
                    |
                tmp |   .0395153   .0154985     2.55   0.011     .0091388    .0698918
               tmp2 |  -.0012044   .0004024    -2.99   0.003    -.0019931   -.0004157
                pre |   .4593736   .2197285     2.09   0.037     .0287137    .8900335
               pre2 |  -.2458827   .1077826    -2.28   0.023    -.4571327   -.0346328
            tmp_pre |  -.0486947   .0197662    -2.46   0.014    -.0874357   -.0099536
           tmp2_pre |   .0012555   .0004646     2.70   0.007     .0003449    .0021661
           tmp_pre2 |   .0241229    .009393     2.57   0.010     .0057129    .0425329
          tmp2_pre2 |  -.0005829   .0002101    -2.77   0.006    -.0009947   -.0001712
                    |
               year |
              1963  |  -.0346385   .0310188    -1.12   0.264    -.0954343    .0261572
              1964  |  -.0052804   .0134107    -0.39   0.694    -.0315649    .0210042
              1966  |  -.0027775   .0071225    -0.39   0.697    -.0167374    .0111825
              1967  |  -.0105785   .0100589    -1.05   0.293    -.0302934    .0091365
              1968  |   .0034758    .011201     0.31   0.756    -.0184776    .0254293
              1969  |   .0170923   .0082858     2.06   0.039     .0008523    .0333322
              1970  |   .0113405   .0093292     1.22   0.224    -.0069445    .0296254
              1971  |     -.0009    .009431    -0.10   0.924    -.0193844    .0175845
              1972  |   .0059459   .0096921     0.61   0.540    -.0130503    .0249421
              1973  |  -.0028053   .0096525    -0.29   0.771    -.0217238    .0161133
              1974  |   -.008212   .0094419    -0.87   0.384    -.0267178    .0102938
              1975  |  -.0333993   .0097723    -3.42   0.001    -.0525527    -.014246
              1976  |   .0061556   .0127609     0.48   0.630    -.0188554    .0311665
              1977  |   -.016793    .010236    -1.64   0.101    -.0368553    .0032692
              1978  |   -.021166   .0133545    -1.58   0.113    -.0473402    .0050082
              1979  |  -.0101066   .0095723    -1.06   0.291    -.0288679    .0086546
              1980  |  -.0212719   .0094459    -2.25   0.024    -.0397854   -.0027583
              1981  |  -.0268098   .0105611    -2.54   0.011    -.0475091   -.0061105
              1982  |  -.0391762   .0105427    -3.72   0.000    -.0598396   -.0185128
              1983  |  -.0398758   .0124978    -3.19   0.001     -.064371   -.0153807
              1984  |  -.0192684    .010653    -1.81   0.070     -.040148    .0016111
              1985  |  -.0144631   .0082099    -1.76   0.078    -.0305543    .0016281
              1986  |  -.0105578   .0079367    -1.33   0.183    -.0261135    .0049979
              1987  |  -.0146849   .0084073    -1.75   0.081     -.031163    .0017931
              1988  |  -.0027402   .0089046    -0.31   0.758    -.0201929    .0147125
              1989  |  -.0138912   .0083071    -1.67   0.094    -.0301727    .0023903
              1990  |  -.0053843    .007105    -0.76   0.449    -.0193098    .0085412
              1991  |  -.0198738   .0148579    -1.34   0.181    -.0489946    .0092471
              1992  |  -.0108832   .0065456    -1.66   0.096    -.0237124    .0019459
              1993  |  -.0115101   .0067133    -1.71   0.086    -.0246679    .0016477
              1994  |  -.0155317    .008415    -1.85   0.065    -.0320248    .0009614
              1995  |   .0031862   .0058664     0.54   0.587    -.0083117    .0146841
              1996  |   .0075355   .0043335     1.74   0.082     -.000958    .0160289
              1998  |   -.002923   .0058185    -0.50   0.615     -.014327     .008481
              1999  |  -.0050138   .0050501    -0.99   0.321    -.0149118    .0048842
              2000  |    .001501   .0058243     0.26   0.797    -.0099145    .0129165
              2001  |  -.0076107   .0048209    -1.58   0.114    -.0170595    .0018382
              2002  |  -.0066251   .0069508    -0.95   0.341    -.0202483    .0069982
              2003  |  -.0003759   .0077597    -0.05   0.961    -.0155847    .0148329
              2004  |   .0204152   .0043531     4.69   0.000     .0118833    .0289471
              2005  |   .0124479    .004501     2.77   0.006      .003626    .0212697
              2006  |   .0198318   .0040913     4.85   0.000     .0118129    .0278507
              2007  |   .0190977   .0044265     4.31   0.000      .010422    .0277734
              2008  |   .0022898   .0047645     0.48   0.631    -.0070485    .0116281
              2009  |  -.0201081   .0048288    -4.16   0.000    -.0295724   -.0106438
              2010  |   .0225566   .0043397     5.20   0.000      .014051    .0310622
              2011  |  -.0004964    .007817    -0.06   0.949    -.0158176    .0148247
              2012  |   .0128913   .0079196     1.63   0.104    -.0026309    .0284135
              2013  |    .001822   .0048163     0.38   0.705    -.0076177    .0112617
              2014  |    .001829    .003481     0.53   0.599    -.0049937    .0086517
              2015  |  -.0019595    .004407    -0.44   0.657     -.010597    .0066781
              2016  |   .0006755   .0031653     0.21   0.831    -.0055283    .0068794
              2017  |   .0034204   .0022218     1.54   0.124    -.0009341     .007775
              2019  |  -.0051324   .0022297    -2.30   0.021    -.0095026   -.0007623
                    |
 country_id#c.trend |
                 1  |  -7.394147   9.825552    -0.75   0.452    -26.65187    11.86358
                 2  |   16.17424   18.11251     0.89   0.372    -19.32563    51.67411
                 3  |          0  (omitted)
                 4  |          0  (omitted)
                 5  |   14.59314   16.66697     0.88   0.381    -18.07352    47.25979
                 6  |          0  (omitted)
                 7  |          0  (omitted)
                 8  |          0  (omitted)
                 9  |          0  (omitted)
                10  |   10.78534   14.40549     0.75   0.454    -17.44889    39.01957
                11  |   -4.37148   10.52955    -0.42   0.678    -25.00901    16.26605
                12  |  -2.484218   8.951575    -0.28   0.781    -20.02898    15.06055
                13  |          0  (omitted)
                14  |   8.180293   13.67833     0.60   0.550    -18.62874    34.98933
                15  |          0  (omitted)
                16  |  -3.139503   7.837096    -0.40   0.689    -18.49993    12.22092
                17  |   1.000574   2.711257     0.37   0.712    -4.313392    6.314541
                18  |          0  (omitted)
                19  |          0  (omitted)
                20  |   3.957378   15.48312     0.26   0.798    -26.38898    34.30374
                21  |   25.80006   29.54762     0.87   0.383    -32.11222    83.71234
                22  |          0  (omitted)
                23  |   2.214505   5.026656     0.44   0.660     -7.63756    12.06657
                24  |   13.42724   20.25663     0.66   0.507    -26.27502     53.1295
                25  |   4.879928   7.639499     0.64   0.523    -10.09322    19.85307
                26  |          0  (omitted)
                27  |          0  (omitted)
                28  |          0  (omitted)
                29  |          0  (omitted)
                30  |          0  (omitted)
                31  |  -16.26885   19.27435    -0.84   0.399    -54.04589    21.50819
                32  |   .0078317   4.588119     0.00   0.999    -8.984716    9.000379
                33  |          0  (omitted)
                34  |          0  (omitted)
                35  |  -19.94437   19.31304    -1.03   0.302    -57.79723    17.90849
                36  |          0  (omitted)
                37  |   3.402506   14.73029     0.23   0.817    -25.46832    32.27333
                38  |          0  (omitted)
                39  |   2.669078   4.986108     0.54   0.592    -7.103513    12.44167
                40  |          0  (omitted)
                41  |   5.793567   12.17487     0.48   0.634    -18.06873    29.65586
                42  |  -49.27519   57.72286    -0.85   0.393    -162.4099    63.85953
                43  |   6.277877   11.87855     0.53   0.597    -17.00366    29.55941
                44  |   13.94543   17.35995     0.80   0.422    -20.07946    47.97031
                45  |  -6.809193   13.10773    -0.52   0.603    -32.49986    18.88148
                46  |   5.159485   11.36252     0.45   0.650    -17.11065    27.42962
                47  |          0  (omitted)
                48  |          0  (omitted)
                49  |          0  (omitted)
                50  |          0  (omitted)
                51  |          0  (omitted)
                52  |   18.77183   20.69511     0.91   0.364    -21.78983     59.3335
                53  |   2.170474   2.752322     0.79   0.430    -3.223977    7.564925
                54  |   3.886621   4.902136     0.79   0.428    -5.721388    13.49463
                55  |          0  (omitted)
                56  |          0  (omitted)
                57  |          0  (omitted)
                58  |          0  (omitted)
                59  |   11.95784   13.30634     0.90   0.369    -14.12212    38.03779
                60  |          0  (omitted)
                61  |   38.86776   42.54294     0.91   0.361    -44.51488    122.2504
                62  |  -4.406585   10.88966    -0.40   0.686    -25.74992    16.93675
                63  |          0  (omitted)
                64  |   56.25985   64.10501     0.88   0.380    -69.38367    181.9034
                65  |   7.740282    9.15862     0.85   0.398    -10.21028    25.69085
                66  |  -1.290017   1.967414    -0.66   0.512    -5.146076    2.566043
                67  |          0  (omitted)
                68  |  -13.75115   14.22387    -0.97   0.334    -41.62944    14.12713
                69  |          0  (omitted)
                70  |  -15.13491   17.29915    -0.87   0.382    -49.04062     18.7708
                71  |    .950164   5.248166     0.18   0.856    -9.336052    11.23638
                72  |          0  (omitted)
                73  |          0  (omitted)
                74  |  -13.66074   15.37116    -0.89   0.374    -43.78766    16.46618
                75  |  -2.985392   19.85478    -0.15   0.880    -41.90005    35.92927
                76  |   22.48761   24.02344     0.94   0.349    -24.59747    69.57268
                77  |  -15.22919   17.38173    -0.88   0.381    -49.29676    18.83838
                78  |  -28.13113   29.43871    -0.96   0.339    -85.82995    29.56768
                79  |  -12.79201   15.04013    -0.85   0.395    -42.27013     16.6861
                80  |          0  (omitted)
                81  |  -11.68066   16.18632    -0.72   0.471    -43.40527    20.04395
                82  |   6.647433   7.319372     0.91   0.364    -7.698273    20.99314
                83  |   -12.1698   14.13925    -0.86   0.389    -39.88221    15.54262
                84  |   6.776777    11.7679     0.58   0.565    -16.28788    29.84143
                85  |          0  (omitted)
                86  |          0  (omitted)
                87  |          0  (omitted)
                88  |          0  (omitted)
                89  |   5.530347   5.745557     0.96   0.336    -5.730738    16.79143
                90  |          0  (omitted)
                91  |  -4.496367   12.65719    -0.36   0.722      -29.304    20.31126
                92  |  -27.40977    33.7697    -0.81   0.417    -93.59717    38.77762
                93  |          0  (omitted)
                94  |  -3.126453    11.0902    -0.28   0.778    -24.86284    18.60994
                95  |          0  (omitted)
                96  |          0  (omitted)
                97  |          0  (omitted)
                98  |    3.01884   19.55658     0.15   0.877    -35.31136    41.34904
                99  |   1.499872   3.900113     0.38   0.701    -6.144209    9.143952
               100  |   10.67741   10.21946     1.04   0.296    -9.352368    30.70718
               101  |   14.97802   16.89515     0.89   0.375    -18.13586     48.0919
               102  |          0  (omitted)
               103  |   9.484097   11.28526     0.84   0.401     -12.6346     31.6028
               104  |  -29.18771   31.02876    -0.94   0.347    -90.00296    31.62755
               105  |          0  (omitted)
               106  |  -24.11214   26.28031    -0.92   0.359    -75.62061    27.39632
               107  |  -6.945541   11.64849    -0.60   0.551    -29.77617    15.88508
               108  |    3.18948   8.944026     0.36   0.721    -14.34049    20.71945
               109  |          0  (omitted)
               110  |  -1.198729   2.215723    -0.54   0.589    -5.541467    3.144008
               111  |  -16.82574   20.92457    -0.80   0.421    -57.83714    24.18565
               112  |   16.21876   22.53273     0.72   0.472    -27.94458     60.3821
               113  |   -11.3291   16.09056    -0.70   0.481    -42.86602    20.20783
               114  |          0  (omitted)
               115  |  -5.018941   6.473058    -0.78   0.438     -17.7059    7.668019
               116  |   -.683117   1.026641    -0.67   0.506    -2.695297    1.329063
               117  |  -1.749633   15.79583    -0.11   0.912     -32.7089    29.20963
               118  |          0  (omitted)
               119  |   1.810575     2.7153     0.67   0.505    -3.511316    7.132465
               120  |          0  (omitted)
               121  |          0  (omitted)
               122  |  -8.734678   12.14525    -0.72   0.472    -32.53893    15.06958
                    |
country_id#c.trend2 |
                 1  |   .0854845   .1726986     0.49   0.621    -.2529984    .4239675
                 2  |  -.0938074   .2833157    -0.33   0.741    -.6490961    .4614812
                 3  |          0  (omitted)
                 4  |          0  (omitted)
                 5  |  -.8983685   1.002844    -0.90   0.370    -2.863906    1.067169
                 6  |          0  (omitted)
                 7  |    .616436   .7739864     0.80   0.426    -.9005495    2.133422
                 8  |          0  (omitted)
                 9  |          0  (omitted)
                10  |   .7379646    .838456     0.88   0.379    -.9053789    2.381308
                11  |   .4949715   .5394792     0.92   0.359    -.5623882    1.552331
                12  |          0  (omitted)
                13  |  -1.328387    1.61226    -0.82   0.410    -4.488359    1.831585
                14  |   -.202489   .4047213    -0.50   0.617    -.9957282    .5907501
                15  |   .0003492   .0003829     0.91   0.362    -.0004014    .0010997
                16  |   2.341661   2.733126     0.86   0.392    -3.015168    7.698489
                17  |  -.2436721   .3055812    -0.80   0.425    -.8426002     .355256
                18  |          0  (omitted)
                19  |          0  (omitted)
                20  |    .113115   .2202519     0.51   0.608    -.3185707    .5448007
                21  |  -3.403774   3.979724    -0.86   0.392    -11.20389    4.396342
                22  |  -.6564235    .751947    -0.87   0.383    -2.130212    .8173655
                23  |   .4849034   .6478733     0.75   0.454     -.784905    1.754712
                24  |   .6323726   .9443648     0.67   0.503    -1.218548    2.483294
                25  |  -1.112525   1.319953    -0.84   0.399    -3.699585    1.474535
                26  |          0  (omitted)
                27  |   .6213481   .7955252     0.78   0.435    -.9378526    2.180549
                28  |   .7008353   .7725061     0.91   0.364    -.8132488    2.214919
                29  |   .0611528   .4706906     0.13   0.897    -.8613838    .9836893
                30  |          0  (omitted)
                31  |   .2446188   .4440228     0.55   0.582    -.6256499    1.114888
                32  |  -.1123215   .3157359    -0.36   0.722    -.7311525    .5065095
                33  |   3.499558   4.082416     0.86   0.391    -4.501829    11.50095
                34  |          0  (omitted)
                35  |   .4457899   .4438085     1.00   0.315    -.4240589    1.315639
                36  |   .2130505   .2970634     0.72   0.473     -.369183     .795284
                37  |  -1.630848   1.831354    -0.89   0.373    -5.220236     1.95854
                38  |          0  (omitted)
                39  |  -.6767104   .6477579    -1.04   0.296    -1.946293    .5928719
                40  |          0  (omitted)
                41  |  -1.405835   1.636529    -0.86   0.390    -4.613372    1.801703
                42  |   .9584145   1.118118     0.86   0.391    -1.233057    3.149886
                43  |  -.7478817   .9183003    -0.81   0.415    -2.547717    1.051954
                44  |  -.2260506   .3146451    -0.72   0.472    -.8427437    .3906426
                45  |  -.5782127   .7660455    -0.75   0.450    -2.079634    .9232088
                46  |  -.0450099   .0988212    -0.46   0.649    -.2386959    .1486762
                47  |   .9424553   1.144244     0.82   0.410    -1.300221    3.185131
                48  |          0  (omitted)
                49  |  -1.473236     1.9274    -0.76   0.445    -5.250871      2.3044
                50  |  -.3959489    .613421    -0.65   0.519    -1.598232    .8063341
                51  |   2.458699   2.882224     0.85   0.394    -3.190357    8.107754
                52  |  -.2794722   .3604725    -0.78   0.438    -.9859854    .4270409
                53  |   -.019153   .0241975    -0.79   0.429    -.0665792    .0282733
                54  |  -.3198222   .4029708    -0.79   0.427     -1.10963     .469986
                55  |  -.1579841   .3251018    -0.49   0.627     -.795172    .4792038
                56  |  -2.769327   3.237765    -0.86   0.392    -9.115231    3.576577
                57  |          0  (omitted)
                58  |   1.265832   1.367529     0.93   0.355    -1.414476     3.94614
                59  |  -.2174057   .2738054    -0.79   0.427    -.7540544     .319243
                60  |          0  (omitted)
                61  |  -1.857116   2.081765    -0.89   0.372      -5.9373    2.223069
                62  |   .0666434   .1645287     0.41   0.685    -.2558268    .3891137
                63  |          0  (omitted)
                64  |  -1.097841   1.256456    -0.87   0.382     -3.56045    1.364768
                65  |  -.1409109   .1657781    -0.85   0.395      -.46583    .1840082
                66  |   .0099592    .030271     0.33   0.742    -.0493707    .0692892
                67  |          0  (omitted)
                68  |   .8948477   .9157837     0.98   0.329    -.9000553    2.689751
                69  |          0  (omitted)
                70  |  -.1217371   .2596801    -0.47   0.639    -.6307007    .3872265
                71  |  -1.172538   1.328899    -0.88   0.378    -3.777131    1.432056
                72  |          0  (omitted)
                73  |  -.1146858   .1571641    -0.73   0.466    -.4227219    .1933503
                74  |   1.506974   1.733045     0.87   0.385    -1.889732     4.90368
                75  |   .0408999   .2557692     0.16   0.873    -.4603985    .5421982
                76  |  -1.862526   2.085062    -0.89   0.372    -5.949173    2.224121
                77  |   .7820513   .9501024     0.82   0.410    -1.080115    2.644218
                78  |   .8042952   .8409604     0.96   0.339     -.843957    2.452547
                79  |    1.62433   1.905871     0.85   0.394    -2.111108    5.359768
                80  |          0  (omitted)
                81  |          0  (omitted)
                82  |  -.1565883   .2945015    -0.53   0.595    -.7338005     .420624
                83  |   1.942528    2.27726     0.85   0.394    -2.520819    6.405875
                84  |   .0372883   .1215585     0.31   0.759    -.2009621    .2755386
                85  |          0  (omitted)
                86  |          0  (omitted)
                87  |          0  (omitted)
                88  |  -.8040483   1.121867    -0.72   0.474    -3.002867     1.39477
                89  |    .261991   .2951595     0.89   0.375    -.3165111     .840493
                90  |          0  (omitted)
                91  |  -.0742019   .4446507    -0.17   0.867    -.9457012    .7972974
                92  |          0  (omitted)
                93  |          0  (omitted)
                94  |  -.4654322   .5323364    -0.87   0.382    -1.508792     .577928
                95  |   2.324866   2.708578     0.86   0.391    -2.983849    7.633581
                96  |   -.027646   .4037653    -0.07   0.945    -.8190115    .7637195
                97  |  -2.136674   2.485699    -0.86   0.390    -7.008554    2.735206
                98  |  -.0358123   .2408235    -0.15   0.882    -.5078178    .4361931
                99  |  -.2593209   .3118464    -0.83   0.406    -.8705285    .3518868
               100  |  -.6652797   .5897887    -1.13   0.259    -1.821244    .4906849
               101  |  -1.414181   1.543554    -0.92   0.360    -4.439491     1.61113
               102  |   1.791151    1.80018     0.99   0.320    -1.737138    5.319439
               103  |  -.9353839   1.085196    -0.86   0.389    -3.062329    1.191561
               104  |   .6176106   .6773052     0.91   0.362    -.7098833    1.945104
               105  |          0  (omitted)
               106  |    .850924   .9408588     0.90   0.366    -.9931254    2.694973
               107  |  -1.143981     1.3186    -0.87   0.386     -3.72839    1.440428
               108  |   -.147122   .4236214    -0.35   0.728    -.9774048    .6831607
               109  |          0  (omitted)
               110  |   .0103219    .019311     0.53   0.593    -.0275269    .0481707
               111  |   .5677845   .8990056     0.63   0.528    -1.194234    2.329803
               112  |  -.7187498   .7808309    -0.92   0.357     -2.24915    .8116505
               113  |   2.861154   3.381587     0.85   0.397    -3.766633    9.488942
               114  |          0  (omitted)
               115  |   -.576648   .6312463    -0.91   0.361    -1.813868     .660572
               116  |   .0060245   .0091482     0.66   0.510    -.0119056    .0239546
               117  |    .007991   .3927781     0.02   0.984    -.7618399     .777822
               118  |  -.0135837   .0317544    -0.43   0.669    -.0758211    .0486538
               119  |  -.0134339   .0227409    -0.59   0.555    -.0580053    .0311376
               120  |          0  (omitted)
               121  |   .2448577   .4518372     0.54   0.588     -.640727    1.130442
               122  |    .782052   .8894058     0.88   0.379    -.9611512    2.525255
-------------------------------------------------------------------------------------
Instruments for first differences equation
  Standard
    D.(tmp tmp2 pre pre2 tmp_pre tmp2_pre tmp_pre2 tmp2_pre2 1961b.year
    1962.year 1963.year 1964.year 1965.year 1966.year 1967.year 1968.year
    1969.year 1970.year 1971.year 1972.year 1973.year 1974.year 1975.year
    1976.year 1977.year 1978.year 1979.year 1980.year 1981.year 1982.year
    1983.year 1984.year 1985.year 1986.year 1987.year 1988.year 1989.year
    1990.year 1991.year 1992.year 1993.year 1994.year 1995.year 1996.year
    1997.year 1998.year 1999.year 2000.year 2001.year 2002.year 2003.year
    2004.year 2005.year 2006.year 2007.year 2008.year 2009.year 2010.year
    2011.year 2012.year 2013.year 2014.year 2015.year 2016.year 2017.year
    2018.year 2019.year)
  GMM-type (missing=0, separate instruments for each period unless collapsed)
    L(1/58).L.logd_gdp
------------------------------------------------------------------------------
Arellano-Bond test for AR(1) in first differences: z =   1.77  Pr > z =  0.077
Arellano-Bond test for AR(2) in first differences: z =   1.77  Pr > z =  0.077
------------------------------------------------------------------------------
Sargan test of overid. restrictions: chi2(1353) =   0.00  Prob > chi2 =  1.000
  (Not robust, but not weakened by many instruments.)
Hansen test of overid. restrictions: chi2(1353) =   0.87  Prob > chi2 =  1.000
  (Robust, but weakened by many instruments.)

Favoring space over speed. To switch, type or click on mata: mata set matafavor speed, perm.
1961b.year dropped due to collinearity
1962.year dropped due to collinearity
1965.year dropped due to collinearity
1997.year dropped due to collinearity
2018.year dropped due to collinearity
Warning: Number of instruments may be large relative to number of observations.
Warning: Two-step estimated covariance matrix of moments is singular.
  Using a generalized inverse to calculate robust weighting matrix for Hansen test.
  Difference-in-Sargan/Hansen statistics may be negative.

Dynamic panel-data estimation, one-step difference GMM
------------------------------------------------------------------------------
Group variable: country_id                      Number of obs      =      6212
Time variable : year                            Number of groups   =       122
Number of instruments = 362                     Obs per group: min =        17
Wald chi2(306)=  74364.95                                      avg =     50.92
Prob > chi2   =     0.000                                      max =        56
-------------------------------------------------------------------------------------
                    |               Robust
           logd_gdp | Coefficient  std. err.      z    P>|z|     [95% conf. interval]
--------------------+----------------------------------------------------------------
           logd_gdp |
                L1. |   .0305731   .0695665     0.44   0.660    -.1057748    .1669209
                    |
                tmp |     .02121    .004542     4.67   0.000     .0123078    .0301122
               tmp2 |  -.0008811   .0002108    -4.18   0.000    -.0012944   -.0004679
                pre |   .0495935   .0499898     0.99   0.321    -.0483847    .1475718
               pre2 |  -.0314844   .0295716    -1.06   0.287    -.0894436    .0264749
            tmp_pre |  -.0114399   .0051271    -2.23   0.026    -.0214888   -.0013909
           tmp2_pre |   .0004598   .0001598     2.88   0.004     .0001465     .000773
           tmp_pre2 |   .0041729   .0025421     1.64   0.101    -.0008096    .0091554
          tmp2_pre2 |  -.0001329   .0000593    -2.24   0.025     -.000249   -.0000167
                    |
               year |
              1963  |  -.0056943   .0078836    -0.72   0.470    -.0211458    .0097573
              1964  |   .0058334   .0064962     0.90   0.369    -.0068988    .0185656
              1966  |  -.0088915   .0065897    -1.35   0.177    -.0218071    .0040241
              1967  |  -.0143404   .0067642    -2.12   0.034     -.027598   -.0010828
              1968  |   .0009484   .0060829     0.16   0.876    -.0109739    .0128707
              1969  |   .0075776   .0062335     1.22   0.224    -.0046398    .0197951
              1970  |   .0083566   .0075013     1.11   0.265    -.0063457     .023059
              1971  |  -.0128053   .0086943    -1.47   0.141    -.0298458    .0042352
              1972  |   -.007718    .008614    -0.90   0.370    -.0246011    .0091651
              1973  |  -.0093322   .0090696    -1.03   0.304    -.0271083    .0084439
              1974  |  -.0109844   .0076295    -1.44   0.150     -.025938    .0039691
              1975  |  -.0371998   .0082701    -4.50   0.000    -.0534088   -.0209907
              1976  |  -.0018325   .0073533    -0.25   0.803    -.0162447    .0125798
              1977  |  -.0131449   .0074363    -1.77   0.077    -.0277199      .00143
              1978  |  -.0144506   .0088355    -1.64   0.102     -.031768    .0028668
              1979  |  -.0095274   .0078148    -1.22   0.223     -.024844    .0057893
              1980  |  -.0205648   .0078804    -2.61   0.009    -.0360102   -.0051195
              1981  |  -.0209659   .0075654    -2.77   0.006    -.0357939   -.0061379
              1982  |  -.0362809   .0084856    -4.28   0.000    -.0529123   -.0196495
              1983  |  -.0346838   .0085877    -4.04   0.000    -.0515154   -.0178522
              1984  |  -.0168401   .0074965    -2.25   0.025    -.0315331   -.0021472
              1985  |  -.0166628   .0069656    -2.39   0.017    -.0303151   -.0030104
              1986  |  -.0119321   .0063792    -1.87   0.061     -.024435    .0005708
              1987  |  -.0090874    .006621    -1.37   0.170    -.0220644    .0038895
              1988  |  -.0096577   .0067939    -1.42   0.155    -.0229736    .0036581
              1989  |  -.0148531   .0065495    -2.27   0.023    -.0276899   -.0020163
              1990  |  -.0057034   .0070547    -0.81   0.419    -.0195302    .0081235
              1991  |  -.0230549   .0122986    -1.87   0.061    -.0471598    .0010499
              1992  |  -.0170073   .0051775    -3.28   0.001    -.0271551   -.0068596
              1993  |  -.0152439   .0056744    -2.69   0.007    -.0263655   -.0041222
              1994  |  -.0167882   .0078553    -2.14   0.033    -.0321843   -.0013921
              1995  |    .000759   .0051818     0.15   0.884    -.0093972    .0109152
              1996  |   .0049499   .0044718     1.11   0.268    -.0038147    .0137145
              1998  |  -.0028625   .0059185    -0.48   0.629    -.0144625    .0087375
              1999  |  -.0055404   .0046284    -1.20   0.231    -.0146118    .0035311
              2000  |   .0027605   .0048835     0.57   0.572     -.006811    .0123321
              2001  |  -.0034272   .0043345    -0.79   0.429    -.0119226    .0050683
              2002  |  -.0038081   .0055715    -0.68   0.494     -.014728    .0071119
              2003  |   .0006976   .0067455     0.10   0.918    -.0125233    .0139186
              2004  |   .0222136   .0047581     4.67   0.000     .0128879    .0315393
              2005  |   .0122966   .0043226     2.84   0.004     .0038244    .0207688
              2006  |   .0185365   .0038041     4.87   0.000     .0110806    .0259924
              2007  |   .0168026   .0039784     4.22   0.000      .009005    .0246001
              2008  |   .0006974   .0045179     0.15   0.877    -.0081576    .0095524
              2009  |  -.0208405   .0048536    -4.29   0.000    -.0303534   -.0113275
              2010  |    .019825   .0048511     4.09   0.000     .0103171     .029333
              2011  |  -.0026805   .0091037    -0.29   0.768    -.0205235    .0151624
              2012  |   .0118818   .0067691     1.76   0.079    -.0013854     .025149
              2013  |  -.0002194   .0052554    -0.04   0.967    -.0105198     .010081
              2014  |   .0019063   .0042615     0.45   0.655    -.0064461    .0102587
              2015  |  -.0010909   .0048403    -0.23   0.822    -.0105777     .008396
              2016  |   .0009137   .0034501     0.26   0.791    -.0058485    .0076758
              2017  |   .0027301   .0020509     1.33   0.183    -.0012895    .0067497
              2019  |  -.0066847   .0023197    -2.88   0.004    -.0112313   -.0021381
                    |
 country_id#c.trend |
                 1  |  -.0170391   .0018857    -9.04   0.000     -.020735   -.0133432
                 2  |   .0078565   .0008911     8.82   0.000     .0061099    .0096031
                 3  |  -.0018738   .0008058    -2.33   0.020    -.0034531   -.0002945
                 4  |   -.001254    .000876    -1.43   0.152    -.0029709    .0004629
                 5  |   .0009185   .0016304     0.56   0.573     -.002277     .004114
                 6  |  -.0011383   .0008066    -1.41   0.158    -.0027192    .0004426
                 7  |  -.0013735   .0008179    -1.68   0.093    -.0029766    .0002296
                 8  |   .0036073   .0008532     4.23   0.000     .0019351    .0052796
                 9  |   .0017564    .000925     1.90   0.058    -.0000566    .0035694
                10  |  -.0048217   .0039328    -1.23   0.220    -.0125299    .0028864
                11  |  -.0033982   .0007154    -4.75   0.000    -.0048004    -.001996
                12  |  -.0007534   .0019281    -0.39   0.696    -.0045323    .0030256
                13  |   .0029362   .0006495     4.52   0.000     .0016631    .0042093
                14  |  -.0229087   .0014275   -16.05   0.000    -.0257067   -.0201108
                15  |    .008353   .0044415     1.88   0.060    -.0003522    .0170581
                16  |   .0015122   .0016796     0.90   0.368    -.0017798    .0048042
                17  |    .000043   .0009466     0.05   0.964    -.0018123    .0018983
                18  |  -.0054432   .0022963    -2.37   0.018    -.0099438   -.0009426
                19  |  -.0024303   .0021635    -1.12   0.261    -.0066708    .0018102
                20  |  -.0012861   .0015317    -0.84   0.401    -.0042883     .001716
                21  |  -.0027366   .0033122    -0.83   0.409    -.0092285    .0037552
                22  |  -.0056482   .0023845    -2.37   0.018    -.0103217   -.0009747
                23  |  -.0005985   .0007126    -0.84   0.401    -.0019953    .0007982
                24  |   .0015044   .0052836     0.28   0.776    -.0088513      .01186
                25  |   .0078604   .0008235     9.55   0.000     .0062464    .0094745
                26  |   .0011229   .0006048     1.86   0.063    -.0000624    .0023082
                27  |  -.0118481   .0026028    -4.55   0.000    -.0169495   -.0067467
                28  |  -.0003914   .0006247    -0.63   0.531    -.0016158    .0008329
                29  |  -.0034751   .0027445    -1.27   0.205    -.0088542    .0019041
                30  |   .0005209   .0008051     0.65   0.518     -.001057    .0020988
                31  |  -.0005499   .0008231    -0.67   0.504    -.0021632    .0010634
                32  |  -.0184024   .0016476   -11.17   0.000    -.0216316   -.0151732
                33  |    .002816   .0006501     4.33   0.000     .0015418    .0040902
                34  |  -.0061378   .0016749    -3.66   0.000    -.0094206   -.0028551
                35  |  -.0130485   .0038578    -3.38   0.001    -.0206096   -.0054873
                36  |  -.0005237   .0009108    -0.57   0.565    -.0023089    .0012615
                37  |  -.0001268   .0006076    -0.21   0.835    -.0013176     .001064
                38  |  -.0020301   .0007699    -2.64   0.008    -.0035392    -.000521
                39  |  -.0018996   .0014168    -1.34   0.180    -.0046765    .0008773
                40  |  -.0024497   .0012186    -2.01   0.044    -.0048382   -.0000612
                41  |   .0005053   .0010635     0.48   0.635    -.0015791    .0025896
                42  |  -.0089337   .0023783    -3.76   0.000    -.0135951   -.0042723
                43  |  -.0075521   .0012624    -5.98   0.000    -.0100263    -.005078
                44  |  -.0074572   .0021382    -3.49   0.000    -.0116481   -.0032663
                45  |  -.0066006   .0009623    -6.86   0.000    -.0084866   -.0047146
                46  |  -.0060718   .0013471    -4.51   0.000    -.0087121   -.0034315
                47  |   .0116388   .0008917    13.05   0.000     .0098912    .0133865
                48  |   .0008885   .0008502     1.05   0.296    -.0007778    .0025548
                49  |   .0041117    .001048     3.92   0.000     .0020577    .0061657
                50  |    .004226   .0019847     2.13   0.033     .0003361    .0081159
                51  |  -.0010528    .001227    -0.86   0.391    -.0034577     .001352
                52  |  -.0067143   .0055203    -1.22   0.224    -.0175339    .0041053
                53  |   .0008399   .0037796     0.22   0.824     -.006568    .0082478
                54  |   .0010704   .0014723     0.73   0.467    -.0018152     .003956
                55  |  -.0006914   .0018032    -0.38   0.701    -.0042255    .0028427
                56  |  -.0034962   .0007203    -4.85   0.000    -.0049079   -.0020845
                57  |  -.0027422   .0010306    -2.66   0.008    -.0047621   -.0007224
                58  |   -.002625   .0008311    -3.16   0.002     -.004254    -.000996
                59  |  -.0013829   .0029823    -0.46   0.643     -.007228    .0044623
                60  |  -.0024627   .0010903    -2.26   0.024    -.0045997   -.0003256
                61  |  -.0015039   .0017024    -0.88   0.377    -.0048406    .0018328
                62  |  -.0205788   .0220115    -0.93   0.350    -.0637206    .0225629
                63  |  -.0021541   .0033723    -0.64   0.523    -.0087637    .0044555
                64  |   .0023644   .0029179     0.81   0.418    -.0033546    .0080834
                65  |  -.0573922   .0181682    -3.16   0.002    -.0930012   -.0217833
                66  |    .000039   .0157713     0.00   0.998    -.0308723    .0309503
                67  |    .002437   .0014368     1.70   0.090    -.0003791    .0052532
                68  |  -.0035747   .0007345    -4.87   0.000    -.0050143   -.0021352
                69  |  -.0011159   .0019743    -0.57   0.572    -.0049854    .0027536
                70  |  -.0032533   .0010813    -3.01   0.003    -.0053725    -.001134
                71  |   .0021513   .0016042     1.34   0.180    -.0009929    .0052955
                72  |  -.0012188   .0007158    -1.70   0.089    -.0026218    .0001842
                73  |   .0027553   .0022109     1.25   0.213     -.001578    .0070886
                74  |  -.0033883   .0010381    -3.26   0.001     -.005423   -.0013536
                75  |   .0718639   .0055105    13.04   0.000     .0610636    .0826642
                76  |   .0177638   .0059788     2.97   0.003     .0060456    .0294819
                77  |   .0052029   .0018714     2.78   0.005      .001535    .0088707
                78  |  -.0055341   .0057847    -0.96   0.339     -.016872    .0058038
                79  |   .0048887   .0009278     5.27   0.000     .0030702    .0067071
                80  |   -.001193   .0016652    -0.72   0.474    -.0044567    .0020707
                81  |   .0070063    .002168     3.23   0.001     .0027572    .0112554
                82  |  -.0039753   .0017931    -2.22   0.027    -.0074897   -.0004609
                83  |  -.0007624   .0021739    -0.35   0.726    -.0050232    .0034983
                84  |  -.0005199   .0031294    -0.17   0.868    -.0066535    .0056137
                85  |  -.0004254   .0007896    -0.54   0.590    -.0019731    .0011222
                86  |  -.0014664   .0015116    -0.97   0.332    -.0044292    .0014964
                87  |  -.0005129   .0011872    -0.43   0.666    -.0028398    .0018141
                88  |   -.003445   .0021306    -1.62   0.106    -.0076208    .0007309
                89  |  -.0354934   .0019771   -17.95   0.000    -.0393684   -.0316183
                90  |  -.0022362   .0006491    -3.45   0.001    -.0035084   -.0009641
                91  |  -.0001731   .0015931    -0.11   0.913    -.0032956    .0029493
                92  |   .0020749   .0019395     1.07   0.285    -.0017265    .0058762
                93  |  -.0012933   .0010782    -1.20   0.230    -.0034066    .0008201
                94  |   .0002784   .0017698     0.16   0.875    -.0031903    .0037471
                95  |  -.0027422   .0008884    -3.09   0.002    -.0044835   -.0010009
                96  |  -.0023516   .0009011    -2.61   0.009    -.0041177   -.0005855
                97  |  -.0000469   .0009142    -0.05   0.959    -.0018388     .001745
                98  |  -.0266425   .0074473    -3.58   0.000    -.0412389   -.0120461
                99  |   .0098394   .0013813     7.12   0.000      .007132    .0125468
               100  |  -.0347855   .0054927    -6.33   0.000     -.045551   -.0240201
               101  |   .0084737   .0011384     7.44   0.000     .0062424     .010705
               102  |   .0004117   .0007793     0.53   0.597    -.0011157    .0019391
               103  |   .0020983   .0033763     0.62   0.534    -.0045192    .0087158
               104  |   .0015375   .0020824     0.74   0.460    -.0025438    .0056189
               105  |  -.0018797   .0006442    -2.92   0.004    -.0031424   -.0006171
               106  |  -.0004862   .0024824    -0.20   0.845    -.0053517    .0043793
               107  |    .003788    .001247     3.04   0.002     .0013439    .0062321
               108  |  -.0006555   .0015896    -0.41   0.680     -.003771      .00246
               109  |  -.0015465   .0018153    -0.85   0.394    -.0051045    .0020116
               110  |   .0395538   .0128286     3.08   0.002     .0144102    .0646973
               111  |   .0041703   .0011803     3.53   0.000     .0018571    .0064836
               112  |  -.0018059   .0006449    -2.80   0.005    -.0030698   -.0005419
               113  |   .0015902   .0011817     1.35   0.178    -.0007259    .0039063
               114  |  -.0011187   .0009496    -1.18   0.239    -.0029799    .0007425
               115  |   .0059935   .0023615     2.54   0.011     .0013649     .010622
               116  |   .0030834   .0013106     2.35   0.019     .0005147    .0056522
               117  |  -.0058869   .0028641    -2.06   0.040    -.0115004   -.0002734
               118  |  -.0047399   .0025708    -1.84   0.065    -.0097786    .0002988
               119  |  -.0266689   .0050746    -5.26   0.000    -.0366149    -.016723
               120  |  -.0009134   .0016616    -0.55   0.583      -.00417    .0023433
               121  |   .0033062    .002506     1.32   0.187    -.0016055    .0082178
               122  |   .0025016   .0009124     2.74   0.006     .0007134    .0042898
                    |
country_id#c.trend2 |
                 1  |   .0002328   .0000357     6.51   0.000     .0001627    .0003028
                 2  |  -.0001182   .0000137    -8.60   0.000    -.0001451   -.0000913
                 3  |   .0000192   .0000114     1.69   0.092    -3.12e-06    .0000416
                 4  |    .000013   .0000142     0.92   0.360    -.0000149    .0000409
                 5  |  -.0000104   .0000157    -0.66   0.509    -.0000412    .0000204
                 6  |   .0000112   .0000117     0.96   0.337    -.0000117    .0000342
                 7  |   .0000311   .0000121     2.58   0.010     7.44e-06    .0000548
                 8  |  -.0000458   .0000101    -4.52   0.000    -.0000656   -.0000259
                 9  |  -8.08e-06    .000011    -0.74   0.461    -.0000296    .0000134
                10  |   .0000539   .0000525     1.03   0.304     -.000049    .0001568
                11  |   .0000548   .0000147     3.72   0.000     .0000259    .0000836
                12  |   5.51e-06    .000031     0.18   0.859    -.0000553    .0000663
                13  |  -.0000388   9.82e-06    -3.95   0.000    -.0000581   -.0000196
                14  |   .0002941   .0000242    12.16   0.000     .0002467    .0003415
                15  |  -.0001175   .0000536    -2.19   0.028    -.0002225   -.0000125
                16  |  -.0000315   .0000229    -1.38   0.168    -.0000764    .0000133
                17  |   .0000237   .0000203     1.17   0.244    -.0000161    .0000634
                18  |   .0000612   .0000316     1.94   0.052    -6.38e-07    .0001231
                19  |   .0000266     .00003     0.89   0.376    -.0000323    .0000854
                20  |  -2.73e-06   .0000162    -0.17   0.866    -.0000345     .000029
                21  |   6.95e-06   .0000233     0.30   0.765    -.0000387    .0000526
                22  |   .0000957   .0000277     3.46   0.001     .0000415      .00015
                23  |    .000015   .0000122     1.22   0.221    -9.00e-06     .000039
                24  |  -.0000125   .0000765    -0.16   0.870    -.0001624    .0001374
                25  |   -.000118   .0000131    -9.00   0.000    -.0001437   -.0000923
                26  |  -.0000146   8.70e-06    -1.67   0.094    -.0000316    2.49e-06
                27  |   .0001408   .0000272     5.17   0.000     .0000874    .0001942
                28  |  -2.20e-07   9.99e-06    -0.02   0.982    -.0000198    .0000194
                29  |   .0000403   .0000419     0.96   0.336    -.0000418    .0001225
                30  |  -2.58e-06   .0000142    -0.18   0.856    -.0000304    .0000253
                31  |   7.81e-06   .0000141     0.55   0.581    -.0000199    .0000355
                32  |   .0002251   .0000235     9.58   0.000      .000179    .0002711
                33  |  -.0000466   9.41e-06    -4.96   0.000    -.0000651   -.0000282
                34  |   .0000904    .000025     3.62   0.000     .0000415    .0001393
                35  |   .0001436   .0000602     2.38   0.017     .0000256    .0002617
                36  |  -4.12e-06   .0000125    -0.33   0.741    -.0000285    .0000203
                37  |  -6.19e-06   9.81e-06    -0.63   0.528    -.0000254     .000013
                38  |   .0000272   .0000111     2.45   0.014     5.46e-06     .000049
                39  |   .0000417     .00002     2.08   0.037     2.47e-06     .000081
                40  |     .00003    .000019     1.58   0.114    -7.19e-06    .0000672
                41  |  -2.92e-06    .000021    -0.14   0.890    -.0000441    .0000382
                42  |   .0001104    .000029     3.80   0.000     .0000535    .0001672
                43  |   .0001175    .000028     4.20   0.000     .0000626    .0001724
                44  |   .0001086   .0000376     2.89   0.004     .0000348    .0001824
                45  |   .0000899   .0000119     7.53   0.000     .0000665    .0001133
                46  |    .000073   .0000175     4.17   0.000     .0000387    .0001074
                47  |  -.0001341   .0000148    -9.06   0.000    -.0001631   -.0001051
                48  |  -7.55e-06   .0000112    -0.67   0.502    -.0000296    .0000145
                49  |  -.0000465   .0000101    -4.61   0.000    -.0000663   -.0000267
                50  |  -.0000515   .0000248    -2.08   0.038    -.0001002   -2.86e-06
                51  |   4.75e-06   .0000105     0.45   0.651    -.0000159    .0000254
                52  |   .0000902   .0000765     1.18   0.238    -.0000597    .0002401
                53  |  -.0000168   .0000576    -0.29   0.771    -.0001297    .0000961
                54  |  -.0000107   .0000228    -0.47   0.639    -.0000553     .000034
                55  |  -7.17e-06   .0000248    -0.29   0.772    -.0000557    .0000414
                56  |   .0000473   .0000106     4.47   0.000     .0000265     .000068
                57  |   .0000399    .000022     1.82   0.069    -3.16e-06     .000083
                58  |   .0000352   .0000144     2.45   0.014     7.06e-06    .0000634
                59  |   .0000231    .000032     0.72   0.469    -.0000395    .0000858
                60  |   .0000278   .0000134     2.07   0.038     1.48e-06    .0000542
                61  |   .0000244   .0000253     0.97   0.334    -.0000251    .0000739
                62  |   .0001913   .0002235     0.86   0.392    -.0002468    .0006294
                63  |   8.16e-06   .0000454     0.18   0.857    -.0000809    .0000972
                64  |   -.000025   .0000303    -0.83   0.409    -.0000844    .0000343
                65  |   .0005671   .0002046     2.77   0.006     .0001662     .000968
                66  |   .0000267   .0001649     0.16   0.872    -.0002966    .0003499
                67  |  -.0000458    .000012    -3.81   0.000    -.0000693   -.0000222
                68  |   .0000326   9.43e-06     3.46   0.001     .0000141    .0000511
                69  |   5.34e-06   .0000288     0.19   0.853    -.0000511    .0000618
                70  |   .0000333   .0000133     2.51   0.012     7.26e-06    .0000593
                71  |  -9.68e-06    .000019    -0.51   0.611     -.000047    .0000276
                72  |   .0000107   9.58e-06     1.12   0.264    -8.08e-06    .0000295
                73  |  -.0000287   .0000339    -0.85   0.397    -.0000952    .0000377
                74  |   1.56e-08   .0000483     0.00   1.000    -.0000947    .0000947
                75  |  -.0006856   .0000583   -11.75   0.000    -.0007999   -.0005712
                76  |  -.0002124   .0000642    -3.31   0.001    -.0003383   -.0000865
                77  |  -.0000497   .0000242    -2.06   0.040    -.0000971   -2.32e-06
                78  |   .0000756   .0000753     1.01   0.315    -.0000719    .0002231
                79  |  -.0000571   .0000135    -4.24   0.000    -.0000835   -.0000307
                80  |   .0000143   .0000206     0.69   0.487    -.0000261    .0000547
                81  |  -.0001023   .0000234    -4.37   0.000    -.0001482   -.0000564
                82  |   .0000641   .0000256     2.50   0.012     .0000138    .0001144
                83  |  -.0000114   .0000427    -0.27   0.789    -.0000952    .0000723
                84  |  -.0000171   .0000491    -0.35   0.728    -.0001133    .0000792
                85  |   4.02e-06   .0000118     0.34   0.734    -.0000192    .0000272
                86  |   .0000179   .0000285     0.63   0.530     -.000038    .0000738
                87  |   .0000182   .0000142     1.28   0.202    -9.75e-06    .0000461
                88  |   .0000413   .0000283     1.46   0.144    -.0000142    .0000968
                89  |   .0004219   .0000285    14.81   0.000      .000366    .0004777
                90  |   .0000142   9.09e-06     1.56   0.118    -3.61e-06     .000032
                91  |  -.0000172   .0000367    -0.47   0.639    -.0000891    .0000547
                92  |  -.0000403   .0000376    -1.07   0.284     -.000114    .0000334
                93  |   .0000252   .0000197     1.27   0.202    -.0000135    .0000638
                94  |   5.96e-06   .0000259     0.23   0.818    -.0000449    .0000568
                95  |   .0000363   .0000143     2.53   0.011     8.16e-06    .0000644
                96  |   .0000327   .0000137     2.39   0.017     5.88e-06    .0000596
                97  |  -8.33e-06   .0000161    -0.52   0.605    -.0000399    .0000233
                98  |   .0002511   .0000783     3.21   0.001     .0000976    .0004046
                99  |  -.0001187   .0000303    -3.92   0.000    -.0001781   -.0000593
               100  |    .000406   .0000786     5.16   0.000     .0002519    .0005601
               101  |  -.0001401   .0000148    -9.46   0.000    -.0001692   -.0001111
               102  |   5.81e-06   9.62e-06     0.60   0.546    -.0000131    .0000247
               103  |  -.0000264   .0000585    -0.45   0.651    -.0001412    .0000883
               104  |  -.0000348   .0000327    -1.06   0.288     -.000099    .0000294
               105  |   .0000128   8.71e-06     1.47   0.141    -4.24e-06    .0000299
               106  |   4.84e-06   .0000317     0.15   0.879    -.0000573     .000067
               107  |   -.000058   .0000242    -2.40   0.017    -.0001055   -.0000106
               108  |   .0000277   .0000198     1.40   0.161    -.0000111    .0000664
               109  |   .0000185   .0000218     0.85   0.396    -.0000243    .0000613
               110  |  -.0004386   .0001687    -2.60   0.009    -.0007692    -.000108
               111  |  -.0000632   .0000137    -4.60   0.000    -.0000901   -.0000362
               112  |   4.87e-06    .000011     0.44   0.658    -.0000167    .0000264
               113  |  -.0000278   .0000155    -1.79   0.074    -.0000582    2.68e-06
               114  |   .0000202    .000016     1.27   0.206    -.0000111    .0000516
               115  |  -.0000832   .0000303    -2.75   0.006    -.0001425   -.0000238
               116  |  -.0000609   .0000182    -3.34   0.001    -.0000965   -.0000252
               117  |   .0000739   .0000394     1.88   0.061    -3.28e-06    .0001511
               118  |   .0000772   .0000351     2.20   0.028     8.38e-06     .000146
               119  |   .0002936    .000068     4.32   0.000     .0001604    .0004269
               120  |   5.04e-06   .0000259     0.19   0.846    -.0000457    .0000558
               121  |  -.0000581   .0000451    -1.29   0.197    -.0001465    .0000302
               122  |   -.000056   .0000244    -2.29   0.022    -.0001039   -8.08e-06
-------------------------------------------------------------------------------------
Instruments for first differences equation
  Standard
    D.(tmp tmp2 pre pre2 tmp_pre tmp2_pre tmp_pre2 tmp2_pre2 1961b.year
    1962.year 1963.year 1964.year 1965.year 1966.year 1967.year 1968.year
    1969.year 1970.year 1971.year 1972.year 1973.year 1974.year 1975.year
    1976.year 1977.year 1978.year 1979.year 1980.year 1981.year 1982.year
    1983.year 1984.year 1985.year 1986.year 1987.year 1988.year 1989.year
    1990.year 1991.year 1992.year 1993.year 1994.year 1995.year 1996.year
    1997.year 1998.year 1999.year 2000.year 2001.year 2002.year 2003.year
    2004.year 2005.year 2006.year 2007.year 2008.year 2009.year 2010.year
    2011.year 2012.year 2013.year 2014.year 2015.year 2016.year 2017.year
    2018.year 2019.year 1b.country_id#c.trend 2.country_id#c.trend
    3.country_id#c.trend 4.country_id#c.trend 5.country_id#c.trend
    6.country_id#c.trend 7.country_id#c.trend 8.country_id#c.trend
    9.country_id#c.trend 10.country_id#c.trend 11.country_id#c.trend
    12.country_id#c.trend 13.country_id#c.trend 14.country_id#c.trend
    15.country_id#c.trend 16.country_id#c.trend 17.country_id#c.trend
    18.country_id#c.trend 19.country_id#c.trend 20.country_id#c.trend
    21.country_id#c.trend 22.country_id#c.trend 23.country_id#c.trend
    24.country_id#c.trend 25.country_id#c.trend 26.country_id#c.trend
    27.country_id#c.trend 28.country_id#c.trend 29.country_id#c.trend
    30.country_id#c.trend 31.country_id#c.trend 32.country_id#c.trend
    33.country_id#c.trend 34.country_id#c.trend 35.country_id#c.trend
    36.country_id#c.trend 37.country_id#c.trend 38.country_id#c.trend
    39.country_id#c.trend 40.country_id#c.trend 41.country_id#c.trend
    42.country_id#c.trend 43.country_id#c.trend 44.country_id#c.trend
    45.country_id#c.trend 46.country_id#c.trend 47.country_id#c.trend
    48.country_id#c.trend 49.country_id#c.trend 50.country_id#c.trend
    51.country_id#c.trend 52.country_id#c.trend 53.country_id#c.trend
    54.country_id#c.trend 55.country_id#c.trend 56.country_id#c.trend
    57.country_id#c.trend 58.country_id#c.trend 59.country_id#c.trend
    60.country_id#c.trend 61.country_id#c.trend 62.country_id#c.trend
    63.country_id#c.trend 64.country_id#c.trend 65.country_id#c.trend
    66.country_id#c.trend 67.country_id#c.trend 68.country_id#c.trend
    69.country_id#c.trend 70.country_id#c.trend 71.country_id#c.trend
    72.country_id#c.trend 73.country_id#c.trend 74.country_id#c.trend
    75.country_id#c.trend 76.country_id#c.trend 77.country_id#c.trend
    78.country_id#c.trend 79.country_id#c.trend 80.country_id#c.trend
    81.country_id#c.trend 82.country_id#c.trend 83.country_id#c.trend
    84.country_id#c.trend 85.country_id#c.trend 86.country_id#c.trend
    87.country_id#c.trend 88.country_id#c.trend 89.country_id#c.trend
    90.country_id#c.trend 91.country_id#c.trend 92.country_id#c.trend
    93.country_id#c.trend 94.country_id#c.trend 95.country_id#c.trend
    96.country_id#c.trend 97.country_id#c.trend 98.country_id#c.trend
    99.country_id#c.trend 100.country_id#c.trend 101.country_id#c.trend
    102.country_id#c.trend 103.country_id#c.trend 104.country_id#c.trend
    105.country_id#c.trend 106.country_id#c.trend 107.country_id#c.trend
    108.country_id#c.trend 109.country_id#c.trend 110.country_id#c.trend
    111.country_id#c.trend 112.country_id#c.trend 113.country_id#c.trend
    114.country_id#c.trend 115.country_id#c.trend 116.country_id#c.trend
    117.country_id#c.trend 118.country_id#c.trend 119.country_id#c.trend
    120.country_id#c.trend 121.country_id#c.trend 122.country_id#c.trend
    1b.country_id#c.trend2 2.country_id#c.trend2 3.country_id#c.trend2
    4.country_id#c.trend2 5.country_id#c.trend2 6.country_id#c.trend2
    7.country_id#c.trend2 8.country_id#c.trend2 9.country_id#c.trend2
    10.country_id#c.trend2 11.country_id#c.trend2 12.country_id#c.trend2
    13.country_id#c.trend2 14.country_id#c.trend2 15.country_id#c.trend2
    16.country_id#c.trend2 17.country_id#c.trend2 18.country_id#c.trend2
    19.country_id#c.trend2 20.country_id#c.trend2 21.country_id#c.trend2
    22.country_id#c.trend2 23.country_id#c.trend2 24.country_id#c.trend2
    25.country_id#c.trend2 26.country_id#c.trend2 27.country_id#c.trend2
    28.country_id#c.trend2 29.country_id#c.trend2 30.country_id#c.trend2
    31.country_id#c.trend2 32.country_id#c.trend2 33.country_id#c.trend2
    34.country_id#c.trend2 35.country_id#c.trend2 36.country_id#c.trend2
    37.country_id#c.trend2 38.country_id#c.trend2 39.country_id#c.trend2
    40.country_id#c.trend2 41.country_id#c.trend2 42.country_id#c.trend2
    43.country_id#c.trend2 44.country_id#c.trend2 45.country_id#c.trend2
    46.country_id#c.trend2 47.country_id#c.trend2 48.country_id#c.trend2
    49.country_id#c.trend2 50.country_id#c.trend2 51.country_id#c.trend2
    52.country_id#c.trend2 53.country_id#c.trend2 54.country_id#c.trend2
    55.country_id#c.trend2 56.country_id#c.trend2 57.country_id#c.trend2
    58.country_id#c.trend2 59.country_id#c.trend2 60.country_id#c.trend2
    61.country_id#c.trend2 62.country_id#c.trend2 63.country_id#c.trend2
    64.country_id#c.trend2 65.country_id#c.trend2 66.country_id#c.trend2
    67.country_id#c.trend2 68.country_id#c.trend2 69.country_id#c.trend2
    70.country_id#c.trend2 71.country_id#c.trend2 72.country_id#c.trend2
    73.country_id#c.trend2 74.country_id#c.trend2 75.country_id#c.trend2
    76.country_id#c.trend2 77.country_id#c.trend2 78.country_id#c.trend2
    79.country_id#c.trend2 80.country_id#c.trend2 81.country_id#c.trend2
    82.country_id#c.trend2 83.country_id#c.trend2 84.country_id#c.trend2
    85.country_id#c.trend2 86.country_id#c.trend2 87.country_id#c.trend2
    88.country_id#c.trend2 89.country_id#c.trend2 90.country_id#c.trend2
    91.country_id#c.trend2 92.country_id#c.trend2 93.country_id#c.trend2
    94.country_id#c.trend2 95.country_id#c.trend2 96.country_id#c.trend2
    97.country_id#c.trend2 98.country_id#c.trend2 99.country_id#c.trend2
    100.country_id#c.trend2 101.country_id#c.trend2 102.country_id#c.trend2
    103.country_id#c.trend2 104.country_id#c.trend2 105.country_id#c.trend2
    106.country_id#c.trend2 107.country_id#c.trend2 108.country_id#c.trend2
    109.country_id#c.trend2 110.country_id#c.trend2 111.country_id#c.trend2
    112.country_id#c.trend2 113.country_id#c.trend2 114.country_id#c.trend2
    115.country_id#c.trend2 116.country_id#c.trend2 117.country_id#c.trend2
    118.country_id#c.trend2 119.country_id#c.trend2 120.country_id#c.trend2
    121.country_id#c.trend2 122.country_id#c.trend2)
  GMM-type (missing=0, separate instruments for each period unless collapsed)
    L(1/58).L.logd_gdp collapsed
------------------------------------------------------------------------------
Arellano-Bond test for AR(1) in first differences: z =  -4.63  Pr > z =  0.000
Arellano-Bond test for AR(2) in first differences: z =  -0.47  Pr > z =  0.635
------------------------------------------------------------------------------
Sargan test of overid. restrictions: chi2(55)   = 117.09  Prob > chi2 =  0.000
  (Not robust, but not weakened by many instruments.)
Hansen test of overid. restrictions: chi2(55)   =   0.00  Prob > chi2 =  1.000
  (Robust, but weakened by many instruments.)


Panel variable: country_id (strongly balanced)
 Time variable: year, 1961 to 2019
         Delta: 1 year
(MWFE estimator converged in 41 iterations)

HDFE Linear regression                            Number of obs   =      7,836
Absorbing 3 HDFE groups                           F(   9,    169) =       2.68
Statistics robust to heteroskedasticity           Prob > F        =     0.0062
                                                  R-squared       =     0.1967
                                                  Adj R-squared   =     0.1529
                                                  Within R-sq.    =     0.0265
Number of clusters (country_id) =        170      Root MSE        =     0.0544

                           (Std. err. adjusted for 170 clusters in country_id)
------------------------------------------------------------------------------
             |               Robust
    logd_gdp | Coefficient  std. err.      t    P>|t|     [95% conf. interval]
-------------+----------------------------------------------------------------
    logd_gdp |
         L1. |   .1483628   .0731947     2.03   0.044     .0038691    .2928566
             |
         tmp |   .0106053   .0051409     2.06   0.041     .0004565     .020754
        tmp2 |  -.0003428   .0001492    -2.30   0.023    -.0006373   -.0000483
         pre |   .0819254   .0653211     1.25   0.212     -.047025    .2108758
        pre2 |  -.0372679   .0292319    -1.27   0.204    -.0949746    .0204389
     tmp_pre |  -.0107792   .0067949    -1.59   0.115     -.024193    .0026346
    tmp2_pre |   .0003083   .0001816     1.70   0.091    -.0000502    .0006669
    tmp_pre2 |   .0041257   .0026806     1.54   0.126    -.0011661    .0094174
   tmp2_pre2 |  -.0001074   .0000628    -1.71   0.089    -.0002313    .0000166
       _cons |  -.0444607   .0439269    -1.01   0.313    -.1311768    .0422553
------------------------------------------------------------------------------

Absorbed degrees of freedom:
-------------------------------------------------------------+
         Absorbed FE | Categories  - Redundant  = Num. Coefs |
---------------------+---------------------------------------|
                year |        57           0          57     |
  country_id#c.trend |       170           0         170    ?|
 country_id#c.trend2 |       170           0         170    ?|
-------------------------------------------------------------+
? = number of redundant parameters may be higher
Favoring space over speed. To switch, type or click on mata: mata set matafavor speed, perm.
1961b.year dropped due to collinearity
1962.year dropped due to collinearity
1965.year dropped due to collinearity
1999.year dropped due to collinearity
2017.year dropped due to collinearity
Warning: Number of instruments may be large relative to number of observations.
Warning: Two-step estimated covariance matrix of moments is singular.
  Using a generalized inverse to calculate robust weighting matrix for Hansen test.
  Difference-in-Sargan/Hansen statistics may be negative.

Dynamic panel-data estimation, one-step difference GMM
------------------------------------------------------------------------------
Group variable: country_id                      Number of obs      =      7666
Time variable : year                            Number of groups   =       170
Number of instruments = 1660                    Obs per group: min =         5
Wald chi2(402)=  1.39e+10                                      avg =     45.09
Prob > chi2   =     0.000                                      max =        56
-------------------------------------------------------------------------------------
                    |               Robust
           logd_gdp | Coefficient  std. err.      z    P>|z|     [95% conf. interval]
--------------------+----------------------------------------------------------------
           logd_gdp |
                L1. |   .0807419   .0741289     1.09   0.276    -.0645481    .2260319
                    |
                tmp |   .0481992    .014273     3.38   0.001     .0202246    .0761739
               tmp2 |  -.0013299   .0003793    -3.51   0.000    -.0020734   -.0005864
                pre |   .4160807   .2020218     2.06   0.039     .0201252    .8120362
               pre2 |  -.2199506   .1066858    -2.06   0.039     -.429051   -.0108502
            tmp_pre |  -.0452365   .0184812    -2.45   0.014     -.081459   -.0090139
           tmp2_pre |   .0011788   .0004379     2.69   0.007     .0003206     .002037
           tmp_pre2 |   .0221812   .0095629     2.32   0.020     .0034383    .0409241
          tmp2_pre2 |  -.0005422   .0002157    -2.51   0.012     -.000965   -.0001194
                    |
               year |
              1963  |  -.0360585   .0304734    -1.18   0.237    -.0957852    .0236683
              1964  |  -.0064949   .0134157    -0.48   0.628    -.0327892    .0197993
              1966  |  -.0013558    .007053    -0.19   0.848    -.0151795    .0124679
              1967  |  -.0072866   .0092937    -0.78   0.433     -.025502    .0109287
              1968  |   .0085325   .0103858     0.82   0.411    -.0118233    .0288883
              1969  |   .0188279   .0073381     2.57   0.010     .0044455    .0332103
              1970  |   .0126749   .0086543     1.46   0.143    -.0042872    .0296369
              1971  |   .0022001   .0085356     0.26   0.797    -.0145294    .0189296
              1972  |   .0129052   .0088569     1.46   0.145    -.0044541    .0302644
              1973  |   .0021878   .0089809     0.24   0.808    -.0154144      .01979
              1974  |  -.0019775   .0089155    -0.22   0.824    -.0194516    .0154967
              1975  |  -.0256346   .0092894    -2.76   0.006    -.0438416   -.0074276
              1976  |     .01683   .0120605     1.40   0.163    -.0068081    .0404682
              1977  |  -.0085963   .0095755    -0.90   0.369    -.0273638    .0101713
              1978  |  -.0101461   .0114766    -0.88   0.377    -.0326399    .0123476
              1979  |   -.001762   .0086231    -0.20   0.838    -.0186629     .015139
              1980  |  -.0125354   .0091174    -1.37   0.169    -.0304052    .0053344
              1981  |  -.0162468   .0097064    -1.67   0.094    -.0352709    .0027774
              1982  |  -.0278268   .0088991    -3.13   0.002    -.0452688   -.0103848
              1983  |  -.0291469   .0106305    -2.74   0.006    -.0499824   -.0083114
              1984  |  -.0079462   .0091186    -0.87   0.384    -.0258183    .0099259
              1985  |   -.005181   .0075447    -0.69   0.492    -.0199683    .0096062
              1986  |  -.0027614   .0074589    -0.37   0.711    -.0173806    .0118577
              1987  |  -.0057736    .007255    -0.80   0.426     -.019993    .0084459
              1988  |   .0061495   .0082886     0.74   0.458    -.0100959    .0223949
              1989  |   -.005386   .0069876    -0.77   0.441    -.0190813    .0083094
              1990  |   .0025056   .0072873     0.34   0.731    -.0117772    .0167884
              1991  |  -.0132365   .0166716    -0.79   0.427    -.0459123    .0194392
              1992  |  -.0109868   .0102851    -1.07   0.285    -.0311452    .0091717
              1993  |  -.0111903   .0078793    -1.42   0.156    -.0266336    .0042529
              1994  |   -.007161   .0079232    -0.90   0.366    -.0226902    .0083681
              1995  |   .0111483   .0074072     1.51   0.132    -.0033695    .0256661
              1996  |   .0236089   .0073475     3.21   0.001      .009208    .0380098
              1997  |   .0168419   .0076956     2.19   0.029     .0017587    .0319251
              1998  |  -.0011713   .0073277    -0.16   0.873    -.0155334    .0131908
              2000  |   .0046767   .0046429     1.01   0.314    -.0044232    .0137766
              2001  |   .0009343   .0056645     0.16   0.869    -.0101679    .0120364
              2002  |   .0027063   .0050792     0.53   0.594    -.0072488    .0126614
              2003  |   .0046166   .0074071     0.62   0.533    -.0099011    .0191343
              2004  |   .0271399    .005714     4.75   0.000     .0159408    .0383391
              2005  |    .020833   .0053393     3.90   0.000     .0103681    .0312978
              2006  |   .0247789   .0047508     5.22   0.000     .0154675    .0340904
              2007  |   .0237231   .0047409     5.00   0.000     .0144311     .033015
              2008  |   .0037671   .0052929     0.71   0.477    -.0066068    .0141411
              2009  |  -.0279907   .0053026    -5.28   0.000    -.0383836   -.0175978
              2010  |    .019122   .0043515     4.39   0.000     .0105933    .0276507
              2011  |   .0033347   .0054508     0.61   0.541    -.0073487    .0140181
              2012  |   .0081788   .0092628     0.88   0.377     -.009976    .0263335
              2013  |   .0043975   .0045253     0.97   0.331    -.0044719    .0132669
              2014  |   .0027781   .0030395     0.91   0.361    -.0031793    .0087355
              2015  |  -.0043841   .0035333    -1.24   0.215    -.0113093    .0025411
              2016  |  -.0025624   .0028446    -0.90   0.368    -.0081377     .003013
              2018  |  -.0016043   .0018838    -0.85   0.394    -.0052966     .002088
              2019  |  -.0048647   .0034153    -1.42   0.154    -.0115586    .0018293
                    |
 country_id#c.trend |
                 1  |  -67.10587   93.49687    -0.72   0.473    -250.3564    116.1446
                 2  |          0  (omitted)
                 3  |   40.99635   43.49466     0.94   0.346    -44.25162    126.2443
                 4  |  -11.53189   20.02251    -0.58   0.565    -50.77529    27.71152
                 5  |   8.033461   20.22586     0.40   0.691     -31.6085    47.67542
                 6  |  -12.83535   32.26781    -0.40   0.691    -76.07909    50.40838
                 7  |          0  (omitted)
                 8  |          0  (omitted)
                 9  |   16.59964   19.30998     0.86   0.390    -21.24723    54.44651
                10  |   19.59181   25.84921     0.76   0.448    -31.07172    70.25533
                11  |          0  (omitted)
                12  |          0  (omitted)
                13  |          0  (omitted)
                14  |          0  (omitted)
                15  |          0  (omitted)
                16  |          0  (omitted)
                17  |  -3.904144   4.600016    -0.85   0.396    -12.92001    5.111722
                18  |          0  (omitted)
                19  |          0  (omitted)
                20  |          0  (omitted)
                21  |          0  (omitted)
                22  |          0  (omitted)
                23  |   17.75538   23.44783     0.76   0.449    -28.20153    63.71229
                24  |  -33.25196   34.85497    -0.95   0.340    -101.5664    35.06252
                25  |  -12.09869   14.23212    -0.85   0.395    -39.99313    15.79574
                26  |          0  (omitted)
                27  |          0  (omitted)
                28  |  -2.784943   29.96156    -0.09   0.926    -61.50852    55.93863
                29  |  -5.633507   13.97356    -0.40   0.687    -33.02119    21.75417
                30  |   21.35242   35.19228     0.61   0.544    -47.62319    90.32803
                31  |  -8.225486   34.79864    -0.24   0.813    -76.42957     59.9786
                32  |  -9.181325   42.75057    -0.21   0.830    -92.97089    74.60824
                33  |   19.79822   27.48976     0.72   0.471    -34.08072    73.67716
                34  |          0  (omitted)
                35  |          0  (omitted)
                36  |  -23.44339   38.12244    -0.61   0.539    -98.16199    51.27522
                37  |          0  (omitted)
                38  |          0  (omitted)
                39  |          0  (omitted)
                40  |          0  (omitted)
                41  |          0  (omitted)
                42  |          0  (omitted)
                43  |   6.254023   13.00703     0.48   0.631    -19.23928    31.74733
                44  |    4.70232   18.06559     0.26   0.795    -30.70559    40.11023
                45  |          0  (omitted)
                46  |          0  (omitted)
                47  |  -.6475052   .7251555    -0.89   0.372    -2.068784    .7737735
                48  |          0  (omitted)
                49  |   58.92334   73.61595     0.80   0.423    -85.36126    203.2079
                50  |          0  (omitted)
                51  |          0  (omitted)
                52  |  -21.86206   25.72329    -0.85   0.395    -72.27879    28.55466
                53  |          0  (omitted)
                54  |   7.536641   8.116332     0.93   0.353    -8.371078    23.44436
                55  |          0  (omitted)
                56  |  -1.718955   15.84268    -0.11   0.914    -32.77004    29.33213
                57  |          0  (omitted)
                58  |          0  (omitted)
                59  |          0  (omitted)
                60  |  -5.867241   7.612108    -0.77   0.441     -20.7867    9.052218
                61  |   .0907333   2.840822     0.03   0.975    -5.477176    5.658642
                62  |  -18.37134   46.99655    -0.39   0.696    -110.4829    73.74021
                63  |   5.965564   21.58117     0.28   0.782    -36.33274    48.26387
                64  |          0  (omitted)
                65  |          0  (omitted)
                66  |          0  (omitted)
                67  |          0  (omitted)
                68  |          0  (omitted)
                69  |          0  (omitted)
                70  |   12.16293   26.03335     0.47   0.640     -38.8615    63.18735
                71  |          0  (omitted)
                72  |          0  (omitted)
                73  |   1.928547   2.399737     0.80   0.422    -2.774852    6.631945
                74  |   -4.94752   5.176395    -0.96   0.339    -15.09307    5.198028
                75  |          0  (omitted)
                76  |          0  (omitted)
                77  |          0  (omitted)
                78  |          0  (omitted)
                79  |  -6.103138   15.59928    -0.39   0.696    -36.67717     24.4709
                80  |          0  (omitted)
                81  |          0  (omitted)
                82  |          0  (omitted)
                83  |          0  (omitted)
                84  |          0  (omitted)
                85  |          0  (omitted)
                86  |          0  (omitted)
                87  |          0  (omitted)
                88  |   2.153962   11.71155     0.18   0.854    -20.80025    25.10818
                89  |   14.99403   20.14479     0.74   0.457    -24.48902    54.47709
                90  |   3.790717   5.859471     0.65   0.518    -7.693635    15.27507
                91  |          0  (omitted)
                92  |   16.17284   21.44324     0.75   0.451    -25.85514    58.20081
                93  |          0  (omitted)
                94  |          0  (omitted)
                95  |          0  (omitted)
                96  |          0  (omitted)
                97  |          0  (omitted)
                98  |          0  (omitted)
                99  |          0  (omitted)
               100  |          0  (omitted)
               101  |          0  (omitted)
               102  |   11.51226   24.10597     0.48   0.633    -35.73456    58.75909
               103  |  -64.30062   83.22237    -0.77   0.440    -227.4135    98.81223
               104  |  -21.83634    44.5616    -0.49   0.624    -109.1755    65.50279
               105  |  -5.827212   17.96363    -0.32   0.746    -41.03527    29.38085
               106  |  -24.06874   37.07655    -0.65   0.516    -96.73744    48.59995
               107  |          0  (omitted)
               108  |   18.01496   37.75809     0.48   0.633    -55.98953    92.01945
               109  |          0  (omitted)
               110  |          0  (omitted)
               111  |   -3.20892   6.635917    -0.48   0.629    -16.21508    9.797239
               112  |   7.199836   11.49643     0.63   0.531    -15.33276    29.73243
               113  |  -17.72634   26.02411    -0.68   0.496    -68.73266    33.27998
               114  |          0  (omitted)
               115  |          0  (omitted)
               116  |          0  (omitted)
               117  |          0  (omitted)
               118  |   6.087686   9.800583     0.62   0.534     -13.1211    25.29648
               119  |          0  (omitted)
               120  |          0  (omitted)
               121  |  -2.425958   11.97083    -0.20   0.839    -25.88835    21.03644
               122  |          0  (omitted)
               123  |          0  (omitted)
               124  |          0  (omitted)
               125  |          0  (omitted)
               126  |          0  (omitted)
               127  |          0  (omitted)
               128  |   16.70048   27.12305     0.62   0.538    -36.45973    69.86069
               129  |   24.07821   34.33633     0.70   0.483    -43.21977    91.37618
               130  |          0  (omitted)
               131  |          0  (omitted)
               132  |    -9.0063   15.08516    -0.60   0.550    -38.57266    20.56006
               133  |   4.765214   8.858123     0.54   0.591    -12.59639    22.12681
               134  |  -3.244025   7.104597    -0.46   0.648    -17.16878    10.68073
               135  |  -8.513868   43.09915    -0.20   0.843    -92.98664    75.95891
               136  |   24.78663   47.86801     0.52   0.605    -69.03294    118.6062
               137  |   4.919197   8.899515     0.55   0.580    -12.52353    22.36193
               138  |  -9.296364   14.76457    -0.63   0.529    -38.23438    19.64165
               139  |          0  (omitted)
               140  |  -9.012681     10.717    -0.84   0.400    -30.01761    11.99225
               141  |          0  (omitted)
               142  |          0  (omitted)
               143  |          0  (omitted)
               144  |          0  (omitted)
               145  |   14.47929   28.33858     0.51   0.609    -41.06331    70.02189
               146  |  -5.915133   7.511222    -0.79   0.431    -20.63686    8.806592
               147  |   27.95145   30.01236     0.93   0.352     -30.8717     86.7746
               148  |          0  (omitted)
               149  |          0  (omitted)
               150  |          0  (omitted)
               151  |   4.610241   43.87816     0.11   0.916    -81.38937    90.60985
               152  |   -19.2802   35.99261    -0.54   0.592    -89.82442    51.26402
               153  |          0  (omitted)
               154  |          0  (omitted)
               155  |          0  (omitted)
               156  |          0  (omitted)
               157  |          0  (omitted)
               158  |          0  (omitted)
               159  |          0  (omitted)
               160  |          0  (omitted)
               161  |   15.42899   24.16754     0.64   0.523    -31.93853     62.7965
               162  |  -.9924757   1.408667    -0.70   0.481    -3.753413    1.768461
               163  |   5.578561   8.485192     0.66   0.511    -11.05211    22.20923
               164  |          0  (omitted)
               165  |          0  (omitted)
               166  |          0  (omitted)
               167  |  -21.86751   26.76595    -0.82   0.414     -74.3278    30.59278
               168  |          0  (omitted)
               169  |   6.377815    26.3639     0.24   0.809    -45.29447     58.0501
               170  |  -6.473492   12.45421    -0.52   0.603     -30.8833    17.93631
                    |
country_id#c.trend2 |
                 1  |   .7740667   1.092503     0.71   0.479      -1.3672    2.915333
                 2  |  -.7959353   .9936354    -0.80   0.423    -2.743425    1.151554
                 3  |  -.4437398   .5462896    -0.81   0.417    -1.514448    .6269682
                 4  |   .5776871   .7604432     0.76   0.447    -.9127541    2.068128
                 5  |   -.598767    .836104    -0.72   0.474    -2.237501    1.039967
                 6  |  -.0894275   .4389643    -0.20   0.839    -.9497817    .7709267
                 7  |          0  (omitted)
                 8  |          0  (omitted)
                 9  |   .5075991   .9491742     0.53   0.593    -1.352748    2.367946
                10  |  -.6200442   .9625826    -0.64   0.519    -2.506671    1.266583
                11  |          0  (omitted)
                12  |          0  (omitted)
                13  |          0  (omitted)
                14  |          0  (omitted)
                15  |          0  (omitted)
                16  |   .2207649   .3728471     0.59   0.554     -.510002    .9515317
                17  |  -.0030941   .1883696    -0.02   0.987    -.3722917    .3661035
                18  |          0  (omitted)
                19  |          0  (omitted)
                20  |          0  (omitted)
                21  |          0  (omitted)
                22  |   .0736647   .0917539     0.80   0.422    -.1061697    .2534991
                23  |  -.1539081   .2035671    -0.76   0.450    -.5528923    .2450761
                24  |   .9796633    1.19281     0.82   0.411    -1.358201    3.317527
                25  |   .1756404   .2102146     0.84   0.403    -.2363726    .5876534
                26  |          0  (omitted)
                27  |          0  (omitted)
                28  |   .2694955   .9821699     0.27   0.784    -1.655522    2.194513
                29  |  -.3225888   .6304601    -0.51   0.609    -1.558268    .9130903
                30  |  -.1181696   .6479614    -0.18   0.855    -1.388151    1.151811
                31  |   .5125789   .8161559     0.63   0.530    -1.087057    2.112215
                32  |  -.6019189   1.285703    -0.47   0.640    -3.121851    1.918013
                33  |  -.5570846   .6849504    -0.81   0.416    -1.899563    .7853935
                34  |          0  (omitted)
                35  |          0  (omitted)
                36  |   1.042672   1.133264     0.92   0.358    -1.178485     3.26383
                37  |          0  (omitted)
                38  |   .0004617   .0005388     0.86   0.392    -.0005944    .0015178
                39  |          0  (omitted)
                40  |          0  (omitted)
                41  |          0  (omitted)
                42  |          0  (omitted)
                43  |  -.4981989   .6137499    -0.81   0.417    -1.701126    .7047287
                44  |  -.2807101   .4651397    -0.60   0.546    -1.192367     .630947
                45  |          0  (omitted)
                46  |          0  (omitted)
                47  |   .0076419   .0078172     0.98   0.328    -.0076796    .0229633
                48  |          0  (omitted)
                49  |  -.5990947   1.152534    -0.52   0.603     -2.85802     1.65983
                50  |   .0609364   .3685116     0.17   0.869    -.6613331    .7832058
                51  |          0  (omitted)
                52  |   .8541343   1.105008     0.77   0.440    -1.311642    3.019911
                53  |          0  (omitted)
                54  |   .0247599   .2795769     0.09   0.929    -.5232007    .5727205
                55  |          0  (omitted)
                56  |   .3213797   .5152819     0.62   0.533    -.6885543    1.331314
                57  |   .4319935   .4897419     0.88   0.378    -.5278831     1.39187
                58  |          0  (omitted)
                59  |  -.1609533   .2485084    -0.65   0.517    -.6480207    .3261141
                60  |  -.2178833   .3210785    -0.68   0.497    -.8471856     .411419
                61  |  -.0326881   .0986751    -0.33   0.740    -.2260879    .1607116
                62  |   .1849662   1.331833     0.14   0.890    -2.425378     2.79531
                63  |  -.0527714   .1879446    -0.28   0.779    -.4211359    .3155932
                64  |          0  (omitted)
                65  |  -1.030928   1.326364    -0.78   0.437    -3.630554    1.568698
                66  |          0  (omitted)
                67  |          0  (omitted)
                68  |          0  (omitted)
                69  |   -.016749   .0477302    -0.35   0.726    -.1102985    .0768006
                70  |  -.1934391   .6929481    -0.28   0.780    -1.551592    1.164714
                71  |          0  (omitted)
                72  |  -.0019366   .7020544    -0.00   0.998    -1.377938    1.374065
                73  |   -.017061    .021124    -0.81   0.419    -.0584634    .0243414
                74  |   .0961072   .1050992     0.91   0.360    -.1098834    .3020978
                75  |  -.2014269   .6111442    -0.33   0.742    -1.399248    .9963937
                76  |          0  (omitted)
                77  |          0  (omitted)
                78  |          0  (omitted)
                79  |  -.0636292   .4753648    -0.13   0.894    -.9953271    .8680687
                80  |          0  (omitted)
                81  |          0  (omitted)
                82  |  -.1748836   .4008597    -0.44   0.663    -.9605542    .6107869
                83  |   .0271627   .0368866     0.74   0.461    -.0451337    .0994591
                84  |  -.2635339   .5223128    -0.50   0.614    -1.287248    .7601803
                85  |   .1077715    .326266     0.33   0.741    -.5316981     .747241
                86  |          0  (omitted)
                87  |          0  (omitted)
                88  |   .2021157   .3961936     0.51   0.610    -.5744096    .9786409
                89  |  -.1586192    .356882    -0.44   0.657     -.858095    .5408566
                90  |  -.0534248   .0771655    -0.69   0.489    -.2046664    .0978169
                91  |          0  (omitted)
                92  |  -.7963509   .8885288    -0.90   0.370    -2.537835    .9451335
                93  |          0  (omitted)
                94  |          0  (omitted)
                95  |  -.7417535   1.164295    -0.64   0.524    -3.023729    1.540222
                96  |    .039711   .1647537     0.24   0.810    -.2832003    .3626222
                97  |          0  (omitted)
                98  |          0  (omitted)
                99  |          0  (omitted)
               100  |  -.4396256   1.321225    -0.33   0.739    -3.029178    2.149927
               101  |   .0066282   .1017611     0.07   0.948      -.19282    .2060764
               102  |  -.7314659   .9373444    -0.78   0.435    -2.568627    1.105695
               103  |   .8794331   1.125185     0.78   0.434    -1.325889    3.084755
               104  |    .426622   .9145532     0.47   0.641    -1.365869    2.219113
               105  |  -.2965791   .7607487    -0.39   0.697    -1.787619    1.194461
               106  |   .5858499   .7637209     0.77   0.443    -.9110155    2.082715
               107  |  -.0466891    .057686    -0.81   0.418    -.1597516    .0663735
               108  |   -.489888   1.015641    -0.48   0.630    -2.480507    1.500731
               109  |          0  (omitted)
               110  |          0  (omitted)
               111  |  -.2503396   .4878027    -0.51   0.608    -1.206415    .7057362
               112  |   .0095737   .3567666     0.03   0.979     -.689676    .7088233
               113  |    .119091   .3531501     0.34   0.736    -.5730705    .8112525
               114  |          0  (omitted)
               115  |          0  (omitted)
               116  |   .0392606   .2577024     0.15   0.879    -.4658267     .544348
               117  |          0  (omitted)
               118  |  -.2316175   .2953983    -0.78   0.433    -.8105876    .3473525
               119  |          0  (omitted)
               120  |   .1974171   .6539718     0.30   0.763    -1.084344    1.479178
               121  |   .8649957   1.258083     0.69   0.492    -1.600801    3.330792
               122  |          0  (omitted)
               123  |   .9489981   1.143426     0.83   0.407    -1.292075    3.190071
               124  |          0  (omitted)
               125  |  -.0220394   .8140669    -0.03   0.978    -1.617581    1.573503
               126  |          0  (omitted)
               127  |          0  (omitted)
               128  |  -.1463641   .2363843    -0.62   0.536    -.6096688    .3169405
               129  |  -.5304243   .7857902    -0.68   0.500    -2.070545    1.009696
               130  |          0  (omitted)
               131  |   .0091943   .0430296     0.21   0.831    -.0751422    .0935309
               132  |   .4389292   .5039605     0.87   0.384    -.5488153    1.426674
               133  |  -.2240196   .4240473    -0.53   0.597    -1.055137    .6070978
               134  |   .6248581   .8869053     0.70   0.481    -1.113444    2.363161
               135  |    .081244   .3073715     0.26   0.792    -.5211931     .683681
               136  |  -.2668281   1.260205    -0.21   0.832    -2.736784    2.203128
               137  |  -.0766337   .2404803    -0.32   0.750    -.5479665    .3946991
               138  |   .2368491   .6522636     0.36   0.717    -1.041564    1.515262
               139  |   .7874477   1.196618     0.66   0.510    -1.557881    3.132777
               140  |   .0853027   .1026958     0.83   0.406    -.1159773    .2865828
               141  |          0  (omitted)
               142  |   .0133158   .0466964     0.29   0.776    -.0782074    .1048391
               143  |          0  (omitted)
               144  |          0  (omitted)
               145  |  -.1524448   1.168843    -0.13   0.896    -2.443334    2.138445
               146  |   .4707023   .5366561     0.88   0.380    -.5811243    1.522529
               147  |  -.0584674   .3572854    -0.16   0.870    -.7587338    .6417991
               148  |          0  (omitted)
               149  |   -.041327   .0497703    -0.83   0.406     -.138875     .056221
               150  |   -.000341   .0006396    -0.53   0.594    -.0015945    .0009125
               151  |    .185377   .2836391     0.65   0.513    -.3705454    .7412994
               152  |   .3045296   .6146934     0.50   0.620    -.9002473    1.509306
               153  |          0  (omitted)
               154  |  -.2628621   .7766436    -0.34   0.735    -1.785056    1.259331
               155  |    -.23848   .2933057    -0.81   0.416    -.8133486    .3363885
               156  |   .1845817     .26442     0.70   0.485     -.333672    .7028355
               157  |  -.0179848   .0263245    -0.68   0.494    -.0695799    .0336103
               158  |          0  (omitted)
               159  |          0  (omitted)
               160  |          0  (omitted)
               161  |  -.3803597   .6720341    -0.57   0.571    -1.697522    .9368029
               162  |   .0088645     .01262     0.70   0.482    -.0158703    .0335993
               163  |  -.0454846   .0723592    -0.63   0.530    -.1873059    .0963368
               164  |   .0159686   .0380065     0.42   0.674    -.0585227    .0904599
               165  |  -.0391216   .0477714    -0.82   0.413    -.1327517    .0545086
               166  |  -.1858566   .2708724    -0.69   0.493    -.7167567    .3450435
               167  |   .1947172   .2378554     0.82   0.413    -.2714707    .6609052
               168  |          0  (omitted)
               169  |          0  (omitted)
               170  |  -.0673031   .2919842    -0.23   0.818    -.6395816    .5049754
-------------------------------------------------------------------------------------
Instruments for first differences equation
  Standard
    D.(tmp tmp2 pre pre2 tmp_pre tmp2_pre tmp_pre2 tmp2_pre2 1961b.year
    1962.year 1963.year 1964.year 1965.year 1966.year 1967.year 1968.year
    1969.year 1970.year 1971.year 1972.year 1973.year 1974.year 1975.year
    1976.year 1977.year 1978.year 1979.year 1980.year 1981.year 1982.year
    1983.year 1984.year 1985.year 1986.year 1987.year 1988.year 1989.year
    1990.year 1991.year 1992.year 1993.year 1994.year 1995.year 1996.year
    1997.year 1998.year 1999.year 2000.year 2001.year 2002.year 2003.year
    2004.year 2005.year 2006.year 2007.year 2008.year 2009.year 2010.year
    2011.year 2012.year 2013.year 2014.year 2015.year 2016.year 2017.year
    2018.year 2019.year)
  GMM-type (missing=0, separate instruments for each period unless collapsed)
    L(1/58).L.logd_gdp
------------------------------------------------------------------------------
Arellano-Bond test for AR(1) in first differences: z =   1.29  Pr > z =  0.196
Arellano-Bond test for AR(2) in first differences: z =   1.30  Pr > z =  0.195
------------------------------------------------------------------------------
Sargan test of overid. restrictions: chi2(1257) =   0.03  Prob > chi2 =  1.000
  (Not robust, but not weakened by many instruments.)
Hansen test of overid. restrictions: chi2(1257) = 707.90  Prob > chi2 =  1.000
  (Robust, but weakened by many instruments.)

Favoring space over speed. To switch, type or click on mata: mata set matafavor speed, perm.
1961b.year dropped due to collinearity
1962.year dropped due to collinearity
1965.year dropped due to collinearity
1999.year dropped due to collinearity
2017.year dropped due to collinearity
Warning: Number of instruments may be large relative to number of observations.
Warning: Two-step estimated covariance matrix of moments is singular.
  Using a generalized inverse to calculate robust weighting matrix for Hansen test.
  Difference-in-Sargan/Hansen statistics may be negative.

Dynamic panel-data estimation, one-step difference GMM
------------------------------------------------------------------------------
Group variable: country_id                      Number of obs      =      7666
Time variable : year                            Number of groups   =       170
Number of instruments = 458                     Obs per group: min =         5
Wald chi2(402)=  1.32e+06                                      avg =     45.09
Prob > chi2   =     0.000                                      max =        56
-------------------------------------------------------------------------------------
                    |               Robust
           logd_gdp | Coefficient  std. err.      z    P>|z|     [95% conf. interval]
--------------------+----------------------------------------------------------------
           logd_gdp |
                L1. |   .0998608   .0670673     1.49   0.136    -.0315887    .2313103
                    |
                tmp |   .0228093   .0047384     4.81   0.000     .0135222    .0320963
               tmp2 |  -.0008659   .0002078    -4.17   0.000    -.0012732   -.0004586
                pre |   .0657077   .0511781     1.28   0.199    -.0345996    .1660149
               pre2 |  -.0362097   .0284088    -1.27   0.202      -.09189    .0194706
            tmp_pre |  -.0123533   .0053284    -2.32   0.020    -.0227968   -.0019098
           tmp2_pre |   .0004577   .0001605     2.85   0.004     .0001431    .0007722
           tmp_pre2 |   .0046346   .0024915     1.86   0.063    -.0002487     .009518
          tmp2_pre2 |  -.0001413   .0000585    -2.41   0.016    -.0002561   -.0000266
                    |
               year |
              1963  |  -.0039643   .0077583    -0.51   0.609    -.0191703    .0112416
              1964  |   .0064274   .0064786     0.99   0.321    -.0062703    .0191251
              1966  |  -.0068667   .0065659    -1.05   0.296    -.0197357    .0060023
              1967  |  -.0111832   .0063367    -1.76   0.078    -.0236029    .0012364
              1968  |    .004419   .0056357     0.78   0.433    -.0066267    .0154647
              1969  |   .0092136   .0061822     1.49   0.136    -.0029033    .0213304
              1970  |   .0104526    .007182     1.46   0.146    -.0036239    .0245291
              1971  |  -.0100122   .0083825    -1.19   0.232    -.0264416    .0064172
              1972  |  -.0024165   .0081668    -0.30   0.767    -.0184231    .0135902
              1973  |  -.0044879   .0087094    -0.52   0.606     -.021558    .0125821
              1974  |  -.0053244   .0075159    -0.71   0.479    -.0200552    .0094064
              1975  |   -.029704   .0082257    -3.61   0.000    -.0458261   -.0135818
              1976  |   .0062879   .0072187     0.87   0.384    -.0078605    .0204364
              1977  |  -.0060421   .0073588    -0.82   0.412    -.0204651    .0083809
              1978  |  -.0069546   .0082757    -0.84   0.401    -.0231746    .0092655
              1979  |  -.0041935   .0072502    -0.58   0.563    -.0184036    .0100166
              1980  |  -.0153681    .007776    -1.98   0.048    -.0306087   -.0001274
              1981  |  -.0134883   .0076375    -1.77   0.077    -.0284574    .0014809
              1982  |  -.0302334   .0079138    -3.82   0.000    -.0457442   -.0147225
              1983  |  -.0272186    .007782    -3.50   0.000    -.0424709   -.0119662
              1984  |  -.0099446   .0069523    -1.43   0.153    -.0235709    .0036816
              1985  |  -.0103994    .006737    -1.54   0.123    -.0236038     .002805
              1986  |  -.0081673   .0063226    -1.29   0.196    -.0205594    .0042247
              1987  |  -.0034148   .0062625    -0.55   0.586    -.0156891    .0088595
              1988  |  -.0012311   .0065522    -0.19   0.851    -.0140733     .011611
              1989  |  -.0093229   .0058356    -1.60   0.110    -.0207604    .0021146
              1990  |   -.004698   .0063118    -0.74   0.457    -.0170689    .0076729
              1991  |  -.0245251   .0115022    -2.13   0.033    -.0470689   -.0019813
              1992  |  -.0201912   .0074315    -2.72   0.007    -.0347567   -.0056257
              1993  |  -.0145193    .006295    -2.31   0.021    -.0268573   -.0021813
              1994  |  -.0104645   .0077994    -1.34   0.180    -.0257511     .004822
              1995  |    .008965   .0057249     1.57   0.117    -.0022555    .0201855
              1996  |   .0159193   .0049045     3.25   0.001     .0063067    .0255319
              1997  |   .0123518   .0060327     2.05   0.041      .000528    .0241757
              1998  |   .0036274   .0050203     0.72   0.470    -.0062122     .013467
              2000  |   .0083107   .0037991     2.19   0.029     .0008645    .0157569
              2001  |   .0064226   .0041912     1.53   0.125     -.001792    .0146372
              2002  |   .0051956   .0043311     1.20   0.230    -.0032933    .0136844
              2003  |   .0106609   .0057628     1.85   0.064     -.000634    .0219558
              2004  |   .0305023   .0048849     6.24   0.000      .020928    .0400766
              2005  |   .0220219   .0044456     4.95   0.000     .0133087     .030735
              2006  |   .0255362   .0040668     6.28   0.000     .0175655    .0335069
              2007  |   .0250874    .004146     6.05   0.000     .0169615    .0332133
              2008  |   .0047958   .0047357     1.01   0.311     -.004486    .0140777
              2009  |  -.0268113   .0053416    -5.02   0.000    -.0372805    -.016342
              2010  |   .0195312   .0049544     3.94   0.000     .0098208    .0292416
              2011  |   .0012827   .0073603     0.17   0.862    -.0131432    .0157086
              2012  |   .0048593   .0065981     0.74   0.461    -.0080728    .0177913
              2013  |   .0002591   .0052519     0.05   0.961    -.0100345    .0105527
              2014  |   .0004071   .0038042     0.11   0.915    -.0070489    .0078631
              2015  |  -.0046911   .0039983    -1.17   0.241    -.0125276    .0031454
              2016  |  -.0024999   .0030684    -0.81   0.415    -.0085139    .0035141
              2018  |  -.0025105   .0019785    -1.27   0.204    -.0063884    .0013673
              2019  |   -.008531   .0031991    -2.67   0.008    -.0148012   -.0022607
                    |
 country_id#c.trend |
                 1  |   .1516604   .0177548     8.54   0.000     .1168616    .1864592
                 2  |   .0062171   .0030171     2.06   0.039     .0003036    .0121306
                 3  |  -.0035779   .0022854    -1.57   0.117    -.0080572    .0009013
                 4  |  -.0171972   .0020839    -8.25   0.000    -.0212816   -.0131127
                 5  |   .0072228   .0009736     7.42   0.000     .0053145    .0091311
                 6  |   .1938605   .0109856    17.65   0.000     .1723291     .215392
                 7  |   -.002606   .0009775    -2.67   0.008    -.0045218   -.0006901
                 8  |  -.0020619   .0011378    -1.81   0.070     -.004292    .0001682
                 9  |   .1181821   .0162828     7.26   0.000     .0862685    .1500957
                10  |   .0004039   .0013266     0.30   0.761    -.0021962     .003004
                11  |  -.0018892   .0009677    -1.95   0.051    -.0037859    7.47e-06
                12  |  -.0023334   .0008854    -2.64   0.008    -.0040689    -.000598
                13  |   .0032861   .0009238     3.56   0.000     .0014754    .0050967
                14  |   .0016643   .0009236     1.80   0.072     -.000146    .0034746
                15  |  -.0059113   .0031709    -1.86   0.062    -.0121261    .0003034
                16  |  -.0037607   .0009039    -4.16   0.000    -.0055324    -.001989
                17  |  -.3504741   .0440913    -7.95   0.000    -.4368915   -.2640567
                18  |    .049494    .007369     6.72   0.000     .0350511     .063937
                19  |  -.0015025   .0023094    -0.65   0.515    -.0060288    .0030238
                20  |  -.0009966   .0014896    -0.67   0.503    -.0039161    .0019229
                21  |   .0022763   .0006842     3.33   0.001     .0009353    .0036172
                22  |  -.0235429   .0014587   -16.14   0.000    -.0264018    -.020684
                23  |   .0057786   .0063391     0.91   0.362    -.0066459     .018203
                24  |  -.0000979   .0025982    -0.04   0.970    -.0051903    .0049946
                25  |  -.0002777   .0010086    -0.28   0.783    -.0022545     .001699
                26  |   -.006501   .0026146    -2.49   0.013    -.0116255   -.0013764
                27  |  -.0032674   .0025691    -1.27   0.203    -.0083027    .0017679
                28  |   -.001825   .0016049    -1.14   0.255    -.0049707    .0013206
                29  |  -.0043287   .0037012    -1.17   0.242    -.0115829    .0029255
                30  |  -.0062786   .0022586    -2.78   0.005    -.0107055   -.0018518
                31  |   -.000993   .0007397    -1.34   0.179    -.0024428    .0004568
                32  |    .002233   .0053719     0.42   0.678    -.0082958    .0127617
                33  |     .00717   .0006961    10.30   0.000     .0058056    .0085343
                34  |   .0004429    .000723     0.61   0.540    -.0009741    .0018598
                35  |  -.0127409   .0023326    -5.46   0.000    -.0173128    -.008169
                36  |  -.0050716   .0088989    -0.57   0.569    -.0225132    .0123699
                37  |  -.0009698   .0006733    -1.44   0.150    -.0022894    .0003497
                38  |   .0012628    .001788     0.71   0.480    -.0022418    .0047673
                39  |  -.0204104   .0054365    -3.75   0.000    -.0310657   -.0097551
                40  |   -.004596   .0051886    -0.89   0.376    -.0147656    .0055735
                41  |  -.0045895   .0032943    -1.39   0.164    -.0110462    .0018671
                42  |  -.0000127   .0010012    -0.01   0.990     -.001975    .0019496
                43  |  -.0004373   .0009057    -0.48   0.629    -.0022125     .001338
                44  |  -.0204417   .0014944   -13.68   0.000    -.0233706   -.0175127
                45  |   .0022635   .0006739     3.36   0.001     .0009427    .0035843
                46  |  -.0066446   .0018174    -3.66   0.000    -.0102065   -.0030826
                47  |  -.2663258   .0246529   -10.80   0.000    -.3146446    -.218007
                48  |  -.0048353   .0010072    -4.80   0.000    -.0068094   -.0028611
                49  |   -.020458   .0101389    -2.02   0.044    -.0403299   -.0005861
                50  |   -.013812   .0036492    -3.78   0.000    -.0209643   -.0066597
                51  |  -.0013267   .0011876    -1.12   0.264    -.0036544     .001001
                52  |  -.0008393   .0006584    -1.27   0.202    -.0021296    .0004511
                53  |  -.0026768   .0008907    -3.01   0.003    -.0044224   -.0009311
                54  |  -.0022999   .0012411    -1.85   0.064    -.0047324    .0001327
                55  |   -.003368    .001463    -2.30   0.021    -.0062354   -.0005007
                56  |  -.0000284   .0058363    -0.00   0.996    -.0114673    .0114105
                57  |   .0000122   .0011588     0.01   0.992     -.002259    .0022834
                58  |  -.0093721   .0024496    -3.83   0.000    -.0141732    -.004571
                59  |  -.0080268   .0012605    -6.37   0.000    -.0104974   -.0055563
                60  |  -.0087377   .0024899    -3.51   0.000    -.0136178   -.0038576
                61  |   .0105604    .032539     0.32   0.746    -.0532149    .0743358
                62  |  -.0072987   .0008673    -8.42   0.000    -.0089986   -.0055988
                63  |  -.0065913   .0017123    -3.85   0.000    -.0099472   -.0032353
                64  |  -.0039831   .0008269    -4.82   0.000    -.0056037   -.0023624
                65  |   .0112549   .0008739    12.88   0.000     .0095422    .0129677
                66  |   .0004793   .0008331     0.58   0.565    -.0011536    .0021122
                67  |  -.0415182   .0080274    -5.17   0.000    -.0572516   -.0257848
                68  |   .0040711    .001141     3.57   0.000     .0018348    .0063074
                69  |  -.0120509   .0045067    -2.67   0.007    -.0208838    -.003218
                70  |   .0033347   .0023042     1.45   0.148    -.0011814    .0078509
                71  |  -.0016657   .0013118    -1.27   0.204    -.0042367    .0009054
                72  |  -.0077551   .0060009    -1.29   0.196    -.0195166    .0040064
                73  |   .0010648   .0038467     0.28   0.782    -.0064747    .0086043
                74  |  -.0001324   .0014371    -0.09   0.927     -.002949    .0026842
                75  |  -.0008812   .0022237    -0.40   0.692    -.0052396    .0034773
                76  |  -.0039163   .0007837    -5.00   0.000    -.0054523   -.0023804
                77  |  -.0033047   .0013361    -2.47   0.013    -.0059234    -.000686
                78  |  -.0035566   .0011126    -3.20   0.001    -.0057373   -.0013759
                79  |  -.0003094   .0029953    -0.10   0.918    -.0061801    .0055612
                80  |  -.0032018    .001012    -3.16   0.002    -.0051852   -.0012183
                81  |   .0145079   .0087097     1.67   0.096    -.0025627    .0315785
                82  |  -.0019427    .001426    -1.36   0.173    -.0047377    .0008522
                83  |  -.0296946   .0076198    -3.90   0.000    -.0446292   -.0147601
                84  |  -.0343407   .0195077    -1.76   0.078    -.0725751    .0038938
                85  |  -.0037404   .0042132    -0.89   0.375    -.0119981    .0045174
                86  |   .0229531    .009704     2.37   0.018     .0039336    .0419727
                87  |   .0006645   .0031585     0.21   0.833    -.0055261     .006855
                88  |  -.0714556   .0163628    -4.37   0.000     -.103526   -.0393851
                89  |   .0153157   .0164202     0.93   0.351    -.0168674    .0474988
                90  |   .0219867   .0218846     1.00   0.315    -.0209063    .0648797
                91  |   .0016196   .0015303     1.06   0.290    -.0013797    .0046189
                92  |  -.0036327   .0008325    -4.36   0.000    -.0052644   -.0020011
                93  |  -.0269676   .0078632    -3.43   0.001    -.0423792    -.011556
                94  |   -.002258   .0023444    -0.96   0.335    -.0068529    .0023369
                95  |  -.0309844   .0104902    -2.95   0.003    -.0515447   -.0104241
                96  |  -.0040368    .001562    -2.58   0.010    -.0070982   -.0009755
                97  |   -.000558   .0104547    -0.05   0.957    -.0210489    .0199328
                98  |    .001927   .0017065     1.13   0.259    -.0014176    .0052717
                99  |  -.0018046   .0007059    -2.56   0.011    -.0031882    -.000421
               100  |   .0147907    .005555     2.66   0.008     .0039031    .0256783
               101  |   .0016863   .0024679     0.68   0.494    -.0031508    .0065233
               102  |  -.0035192   .0013113    -2.68   0.007    -.0060892   -.0009492
               103  |   .0781632    .007759    10.07   0.000     .0629558    .0933706
               104  |  -.0040677   .0046504    -0.87   0.382    -.0131823    .0050469
               105  |   .0164383   .0061567     2.67   0.008     .0043713    .0285052
               106  |   .0044598   .0017068     2.61   0.009     .0011144    .0078052
               107  |  -.0067244   .0067671    -0.99   0.320    -.0199877    .0065388
               108  |   .0041639   .0008868     4.70   0.000     .0024258    .0059019
               109  |  -.0020039   .0020208    -0.99   0.321    -.0059646    .0019568
               110  |   .0055827   .0021185     2.64   0.008     .0014304    .0097349
               111  |  -.0036504   .0021457    -1.70   0.089    -.0078559    .0005552
               112  |  -.0012882   .0021392    -0.60   0.547    -.0054809    .0029045
               113  |   -.000221   .0035229    -0.06   0.950    -.0071259    .0066838
               114  |  -.0010259   .0009282    -1.11   0.269    -.0028452    .0007933
               115  |  -.0022549    .001721    -1.31   0.190     -.005628    .0011182
               116  |   -.000994    .001222    -0.81   0.416     -.003389    .0014011
               117  |  -.0040429   .0023879    -1.69   0.090    -.0087231    .0006372
               118  |  -.0371547   .0019478   -19.08   0.000    -.0409723   -.0333371
               119  |  -.0028609   .0008825    -3.24   0.001    -.0045906   -.0011312
               120  |  -.0004823   .0015642    -0.31   0.758    -.0035481    .0025835
               121  |   .0023014   .0022442     1.03   0.305    -.0020971       .0067
               122  |  -.0016617   .0010465    -1.59   0.112    -.0037127    .0003893
               123  |  -.0002493   .0015329    -0.16   0.871    -.0032537     .002755
               124  |  -.0114283   .0061563    -1.86   0.063    -.0234944    .0006377
               125  |  -.0033867   .0011487    -2.95   0.003    -.0056382   -.0011353
               126  |  -.0030735   .0011617    -2.65   0.008    -.0053503   -.0007967
               127  |   -.000804   .0012191    -0.66   0.510    -.0031933    .0015854
               128  |   .0500081   .0071764     6.97   0.000     .0359426    .0640737
               129  |  -.0198913   .0064773    -3.07   0.002    -.0325866    -.007196
               130  |   .0275822   .0062242     4.43   0.000      .015383    .0397815
               131  |   .0164384   .0084957     1.93   0.053    -.0002129    .0330896
               132  |     .00997   .0015787     6.32   0.000     .0068758    .0130642
               133  |  -.0358604   .0051612    -6.95   0.000    -.0459763   -.0257446
               134  |   .0081101   .0010648     7.62   0.000     .0060231    .0101971
               135  |   3.54e-06   .0008701     0.00   0.997    -.0017019     .001709
               136  |  -.0366084   .0116471    -3.14   0.002    -.0594362   -.0137805
               137  |   .0017445   .0031929     0.55   0.585    -.0045135    .0080026
               138  |  -.0040444   .0011198    -3.61   0.000    -.0062392   -.0018496
               139  |  -.0363528    .006387    -5.69   0.000    -.0488712   -.0238344
               140  |  -1.737394   .2510953    -6.92   0.000    -2.229531   -1.245256
               141  |   .0010688    .001867     0.57   0.567    -.0025904     .004728
               142  |  -.0153701   .0044169    -3.48   0.001    -.0240271   -.0067132
               143  |   .0118622   .0060304     1.97   0.049     .0000428    .0236815
               144  |  -.0024551     .00077    -3.19   0.001    -.0039643   -.0009459
               145  |  -.0013399   .0033032    -0.41   0.685    -.0078139    .0051342
               146  |   .0036232   .0013232     2.74   0.006     .0010298    .0062167
               147  |  -.0011381   .0015435    -0.74   0.461    -.0041633     .001887
               148  |  -.0025075   .0024247    -1.03   0.301    -.0072599    .0022448
               149  |    .016153   .0189149     0.85   0.393    -.0209195    .0532255
               150  |   .0390719    .011691     3.34   0.001     .0161578    .0619859
               151  |   .0961346   .0119757     8.03   0.000     .0726627    .1196065
               152  |  -.0008114   .0010387    -0.78   0.435    -.0028472    .0012243
               153  |   .0032829   .0013987     2.35   0.019     .0005416    .0060243
               154  |   -.002351   .0007103    -3.31   0.001    -.0037433   -.0009588
               155  |  -.0080852   .0035941    -2.25   0.024    -.0151294   -.0010409
               156  |   .0064998   .0043152     1.51   0.132    -.0019578    .0149575
               157  |  -.0134316   .0136154    -0.99   0.324    -.0401173     .013254
               158  |   .0010006   .0011232     0.89   0.373    -.0012008     .003202
               159  |  -.0016475   .0011451    -1.44   0.150    -.0038919    .0005969
               160  |   .0041699   .0071575     0.58   0.560    -.0098585    .0181983
               161  |   .0053154   .0025936     2.05   0.040     .0002321    .0103987
               162  |   .0029067   .0013819     2.10   0.035     .0001982    .0056153
               163  |  -.0396801   .0128135    -3.10   0.002    -.0647942   -.0145661
               164  |  -.0005763    .006478    -0.09   0.929     -.013273    .0121204
               165  |  -.0088681   .0031352    -2.83   0.005    -.0150129   -.0027232
               166  |  -.0064665   .0027393    -2.36   0.018    -.0118355   -.0010975
               167  |  -.0329857   .0048537    -6.80   0.000    -.0424988   -.0234726
               168  |  -.0011758   .0016693    -0.70   0.481    -.0044476     .002096
               169  |   .0027352   .0026366     1.04   0.300    -.0024325    .0079029
               170  |   .0015868   .0009817     1.62   0.106    -.0003374     .003511
                    |
country_id#c.trend2 |
                 1  |  -.0014624   .0001845    -7.92   0.000    -.0018241   -.0011007
                 2  |  -.0000933   .0000403    -2.32   0.021    -.0001722   -.0000143
                 3  |   .0000297   .0000334     0.89   0.374    -.0000358    .0000953
                 4  |   .0002404   .0000428     5.62   0.000     .0001566    .0003243
                 5  |  -.0001056   .0000144    -7.32   0.000    -.0001338   -.0000773
                 6  |  -.0019858   .0001206   -16.46   0.000    -.0022223   -.0017494
                 7  |   .0000325   .0000152     2.14   0.033     2.70e-06    .0000623
                 8  |   .0000264   .0000193     1.37   0.172    -.0000115    .0000643
                 9  |  -.0012667   .0002085    -6.08   0.000    -.0016753   -.0008581
                10  |   4.64e-06   .0000121     0.38   0.702    -.0000192    .0000285
                11  |   .0000242   .0000157     1.54   0.123    -6.53e-06     .000055
                12  |    .000048    .000015     3.20   0.001     .0000186    .0000774
                13  |  -.0000392   .0000122    -3.20   0.001    -.0000631   -.0000152
                14  |  -5.90e-06   .0000135    -0.44   0.662    -.0000324    .0000205
                15  |    .000072     .00004     1.80   0.072    -6.51e-06    .0001504
                16  |   .0000652   .0000212     3.07   0.002     .0000235    .0001068
                17  |   .0035231   .0004902     7.19   0.000     .0025624    .0044838
                18  |  -.0005399   .0000909    -5.94   0.000     -.000718   -.0003618
                19  |   .0000185   .0000363     0.51   0.610    -.0000526    .0000897
                20  |   8.96e-06   .0000229     0.39   0.696     -.000036    .0000539
                21  |  -.0000259   .0000115    -2.24   0.025    -.0000485   -3.26e-06
                22  |   .0003072   .0000279    11.01   0.000     .0002525    .0003619
                23  |  -.0000806   .0000773    -1.04   0.297    -.0002321    .0000709
                24  |  -5.78e-06   .0000373    -0.16   0.877    -.0000789    .0000673
                25  |   .0000312   .0000209     1.49   0.136    -9.79e-06    .0000721
                26  |    .000079   .0000365     2.16   0.031     7.40e-06    .0001506
                27  |   .0000417   .0000378     1.10   0.270    -.0000324    .0001159
                28  |   7.27e-06    .000018     0.40   0.686     -.000028    .0000425
                29  |   .0000268   .0000249     1.08   0.282     -.000022    .0000756
                30  |   .0001089    .000023     4.75   0.000      .000064    .0001539
                31  |   .0000245   .0000121     2.03   0.043     8.23e-07    .0000481
                32  |  -.0000143   .0000707    -0.20   0.840    -.0001529    .0001243
                33  |  -.0001025   .0000114    -8.97   0.000    -.0001249   -.0000802
                34  |  -1.08e-06   .0000103    -0.10   0.917    -.0000213    .0000191
                35  |    .000157   .0000238     6.59   0.000     .0001103    .0002036
                36  |   .0000686   .0001098     0.62   0.532    -.0001467    .0002838
                37  |   .0000109   9.88e-06     1.10   0.272    -8.50e-06    .0000302
                38  |  -.0000204   .0000301    -0.68   0.498    -.0000794    .0000386
                39  |    .000257   .0000837     3.07   0.002     .0000929    .0004211
                40  |   .0000497   .0000543     0.91   0.360    -.0000568    .0001562
                41  |   .0000586   .0000504     1.16   0.245    -.0000401    .0001573
                42  |   7.11e-06   .0000185     0.38   0.701    -.0000292    .0000434
                43  |   6.07e-06   .0000157     0.39   0.699    -.0000247    .0000368
                44  |   .0002572   .0000218    11.78   0.000     .0002144       .0003
                45  |  -.0000353   .0000102    -3.47   0.001    -.0000552   -.0000153
                46  |   .0000978   .0000259     3.78   0.000     .0000471    .0001486
                47  |   .0031388   .0002991    10.49   0.000     .0025525     .003725
                48  |   .0000658   .0000166     3.95   0.000     .0000332    .0000984
                49  |   .0002142   .0001093     1.96   0.050    -1.25e-08    .0004285
                50  |   .0001567   .0000554     2.83   0.005     .0000481    .0002652
                51  |   9.57e-06   .0000175     0.55   0.584    -.0000247    .0000438
                52  |   8.14e-06   .0000101     0.81   0.420    -.0000117    .0000279
                53  |   .0000391   .0000155     2.52   0.012     8.67e-06    .0000696
                54  |    .000051   .0000187     2.73   0.006     .0000145    .0000876
                55  |    .000046    .000024     1.92   0.055    -1.04e-06    .0000931
                56  |  -7.19e-06    .000096    -0.07   0.940    -.0001954     .000181
                57  |   7.94e-06   .0000212     0.37   0.708    -.0000336    .0000495
                58  |   .0001208   .0000323     3.74   0.000     .0000576    .0001841
                59  |   .0001262   .0000288     4.38   0.000     .0000697    .0001827
                60  |   .0001301   .0000449     2.89   0.004      .000042    .0002182
                61  |  -.0001933   .0003836    -0.50   0.614    -.0009452    .0005585
                62  |   .0001019   .0000136     7.51   0.000     .0000753    .0001285
                63  |   .0000858   .0000212     4.05   0.000     .0000442    .0001273
                64  |   .0000621   .0000111     5.62   0.000     .0000404    .0000838
                65  |  -.0001269   .0000147    -8.63   0.000    -.0001557   -.0000981
                66  |   1.98e-06   .0000106     0.19   0.852    -.0000189    .0000228
                67  |   .0004413   .0000892     4.95   0.000     .0002665    .0006161
                68  |   -.000041   .0000115    -3.57   0.000    -.0000634   -.0000185
                69  |   .0001523   .0000514     2.96   0.003     .0000516     .000253
                70  |   -.000037   .0000294    -1.26   0.209    -.0000946    .0000207
                71  |   .0000145   .0000118     1.23   0.219    -8.60e-06    .0000375
                72  |   .0001044   .0000816     1.28   0.201    -.0000556    .0002645
                73  |  -.0000194   .0000582    -0.33   0.739    -.0001335    .0000947
                74  |   8.43e-06   .0000202     0.42   0.676    -.0000311     .000048
                75  |   5.62e-07   .0000311     0.02   0.986    -.0000604    .0000615
                76  |   .0000553    .000012     4.63   0.000     .0000319    .0000788
                77  |   .0000508   .0000276     1.84   0.066    -3.29e-06    .0001049
                78  |   .0000534   .0000209     2.56   0.011     .0000125    .0000942
                79  |   .0000139   .0000341     0.41   0.684     -.000053    .0000808
                80  |   .0000422   .0000161     2.62   0.009     .0000106    .0000737
                81  |   -.000167   .0001022    -1.63   0.102    -.0003673    .0000332
                82  |   .0000351   .0000192     1.83   0.068    -2.57e-06    .0000727
                83  |   .0003143   .0000925     3.40   0.001     .0001331    .0004955
                84  |   .0003336   .0002015     1.66   0.098    -.0000613    .0007286
                85  |   .0000314   .0000554     0.57   0.571    -.0000772    .0001399
                86  |  -.0002083   .0000995    -2.09   0.036    -.0004033   -.0000134
                87  |  -3.99e-06   .0000326    -0.12   0.902    -.0000679    .0000599
                88  |   .0007106   .0001785     3.98   0.000     .0003609    .0010604
                89  |  -.0001776   .0001605    -1.11   0.268    -.0004921    .0001369
                90  |  -.0001974     .00023    -0.86   0.391    -.0006481    .0002533
                91  |  -.0000328   .0000127    -2.59   0.010    -.0000576   -7.99e-06
                92  |   .0000351   .0000105     3.33   0.001     .0000144    .0000557
                93  |   .0002628   .0000786     3.34   0.001     .0001087    .0004169
                94  |   .0000242    .000035     0.69   0.490    -.0000445    .0000928
                95  |   .0002952   .0001072     2.75   0.006      .000085    .0005054
                96  |   .0000479   .0000209     2.29   0.022     6.89e-06    .0000889
                97  |   6.88e-06   .0001155     0.06   0.953    -.0002195    .0002333
                98  |  -9.29e-07   .0000182    -0.05   0.959    -.0000365    .0000347
                99  |   .0000218   .0000114     1.91   0.056    -5.26e-07     .000044
               100  |  -.0001386   .0000626    -2.22   0.027    -.0002612    -.000016
               101  |  -.0000109   .0000378    -0.29   0.774     -.000085    .0000633
               102  |  -6.43e-07   .0000566    -0.01   0.991    -.0001116    .0001103
               103  |  -.0007458   .0000829    -8.99   0.000    -.0009083   -.0005833
               104  |   .0000275   .0000641     0.43   0.668    -.0000982    .0001532
               105  |  -.0001924   .0000671    -2.87   0.004    -.0003238    -.000061
               106  |  -.0000334   .0000196    -1.71   0.088    -.0000717    4.95e-06
               107  |   .0000937   .0000872     1.07   0.283    -.0000772    .0002647
               108  |  -.0000436   .0000126    -3.47   0.001    -.0000682    -.000019
               109  |   .0000268   .0000246     1.09   0.277    -.0000215     .000075
               110  |  -.0000807   .0000236    -3.42   0.001     -.000127   -.0000344
               111  |   .0000641   .0000283     2.27   0.023     8.76e-06    .0001195
               112  |   1.21e-06   .0000395     0.03   0.976    -.0000762    .0000786
               113  |  -.0000172   .0000535    -0.32   0.748    -.0001221    .0000877
               114  |   .0000142   .0000154     0.93   0.354    -.0000159    .0000444
               115  |   .0000306    .000031     0.99   0.323    -.0000301    .0000914
               116  |    .000027   .0000158     1.70   0.088    -4.04e-06     .000058
               117  |   .0000524   .0000332     1.58   0.114    -.0000126    .0001174
               118  |   .0004504   .0000263    17.11   0.000     .0003988     .000502
               119  |   .0000265    .000014     1.90   0.058    -8.68e-07    .0000539
               120  |  -.0000108   .0000362    -0.30   0.765    -.0000819    .0000602
               121  |   -.000042   .0000417    -1.01   0.314    -.0001238    .0000398
               122  |   .0000331   .0000177     1.87   0.062    -1.63e-06    .0000678
               123  |   .0000188   .0000205     0.92   0.358    -.0000213    .0000589
               124  |   .0001233   .0000666     1.85   0.064    -7.28e-06     .000254
               125  |   .0000488   .0000191     2.56   0.011     .0000114    .0000861
               126  |   .0000464   .0000204     2.27   0.023     6.39e-06    .0000863
               127  |   5.82e-06   .0000222     0.26   0.793    -.0000378    .0000494
               128  |  -.0005133   .0000762    -6.73   0.000    -.0006627   -.0003639
               129  |   .0001906   .0000668     2.85   0.004     .0000597    .0003215
               130  |  -.0002815   .0000686    -4.11   0.000    -.0004158   -.0001471
               131  |  -.0001896   .0001084    -1.75   0.080    -.0004021    .0000228
               132  |  -.0001178   .0000323    -3.65   0.000    -.0001811   -.0000545
               133  |   .0004261   .0000706     6.04   0.000     .0002879    .0005644
               134  |  -.0001313   .0000157    -8.35   0.000    -.0001621   -.0001005
               135  |   .0000149   .0000122     1.23   0.220    -8.91e-06    .0000388
               136  |   .0003835   .0001191     3.22   0.001       .00015    .0006169
               137  |  -.0000146   .0000506    -0.29   0.772    -.0001139    .0000846
               138  |   .0000688   .0000201     3.42   0.001     .0000293    .0001082
               139  |   .0003811   .0000665     5.73   0.000     .0002508    .0005114
               140  |   .0166189    .002436     6.82   0.000     .0118445    .0213934
               141  |  -.0000239    .000027    -0.89   0.375    -.0000769     .000029
               142  |   .0001503   .0000461     3.26   0.001     .0000598    .0002407
               143  |  -.0001107   .0000678    -1.63   0.102    -.0002436    .0000221
               144  |   .0000236   .0000115     2.05   0.041     9.82e-07    .0000461
               145  |   .0000206   .0000436     0.47   0.636    -.0000648     .000106
               146  |  -.0000511   .0000253    -2.02   0.043    -.0001006   -1.62e-06
               147  |   .0000389   .0000182     2.14   0.032     3.25e-06    .0000745
               148  |   .0000331     .00003     1.10   0.270    -.0000257    .0000919
               149  |  -.0001799   .0002454    -0.73   0.464    -.0006608    .0003011
               150  |  -.0004243   .0001489    -2.85   0.004    -.0007161   -.0001325
               151  |  -.0008876   .0001206    -7.36   0.000    -.0011239   -.0006513
               152  |  -.0000105   .0000295    -0.36   0.721    -.0000683    .0000473
               153  |  -.0000494   .0000162    -3.06   0.002    -.0000811   -.0000177
               154  |   .0000152   .0000103     1.48   0.140    -4.97e-06    .0000353
               155  |   .0000902   .0000405     2.23   0.026      .000011    .0001695
               156  |  -.0000607   .0000509    -1.19   0.232    -.0001605     .000039
               157  |   .0001391    .000173     0.80   0.421       -.0002    .0004781
               158  |  -.0000172   .0000151    -1.14   0.253    -.0000468    .0000123
               159  |     .00003   .0000201     1.49   0.136    -9.47e-06    .0000694
               160  |  -.0000446   .0000918    -0.49   0.628    -.0002246    .0001355
               161  |  -.0000712   .0000335    -2.12   0.034    -.0001368   -5.52e-06
               162  |   -.000054   .0000174    -3.10   0.002    -.0000881   -.0000199
               163  |   .0004001   .0001317     3.04   0.002     .0001419    .0006583
               164  |   .0000265    .000074     0.36   0.720    -.0001185    .0001714
               165  |   .0001118    .000044     2.54   0.011     .0000256     .000198
               166  |   .0001036   .0000386     2.68   0.007     .0000279    .0001793
               167  |   .0003696   .0000649     5.69   0.000     .0002423    .0004969
               168  |   .0000124   .0000243     0.51   0.609    -.0000352    .0000601
               169  |  -.0000457   .0000433    -1.06   0.291    -.0001304    .0000391
               170  |  -.0000372   .0000332    -1.12   0.263    -.0001023    .0000279
-------------------------------------------------------------------------------------
Instruments for first differences equation
  Standard
    D.(tmp tmp2 pre pre2 tmp_pre tmp2_pre tmp_pre2 tmp2_pre2 1961b.year
    1962.year 1963.year 1964.year 1965.year 1966.year 1967.year 1968.year
    1969.year 1970.year 1971.year 1972.year 1973.year 1974.year 1975.year
    1976.year 1977.year 1978.year 1979.year 1980.year 1981.year 1982.year
    1983.year 1984.year 1985.year 1986.year 1987.year 1988.year 1989.year
    1990.year 1991.year 1992.year 1993.year 1994.year 1995.year 1996.year
    1997.year 1998.year 1999.year 2000.year 2001.year 2002.year 2003.year
    2004.year 2005.year 2006.year 2007.year 2008.year 2009.year 2010.year
    2011.year 2012.year 2013.year 2014.year 2015.year 2016.year 2017.year
    2018.year 2019.year 1b.country_id#c.trend 2.country_id#c.trend
    3.country_id#c.trend 4.country_id#c.trend 5.country_id#c.trend
    6.country_id#c.trend 7.country_id#c.trend 8.country_id#c.trend
    9.country_id#c.trend 10.country_id#c.trend 11.country_id#c.trend
    12.country_id#c.trend 13.country_id#c.trend 14.country_id#c.trend
    15.country_id#c.trend 16.country_id#c.trend 17.country_id#c.trend
    18.country_id#c.trend 19.country_id#c.trend 20.country_id#c.trend
    21.country_id#c.trend 22.country_id#c.trend 23.country_id#c.trend
    24.country_id#c.trend 25.country_id#c.trend 26.country_id#c.trend
    27.country_id#c.trend 28.country_id#c.trend 29.country_id#c.trend
    30.country_id#c.trend 31.country_id#c.trend 32.country_id#c.trend
    33.country_id#c.trend 34.country_id#c.trend 35.country_id#c.trend
    36.country_id#c.trend 37.country_id#c.trend 38.country_id#c.trend
    39.country_id#c.trend 40.country_id#c.trend 41.country_id#c.trend
    42.country_id#c.trend 43.country_id#c.trend 44.country_id#c.trend
    45.country_id#c.trend 46.country_id#c.trend 47.country_id#c.trend
    48.country_id#c.trend 49.country_id#c.trend 50.country_id#c.trend
    51.country_id#c.trend 52.country_id#c.trend 53.country_id#c.trend
    54.country_id#c.trend 55.country_id#c.trend 56.country_id#c.trend
    57.country_id#c.trend 58.country_id#c.trend 59.country_id#c.trend
    60.country_id#c.trend 61.country_id#c.trend 62.country_id#c.trend
    63.country_id#c.trend 64.country_id#c.trend 65.country_id#c.trend
    66.country_id#c.trend 67.country_id#c.trend 68.country_id#c.trend
    69.country_id#c.trend 70.country_id#c.trend 71.country_id#c.trend
    72.country_id#c.trend 73.country_id#c.trend 74.country_id#c.trend
    75.country_id#c.trend 76.country_id#c.trend 77.country_id#c.trend
    78.country_id#c.trend 79.country_id#c.trend 80.country_id#c.trend
    81.country_id#c.trend 82.country_id#c.trend 83.country_id#c.trend
    84.country_id#c.trend 85.country_id#c.trend 86.country_id#c.trend
    87.country_id#c.trend 88.country_id#c.trend 89.country_id#c.trend
    90.country_id#c.trend 91.country_id#c.trend 92.country_id#c.trend
    93.country_id#c.trend 94.country_id#c.trend 95.country_id#c.trend
    96.country_id#c.trend 97.country_id#c.trend 98.country_id#c.trend
    99.country_id#c.trend 100.country_id#c.trend 101.country_id#c.trend
    102.country_id#c.trend 103.country_id#c.trend 104.country_id#c.trend
    105.country_id#c.trend 106.country_id#c.trend 107.country_id#c.trend
    108.country_id#c.trend 109.country_id#c.trend 110.country_id#c.trend
    111.country_id#c.trend 112.country_id#c.trend 113.country_id#c.trend
    114.country_id#c.trend 115.country_id#c.trend 116.country_id#c.trend
    117.country_id#c.trend 118.country_id#c.trend 119.country_id#c.trend
    120.country_id#c.trend 121.country_id#c.trend 122.country_id#c.trend
    123.country_id#c.trend 124.country_id#c.trend 125.country_id#c.trend
    126.country_id#c.trend 127.country_id#c.trend 128.country_id#c.trend
    129.country_id#c.trend 130.country_id#c.trend 131.country_id#c.trend
    132.country_id#c.trend 133.country_id#c.trend 134.country_id#c.trend
    135.country_id#c.trend 136.country_id#c.trend 137.country_id#c.trend
    138.country_id#c.trend 139.country_id#c.trend 140.country_id#c.trend
    141.country_id#c.trend 142.country_id#c.trend 143.country_id#c.trend
    144.country_id#c.trend 145.country_id#c.trend 146.country_id#c.trend
    147.country_id#c.trend 148.country_id#c.trend 149.country_id#c.trend
    150.country_id#c.trend 151.country_id#c.trend 152.country_id#c.trend
    153.country_id#c.trend 154.country_id#c.trend 155.country_id#c.trend
    156.country_id#c.trend 157.country_id#c.trend 158.country_id#c.trend
    159.country_id#c.trend 160.country_id#c.trend 161.country_id#c.trend
    162.country_id#c.trend 163.country_id#c.trend 164.country_id#c.trend
    165.country_id#c.trend 166.country_id#c.trend 167.country_id#c.trend
    168.country_id#c.trend 169.country_id#c.trend 170.country_id#c.trend
    1b.country_id#c.trend2 2.country_id#c.trend2 3.country_id#c.trend2
    4.country_id#c.trend2 5.country_id#c.trend2 6.country_id#c.trend2
    7.country_id#c.trend2 8.country_id#c.trend2 9.country_id#c.trend2
    10.country_id#c.trend2 11.country_id#c.trend2 12.country_id#c.trend2
    13.country_id#c.trend2 14.country_id#c.trend2 15.country_id#c.trend2
    16.country_id#c.trend2 17.country_id#c.trend2 18.country_id#c.trend2
    19.country_id#c.trend2 20.country_id#c.trend2 21.country_id#c.trend2
    22.country_id#c.trend2 23.country_id#c.trend2 24.country_id#c.trend2
    25.country_id#c.trend2 26.country_id#c.trend2 27.country_id#c.trend2
    28.country_id#c.trend2 29.country_id#c.trend2 30.country_id#c.trend2
    31.country_id#c.trend2 32.country_id#c.trend2 33.country_id#c.trend2
    34.country_id#c.trend2 35.country_id#c.trend2 36.country_id#c.trend2
    37.country_id#c.trend2 38.country_id#c.trend2 39.country_id#c.trend2
    40.country_id#c.trend2 41.country_id#c.trend2 42.country_id#c.trend2
    43.country_id#c.trend2 44.country_id#c.trend2 45.country_id#c.trend2
    46.country_id#c.trend2 47.country_id#c.trend2 48.country_id#c.trend2
    49.country_id#c.trend2 50.country_id#c.trend2 51.country_id#c.trend2
    52.country_id#c.trend2 53.country_id#c.trend2 54.country_id#c.trend2
    55.country_id#c.trend2 56.country_id#c.trend2 57.country_id#c.trend2
    58.country_id#c.trend2 59.country_id#c.trend2 60.country_id#c.trend2
    61.country_id#c.trend2 62.country_id#c.trend2 63.country_id#c.trend2
    64.country_id#c.trend2 65.country_id#c.trend2 66.country_id#c.trend2
    67.country_id#c.trend2 68.country_id#c.trend2 69.country_id#c.trend2
    70.country_id#c.trend2 71.country_id#c.trend2 72.country_id#c.trend2
    73.country_id#c.trend2 74.country_id#c.trend2 75.country_id#c.trend2
    76.country_id#c.trend2 77.country_id#c.trend2 78.country_id#c.trend2
    79.country_id#c.trend2 80.country_id#c.trend2 81.country_id#c.trend2
    82.country_id#c.trend2 83.country_id#c.trend2 84.country_id#c.trend2
    85.country_id#c.trend2 86.country_id#c.trend2 87.country_id#c.trend2
    88.country_id#c.trend2 89.country_id#c.trend2 90.country_id#c.trend2
    91.country_id#c.trend2 92.country_id#c.trend2 93.country_id#c.trend2
    94.country_id#c.trend2 95.country_id#c.trend2 96.country_id#c.trend2
    97.country_id#c.trend2 98.country_id#c.trend2 99.country_id#c.trend2
    100.country_id#c.trend2 101.country_id#c.trend2 102.country_id#c.trend2
    103.country_id#c.trend2 104.country_id#c.trend2 105.country_id#c.trend2
    106.country_id#c.trend2 107.country_id#c.trend2 108.country_id#c.trend2
    109.country_id#c.trend2 110.country_id#c.trend2 111.country_id#c.trend2
    112.country_id#c.trend2 113.country_id#c.trend2 114.country_id#c.trend2
    115.country_id#c.trend2 116.country_id#c.trend2 117.country_id#c.trend2
    118.country_id#c.trend2 119.country_id#c.trend2 120.country_id#c.trend2
    121.country_id#c.trend2 122.country_id#c.trend2 123.country_id#c.trend2
    124.country_id#c.trend2 125.country_id#c.trend2 126.country_id#c.trend2
    127.country_id#c.trend2 128.country_id#c.trend2 129.country_id#c.trend2
    130.country_id#c.trend2 131.country_id#c.trend2 132.country_id#c.trend2
    133.country_id#c.trend2 134.country_id#c.trend2 135.country_id#c.trend2
    136.country_id#c.trend2 137.country_id#c.trend2 138.country_id#c.trend2
    139.country_id#c.trend2 140.country_id#c.trend2 141.country_id#c.trend2
    142.country_id#c.trend2 143.country_id#c.trend2 144.country_id#c.trend2
    145.country_id#c.trend2 146.country_id#c.trend2 147.country_id#c.trend2
    148.country_id#c.trend2 149.country_id#c.trend2 150.country_id#c.trend2
    151.country_id#c.trend2 152.country_id#c.trend2 153.country_id#c.trend2
    154.country_id#c.trend2 155.country_id#c.trend2 156.country_id#c.trend2
    157.country_id#c.trend2 158.country_id#c.trend2 159.country_id#c.trend2
    160.country_id#c.trend2 161.country_id#c.trend2 162.country_id#c.trend2
    163.country_id#c.trend2 164.country_id#c.trend2 165.country_id#c.trend2
    166.country_id#c.trend2 167.country_id#c.trend2 168.country_id#c.trend2
    169.country_id#c.trend2 170.country_id#c.trend2)
  GMM-type (missing=0, separate instruments for each period unless collapsed)
    L(1/58).L.logd_gdp collapsed
------------------------------------------------------------------------------
Arellano-Bond test for AR(1) in first differences: z =  -5.09  Pr > z =  0.000
Arellano-Bond test for AR(2) in first differences: z =   0.19  Pr > z =  0.847
------------------------------------------------------------------------------
Sargan test of overid. restrictions: chi2(55)   = 152.25  Prob > chi2 =  0.000
  (Not robust, but not weakened by many instruments.)
Hansen test of overid. restrictions: chi2(55)   =   0.00  Prob > chi2 =  1.000
  (Robust, but weakened by many instruments.)


. 
. *==============================================================================*
. * Side-by-side table
. *==============================================================================*
. local MODELS AFE_stat GMM_stat GMMc_stat AFE_full GMM_full GMMc_full

. 
. local VLAB varlabels(               ///
>     L.logd_gdp "L.dlnGDP"           ///
>     tmp        "T"                  ///
>     tmp2       "T^2"                ///
>     pre        "P"                  ///
>     pre2       "P^2"                ///
>     tmp_pre    "T x P"              ///
>     tmp2_pre   "T^2 x P"            ///
>     tmp_pre2   "T x P^2"            ///
>     tmp2_pre2  "T^2 x P^2" )

. 
. local TABOPT keep(`KEEP') order(`KEEP') b(%9.5f) se(%9.5f)                    ///
>     star(* 0.10 ** 0.05 *** 0.01)                                             ///
>     mgroups("Stationary sample" "Full sample", pattern(1 0 0 1 0 0))              ///
>     mtitles("AFE" "GMM" "GMM coll." "AFE" "GMM" "GMM coll.")                                    ///
>     stats(N N_g ar1p ar2p hansenp j,                                             ///
>           labels("Observations" "Countries" "AR(1) p" "AR(2) p" "Hansen p" "Instruments") ///
>           fmt(%9.0fc %9.0fc %9.3f %9.3f %9.3f %9.0fc))                              ///
>     `VLAB' nonumbers

. 
. di _n(2) "===== Side-by-side: dynamic models with lagged y ====="


===== Side-by-side: dynamic models with lagged y =====

. esttab `MODELS', `TABOPT'

------------------------------------------------------------------------------------------------------------
             Stationary~e                                     Full sample                                   
                      AFE             GMM       GMM coll.             AFE             GMM       GMM coll.   
------------------------------------------------------------------------------------------------------------
L.dlnGDP          0.03784         0.00771         0.03057         0.14836**       0.08074         0.09986   
                (0.07573)       (0.07863)       (0.06957)       (0.07319)       (0.07413)       (0.06707)   
T                 0.00798*        0.03952**       0.02121***      0.01061**       0.04820***      0.02281***
                (0.00410)       (0.01550)       (0.00454)       (0.00514)       (0.01427)       (0.00474)   
T^2              -0.00029**      -0.00120***     -0.00088***     -0.00034**      -0.00133***     -0.00087***
                (0.00013)       (0.00040)       (0.00021)       (0.00015)       (0.00038)       (0.00021)   
P                 0.04666         0.45937**       0.04959         0.08193         0.41608**       0.06571   
                (0.05767)       (0.21973)       (0.04999)       (0.06532)       (0.20202)       (0.05118)   
P^2              -0.02375        -0.24588**      -0.03148        -0.03727        -0.21995**      -0.03621   
                (0.02861)       (0.10778)       (0.02957)       (0.02923)       (0.10669)       (0.02841)   
T x P            -0.00822        -0.04869**      -0.01144**      -0.01078        -0.04524**      -0.01235** 
                (0.00574)       (0.01977)       (0.00513)       (0.00679)       (0.01848)       (0.00533)   
T^2 x P           0.00027*        0.00126***      0.00046***      0.00031*        0.00118***      0.00046***
                (0.00016)       (0.00046)       (0.00016)       (0.00018)       (0.00044)       (0.00016)   
T x P^2           0.00298         0.02412**       0.00417         0.00413         0.02218**       0.00463*  
                (0.00250)       (0.00939)       (0.00254)       (0.00268)       (0.00956)       (0.00249)   
T^2 x P^2        -0.00009        -0.00058***     -0.00013**      -0.00011*       -0.00054**      -0.00014** 
                (0.00006)       (0.00021)       (0.00006)       (0.00006)       (0.00022)       (0.00006)   
------------------------------------------------------------------------------------------------------------
Observations        6,334           6,212           6,212           7,836           7,666           7,666   
Countries                             122             122                             170             170   
AR(1) p                             0.077           0.000                           0.196           0.000   
AR(2) p                             0.077           0.635                           0.195           0.847   
Hansen p                            1.000           1.000                           1.000           1.000   
Instruments                         1,660             362                           1,660             458   
------------------------------------------------------------------------------------------------------------
Standard errors in parentheses
* p<0.10, ** p<0.05, *** p<0.01

. 
. esttab `MODELS' using "Revision_2026Aug/output/dynamic_lagged_y.txt", ///
>     `TABOPT' fixed replace
(output written to Revision_2026Aug/output/dynamic_lagged_y.txt)

. 
. esttab `MODELS' using "Revision_2026Aug/output/dynamic_lagged_y.csv", ///
>     `TABOPT' csv replace
(output written to Revision_2026Aug/output/dynamic_lagged_y.csv)

. 
. esttab `MODELS' using "Revision_2026Aug/output/dynamic_lagged_y.tex", ///
>     keep(`KEEP') order(`KEEP') b(%9.5f) se(%9.5f) ///
>     star(* 0.10 ** 0.05 *** 0.01) ///
>     mgroups("Stationary sample" "Full sample", pattern(1 0 0 1 0 0) ///
>         prefix(\multicolumn{@span}{c}{) suffix(}) span erepeat(\cmidrule(lr){@span})) ///
>     mtitles("AFE" "GMM" "GMM coll." "AFE" "GMM" "GMM coll.") ///
>     stats(N N_g ar1p ar2p hansenp j, ///
>           labels("Observations" "Countries" "AR(1) $p$" "AR(2) $p$" "Hansen $p$" "Instruments") ///
>           fmt(%9.0fc %9.0fc %9.3f %9.3f %9.3f %9.0fc)) ///
>     varlabels(L.logd_gdp "$\Delta\ln GDP_{t-1}$" ///
>         tmp "$T$" tmp2 "$T^2$" pre "$P$" pre2 "$P^2$" ///
>         tmp_pre "$T \times P$" tmp2_pre "$T^2 \times P$" ///
>         tmp_pre2 "$T \times P^2$" tmp2_pre2 "$T^2 \times P^2$") ///
>     nonumbers booktabs replace
(output written to Revision_2026Aug/output/dynamic_lagged_y.tex)

. 
. di _n(2) "===== p-values ====="


===== p-values =====

. estimates table `MODELS', keep(`KEEP') b(%10.6f) p(%8.4f)

--------------------------------------------------------------------------------------------
    Variable |  AFE_stat     GMM_stat    GMMc_stat     AFE_full     GMM_full    GMMc_full   
-------------+------------------------------------------------------------------------------
    logd_gdp |
         L1. |   0.037837     0.007706     0.030573     0.148363     0.080742     0.099861  
             |     0.6182       0.9219       0.6603       0.0442       0.2761       0.1365  
             |
         tmp |   0.007977     0.039515     0.021210     0.010605     0.048199     0.022809  
             |     0.0540       0.0108       0.0000       0.0407       0.0007       0.0000  
        tmp2 |  -0.000293    -0.001204    -0.000881    -0.000343    -0.001330    -0.000866  
             |     0.0281       0.0028       0.0000       0.0228       0.0005       0.0000  
         pre |   0.046660     0.459374     0.049594     0.081925     0.416081     0.065708  
             |     0.4201       0.0366       0.3212       0.2115       0.0394       0.1992  
        pre2 |  -0.023752    -0.245883    -0.031484    -0.037268    -0.219951    -0.036210  
             |     0.4081       0.0225       0.2870       0.2041       0.0392       0.2025  
     tmp_pre |  -0.008219    -0.048695    -0.011440    -0.010779    -0.045236    -0.012353  
             |     0.1549       0.0138       0.0257       0.1145       0.0144       0.0204  
    tmp2_pre |   0.000270     0.001256     0.000460     0.000308     0.001179     0.000458  
             |     0.0964       0.0069       0.0040       0.0914       0.0071       0.0043  
    tmp_pre2 |   0.002984     0.024123     0.004173     0.004126     0.022181     0.004635  
             |     0.2342       0.0102       0.1007       0.1257       0.0204       0.0629  
   tmp2_pre2 |  -0.000085    -0.000583    -0.000133    -0.000107    -0.000542    -0.000141  
             |     0.1425       0.0055       0.0250       0.0891       0.0120       0.0158  
--------------------------------------------------------------------------------------------
                                                                                 Legend: b/p

. 
. di _n(2) "===== Written to Revision_2026Aug/output/dynamic_lagged_y.{txt,csv,tex} ====="


===== Written to Revision_2026Aug/output/dynamic_lagged_y.{txt,csv,tex} =====

. exit, clear STATA
